# Blender v2.79 (sub 0) OBJ File: ''
# www.blender.org
mtllib right hand 4.mtl
o n0b0_n0b0.003
v 2.548828 -0.831641 -1.700391
v 2.548828 -0.831641 -1.700391
v 2.548828 -0.831641 -1.700391
v 2.548828 -0.831641 -1.700391
v 2.548828 -0.831641 -1.700391
v 2.548828 -0.831641 -1.700391
v 2.548828 -0.831641 -1.700391
v 5.292969 2.124609 0.684375
v 5.292969 2.124609 0.684375
v 5.292969 2.124609 0.684375
v 5.292969 2.124609 0.684375
v 5.292969 2.124609 0.684375
v 5.292969 2.124609 0.684375
v 2.383203 -0.320312 -2.044922
v 2.383203 -0.320312 -2.044922
v 2.383203 -0.320312 -2.044922
v 2.383203 -0.320312 -2.044922
v 2.383203 -0.320312 -2.044922
v 2.383203 -0.320312 -2.044922
v 2.383203 -0.320312 -2.044922
v 2.383203 -0.320312 -2.044922
v 5.709375 2.732031 1.458203
v 5.709375 2.732031 1.458203
v 5.709375 2.732031 1.458203
v 5.709375 2.732031 1.458203
v 1.812891 0.176172 -2.371094
v 1.812891 0.176172 -2.371094
v 1.812891 0.176172 -2.371094
v 1.812891 0.176172 -2.371094
v 1.812891 0.176172 -2.371094
v 1.812891 0.176172 -2.371094
v 5.751563 2.673828 0.925000
v 5.751563 2.673828 0.925000
v 5.751563 2.673828 0.925000
v 5.751563 2.673828 0.925000
v 4.330469 -1.068750 -3.117578
v 4.330469 -1.068750 -3.117578
v 4.330469 -1.068750 -3.117578
v 4.330469 -1.068750 -3.117578
v 5.586719 2.484375 1.837109
v 5.586719 2.484375 1.837109
v 5.586719 2.484375 1.837109
v 5.586719 2.484375 1.837109
v 4.232812 -0.893359 -2.785938
v 4.232812 -0.893359 -2.785938
v 4.232812 -0.893359 -2.785938
v 4.232812 -0.893359 -2.785938
v 4.232812 -0.893359 -2.785938
v 4.858594 3.046484 1.423828
v 4.858594 3.046484 1.423828
v 4.858594 3.046484 1.423828
v 4.858594 3.046484 1.423828
v 3.730078 -0.979297 -2.335156
v 3.730078 -0.979297 -2.335156
v 3.730078 -0.979297 -2.335156
v 3.730078 -0.979297 -2.335156
v 3.730078 -0.979297 -2.335156
v 4.967969 2.958203 0.901172
v 4.967969 2.958203 0.901172
v 4.967969 2.958203 0.901172
v 4.967969 2.958203 0.901172
v 4.967969 2.958203 0.901172
v 4.360938 -1.114453 -2.449610
v 4.360938 -1.114453 -2.449610
v 4.360938 -1.114453 -2.449610
v 4.360938 -1.114453 -2.449610
v 4.768360 2.767969 1.846094
v 4.768360 2.767969 1.846094
v 4.768360 2.767969 1.846094
v 4.768360 2.767969 1.846094
v 4.768360 2.767969 1.846094
v 4.283985 -1.467969 -3.366797
v 4.283985 -1.467969 -3.366797
v 4.283985 -1.467969 -3.366797
v 4.283985 -1.467969 -3.366797
v 4.283985 -1.467969 -3.366797
v 4.644531 1.590625 0.872266
v 4.644531 1.590625 0.872266
v 4.644531 1.590625 0.872266
v 4.644531 1.590625 0.872266
v 3.325000 -0.854688 -2.376563
v 3.325000 -0.854688 -2.376563
v 3.325000 -0.854688 -2.376563
v 3.325000 -0.854688 -2.376563
v 4.560937 1.522266 1.328516
v 4.560937 1.522266 1.328516
v 4.560937 1.522266 1.328516
v 4.560937 1.522266 1.328516
v 3.516406 -0.658203 -2.827734
v 3.516406 -0.658203 -2.827734
v 3.516406 -0.658203 -2.827734
v 3.516406 -0.658203 -2.827734
v 3.516406 -0.658203 -2.827734
v 3.516406 -0.658203 -2.827734
v 4.037891 1.260547 1.223047
v 4.037891 1.260547 1.223047
v 4.037891 1.260547 1.223047
v 4.037891 1.260547 1.223047
v 3.429297 -1.207031 -3.609766
v 3.429297 -1.207031 -3.609766
v 3.429297 -1.207031 -3.609766
v 3.429297 -1.207031 -3.609766
v 3.589453 1.728125 1.573828
v 3.589453 1.728125 1.573828
v 3.589453 1.728125 1.573828
v 3.589453 1.728125 1.573828
v 3.589453 1.728125 1.573828
v 3.589453 1.728125 1.573828
v 3.589453 1.728125 1.573828
v 3.486719 -0.758984 -3.292969
v 3.486719 -0.758984 -3.292969
v 3.486719 -0.758984 -3.292969
v 3.486719 -0.758984 -3.292969
v 4.139844 1.351172 0.780078
v 4.139844 1.351172 0.780078
v 4.139844 1.351172 0.780078
v 4.139844 1.351172 0.780078
v 2.715625 -1.015625 -3.595703
v 2.715625 -1.015625 -3.595703
v 2.715625 -1.015625 -3.595703
v 2.715625 -1.015625 -3.595703
v 3.784766 1.942578 0.432031
v 3.784766 1.942578 0.432031
v 3.784766 1.942578 0.432031
v 3.784766 1.942578 0.432031
v 3.784766 1.942578 0.432031
v 3.784766 1.942578 0.432031
v 3.784766 1.942578 0.432031
v 3.065625 -0.653516 -3.273438
v 3.065625 -0.653516 -3.273438
v 3.065625 -0.653516 -3.273438
v 3.065625 -0.653516 -3.273438
v 3.065625 -0.653516 -3.273438
v 2.973828 2.741406 1.155078
v 2.973828 2.741406 1.155078
v 2.973828 2.741406 1.155078
v 2.973828 2.741406 1.155078
v 3.149219 -0.826563 -2.450781
v 3.149219 -0.826563 -2.450781
v 3.149219 -0.826563 -2.450781
v 3.149219 -0.826563 -2.450781
v 3.144531 2.773438 0.684766
v 3.144531 2.773438 0.684766
v 3.144531 2.773438 0.684766
v 3.144531 2.773438 0.684766
v 2.775391 -0.703906 -2.223047
v 2.775391 -0.703906 -2.223047
v 2.775391 -0.703906 -2.223047
v 2.775391 -0.703906 -2.223047
v 2.775391 -0.703906 -2.223047
v 3.648828 3.042187 1.292969
v 3.648828 3.042187 1.292969
v 3.648828 3.042187 1.292969
v 3.648828 3.042187 1.292969
v 2.616406 -0.512891 -2.447266
v 2.616406 -0.512891 -2.447266
v 2.616406 -0.512891 -2.447266
v 2.616406 -0.512891 -2.447266
v 2.616406 -0.512891 -2.447266
v 2.616406 -0.512891 -2.447266
v 3.867969 2.995312 0.803516
v 3.867969 2.995312 0.803516
v 3.867969 2.995312 0.803516
v 3.867969 2.995312 0.803516
v 3.867969 2.995312 0.803516
v 1.617188 -0.558203 -3.175781
v 1.617188 -0.558203 -3.175781
v 1.617188 -0.558203 -3.175781
v 1.617188 -0.558203 -3.175781
v 3.063672 2.534375 1.581250
v 3.063672 2.534375 1.581250
v 3.063672 2.534375 1.581250
v 3.063672 2.534375 1.581250
v 2.021875 -0.815625 -3.481250
v 2.021875 -0.815625 -3.481250
v 2.021875 -0.815625 -3.481250
v 2.021875 -0.815625 -3.481250
v 3.698047 2.789062 1.709766
v 3.698047 2.789062 1.709766
v 3.698047 2.789062 1.709766
v 3.698047 2.789062 1.709766
v 3.698047 2.789062 1.709766
v 2.183985 -0.333203 -2.992578
v 2.183985 -0.333203 -2.992578
v 2.183985 -0.333203 -2.992578
v 2.183985 -0.333203 -2.992578
v 2.611328 2.348047 1.010938
v 2.611328 2.348047 1.010938
v 2.611328 2.348047 1.010938
v 2.611328 2.348047 1.010938
v 2.526172 -0.496875 -3.180078
v 2.526172 -0.496875 -3.180078
v 2.526172 -0.496875 -3.180078
v 2.526172 -0.496875 -3.180078
v 2.526172 -0.496875 -3.180078
v 2.826172 2.391797 0.555078
v 2.826172 2.391797 0.555078
v 2.826172 2.391797 0.555078
v 2.826172 2.391797 0.555078
v 2.826172 2.391797 0.555078
v 4.619922 -1.226953 -2.819922
v 4.619922 -1.226953 -2.819922
v 4.619922 -1.226953 -2.819922
v 4.619922 -1.226953 -2.819922
v 4.619922 -1.226953 -2.819922
v 2.733984 2.109766 1.433594
v 2.733984 2.109766 1.433594
v 2.733984 2.109766 1.433594
v 2.733984 2.109766 1.433594
v 2.733984 2.109766 1.433594
v 2.104297 -1.592578 -1.467578
v 2.104297 -1.592578 -1.467578
v 2.104297 -1.592578 -1.467578
v 2.104297 -1.592578 -1.467578
v 2.104297 -1.592578 -1.467578
v 6.075391 1.215234 1.463672
v 6.075391 1.215234 1.463672
v 6.075391 1.215234 1.463672
v 6.075391 1.215234 1.463672
v 6.075391 1.215234 1.463672
v 6.075391 1.215234 1.463672
v 0.648828 -1.010156 -2.205078
v 0.648828 -1.010156 -2.205078
v 0.648828 -1.010156 -2.205078
v 0.648828 -1.010156 -2.205078
v 0.648828 -1.010156 -2.205078
v 0.648828 -1.010156 -2.205078
v 6.151953 1.291797 1.073438
v 6.151953 1.291797 1.073438
v 6.151953 1.291797 1.073438
v 6.151953 1.291797 1.073438
v 6.151953 1.291797 1.073438
v 6.151953 1.291797 1.073438
v 4.103906 -1.962891 -3.203125
v 4.103906 -1.962891 -3.203125
v 4.103906 -1.962891 -3.203125
v 4.103906 -1.962891 -3.203125
v 5.728125 1.133984 1.185938
v 5.728125 1.133984 1.185938
v 5.728125 1.133984 1.185938
v 5.728125 1.133984 1.185938
v 3.939844 -1.976172 -2.860156
v 3.939844 -1.976172 -2.860156
v 3.939844 -1.976172 -2.860156
v 3.939844 -1.976172 -2.860156
v 3.939844 -1.976172 -2.860156
v 4.638672 2.290625 0.607031
v 4.638672 2.290625 0.607031
v 4.638672 2.290625 0.607031
v 4.638672 2.290625 0.607031
v 4.638672 2.290625 0.607031
v 4.638672 2.290625 0.607031
v 3.449610 -1.766406 -2.388672
v 3.449610 -1.766406 -2.388672
v 3.449610 -1.766406 -2.388672
v 3.449610 -1.766406 -2.388672
v 3.449610 -1.766406 -2.388672
v 4.237891 2.090625 1.644922
v 4.237891 2.090625 1.644922
v 4.237891 2.090625 1.644922
v 4.237891 2.090625 1.644922
v 4.237891 2.090625 1.644922
v 4.237891 2.090625 1.644922
v 4.150000 -1.849219 -2.491797
v 4.150000 -1.849219 -2.491797
v 4.150000 -1.849219 -2.491797
v 4.150000 -1.849219 -2.491797
v 4.237500 1.678125 0.814453
v 4.237500 1.678125 0.814453
v 4.237500 1.678125 0.814453
v 4.237500 1.678125 0.814453
v 3.135547 -1.689453 -2.430859
v 3.135547 -1.689453 -2.430859
v 3.135547 -1.689453 -2.430859
v 3.135547 -1.689453 -2.430859
v 4.122656 1.585938 1.289062
v 4.122656 1.585938 1.289062
v 4.122656 1.585938 1.289062
v 4.122656 1.585938 1.289062
v 3.043750 -1.984375 -2.926953
v 3.043750 -1.984375 -2.926953
v 3.043750 -1.984375 -2.926953
v 3.043750 -1.984375 -2.926953
v 3.043750 -1.984375 -2.926953
v 3.043750 -1.984375 -2.926953
v 5.436328 0.723828 3.016797
v 5.436328 0.723828 3.016797
v 5.436328 0.723828 3.016797
v 5.436328 0.723828 3.016797
v 3.183203 -1.857422 -3.392969
v 3.183203 -1.857422 -3.392969
v 3.183203 -1.857422 -3.392969
v 3.183203 -1.857422 -3.392969
v 5.247656 1.168750 3.129688
v 5.247656 1.168750 3.129688
v 5.247656 1.168750 3.129688
v 5.247656 1.168750 3.129688
v 5.247656 1.168750 3.129688
v 2.516406 -1.737109 -3.291406
v 2.516406 -1.737109 -3.291406
v 2.516406 -1.737109 -3.291406
v 2.516406 -1.737109 -3.291406
v 2.516406 -1.737109 -3.291406
v 4.862891 0.530078 2.989844
v 4.862891 0.530078 2.989844
v 4.862891 0.530078 2.989844
v 4.862891 0.530078 2.989844
v 4.862891 0.530078 2.989844
v 2.680469 -1.534375 -2.398438
v 2.680469 -1.534375 -2.398438
v 2.680469 -1.534375 -2.398438
v 2.680469 -1.534375 -2.398438
v 4.814063 0.382031 2.663281
v 4.814063 0.382031 2.663281
v 4.814063 0.382031 2.663281
v 4.814063 0.382031 2.663281
v 4.814063 0.382031 2.663281
v 2.344141 -1.717969 -2.095313
v 2.344141 -1.717969 -2.095313
v 2.344141 -1.717969 -2.095313
v 2.344141 -1.717969 -2.095313
v 2.344141 -1.717969 -2.095313
v 5.337500 0.678906 2.189063
v 5.337500 0.678906 2.189063
v 5.337500 0.678906 2.189063
v 5.337500 0.678906 2.189063
v 5.337500 0.678906 2.189063
v 1.626953 -1.681641 -2.530078
v 1.626953 -1.681641 -2.530078
v 1.626953 -1.681641 -2.530078
v 1.626953 -1.681641 -2.530078
v 1.626953 -1.681641 -2.530078
v 1.626953 -1.681641 -2.530078
v 1.626953 -1.681641 -2.530078
v 5.007031 0.440625 2.337891
v 5.007031 0.440625 2.337891
v 5.007031 0.440625 2.337891
v 5.007031 0.440625 2.337891
v 5.007031 0.440625 2.337891
v 1.310156 -1.373828 -2.946875
v 1.310156 -1.373828 -2.946875
v 1.310156 -1.373828 -2.946875
v 1.310156 -1.373828 -2.946875
v 5.726172 0.811719 2.528516
v 5.726172 0.811719 2.528516
v 5.726172 0.811719 2.528516
v 5.726172 0.811719 2.528516
v 1.748047 -1.517969 -3.198437
v 1.748047 -1.517969 -3.198437
v 1.748047 -1.517969 -3.198437
v 1.748047 -1.517969 -3.198437
v 1.748047 -1.517969 -3.198437
v 5.578907 1.275391 2.539062
v 5.578907 1.275391 2.539062
v 5.578907 1.275391 2.539062
v 5.578907 1.275391 2.539062
v 5.578907 1.275391 2.539062
v 4.456641 -1.871094 -2.881641
v 4.456641 -1.871094 -2.881641
v 4.456641 -1.871094 -2.881641
v 4.456641 -1.871094 -2.881641
v 4.456641 -1.871094 -2.881641
v 5.576953 1.255078 2.864453
v 5.576953 1.255078 2.864453
v 5.576953 1.255078 2.864453
v 5.576953 1.255078 2.864453
v 1.078906 -0.003125 -2.306250
v 1.078906 -0.003125 -2.306250
v 1.078906 -0.003125 -2.306250
v 1.078906 -0.003125 -2.306250
v 5.765625 0.812891 2.837891
v 5.765625 0.812891 2.837891
v 5.765625 0.812891 2.837891
v 5.765625 0.812891 2.837891
v 5.765625 0.812891 2.837891
v 1.992578 -0.047266 -2.655078
v 1.992578 -0.047266 -2.655078
v 1.992578 -0.047266 -2.655078
v 1.992578 -0.047266 -2.655078
v 1.992578 -0.047266 -2.655078
v 4.439453 0.607813 2.578516
v 4.439453 0.607813 2.578516
v 4.439453 0.607813 2.578516
v 4.439453 0.607813 2.578516
v 1.313672 -0.237891 -2.713281
v 1.313672 -0.237891 -2.713281
v 1.313672 -0.237891 -2.713281
v 1.313672 -0.237891 -2.713281
v 4.569141 1.037500 2.982813
v 4.569141 1.037500 2.982813
v 4.569141 1.037500 2.982813
v 4.569141 1.037500 2.982813
v 4.569141 1.037500 2.982813
v 4.569141 1.037500 2.982813
v 0.871875 -1.188281 -2.550781
v 0.871875 -1.188281 -2.550781
v 0.871875 -1.188281 -2.550781
v 0.871875 -1.188281 -2.550781
v 4.632422 0.666406 2.253125
v 4.632422 0.666406 2.253125
v 4.632422 0.666406 2.253125
v 4.632422 0.666406 2.253125
v 3.088281 -0.532422 -2.807422
v 3.088281 -0.532422 -2.807422
v 3.088281 -0.532422 -2.807422
v 3.088281 -0.532422 -2.807422
v 3.088281 -0.532422 -2.807422
v 5.039844 1.259766 2.187500
v 5.039844 1.259766 2.187500
v 5.039844 1.259766 2.187500
v 5.039844 1.259766 2.187500
v 5.039844 1.259766 2.187500
v 5.039844 1.259766 2.187500
v 2.375000 -1.887109 -2.884375
v 2.375000 -1.887109 -2.884375
v 2.375000 -1.887109 -2.884375
v 2.375000 -1.887109 -2.884375
v 2.375000 -1.887109 -2.884375
v 5.252344 1.649609 2.820703
v 5.252344 1.649609 2.820703
v 5.252344 1.649609 2.820703
v 5.252344 1.649609 2.820703
v 1.017578 -1.591797 -1.803516
v 1.017578 -1.591797 -1.803516
v 1.017578 -1.591797 -1.803516
v 1.017578 -1.591797 -1.803516
v 1.017578 -1.591797 -1.803516
v 1.017578 -1.591797 -1.803516
v 5.332422 1.617188 2.463281
v 5.332422 1.617188 2.463281
v 5.332422 1.617188 2.463281
v 5.332422 1.617188 2.463281
v 0.093750 1.144922 0.935547
v 0.093750 1.144922 0.935547
v 0.093750 1.144922 0.935547
v 0.093750 1.144922 0.935547
v 0.093750 1.144922 0.935547
v 4.942578 1.422266 3.117578
v 4.942578 1.422266 3.117578
v 4.942578 1.422266 3.117578
v 4.942578 1.422266 3.117578
v 0.885938 1.220703 -1.135938
v 0.885938 1.220703 -1.135938
v 0.885938 1.220703 -1.135938
v 0.885938 1.220703 -1.135938
v 0.885938 1.220703 -1.135938
v 0.885938 1.220703 -1.135938
v 4.694531 1.990625 2.759766
v 4.694531 1.990625 2.759766
v 4.694531 1.990625 2.759766
v 4.694531 1.990625 2.759766
v 0.885156 1.487891 -0.346484
v 0.885156 1.487891 -0.346484
v 0.885156 1.487891 -0.346484
v 0.885156 1.487891 -0.346484
v 0.885156 1.487891 -0.346484
v 4.807813 1.905469 2.334375
v 4.807813 1.905469 2.334375
v 4.807813 1.905469 2.334375
v 4.807813 1.905469 2.334375
v 4.807813 1.905469 2.334375
v 0.064844 1.147266 -0.733203
v 0.064844 1.147266 -0.733203
v 0.064844 1.147266 -0.733203
v 0.064844 1.147266 -0.733203
v 0.064844 1.147266 -0.733203
v 0.064844 1.147266 -0.733203
v 4.420312 1.744922 3.018750
v 4.420312 1.744922 3.018750
v 4.420312 1.744922 3.018750
v 4.420312 1.744922 3.018750
v 4.420312 1.744922 3.018750
v 0.866016 1.378516 1.241797
v 0.866016 1.378516 1.241797
v 0.866016 1.378516 1.241797
v 0.866016 1.378516 1.241797
v 0.866016 1.378516 1.241797
v 0.866016 1.378516 1.241797
v 4.400781 0.939844 2.213281
v 4.400781 0.939844 2.213281
v 4.400781 0.939844 2.213281
v 4.400781 0.939844 2.213281
v 0.883984 1.487891 0.593359
v 0.883984 1.487891 0.593359
v 0.883984 1.487891 0.593359
v 0.883984 1.487891 0.593359
v 0.883984 1.487891 0.593359
v 4.219922 0.873438 2.541016
v 4.219922 0.873438 2.541016
v 4.219922 0.873438 2.541016
v 4.219922 0.873438 2.541016
v 1.555469 1.600391 1.471484
v 1.555469 1.600391 1.471484
v 1.555469 1.600391 1.471484
v 1.555469 1.600391 1.471484
v 1.555469 1.600391 1.471484
v 3.579688 0.817187 2.339844
v 3.579688 0.817187 2.339844
v 3.579688 0.817187 2.339844
v 3.579688 0.817187 2.339844
v 1.665625 1.742188 0.991016
v 1.665625 1.742188 0.991016
v 1.665625 1.742188 0.991016
v 1.665625 1.742188 0.991016
v 1.665625 1.742188 0.991016
v 3.290234 1.117578 2.646484
v 3.290234 1.117578 2.646484
v 3.290234 1.117578 2.646484
v 3.290234 1.117578 2.646484
v 3.290234 1.117578 2.646484
v 3.290234 1.117578 2.646484
v 3.290234 1.117578 2.646484
v 1.682031 1.591016 -1.160547
v 1.682031 1.591016 -1.160547
v 1.682031 1.591016 -1.160547
v 1.682031 1.591016 -1.160547
v 1.682031 1.591016 -1.160547
v 3.779688 0.928125 1.963672
v 3.779688 0.928125 1.963672
v 3.779688 0.928125 1.963672
v 3.779688 0.928125 1.963672
v 1.715234 1.713281 -0.582031
v 1.715234 1.713281 -0.582031
v 1.715234 1.713281 -0.582031
v 1.715234 1.713281 -0.582031
v 1.715234 1.713281 -0.582031
v 3.813281 1.297266 1.782812
v 3.813281 1.297266 1.782812
v 3.813281 1.297266 1.782812
v 3.813281 1.297266 1.782812
v 3.813281 1.297266 1.782812
v 3.813281 1.297266 1.782812
v 3.813281 1.297266 1.782812
v 1.556641 1.204297 1.992969
v 1.556641 1.204297 1.992969
v 1.556641 1.204297 1.992969
v 1.556641 1.204297 1.992969
v 1.556641 1.204297 1.992969
v 1.556641 1.204297 1.992969
v 3.383984 2.060938 2.386719
v 3.383984 2.060938 2.386719
v 3.383984 2.060938 2.386719
v 3.383984 2.060938 2.386719
v 0.785547 0.615625 1.919531
v 0.785547 0.615625 1.919531
v 0.785547 0.615625 1.919531
v 0.785547 0.615625 1.919531
v 0.785547 0.615625 1.919531
v 0.785547 0.615625 1.919531
v 3.659375 2.036719 1.978906
v 3.659375 2.036719 1.978906
v 3.659375 2.036719 1.978906
v 3.659375 2.036719 1.978906
v 1.773438 1.264453 -1.720312
v 1.773438 1.264453 -1.720312
v 1.773438 1.264453 -1.720312
v 1.773438 1.264453 -1.720312
v 1.773438 1.264453 -1.720312
v 1.773438 1.264453 -1.720312
v 4.003125 2.092969 2.580078
v 4.003125 2.092969 2.580078
v 4.003125 2.092969 2.580078
v 4.003125 2.092969 2.580078
v 2.100781 1.503906 -1.800391
v 2.100781 1.503906 -1.800391
v 2.100781 1.503906 -1.800391
v 2.100781 1.503906 -1.800391
v 2.100781 1.503906 -1.800391
v 4.286719 1.994531 2.180078
v 4.286719 1.994531 2.180078
v 4.286719 1.994531 2.180078
v 4.286719 1.994531 2.180078
v 4.286719 1.994531 2.180078
v 2.102734 1.745703 -1.308203
v 2.102734 1.745703 -1.308203
v 2.102734 1.745703 -1.308203
v 2.102734 1.745703 -1.308203
v 2.102734 1.745703 -1.308203
v 3.210156 1.809375 2.743750
v 3.210156 1.809375 2.743750
v 3.210156 1.809375 2.743750
v 3.210156 1.809375 2.743750
v 2.211328 0.681641 2.326172
v 2.211328 0.681641 2.326172
v 2.211328 0.681641 2.326172
v 2.211328 0.681641 2.326172
v 2.211328 0.681641 2.326172
v 2.211328 0.681641 2.326172
v 3.831641 1.801563 2.893359
v 3.831641 1.801563 2.893359
v 3.831641 1.801563 2.893359
v 3.831641 1.801563 2.893359
v 3.831641 1.801563 2.893359
v 2.041016 1.435156 2.133203
v 2.041016 1.435156 2.133203
v 2.041016 1.435156 2.133203
v 2.041016 1.435156 2.133203
v 2.041016 1.435156 2.133203
v 2.924609 1.847266 2.207813
v 2.924609 1.847266 2.207813
v 2.924609 1.847266 2.207813
v 2.924609 1.847266 2.207813
v 2.348438 1.246094 2.353125
v 2.348438 1.246094 2.353125
v 2.348438 1.246094 2.353125
v 2.348438 1.246094 2.353125
v 2.348438 1.246094 2.353125
v 3.145313 1.812891 1.806250
v 3.145313 1.812891 1.806250
v 3.145313 1.812891 1.806250
v 3.145313 1.812891 1.806250
v 3.145313 1.812891 1.806250
v 2.500391 1.621094 1.981641
v 2.500391 1.621094 1.981641
v 2.500391 1.621094 1.981641
v 2.500391 1.621094 1.981641
v 2.500391 1.621094 1.981641
v 2.787500 1.586719 2.547656
v 2.787500 1.586719 2.547656
v 2.787500 1.586719 2.547656
v 2.787500 1.586719 2.547656
v 2.787500 1.586719 2.547656
v 1.435547 -0.538672 2.153516
v 1.435547 -0.538672 2.153516
v 1.435547 -0.538672 2.153516
v 1.435547 -0.538672 2.153516
v 1.435547 -0.538672 2.153516
v 5.537500 0.399609 2.888672
v 5.537500 0.399609 2.888672
v 5.537500 0.399609 2.888672
v 5.537500 0.399609 2.888672
v 5.537500 0.399609 2.888672
v 5.537500 0.399609 2.888672
v 2.242969 -0.739062 1.978516
v 2.242969 -0.739062 1.978516
v 2.242969 -0.739062 1.978516
v 2.242969 -0.739062 1.978516
v 5.727735 0.454688 2.578906
v 5.727735 0.454688 2.578906
v 5.727735 0.454688 2.578906
v 5.727735 0.454688 2.578906
v 5.727735 0.454688 2.578906
v 5.727735 0.454688 2.578906
v 2.194531 -0.122656 2.166406
v 2.194531 -0.122656 2.166406
v 2.194531 -0.122656 2.166406
v 2.194531 -0.122656 2.166406
v 2.194531 -0.122656 2.166406
v 2.194531 -0.122656 2.166406
v 5.299610 0.283594 2.595703
v 5.299610 0.283594 2.595703
v 5.299610 0.283594 2.595703
v 5.299610 0.283594 2.595703
v 2.725391 -0.547266 1.890234
v 2.725391 -0.547266 1.890234
v 2.725391 -0.547266 1.890234
v 2.725391 -0.547266 1.890234
v 2.725391 -0.547266 1.890234
v 4.593359 1.398438 2.064453
v 4.593359 1.398438 2.064453
v 4.593359 1.398438 2.064453
v 4.593359 1.398438 2.064453
v 4.593359 1.398438 2.064453
v 4.593359 1.398438 2.064453
v 2.517969 0.104297 2.280078
v 2.517969 0.104297 2.280078
v 2.517969 0.104297 2.280078
v 2.517969 0.104297 2.280078
v 4.136328 1.208594 2.874219
v 4.136328 1.208594 2.874219
v 4.136328 1.208594 2.874219
v 4.136328 1.208594 2.874219
v 4.136328 1.208594 2.874219
v 4.136328 1.208594 2.874219
v 2.804297 0.341016 2.370703
v 2.804297 0.341016 2.370703
v 2.804297 0.341016 2.370703
v 2.804297 0.341016 2.370703
v 4.107812 0.828906 2.096875
v 4.107812 0.828906 2.096875
v 4.107812 0.828906 2.096875
v 4.107812 0.828906 2.096875
v 3.091016 -0.057031 2.028125
v 3.091016 -0.057031 2.028125
v 3.091016 -0.057031 2.028125
v 3.091016 -0.057031 2.028125
v 3.939453 0.755078 2.438281
v 3.939453 0.755078 2.438281
v 3.939453 0.755078 2.438281
v 3.939453 0.755078 2.438281
v 3.330078 0.407813 2.155859
v 3.330078 0.407813 2.155859
v 3.330078 0.407813 2.155859
v 3.330078 0.407813 2.155859
v 3.330078 0.407813 2.155859
v 3.330078 0.407813 2.155859
v 3.607422 0.667188 -1.757812
v 3.607422 0.667188 -1.757812
v 3.607422 0.667188 -1.757812
v 3.607422 0.667188 -1.757812
v 3.607422 0.667188 -1.757812
v 3.607422 0.667188 -1.757812
v 3.262891 0.290234 -1.912109
v 3.262891 0.290234 -1.912109
v 3.262891 0.290234 -1.912109
v 3.262891 0.290234 -1.912109
v 3.262891 0.290234 -1.912109
v 3.262891 0.290234 -1.912109
v 2.869141 0.529297 -2.074219
v 2.869141 0.529297 -2.074219
v 2.869141 0.529297 -2.074219
v 2.869141 0.529297 -2.074219
v 2.548438 0.286328 -2.058203
v 2.548438 0.286328 -2.058203
v 2.548438 0.286328 -2.058203
v 2.548438 0.286328 -2.058203
v 2.548438 0.286328 -2.058203
v 2.548438 0.286328 -2.058203
v 2.548438 0.286328 -2.058203
v 2.763672 -0.171875 -1.900000
v 2.763672 -0.171875 -1.900000
v 2.763672 -0.171875 -1.900000
v 2.763672 -0.171875 -1.900000
v 2.763672 -0.171875 -1.900000
v 2.977734 -0.687500 1.267578
v 2.977734 -0.687500 1.267578
v 2.977734 -0.687500 1.267578
v 2.977734 -0.687500 1.267578
v 2.977734 -0.687500 1.267578
v 3.389453 -0.035937 1.416797
v 3.389453 -0.035937 1.416797
v 3.389453 -0.035937 1.416797
v 3.389453 -0.035937 1.416797
v 3.389453 -0.035937 1.416797
v 3.389453 -0.035937 1.416797
v 3.389453 -0.035937 1.416797
v 2.387500 1.085938 -2.060547
v 2.387500 1.085938 -2.060547
v 2.387500 1.085938 -2.060547
v 2.387500 1.085938 -2.060547
v 2.387500 1.085938 -2.060547
v 2.387500 1.085938 -2.060547
v 3.666406 0.397266 0.165234
v 3.666406 0.397266 0.165234
v 3.666406 0.397266 0.165234
v 3.666406 0.397266 0.165234
v 3.666406 0.397266 0.165234
v 2.817578 1.730469 0.221875
v 2.817578 1.730469 0.221875
v 2.817578 1.730469 0.221875
v 2.817578 1.730469 0.221875
v 2.487109 2.133594 0.460156
v 2.487109 2.133594 0.460156
v 2.487109 2.133594 0.460156
v 2.487109 2.133594 0.460156
v 2.487109 2.133594 0.460156
v 2.487109 2.133594 0.460156
v 2.511328 1.317969 -2.030078
v 2.511328 1.317969 -2.030078
v 2.511328 1.317969 -2.030078
v 2.511328 1.317969 -2.030078
v 2.511328 1.317969 -2.030078
v 2.995312 -0.413672 -0.058203
v 2.995312 -0.413672 -0.058203
v 2.995312 -0.413672 -0.058203
v 2.995312 -0.413672 -0.058203
v 2.995312 -0.413672 -0.058203
v 2.813672 -0.312891 -1.433203
v 2.813672 -0.312891 -1.433203
v 2.813672 -0.312891 -1.433203
v 2.813672 -0.312891 -1.433203
v 2.813672 -0.312891 -1.433203
v 2.813672 -0.312891 -1.433203
v 3.448437 0.208984 -1.428906
v 3.448437 0.208984 -1.428906
v 3.448437 0.208984 -1.428906
v 3.448437 0.208984 -1.428906
v 3.448437 0.208984 -1.428906
v 3.448437 0.208984 -1.428906
v 2.245312 1.646875 1.733594
v 2.245312 1.646875 1.733594
v 2.245312 1.646875 1.733594
v 2.245312 1.646875 1.733594
v 2.245312 1.646875 1.733594
v 2.426563 -1.030859 1.206641
v 2.426563 -1.030859 1.206641
v 2.426563 -1.030859 1.206641
v 2.426563 -1.030859 1.206641
v 2.426563 -1.030859 1.206641
v 2.379688 -0.918750 -0.016797
v 2.379688 -0.918750 -0.016797
v 2.379688 -0.918750 -0.016797
v 2.379688 -0.918750 -0.016797
v 2.379688 -0.918750 -0.016797
v 1.460547 -1.150000 1.378516
v 1.460547 -1.150000 1.378516
v 1.460547 -1.150000 1.378516
v 1.460547 -1.150000 1.378516
v 1.430469 -1.230469 0.141406
v 1.430469 -1.230469 0.141406
v 1.430469 -1.230469 0.141406
v 1.430469 -1.230469 0.141406
v 1.430469 -1.230469 0.141406
v 1.430469 -1.230469 0.141406
v 2.274609 -1.281641 -0.656250
v 2.274609 -1.281641 -0.656250
v 2.274609 -1.281641 -0.656250
v 2.274609 -1.281641 -0.656250
v 2.274609 -1.281641 -0.656250
v 2.274609 -1.281641 -0.656250
v 0.724609 -1.110937 1.204687
v 0.724609 -1.110937 1.204687
v 0.724609 -1.110937 1.204687
v 0.724609 -1.110937 1.204687
v 0.723437 -0.499219 1.919531
v 0.723437 -0.499219 1.919531
v 0.723437 -0.499219 1.919531
v 0.723437 -0.499219 1.919531
v 0.725781 -1.058203 0.141016
v 0.725781 -1.058203 0.141016
v 0.725781 -1.058203 0.141016
v 0.725781 -1.058203 0.141016
v 0.725781 -1.058203 0.141016
v 0.686328 0.708984 -1.694922
v 0.686328 0.708984 -1.694922
v 0.686328 0.708984 -1.694922
v 0.686328 0.708984 -1.694922
v 0.686328 0.708984 -1.694922
v 0.686328 0.708984 -1.694922
v 0.686328 0.708984 -1.694922
v 0.686328 0.708984 -1.694922
v 0.128516 0.585156 1.585156
v 0.128516 0.585156 1.585156
v 0.128516 0.585156 1.585156
v 0.128516 0.585156 1.585156
v 0.128516 0.585156 1.585156
v 0.128516 0.585156 1.585156
v 0.067578 -0.912109 1.077734
v 0.067578 -0.912109 1.077734
v 0.067578 -0.912109 1.077734
v 0.067578 -0.912109 1.077734
v 0.066797 -0.232031 1.585156
v 0.066797 -0.232031 1.585156
v 0.066797 -0.232031 1.585156
v 0.066797 -0.232031 1.585156
v 0.066797 -0.232031 1.585156
v 0.038672 -1.028906 0.140234
v 0.038672 -1.028906 0.140234
v 0.038672 -1.028906 0.140234
v 0.038672 -1.028906 0.140234
v 0.038672 -1.028906 0.140234
v 0.038672 -1.028906 0.140234
v 0.040234 -0.912109 -0.956641
v 0.040234 -0.912109 -0.956641
v 0.040234 -0.912109 -0.956641
v 0.040234 -0.912109 -0.956641
v 0.040234 -0.912109 -0.956641
v -0.063672 -0.155469 -1.265234
v -0.063672 -0.155469 -1.265234
v -0.063672 -0.155469 -1.265234
v -0.063672 -0.155469 -1.265234
v -0.063672 -0.155469 -1.265234
v -0.063672 -0.155469 -1.265234
v 0.042188 0.684375 -1.297266
v 0.042188 0.684375 -1.297266
v 0.042188 0.684375 -1.297266
v 0.042188 0.684375 -1.297266
v 0.042188 0.684375 -1.297266
v 0.042188 0.684375 -1.297266
v -0.339453 0.779688 0.566797
v -0.339453 0.779688 0.566797
v -0.339453 0.779688 0.566797
v -0.339453 0.779688 0.566797
v -0.339453 0.779688 0.566797
v -0.339453 0.779688 0.566797
v -0.300000 0.178516 1.107422
v -0.300000 0.178516 1.107422
v -0.300000 0.178516 1.107422
v -0.300000 0.178516 1.107422
v -0.300000 0.178516 1.107422
v -0.330859 -0.508984 -0.431641
v -0.330859 -0.508984 -0.431641
v -0.330859 -0.508984 -0.431641
v -0.330859 -0.508984 -0.431641
v -0.330859 -0.508984 -0.431641
v -0.330859 -0.508984 -0.431641
v -0.337109 0.779688 -0.431641
v -0.337109 0.779688 -0.431641
v -0.337109 0.779688 -0.431641
v -0.337109 0.779688 -0.431641
v -0.337109 0.779688 -0.431641
v 1.692188 1.805469 0.417188
v 1.692188 1.805469 0.417188
v 1.692188 1.805469 0.417188
v 1.692188 1.805469 0.417188
v 1.692188 1.805469 0.417188
v 2.048047 1.962109 1.099609
v 2.048047 1.962109 1.099609
v 2.048047 1.962109 1.099609
v 2.048047 1.962109 1.099609
v 2.048047 1.962109 1.099609
v 2.122656 2.085938 0.587500
v 2.122656 2.085938 0.587500
v 2.122656 2.085938 0.587500
v 2.122656 2.085938 0.587500
v 2.122656 2.085938 0.587500
v 2.084766 1.960938 -0.692578
v 2.084766 1.960938 -0.692578
v 2.084766 1.960938 -0.692578
v 2.084766 1.960938 -0.692578
v 2.084766 1.960938 -0.692578
v 1.692969 1.805469 -0.169141
v 1.692969 1.805469 -0.169141
v 1.692969 1.805469 -0.169141
v 1.692969 1.805469 -0.169141
v 1.692969 1.805469 -0.169141
v 2.131641 2.039844 -0.137500
v 2.131641 2.039844 -0.137500
v 2.131641 2.039844 -0.137500
v 2.131641 2.039844 -0.137500
v 2.131641 2.039844 -0.137500
v 3.391797 1.175391 -1.049219
v 3.391797 1.175391 -1.049219
v 3.391797 1.175391 -1.049219
v 3.391797 1.175391 -1.049219
v 3.391797 1.175391 -1.049219
v 3.391797 1.175391 -1.049219
v 3.391797 1.175391 -1.049219
v 3.391797 1.175391 -1.049219
v 3.391797 1.175391 -1.049219
v 3.391797 1.175391 -1.049219
v 2.703125 1.807813 -1.238281
v 2.703125 1.807813 -1.238281
v 2.703125 1.807813 -1.238281
v 2.703125 1.807813 -1.238281
v 2.703125 1.807813 -1.238281
v 2.703125 1.807813 -1.238281
v 3.145313 0.856250 -2.152344
v 3.145313 0.856250 -2.152344
v 3.145313 0.856250 -2.152344
v 3.145313 0.856250 -2.152344
v 3.145313 0.856250 -2.152344
v 3.808594 0.809375 -1.288281
v 3.808594 0.809375 -1.288281
v 3.808594 0.809375 -1.288281
v 3.808594 0.809375 -1.288281
v 3.808594 0.809375 -1.288281
v 3.808594 0.809375 -1.288281
v 2.951172 0.775781 2.426563
v 2.951172 0.775781 2.426563
v 2.951172 0.775781 2.426563
v 2.951172 0.775781 2.426563
v 2.951172 0.775781 2.426563
v 3.539453 0.463672 1.716016
v 3.539453 0.463672 1.716016
v 3.539453 0.463672 1.716016
v 3.539453 0.463672 1.716016
v 3.539453 0.463672 1.716016
v 3.539453 0.463672 1.716016
v 3.262110 1.137109 1.466016
v 3.262110 1.137109 1.466016
v 3.262110 1.137109 1.466016
v 3.262110 1.137109 1.466016
v 3.262110 1.137109 1.466016
v 3.262110 1.137109 1.466016
v 3.262110 1.137109 1.466016
v 3.262110 1.137109 1.466016
v 3.262110 1.137109 1.466016
v 3.262110 1.137109 1.466016
v 2.671094 1.527734 1.619922
v 2.671094 1.527734 1.619922
v 2.671094 1.527734 1.619922
v 2.671094 1.527734 1.619922
v 2.671094 1.527734 1.619922
v 2.671094 1.527734 1.619922
v 2.423828 1.814453 1.348047
v 2.423828 1.814453 1.348047
v 2.423828 1.814453 1.348047
v 2.423828 1.814453 1.348047
v 2.423828 1.814453 1.348047
v 2.423828 1.814453 1.348047
v 3.807422 0.785156 0.590234
v 3.807422 0.785156 0.590234
v 3.807422 0.785156 0.590234
v 3.807422 0.785156 0.590234
v 3.807422 0.785156 0.590234
v 3.807422 0.785156 0.590234
v 3.311719 1.497656 0.229687
v 3.311719 1.497656 0.229687
v 3.311719 1.497656 0.229687
v 3.311719 1.497656 0.229687
v 3.311719 1.497656 0.229687
v 3.311719 1.497656 0.229687
v 3.311719 1.497656 0.229687
v 3.311719 1.497656 0.229687
v 3.311719 1.497656 0.229687
v 3.311719 1.497656 0.229687
v 3.744922 0.654297 1.118359
v 3.744922 0.654297 1.118359
v 3.744922 0.654297 1.118359
v 3.744922 0.654297 1.118359
v 3.744922 0.654297 1.118359
v 3.744922 0.654297 1.118359
v 2.683203 2.127344 0.005469
v 2.683203 2.127344 0.005469
v 2.683203 2.127344 0.005469
v 2.683203 2.127344 0.005469
v 2.683203 2.127344 0.005469
v 2.683203 2.127344 0.005469
v 3.851953 0.836328 -0.663281
v 3.851953 0.836328 -0.663281
v 3.851953 0.836328 -0.663281
v 3.851953 0.836328 -0.663281
v 3.851953 0.836328 -0.663281
v 3.851953 0.836328 -0.663281
v 2.572266 2.087500 -0.858984
v 2.572266 2.087500 -0.858984
v 2.572266 2.087500 -0.858984
v 2.572266 2.087500 -0.858984
v 2.572266 2.087500 -0.858984
v 2.572266 2.087500 -0.858984
v 3.861719 0.831250 -0.161719
v 3.861719 0.831250 -0.161719
v 3.861719 0.831250 -0.161719
v 3.861719 0.831250 -0.161719
v 3.861719 0.831250 -0.161719
v 3.861719 0.831250 -0.161719
v 2.365625 1.875391 -1.662891
v 2.365625 1.875391 -1.662891
v 2.365625 1.875391 -1.662891
v 2.365625 1.875391 -1.662891
v 2.365625 1.875391 -1.662891
v 2.261719 1.601172 1.418750
v 2.261719 1.601172 1.418750
v 2.261719 1.601172 1.418750
v 2.261719 1.601172 1.418750
v 2.261719 1.601172 1.418750
v 2.261719 1.601172 1.418750
v 2.261719 1.601172 1.418750
v 2.536719 1.837109 0.249219
v 2.536719 1.837109 0.249219
v 2.536719 1.837109 0.249219
v 2.536719 1.837109 0.249219
v 2.536719 1.837109 0.249219
v 2.536719 1.837109 0.249219
v 2.536719 1.837109 0.249219
v 2.362109 1.675391 -1.004688
v 2.362109 1.675391 -1.004688
v 2.362109 1.675391 -1.004688
v 2.362109 1.675391 -1.004688
v 2.362109 1.675391 -1.004688
v 2.362109 1.675391 -1.004688
v 2.362109 1.675391 -1.004688
v 2.752344 1.470703 1.484766
v 2.752344 1.470703 1.484766
v 2.752344 1.470703 1.484766
v 2.752344 1.470703 1.484766
v 3.495703 0.390625 1.262891
v 3.495703 0.390625 1.262891
v 3.495703 0.390625 1.262891
v 3.495703 0.390625 1.262891
v 3.495703 0.390625 1.262891
v 3.004297 1.564453 -1.033594
v 3.004297 1.564453 -1.033594
v 3.004297 1.564453 -1.033594
v 3.004297 1.564453 -1.033594
v 3.639844 0.574609 -0.983203
v 3.639844 0.574609 -0.983203
v 3.639844 0.574609 -0.983203
v 3.639844 0.574609 -0.983203
v 3.639844 0.574609 -0.983203
v 2.403906 2.174609 0.933984
v 2.403906 2.174609 0.933984
v 2.403906 2.174609 0.933984
v 2.403906 2.174609 0.933984
v 2.403906 2.174609 0.933984
v 3.498828 -0.000781 0.958203
v 3.498828 -0.000781 0.958203
v 3.498828 -0.000781 0.958203
v 3.498828 -0.000781 0.958203
v 3.498828 -0.000781 0.958203
v 3.533594 0.068750 0.381641
v 3.533594 0.068750 0.381641
v 3.533594 0.068750 0.381641
v 3.533594 0.068750 0.381641
v 3.533594 0.068750 0.381641
v 2.368750 2.268359 -0.448438
v 2.368750 2.268359 -0.448438
v 2.368750 2.268359 -0.448438
v 2.368750 2.268359 -0.448438
v 2.368750 2.268359 -0.448438
v 3.513281 0.103516 -0.088672
v 3.513281 0.103516 -0.088672
v 3.513281 0.103516 -0.088672
v 3.513281 0.103516 -0.088672
v 3.513281 0.103516 -0.088672
v 3.522656 0.196484 -0.677734
v 3.522656 0.196484 -0.677734
v 3.522656 0.196484 -0.677734
v 3.522656 0.196484 -0.677734
v 3.522656 0.196484 -0.677734
v 3.522656 0.196484 -0.677734
v 2.201172 0.147266 -2.191016
v 2.201172 0.147266 -2.191016
v 2.201172 0.147266 -2.191016
v 2.201172 0.147266 -2.191016
v 2.201172 0.147266 -2.191016
v 0.183203 -0.264453 -1.527734
v 0.183203 -0.264453 -1.527734
v 0.183203 -0.264453 -1.527734
v 0.183203 -0.264453 -1.527734
v 0.183203 -0.264453 -1.527734
v 1.546875 -1.637891 -0.677344
v 1.546875 -1.637891 -0.677344
v 1.546875 -1.637891 -0.677344
v 1.546875 -1.637891 -0.677344
v 0.877344 -1.539453 -0.897656
v 0.877344 -1.539453 -0.897656
v 0.877344 -1.539453 -0.897656
v 0.877344 -1.539453 -0.897656
v 0.355469 -1.316797 -0.979688
v 0.355469 -1.316797 -0.979688
v 0.355469 -1.316797 -0.979688
v 0.355469 -1.316797 -0.979688
v 0.355469 -1.316797 -0.979688
v 0.375391 -0.848047 -1.828125
v 0.375391 -0.848047 -1.828125
v 0.375391 -0.848047 -1.828125
v 0.375391 -0.848047 -1.828125
v 0.375391 -0.848047 -1.828125
v 0.925391 0.267969 -1.972266
v 0.925391 0.267969 -1.972266
v 0.925391 0.267969 -1.972266
v 0.925391 0.267969 -1.972266
v 0.925391 0.267969 -1.972266
v 0.925391 0.267969 -1.972266
v 0.925391 0.267969 -1.972266
v -0.334766 -0.512500 0.597266
v -0.334766 -0.512500 0.597266
v -0.334766 -0.512500 0.597266
v -0.334766 -0.512500 0.597266
v -0.334766 -0.512500 0.597266
v -0.334766 -0.512500 0.597266
v -0.296875 0.178516 -0.975781
v -0.296875 0.178516 -0.975781
v -0.296875 0.178516 -0.975781
v -0.296875 0.178516 -0.975781
v -0.296875 0.178516 -0.975781
v -0.501953 0.192969 -0.431641
v -0.501953 0.192969 -0.431641
v -0.501953 0.192969 -0.431641
v -0.501953 0.192969 -0.431641
v -0.504687 0.191406 0.581641
v -0.504687 0.191406 0.581641
v -0.504687 0.191406 0.581641
v -0.504687 0.191406 0.581641
v 1.932422 0.908203 -1.953906
v 1.932422 0.908203 -1.953906
v 1.932422 0.908203 -1.953906
v 1.932422 0.908203 -1.953906
v 1.932422 0.908203 -1.953906
v 1.932422 0.908203 -1.953906
v 1.538281 0.514453 -2.019531
v 1.538281 0.514453 -2.019531
v 1.538281 0.514453 -2.019531
v 1.538281 0.514453 -2.019531
v 1.538281 0.514453 -2.019531
v 2.877734 -0.390234 -0.673047
v 2.877734 -0.390234 -0.673047
v 2.877734 -0.390234 -0.673047
v 2.877734 -0.390234 -0.673047
v 2.675000 -0.857422 -0.676953
v 2.675000 -0.857422 -0.676953
v 2.675000 -0.857422 -0.676953
v 2.675000 -0.857422 -0.676953
v 5.796094 2.144922 -2.358203
v 5.796094 2.144922 -2.358203
v 5.796094 2.144922 -2.358203
v 5.796094 2.144922 -2.358203
v 5.575000 2.505078 -2.288672
v 5.575000 2.505078 -2.288672
v 5.575000 2.505078 -2.288672
v 5.575000 2.505078 -2.288672
v 5.575000 2.505078 -2.288672
v 5.324609 1.853516 -2.008594
v 5.324609 1.853516 -2.008594
v 5.324609 1.853516 -2.008594
v 5.324609 1.853516 -2.008594
v 5.324609 1.853516 -2.008594
v 5.078516 1.632031 -2.136328
v 5.078516 1.632031 -2.136328
v 5.078516 1.632031 -2.136328
v 5.078516 1.632031 -2.136328
v 5.078516 1.632031 -2.136328
v 4.842969 1.665625 -2.814063
v 4.842969 1.665625 -2.814063
v 4.842969 1.665625 -2.814063
v 4.842969 1.665625 -2.814063
v 4.842969 1.665625 -2.814063
v 4.807031 1.509375 -2.496875
v 4.807031 1.509375 -2.496875
v 4.807031 1.509375 -2.496875
v 4.807031 1.509375 -2.496875
v 4.807031 1.509375 -2.496875
v 5.440235 2.005859 -2.952344
v 5.440235 2.005859 -2.952344
v 5.440235 2.005859 -2.952344
v 5.440235 2.005859 -2.952344
v 5.230859 2.251953 -3.012891
v 5.230859 2.251953 -3.012891
v 5.230859 2.251953 -3.012891
v 5.230859 2.251953 -3.012891
v 5.230859 2.251953 -3.012891
v 5.528125 2.464453 -2.725000
v 5.528125 2.464453 -2.725000
v 5.528125 2.464453 -2.725000
v 5.528125 2.464453 -2.725000
v 5.801953 2.141406 -2.730860
v 5.801953 2.141406 -2.730860
v 5.801953 2.141406 -2.730860
v 5.801953 2.141406 -2.730860
v 5.801953 2.141406 -2.730860
v 4.658985 1.782031 -1.985937
v 4.658985 1.782031 -1.985937
v 4.658985 1.782031 -1.985937
v 4.658985 1.782031 -1.985937
v 4.750000 2.350781 -1.835547
v 4.750000 2.350781 -1.835547
v 4.750000 2.350781 -1.835547
v 4.750000 2.350781 -1.835547
v 4.750000 2.350781 -1.835547
v 4.750000 2.350781 -1.835547
v 4.387500 1.693359 -2.400391
v 4.387500 1.693359 -2.400391
v 4.387500 1.693359 -2.400391
v 4.387500 1.693359 -2.400391
v 4.368360 2.030859 -2.840625
v 4.368360 2.030859 -2.840625
v 4.368360 2.030859 -2.840625
v 4.368360 2.030859 -2.840625
v 4.368360 2.030859 -2.840625
v 4.368360 2.030859 -2.840625
v 5.014453 2.817969 -2.626563
v 5.014453 2.817969 -2.626563
v 5.014453 2.817969 -2.626563
v 5.014453 2.817969 -2.626563
v 4.716797 2.462891 -2.964062
v 4.716797 2.462891 -2.964062
v 4.716797 2.462891 -2.964062
v 4.716797 2.462891 -2.964062
v 5.178125 2.839062 -2.194922
v 5.178125 2.839062 -2.194922
v 5.178125 2.839062 -2.194922
v 5.178125 2.839062 -2.194922
v 4.260156 2.918360 -2.469922
v 4.260156 2.918360 -2.469922
v 4.260156 2.918360 -2.469922
v 4.260156 2.918360 -2.469922
v 3.994531 2.616406 -2.827344
v 3.994531 2.616406 -2.827344
v 3.994531 2.616406 -2.827344
v 3.994531 2.616406 -2.827344
v 3.994531 2.616406 -2.827344
v 4.414453 2.872656 -2.005078
v 4.414453 2.872656 -2.005078
v 4.414453 2.872656 -2.005078
v 4.414453 2.872656 -2.005078
v 4.414453 2.872656 -2.005078
v 4.123828 1.562500 -2.270313
v 4.123828 1.562500 -2.270313
v 4.123828 1.562500 -2.270313
v 4.123828 1.562500 -2.270313
v 4.371875 1.701563 -1.775781
v 4.371875 1.701563 -1.775781
v 4.371875 1.701563 -1.775781
v 4.371875 1.701563 -1.775781
v 3.964844 1.500000 -1.531250
v 3.964844 1.500000 -1.531250
v 3.964844 1.500000 -1.531250
v 3.964844 1.500000 -1.531250
v 3.548047 1.957422 -1.349219
v 3.548047 1.957422 -1.349219
v 3.548047 1.957422 -1.349219
v 3.548047 1.957422 -1.349219
v 3.548047 1.957422 -1.349219
v 3.548047 1.957422 -1.349219
v 3.548047 1.957422 -1.349219
v 3.807812 1.221484 -2.050000
v 3.807812 1.221484 -2.050000
v 3.807812 1.221484 -2.050000
v 3.807812 1.221484 -2.050000
v 3.294531 1.508203 -2.380078
v 3.294531 1.508203 -2.380078
v 3.294531 1.508203 -2.380078
v 3.294531 1.508203 -2.380078
v 3.294531 1.508203 -2.380078
v 3.294531 1.508203 -2.380078
v 3.294531 1.508203 -2.380078
v 2.847656 2.489063 -2.004688
v 2.847656 2.489063 -2.004688
v 2.847656 2.489063 -2.004688
v 2.847656 2.489063 -2.004688
v 2.928906 2.239453 -2.450781
v 2.928906 2.239453 -2.450781
v 2.928906 2.239453 -2.450781
v 2.928906 2.239453 -2.450781
v 3.460547 2.821094 -2.213672
v 3.460547 2.821094 -2.213672
v 3.460547 2.821094 -2.213672
v 3.460547 2.821094 -2.213672
v 3.416406 2.517578 -2.662109
v 3.416406 2.517578 -2.662109
v 3.416406 2.517578 -2.662109
v 3.416406 2.517578 -2.662109
v 3.416406 2.517578 -2.662109
v 3.057422 2.518750 -1.569922
v 3.057422 2.518750 -1.569922
v 3.057422 2.518750 -1.569922
v 3.057422 2.518750 -1.569922
v 3.686328 2.802734 -1.783203
v 3.686328 2.802734 -1.783203
v 3.686328 2.802734 -1.783203
v 3.686328 2.802734 -1.783203
v 3.686328 2.802734 -1.783203
v 2.574219 2.068750 -1.808594
v 2.574219 2.068750 -1.808594
v 2.574219 2.068750 -1.808594
v 2.574219 2.068750 -1.808594
v 2.709375 1.789844 -2.237500
v 2.709375 1.789844 -2.237500
v 2.709375 1.789844 -2.237500
v 2.709375 1.789844 -2.237500
v 2.709375 1.789844 -2.237500
v 2.869531 2.078906 -1.378125
v 2.869531 2.078906 -1.378125
v 2.869531 2.078906 -1.378125
v 2.869531 2.078906 -1.378125
v 2.869531 2.078906 -1.378125
v 5.767578 1.703906 -2.373438
v 5.767578 1.703906 -2.373438
v 5.767578 1.703906 -2.373438
v 5.767578 1.703906 -2.373438
v 5.767578 1.703906 -2.373438
v 5.767578 1.703906 -2.373438
v 5.542578 1.616016 -2.749219
v 5.542578 1.616016 -2.749219
v 5.542578 1.616016 -2.749219
v 5.542578 1.616016 -2.749219
v 5.542578 1.616016 -2.749219
v 5.542578 1.616016 -2.749219
v 5.319922 1.476562 -2.412109
v 5.319922 1.476562 -2.412109
v 5.319922 1.476562 -2.412109
v 5.319922 1.476562 -2.412109
v 3.708984 1.982031 -2.677734
v 3.708984 1.982031 -2.677734
v 3.708984 1.982031 -2.677734
v 3.708984 1.982031 -2.677734
v 3.708984 1.982031 -2.677734
v 3.708984 1.982031 -2.677734
v 4.327344 2.396094 -1.724219
v 4.327344 2.396094 -1.724219
v 4.327344 2.396094 -1.724219
v 4.327344 2.396094 -1.724219
v 4.327344 2.396094 -1.724219
v 4.327344 2.396094 -1.724219
v 3.820312 1.582813 -2.180859
v 3.820312 1.582813 -2.180859
v 3.820312 1.582813 -2.180859
v 3.820312 1.582813 -2.180859
v 4.028906 1.777734 -1.690234
v 4.028906 1.777734 -1.690234
v 4.028906 1.777734 -1.690234
v 4.028906 1.777734 -1.690234
v 6.507812 2.112109 -0.275781
v 6.507812 2.112109 -0.275781
v 6.507812 2.112109 -0.275781
v 6.507812 2.112109 -0.275781
v 6.373047 2.615625 -0.186719
v 6.373047 2.615625 -0.186719
v 6.373047 2.615625 -0.186719
v 6.373047 2.615625 -0.186719
v 6.373047 2.615625 -0.186719
v 5.872656 1.876562 -0.013672
v 5.872656 1.876562 -0.013672
v 5.872656 1.876562 -0.013672
v 5.872656 1.876562 -0.013672
v 5.872656 1.876562 -0.013672
v 5.586719 1.693750 -0.285547
v 5.586719 1.693750 -0.285547
v 5.586719 1.693750 -0.285547
v 5.586719 1.693750 -0.285547
v 5.586719 1.693750 -0.285547
v 5.722266 1.896875 -1.073438
v 5.722266 1.896875 -1.073438
v 5.722266 1.896875 -1.073438
v 5.722266 1.896875 -1.073438
v 5.722266 1.896875 -1.073438
v 5.526953 1.678906 -0.793750
v 5.526953 1.678906 -0.793750
v 5.526953 1.678906 -0.793750
v 5.526953 1.678906 -0.793750
v 5.526953 1.678906 -0.793750
v 6.408203 2.125391 -0.936719
v 6.408203 2.125391 -0.936719
v 6.408203 2.125391 -0.936719
v 6.408203 2.125391 -0.936719
v 6.260156 2.632812 -0.970313
v 6.260156 2.632812 -0.970313
v 6.260156 2.632812 -0.970313
v 6.260156 2.632812 -0.970313
v 6.260156 2.632812 -0.970313
v 6.491797 2.685938 -0.591406
v 6.491797 2.685938 -0.591406
v 6.491797 2.685938 -0.591406
v 6.491797 2.685938 -0.591406
v 6.680078 2.165234 -0.624219
v 6.680078 2.165234 -0.624219
v 6.680078 2.165234 -0.624219
v 6.680078 2.165234 -0.624219
v 6.680078 2.165234 -0.624219
v 5.200000 1.936719 -0.236719
v 5.200000 1.936719 -0.236719
v 5.200000 1.936719 -0.236719
v 5.200000 1.936719 -0.236719
v 5.641797 2.336328 0.029687
v 5.641797 2.336328 0.029687
v 5.641797 2.336328 0.029687
v 5.641797 2.336328 0.029687
v 5.641797 2.336328 0.029687
v 5.641797 2.336328 0.029687
v 5.133985 1.944922 -0.742969
v 5.133985 1.944922 -0.742969
v 5.133985 1.944922 -0.742969
v 5.133985 1.944922 -0.742969
v 5.480859 2.358594 -1.088672
v 5.480859 2.358594 -1.088672
v 5.480859 2.358594 -1.088672
v 5.480859 2.358594 -1.088672
v 5.480859 2.358594 -1.088672
v 5.480859 2.358594 -1.088672
v 5.858984 3.218359 -0.578906
v 5.858984 3.218359 -0.578906
v 5.858984 3.218359 -0.578906
v 5.858984 3.218359 -0.578906
v 5.690235 3.036328 -1.025781
v 5.690235 3.036328 -1.025781
v 5.690235 3.036328 -1.025781
v 5.690235 3.036328 -1.025781
v 5.819922 3.018359 -0.123828
v 5.819922 3.018359 -0.123828
v 5.819922 3.018359 -0.123828
v 5.819922 3.018359 -0.123828
v 4.782813 3.503906 -0.487500
v 4.782813 3.503906 -0.487500
v 4.782813 3.503906 -0.487500
v 4.782813 3.503906 -0.487500
v 4.747266 3.316406 -0.960938
v 4.747266 3.316406 -0.960938
v 4.747266 3.316406 -0.960938
v 4.747266 3.316406 -0.960938
v 4.747266 3.316406 -0.960938
v 4.850391 3.283203 -0.021094
v 4.850391 3.283203 -0.021094
v 4.850391 3.283203 -0.021094
v 4.850391 3.283203 -0.021094
v 4.850391 3.283203 -0.021094
v 4.670312 1.808984 -0.726953
v 4.670312 1.808984 -0.726953
v 4.670312 1.808984 -0.726953
v 4.670312 1.808984 -0.726953
v 4.709766 1.796875 -0.223047
v 4.709766 1.796875 -0.223047
v 4.709766 1.796875 -0.223047
v 4.709766 1.796875 -0.223047
v 4.141797 1.459375 -0.197266
v 4.141797 1.459375 -0.197266
v 4.141797 1.459375 -0.197266
v 4.141797 1.459375 -0.197266
v 3.733594 2.051172 0.151562
v 3.733594 2.051172 0.151562
v 3.733594 2.051172 0.151562
v 3.733594 2.051172 0.151562
v 3.733594 2.051172 0.151562
v 3.733594 2.051172 0.151562
v 3.733594 2.051172 0.151562
v 4.141016 1.430469 -0.676953
v 4.141016 1.430469 -0.676953
v 4.141016 1.430469 -0.676953
v 4.141016 1.430469 -0.676953
v 3.644531 2.123828 -1.007031
v 3.644531 2.123828 -1.007031
v 3.644531 2.123828 -1.007031
v 3.644531 2.123828 -1.007031
v 3.644531 2.123828 -1.007031
v 3.644531 2.123828 -1.007031
v 3.644531 2.123828 -1.007031
v 2.973438 3.156641 -0.441406
v 2.973438 3.156641 -0.441406
v 2.973438 3.156641 -0.441406
v 2.973438 3.156641 -0.441406
v 3.130469 3.016797 -0.892969
v 3.130469 3.016797 -0.892969
v 3.130469 3.016797 -0.892969
v 3.130469 3.016797 -0.892969
v 3.960938 3.426172 -0.468750
v 3.960938 3.426172 -0.468750
v 3.960938 3.426172 -0.468750
v 3.960938 3.426172 -0.468750
v 3.999609 3.290234 -0.898828
v 3.999609 3.290234 -0.898828
v 3.999609 3.290234 -0.898828
v 3.999609 3.290234 -0.898828
v 3.999609 3.290234 -0.898828
v 3.134766 3.050391 0.013672
v 3.134766 3.050391 0.013672
v 3.134766 3.050391 0.013672
v 3.134766 3.050391 0.013672
v 4.129688 3.255469 -0.009375
v 4.129688 3.255469 -0.009375
v 4.129688 3.255469 -0.009375
v 4.129688 3.255469 -0.009375
v 4.129688 3.255469 -0.009375
v 2.644531 2.796484 -0.413281
v 2.644531 2.796484 -0.413281
v 2.644531 2.796484 -0.413281
v 2.644531 2.796484 -0.413281
v 2.805469 2.684375 -0.882422
v 2.805469 2.684375 -0.882422
v 2.805469 2.684375 -0.882422
v 2.805469 2.684375 -0.882422
v 2.805469 2.684375 -0.882422
v 2.825000 2.702344 0.030469
v 2.825000 2.702344 0.030469
v 2.825000 2.702344 0.030469
v 2.825000 2.702344 0.030469
v 2.825000 2.702344 0.030469
v 6.413281 1.722656 -0.396484
v 6.413281 1.722656 -0.396484
v 6.413281 1.722656 -0.396484
v 6.413281 1.722656 -0.396484
v 6.413281 1.722656 -0.396484
v 6.413281 1.722656 -0.396484
v 6.350000 1.731250 -0.817578
v 6.350000 1.731250 -0.817578
v 6.350000 1.731250 -0.817578
v 6.350000 1.731250 -0.817578
v 6.350000 1.731250 -0.817578
v 6.350000 1.731250 -0.817578
v 5.958203 1.580469 -0.574219
v 5.958203 1.580469 -0.574219
v 5.958203 1.580469 -0.574219
v 5.958203 1.580469 -0.574219
v 4.467187 2.416797 -1.040625
v 4.467187 2.416797 -1.040625
v 4.467187 2.416797 -1.040625
v 4.467187 2.416797 -1.040625
v 4.467187 2.416797 -1.040625
v 4.467187 2.416797 -1.040625
v 4.518360 2.428906 0.067188
v 4.518360 2.428906 0.067188
v 4.518360 2.428906 0.067188
v 4.518360 2.428906 0.067188
v 4.518360 2.428906 0.067188
v 4.518360 2.428906 0.067188
v 4.218359 1.913672 -0.710938
v 4.218359 1.913672 -0.710938
v 4.218359 1.913672 -0.710938
v 4.218359 1.913672 -0.710938
v 4.260156 1.904688 -0.217578
v 4.260156 1.904688 -0.217578
v 4.260156 1.904688 -0.217578
v 4.260156 1.904688 -0.217578
v 6.153125 1.637891 1.659375
v 6.153125 1.637891 1.659375
v 6.153125 1.637891 1.659375
v 6.153125 1.637891 1.659375
v 5.969532 2.136719 1.801172
v 5.969532 2.136719 1.801172
v 5.969532 2.136719 1.801172
v 5.969532 2.136719 1.801172
v 5.969532 2.136719 1.801172
v 5.468359 1.372656 1.641016
v 5.468359 1.372656 1.641016
v 5.468359 1.372656 1.641016
v 5.468359 1.372656 1.641016
v 5.468359 1.372656 1.641016
v 5.290235 1.239063 1.373047
v 5.290235 1.239063 1.373047
v 5.290235 1.239063 1.373047
v 5.290235 1.239063 1.373047
v 5.290235 1.239063 1.373047
v 5.672657 1.603125 0.767969
v 5.672657 1.603125 0.767969
v 5.672657 1.603125 0.767969
v 5.672657 1.603125 0.767969
v 5.672657 1.603125 0.767969
v 5.387500 1.323047 0.964844
v 5.387500 1.323047 0.964844
v 5.387500 1.323047 0.964844
v 5.387500 1.323047 0.964844
v 5.387500 1.323047 0.964844
v 6.315235 1.774219 0.986328
v 6.315235 1.774219 0.986328
v 6.315235 1.774219 0.986328
v 6.315235 1.774219 0.986328
v 6.151953 2.289453 0.988672
v 6.151953 2.289453 0.988672
v 6.151953 2.289453 0.988672
v 6.151953 2.289453 0.988672
v 6.151953 2.289453 0.988672
v 6.242188 2.294922 1.412109
v 6.242188 2.294922 1.412109
v 6.242188 2.294922 1.412109
v 6.242188 2.294922 1.412109
v 6.433984 1.730859 1.358594
v 6.433984 1.730859 1.358594
v 6.433984 1.730859 1.358594
v 6.433984 1.730859 1.358594
v 6.433984 1.730859 1.358594
v 4.963281 1.639844 1.375391
v 4.963281 1.639844 1.375391
v 4.963281 1.639844 1.375391
v 4.963281 1.639844 1.375391
v 5.087891 1.861328 1.731641
v 5.087891 1.861328 1.731641
v 5.087891 1.861328 1.731641
v 5.087891 1.861328 1.731641
v 5.087891 1.861328 1.731641
v 5.087891 1.861328 1.731641
v 5.062500 1.667578 0.951563
v 5.062500 1.667578 0.951563
v 5.062500 1.667578 0.951563
v 5.062500 1.667578 0.951563
vt 0.955088 0.383483
vt 0.939394 0.366303
vt 0.955089 0.382002
vt 0.939394 0.367784
vt 0.655088 0.479682
vt 0.640790 0.483734
vt 0.655088 0.483734
vt 0.640790 0.477150
vt 0.626491 0.479682
vt 0.640790 0.483734
vt 0.640790 0.477150
vt 0.626491 0.483734
vt 0.964882 0.478576
vt 0.949654 0.474175
vt 0.964882 0.471535
vt 0.949654 0.478576
vt 0.680507 0.479682
vt 0.694806 0.483734
vt 0.694806 0.477150
vt 0.680507 0.483734
vt 0.709104 0.479682
vt 0.694806 0.483734
vt 0.709104 0.483734
vt 0.694806 0.477150
vt 0.680507 0.487786
vt 0.694806 0.483734
vt 0.680507 0.483734
vt 0.694806 0.490319
vt 0.709104 0.487786
vt 0.694806 0.483734
vt 0.694806 0.490319
vt 0.709104 0.483734
vt 0.830878 0.463614
vt 0.815651 0.470215
vt 0.815651 0.463614
vt 0.830878 0.468014
vt 0.846106 0.463614
vt 0.830878 0.468014
vt 0.830878 0.463614
vt 0.846106 0.468014
vt 0.846106 0.468014
vt 0.861334 0.463614
vt 0.861334 0.470215
vt 0.846106 0.463614
vt 0.964882 0.478576
vt 0.949654 0.489138
vt 0.949654 0.478576
vt 0.964882 0.482096
vt 0.919199 0.478576
vt 0.934427 0.489138
vt 0.919199 0.482096
vt 0.934427 0.478576
vt 0.694806 0.493898
vt 0.680507 0.487786
vt 0.680507 0.493898
vt 0.694806 0.490319
vt 0.694806 0.493898
vt 0.709104 0.487786
vt 0.694806 0.490319
vt 0.709104 0.493898
vt 0.913108 0.478576
vt 0.897880 0.474175
vt 0.913108 0.471535
vt 0.897880 0.478576
vt 0.868795 0.425092
vt 0.835839 0.437297
vt 0.857315 0.437317
vt 0.833040 0.425229
vt 0.655088 0.471578
vt 0.640790 0.467526
vt 0.640790 0.474111
vt 0.655088 0.467526
vt 0.626491 0.471578
vt 0.640790 0.467526
vt 0.626491 0.467526
vt 0.640790 0.474111
vt 0.709104 0.463474
vt 0.694806 0.467526
vt 0.709104 0.467526
vt 0.694806 0.460942
vt 0.939394 0.366303
vt 0.926603 0.381993
vt 0.955089 0.382002
vt 0.915516 0.366295
vt 0.915516 0.366295
vt 0.871433 0.381976
vt 0.926603 0.381993
vt 0.871441 0.365569
vt 0.524815 0.461448
vt 0.539113 0.465500
vt 0.539113 0.458916
vt 0.524815 0.465500
vt 0.553411 0.461448
vt 0.539113 0.465500
vt 0.553411 0.465500
vt 0.539113 0.458916
vt 0.605278 0.443567
vt 0.583135 0.406713
vt 0.574012 0.440048
vt 0.603226 0.406815
vt 0.623155 0.443643
vt 0.650104 0.407050
vt 0.630013 0.406949
vt 0.655959 0.440389
vt 0.522162 0.448518
vt 0.512971 0.442489
vt 0.515095 0.449008
vt 0.517631 0.433139
vt 0.524815 0.469552
vt 0.539113 0.465500
vt 0.524815 0.465500
vt 0.539113 0.472085
vt 0.553411 0.469552
vt 0.539113 0.465500
vt 0.539113 0.472085
vt 0.553411 0.465500
vt 0.680507 0.471578
vt 0.694806 0.467526
vt 0.680507 0.467526
vt 0.694806 0.474111
vt 0.709104 0.471578
vt 0.694806 0.467526
vt 0.694806 0.474111
vt 0.709104 0.467526
vt 0.815651 0.475056
vt 0.800423 0.471535
vt 0.815651 0.468894
vt 0.800423 0.475056
vt 0.656171 0.359452
vt 0.595402 0.382705
vt 0.638361 0.382921
vt 0.579921 0.359957
vt 0.524815 0.475630
vt 0.539113 0.479682
vt 0.539113 0.473097
vt 0.524815 0.479682
vt 0.553411 0.475630
vt 0.539113 0.479682
vt 0.553411 0.479682
vt 0.539113 0.473097
vt 0.524815 0.483734
vt 0.539113 0.479682
vt 0.524815 0.479682
vt 0.539113 0.486266
vt 0.553411 0.483734
vt 0.539113 0.479682
vt 0.539113 0.486266
vt 0.553411 0.479682
vt 0.815651 0.475056
vt 0.800423 0.483857
vt 0.800423 0.475056
vt 0.815651 0.478576
vt 0.539113 0.489812
vt 0.553411 0.483734
vt 0.539113 0.486266
vt 0.553411 0.489812
vt 0.769968 0.475056
vt 0.785195 0.483857
vt 0.769968 0.478576
vt 0.785195 0.475056
vt 0.539113 0.489812
vt 0.524815 0.483734
vt 0.524815 0.489812
vt 0.539113 0.486266
vt 0.572476 0.485760
vt 0.586774 0.481708
vt 0.572476 0.481708
vt 0.586774 0.488292
vt 0.887006 0.443564
vt 0.907817 0.437183
vt 0.886373 0.437302
vt 0.907236 0.442954
vt 0.882653 0.474175
vt 0.897880 0.478576
vt 0.882653 0.478576
vt 0.897880 0.474175
vt 0.837020 0.443896
vt 0.857315 0.437317
vt 0.835839 0.437297
vt 0.857400 0.443965
vt 0.601072 0.477656
vt 0.586774 0.481708
vt 0.601072 0.481708
vt 0.586774 0.475124
vt 0.846106 0.476816
vt 0.830878 0.485617
vt 0.830878 0.476816
vt 0.846106 0.485617
vt 0.844540 0.352630
vt 0.892940 0.356664
vt 0.892224 0.352604
vt 0.844538 0.356708
vt 0.640790 0.474111
vt 0.655088 0.479682
vt 0.655088 0.471578
vt 0.640790 0.477150
vt 0.626491 0.471578
vt 0.640790 0.477150
vt 0.640790 0.474111
vt 0.626491 0.479682
vt 0.787821 0.382631
vt 0.820992 0.373087
vt 0.782579 0.374945
vt 0.825556 0.381685
vt 0.830878 0.472415
vt 0.815651 0.476816
vt 0.815651 0.470215
vt 0.830878 0.476816
vt 0.572476 0.477656
vt 0.586774 0.481708
vt 0.586774 0.475124
vt 0.572476 0.481708
vt 0.897880 0.468894
vt 0.882653 0.474175
vt 0.882653 0.468894
vt 0.897880 0.474175
vt 0.803897 0.387543
vt 0.825556 0.381685
vt 0.787821 0.382631
vt 0.833477 0.380192
vt 0.572476 0.462461
vt 0.586774 0.466513
vt 0.586774 0.459929
vt 0.572476 0.466513
vt 0.601072 0.462461
vt 0.586774 0.466513
vt 0.601072 0.466513
vt 0.586774 0.459929
vt 0.825556 0.381685
vt 0.871426 0.388116
vt 0.871433 0.381976
vt 0.833477 0.380192
vt 0.572476 0.470565
vt 0.586774 0.466513
vt 0.572476 0.466513
vt 0.586774 0.473097
vt 0.601072 0.470565
vt 0.586774 0.466513
vt 0.586774 0.473097
vt 0.601072 0.466513
vt 0.820992 0.373087
vt 0.794829 0.368949
vt 0.782579 0.374945
vt 0.819833 0.365553
vt 0.861334 0.476816
vt 0.846106 0.472415
vt 0.861334 0.470215
vt 0.846106 0.476816
vt 0.655088 0.463474
vt 0.640790 0.467526
vt 0.655088 0.467526
vt 0.640790 0.460942
vt 0.797285 0.425366
vt 0.835727 0.408901
vt 0.807535 0.407024
vt 0.833040 0.425229
vt 0.626491 0.463474
vt 0.640790 0.467526
vt 0.640790 0.460942
vt 0.626491 0.467526
vt 0.626491 0.458409
vt 0.640790 0.460942
vt 0.640790 0.458409
vt 0.626491 0.463474
vt 0.640790 0.458409
vt 0.655088 0.463474
vt 0.655088 0.458409
vt 0.640790 0.460942
vt 0.882653 0.474175
vt 0.867425 0.478576
vt 0.867425 0.471535
vt 0.882653 0.478576
vt 0.882653 0.460973
vt 0.897880 0.464494
vt 0.882653 0.464494
vt 0.897880 0.460973
vt 0.586774 0.492851
vt 0.601072 0.485760
vt 0.586774 0.488292
vt 0.601072 0.492851
vt 0.572476 0.457396
vt 0.586774 0.459929
vt 0.586774 0.457396
vt 0.572476 0.462461
vt 0.586774 0.457396
vt 0.601072 0.462461
vt 0.601072 0.457396
vt 0.586774 0.459929
vt 0.830878 0.460093
vt 0.846106 0.463614
vt 0.830878 0.463614
vt 0.846106 0.460093
vt 0.586774 0.492851
vt 0.572476 0.485760
vt 0.572476 0.492851
vt 0.586774 0.488292
vt 0.897880 0.478576
vt 0.882653 0.489138
vt 0.882653 0.478576
vt 0.897880 0.489138
vt 0.846106 0.468014
vt 0.830878 0.472415
vt 0.830878 0.468014
vt 0.846106 0.472415
vt 0.815651 0.476816
vt 0.830878 0.485617
vt 0.815651 0.480336
vt 0.830878 0.476816
vt 0.572476 0.470565
vt 0.586774 0.475124
vt 0.586774 0.473097
vt 0.572476 0.477656
vt 0.586774 0.473097
vt 0.601072 0.477656
vt 0.601072 0.470565
vt 0.586774 0.475124
vt 0.830878 0.472415
vt 0.846106 0.476816
vt 0.830878 0.476816
vt 0.846106 0.472415
vt 0.601072 0.485760
vt 0.586774 0.481708
vt 0.586774 0.488292
vt 0.601072 0.481708
vt 0.638361 0.382921
vt 0.603226 0.406815
vt 0.630013 0.406949
vt 0.595402 0.382705
vt 0.669555 0.406088
vt 0.650033 0.412474
vt 0.650033 0.406088
vt 0.669555 0.412474
vt 0.730908 0.421596
vt 0.743457 0.412474
vt 0.740813 0.421596
vt 0.730908 0.412474
vt 0.730908 0.403351
vt 0.715570 0.409737
vt 0.715570 0.403351
vt 0.730908 0.409737
vt 0.897880 0.468894
vt 0.913108 0.464494
vt 0.913108 0.471535
vt 0.897880 0.464494
vt 0.949654 0.468894
vt 0.964882 0.464494
vt 0.964882 0.471535
vt 0.949654 0.464494
vt 0.687682 0.412474
vt 0.700231 0.421596
vt 0.687682 0.421596
vt 0.700231 0.412474
vt 0.949654 0.464494
vt 0.934427 0.468894
vt 0.934427 0.464494
vt 0.949654 0.468894
vt 0.700231 0.403351
vt 0.715570 0.409737
vt 0.700231 0.409737
vt 0.715570 0.403351
vt 0.680507 0.458409
vt 0.694806 0.460942
vt 0.694806 0.458409
vt 0.680507 0.463474
vt 0.694806 0.458409
vt 0.709104 0.463474
vt 0.709104 0.458409
vt 0.694806 0.460942
vt 0.934427 0.460973
vt 0.949654 0.464494
vt 0.934427 0.464494
vt 0.949654 0.460973
vt 0.730908 0.395141
vt 0.715570 0.379177
vt 0.730908 0.383282
vt 0.715570 0.394229
vt 0.715570 0.394229
vt 0.700231 0.383282
vt 0.715570 0.379177
vt 0.700231 0.395141
vt 0.934427 0.464494
vt 0.919199 0.471535
vt 0.919199 0.464494
vt 0.934427 0.468894
vt 0.897880 0.464494
vt 0.882653 0.468894
vt 0.882653 0.464494
vt 0.897880 0.468894
vt 0.949654 0.468894
vt 0.934427 0.474175
vt 0.934427 0.468894
vt 0.949654 0.474175
vt 0.882653 0.464494
vt 0.867425 0.471535
vt 0.867425 0.464494
vt 0.882653 0.468894
vt 0.680507 0.471578
vt 0.694806 0.477150
vt 0.694806 0.474111
vt 0.680507 0.479682
vt 0.694806 0.474111
vt 0.709104 0.479682
vt 0.709104 0.471578
vt 0.694806 0.477150
vt 0.730908 0.412474
vt 0.715570 0.421596
vt 0.715570 0.412474
vt 0.730908 0.421596
vt 0.730908 0.409737
vt 0.715570 0.412474
vt 0.715570 0.409737
vt 0.730908 0.412474
vt 0.631906 0.400615
vt 0.650033 0.406088
vt 0.631906 0.406088
vt 0.650033 0.400615
vt 0.730908 0.403351
vt 0.715570 0.400615
vt 0.730908 0.400615
vt 0.715570 0.403351
vt 0.730908 0.395141
vt 0.715570 0.400615
vt 0.715570 0.394229
vt 0.730908 0.400615
vt 0.650033 0.406088
vt 0.631906 0.412474
vt 0.631906 0.406088
vt 0.650033 0.412474
vt 0.715570 0.412474
vt 0.700231 0.421596
vt 0.700231 0.412474
vt 0.715570 0.421596
vt 0.700231 0.409737
vt 0.715570 0.412474
vt 0.700231 0.412474
vt 0.715570 0.409737
vt 0.669555 0.406088
vt 0.687682 0.400615
vt 0.687682 0.406088
vt 0.669555 0.400615
vt 0.700231 0.403351
vt 0.715570 0.400615
vt 0.715570 0.403351
vt 0.700231 0.400615
vt 0.715570 0.394229
vt 0.700231 0.400615
vt 0.700231 0.395141
vt 0.715570 0.400615
vt 0.785195 0.462733
vt 0.769968 0.468894
vt 0.769968 0.462733
vt 0.785195 0.466254
vt 0.687682 0.412474
vt 0.669555 0.406088
vt 0.687682 0.406088
vt 0.669555 0.412474
vt 0.800423 0.462733
vt 0.785195 0.466254
vt 0.785195 0.462733
vt 0.800423 0.466254
vt 0.800423 0.466254
vt 0.815651 0.462733
vt 0.815651 0.468894
vt 0.800423 0.462733
vt 0.669555 0.421596
vt 0.641667 0.426157
vt 0.650033 0.421596
vt 0.677921 0.426157
vt 0.861334 0.476816
vt 0.846106 0.485617
vt 0.846106 0.476816
vt 0.861334 0.480336
vt 0.669555 0.417947
vt 0.650033 0.421596
vt 0.650033 0.417947
vt 0.669555 0.421596
vt 0.669555 0.412474
vt 0.650033 0.417947
vt 0.650033 0.412474
vt 0.669555 0.417947
vt 0.669555 0.400615
vt 0.650033 0.406088
vt 0.650033 0.400615
vt 0.669555 0.406088
vt 0.949654 0.478576
vt 0.934427 0.489138
vt 0.934427 0.478576
vt 0.949654 0.489138
vt 0.931694 0.410798
vt 0.966050 0.388326
vt 0.929606 0.388891
vt 0.965580 0.406773
vt 0.626491 0.487786
vt 0.640790 0.483734
vt 0.626491 0.483734
vt 0.640790 0.490319
vt 0.970019 0.406648
vt 0.964301 0.429076
vt 0.968826 0.429245
vt 0.965580 0.406773
vt 0.962746 0.436460
vt 0.968826 0.429245
vt 0.964301 0.429076
vt 0.964598 0.441016
vt 0.964598 0.441016
vt 0.946781 0.442531
vt 0.961867 0.445573
vt 0.962746 0.436460
vt 0.788034 0.441818
vt 0.767982 0.439056
vt 0.771292 0.444717
vt 0.777713 0.436258
vt 0.640790 0.493898
vt 0.626491 0.487786
vt 0.626491 0.493898
vt 0.640790 0.490319
vt 0.867425 0.478576
vt 0.882653 0.489138
vt 0.867425 0.482096
vt 0.882653 0.478576
vt 0.800423 0.475056
vt 0.785195 0.483857
vt 0.785195 0.475056
vt 0.800423 0.483857
vt 0.913108 0.478576
vt 0.897880 0.489138
vt 0.897880 0.478576
vt 0.913108 0.482096
vt 0.719823 0.446800
vt 0.708911 0.452920
vt 0.716554 0.453587
vt 0.713685 0.435516
vt 0.934427 0.474175
vt 0.919199 0.478576
vt 0.919199 0.471535
vt 0.934427 0.478576
vt 0.655088 0.487786
vt 0.640790 0.483734
vt 0.640790 0.490319
vt 0.655088 0.483734
vt 0.785195 0.471535
vt 0.769968 0.475056
vt 0.769968 0.468894
vt 0.785195 0.475056
vt 0.556164 0.436447
vt 0.531754 0.409316
vt 0.524011 0.433906
vt 0.557621 0.408029
vt 0.965580 0.406773
vt 0.930627 0.424818
vt 0.964301 0.429076
vt 0.931694 0.410798
vt 0.931694 0.410798
vt 0.868795 0.425092
vt 0.930627 0.424818
vt 0.863920 0.410777
vt 0.835727 0.408901
vt 0.868795 0.425092
vt 0.863920 0.410777
vt 0.833040 0.425229
vt 0.524815 0.457396
vt 0.539113 0.458916
vt 0.539113 0.454298
vt 0.524815 0.461448
vt 0.680507 0.463474
vt 0.694806 0.467526
vt 0.694806 0.460942
vt 0.680507 0.467526
vt 0.539113 0.454298
vt 0.553411 0.461448
vt 0.553411 0.457396
vt 0.539113 0.458916
vt 0.785195 0.459213
vt 0.800423 0.462733
vt 0.785195 0.462733
vt 0.800423 0.459213
vt 0.934427 0.474175
vt 0.949654 0.478576
vt 0.934427 0.478576
vt 0.949654 0.474175
vt 0.926603 0.381993
vt 0.871426 0.388116
vt 0.929606 0.388891
vt 0.871433 0.381976
vt 0.800423 0.466254
vt 0.785195 0.471535
vt 0.785195 0.466254
vt 0.800423 0.471535
vt 0.844538 0.356560
vt 0.892224 0.352604
vt 0.891504 0.356552
vt 0.844540 0.352630
vt 0.668160 0.386019
vt 0.669555 0.400615
vt 0.650033 0.400615
vt 0.683499 0.383282
vt 0.524815 0.469552
vt 0.539113 0.473097
vt 0.539113 0.472085
vt 0.524815 0.475630
vt 0.539113 0.472085
vt 0.553411 0.475630
vt 0.553411 0.469552
vt 0.539113 0.473097
vt 0.930627 0.424818
vt 0.886373 0.437302
vt 0.907817 0.437183
vt 0.868795 0.425092
vt 0.785195 0.471535
vt 0.800423 0.475056
vt 0.785195 0.475056
vt 0.800423 0.471535
vt 0.583135 0.406713
vt 0.560385 0.382066
vt 0.557621 0.408029
vt 0.595402 0.382705
vt 0.650104 0.407050
vt 0.674417 0.383102
vt 0.638361 0.382921
vt 0.670194 0.407151
vt 0.640790 0.493898
vt 0.655088 0.487786
vt 0.640790 0.490319
vt 0.655088 0.493898
vt 0.673840 0.440503
vt 0.694318 0.407273
vt 0.670194 0.407151
vt 0.703940 0.437014
vt 0.955089 0.382002
vt 0.929606 0.388891
vt 0.966050 0.388326
vt 0.926603 0.381993
vt 0.837020 0.443896
vt 0.835839 0.437297
vt 0.817761 0.440398
vt 0.835839 0.437297
vt 0.798257 0.439074
vt 0.817761 0.440398
vt 0.821344 0.447416
vt 0.837020 0.443896
vt 0.817761 0.440398
vt 0.817761 0.440398
vt 0.798257 0.439074
vt 0.808231 0.442847
vt 0.664900 0.440454
vt 0.675728 0.455044
vt 0.673840 0.440503
vt 0.670194 0.407151
vt 0.650104 0.407050
vt 0.664900 0.440454
vt 0.614217 0.443612
vt 0.603226 0.406815
vt 0.605278 0.443567
vt 0.703940 0.437014
vt 0.692734 0.454489
vt 0.708911 0.452920
vt 0.670194 0.407151
vt 0.694318 0.407273
vt 0.674417 0.383102
vt 0.638361 0.382921
vt 0.630013 0.406949
vt 0.650104 0.407050
vt 0.560385 0.382066
vt 0.531754 0.409316
vt 0.557621 0.408029
vt 0.666083 0.454566
vt 0.664900 0.440454
vt 0.656403 0.457594
vt 0.614217 0.443612
vt 0.620920 0.456867
vt 0.623155 0.443643
vt 0.874001 0.440494
vt 0.857315 0.437317
vt 0.857400 0.443965
vt 0.808231 0.442847
vt 0.821344 0.447416
vt 0.817761 0.440398
vt 0.673840 0.440503
vt 0.675728 0.455044
vt 0.692734 0.454489
vt 0.669555 0.417947
vt 0.687682 0.412474
vt 0.687682 0.421596
vt 0.669555 0.417947
vt 0.669555 0.412474
vt 0.687682 0.412474
vt 0.631906 0.412474
vt 0.650033 0.412474
vt 0.650033 0.417947
vt 0.687682 0.400615
vt 0.700231 0.403351
vt 0.687682 0.406088
vt 0.700231 0.409737
vt 0.687682 0.406088
vt 0.700231 0.403351
vt 0.730908 0.409737
vt 0.730908 0.403351
vt 0.743457 0.406335
vt 0.844538 0.356708
vt 0.805323 0.363052
vt 0.819833 0.365553
vt 0.596850 0.347578
vt 0.550233 0.360828
vt 0.579921 0.359957
vt 0.916945 0.357515
vt 0.892940 0.356664
vt 0.939394 0.366303
vt 0.970019 0.406648
vt 0.966050 0.388326
vt 0.965580 0.406773
vt 0.939394 0.367784
vt 0.916945 0.357515
vt 0.939394 0.366303
vt 0.730908 0.426157
vt 0.715570 0.421596
vt 0.730908 0.421596
vt 0.700231 0.412474
vt 0.687682 0.412474
vt 0.700231 0.409737
vt 0.669555 0.421596
vt 0.687682 0.421596
vt 0.677921 0.426157
vt 0.700231 0.403351
vt 0.687682 0.400615
vt 0.700231 0.400615
vt 0.687682 0.412474
vt 0.687682 0.406088
vt 0.700231 0.409737
vt 0.730908 0.412474
vt 0.730908 0.409737
vt 0.743457 0.412474
vt 0.650033 0.421596
vt 0.641667 0.426157
vt 0.631906 0.421596
vt 0.730908 0.403351
vt 0.730908 0.400615
vt 0.743457 0.400615
vt 0.730908 0.403351
vt 0.743457 0.400615
vt 0.743457 0.406335
vt 0.730908 0.409737
vt 0.743457 0.406335
vt 0.743457 0.412474
vt 0.730908 0.426157
vt 0.700231 0.426157
vt 0.715570 0.421596
vt 0.650033 0.400615
vt 0.654216 0.394229
vt 0.668160 0.386019
vt 0.700231 0.421596
vt 0.715570 0.421596
vt 0.700231 0.426157
vt 0.669555 0.417947
vt 0.687682 0.421596
vt 0.669555 0.421596
vt 0.687682 0.400615
vt 0.700231 0.395141
vt 0.700231 0.400615
vt 0.730908 0.426157
vt 0.730908 0.421596
vt 0.740813 0.421596
vt 0.631906 0.421596
vt 0.650033 0.417947
vt 0.650033 0.421596
vt 0.844538 0.356708
vt 0.818949 0.357503
vt 0.805323 0.363052
vt 0.916945 0.357515
vt 0.892224 0.352604
vt 0.892940 0.356664
vt 0.844538 0.356560
vt 0.803804 0.365591
vt 0.818949 0.357503
vt 0.819833 0.365553
vt 0.820992 0.373087
vt 0.871441 0.365569
vt 0.560385 0.382066
vt 0.550233 0.360828
vt 0.529428 0.379619
vt 0.699977 0.377476
vt 0.674417 0.383102
vt 0.694318 0.407273
vt 0.807535 0.407024
vt 0.778269 0.425984
vt 0.797285 0.425366
vt 0.777713 0.436258
vt 0.797285 0.425366
vt 0.778269 0.425984
vt 0.907817 0.437183
vt 0.942139 0.439118
vt 0.930627 0.424818
vt 0.531754 0.409316
vt 0.529428 0.379619
vt 0.514607 0.409550
vt 0.524011 0.433906
vt 0.531754 0.409316
vt 0.517631 0.433139
vt 0.964301 0.429076
vt 0.942139 0.439118
vt 0.962746 0.436460
vt 0.654216 0.394229
vt 0.650033 0.400615
vt 0.631906 0.400615
vt 0.654216 0.394229
vt 0.631906 0.400615
vt 0.730908 0.395141
vt 0.687682 0.400615
vt 0.700231 0.383282
vt 0.700231 0.395141
vt 0.691865 0.383282
vt 0.687682 0.400615
vt 0.669555 0.400615
vt 0.691865 0.383282
vt 0.669555 0.400615
vt 0.683499 0.383282
vt 0.674417 0.383102
vt 0.681939 0.358904
vt 0.656171 0.359452
vt 0.529428 0.379619
vt 0.531754 0.409316
vt 0.560385 0.382066
vt 0.517631 0.433139
vt 0.522162 0.448518
vt 0.524011 0.433906
vt 0.762500 0.427578
vt 0.767982 0.439056
vt 0.777713 0.436258
vt 0.713685 0.435516
vt 0.714030 0.408101
vt 0.694318 0.407273
vt 0.730908 0.395141
vt 0.743457 0.400615
vt 0.730908 0.400615
vt 0.700231 0.383282
vt 0.687682 0.400615
vt 0.691865 0.383282
vt 0.700231 0.421596
vt 0.700231 0.426157
vt 0.687682 0.421596
vt 0.654216 0.394229
vt 0.730908 0.395141
vt 0.730908 0.383282
vt 0.631906 0.421596
vt 0.631906 0.412474
vt 0.650033 0.417947
vt 0.934427 0.489138
vt 0.928336 0.493538
vt 0.919199 0.482096
vt 0.680507 0.493898
vt 0.680507 0.487786
vt 0.670975 0.487786
vt 0.721404 0.430720
vt 0.720887 0.408504
vt 0.714030 0.408101
vt 0.762500 0.427578
vt 0.777713 0.436258
vt 0.778269 0.425984
vt 0.850168 0.398448
vt 0.807535 0.407024
vt 0.835727 0.408901
vt 0.835839 0.437297
vt 0.833040 0.425229
vt 0.797285 0.425366
vt 0.833477 0.380192
vt 0.803897 0.387543
vt 0.850168 0.398448
vt 0.871426 0.388116
vt 0.850168 0.398448
vt 0.863920 0.410777
vt 0.769214 0.377087
vt 0.785081 0.380957
vt 0.774147 0.387571
vt 0.765078 0.397359
vt 0.769214 0.377087
vt 0.774147 0.387571
vt 0.714030 0.408101
vt 0.720887 0.408504
vt 0.716654 0.382888
vt 0.713685 0.435516
vt 0.721404 0.430720
vt 0.714030 0.408101
vt 0.714030 0.408101
vt 0.716654 0.382888
vt 0.699977 0.377476
vt 0.763213 0.404874
vt 0.765078 0.397359
vt 0.774147 0.387571
vt 0.579921 0.359957
vt 0.656171 0.359452
vt 0.596850 0.347578
vt 0.642464 0.347834
vt 0.656171 0.359452
vt 0.681939 0.358904
vt 0.939394 0.366303
vt 0.892940 0.356664
vt 0.915516 0.366295
vt 0.867425 0.464494
vt 0.867425 0.462554
vt 0.882653 0.460973
vt 0.655088 0.493898
vt 0.640790 0.493898
vt 0.655088 0.498963
vt 0.913108 0.464494
vt 0.897880 0.464494
vt 0.897880 0.460973
vt 0.913108 0.471535
vt 0.897880 0.474175
vt 0.897880 0.468894
vt 0.882653 0.474175
vt 0.867425 0.471535
vt 0.882653 0.468894
vt 0.655088 0.493898
vt 0.655088 0.498963
vt 0.664620 0.487786
vt 0.882653 0.489138
vt 0.876562 0.493538
vt 0.867425 0.482096
vt 0.626491 0.493898
vt 0.626491 0.487786
vt 0.616959 0.487786
vt 0.556164 0.436447
vt 0.566567 0.439940
vt 0.557621 0.408029
vt 0.673840 0.440503
vt 0.692734 0.454489
vt 0.703940 0.437014
vt 0.919973 0.446997
vt 0.929387 0.443370
vt 0.922302 0.440542
vt 0.907236 0.442954
vt 0.919973 0.446997
vt 0.922302 0.440542
vt 0.942139 0.439118
vt 0.922302 0.440542
vt 0.929387 0.443370
vt 0.962746 0.436460
vt 0.942139 0.439118
vt 0.946781 0.442531
vt 0.556164 0.436447
vt 0.524011 0.433906
vt 0.540794 0.451389
vt 0.540794 0.451389
vt 0.555217 0.453036
vt 0.556164 0.436447
vt 0.574012 0.440048
vt 0.566567 0.439940
vt 0.572775 0.456367
vt 0.613640 0.456360
vt 0.614217 0.443612
vt 0.607545 0.455642
vt 0.572775 0.456367
vt 0.589684 0.459066
vt 0.574012 0.440048
vt 0.922302 0.440542
vt 0.907817 0.437183
vt 0.907236 0.442954
vt 0.922302 0.440542
vt 0.942139 0.439118
vt 0.907817 0.437183
vt 0.886373 0.437302
vt 0.874001 0.440494
vt 0.887006 0.443564
vt 0.857400 0.443965
vt 0.873573 0.447715
vt 0.874001 0.440494
vt 0.886373 0.437302
vt 0.857315 0.437317
vt 0.874001 0.440494
vt 0.623155 0.443643
vt 0.620920 0.456867
vt 0.638699 0.460253
vt 0.656403 0.457594
vt 0.655959 0.440389
vt 0.638699 0.460253
vt 0.572476 0.477656
vt 0.562944 0.474111
vt 0.562944 0.481708
vt 0.610604 0.481708
vt 0.601072 0.477656
vt 0.601072 0.481708
vt 0.572476 0.470565
vt 0.562944 0.466513
vt 0.562944 0.474111
vt 0.785081 0.380957
vt 0.805323 0.363052
vt 0.803804 0.365591
vt 0.680507 0.479682
vt 0.680507 0.471578
vt 0.670975 0.475630
vt 0.709104 0.479682
vt 0.718636 0.483734
vt 0.718636 0.475630
vt 0.718636 0.467526
vt 0.709104 0.471578
vt 0.718636 0.475630
vt 0.934427 0.489138
vt 0.942041 0.491778
vt 0.928336 0.493538
vt 0.949654 0.489138
vt 0.964882 0.482096
vt 0.955746 0.493538
vt 0.670975 0.487786
vt 0.680507 0.498963
vt 0.680507 0.493898
vt 0.709104 0.493898
vt 0.709104 0.498963
vt 0.718636 0.487786
vt 0.718636 0.465500
vt 0.709104 0.458409
vt 0.709104 0.463474
vt 0.664620 0.467526
vt 0.655088 0.467526
vt 0.655088 0.471578
vt 0.897880 0.489138
vt 0.903971 0.493538
vt 0.890266 0.491778
vt 0.655088 0.498963
vt 0.640790 0.493898
vt 0.626491 0.498963
vt 0.664620 0.483734
vt 0.655088 0.483734
vt 0.655088 0.487786
vt 0.626491 0.487786
vt 0.616959 0.483734
vt 0.616959 0.487786
vt 0.626491 0.483734
vt 0.626491 0.479682
vt 0.616959 0.483734
vt 0.626491 0.467526
vt 0.626491 0.463474
vt 0.616959 0.467526
vt 0.876562 0.493538
vt 0.890266 0.491778
vt 0.903971 0.493538
vt 0.664620 0.465500
vt 0.655088 0.458409
vt 0.655088 0.463474
vt 0.626491 0.498963
vt 0.640790 0.493898
vt 0.626491 0.493898
vt 0.524815 0.475630
vt 0.524815 0.469552
vt 0.515283 0.472591
vt 0.553411 0.475630
vt 0.562944 0.479682
vt 0.562944 0.472591
vt 0.524815 0.469552
vt 0.524815 0.465500
vt 0.515283 0.465500
vt 0.664620 0.467526
vt 0.655088 0.463474
vt 0.655088 0.467526
vt 0.626491 0.463474
vt 0.616959 0.465500
vt 0.616959 0.467526
vt 0.626491 0.471578
vt 0.626491 0.467526
vt 0.616959 0.467526
vt 0.655088 0.479682
vt 0.664620 0.483734
vt 0.664620 0.475630
vt 0.626491 0.471578
vt 0.616959 0.467526
vt 0.616959 0.475630
vt 0.664620 0.483734
vt 0.655088 0.479682
vt 0.655088 0.483734
vt 0.626491 0.479682
vt 0.616959 0.475630
vt 0.616959 0.483734
vt 0.664620 0.487786
vt 0.664620 0.483734
vt 0.655088 0.487786
vt 0.626491 0.487786
vt 0.626491 0.483734
vt 0.616959 0.483734
vt 0.897880 0.489138
vt 0.890266 0.491778
vt 0.882653 0.489138
vt 0.830878 0.485617
vt 0.824787 0.491778
vt 0.815651 0.480336
vt 0.601072 0.492851
vt 0.610604 0.485760
vt 0.601072 0.485760
vt 0.830878 0.472415
vt 0.815651 0.470215
vt 0.830878 0.468014
vt 0.861334 0.470215
vt 0.846106 0.472415
vt 0.846106 0.468014
vt 0.846106 0.463614
vt 0.846106 0.460093
vt 0.861334 0.463614
vt 0.601072 0.492851
vt 0.586774 0.492851
vt 0.601072 0.498929
vt 0.815651 0.463614
vt 0.815651 0.461853
vt 0.830878 0.460093
vt 0.846106 0.485617
vt 0.838492 0.490018
vt 0.830878 0.485617
vt 0.572476 0.485760
vt 0.572476 0.481708
vt 0.562944 0.481708
vt 0.610604 0.485760
vt 0.610604 0.481708
vt 0.601072 0.485760
vt 0.610604 0.474111
vt 0.601072 0.470565
vt 0.601072 0.477656
vt 0.572476 0.470565
vt 0.572476 0.466513
vt 0.562944 0.466513
vt 0.572476 0.462461
vt 0.562944 0.464487
vt 0.562944 0.466513
vt 0.610604 0.466513
vt 0.601072 0.462461
vt 0.601072 0.466513
vt 0.846106 0.485617
vt 0.852197 0.491778
vt 0.838492 0.490018
vt 0.601072 0.498929
vt 0.586774 0.492851
vt 0.572476 0.498929
vt 0.610604 0.466513
vt 0.601072 0.466513
vt 0.601072 0.470565
vt 0.610604 0.481708
vt 0.601072 0.481708
vt 0.601072 0.485760
vt 0.572476 0.485760
vt 0.562944 0.481708
vt 0.562944 0.485760
vt 0.572476 0.481708
vt 0.572476 0.477656
vt 0.562944 0.481708
vt 0.572476 0.466513
vt 0.572476 0.462461
vt 0.562944 0.466513
vt 0.824787 0.491778
vt 0.838492 0.490018
vt 0.852197 0.491778
vt 0.572476 0.498929
vt 0.586774 0.492851
vt 0.572476 0.492851
vt 0.610604 0.464487
vt 0.601072 0.457396
vt 0.601072 0.462461
vt 0.601072 0.492851
vt 0.601072 0.498929
vt 0.610604 0.485760
vt 0.562944 0.485760
vt 0.572476 0.498929
vt 0.572476 0.492851
vt 0.846106 0.485617
vt 0.861334 0.480336
vt 0.852197 0.491778
vt 0.830878 0.485617
vt 0.838492 0.490018
vt 0.824787 0.491778
vt 0.610604 0.466513
vt 0.601072 0.470565
vt 0.610604 0.474111
vt 0.601072 0.477656
vt 0.610604 0.481708
vt 0.610604 0.474111
vt 0.655088 0.493898
vt 0.664620 0.487786
vt 0.655088 0.487786
vt 0.939394 0.367784
vt 0.891504 0.356552
vt 0.916945 0.357515
vt 0.805323 0.363052
vt 0.818949 0.357503
vt 0.803804 0.365591
vt 0.614217 0.443612
vt 0.613640 0.456360
vt 0.620920 0.456867
vt 0.566567 0.439940
vt 0.564547 0.452005
vt 0.572775 0.456367
vt 0.675728 0.455044
vt 0.664900 0.440454
vt 0.666083 0.454566
vt 0.614217 0.443612
vt 0.605278 0.443567
vt 0.607545 0.455642
vt 0.630013 0.406949
vt 0.603226 0.406815
vt 0.614217 0.443612
vt 0.583135 0.406713
vt 0.557621 0.408029
vt 0.566567 0.439940
vt 0.556164 0.436447
vt 0.555217 0.453036
vt 0.566567 0.439940
vt 0.664900 0.440454
vt 0.655959 0.440389
vt 0.656403 0.457594
vt 0.788034 0.441818
vt 0.808231 0.442847
vt 0.798257 0.439074
vt 0.887006 0.443564
vt 0.874001 0.440494
vt 0.873573 0.447715
vt 0.564547 0.452005
vt 0.566567 0.439940
vt 0.555217 0.453036
vt 0.583135 0.406713
vt 0.603226 0.406815
vt 0.595402 0.382705
vt 0.583135 0.406713
vt 0.566567 0.439940
vt 0.574012 0.440048
vt 0.630013 0.406949
vt 0.614217 0.443612
vt 0.623155 0.443643
vt 0.670194 0.407151
vt 0.664900 0.440454
vt 0.673840 0.440503
vt 0.942139 0.439118
vt 0.929387 0.443370
vt 0.946781 0.442531
vt 0.777713 0.436258
vt 0.788034 0.441818
vt 0.798257 0.439074
vt 0.655959 0.440389
vt 0.664900 0.440454
vt 0.650104 0.407050
vt 0.616959 0.487786
vt 0.626491 0.498963
vt 0.626491 0.493898
vt 0.897880 0.489138
vt 0.913108 0.482096
vt 0.903971 0.493538
vt 0.882653 0.489138
vt 0.890266 0.491778
vt 0.876562 0.493538
vt 0.664620 0.467526
vt 0.655088 0.471578
vt 0.664620 0.475630
vt 0.664620 0.475630
vt 0.655088 0.471578
vt 0.655088 0.479682
vt 0.626491 0.479682
vt 0.626491 0.471578
vt 0.616959 0.475630
vt 0.882653 0.464494
vt 0.867425 0.464494
vt 0.882653 0.460973
vt 0.913108 0.464494
vt 0.897880 0.460973
vt 0.913108 0.462621
vt 0.664620 0.467526
vt 0.664620 0.465500
vt 0.655088 0.463474
vt 0.626491 0.458409
vt 0.616959 0.465500
vt 0.626491 0.463474
vt 0.572476 0.492851
vt 0.572476 0.485760
vt 0.562944 0.485760
vt 0.699977 0.377476
vt 0.681939 0.358904
vt 0.674417 0.383102
vt 0.674417 0.383102
vt 0.656171 0.359452
vt 0.638361 0.382921
vt 0.560385 0.382066
vt 0.595402 0.382705
vt 0.579921 0.359957
vt 0.560385 0.382066
vt 0.579921 0.359957
vt 0.550233 0.360828
vt 0.929606 0.388891
vt 0.871426 0.388116
vt 0.931694 0.410798
vt 0.596850 0.347578
vt 0.656171 0.359452
vt 0.642464 0.347834
vt 0.680507 0.471578
vt 0.670975 0.467526
vt 0.670975 0.475630
vt 0.718636 0.475630
vt 0.709104 0.471578
vt 0.709104 0.479682
vt 0.680507 0.471578
vt 0.680507 0.467526
vt 0.670975 0.467526
vt 0.680507 0.463474
vt 0.670975 0.465500
vt 0.670975 0.467526
vt 0.718636 0.467526
vt 0.709104 0.463474
vt 0.709104 0.467526
vt 0.949654 0.489138
vt 0.955746 0.493538
vt 0.942041 0.491778
vt 0.709104 0.498963
vt 0.694806 0.493898
vt 0.680507 0.498963
vt 0.718636 0.467526
vt 0.718636 0.465500
vt 0.709104 0.463474
vt 0.718636 0.467526
vt 0.709104 0.467526
vt 0.709104 0.471578
vt 0.718636 0.483734
vt 0.709104 0.483734
vt 0.709104 0.487786
vt 0.680507 0.487786
vt 0.670975 0.483734
vt 0.670975 0.487786
vt 0.680507 0.483734
vt 0.680507 0.479682
vt 0.670975 0.483734
vt 0.680507 0.467526
vt 0.680507 0.463474
vt 0.670975 0.467526
vt 0.928336 0.493538
vt 0.942041 0.491778
vt 0.955746 0.493538
vt 0.680507 0.498963
vt 0.694806 0.493898
vt 0.680507 0.493898
vt 0.892940 0.356664
vt 0.871441 0.365569
vt 0.915516 0.366295
vt 0.871441 0.365569
vt 0.844538 0.356708
vt 0.819833 0.365553
vt 0.871441 0.365569
vt 0.892940 0.356664
vt 0.844538 0.356708
vt 0.844540 0.352630
vt 0.844538 0.356560
vt 0.818949 0.357503
vt 0.891504 0.356552
vt 0.892224 0.352604
vt 0.916945 0.357515
vt 0.844538 0.356708
vt 0.844540 0.352630
vt 0.818949 0.357503
vt 0.778269 0.425984
vt 0.785999 0.405727
vt 0.762500 0.427578
vt 0.785999 0.405727
vt 0.763213 0.404874
vt 0.762500 0.427578
vt 0.613640 0.456360
vt 0.613782 0.462968
vt 0.620920 0.456867
vt 0.589684 0.459066
vt 0.605278 0.443567
vt 0.574012 0.440048
vt 0.607545 0.455642
vt 0.605278 0.443567
vt 0.589684 0.459066
vt 0.655959 0.440389
vt 0.623155 0.443643
vt 0.638699 0.460253
vt 0.763213 0.404874
vt 0.785999 0.405727
vt 0.765078 0.397359
vt 0.769214 0.377087
vt 0.765078 0.397359
vt 0.752236 0.383743
vt 0.769214 0.377087
vt 0.765872 0.383197
vt 0.782579 0.374945
vt 0.787821 0.382631
vt 0.782579 0.374945
vt 0.765872 0.383197
vt 0.769214 0.377087
vt 0.782579 0.374945
vt 0.794829 0.368949
vt 0.769214 0.377087
vt 0.752236 0.383743
vt 0.765872 0.383197
vt 0.820992 0.373087
vt 0.825556 0.381685
vt 0.871433 0.381976
vt 0.850168 0.398448
vt 0.835727 0.408901
vt 0.863920 0.410777
vt 0.807535 0.407024
vt 0.785999 0.405727
vt 0.778269 0.425984
vt 0.803897 0.387543
vt 0.807535 0.407024
vt 0.850168 0.398448
vt 0.833477 0.380192
vt 0.850168 0.398448
vt 0.871426 0.388116
vt 0.805323 0.363052
vt 0.794829 0.368949
vt 0.819833 0.365553
vt 0.931694 0.410798
vt 0.871426 0.388116
vt 0.863920 0.410777
vt 0.777713 0.436258
vt 0.798257 0.439074
vt 0.797285 0.425366
vt 0.964301 0.429076
vt 0.930627 0.424818
vt 0.942139 0.439118
vt 0.703940 0.437014
vt 0.713685 0.435516
vt 0.694318 0.407273
vt 0.713685 0.435516
vt 0.719823 0.446800
vt 0.721404 0.430720
vt 0.514607 0.409550
vt 0.510783 0.433228
vt 0.517631 0.433139
vt 0.966050 0.388326
vt 0.955088 0.383483
vt 0.955089 0.382002
vt 0.970019 0.406648
vt 0.955088 0.383483
vt 0.966050 0.388326
vt 0.694318 0.407273
vt 0.714030 0.408101
vt 0.699977 0.377476
vt 0.794829 0.368949
vt 0.805323 0.363052
vt 0.785081 0.380957
vt 0.769214 0.377087
vt 0.794829 0.368949
vt 0.785081 0.380957
vt 0.514607 0.409550
vt 0.517631 0.433139
vt 0.531754 0.409316
vt 0.510783 0.433228
vt 0.512971 0.442489
vt 0.517631 0.433139
vt 0.713685 0.435516
vt 0.703940 0.437014
vt 0.708911 0.452920
vt 0.522162 0.448518
vt 0.540794 0.451389
vt 0.524011 0.433906
vt 0.871433 0.381976
vt 0.871441 0.365569
vt 0.820992 0.373087
vt 0.553411 0.489812
vt 0.539113 0.489812
vt 0.553411 0.495890
vt 0.769968 0.462733
vt 0.769968 0.460973
vt 0.785195 0.459213
vt 0.800423 0.483857
vt 0.792809 0.487377
vt 0.785195 0.483857
vt 0.524815 0.483734
vt 0.524815 0.479682
vt 0.515283 0.479682
vt 0.562944 0.483734
vt 0.562944 0.479682
vt 0.553411 0.483734
vt 0.524815 0.475630
vt 0.515283 0.472591
vt 0.515283 0.479682
vt 0.562944 0.479682
vt 0.553411 0.475630
vt 0.553411 0.479682
vt 0.524815 0.461448
vt 0.515283 0.463474
vt 0.515283 0.465500
vt 0.562944 0.465500
vt 0.553411 0.461448
vt 0.553411 0.465500
vt 0.800423 0.483857
vt 0.806514 0.489138
vt 0.792809 0.487377
vt 0.553411 0.495890
vt 0.539113 0.489812
vt 0.524815 0.495890
vt 0.562944 0.465500
vt 0.553411 0.465500
vt 0.553411 0.469552
vt 0.562944 0.479682
vt 0.553411 0.479682
vt 0.553411 0.483734
vt 0.524815 0.483734
vt 0.515283 0.479682
vt 0.515283 0.483734
vt 0.524815 0.479682
vt 0.524815 0.475630
vt 0.515283 0.479682
vt 0.524815 0.465500
vt 0.524815 0.461448
vt 0.515283 0.465500
vt 0.779104 0.489138
vt 0.792809 0.487377
vt 0.806514 0.489138
vt 0.524815 0.495890
vt 0.539113 0.489812
vt 0.524815 0.489812
vt 0.553411 0.489812
vt 0.553411 0.495890
vt 0.562944 0.483734
vt 0.515283 0.483734
vt 0.524815 0.495890
vt 0.524815 0.489812
vt 0.800423 0.483857
vt 0.815651 0.478576
vt 0.806514 0.489138
vt 0.785195 0.483857
vt 0.792809 0.487377
vt 0.779104 0.489138
vt 0.562944 0.465500
vt 0.553411 0.469552
vt 0.562944 0.472591
vt 0.562944 0.472591
vt 0.553411 0.469552
vt 0.553411 0.475630
vt 0.524815 0.469552
vt 0.515283 0.465500
vt 0.515283 0.472591
vt 0.785195 0.462733
vt 0.769968 0.462733
vt 0.785195 0.459213
vt 0.800423 0.459213
vt 0.815651 0.460973
vt 0.815651 0.462733
vt 0.562944 0.465500
vt 0.562944 0.463474
vt 0.553411 0.461448
vt 0.680507 0.458409
vt 0.670975 0.465500
vt 0.680507 0.463474
vt 0.964882 0.464494
vt 0.949654 0.460973
vt 0.964882 0.462706
vt 0.934427 0.464494
vt 0.919199 0.464494
vt 0.934427 0.460973
vt 0.562944 0.459090
vt 0.564547 0.452005
vt 0.555217 0.453036
vt 0.562944 0.459090
vt 0.572775 0.456367
vt 0.564547 0.452005
vt 0.607545 0.455642
vt 0.613782 0.462968
vt 0.613640 0.456360
vt 0.666083 0.454566
vt 0.667798 0.461610
vt 0.675728 0.455044
vt 0.666083 0.454566
vt 0.656403 0.457594
vt 0.667798 0.461610
vt 0.798257 0.439074
vt 0.835839 0.437297
vt 0.797285 0.425366
vt 0.868795 0.425092
vt 0.857315 0.437317
vt 0.886373 0.437302
vt 0.709104 0.493898
vt 0.718636 0.487786
vt 0.709104 0.487786
vt 0.934427 0.474175
vt 0.919199 0.471535
vt 0.934427 0.468894
vt 0.964882 0.471535
vt 0.949654 0.474175
vt 0.949654 0.468894
vt 0.964882 0.464494
vt 0.949654 0.464494
vt 0.949654 0.460973
vt 0.709104 0.493898
vt 0.694806 0.493898
vt 0.709104 0.498963
vt 0.919199 0.464494
vt 0.919199 0.462638
vt 0.934427 0.460973
vt 0.949654 0.489138
vt 0.942041 0.491778
vt 0.934427 0.489138
vt 0.680507 0.487786
vt 0.680507 0.483734
vt 0.670975 0.483734
vt 0.718636 0.487786
vt 0.718636 0.483734
vt 0.709104 0.487786
vt 0.680507 0.479682
vt 0.670975 0.475630
vt 0.670975 0.483734
vt 0.718636 0.483734
vt 0.709104 0.479682
vt 0.709104 0.483734
vt 0.524815 0.457396
vt 0.515283 0.463474
vt 0.524815 0.461448
vt 0.572476 0.477656
vt 0.572476 0.470565
vt 0.562944 0.474111
vt 0.830878 0.463614
vt 0.815651 0.463614
vt 0.830878 0.460093
vt 0.846106 0.460093
vt 0.861334 0.461853
vt 0.861334 0.463614
vt 0.610604 0.466513
vt 0.610604 0.464487
vt 0.601072 0.462461
vt 0.572476 0.457396
vt 0.562944 0.464487
vt 0.572476 0.462461
vt 0.524815 0.489812
vt 0.524815 0.483734
vt 0.515283 0.483734
vt 0.785195 0.483857
vt 0.779104 0.489138
vt 0.769968 0.478576
vt 0.553411 0.489812
vt 0.562944 0.483734
vt 0.553411 0.483734
vt 0.785195 0.471535
vt 0.769968 0.468894
vt 0.785195 0.466254
vt 0.815651 0.468894
vt 0.800423 0.471535
vt 0.800423 0.466254
vt 0.800423 0.462733
vt 0.800423 0.459213
vt 0.815651 0.462733
vt 0.562944 0.463474
vt 0.553411 0.457396
vt 0.553411 0.461448
vn -0.4503 0.0298 0.8924
vn -0.4489 0.0283 0.8931
vn -0.4456 0.0248 0.8949
vn -0.4545 0.0343 0.8900
vn 0.2134 0.8951 -0.3914
vn 0.2217 0.8803 -0.4193
vn 0.2278 0.8687 -0.4399
vn 0.2081 0.9039 -0.3736
vn 0.2707 0.8814 0.3870
vn 0.2766 0.8745 0.3984
vn 0.2672 0.8854 0.3803
vn 0.2806 0.8696 0.4063
vn -0.0562 -0.7596 -0.6479
vn -0.0269 -0.7668 -0.6413
vn -0.1074 -0.7452 -0.6581
vn 0.0911 -0.7884 -0.6084
vn 0.1042 0.9944 0.0131
vn 0.0684 0.9974 -0.0217
vn 0.1420 0.9886 0.0501
vn 0.0290 0.9978 -0.0598
vn -0.0135 0.7391 -0.6735
vn -0.0068 0.7228 -0.6910
vn 0.0078 0.6854 -0.7281
vn -0.0284 0.7739 -0.6327
vn 0.5617 0.8063 -0.1852
vn 0.5683 0.7968 -0.2049
vn 0.5852 0.7682 -0.2594
vn 0.5439 0.8281 -0.1355
vn 0.2299 0.6071 -0.7606
vn 0.2198 0.6059 -0.7645
vn 0.2793 0.6119 -0.7400
vn 0.1716 0.5993 -0.7819
vn 0.4068 -0.4899 0.7711
vn 0.3118 -0.4891 0.8146
vn 0.1735 -0.4791 0.8604
vn 0.9627 -0.2633 0.0617
vn 0.9421 -0.2911 0.1661
vn 0.9438 -0.2869 0.1642
vn 0.9467 -0.2792 0.1607
vn 0.9393 -0.2983 0.1693
vn 0.5109 -0.2936 -0.8079
vn 0.4565 -0.3811 -0.8039
vn 0.3659 -0.5045 -0.7820
vn 0.6078 -0.0987 -0.7879
vn -0.4821 -0.7274 -0.4882
vn -0.4922 -0.7283 -0.4768
vn -0.4395 -0.7220 -0.5344
vn -0.5383 -0.7302 -0.4207
vn 0.0939 -0.3475 0.9330
vn 0.0357 -0.3719 0.9276
vn -0.0911 -0.4196 0.9031
vn 0.2323 -0.2832 0.9305
vn 0.8067 0.5869 -0.0686
vn 0.8038 0.5904 -0.0730
vn 0.8529 0.5220 0.0085
vn 0.7540 0.6416 -0.1407
vn 0.4686 0.3251 -0.8214
vn 0.4684 0.2993 -0.8312
vn 0.4664 0.4096 -0.7840
vn 0.4634 0.1808 -0.8675
vn 0.0125 -0.5625 -0.8267
vn 0.0008 -0.5506 -0.8348
vn -0.0688 -0.4756 -0.8769
vn 0.1872 -0.7176 -0.6708
vn 0.6781 -0.7226 -0.1344
vn 0.6841 -0.7185 -0.1252
vn 0.7000 -0.7070 -0.1004
vn 0.6642 -0.7313 -0.1549
vn -0.2647 0.9064 -0.3291
vn -0.2739 0.8945 -0.3533
vn -0.2582 0.9142 -0.3122
vn -0.2809 0.8848 -0.3717
vn -0.2173 0.9010 0.3754
vn -0.2009 0.9237 0.3263
vn -0.1871 0.9398 0.2857
vn -0.2293 0.8819 0.4119
vn -0.8651 0.3039 -0.3989
vn -0.8668 0.3032 -0.3958
vn -0.9015 0.2863 -0.3244
vn -0.8248 0.3186 -0.4671
vn -0.4551 -0.6181 0.6410
vn -0.4287 -0.6095 0.6668
vn -0.5391 -0.6403 0.5471
vn -0.3184 -0.5671 0.7596
vn -0.1968 -0.9803 0.0146
vn -0.1389 -0.9887 0.0566
vn -0.2808 -0.9586 -0.0478
vn -0.0424 -0.9913 0.1248
vn -0.5270 0.7785 0.3407
vn -0.5301 0.7798 0.3329
vn -0.5083 0.7701 0.3854
vn -0.5474 0.7860 0.2873
vn -0.3172 0.9122 -0.2593
vn -0.3156 0.9125 -0.2602
vn -0.3094 0.9138 -0.2632
vn -0.3239 0.9108 -0.2560
vn -0.5453 0.8331 0.0920
vn -0.5423 0.8346 0.0967
vn -0.5215 0.8436 0.1280
vn -0.5626 0.8242 0.0648
vn -0.5140 0.8462 -0.1401
vn -0.5162 0.8453 -0.1375
vn -0.4476 0.8673 -0.2178
vn -0.5694 0.8191 -0.0683
vn -0.1219 -0.0421 0.9916
vn -0.1378 -0.0502 0.9892
vn -0.1727 -0.0679 0.9826
vn -0.0896 -0.0258 0.9956
vn -0.1838 0.7995 0.5718
vn -0.1603 0.8140 0.5583
vn -0.1178 0.8379 0.5330
vn -0.2256 0.7718 0.5944
vn 0.0417 0.9898 -0.1361
vn 0.0498 0.9936 -0.1017
vn 0.0200 0.9740 -0.2255
vn 0.0707 0.9974 -0.0114
vn -0.3888 0.8998 0.1977
vn -0.3838 0.9081 0.1672
vn -0.3751 0.9194 0.1182
vn -0.3958 0.8849 0.2453
vn -0.5563 0.6980 -0.4509
vn -0.5622 0.6895 -0.4565
vn -0.5390 0.7212 -0.4350
vn -0.5823 0.6596 -0.4751
vn 0.0974 -0.2717 -0.9574
vn 0.0660 -0.2105 -0.9753
vn 0.1426 -0.3592 -0.9223
vn 0.0227 -0.1253 -0.9919
vn -0.3892 0.9211 0.0038
vn -0.3916 0.9201 0.0055
vn -0.3833 0.9236 -0.0005
vn -0.3951 0.9186 0.0081
vn 0.2506 0.5846 0.7716
vn 0.2498 0.5981 0.7615
vn 0.2523 0.5544 0.7931
vn 0.2476 0.6270 0.7385
vn 0.5087 0.8609 -0.0121
vn 0.4951 0.8688 0.0045
vn 0.4763 0.8788 0.0270
vn 0.5238 0.8513 -0.0309
vn 0.4298 0.4851 0.7615
vn 0.4305 0.4849 0.7613
vn 0.3820 0.4969 0.7791
vn 0.4743 0.4726 0.7427
vn 0.7786 0.6229 0.0751
vn 0.7831 0.6152 0.0905
vn 0.7690 0.6377 0.0444
vn 0.7918 0.5983 0.1231
vn -0.0964 -0.1760 -0.9796
vn -0.0829 -0.1767 -0.9807
vn 0.1103 -0.1837 -0.9767
vn -0.3072 -0.1599 -0.9381
vn 0.9392 0.3371 -0.0650
vn 0.9326 0.3598 -0.0258
vn 0.9200 0.3907 0.0299
vn 0.9452 0.3030 -0.1217
vn -0.6439 -0.5160 0.5649
vn -0.6602 -0.5137 0.5478
vn -0.8175 -0.4686 0.3347
vn -0.4751 -0.5226 0.7078
vn 0.5321 0.0837 0.8425
vn 0.5430 0.1074 0.8328
vn 0.4811 -0.0183 0.8764
vn 0.5820 0.2010 0.7880
vn 0.5516 0.5841 0.5954
vn 0.5586 0.5836 0.5893
vn 0.5817 0.5817 0.5685
vn 0.5329 0.5851 0.6113
vn 0.9335 -0.3580 0.0182
vn 0.9333 -0.3587 0.0164
vn 0.9327 -0.3602 0.0128
vn 0.9341 -0.3563 0.0222
vn 0.2760 -0.9599 -0.0481
vn 0.2761 -0.9599 -0.0480
vn 0.2726 -0.9608 -0.0511
vn 0.2796 -0.9590 -0.0449
vn 0.8960 -0.4426 -0.0363
vn 0.8934 -0.4471 -0.0436
vn 0.8882 -0.4558 -0.0578
vn 0.9008 -0.4335 -0.0219
vn 0.3464 0.9345 -0.0815
vn 0.3444 0.9355 -0.0786
vn 0.3422 0.9366 -0.0751
vn 0.3484 0.9335 -0.0847
vn -0.7279 -0.6368 -0.2542
vn -0.7218 -0.6408 -0.2614
vn -0.7569 -0.6162 -0.2175
vn -0.6881 -0.6607 -0.2999
vn -0.9717 -0.2360 -0.0039
vn -0.9718 -0.2355 -0.0036
vn -0.9720 -0.2347 -0.0030
vn -0.9715 -0.2368 -0.0045
vn -0.0731 0.9422 -0.3269
vn -0.0842 0.9355 -0.3432
vn -0.0587 0.9503 -0.3056
vn -0.0960 0.9279 -0.3603
vn -0.0610 0.9174 0.3933
vn -0.0474 0.9114 0.4088
vn -0.0790 0.9246 0.3726
vn -0.0277 0.9020 0.4308
vn -0.6108 -0.7549 -0.2389
vn -0.5678 -0.8011 -0.1889
vn -0.7010 -0.6171 -0.3574
vn -0.3914 -0.9202 -0.0074
vn -0.1126 -0.6830 0.7217
vn -0.0825 -0.7069 0.7024
vn -0.2343 -0.5711 0.7867
vn 0.1975 -0.8620 0.4668
vn 0.2665 0.7736 0.5748
vn 0.2687 0.7684 0.5808
vn 0.2645 0.7781 0.5697
vn 0.2709 0.7632 0.5865
vn -0.2293 -0.9733 -0.0020
vn -0.2296 -0.9733 -0.0017
vn -0.2331 -0.9724 0.0020
vn -0.2258 -0.9741 -0.0057
vn -0.0534 -0.9983 -0.0220
vn -0.0549 -0.9982 -0.0252
vn -0.0177 -0.9983 0.0549
vn -0.1026 -0.9863 -0.1289
vn -0.7539 0.4827 0.4455
vn -0.7589 0.4815 0.4384
vn -0.7241 0.4892 0.4860
vn -0.7869 0.4733 0.3958
vn -0.6886 0.6873 -0.2310
vn -0.6904 0.6860 -0.2298
vn -0.7133 0.6675 -0.2134
vn -0.6660 0.7040 -0.2463
vn -0.2435 -0.8866 0.3933
vn -0.2338 -0.8909 0.3894
vn -0.2195 -0.8970 0.3836
vn -0.2608 -0.8786 0.4001
vn -0.4261 0.7598 0.4910
vn -0.4199 0.7689 0.4822
vn -0.4093 0.7838 0.4670
vn -0.4353 0.7458 0.5043
vn -0.3296 0.9292 -0.1672
vn -0.3150 0.9413 -0.1212
vn -0.3526 0.9033 -0.2444
vn -0.2871 0.9571 -0.0390
vn -0.8163 -0.3662 -0.4466
vn -0.8971 -0.3105 -0.3142
vn -0.9593 -0.2369 -0.1534
vn -0.6143 -0.4412 -0.6542
vn 0.0968 -0.4329 -0.8962
vn 0.1225 -0.4584 -0.8802
vn 0.0207 -0.3541 -0.9350
vn 0.2536 -0.5803 -0.7739
vn -0.6757 0.6170 -0.4033
vn -0.6772 0.6162 -0.4020
vn -0.6549 0.6269 -0.4219
vn -0.6966 0.6062 -0.3838
vn 0.9090 -0.3989 -0.1205
vn 0.9100 -0.3970 -0.1190
vn 0.9080 -0.4007 -0.1220
vn 0.9114 -0.3945 -0.1169
vn -0.6699 0.6288 0.3947
vn -0.6695 0.6290 0.3950
vn -0.6599 0.6341 0.4029
vn -0.6796 0.6235 0.3865
vn -0.8048 0.2807 0.5230
vn -0.8178 0.2706 0.5079
vn -0.7218 0.3366 0.6046
vn -0.8914 0.2022 0.4054
vn -0.8074 0.3596 -0.4678
vn -0.8086 0.3817 -0.4477
vn -0.7996 0.2918 -0.5249
vn -0.8077 0.4473 -0.3840
vn 0.0450 -0.4865 0.8725
vn 0.0625 -0.5099 0.8579
vn -0.0042 -0.4183 0.9083
vn 0.2177 -0.6965 0.6837
vn 0.9051 -0.4252 -0.0039
vn 0.9080 -0.4189 0.0050
vn 0.9135 -0.4060 0.0230
vn 0.8988 -0.4378 -0.0219
vn 0.9214 0.3103 -0.2338
vn 0.9216 0.3180 -0.2224
vn 0.9215 0.3324 -0.2007
vn 0.9203 0.2928 -0.2594
vn -0.6611 0.5528 0.5073
vn -0.6587 0.5535 0.5096
vn -0.6544 0.5546 0.5139
vn -0.6644 0.5518 0.5039
vn -0.5763 0.7958 -0.1860
vn -0.5727 0.7998 -0.1798
vn -0.5666 0.8064 -0.1693
vn -0.5839 0.7869 -0.1997
vn 0.8757 -0.4819 0.0295
vn 0.8798 -0.4722 0.0545
vn 0.8869 -0.4480 0.1125
vn 0.8652 -0.5009 -0.0217
vn 0.7417 0.1316 0.6577
vn 0.7474 0.1495 0.6472
vn 0.7186 0.0678 0.6920
vn 0.7620 0.2007 0.6156
vn -0.5393 -0.8389 0.0731
vn -0.5379 -0.8400 0.0712
vn -0.5262 -0.8486 0.0548
vn -0.5504 -0.8301 0.0890
vn -0.1531 -0.9683 -0.1972
vn -0.1487 -0.9684 -0.2000
vn -0.1211 -0.9685 -0.2174
vn -0.1825 -0.9669 -0.1783
vn -0.6070 -0.5356 0.5870
vn -0.5855 -0.5392 0.6053
vn -0.5477 -0.5443 0.6354
vn -0.6437 -0.5283 0.5536
vn -0.0579 0.8473 0.5278
vn -0.0544 0.8419 0.5369
vn -0.0596 0.8501 0.5233
vn -0.0525 0.8387 0.5420
vn 0.0321 0.9940 -0.1049
vn 0.0210 0.9897 -0.1412
vn 0.0405 0.9962 -0.0773
vn 0.0142 0.9864 -0.1636
vn 0.2407 -0.9691 -0.0533
vn 0.2378 -0.9696 -0.0573
vn 0.2802 -0.9599 0.0028
vn 0.2000 -0.9737 -0.1092
vn 0.6527 0.7518 -0.0934
vn 0.6648 0.7433 -0.0740
vn 0.6204 0.7713 -0.1422
vn 0.6943 0.7193 -0.0236
vn -0.3658 0.9307 -0.0005
vn -0.3658 0.9307 -0.0004
vn -0.0096 -0.0231 0.9997
vn -0.2089 0.1671 0.9636
vn -0.3332 0.2871 0.8980
vn 0.0454 -0.0751 0.9961
vn 0.3356 0.8878 -0.3150
vn 0.3608 0.8966 -0.2566
vn 0.3090 0.8753 -0.3719
vn 0.3760 0.9003 -0.2190
vn 0.0542 0.6363 -0.7695
vn 0.0541 0.6363 -0.7695
vn 0.0567 0.6368 -0.7689
vn 0.0513 0.6358 -0.7701
vn 0.3236 -0.3531 -0.8778
vn 0.2860 -0.4274 -0.8576
vn 0.1820 -0.6003 -0.7788
vn 0.4166 -0.1299 -0.8997
vn 0.3678 -0.5014 -0.7830
vn 0.3601 -0.5737 -0.7356
vn 0.3389 -0.6949 -0.6342
vn 0.3750 -0.3271 -0.8674
vn -0.0375 -0.9748 -0.2197
vn -0.0112 -0.9926 -0.1203
vn 0.0116 -0.9994 -0.0331
vn -0.0527 -0.9593 -0.2771
vn 0.9423 -0.2019 -0.2669
vn 0.9479 -0.2450 -0.2037
vn 0.9474 -0.2927 -0.1296
vn 0.9298 -0.1533 -0.3344
vn -0.2196 -0.3089 -0.9254
vn -0.2205 -0.3074 -0.9257
vn -0.2059 -0.3315 -0.9207
vn -0.2350 -0.2828 -0.9299
vn -0.5730 0.6885 0.4445
vn -0.5042 0.7365 0.4509
vn -0.4138 0.7888 0.4544
vn -0.6517 0.6231 0.4324
vn -0.8050 0.2798 -0.5232
vn -0.8241 0.2134 -0.5247
vn -0.8433 0.1240 -0.5229
vn -0.7486 0.4227 -0.5108
vn 0.9121 -0.3601 -0.1958
vn 0.9238 -0.3364 -0.1829
vn 0.9528 -0.2666 -0.1452
vn 0.8664 -0.4388 -0.2383
vn -0.2090 0.7386 -0.6409
vn -0.1955 0.7685 -0.6093
vn -0.2291 0.6893 -0.6873
vn -0.1774 0.8047 -0.5665
vn -0.7589 0.2606 -0.5968
vn -0.7548 0.2509 -0.6061
vn -0.7609 0.2655 -0.5920
vn -0.7522 0.2451 -0.6116
vn 0.6342 -0.0913 0.7677
vn 0.6048 -0.0739 0.7929
vn 0.4223 0.0243 0.9061
vn 0.8174 -0.4164 -0.3980
vn 0.9773 -0.2083 -0.0385
vn 0.9771 -0.2098 -0.0368
vn 0.9665 -0.2562 0.0139
vn 0.9828 -0.1634 -0.0862
vn -0.0286 -0.9480 0.3169
vn -0.0636 -0.9309 0.3596
vn -0.1011 -0.9091 0.4041
vn 0.0134 -0.9643 0.2644
vn 0.5356 -0.4095 0.7385
vn 0.4869 -0.4008 0.7761
vn 0.2642 -0.3479 0.8995
vn 0.9022 -0.2556 -0.3474
vn -0.0811 0.9917 0.0992
vn -0.0710 0.9916 0.1076
vn -0.0916 0.9917 0.0904
vn -0.0595 0.9913 0.1172
vn -0.2749 0.8145 -0.5109
vn -0.2701 0.8180 -0.5078
vn -0.2858 0.8064 -0.5177
vn -0.2612 0.8243 -0.5022
vn 0.3649 0.4926 -0.7900
vn 0.3532 0.4807 -0.8026
vn 0.3749 0.5027 -0.7789
vn 0.3414 0.4688 -0.8146
vn 0.1245 0.5737 -0.8095
vn 0.1243 0.5736 -0.8096
vn 0.1396 0.5795 -0.8029
vn 0.1036 0.5653 -0.8183
vn 0.4577 0.7726 0.4399
vn 0.4498 0.7588 0.4709
vn 0.4334 0.7302 0.5282
vn 0.4772 0.8066 0.3488
vn -0.0516 0.7165 -0.6956
vn -0.0519 0.7203 -0.6917
vn -0.0509 0.7045 -0.7078
vn -0.0524 0.7284 -0.6832
vn -0.1173 0.7498 -0.6511
vn -0.1273 0.7523 -0.6464
vn -0.1592 0.7596 -0.6306
vn -0.0768 0.7388 -0.6695
vn 0.0953 0.8710 0.4819
vn 0.1816 0.8198 0.5430
vn 0.2533 0.7671 0.5894
vn -0.0186 0.9195 0.3925
vn 0.1494 -0.3617 -0.9202
vn 0.1503 -0.3609 -0.9204
vn 0.1481 -0.3627 -0.9200
vn 0.1519 -0.3597 -0.9206
vn -0.1513 -0.3042 -0.9405
vn -0.1478 -0.3095 -0.9393
vn -0.1891 -0.2454 -0.9508
vn -0.1145 -0.3590 -0.9262
vn 0.1207 -0.9835 0.1345
vn 0.1082 -0.9697 0.2192
vn 0.0437 -0.8213 0.5687
vn 0.1733 -0.9158 -0.3624
vn -0.5524 -0.0557 -0.8317
vn -0.5862 -0.0609 -0.8079
vn -0.6280 -0.0673 -0.7753
vn -0.5097 -0.0492 -0.8589
vn -0.7284 0.1402 -0.6707
vn -0.6831 0.1491 -0.7150
vn -0.6240 0.1592 -0.7650
vn -0.7868 0.1267 -0.6041
vn -0.1764 -0.6974 0.6946
vn -0.1834 -0.6922 0.6980
vn -0.0938 -0.7540 0.6501
vn -0.3063 -0.5872 0.7492
vn -0.1432 -0.8000 0.5827
vn -0.1526 -0.8018 0.5777
vn -0.0748 -0.7841 0.6161
vn -0.2398 -0.8143 0.5285
vn -0.1235 -0.9449 -0.3029
vn -0.1172 -0.9451 -0.3051
vn -0.0758 -0.9447 -0.3189
vn -0.1686 -0.9429 -0.2870
vn 0.3114 -0.3863 -0.8682
vn 0.3087 -0.3881 -0.8683
vn 0.3579 -0.3543 -0.8639
vn 0.2179 -0.4453 -0.8684
vn 0.7548 -0.2503 0.6063
vn 0.7551 -0.2508 0.6057
vn 0.7555 -0.2516 0.6048
vn 0.7543 -0.2494 0.6073
vn -0.3052 -0.3464 -0.8870
vn -0.3023 -0.3464 -0.8880
vn -0.3311 -0.3462 -0.8778
vn -0.2784 -0.3463 -0.8958
vn 0.1422 -0.1068 0.9840
vn 0.1440 -0.1093 0.9835
vn 0.1520 -0.1209 0.9809
vn 0.1340 -0.0951 0.9864
vn -0.1303 -0.0245 0.9911
vn -0.1191 -0.0340 0.9923
vn -0.1134 -0.0388 0.9928
vn -0.1375 -0.0183 0.9903
vn 0.6450 -0.3027 0.7016
vn 0.5515 -0.1726 0.8161
vn 0.4932 -0.1009 0.8640
vn 0.7219 -0.4385 0.5354
vn -0.2338 -0.8830 0.4069
vn -0.2329 -0.8846 0.4039
vn -0.2091 -0.9192 0.3336
vn -0.2576 -0.8389 0.4794
vn 0.0501 -0.8637 0.5014
vn 0.0508 -0.8634 0.5019
vn 0.2030 -0.7656 0.6104
vn -0.1639 -0.9350 0.3145
vn 0.6025 0.7274 0.3282
vn 0.5896 0.7290 0.3476
vn 0.5739 0.7304 0.3703
vn 0.6163 0.7253 0.3068
vn 0.1290 -0.4222 0.8972
vn 0.1980 -0.3483 0.9162
vn 0.0483 -0.5014 0.8638
vn 0.2731 -0.2608 0.9259
vn 0.2396 -0.4729 0.8479
vn 0.2257 -0.5020 0.8349
vn 0.2571 -0.4346 0.8631
vn 0.2004 -0.5522 0.8093
vn 0.3928 -0.3266 0.8596
vn 0.3920 -0.3518 0.8500
vn 0.3932 -0.2467 0.8857
vn 0.3882 -0.4244 0.8180
vn 0.4206 -0.2517 -0.8716
vn 0.4226 -0.3027 -0.8542
vn 0.4159 -0.5282 -0.7403
vn 0.3907 0.0195 -0.9203
vn 0.8906 0.2210 0.3975
vn 0.8942 0.2469 0.3733
vn 0.8762 0.1538 0.4566
vn 0.8983 0.3048 0.3165
vn -0.3422 -0.3900 0.8548
vn -0.3163 -0.3958 0.8621
vn -0.5261 -0.3377 0.7804
vn -0.1540 -0.4245 0.8922
vn -0.4086 -0.8247 -0.3909
vn -0.4878 -0.3751 -0.7882
vn -0.4815 -0.3761 -0.7916
vn -0.3731 -0.3905 -0.8416
vn -0.6199 -0.3473 -0.7036
vn -0.1628 -0.0186 -0.9864
vn -0.0326 0.0411 -0.9986
vn -0.2213 -0.0458 -0.9741
vn 0.0758 0.0899 -0.9930
vn 0.4815 -0.2019 0.8528
vn 0.3697 -0.1306 0.9199
vn 0.2487 -0.0558 0.9669
vn 0.6168 -0.2920 0.7309
vn 0.5596 0.6901 -0.4588
vn 0.5488 0.6907 -0.4709
vn 0.5711 0.6893 -0.4458
vn 0.5365 0.6912 -0.4841
vn -0.5504 -0.5409 0.6359
vn -0.5084 -0.5947 0.6227
vn -0.4206 -0.6902 0.5888
vn -0.6264 -0.4255 0.6531
vn -0.3681 0.8245 0.4297
vn -0.3531 0.8168 0.4562
vn -0.4700 0.8564 0.2135
vn -0.2728 0.7658 0.5823
vn 0.4263 -0.8203 0.3811
vn 0.4339 -0.8124 0.3895
vn 0.4007 -0.8455 0.3528
vn 0.4500 -0.7946 0.4074
vn 0.5666 -0.8117 -0.1413
vn 0.5988 -0.7922 -0.1173
vn 0.5346 -0.8290 -0.1641
vn 0.6276 -0.7727 -0.0949
vn 0.7860 -0.6172 0.0357
vn 0.7775 -0.6271 0.0472
vn 0.6284 -0.7486 0.2116
vn 0.9017 -0.3897 -0.1873
vn -0.6266 0.6887 0.3646
vn -0.6313 0.6904 0.3531
vn -0.5936 0.6749 0.4384
vn -0.6619 0.6995 0.2692
vn -0.7224 0.5667 0.3962
vn -0.7266 0.5629 0.3938
vn -0.6507 0.6247 0.4317
vn -0.7963 0.4930 0.3505
vn -0.3514 0.8735 -0.3368
vn -0.3485 0.8820 -0.3171
vn -0.3581 0.8491 -0.3882
vn -0.3402 0.9024 -0.2642
vn 0.7754 -0.5687 0.2743
vn 0.7757 -0.5710 0.2687
vn 0.7766 -0.5819 0.2412
vn 0.7740 -0.5589 0.2974
vn 0.3466 -0.9377 0.0210
vn 0.3948 -0.9185 0.0219
vn 0.2831 -0.9589 0.0197
vn 0.4535 -0.8909 0.0230
vn -0.1250 -0.9917 0.0285
vn -0.1734 -0.9848 -0.0044
vn -0.0685 -0.9954 0.0664
vn -0.2372 -0.9702 -0.0483
vn 0.3695 -0.9292 -0.0001
vn 0.3736 -0.9275 -0.0013
vn 0.3908 -0.9204 -0.0063
vn 0.3524 -0.9358 0.0049
vn -0.9627 0.2704 -0.0022
vn -0.9627 0.2703 -0.0023
vn -0.9627 0.2705 -0.0022
vn 0.8751 -0.3507 0.3335
vn 0.8584 -0.3607 0.3647
vn 0.8902 -0.3404 0.3027
vn 0.8407 -0.3702 0.3952
vn -0.0627 0.7508 0.6575
vn -0.0636 0.7530 0.6549
vn -0.0613 0.7473 0.6616
vn -0.0654 0.7576 0.6494
vn 0.1899 0.9742 -0.1216
vn 0.1873 0.9737 -0.1295
vn 0.1965 0.9753 -0.1007
vn 0.1819 0.9724 -0.1462
vn 0.7487 -0.6566 -0.0908
vn 0.7452 -0.6599 -0.0957
vn 0.7906 -0.6117 -0.0261
vn 0.7190 -0.6824 -0.1314
vn -0.6376 -0.6022 -0.4805
vn -0.6375 -0.6027 -0.4799
vn -0.6386 -0.5965 -0.4861
vn -0.6364 -0.6082 -0.4744
vn -0.3635 0.9160 0.1694
vn -0.3670 0.9165 0.1589
vn -0.3571 0.9149 0.1881
vn -0.3718 0.9170 0.1444
vn -0.3777 0.8965 -0.2317
vn -0.3647 0.8966 -0.2512
vn -0.3288 0.8944 -0.3030
vn -0.4202 0.8924 -0.1645
vn 0.7617 0.2381 -0.6025
vn 0.7695 0.2589 -0.5838
vn 0.7883 0.3182 -0.5265
vn 0.7326 0.1701 -0.6590
vn -0.5082 0.7338 -0.4508
vn -0.5400 0.7293 -0.4202
vn -0.4483 0.7383 -0.5039
vn -0.6074 0.7139 -0.3483
vn -0.2188 -0.7583 0.6141
vn -0.2108 -0.7550 0.6209
vn -0.2385 -0.7662 0.5967
vn -0.1903 -0.7460 0.6381
vn 0.8704 -0.4431 -0.2146
vn 0.9256 -0.3656 -0.0975
vn 0.7179 0.2239 -0.6591
vn 0.8488 -0.5246 0.0658
vn -0.1352 0.9336 0.3318
vn -0.0748 0.9765 -0.2021
vn -0.1666 0.6858 -0.7084
vn -0.2481 0.4868 -0.8375
vn -0.3752 0.7726 -0.5120
vn -0.3139 0.9229 -0.2230
vn -0.4163 0.7236 0.5505
vn 0.0139 0.3269 -0.9449
vn -0.2816 0.6964 0.6600
vn 0.8997 -0.4347 -0.0396
vn 0.6784 0.3510 0.6454
vn -0.1288 0.9583 0.2549
vn -0.0205 -0.9212 0.3885
vn -0.2683 -0.8054 0.5285
vn 0.2164 0.8581 0.4655
vn -0.3768 -0.8816 -0.2842
vn -0.2955 -0.8585 -0.4190
vn 0.2286 0.9395 -0.2552
vn -0.8721 -0.2826 -0.3994
vn -0.7676 0.4647 0.4415
vn -0.7675 0.4647 0.4415
vn -0.8619 -0.2724 0.4277
vn 0.1368 -0.2790 0.9505
vn -0.7671 0.0579 0.6388
vn 0.7583 0.2794 -0.5889
vn -0.2149 -0.9241 -0.3160
vn 0.2032 -0.9556 0.2134
vn -0.4447 -0.8480 -0.2882
vn -0.1568 -0.9078 -0.3890
vn 0.2274 0.9486 -0.2200
vn 0.6467 0.7268 0.2314
vn 0.4172 0.9083 -0.0315
vn 0.0530 0.9985 0.0153
vn 0.2614 0.9310 -0.2546
vn 0.8715 -0.1771 -0.4573
vn 0.7216 0.5321 0.4429
vn 0.6645 -0.4412 -0.6031
vn -0.0581 -0.9331 0.3547
vn -0.5317 -0.8222 -0.2031
vn 0.6273 0.7495 -0.2116
vn 0.2648 0.8490 0.4572
vn -0.8778 -0.2699 -0.3958
vn -0.9123 -0.2125 0.3500
vn -0.8565 0.3136 -0.4098
vn -0.7890 -0.6108 -0.0662
vn -0.3725 0.6380 0.6739
vn -0.3927 0.7439 -0.5407
vn 0.9104 -0.3587 -0.2059
vn 0.6478 -0.7072 -0.2830
vn 0.8192 -0.5527 0.1530
vn -0.1410 0.0614 0.9881
vn -0.3438 0.1593 0.9254
vn 0.7116 -0.6224 0.3259
vn 0.7158 0.6933 0.0830
vn 0.6044 0.7960 -0.0307
vn -0.5468 -0.8337 0.0767
vn -0.0829 -0.9951 0.0535
vn -0.0549 -0.9829 0.1754
vn -0.3523 0.7303 -0.5852
vn -0.5155 0.5988 0.6128
vn -0.5415 0.0916 0.8357
vn 0.1918 -0.3145 -0.9297
vn -0.3536 0.3974 -0.8467
vn 0.6317 0.7302 -0.2603
vn -0.6041 -0.6752 -0.4232
vn 0.2012 -0.9778 0.0584
vn 0.6908 0.7124 -0.1234
vn 0.2551 0.8569 0.4479
vn 0.2960 -0.7023 0.6474
vn 0.5227 0.1592 0.8375
vn 0.2057 0.3566 -0.9113
vn 0.1959 -0.2365 -0.9517
vn 0.7205 -0.6852 -0.1061
vn 0.6666 -0.7338 -0.1308
vn 0.4203 -0.8733 0.2464
vn 0.3456 -0.8394 0.4195
vn -0.2371 0.4218 -0.8751
vn -0.2878 0.5678 -0.7712
vn -0.1027 0.2627 -0.9594
vn -0.2111 -0.0453 -0.9764
vn -0.2470 0.3948 -0.8849
vn 0.3034 0.7939 -0.5269
vn -0.6506 0.7593 0.0123
vn -0.7635 0.5140 -0.3911
vn -0.8405 -0.3246 0.4338
vn 0.4097 -0.1863 0.8929
vn 0.7396 -0.2924 -0.6062
vn 0.3461 -0.1896 -0.9188
vn -0.1443 -0.4914 -0.8589
vn -0.0944 -0.4389 0.8936
vn 0.2855 -0.3157 -0.9049
vn 0.0954 -0.8696 0.4844
vn 0.3983 -0.0553 0.9156
vn -0.0118 0.9894 -0.1442
vn -0.7188 0.6251 -0.3042
vn 0.9327 0.3309 -0.1434
vn 0.5452 -0.0569 0.8363
vn 0.9645 -0.2588 -0.0514
vn 0.7833 -0.5031 0.3650
vn -0.2497 0.9026 0.3506
vn 0.2323 0.9627 -0.1388
vn -0.3252 0.5110 0.7956
vn 0.1465 0.5896 -0.7943
vn -0.1399 0.7437 0.6536
vn 0.7412 -0.4086 0.5325
vn 0.9627 -0.1614 0.2172
vn 0.9317 -0.3624 0.0216
vn 0.7114 0.1896 0.6767
vn 0.9080 -0.4130 -0.0697
vn -0.2511 0.8614 0.4415
vn -0.3770 0.7640 -0.5235
vn -0.1464 -0.1745 0.9737
vn 0.1372 0.2991 -0.9443
vn -0.0399 -0.1230 0.9916
vn -0.5259 0.0339 -0.8498
vn 0.2167 0.4660 0.8578
vn -0.2293 -0.1245 -0.9654
vn -0.4115 -0.1988 -0.8895
vn 0.2973 -0.6966 0.6529
vn -0.0224 -0.8958 -0.4438
vn 0.6207 -0.0671 0.7812
vn 0.0506 -0.4510 -0.8911
vn -0.3543 -0.2477 -0.9017
vn -0.0395 0.1042 -0.9937
vn 0.0421 -0.8782 -0.4764
vn 0.8166 -0.5613 -0.1342
vn 0.1324 0.0509 -0.9899
vn 0.2680 0.0438 0.9624
vn 0.1519 0.1791 0.9720
vn -0.0598 0.1012 0.9930
vn 0.3215 -0.9445 -0.0676
vn -0.1886 0.0352 -0.9814
vn 0.8659 -0.3274 0.3782
vn -0.2194 -0.1439 0.9650
vn 0.3435 0.3240 -0.8815
vn -0.2329 -0.1618 0.9590
vn -0.1019 0.0681 -0.9924
vn -0.0205 0.1550 0.9877
vn -0.0046 0.1339 0.9910
vn -0.0413 0.1009 -0.9940
vn 0.0509 0.1158 0.9919
vn -0.0375 0.1038 -0.9939
vn 0.0404 0.0871 0.9954
vn 0.1367 0.0388 -0.9898
vn 0.2243 0.1579 0.9616
vn -0.2499 -0.9665 0.0576
vn -0.0827 -0.8688 0.4881
vn 0.2966 0.0983 -0.9499
vn -0.1534 -0.5458 0.8237
vn 0.0566 -0.3533 -0.9338
vn 0.6112 -0.0954 -0.7857
vn 0.8778 -0.3551 -0.3214
vn 0.3083 -0.3333 0.8910
vn -0.3306 -0.9057 -0.2651
vn -0.0343 -0.1400 0.9895
vn 0.3190 0.0809 -0.9443
vn 0.0945 0.3619 -0.9274
vn -0.1547 -0.1100 0.9818
vn -0.1925 -0.0719 0.9786
vn 0.0211 0.3058 -0.9518
vn 0.0722 -0.7003 -0.7102
vn 0.8248 -0.5631 0.0513
vn 0.0540 0.3285 -0.9430
vn 0.3023 0.1593 -0.9398
vn -0.0165 -0.1947 0.9807
vn -0.0369 -0.1379 0.9897
vn -0.2277 -0.1573 0.9609
vn 0.3177 -0.9403 -0.1221
vn 0.7295 -0.3933 0.5596
vn 0.0019 0.3428 -0.9394
vn 0.3757 -0.2863 -0.8814
vn 0.1457 -0.4376 0.8873
vn 0.0841 -0.6289 -0.7729
vn -0.0697 -0.9305 0.3594
vn 0.0595 0.3280 -0.9428
vn 0.1900 0.3158 -0.9296
vn 0.1978 -0.0072 -0.9802
vn -0.8255 0.3465 0.4455
vn -0.7375 0.0673 -0.6719
vn 0.2795 0.5308 0.8000
vn -0.0363 0.3392 0.9400
vn 0.1576 0.7425 0.6510
vn -0.3427 0.5058 -0.7916
vn -0.0374 0.9993 -0.0000
vn 0.0204 0.9576 0.2873
vn 0.2355 0.9634 -0.1276
vn -0.3923 0.4779 -0.7859
vn 0.8576 -0.4611 -0.2278
vn 0.7986 0.2884 -0.5282
vn 0.2786 0.9333 -0.2263
vn -0.3479 0.9335 0.0868
vn -0.4624 0.4178 0.7821
vn -0.3727 0.6022 0.7060
vn -0.1990 0.9035 0.3794
vn 0.8272 -0.4499 0.3366
vn 0.7550 -0.5346 -0.3798
vn -0.4899 0.3811 -0.7840
vn 0.4673 -0.3632 0.8060
vn 0.0335 -0.7995 -0.5997
vn 0.0932 -0.8802 0.4654
vn -0.0820 0.1168 -0.9897
vn -0.0862 0.1145 -0.9897
vn 0.0124 0.0980 0.9951
vn 0.4874 -0.1688 0.8567
vn 0.5845 -0.1201 -0.8024
vn -0.1001 0.0708 -0.9924
vn -0.3055 0.0339 0.9516
vn 0.0704 -0.2487 0.9660
vn -0.3695 0.7473 -0.5522
vn -0.2352 0.9206 -0.3118
vn -0.3394 0.9290 0.1473
vn -0.4400 0.6685 0.5996
vn 0.1329 -0.9892 0.0611
vn -0.6755 0.7374 -0.0016
vn 0.1875 0.4241 0.8859
vn -0.2554 -0.1115 -0.9604
vn 0.1033 0.4408 0.8916
vn 0.0235 0.3540 0.9349
vn -0.3447 -0.2596 -0.9021
vn 0.0037 -0.9249 -0.3802
vn 0.8263 -0.3938 -0.4026
vn -0.3375 -0.2406 -0.9100
vn -0.2749 -0.2278 -0.9341
vn -0.1556 -0.1533 -0.9758
vn 0.4412 0.2059 0.8734
vn 0.2353 0.4338 0.8697
vn 0.0303 0.3886 0.9209
vn 0.4563 -0.8874 -0.0657
vn 0.9977 -0.0651 0.0163
vn -0.7603 -0.6413 0.1033
vn -0.7765 -0.6265 -0.0678
vn -0.8124 -0.5830 -0.0051
vn -0.9029 0.2537 -0.3470
vn -0.8974 0.2610 0.3557
vn -0.9142 -0.2228 -0.3386
vn 0.3962 -0.1278 -0.9092
vn 0.3987 -0.1285 -0.9080
vn 0.2346 0.5254 0.8179
vn -0.4563 0.8778 0.1458
vn -0.1679 0.9791 -0.1142
vn -0.7188 0.6941 -0.0380
vn 0.4100 -0.1227 -0.9038
vn -0.2308 0.7008 -0.6749
vn -0.7195 0.2721 -0.6389
vn -0.7279 -0.6369 -0.2541
vn -0.6043 0.1982 -0.7717
vn -0.7715 0.2717 -0.5752
vn -0.4138 -0.8475 0.3323
vn 0.7092 -0.6568 0.2562
vn 0.4568 -0.3905 -0.7992
vn 0.8648 -0.5019 0.0108
vn 0.3809 -0.8050 0.4548
vn -0.7518 -0.3349 -0.5680
vn 0.2956 -0.9502 -0.0984
vn 0.5962 -0.7223 -0.3504
vn 0.7222 -0.5518 0.4170
vn -0.4074 0.2646 -0.8741
vn -0.0414 -0.0112 -0.9991
vn -0.2067 -0.1865 0.9604
vn -0.3112 0.0173 0.9502
vn -0.0964 0.1453 0.9846
vn -0.2501 0.4504 -0.8571
vn -0.6634 0.2200 -0.7152
vn -0.5941 0.1721 -0.7858
vn -0.5424 -0.1527 0.8261
vn -0.1691 -0.1673 0.9713
vn -0.3556 0.3058 -0.8832
vn -0.0592 0.7145 0.6971
vn -0.0416 -0.9704 0.2377
vn 0.9919 -0.0135 -0.1264
vn 0.0375 -0.5668 0.8230
vn -0.2297 -0.9250 -0.3027
vn -0.1775 -0.1673 0.9698
vn 0.5213 0.2650 -0.8112
vn -0.2818 -0.1077 0.9534
vn 0.3949 0.3364 -0.8549
vn -0.3739 -0.2103 0.9033
vn 0.1896 0.2883 -0.9385
vn 0.2445 -0.6797 -0.6915
vn 0.8123 -0.3957 0.4285
vn 0.3094 0.3034 -0.9012
vn 0.5311 0.2004 -0.8232
vn -0.1924 -0.0978 0.9764
vn -0.2445 -0.1004 0.9644
vn -0.3399 -0.1694 0.9250
vn 0.3725 -0.9258 0.0641
vn 0.5062 -0.1757 0.8443
vn 0.6737 -0.1004 -0.7321
vn 0.0732 -0.3467 0.9351
vn 0.2310 -0.7254 -0.6484
vn -0.1176 -0.8869 0.4467
vn 0.2844 0.3215 -0.9032
vn 0.3197 0.3363 -0.8858
vn -0.2412 -0.1549 0.9580
vn 0.2887 -0.5334 0.7950
vn 0.5178 -0.1020 -0.8494
vn 0.3336 0.4693 -0.8176
vn 0.1159 0.3982 0.9099
vn 0.5029 -0.3854 -0.7737
vn 0.5426 0.1668 0.8232
vn 0.5468 0.8369 -0.0244
vn 0.4606 0.6712 0.5808
vn 0.3234 0.6637 -0.6744
vn 0.6918 0.6967 -0.1896
vn 0.6490 0.6615 -0.3757
vn 0.6336 -0.7700 -0.0754
vn 0.7017 -0.7076 -0.0826
vn -0.0589 -0.2854 -0.9566
vn 0.2296 -0.0574 0.9716
vn -0.2233 -0.7837 -0.5796
vn 0.2381 -0.5188 -0.8210
vn 0.5727 -0.2555 -0.7789
vn 0.6026 0.1780 0.7779
vn -0.1245 -0.9070 0.4023
vn 0.4261 0.2634 0.8655
vn -0.1306 -0.2398 -0.9620
vn 0.2722 0.4511 0.8499
vn -0.2074 -0.1104 -0.9720
vn -0.2670 -0.1948 0.9438
vn -0.1277 -0.1891 0.9736
vn 0.3519 -0.3218 0.8789
vn 0.4765 -0.1099 -0.8723
vn 0.0525 0.3666 -0.9289
vn -0.1981 -0.0750 0.9773
vn 0.0329 -0.2326 0.9720
vn -0.1102 -0.8989 0.4240
vn 0.6019 0.2087 -0.7708
vn 0.0343 -0.7003 0.7130
vn 0.4711 -0.4450 -0.7616
vn 0.8906 -0.2628 -0.3710
vn 0.0723 0.4584 -0.8857
usemtl m0
s 1
f 545/1/1 843/2/2 817/3/3
f 843/2/2 545/1/1 833/4/4
f 1462/5/5 1444/6/6 1449/7/7
f 1444/6/6 1462/5/5 1456/8/8
f 1467/9/9 1445/10/10 1457/11/11
f 1445/10/10 1467/9/9 1453/12/12
f 1238/13/13 1269/14/14 1355/15/15
f 1269/14/14 1238/13/13 1234/16/16
f 1264/17/17 1246/18/18 1256/19/19
f 1246/18/18 1264/17/17 1252/20/20
f 1259/21/21 1245/22/22 1248/23/23
f 1245/22/22 1259/21/21 1255/24/24
f 1181/25/25 1244/26/26 1251/27/27
f 1244/26/26 1181/25/25 1217/28/28
f 1211/29/29 1243/30/30 1216/31/31
f 1243/30/30 1211/29/29 1247/32/32
f 97/33/33 261/34/34 107/35/35
f 261/34/34 97/33/33 278/36/36
f 116/37/37 277/38/38 96/39/39
f 277/38/38 116/37/37 270/40/40
f 269/41/41 125/42/42 250/43/43
f 125/42/42 269/41/41 115/44/44
f 1237/45/45 1200/46/46 1233/47/47
f 1200/46/46 1237/45/45 1196/48/48
f 1227/49/49 1191/50/50 1186/51/51
f 1191/50/50 1227/49/49 1223/52/52
f 1219/53/53 1180/54/54 1177/55/55
f 1180/54/54 1219/53/53 1215/56/56
f 1218/57/57 1210/58/58 1214/59/59
f 1210/58/58 1218/57/57 1206/60/60
f 1436/61/61 1468/62/62 1554/63/63
f 1468/62/62 1436/61/61 1432/64/64
f 766/65/65 1098/66/66 1093/67/67
f 1098/66/66 766/65/65 1169/68/68
f 1510/69/69 1498/70/70 1506/71/71
f 1498/70/70 1510/69/69 1502/72/72
f 1519/73/73 1499/74/74 1515/75/75
f 1499/74/74 1519/73/73 1507/76/76
f 1329/77/77 1301/78/78 1304/79/79
f 1301/78/78 1329/77/77 1325/80/80
f 842/81/81 813/82/82 816/83/83
f 813/82/82 842/81/81 838/84/84
f 839/85/85 822/86/86 814/87/87
f 822/86/86 839/85/85 847/88/88
f 622/89/89 543/90/90 602/91/91
f 543/90/90 622/89/89 582/92/92
f 611/93/93 542/94/94 553/95/95
f 542/94/94 611/93/93 601/96/96
f 902/97/97 501/98/98 897/99/99
f 501/98/98 902/97/97 892/100/100
f 918/101/101 522/102/102 912/103/103
f 522/102/102 918/101/101 908/104/104
f 604/105/105 675/106/106 950/107/107
f 675/106/106 604/105/105 583/108/108
f 591/109/109 541/110/110 581/111/111
f 541/110/110 591/109/109 561/112/112
f 572/113/113 540/114/114 560/115/115
f 540/114/114 572/113/113 552/116/116
f 1320/117/117 1300/118/118 1316/119/119
f 1300/118/118 1320/117/117 1308/120/120
f 1311/121/121 1299/122/122 1307/123/123
f 1299/122/122 1311/121/121 1303/124/124
f 410/125/125 480/126/126 662/127/127
f 480/126/126 410/125/125 400/128/128
f 462/129/129 484/130/130 453/131/131
f 484/130/130 462/129/129 433/132/132
f 469/133/133 422/134/134 450/135/135
f 422/134/134 469/133/133 440/136/136
f 458/137/137 421/138/138 431/139/139
f 421/138/138 458/137/137 449/140/140
f 297/141/141 420/142/142 439/143/143
f 420/142/142 297/141/141 366/144/144
f 356/145/145 419/146/146 365/147/147
f 419/146/146 356/145/145 430/148/148
f 409/149/149 337/150/150 399/151/151
f 337/150/150 409/149/149 326/152/152
f 373/153/153 355/154/154 363/155/155
f 355/154/154 373/153/153 346/156/156
f 391/157/157 315/158/158 308/159/159
f 315/158/158 391/157/157 381/160/160
f 374/161/161 296/162/162 289/163/163
f 296/162/162 374/161/161 364/164/164
f 1582/165/165 23/166/166 42/167/167
f 23/166/166 1582/165/165 1615/168/168
f 985/169/169 1080/170/170 1086/171/171
f 1080/170/170 985/169/169 1002/172/172
f 1474/173/173 1434/174/174 1424/175/175
f 1434/174/174 1474/173/173 1470/176/176
f 1015/177/177 1096/178/178 1102/179/179
f 1096/178/178 1015/177/177 1027/180/180
f 62/181/181 24/182/182 35/183/183
f 24/182/182 62/181/181 51/184/184
f 1631/185/185 1589/186/186 1621/187/187
f 1589/186/186 1631/185/185 1599/188/188
f 1152/189/189 1141/190/190 1155/191/191
f 1141/190/190 1152/189/189 885/192/192
f 1508/193/193 1460/194/194 1511/195/195
f 1460/194/194 1508/193/193 1454/196/196
f 1521/197/197 1455/198/198 1509/199/199
f 1455/198/198 1521/197/197 1464/200/200
f 423/201/201 1121/202/202 1126/203/203
f 1121/202/202 423/201/201 1117/204/204
f 88/205/205 1630/206/206 263/207/207
f 1630/206/206 88/205/205 1624/208/208
f 71/209/209 25/210/210 52/211/211
f 25/210/210 71/209/209 43/212/212
f 1567/213/213 1475/214/214 1571/215/215
f 1475/214/214 1567/213/213 1471/216/216
f 211/217/217 1118/218/218 425/219/219
f 1118/218/218 211/217/217 1113/220/220
f 210/221/221 137/222/222 190/223/223
f 137/222/222 210/221/221 173/224/224
f 200/225/225 136/226/226 145/227/227
f 136/226/226 200/225/225 189/228/228
f 1119/229/229 800/230/230 820/231/231
f 800/230/230 1119/229/229 1114/232/232
f 182/233/233 135/234/234 172/235/235
f 135/234/234 182/233/233 154/236/236
f 165/237/237 134/238/238 153/239/239
f 134/238/238 165/237/237 144/240/240
f 1124/241/241 1109/242/242 1130/243/243
f 1109/242/242 1124/241/241 853/244/244
f 13/245/245 79/246/246 251/247/247
f 79/246/246 13/245/245 1634/248/248
f 1528/249/249 1500/250/250 1503/251/251
f 1500/250/250 1528/249/249 1524/252/252
f 772/253/253 1174/254/254 6/255/255
f 1174/254/254 772/253/253 1171/256/256
f 1533/257/257 1501/258/258 1525/259/259
f 1501/258/258 1533/257/257 1516/260/260
f 1005/261/261 1527/262/262 1088/263/263
f 1527/262/262 1005/261/261 1535/264/264
f 1087/265/265 1530/266/266 1017/267/267
f 1530/266/266 1087/265/265 1526/268/268
f 1473/269/269 1426/270/270 1561/271/271
f 1426/270/270 1473/269/269 1422/272/272
f 1023/273/273 1488/274/274 1476/275/275
f 1488/274/274 1023/273/273 1011/276/276
f 1618/277/277 1610/278/278 1612/279/279
f 1610/278/278 1618/277/277 1605/280/280
f 976/281/281 188/282/282 1073/283/283
f 188/282/282 976/281/281 207/284/284
f 1072/285/285 197/286/286 752/287/287
f 197/286/286 1072/285/285 187/288/288
f 998/289/289 114/290/290 95/291/291
f 114/290/290 998/289/289 982/292/292
f 1619/293/293 1581/294/294 1577/295/295
f 1581/294/294 1619/293/293 1613/296/296
f 1433/297/297 1390/298/298 1423/299/299
f 1390/298/298 1433/297/297 1400/300/300
f 268/301/301 86/302/302 276/303/303
f 86/302/302 268/301/301 78/304/304
f 1629/305/305 1592/306/306 1587/307/307
f 1592/306/306 1629/305/305 1623/308/308
f 179/309/309 50/310/310 152/311/311
f 50/310/310 179/309/309 68/312/312
f 151/313/313 60/314/314 162/315/315
f 60/314/314 151/313/313 49/316/316
f 85/317/317 1632/318/318 1622/319/319
f 1632/318/318 85/317/317 77/320/320
f 1611/321/321 22/322/322 1614/323/323
f 22/322/322 1611/321/321 34/324/324
f 456/325/325 896/326/325 916/327/325
f 896/326/325 456/325/325 487/328/326
f 312/329/327 83/330/328 141/331/329
f 83/330/328 312/329/327 274/332/330
f 38/333/331 90/334/332 46/335/333
f 90/334/332 38/333/331 112/336/334
f 193/337/335 120/338/336 176/339/337
f 120/338/336 193/337/335 131/340/338
f 1568/341/339 1495/342/340 1559/343/341
f 1495/342/340 1568/341/339 1489/344/342
f 1369/345/343 1297/346/344 1360/347/345
f 1297/346/344 1369/345/343 1290/348/346
f 281/349/347 236/350/348 243/351/349
f 236/350/348 281/349/347 292/352/350
f 1291/353/351 1373/354/352 1278/355/353
f 1373/354/352 1291/353/351 1370/356/354
f 349/357/355 121/358/356 301/359/357
f 121/358/356 349/357/355 177/360/358
f 933/361/359 1328/362/360 1031/363/361
f 1328/362/360 933/361/359 1336/364/362
f 1030/365/363 1331/366/364 760/367/365
f 1331/366/364 1030/365/363 1327/368/366
f 944/369/367 1289/370/368 1277/371/369
f 1289/370/368 944/369/367 699/372/370
f 377/373/371 369/374/372 28/375/373
f 369/374/372 377/373/371 387/376/374
f 388/377/375 225/378/376 370/379/377
f 225/378/376 388/377/375 397/380/378
f 1279/381/379 1366/382/380 1286/383/381
f 1366/382/380 1279/381/379 1374/384/382
f 1490/385/383 1572/386/384 1477/387/385
f 1572/386/384 1490/385/383 1569/388/386
f 1368/389/387 1276/390/388 1372/391/389
f 1276/390/388 1368/389/387 1272/392/390
f 1478/393/391 1565/394/392 1485/395/393
f 1565/394/392 1478/393/391 1573/396/394
f 1322/397/395 1258/398/396 1310/399/397
f 1258/398/396 1322/397/395 1266/400/398
f 1309/401/399 1262/402/400 1313/403/401
f 1262/402/400 1309/401/399 1257/404/402
f 110/405/403 72/406/404 99/407/405
f 72/406/404 110/405/403 36/408/406
f 129/409/407 100/410/408 118/411/409
f 100/410/408 129/409/407 111/412/410
f 155/413/411 138/414/412 403/415/413
f 138/414/412 155/413/411 146/416/414
f 191/417/415 166/418/416 183/419/417
f 166/418/416 191/417/415 174/420/418
f 376/421/419 167/422/420 385/423/421
f 167/422/420 376/421/419 184/424/422
f 139/425/423 89/426/424 404/427/425
f 89/426/424 139/425/423 81/428/426
f 101/429/427 234/430/428 290/431/429
f 234/430/428 101/429/427 73/432/430
f 299/433/431 102/434/432 291/435/433
f 102/434/432 299/433/431 119/436/434
f 309/437/435 329/438/436 414/439/437
f 329/438/436 309/437/435 318/440/438
f 348/441/439 168/442/440 175/443/441
f 168/442/440 348/441/439 341/444/442
f 386/445/443 342/446/444 396/447/445
f 342/446/444 386/445/443 169/448/446
f 499/449/447 670/450/448 510/451/449
f 670/450/448 499/449/447 689/452/450
f 280/453/451 310/454/452 415/455/453
f 310/454/452 280/453/451 272/456/454
f 520/457/455 688/458/456 498/459/457
f 688/458/456 520/457/455 681/460/458
f 680/461/459 530/462/460 661/463/461
f 530/462/460 680/461/459 519/464/462
f 265/465/463 203/466/464 64/467/465
f 203/466/464 265/465/463 360/468/466
f 12/469/467 1602/470/468 1633/471/469
f 1602/470/468 12/469/467 1597/472/470
f 254/473/471 65/474/472 54/475/473
f 65/474/472 254/473/471 266/476/474
f 273/477/475 55/478/476 82/479/477
f 55/478/476 273/477/475 255/480/478
f 319/481/479 140/482/480 148/483/481
f 140/482/480 319/481/479 311/484/482
f 1235/485/483 1193/486/484 1225/487/485
f 1193/486/484 1235/485/483 1202/488/486
f 787/489/487 623/490/488 795/491/489
f 623/490/488 787/489/487 635/492/490
f 1383/493/491 1443/494/492 1452/495/493
f 1443/494/492 1383/493/491 1416/496/494
f 648/497/495 656/498/496 667/499/497
f 656/498/496 648/497/495 637/500/498
f 684/501/499 668/502/500 657/503/501
f 668/502/500 684/501/499 677/504/502
f 678/505/503 696/506/504 953/507/505
f 696/506/504 678/505/503 685/508/506
f 701/509/507 710/510/508 941/511/509
f 710/510/508 701/509/507 706/512/510
f 1421/513/511 1382/514/512 1378/515/513
f 1382/514/512 1421/513/511 1414/516/514
f 1431/517/515 1393/518/516 1388/519/517
f 1393/518/516 1431/517/515 1425/520/518
f 401/521/519 317/522/519 383/523/519
f 317/522/519 401/521/519 339/524/519
f 1441/525/520 1403/526/521 1435/527/522
f 1403/526/521 1441/525/520 1398/528/523
f 712/529/524 762/530/525 942/531/526
f 762/530/525 712/529/524 742/532/527
f 1274/533/528 1228/534/529 1362/535/530
f 1228/534/529 1274/533/528 1224/536/531
f 1412/537/532 1442/538/533 1415/539/534
f 1442/538/533 1412/537/532 1448/540/535
f 490/541/536 392/542/537 672/543/538
f 392/542/537 490/541/536 382/544/539
f 780/545/540 534/546/541 594/547/542
f 534/546/541 780/545/540 492/548/543
f 634/549/544 725/550/545 654/551/546
f 725/550/545 634/549/544 785/552/547
f 786/553/548 763/554/549 726/555/550
f 763/554/549 786/553/548 790/556/551
f 1172/557/552 764/558/553 791/559/554
f 764/558/553 1172/557/552 1168/560/555
f 603/561/556 600/562/557 614/563/558
f 600/562/557 603/561/556 619/564/559
f 1334/565/560 1302/566/561 1326/567/562
f 1302/566/561 1334/565/560 1317/568/563
f 613/569/564 609/570/565 970/571/566
f 609/570/565 613/569/564 599/572/567
f 691/573/568 518/574/569 497/575/570
f 518/574/569 691/573/568 954/576/571
f 1275/577/572 1236/578/573 1226/579/574
f 1236/578/573 1275/577/572 1271/580/575
f 812/581/576 799/582/577 797/583/578
f 799/582/577 812/581/576 819/584/579
f 679/585/580 488/586/581 687/587/582
f 488/586/581 679/585/580 479/588/583
f 889/589/584 1153/590/584 871/591/585
f 1153/590/584 889/589/584 1149/592/586
f 5/593/587 320/594/588 150/595/589
f 320/594/588 5/593/587 213/596/590
f 593/597/591 448/598/592 563/599/593
f 448/598/592 593/597/591 472/600/594
f 562/601/595 461/602/596 573/603/597
f 461/602/596 562/601/595 451/604/598
f 727/605/599 1083/606/600 1077/607/601
f 1083/606/600 727/605/599 767/608/602
f 491/609/603 402/610/604 384/611/605
f 402/610/604 491/609/603 482/612/606
f 504/613/607 477/614/608 495/615/609
f 477/614/608 504/613/607 486/616/610
f 526/617/611 447/618/612 455/619/613
f 447/618/612 526/617/611 516/620/614
f 1420/621/615 1411/622/616 1413/623/617
f 1411/622/616 1420/621/615 1407/624/618
f 578/625/619 558/626/620 517/627/621
f 558/626/620 578/625/619 568/628/622
f 815/629/623 796/630/624 624/631/625
f 796/630/624 815/629/623 811/632/626
f 1013/633/627 1099/634/627 1068/635/627
f 1100/636/628 777/637/628 1069/638/628
f 930/639/629 1014/640/629 1070/641/629
f 1071/642/630 778/643/630 946/644/630
f 1050/645/631 935/646/631 577/647/631
f 515/648/632 525/649/632 1051/650/632
f 1043/651/633 894/652/633 903/653/633
f 564/654/634 1028/655/634 758/656/634
f 513/657/635 555/658/635 443/659/635
f 452/660/636 913/661/636 523/662/636
f 474/663/637 535/664/637 493/665/637
f 1065/666/638 1049/667/638 1020/668/638
f 1042/669/639 1007/670/639 921/671/639
f 746/672/640 1095/673/640 1026/674/640
f 945/675/641 927/676/641 1067/677/641
f 576/678/642 934/679/642 1032/680/642
f 257/681/643 285/682/643 246/683/643
f 256/684/644 275/685/644 284/686/644
f 93/687/645 84/688/645 56/689/645
f 332/690/646 352/691/646 418/692/646
f 303/693/647 417/694/647 351/695/647
f 133/696/648 195/697/648 407/698/648
f 881/699/649 860/700/649 856/701/649
f 872/702/650 836/703/650 436/704/651
f 877/705/652 1138/706/652 845/707/652
f 647/708/653 627/709/653 636/710/653
f 835/711/654 876/712/654 844/713/654
f 205/714/655 76/715/655 39/716/655
f 293/717/656 283/718/656 302/719/656
f 267/720/657 244/721/657 361/722/657
f 350/723/658 330/724/658 343/725/658
f 282/726/659 416/727/659 300/728/659
f 113/729/660 132/730/660 92/731/660
f 66/732/661 204/733/661 47/734/661
f 194/735/662 185/736/662 157/737/662
f 192/738/663 156/739/663 406/740/663
f 130/741/664 405/742/664 91/743/664
f 202/744/665 359/745/665 75/746/665
f 147/747/666 18/748/666 4/749/666
f 235/750/667 74/751/667 358/752/667
f 253/753/668 242/754/668 264/755/668
f 328/756/669 395/757/669 340/758/669
f 201/759/670 37/760/670 45/761/670
f 44/762/671 53/763/671 63/764/671
f 886/765/672 1148/766/672 862/767/672
f 880/768/673 1156/769/673 1142/770/673
f 887/771/674 864/772/674 1144/773/674
f 854/774/675 1123/775/675 848/776/675
f 473/777/676 832/778/676 544/779/676
f 824/780/677 442/781/677 554/782/677
f 1/783/678 720/784/678 768/785/678
f 703/786/679 773/787/679 724/788/679
f 1081/789/680 736/790/680 729/791/680
f 539/792/681 549/793/681 649/794/681
f 598/795/682 538/796/682 588/797/682
f 658/798/683 735/799/683 686/800/683
f 20/801/684 149/802/684 159/803/684
f 21/804/685 160/805/685 380/806/685
f 333/807/686 227/808/686 398/809/686
f 427/810/687 334/811/687 321/812/687
f 428/813/688 322/814/688 214/815/688
f 446/816/689 867/817/689 465/818/689
f 548/819/690 537/820/690 478/821/690
f 587/822/691 607/823/691 597/824/691
f 717/825/692 711/826/692 707/827/692
f 741/828/693 1161/829/693 559/830/693
f 378/831/694 158/832/694 186/833/694
f 226/834/695 331/835/695 426/836/695
f 237/837/696 362/838/696 245/839/696
f 19/840/697 379/841/697 29/842/697
f 48/843/698 94/844/698 57/845/698
f 1190/846/699 1339/847/699 1185/848/699
f 1176/849/700 1184/850/700 1189/851/700
f 719/852/701 1107/853/701 1162/854/701
f 718/855/702 708/856/702 723/857/702
f 810/858/703 7/859/703 1175/860/703
f 1101/861/704 1170/862/704 771/863/704
f 1116/864/705 215/865/705 809/866/705
f 804/867/706 808/868/706 794/869/706
f 1137/870/707 831/871/707 1167/872/707
f 31/873/708 1136/874/708 1166/875/708
f 1160/876/709 1106/877/709 1165/878/709
f 740/879/710 716/880/710 1159/881/710
f 1158/882/711 1164/883/711 830/884/711
f 1105/885/712 30/886/712 1163/887/712
f 437/888/713 467/889/713 875/890/713
f 891/891/714 466/892/714 869/893/714
f 846/894/715 1143/895/715 841/896/715
f 1480/897/716 988/898/716 1022/899/716
f 1404/900/717 1417/901/717 1544/902/717
f 1491/903/718 1487/904/718 1010/905/718
f 1555/906/719 1469/907/719 1566/908/719
f 1472/909/720 1560/910/720 1570/911/720
f 1406/912/721 1549/913/721 1397/914/721
f 1392/915/722 1543/916/722 1387/917/722
f 1377/918/723 1381/919/723 1386/920/723
f 781/921/724 1034/922/724 494/923/724
f 575/924/725 1029/925/725 566/926/725
f 965/927/726 957/928/726 1058/929/726
f 999/930/727 966/931/727 1059/932/727
f 732/933/728 1060/934/728 958/935/728
f 683/936/729 733/937/729 694/938/729
f 782/939/730 595/940/730 615/941/730
f 616/942/731 972/943/731 783/944/731
f 899/945/732 1035/946/732 978/947/732
f 750/948/733 1041/949/733 755/950/733
f 980/951/734 1074/952/734 900/953/734
f 1061/954/735 1078/955/735 1001/956/735
f 1062/957/736 734/958/736 1079/959/736
f 1084/960/737 743/961/737 984/962/737
f 1024/963/738 995/964/738 744/965/738
f 1085/966/739 1094/967/739 745/968/739
f 920/969/740 1006/970/740 1089/971/740
f 1019/972/741 910/973/741 1090/974/741
f 67/975/742 258/976/742 1626/977/742
f 9/978/743 58/979/743 32/980/743
f 178/981/744 103/982/744 259/983/744
f 829/984/745 861/985/745 866/986/745
f 1268/987/746 1324/988/746 1365/989/746
f 1263/990/747 1242/991/747 1359/992/747
f 1296/993/748 1315/994/748 1358/995/748
f 1194/996/749 1354/997/749 1344/998/749
f 1204/999/750 1199/1000/750 1350/1001/750
f 1188/1002/751 1343/1003/751 1179/1004/751
f 1208/1005/752 1349/1006/752 1198/1007/752
f 939/1008/753 761/1009/753 1333/1010/753
f 1493/1011/754 1505/1012/754 1512/1013/754
f 1401/1014/755 1545/1015/755 1551/1016/755
f 1546/1017/756 1418/1018/756 1538/1019/756
f 1440/1020/757 1447/1021/757 1409/1022/757
f 1380/1023/758 1429/1024/758 1384/1025/758
f 1451/1026/759 1465/1027/759 1430/1028/759
f 1518/1029/760 1536/1030/760 1484/1031/760
f 1539/1032/761 1552/1033/761 1547/1034/761
f 926/1035/762 1018/1036/762 1531/1037/762
f 1540/1038/763 1419/1039/763 1375/1040/763
f 471/1041/764 592/1042/764 674/1043/764
f 460/1044/765 413/1045/765 664/1046/765
f 589/1047/766 579/1048/766 506/1049/766
f 1492/1050/767 1529/1051/767 1504/1052/767
f 1534/1053/768 991/1054/768 1483/1055/768
f 1522/1056/769 1517/1057/769 1482/1058/769
f 1459/1059/770 1439/1060/770 1556/1061/770
f 1520/1062/771 1481/1063/771 1563/1064/771
f 1438/1065/772 1458/1066/772 1446/1067/772
f 1463/1068/773 1562/1069/773 1428/1070/773
f 1394/1071/774 1437/1072/774 1408/1073/774
f 1379/1074/775 1450/1075/775 1427/1076/775
f 1399/1077/776 1550/1078/776 1389/1079/776
f 1591/1080/777 221/1081/777 1586/1082/777
f 1604/1083/778 1596/1084/778 1609/1085/778
f 87/1086/779 262/1087/779 279/1088/779
f 252/1089/780 80/1090/780 271/1091/780
f 117/1092/781 987/1093/781 128/1094/781
f 1606/1095/782 1620/1096/782 233/1097/782
f 109/1098/783 969/1099/783 1003/1100/783
f 1598/1101/784 238/1102/784 1588/1103/784
f 1578/1104/785 40/1105/785 1625/1106/785
f 1593/1107/786 8/1108/786 1607/1109/786
f 247/1110/787 161/1111/787 59/1112/787
f 180/1113/788 170/1114/788 104/1115/788
f 206/1116/789 960/1117/789 105/1118/789
f 122/1119/790 196/1120/790 142/1121/790
f 1600/1122/791 228/1123/791 239/1124/791
f 229/1125/792 1616/1126/792 216/1127/792
f 123/1128/793 143/1129/793 163/1130/793
f 10/1131/794 33/1132/794 1608/1133/794
f 1579/1134/795 1627/1135/795 1583/1136/795
f 41/1137/796 69/1138/796 1628/1139/796
f 171/1140/797 208/1141/797 106/1142/797
f 217/1143/798 240/1144/798 230/1145/798
f 218/1146/799 1617/1147/799 1574/1148/799
f 992/1149/800 754/1150/800 198/1151/800
f 1603/1152/801 231/1153/801 1594/1154/801
f 1584/1155/802 219/1156/802 1575/1157/802
f 1601/1158/803 1595/1159/803 232/1160/803
f 1590/1161/804 241/1162/804 220/1163/804
f 124/1164/805 164/1165/805 248/1166/805
f 61/1167/806 11/1168/806 249/1169/806
f 1405/1170/807 1395/1171/807 1410/1172/807
f 837/1173/808 874/1174/808 879/1175/808
f 863/1176/809 1147/1177/809 868/1178/809
f 1044/1179/810 751/1180/810 1009/1181/810
f 1036/1182/811 1056/1183/811 981/1184/811
f 936/1185/812 1052/1186/812 1066/1187/812
f 1045/1188/813 904/1189/813 756/1190/813
f 915/1191/814 895/1192/814 1046/1193/814
f 505/1194/815 496/1195/815 1037/1196/815
f 784/1197/816 974/1198/816 1038/1199/816
f 1053/1200/817 911/1201/817 1021/1202/817
f 702/1203/818 948/1204/818 779/1205/818
f 986/1206/819 747/1207/819 997/1208/819
f 1057/1209/820 1039/1210/820 975/1211/820
f 502/1212/821 893/1213/821 483/1214/821
f 503/1215/822 1033/1216/822 898/1217/822
f 914/1218/823 1040/1219/823 919/1220/823
f 514/1221/824 1047/1222/824 574/1223/824
f 730/1224/825 956/1225/825 693/1226/825
f 704/1227/826 698/1228/826 775/1229/826
f 909/1230/827 1048/1231/827 524/1232/827
f 1385/1233/828 1541/1234/828 1376/1235/828
f 1402/1236/829 1396/1237/829 1548/1238/829
f 1391/1239/830 1553/1240/830 1542/1241/830
f 1494/1242/831 1513/1243/831 1557/1244/831
f 1558/1245/832 1514/1246/832 1461/1247/832
f 1466/1248/833 1523/1249/833 1564/1250/833
f 1479/1251/834 1486/1252/834 1025/1253/834
f 1496/1254/835 1012/1255/835 928/1256/835
f 1497/1257/836 929/1258/836 1532/1259/836
f 1008/1260/837 996/1261/837 1537/1262/837
f 1576/1263/838 1580/1264/838 1585/1265/838
f 828/1266/839 865/1267/839 444/1268/839
f 445/1269/840 463/1270/840 454/1271/840
f 475/1272/841 485/1273/841 434/1274/841
f 476/1275/842 435/1276/842 834/1277/842
f 798/1278/843 803/1279/843 789/1280/843
f 870/1281/844 464/1282/844 888/1283/844
f 1321/1284/845 1282/1285/845 1364/1286/845
f 1357/1287/846 1312/1288/846 1261/1289/846
f 1323/1290/847 1318/1291/847 1283/1292/847
f 1335/1293/848 925/1294/848 1284/1295/848
f 1293/1296/849 1330/1297/849 1305/1298/849
f 1203/1299/850 1346/1300/850 1352/1301/850
f 1347/1302/851 1221/1303/851 1340/1304/851
f 1294/1305/852 938/1306/852 1332/1307/852
f 1295/1308/853 1306/1309/853 1314/1310/853
f 1241/1311/854 1250/1312/854 1213/1313/854
f 1183/1314/855 1231/1315/855 1187/1316/855
f 1254/1317/856 1267/1318/856 1232/1319/856
f 1319/1320/857 1337/1321/857 1285/1322/857
f 1341/1323/858 1353/1324/858 1348/1325/858
f 1342/1326/859 1222/1327/859 1178/1328/859
f 1139/1329/860 850/1330/860 840/1331/860
f 851/1332/861 882/1333/861 857/1334/861
f 852/1335/862 1140/1336/862 883/1337/862
f 1150/1338/863 890/1339/863 1145/1340/863
f 873/1341/864 1154/1342/864 878/1343/864
f 884/1344/865 1151/1345/865 1146/1346/865
f 722/1347/866 16/1348/866 713/1349/866
f 17/1350/867 1104/1351/867 714/1352/867
f 748/1353/868 989/1354/868 1004/1355/868
f 1075/1356/869 905/1357/869 901/1358/869
f 757/1359/870 906/1360/870 1076/1361/870
f 907/1362/871 917/1363/871 1091/1364/871
f 1103/1365/872 14/1366/872 26/1367/872
f 1131/1368/873 27/1369/873 367/1370/873
f 1132/1371/874 222/1372/874 1127/1373/874
f 424/1374/875 1128/1375/875 223/1376/875
f 1133/1377/876 1129/1378/876 1108/1379/876
f 1134/1380/877 368/1381/877 224/1382/877
f 1122/1383/878 1120/1384/878 821/1385/878
f 805/1386/879 1173/1387/879 792/1388/879
f 2/1389/880 15/1390/880 721/1391/880
f 212/1392/881 3/1393/881 806/1394/881
f 1115/1395/882 807/1396/882 801/1397/882
f 858/1398/883 1110/1399/883 855/1400/883
f 788/1401/884 802/1402/884 793/1403/884
f 705/1404/885 776/1405/885 770/1406/885
f 655/1407/886 728/1408/886 731/1409/886
f 565/1410/887 737/1411/887 556/1412/887
f 738/1413/888 709/1414/888 715/1415/888
f 644/1416/889 665/1417/889 584/1418/889
f 625/1419/890 546/1420/890 818/1421/890
f 645/1422/891 547/1423/891 626/1424/891
f 557/1425/892 1157/1426/892 825/1427/892
f 1111/1428/893 859/1429/893 826/1430/893
f 1135/1431/894 1112/1432/894 827/1433/894
f 646/1434/895 585/1435/895 536/1436/895
f 666/1437/896 676/1438/896 586/1439/896
f 739/1440/897 567/1441/897 759/1442/897
f 606/1443/898 617/1444/898 596/1445/898
f 823/1446/899 849/1447/899 1125/1448/899
f 347/1449/900 375/1450/900 643/1451/900
f 512/1452/901 952/1453/901 695/1454/901
f 338/1455/902 653/1456/902 316/1457/902
f 298/1458/903 441/1459/903 393/1460/903
f 327/1461/904 411/1462/904 357/1463/904
f 470/1464/905 673/1465/905 394/1466/905
f 412/1467/906 459/1468/906 432/1469/906
f 618/1470/907 949/1471/907 507/1472/907
f 527/1473/908 608/1474/908 550/1475/908
f 335/1476/909 638/1477/909 650/1478/909
f 639/1479/910 371/1480/910 628/1481/910
f 528/1482/911 551/1483/911 569/1484/911
f 408/1485/912 429/1486/912 353/1487/912
f 294/1488/913 389/1489/913 304/1490/913
f 438/1491/914 468/1492/914 390/1493/914
f 580/1494/915 620/1495/915 508/1496/915
f 629/1497/916 651/1498/916 640/1499/916
f 630/1500/917 372/1501/917 286/1502/917
f 344/1503/918 641/1504/918 323/1505/918
f 305/1506/919 631/1507/919 287/1508/919
f 336/1509/920 324/1510/920 642/1511/920
f 313/1512/921 652/1513/921 632/1514/921
f 529/1515/922 570/1516/922 659/1517/922
f 660/1518/923 571/1519/923 457/1520/923
f 590/1521/924 509/1522/924 669/1523/924
f 500/1524/925 511/1525/925 692/1526/925
f 955/1527/926 963/1528/926 531/1529/926
f 532/1530/927 964/1531/927 610/1532/927
f 937/1533/928 931/1534/928 1338/1535/928
f 1298/1536/929 700/1537/929 940/1538/929
f 1280/1539/930 1287/1540/930 947/1541/930
f 961/1542/931 1054/1543/931 971/1544/931
f 962/1545/932 977/1546/932 1055/1547/932
f 753/1548/933 990/1549/933 749/1550/933
f 1063/1551/934 922/1552/934 932/1553/934
f 1064/1554/935 1016/1555/935 924/1556/935
f 774/1557/936 1097/1558/936 769/1559/936
f 765/1560/937 1092/1561/937 1082/1562/937
f 1205/1563/938 1195/1564/938 1209/1565/938
f 1273/1566/939 1361/1567/939 1371/1568/939
f 1356/1569/940 1270/1570/940 1367/1571/940
f 1292/1572/941 1288/1573/941 697/1574/941
f 1207/1575/942 1220/1576/942 1345/1577/942
f 1281/1578/943 923/1579/943 943/1580/943
f 1201/1581/944 1351/1582/944 1192/1583/944
f 1182/1584/945 1253/1585/945 1229/1586/945
f 1197/1587/946 1239/1588/946 1212/1589/946
f 1265/1590/947 1363/1591/947 1230/1592/947
f 1240/1593/948 1260/1594/948 1249/1595/948
f 605/1596/949 951/1597/949 621/1598/949
f 70/1599/950 181/1600/950 260/1601/950
f 98/1602/951 108/1603/951 1000/1604/951
f 983/1605/952 993/1606/952 126/1607/952
f 127/1608/953 994/1609/953 199/1610/953
f 979/1611/954 967/1612/954 209/1613/954
f 288/1614/955 295/1615/955 306/1616/955
f 314/1617/956 633/1618/956 307/1619/956
f 345/1620/957 325/1621/957 354/1622/957
f 489/1623/958 671/1624/958 690/1625/958
f 663/1626/959 481/1627/959 682/1628/959
f 521/1629/960 959/1630/960 533/1631/960
f 968/1632/961 973/1633/961 612/1634/961
