# Blender v2.79 (sub 0) OBJ File: ''
# www.blender.org
mtllib right hand 5.mtl
o n0b0_n0b0.004
v 1.805078 0.357031 -2.207422
v 1.805078 0.357031 -2.207422
v 1.805078 0.357031 -2.207422
v 1.805078 0.357031 -2.207422
v 1.805078 0.357031 -2.207422
v 1.805078 0.357031 -2.207422
v 5.784375 -0.551172 0.003125
v 5.784375 -0.551172 0.003125
v 5.784375 -0.551172 0.003125
v 5.784375 -0.551172 0.003125
v 5.784375 -0.551172 0.003125
v 5.784375 -0.551172 0.003125
v 1.869922 0.269531 -2.423047
v 1.869922 0.269531 -2.423047
v 1.869922 0.269531 -2.423047
v 1.869922 0.269531 -2.423047
v 1.869922 0.269531 -2.423047
v 1.869922 0.269531 -2.423047
v 6.488672 -0.310156 0.496484
v 6.488672 -0.310156 0.496484
v 6.488672 -0.310156 0.496484
v 6.488672 -0.310156 0.496484
v 0.950391 -0.041797 -2.567578
v 0.950391 -0.041797 -2.567578
v 0.950391 -0.041797 -2.567578
v 0.950391 -0.041797 -2.567578
v 0.950391 -0.041797 -2.567578
v 6.242188 -0.399609 0.083594
v 6.242188 -0.399609 0.083594
v 6.242188 -0.399609 0.083594
v 6.242188 -0.399609 0.083594
v 4.613281 -0.303125 -2.426563
v 4.613281 -0.303125 -2.426563
v 4.613281 -0.303125 -2.426563
v 4.613281 -0.303125 -2.426563
v 6.324219 -0.435156 0.927734
v 6.324219 -0.435156 0.927734
v 6.324219 -0.435156 0.927734
v 6.324219 -0.435156 0.927734
v 4.381641 -0.084766 -2.167969
v 4.381641 -0.084766 -2.167969
v 4.381641 -0.084766 -2.167969
v 4.381641 -0.084766 -2.167969
v 4.381641 -0.084766 -2.167969
v 6.188672 0.172656 0.544531
v 6.188672 0.172656 0.544531
v 6.188672 0.172656 0.544531
v 6.188672 0.172656 0.544531
v 3.802734 -0.136328 -1.787500
v 3.802734 -0.136328 -1.787500
v 3.802734 -0.136328 -1.787500
v 3.802734 -0.136328 -1.787500
v 3.802734 -0.136328 -1.787500
v 6.005859 0.036719 0.130469
v 6.005859 0.036719 0.130469
v 6.005859 0.036719 0.130469
v 6.005859 0.036719 0.130469
v 6.005859 0.036719 0.130469
v 4.380078 -0.310156 -1.703516
v 4.380078 -0.310156 -1.703516
v 4.380078 -0.310156 -1.703516
v 4.380078 -0.310156 -1.703516
v 6.066797 0.010156 0.973828
v 6.066797 0.010156 0.973828
v 6.066797 0.010156 0.973828
v 6.066797 0.010156 0.973828
v 6.066797 0.010156 0.973828
v 4.728906 -0.760547 -2.534375
v 4.728906 -0.760547 -2.534375
v 4.728906 -0.760547 -2.534375
v 4.728906 -0.760547 -2.534375
v 4.728906 -0.760547 -2.534375
v 5.000000 -0.748047 0.358984
v 5.000000 -0.748047 0.358984
v 5.000000 -0.748047 0.358984
v 5.000000 -0.748047 0.358984
v 3.394531 -0.104688 -1.908203
v 3.394531 -0.104688 -1.908203
v 3.394531 -0.104688 -1.908203
v 3.394531 -0.104688 -1.908203
v 5.028906 -0.763672 0.751172
v 5.028906 -0.763672 0.751172
v 5.028906 -0.763672 0.751172
v 5.028906 -0.763672 0.751172
v 3.627344 -0.008203 -2.496094
v 3.627344 -0.008203 -2.496094
v 3.627344 -0.008203 -2.496094
v 3.627344 -0.008203 -2.496094
v 3.627344 -0.008203 -2.496094
v 3.627344 -0.008203 -2.496094
v 4.326172 -0.392578 0.834766
v 4.326172 -0.392578 0.834766
v 4.326172 -0.392578 0.834766
v 4.326172 -0.392578 0.834766
v 3.865234 -0.856250 -2.936328
v 3.865234 -0.856250 -2.936328
v 3.865234 -0.856250 -2.936328
v 3.865234 -0.856250 -2.936328
v 4.623828 0.110547 1.147656
v 4.623828 0.110547 1.147656
v 4.623828 0.110547 1.147656
v 4.623828 0.110547 1.147656
v 4.623828 0.110547 1.147656
v 4.623828 0.110547 1.147656
v 4.623828 0.110547 1.147656
v 3.829688 -0.253516 -2.832813
v 3.829688 -0.253516 -2.832813
v 3.829688 -0.253516 -2.832813
v 3.829688 -0.253516 -2.832813
v 4.327344 -0.394922 0.411328
v 4.327344 -0.394922 0.411328
v 4.327344 -0.394922 0.411328
v 4.327344 -0.394922 0.411328
v 3.326172 -0.891406 -3.041797
v 3.326172 -0.891406 -3.041797
v 3.326172 -0.891406 -3.041797
v 3.326172 -0.891406 -3.041797
v 4.531641 0.243750 0.044922
v 4.531641 0.243750 0.044922
v 4.531641 0.243750 0.044922
v 4.531641 0.243750 0.044922
v 4.531641 0.243750 0.044922
v 4.531641 0.243750 0.044922
v 4.531641 0.243750 0.044922
v 3.298047 -0.225391 -2.974219
v 3.298047 -0.225391 -2.974219
v 3.298047 -0.225391 -2.974219
v 3.298047 -0.225391 -2.974219
v 3.298047 -0.225391 -2.974219
v 4.877735 0.986328 0.635938
v 4.877735 0.986328 0.635938
v 4.877735 0.986328 0.635938
v 4.877735 0.986328 0.635938
v 3.025781 -0.208594 -1.967188
v 3.025781 -0.208594 -1.967188
v 3.025781 -0.208594 -1.967188
v 3.025781 -0.208594 -1.967188
v 4.784375 0.870313 0.207813
v 4.784375 0.870313 0.207813
v 4.784375 0.870313 0.207813
v 4.784375 0.870313 0.207813
v 2.263672 0.030859 -2.133203
v 2.263672 0.030859 -2.133203
v 2.263672 0.030859 -2.133203
v 2.263672 0.030859 -2.133203
v 2.263672 0.030859 -2.133203
v 5.632031 0.617188 0.595313
v 5.632031 0.617188 0.595313
v 5.632031 0.617188 0.595313
v 5.632031 0.617188 0.595313
v 2.167969 0.141016 -2.564453
v 2.167969 0.141016 -2.564453
v 2.167969 0.141016 -2.564453
v 2.167969 0.141016 -2.564453
v 2.167969 0.141016 -2.564453
v 2.167969 0.141016 -2.564453
v 5.483594 0.494141 0.177344
v 5.483594 0.494141 0.177344
v 5.483594 0.494141 0.177344
v 5.483594 0.494141 0.177344
v 5.483594 0.494141 0.177344
v 2.208984 -0.960938 -3.045703
v 2.208984 -0.960938 -3.045703
v 2.208984 -0.960938 -3.045703
v 2.208984 -0.960938 -3.045703
v 4.811719 0.842969 1.068359
v 4.811719 0.842969 1.068359
v 4.811719 0.842969 1.068359
v 4.811719 0.842969 1.068359
v 2.911719 -0.921094 -3.096484
v 2.911719 -0.921094 -3.096484
v 2.911719 -0.921094 -3.096484
v 2.911719 -0.921094 -3.096484
v 5.513672 0.474219 1.021875
v 5.513672 0.474219 1.021875
v 5.513672 0.474219 1.021875
v 5.513672 0.474219 1.021875
v 5.513672 0.474219 1.021875
v 2.146484 -0.235938 -2.920703
v 2.146484 -0.235938 -2.920703
v 2.146484 -0.235938 -2.920703
v 2.146484 -0.235938 -2.920703
v 4.452344 1.165234 0.653906
v 4.452344 1.165234 0.653906
v 4.452344 1.165234 0.653906
v 4.452344 1.165234 0.653906
v 2.809766 -0.238672 -2.950000
v 2.809766 -0.238672 -2.950000
v 2.809766 -0.238672 -2.950000
v 2.809766 -0.238672 -2.950000
v 2.809766 -0.238672 -2.950000
v 4.403906 1.060938 0.223047
v 4.403906 1.060938 0.223047
v 4.403906 1.060938 0.223047
v 4.403906 1.060938 0.223047
v 4.403906 1.060938 0.223047
v 4.849219 -0.333203 -2.066797
v 4.849219 -0.333203 -2.066797
v 4.849219 -0.333203 -2.066797
v 4.849219 -0.333203 -2.066797
v 4.849219 -0.333203 -2.066797
v 4.370703 1.089844 1.088281
v 4.370703 1.089844 1.088281
v 4.370703 1.089844 1.088281
v 4.370703 1.089844 1.088281
v 4.370703 1.089844 1.088281
v 2.418360 -0.248047 -2.119922
v 2.418360 -0.248047 -2.119922
v 2.418360 -0.248047 -2.119922
v 2.418360 -0.248047 -2.119922
v 2.418360 -0.248047 -2.119922
v 2.418360 -0.248047 -2.119922
v 5.988281 -1.662500 0.675781
v 5.988281 -1.662500 0.675781
v 5.988281 -1.662500 0.675781
v 5.988281 -1.662500 0.675781
v 5.988281 -1.662500 0.675781
v 5.988281 -1.662500 0.675781
v 1.408594 -1.515234 -1.953125
v 1.408594 -1.515234 -1.953125
v 1.408594 -1.515234 -1.953125
v 1.408594 -1.515234 -1.953125
v 1.408594 -1.515234 -1.953125
v 1.408594 -1.515234 -1.953125
v 5.982812 -1.628516 0.305469
v 5.982812 -1.628516 0.305469
v 5.982812 -1.628516 0.305469
v 5.982812 -1.628516 0.305469
v 5.982812 -1.628516 0.305469
v 5.982812 -1.628516 0.305469
v 4.655859 -1.170313 -2.303125
v 4.655859 -1.170313 -2.303125
v 4.655859 -1.170313 -2.303125
v 4.655859 -1.170313 -2.303125
v 5.542969 -1.588672 0.496875
v 5.542969 -1.588672 0.496875
v 5.542969 -1.588672 0.496875
v 5.542969 -1.588672 0.496875
v 4.433984 -1.147266 -1.838281
v 4.433984 -1.147266 -1.838281
v 4.433984 -1.147266 -1.838281
v 4.433984 -1.147266 -1.838281
v 4.433984 -1.147266 -1.838281
v 5.181641 -0.050391 0.010937
v 5.181641 -0.050391 0.010937
v 5.181641 -0.050391 0.010937
v 5.181641 -0.050391 0.010937
v 5.181641 -0.050391 0.010937
v 5.181641 -0.050391 0.010937
v 3.831250 -1.047266 -1.705078
v 3.831250 -1.047266 -1.705078
v 3.831250 -1.047266 -1.705078
v 3.831250 -1.047266 -1.705078
v 3.831250 -1.047266 -1.705078
v 5.269531 -0.081250 1.123828
v 5.269531 -0.081250 1.123828
v 5.269531 -0.081250 1.123828
v 5.269531 -0.081250 1.123828
v 5.269531 -0.081250 1.123828
v 5.269531 -0.081250 1.123828
v 4.462500 -0.982813 -1.688672
v 4.462500 -0.982813 -1.688672
v 4.462500 -0.982813 -1.688672
v 4.462500 -0.982813 -1.688672
v 4.592187 -0.608594 0.384375
v 4.592187 -0.608594 0.384375
v 4.592187 -0.608594 0.384375
v 4.592187 -0.608594 0.384375
v 3.390625 -1.054297 -1.789062
v 3.390625 -1.054297 -1.789062
v 3.390625 -1.054297 -1.789062
v 3.390625 -1.054297 -1.789062
v 4.604688 -0.621094 0.792188
v 4.604688 -0.621094 0.792188
v 4.604688 -0.621094 0.792188
v 4.604688 -0.621094 0.792188
v 3.638281 -1.361328 -2.150000
v 3.638281 -1.361328 -2.150000
v 3.638281 -1.361328 -2.150000
v 3.638281 -1.361328 -2.150000
v 3.638281 -1.361328 -2.150000
v 3.638281 -1.361328 -2.150000
v 6.036328 -1.086328 1.635547
v 6.036328 -1.086328 1.635547
v 6.036328 -1.086328 1.635547
v 6.036328 -1.086328 1.635547
v 3.860156 -1.314062 -2.601172
v 3.860156 -1.314062 -2.601172
v 3.860156 -1.314062 -2.601172
v 3.860156 -1.314062 -2.601172
v 6.046875 -0.696094 1.719141
v 6.046875 -0.696094 1.719141
v 6.046875 -0.696094 1.719141
v 6.046875 -0.696094 1.719141
v 6.046875 -0.696094 1.719141
v 3.321875 -1.367969 -2.712109
v 3.321875 -1.367969 -2.712109
v 3.321875 -1.367969 -2.712109
v 3.321875 -1.367969 -2.712109
v 3.321875 -1.367969 -2.712109
v 5.602735 -1.160547 1.782812
v 5.602735 -1.160547 1.782812
v 5.602735 -1.160547 1.782812
v 5.602735 -1.160547 1.782812
v 5.602735 -1.160547 1.782812
v 2.985156 -1.011328 -1.967188
v 2.985156 -1.011328 -1.967188
v 2.985156 -1.011328 -1.967188
v 2.985156 -1.011328 -1.967188
v 5.362500 -1.294531 1.600391
v 5.362500 -1.294531 1.600391
v 5.362500 -1.294531 1.600391
v 5.362500 -1.294531 1.600391
v 5.362500 -1.294531 1.600391
v 2.553516 -1.050391 -1.878516
v 2.553516 -1.050391 -1.878516
v 2.553516 -1.050391 -1.878516
v 2.553516 -1.050391 -1.878516
v 2.553516 -1.050391 -1.878516
v 5.499609 -1.112891 0.992188
v 5.499609 -1.112891 0.992188
v 5.499609 -1.112891 0.992188
v 5.499609 -1.112891 0.992188
v 5.499609 -1.112891 0.992188
v 2.403516 -1.382031 -2.266406
v 2.403516 -1.382031 -2.266406
v 2.403516 -1.382031 -2.266406
v 2.403516 -1.382031 -2.266406
v 2.403516 -1.382031 -2.266406
v 2.403516 -1.382031 -2.266406
v 2.403516 -1.382031 -2.266406
v 5.323438 -1.270703 1.201172
v 5.323438 -1.270703 1.201172
v 5.323438 -1.270703 1.201172
v 5.323438 -1.270703 1.201172
v 5.323438 -1.270703 1.201172
v 2.367969 -1.428125 -2.720703
v 2.367969 -1.428125 -2.720703
v 2.367969 -1.428125 -2.720703
v 2.367969 -1.428125 -2.720703
v 5.973438 -1.060156 1.094531
v 5.973438 -1.060156 1.094531
v 5.973438 -1.060156 1.094531
v 5.973438 -1.060156 1.094531
v 2.984766 -1.396875 -2.780078
v 2.984766 -1.396875 -2.780078
v 2.984766 -1.396875 -2.780078
v 2.984766 -1.396875 -2.780078
v 2.984766 -1.396875 -2.780078
v 5.957813 -0.584375 1.071484
v 5.957813 -0.584375 1.071484
v 5.957813 -0.584375 1.071484
v 5.957813 -0.584375 1.071484
v 5.957813 -0.584375 1.071484
v 4.879688 -0.946875 -1.978125
v 4.879688 -0.946875 -1.978125
v 4.879688 -0.946875 -1.978125
v 4.879688 -0.946875 -1.978125
v 4.879688 -0.946875 -1.978125
v 6.134766 -0.602344 1.385156
v 6.134766 -0.602344 1.385156
v 6.134766 -0.602344 1.385156
v 6.134766 -0.602344 1.385156
v 0.700781 -1.105859 -2.306641
v 0.700781 -1.105859 -2.306641
v 0.700781 -1.105859 -2.306641
v 0.700781 -1.105859 -2.306641
v 0.700781 -1.105859 -2.306641
v 6.173047 -1.065625 1.348047
v 6.173047 -1.065625 1.348047
v 6.173047 -1.065625 1.348047
v 6.173047 -1.065625 1.348047
v 6.173047 -1.065625 1.348047
v 1.549219 -0.267188 -2.801953
v 1.549219 -0.267188 -2.801953
v 1.549219 -0.267188 -2.801953
v 1.549219 -0.267188 -2.801953
v 1.549219 -0.267188 -2.801953
v 5.057031 -1.071484 1.651953
v 5.057031 -1.071484 1.651953
v 5.057031 -1.071484 1.651953
v 5.057031 -1.071484 1.651953
v 1.517969 -1.030469 -2.865234
v 1.517969 -1.030469 -2.865234
v 1.517969 -1.030469 -2.865234
v 1.517969 -1.030469 -2.865234
v 5.486328 -0.613672 1.885547
v 5.486328 -0.613672 1.885547
v 5.486328 -0.613672 1.885547
v 5.486328 -0.613672 1.885547
v 5.486328 -0.613672 1.885547
v 5.486328 -0.613672 1.885547
v 1.694531 -1.446875 -2.598438
v 1.694531 -1.446875 -2.598438
v 1.694531 -1.446875 -2.598438
v 1.694531 -1.446875 -2.598438
v 5.017969 -1.047656 1.252734
v 5.017969 -1.047656 1.252734
v 5.017969 -1.047656 1.252734
v 5.017969 -1.047656 1.252734
v 3.092578 0.038672 -2.508203
v 3.092578 0.038672 -2.508203
v 3.092578 0.038672 -2.508203
v 3.092578 0.038672 -2.508203
v 3.092578 0.038672 -2.508203
v 5.396094 -0.494922 0.994922
v 5.396094 -0.494922 0.994922
v 5.396094 -0.494922 0.994922
v 5.396094 -0.494922 0.994922
v 5.396094 -0.494922 0.994922
v 5.396094 -0.494922 0.994922
v 3.074610 -1.323828 -2.260547
v 3.074610 -1.323828 -2.260547
v 3.074610 -1.323828 -2.260547
v 3.074610 -1.323828 -2.260547
v 3.074610 -1.323828 -2.260547
v 5.978516 -0.199609 1.428125
v 5.978516 -0.199609 1.428125
v 5.978516 -0.199609 1.428125
v 5.978516 -0.199609 1.428125
v 2.242578 -1.262109 -1.592188
v 2.242578 -1.262109 -1.592188
v 2.242578 -1.262109 -1.592188
v 2.242578 -1.262109 -1.592188
v 2.242578 -1.262109 -1.592188
v 2.242578 -1.262109 -1.592188
v 2.242578 -1.262109 -1.592188
v 2.242578 -1.262109 -1.592188
v 5.804297 -0.244141 1.070312
v 5.804297 -0.244141 1.070312
v 5.804297 -0.244141 1.070312
v 5.804297 -0.244141 1.070312
v 0.093750 1.144922 0.935547
v 0.093750 1.144922 0.935547
v 0.093750 1.144922 0.935547
v 0.093750 1.144922 0.935547
v 0.093750 1.144922 0.935547
v 5.905078 -0.314063 1.805469
v 5.905078 -0.314063 1.805469
v 5.905078 -0.314063 1.805469
v 5.905078 -0.314063 1.805469
v 0.885938 1.220703 -1.135938
v 0.885938 1.220703 -1.135938
v 0.885938 1.220703 -1.135938
v 0.885938 1.220703 -1.135938
v 0.885938 1.220703 -1.135938
v 0.885938 1.220703 -1.135938
v 5.746094 0.125391 1.469922
v 5.746094 0.125391 1.469922
v 5.746094 0.125391 1.469922
v 5.746094 0.125391 1.469922
v 0.885156 1.487891 -0.346484
v 0.885156 1.487891 -0.346484
v 0.885156 1.487891 -0.346484
v 0.885156 1.487891 -0.346484
v 0.885156 1.487891 -0.346484
v 5.532422 0.050391 1.088672
v 5.532422 0.050391 1.088672
v 5.532422 0.050391 1.088672
v 5.532422 0.050391 1.088672
v 5.532422 0.050391 1.088672
v 0.064844 1.147266 -0.733203
v 0.064844 1.147266 -0.733203
v 0.064844 1.147266 -0.733203
v 0.064844 1.147266 -0.733203
v 0.064844 1.147266 -0.733203
v 0.064844 1.147266 -0.733203
v 5.619531 0.007422 1.850781
v 5.619531 0.007422 1.850781
v 5.619531 0.007422 1.850781
v 5.619531 0.007422 1.850781
v 5.619531 0.007422 1.850781
v 0.866016 1.378516 1.241797
v 0.866016 1.378516 1.241797
v 0.866016 1.378516 1.241797
v 0.866016 1.378516 1.241797
v 0.866016 1.378516 1.241797
v 0.866016 1.378516 1.241797
v 4.869531 -0.713281 1.301953
v 4.869531 -0.713281 1.301953
v 4.869531 -0.713281 1.301953
v 4.869531 -0.713281 1.301953
v 0.883984 1.487891 0.593359
v 0.883984 1.487891 0.593359
v 0.883984 1.487891 0.593359
v 0.883984 1.487891 0.593359
v 0.883984 1.487891 0.593359
v 4.919922 -0.728125 1.721094
v 4.919922 -0.728125 1.721094
v 4.919922 -0.728125 1.721094
v 4.919922 -0.728125 1.721094
v 2.143359 1.511328 1.296875
v 2.143359 1.511328 1.296875
v 2.143359 1.511328 1.296875
v 2.143359 1.511328 1.296875
v 2.143359 1.511328 1.296875
v 4.258985 -0.368359 1.771094
v 4.258985 -0.368359 1.771094
v 4.258985 -0.368359 1.771094
v 4.258985 -0.368359 1.771094
v 2.094531 1.615234 0.857031
v 2.094531 1.615234 0.857031
v 2.094531 1.615234 0.857031
v 2.094531 1.615234 0.857031
v 2.094531 1.615234 0.857031
v 4.472266 0.251953 2.003906
v 4.472266 0.251953 2.003906
v 4.472266 0.251953 2.003906
v 4.472266 0.251953 2.003906
v 4.472266 0.251953 2.003906
v 4.472266 0.251953 2.003906
v 4.472266 0.251953 2.003906
v 2.096875 1.500000 -1.048437
v 2.096875 1.500000 -1.048437
v 2.096875 1.500000 -1.048437
v 2.096875 1.500000 -1.048437
v 2.096875 1.500000 -1.048437
v 4.233984 -0.353125 1.332813
v 4.233984 -0.353125 1.332813
v 4.233984 -0.353125 1.332813
v 4.233984 -0.353125 1.332813
v 2.096094 1.615234 -0.608594
v 2.096094 1.615234 -0.608594
v 2.096094 1.615234 -0.608594
v 2.096094 1.615234 -0.608594
v 2.096094 1.615234 -0.608594
v 4.599609 0.328516 1.139063
v 4.599609 0.328516 1.139063
v 4.599609 0.328516 1.139063
v 4.599609 0.328516 1.139063
v 4.599609 0.328516 1.139063
v 4.599609 0.328516 1.139063
v 4.599609 0.328516 1.139063
v 2.191797 1.212891 1.863281
v 2.191797 1.212891 1.863281
v 2.191797 1.212891 1.863281
v 2.191797 1.212891 1.863281
v 2.191797 1.212891 1.863281
v 2.191797 1.212891 1.863281
v 4.806641 0.731250 1.568750
v 4.806641 0.731250 1.568750
v 4.806641 0.731250 1.568750
v 4.806641 0.731250 1.568750
v 0.785547 0.615625 1.919531
v 0.785547 0.615625 1.919531
v 0.785547 0.615625 1.919531
v 0.785547 0.615625 1.919531
v 0.785547 0.615625 1.919531
v 0.785547 0.615625 1.919531
v 4.744922 0.591406 1.184375
v 4.744922 0.591406 1.184375
v 4.744922 0.591406 1.184375
v 4.744922 0.591406 1.184375
v 2.097656 1.275000 -1.576563
v 2.097656 1.275000 -1.576563
v 2.097656 1.275000 -1.576563
v 2.097656 1.275000 -1.576563
v 2.097656 1.275000 -1.576563
v 2.097656 1.275000 -1.576563
v 5.349219 0.438281 1.522266
v 5.349219 0.438281 1.522266
v 5.349219 0.438281 1.522266
v 5.349219 0.438281 1.522266
v 2.946484 1.220703 -1.792969
v 2.946484 1.220703 -1.792969
v 2.946484 1.220703 -1.792969
v 2.946484 1.220703 -1.792969
v 2.946484 1.220703 -1.792969
v 5.236719 0.261328 1.125391
v 5.236719 0.261328 1.125391
v 5.236719 0.261328 1.125391
v 5.236719 0.261328 1.125391
v 5.236719 0.261328 1.125391
v 2.948047 1.467188 -1.134766
v 2.948047 1.467188 -1.134766
v 2.948047 1.467188 -1.134766
v 2.948047 1.467188 -1.134766
v 2.948047 1.467188 -1.134766
v 4.777344 0.510156 1.935156
v 4.777344 0.510156 1.935156
v 4.777344 0.510156 1.935156
v 4.777344 0.510156 1.935156
v 2.921875 0.707812 2.101172
v 2.921875 0.707812 2.101172
v 2.921875 0.707812 2.101172
v 2.921875 0.707812 2.101172
v 2.921875 0.707812 2.101172
v 2.921875 0.707812 2.101172
v 5.298828 0.239844 1.890625
v 5.298828 0.239844 1.890625
v 5.298828 0.239844 1.890625
v 5.298828 0.239844 1.890625
v 5.298828 0.239844 1.890625
v 2.873047 1.168750 1.942188
v 2.873047 1.168750 1.942188
v 2.873047 1.168750 1.942188
v 2.873047 1.168750 1.942188
v 2.873047 1.168750 1.942188
v 4.299610 0.968750 1.605469
v 4.299610 0.968750 1.605469
v 4.299610 0.968750 1.605469
v 4.299610 0.968750 1.605469
v 3.830469 0.892578 1.980859
v 3.830469 0.892578 1.980859
v 3.830469 0.892578 1.980859
v 3.830469 0.892578 1.980859
v 3.830469 0.892578 1.980859
v 4.207031 0.876563 1.223047
v 4.207031 0.876563 1.223047
v 4.207031 0.876563 1.223047
v 4.207031 0.876563 1.223047
v 4.207031 0.876563 1.223047
v 3.832813 1.108594 1.649609
v 3.832813 1.108594 1.649609
v 3.832813 1.108594 1.649609
v 3.832813 1.108594 1.649609
v 3.832813 1.108594 1.649609
v 4.221875 0.756641 1.971484
v 4.221875 0.756641 1.971484
v 4.221875 0.756641 1.971484
v 4.221875 0.756641 1.971484
v 4.221875 0.756641 1.971484
v 1.435547 -0.538672 2.153516
v 1.435547 -0.538672 2.153516
v 1.435547 -0.538672 2.153516
v 1.435547 -0.538672 2.153516
v 1.435547 -0.538672 2.153516
v 5.903906 -1.389453 1.579297
v 5.903906 -1.389453 1.579297
v 5.903906 -1.389453 1.579297
v 5.903906 -1.389453 1.579297
v 5.903906 -1.389453 1.579297
v 5.903906 -1.389453 1.579297
v 2.208203 -0.580078 2.144141
v 2.208203 -0.580078 2.144141
v 2.208203 -0.580078 2.144141
v 2.208203 -0.580078 2.144141
v 5.857422 -1.365625 1.142578
v 5.857422 -1.365625 1.142578
v 5.857422 -1.365625 1.142578
v 5.857422 -1.365625 1.142578
v 5.857422 -1.365625 1.142578
v 5.857422 -1.365625 1.142578
v 2.202734 0.217969 2.238281
v 2.202734 0.217969 2.238281
v 2.202734 0.217969 2.238281
v 2.202734 0.217969 2.238281
v 2.202734 0.217969 2.238281
v 2.202734 0.217969 2.238281
v 5.560547 -1.455859 1.427734
v 5.560547 -1.455859 1.427734
v 5.560547 -1.455859 1.427734
v 5.560547 -1.455859 1.427734
v 2.542578 -0.666016 2.039062
v 2.542578 -0.666016 2.039062
v 2.542578 -0.666016 2.039062
v 2.542578 -0.666016 2.039062
v 2.542578 -0.666016 2.039062
v 4.988281 -0.344141 1.073047
v 4.988281 -0.344141 1.073047
v 4.988281 -0.344141 1.073047
v 4.988281 -0.344141 1.073047
v 4.988281 -0.344141 1.073047
v 4.988281 -0.344141 1.073047
v 2.733203 -0.012109 2.213672
v 2.733203 -0.012109 2.213672
v 2.733203 -0.012109 2.213672
v 2.733203 -0.012109 2.213672
v 5.093750 -0.294922 1.973438
v 5.093750 -0.294922 1.973438
v 5.093750 -0.294922 1.973438
v 5.093750 -0.294922 1.973438
v 5.093750 -0.294922 1.973438
v 5.093750 -0.294922 1.973438
v 3.020313 0.035156 2.124219
v 3.020313 0.035156 2.124219
v 3.020313 0.035156 2.124219
v 3.020313 0.035156 2.124219
v 4.535547 -0.629687 1.324219
v 4.535547 -0.629687 1.324219
v 4.535547 -0.629687 1.324219
v 4.535547 -0.629687 1.324219
v 3.134375 -0.478906 1.941797
v 3.134375 -0.478906 1.941797
v 3.134375 -0.478906 1.941797
v 3.134375 -0.478906 1.941797
v 4.567578 -0.632031 1.741406
v 4.567578 -0.632031 1.741406
v 4.567578 -0.632031 1.741406
v 4.567578 -0.632031 1.741406
v 3.705859 -0.246875 1.811328
v 3.705859 -0.246875 1.811328
v 3.705859 -0.246875 1.811328
v 3.705859 -0.246875 1.811328
v 3.705859 -0.246875 1.811328
v 3.705859 -0.246875 1.811328
v 3.753125 -0.259766 -1.574609
v 3.753125 -0.259766 -1.574609
v 3.753125 -0.259766 -1.574609
v 3.753125 -0.259766 -1.574609
v 3.753125 -0.259766 -1.574609
v 3.753125 -0.259766 -1.574609
v 3.061719 -0.450391 -1.906641
v 3.061719 -0.450391 -1.906641
v 3.061719 -0.450391 -1.906641
v 3.061719 -0.450391 -1.906641
v 3.061719 -0.450391 -1.906641
v 3.061719 -0.450391 -1.906641
v 3.028516 0.306641 -2.074219
v 3.028516 0.306641 -2.074219
v 3.028516 0.306641 -2.074219
v 3.028516 0.306641 -2.074219
v 2.598828 0.451953 -2.191016
v 2.598828 0.451953 -2.191016
v 2.598828 0.451953 -2.191016
v 2.598828 0.451953 -2.191016
v 2.598828 0.451953 -2.191016
v 2.598828 0.451953 -2.191016
v 2.598828 0.451953 -2.191016
v 2.446875 -0.644531 -1.894922
v 2.446875 -0.644531 -1.894922
v 2.446875 -0.644531 -1.894922
v 2.446875 -0.644531 -1.894922
v 2.446875 -0.644531 -1.894922
v 2.518750 -0.960938 1.430859
v 2.518750 -0.960938 1.430859
v 2.518750 -0.960938 1.430859
v 2.518750 -0.960938 1.430859
v 2.518750 -0.960938 1.430859
v 3.117188 -0.598047 1.427734
v 3.117188 -0.598047 1.427734
v 3.117188 -0.598047 1.427734
v 3.117188 -0.598047 1.427734
v 3.117188 -0.598047 1.427734
v 3.117188 -0.598047 1.427734
v 3.117188 -0.598047 1.427734
v 2.954688 0.891406 -1.969531
v 2.954688 0.891406 -1.969531
v 2.954688 0.891406 -1.969531
v 2.954688 0.891406 -1.969531
v 2.954688 0.891406 -1.969531
v 2.954688 0.891406 -1.969531
v 3.514063 -0.432422 0.198047
v 3.514063 -0.432422 0.198047
v 3.514063 -0.432422 0.198047
v 3.514063 -0.432422 0.198047
v 3.514063 -0.432422 0.198047
v 3.821875 0.775391 0.188672
v 3.821875 0.775391 0.188672
v 3.821875 0.775391 0.188672
v 3.821875 0.775391 0.188672
v 4.082422 1.244531 0.253906
v 4.082422 1.244531 0.253906
v 4.082422 1.244531 0.253906
v 4.082422 1.244531 0.253906
v 4.082422 1.244531 0.253906
v 4.082422 1.244531 0.253906
v 3.760156 1.001562 -1.903906
v 3.760156 1.001562 -1.903906
v 3.760156 1.001562 -1.903906
v 3.760156 1.001562 -1.903906
v 3.760156 1.001562 -1.903906
v 2.532813 -0.930859 -0.058594
v 2.532813 -0.930859 -0.058594
v 2.532813 -0.930859 -0.058594
v 2.532813 -0.930859 -0.058594
v 2.532813 -0.930859 -0.058594
v 2.475781 -0.994141 -1.433594
v 2.475781 -0.994141 -1.433594
v 2.475781 -0.994141 -1.433594
v 2.475781 -0.994141 -1.433594
v 2.475781 -0.994141 -1.433594
v 2.475781 -0.994141 -1.433594
v 3.087891 -0.685938 -1.412109
v 3.087891 -0.685938 -1.412109
v 3.087891 -0.685938 -1.412109
v 3.087891 -0.685938 -1.412109
v 3.087891 -0.685938 -1.412109
v 3.087891 -0.685938 -1.412109
v 2.832813 1.432422 1.441406
v 2.832813 1.432422 1.441406
v 2.832813 1.432422 1.441406
v 2.832813 1.432422 1.441406
v 2.832813 1.432422 1.441406
v 2.378125 -0.985938 1.423828
v 2.378125 -0.985938 1.423828
v 2.378125 -0.985938 1.423828
v 2.378125 -0.985938 1.423828
v 2.378125 -0.985938 1.423828
v 2.379688 -0.961328 -0.016797
v 2.379688 -0.961328 -0.016797
v 2.379688 -0.961328 -0.016797
v 2.379688 -0.961328 -0.016797
v 2.379688 -0.961328 -0.016797
v 1.460547 -1.150000 1.378516
v 1.460547 -1.150000 1.378516
v 1.460547 -1.150000 1.378516
v 1.460547 -1.150000 1.378516
v 1.430469 -1.230469 0.141406
v 1.430469 -1.230469 0.141406
v 1.430469 -1.230469 0.141406
v 1.430469 -1.230469 0.141406
v 1.430469 -1.230469 0.141406
v 1.430469 -1.230469 0.141406
v 1.987500 -1.441797 -0.986719
v 1.987500 -1.441797 -0.986719
v 1.987500 -1.441797 -0.986719
v 1.987500 -1.441797 -0.986719
v 1.987500 -1.441797 -0.986719
v 1.987500 -1.441797 -0.986719
v 0.724609 -1.110937 1.204687
v 0.724609 -1.110937 1.204687
v 0.724609 -1.110937 1.204687
v 0.724609 -1.110937 1.204687
v 0.723437 -0.499219 1.919531
v 0.723437 -0.499219 1.919531
v 0.723437 -0.499219 1.919531
v 0.723437 -0.499219 1.919531
v 0.725781 -1.058203 0.141016
v 0.725781 -1.058203 0.141016
v 0.725781 -1.058203 0.141016
v 0.725781 -1.058203 0.141016
v 0.725781 -1.058203 0.141016
v 0.686328 0.634766 -1.694922
v 0.686328 0.634766 -1.694922
v 0.686328 0.634766 -1.694922
v 0.686328 0.634766 -1.694922
v 0.686328 0.634766 -1.694922
v 0.686328 0.634766 -1.694922
v 0.686328 0.634766 -1.694922
v 0.686328 0.634766 -1.694922
v 0.128516 0.585156 1.585156
v 0.128516 0.585156 1.585156
v 0.128516 0.585156 1.585156
v 0.128516 0.585156 1.585156
v 0.128516 0.585156 1.585156
v 0.128516 0.585156 1.585156
v 0.067578 -0.912109 1.077734
v 0.067578 -0.912109 1.077734
v 0.067578 -0.912109 1.077734
v 0.067578 -0.912109 1.077734
v 0.066797 -0.232031 1.585156
v 0.066797 -0.232031 1.585156
v 0.066797 -0.232031 1.585156
v 0.066797 -0.232031 1.585156
v 0.066797 -0.232031 1.585156
v 0.038672 -1.028906 0.140234
v 0.038672 -1.028906 0.140234
v 0.038672 -1.028906 0.140234
v 0.038672 -1.028906 0.140234
v 0.038672 -1.028906 0.140234
v 0.038672 -1.028906 0.140234
v 0.040234 -0.912109 -0.956641
v 0.040234 -0.912109 -0.956641
v 0.040234 -0.912109 -0.956641
v 0.040234 -0.912109 -0.956641
v 0.040234 -0.912109 -0.956641
v -0.151562 -0.053125 -1.391797
v -0.151562 -0.053125 -1.391797
v -0.151562 -0.053125 -1.391797
v -0.151562 -0.053125 -1.391797
v -0.151562 -0.053125 -1.391797
v -0.151562 -0.053125 -1.391797
v 0.042188 0.684375 -1.297266
v 0.042188 0.684375 -1.297266
v 0.042188 0.684375 -1.297266
v 0.042188 0.684375 -1.297266
v 0.042188 0.684375 -1.297266
v 0.042188 0.684375 -1.297266
v -0.339453 0.779688 0.566797
v -0.339453 0.779688 0.566797
v -0.339453 0.779688 0.566797
v -0.339453 0.779688 0.566797
v -0.339453 0.779688 0.566797
v -0.339453 0.779688 0.566797
v -0.300000 0.178516 1.107422
v -0.300000 0.178516 1.107422
v -0.300000 0.178516 1.107422
v -0.300000 0.178516 1.107422
v -0.300000 0.178516 1.107422
v -0.330859 -0.508984 -0.431641
v -0.330859 -0.508984 -0.431641
v -0.330859 -0.508984 -0.431641
v -0.330859 -0.508984 -0.431641
v -0.330859 -0.508984 -0.431641
v -0.330859 -0.508984 -0.431641
v -0.337109 0.779688 -0.431641
v -0.337109 0.779688 -0.431641
v -0.337109 0.779688 -0.431641
v -0.337109 0.779688 -0.431641
v -0.337109 0.779688 -0.431641
v 2.094922 1.667969 0.417188
v 2.094922 1.667969 0.417188
v 2.094922 1.667969 0.417188
v 2.094922 1.667969 0.417188
v 2.094922 1.667969 0.417188
v 2.907813 1.538672 1.050391
v 2.907813 1.538672 1.050391
v 2.907813 1.538672 1.050391
v 2.907813 1.538672 1.050391
v 2.907813 1.538672 1.050391
v 2.977734 1.644531 0.365234
v 2.977734 1.644531 0.365234
v 2.977734 1.644531 0.365234
v 2.977734 1.644531 0.365234
v 2.977734 1.644531 0.365234
v 2.973828 1.539844 -0.743359
v 2.973828 1.539844 -0.743359
v 2.973828 1.539844 -0.743359
v 2.973828 1.539844 -0.743359
v 2.973828 1.539844 -0.743359
v 2.095703 1.667969 -0.168750
v 2.095703 1.667969 -0.168750
v 2.095703 1.667969 -0.168750
v 2.095703 1.667969 -0.168750
v 2.095703 1.667969 -0.168750
v 2.977734 1.644141 -0.025781
v 2.977734 1.644141 -0.025781
v 2.977734 1.644141 -0.025781
v 2.977734 1.644141 -0.025781
v 2.977734 1.644141 -0.025781
v 3.836719 0.516797 -0.831250
v 3.836719 0.516797 -0.831250
v 3.836719 0.516797 -0.831250
v 3.836719 0.516797 -0.831250
v 3.836719 0.516797 -0.831250
v 3.836719 0.516797 -0.831250
v 3.836719 0.516797 -0.831250
v 3.836719 0.516797 -0.831250
v 3.836719 0.516797 -0.831250
v 3.836719 0.516797 -0.831250
v 3.923828 1.114063 -1.023828
v 3.923828 1.114063 -1.023828
v 3.923828 1.114063 -1.023828
v 3.923828 1.114063 -1.023828
v 3.923828 1.114063 -1.023828
v 3.923828 1.114063 -1.023828
v 3.584766 0.264844 -1.930859
v 3.584766 0.264844 -1.930859
v 3.584766 0.264844 -1.930859
v 3.584766 0.264844 -1.930859
v 3.584766 0.264844 -1.930859
v 3.799219 -0.189063 -1.031250
v 3.799219 -0.189063 -1.031250
v 3.799219 -0.189063 -1.031250
v 3.799219 -0.189063 -1.031250
v 3.799219 -0.189063 -1.031250
v 3.799219 -0.189063 -1.031250
v 3.607813 0.237109 2.066406
v 3.607813 0.237109 2.066406
v 3.607813 0.237109 2.066406
v 3.607813 0.237109 2.066406
v 3.607813 0.237109 2.066406
v 3.692578 -0.233984 1.404688
v 3.692578 -0.233984 1.404688
v 3.692578 -0.233984 1.404688
v 3.692578 -0.233984 1.404688
v 3.692578 -0.233984 1.404688
v 3.692578 -0.233984 1.404688
v 3.778906 0.262109 1.185547
v 3.778906 0.262109 1.185547
v 3.778906 0.262109 1.185547
v 3.778906 0.262109 1.185547
v 3.778906 0.262109 1.185547
v 3.778906 0.262109 1.185547
v 3.778906 0.262109 1.185547
v 3.778906 0.262109 1.185547
v 3.778906 0.262109 1.185547
v 3.778906 0.262109 1.185547
v 3.854297 1.035547 1.244141
v 3.854297 1.035547 1.244141
v 3.854297 1.035547 1.244141
v 3.854297 1.035547 1.244141
v 3.854297 1.035547 1.244141
v 3.854297 1.035547 1.244141
v 4.031250 1.217969 1.096094
v 4.031250 1.217969 1.096094
v 4.031250 1.217969 1.096094
v 4.031250 1.217969 1.096094
v 4.031250 1.217969 1.096094
v 4.031250 1.217969 1.096094
v 3.788281 -0.284375 0.474609
v 3.788281 -0.284375 0.474609
v 3.788281 -0.284375 0.474609
v 3.788281 -0.284375 0.474609
v 3.788281 -0.284375 0.474609
v 3.788281 -0.284375 0.474609
v 3.794141 0.434766 0.189453
v 3.794141 0.434766 0.189453
v 3.794141 0.434766 0.189453
v 3.794141 0.434766 0.189453
v 3.794141 0.434766 0.189453
v 3.794141 0.434766 0.189453
v 3.794141 0.434766 0.189453
v 3.794141 0.434766 0.189453
v 3.794141 0.434766 0.189453
v 3.794141 0.434766 0.189453
v 3.772266 -0.300391 0.905078
v 3.772266 -0.300391 0.905078
v 3.772266 -0.300391 0.905078
v 3.772266 -0.300391 0.905078
v 3.772266 -0.300391 0.905078
v 3.772266 -0.300391 0.905078
v 4.078125 1.226172 0.090625
v 4.078125 1.226172 0.090625
v 4.078125 1.226172 0.090625
v 4.078125 1.226172 0.090625
v 4.078125 1.226172 0.090625
v 4.078125 1.226172 0.090625
v 3.884375 -0.379688 -0.663281
v 3.884375 -0.379688 -0.663281
v 3.884375 -0.379688 -0.663281
v 3.884375 -0.379688 -0.663281
v 3.884375 -0.379688 -0.663281
v 3.884375 -0.379688 -0.663281
v 4.014453 1.268750 -0.831641
v 4.014453 1.268750 -0.831641
v 4.014453 1.268750 -0.831641
v 4.014453 1.268750 -0.831641
v 4.014453 1.268750 -0.831641
v 4.014453 1.268750 -0.831641
v 3.894531 -0.383984 -0.086719
v 3.894531 -0.383984 -0.086719
v 3.894531 -0.383984 -0.086719
v 3.894531 -0.383984 -0.086719
v 3.894531 -0.383984 -0.086719
v 3.894531 -0.383984 -0.086719
v 3.820312 1.249219 -1.515625
v 3.820312 1.249219 -1.515625
v 3.820312 1.249219 -1.515625
v 3.820312 1.249219 -1.515625
v 3.820312 1.249219 -1.515625
v 3.021484 1.326563 1.213281
v 3.021484 1.326563 1.213281
v 3.021484 1.326563 1.213281
v 3.021484 1.326563 1.213281
v 3.021484 1.326563 1.213281
v 3.021484 1.326563 1.213281
v 3.021484 1.326563 1.213281
v 3.069922 1.476953 0.169531
v 3.069922 1.476953 0.169531
v 3.069922 1.476953 0.169531
v 3.069922 1.476953 0.169531
v 3.069922 1.476953 0.169531
v 3.069922 1.476953 0.169531
v 3.069922 1.476953 0.169531
v 3.025000 1.326172 -0.939063
v 3.025000 1.326172 -0.939063
v 3.025000 1.326172 -0.939063
v 3.025000 1.326172 -0.939063
v 3.025000 1.326172 -0.939063
v 3.025000 1.326172 -0.939063
v 3.025000 1.326172 -0.939063
v 3.807031 0.653906 1.175391
v 3.807031 0.653906 1.175391
v 3.807031 0.653906 1.175391
v 3.807031 0.653906 1.175391
v 3.497656 -0.403516 1.167969
v 3.497656 -0.403516 1.167969
v 3.497656 -0.403516 1.167969
v 3.497656 -0.403516 1.167969
v 3.497656 -0.403516 1.167969
v 3.847656 0.865234 -0.885156
v 3.847656 0.865234 -0.885156
v 3.847656 0.865234 -0.885156
v 3.847656 0.865234 -0.885156
v 3.633984 -0.465625 -0.864844
v 3.633984 -0.465625 -0.864844
v 3.633984 -0.465625 -0.864844
v 3.633984 -0.465625 -0.864844
v 3.633984 -0.465625 -0.864844
v 4.045312 1.389453 0.662500
v 4.045312 1.389453 0.662500
v 4.045312 1.389453 0.662500
v 4.045312 1.389453 0.662500
v 4.045312 1.389453 0.662500
v 3.111328 -0.627344 0.916797
v 3.111328 -0.627344 0.916797
v 3.111328 -0.627344 0.916797
v 3.111328 -0.627344 0.916797
v 3.111328 -0.627344 0.916797
v 3.117188 -0.637891 0.460938
v 3.117188 -0.637891 0.460938
v 3.117188 -0.637891 0.460938
v 3.117188 -0.637891 0.460938
v 3.117188 -0.637891 0.460938
v 4.061719 1.418359 -0.368359
v 4.061719 1.418359 -0.368359
v 4.061719 1.418359 -0.368359
v 4.061719 1.418359 -0.368359
v 4.061719 1.418359 -0.368359
v 3.118750 -0.642188 -0.089063
v 3.118750 -0.642188 -0.089063
v 3.118750 -0.642188 -0.089063
v 3.118750 -0.642188 -0.089063
v 3.118750 -0.642188 -0.089063
v 3.128516 -0.785156 -0.678125
v 3.128516 -0.785156 -0.678125
v 3.128516 -0.785156 -0.678125
v 3.128516 -0.785156 -0.678125
v 3.128516 -0.785156 -0.678125
v 3.128516 -0.785156 -0.678125
v 2.222266 0.473047 -2.176563
v 2.222266 0.473047 -2.176563
v 2.222266 0.473047 -2.176563
v 2.222266 0.473047 -2.176563
v 2.222266 0.473047 -2.176563
v 0.033594 -0.326562 -1.739844
v 0.033594 -0.326562 -1.739844
v 0.033594 -0.326562 -1.739844
v 0.033594 -0.326562 -1.739844
v 0.033594 -0.326562 -1.739844
v 1.402344 -1.519531 -1.070703
v 1.402344 -1.519531 -1.070703
v 1.402344 -1.519531 -1.070703
v 1.402344 -1.519531 -1.070703
v 0.736328 -1.316016 -1.082031
v 0.736328 -1.316016 -1.082031
v 0.736328 -1.316016 -1.082031
v 0.736328 -1.316016 -1.082031
v 0.355469 -1.013281 -0.979688
v 0.355469 -1.013281 -0.979688
v 0.355469 -1.013281 -0.979688
v 0.355469 -1.013281 -0.979688
v 0.355469 -1.013281 -0.979688
v 0.180859 -0.681250 -2.020313
v 0.180859 -0.681250 -2.020313
v 0.180859 -0.681250 -2.020313
v 0.180859 -0.681250 -2.020313
v 0.180859 -0.681250 -2.020313
v 0.753516 0.373828 -2.073437
v 0.753516 0.373828 -2.073437
v 0.753516 0.373828 -2.073437
v 0.753516 0.373828 -2.073437
v 0.753516 0.373828 -2.073437
v 0.753516 0.373828 -2.073437
v 0.753516 0.373828 -2.073437
v -0.334766 -0.512500 0.597266
v -0.334766 -0.512500 0.597266
v -0.334766 -0.512500 0.597266
v -0.334766 -0.512500 0.597266
v -0.334766 -0.512500 0.597266
v -0.334766 -0.512500 0.597266
v -0.296875 0.178516 -0.975781
v -0.296875 0.178516 -0.975781
v -0.296875 0.178516 -0.975781
v -0.296875 0.178516 -0.975781
v -0.296875 0.178516 -0.975781
v -0.501953 0.192969 -0.431641
v -0.501953 0.192969 -0.431641
v -0.501953 0.192969 -0.431641
v -0.501953 0.192969 -0.431641
v -0.504687 0.191406 0.581641
v -0.504687 0.191406 0.581641
v -0.504687 0.191406 0.581641
v -0.504687 0.191406 0.581641
v 2.112500 0.844141 -1.953516
v 2.112500 0.844141 -1.953516
v 2.112500 0.844141 -1.953516
v 2.112500 0.844141 -1.953516
v 2.112500 0.844141 -1.953516
v 2.112500 0.844141 -1.953516
v 1.380078 0.595313 -1.998828
v 1.380078 0.595313 -1.998828
v 1.380078 0.595313 -1.998828
v 1.380078 0.595313 -1.998828
v 1.380078 0.595313 -1.998828
v 2.540234 -1.107422 -0.916797
v 2.540234 -1.107422 -0.916797
v 2.540234 -1.107422 -0.916797
v 2.540234 -1.107422 -0.916797
v 2.390234 -1.219922 -0.973828
v 2.390234 -1.219922 -0.973828
v 2.390234 -1.219922 -0.973828
v 2.390234 -1.219922 -0.973828
v 6.688282 -1.079297 -0.918750
v 6.688282 -1.079297 -0.918750
v 6.688282 -1.079297 -0.918750
v 6.688282 -1.079297 -0.918750
v 6.689844 -0.686719 -0.920313
v 6.689844 -0.686719 -0.920313
v 6.689844 -0.686719 -0.920313
v 6.689844 -0.686719 -0.920313
v 6.689844 -0.686719 -0.920313
v 5.957422 -1.153906 -0.789453
v 5.957422 -1.153906 -0.789453
v 5.957422 -1.153906 -0.789453
v 5.957422 -1.153906 -0.789453
v 5.957422 -1.153906 -0.789453
v 5.609375 -1.315234 -0.955469
v 5.609375 -1.315234 -0.955469
v 5.609375 -1.315234 -0.955469
v 5.609375 -1.315234 -0.955469
v 5.609375 -1.315234 -0.955469
v 5.898438 -1.195312 -1.769922
v 5.898438 -1.195312 -1.769922
v 5.898438 -1.195312 -1.769922
v 5.898438 -1.195312 -1.769922
v 5.898438 -1.195312 -1.769922
v 5.575000 -1.344531 -1.494531
v 5.575000 -1.344531 -1.494531
v 5.575000 -1.344531 -1.494531
v 5.575000 -1.344531 -1.494531
v 5.575000 -1.344531 -1.494531
v 6.642969 -1.112500 -1.662500
v 6.642969 -1.112500 -1.662500
v 6.642969 -1.112500 -1.662500
v 6.642969 -1.112500 -1.662500
v 6.641407 -0.721484 -1.719922
v 6.641407 -0.721484 -1.719922
v 6.641407 -0.721484 -1.719922
v 6.641407 -0.721484 -1.719922
v 6.641407 -0.721484 -1.719922
v 6.849609 -0.726953 -1.357813
v 6.849609 -0.726953 -1.357813
v 6.849609 -0.726953 -1.357813
v 6.849609 -0.726953 -1.357813
v 6.887109 -1.110937 -1.331641
v 6.887109 -1.110937 -1.331641
v 6.887109 -1.110937 -1.331641
v 6.887109 -1.110937 -1.331641
v 6.887109 -1.110937 -1.331641
v 5.286328 -1.020313 -0.994141
v 5.286328 -1.020313 -0.994141
v 5.286328 -1.020313 -0.994141
v 5.286328 -1.020313 -0.994141
v 5.900391 -0.519141 -0.819141
v 5.900391 -0.519141 -0.819141
v 5.900391 -0.519141 -0.819141
v 5.900391 -0.519141 -0.819141
v 5.900391 -0.519141 -0.819141
v 5.900391 -0.519141 -0.819141
v 5.253516 -1.047266 -1.513672
v 5.253516 -1.047266 -1.513672
v 5.253516 -1.047266 -1.513672
v 5.253516 -1.047266 -1.513672
v 5.737891 -0.780469 -1.861328
v 5.737891 -0.780469 -1.861328
v 5.737891 -0.780469 -1.861328
v 5.737891 -0.780469 -1.861328
v 5.737891 -0.780469 -1.861328
v 5.737891 -0.780469 -1.861328
v 6.644922 -0.255469 -1.390234
v 6.644922 -0.255469 -1.390234
v 6.644922 -0.255469 -1.390234
v 6.644922 -0.255469 -1.390234
v 6.421875 -0.371094 -1.789453
v 6.421875 -0.371094 -1.789453
v 6.421875 -0.371094 -1.789453
v 6.421875 -0.371094 -1.789453
v 6.449609 -0.342969 -0.944922
v 6.449609 -0.342969 -0.944922
v 6.449609 -0.342969 -0.944922
v 6.449609 -0.342969 -0.944922
v 6.371094 0.038281 -1.409375
v 6.371094 0.038281 -1.409375
v 6.371094 0.038281 -1.409375
v 6.371094 0.038281 -1.409375
v 6.126563 -0.082031 -1.841797
v 6.126563 -0.082031 -1.841797
v 6.126563 -0.082031 -1.841797
v 6.126563 -0.082031 -1.841797
v 6.126563 -0.082031 -1.841797
v 6.160938 -0.031641 -0.985156
v 6.160938 -0.031641 -0.985156
v 6.160938 -0.031641 -0.985156
v 6.160938 -0.031641 -0.985156
v 6.160938 -0.031641 -0.985156
v 5.108984 -0.730078 -1.548828
v 5.108984 -0.730078 -1.548828
v 5.108984 -0.730078 -1.548828
v 5.108984 -0.730078 -1.548828
v 5.134375 -0.691016 -1.036719
v 5.134375 -0.691016 -1.036719
v 5.134375 -0.691016 -1.036719
v 5.134375 -0.691016 -1.036719
v 4.382422 -0.248828 -1.006250
v 4.382422 -0.248828 -1.006250
v 4.382422 -0.248828 -1.006250
v 4.382422 -0.248828 -1.006250
v 4.590234 0.184375 -0.835156
v 4.590234 0.184375 -0.835156
v 4.590234 0.184375 -0.835156
v 4.590234 0.184375 -0.835156
v 4.590234 0.184375 -0.835156
v 4.590234 0.184375 -0.835156
v 4.590234 0.184375 -0.835156
v 4.362891 -0.288672 -1.562109
v 4.362891 -0.288672 -1.562109
v 4.362891 -0.288672 -1.562109
v 4.362891 -0.288672 -1.562109
v 4.563672 0.105469 -1.919922
v 4.563672 0.105469 -1.919922
v 4.563672 0.105469 -1.919922
v 4.563672 0.105469 -1.919922
v 4.563672 0.105469 -1.919922
v 4.563672 0.105469 -1.919922
v 4.563672 0.105469 -1.919922
v 5.147656 0.749219 -1.469922
v 5.147656 0.749219 -1.469922
v 5.147656 0.749219 -1.469922
v 5.147656 0.749219 -1.469922
v 5.007031 0.602344 -1.904297
v 5.007031 0.602344 -1.904297
v 5.007031 0.602344 -1.904297
v 5.007031 0.602344 -1.904297
v 5.908203 0.405859 -1.445703
v 5.908203 0.405859 -1.445703
v 5.908203 0.405859 -1.445703
v 5.908203 0.405859 -1.445703
v 5.703125 0.196094 -1.872656
v 5.703125 0.196094 -1.872656
v 5.703125 0.196094 -1.872656
v 5.703125 0.196094 -1.872656
v 5.703125 0.196094 -1.872656
v 5.029297 0.667578 -1.000781
v 5.029297 0.667578 -1.000781
v 5.029297 0.667578 -1.000781
v 5.029297 0.667578 -1.000781
v 5.699609 0.308594 -0.996875
v 5.699609 0.308594 -0.996875
v 5.699609 0.308594 -0.996875
v 5.699609 0.308594 -0.996875
v 5.699609 0.308594 -0.996875
v 4.518750 1.039844 -1.481250
v 4.518750 1.039844 -1.481250
v 4.518750 1.039844 -1.481250
v 4.518750 1.039844 -1.481250
v 4.470703 0.828906 -1.905469
v 4.470703 0.828906 -1.905469
v 4.470703 0.828906 -1.905469
v 4.470703 0.828906 -1.905469
v 4.470703 0.828906 -1.905469
v 4.463672 0.969141 -1.010547
v 4.463672 0.969141 -1.010547
v 4.463672 0.969141 -1.010547
v 4.463672 0.969141 -1.010547
v 4.463672 0.969141 -1.010547
v 6.423438 -1.460547 -1.010938
v 6.423438 -1.460547 -1.010938
v 6.423438 -1.460547 -1.010938
v 6.423438 -1.460547 -1.010938
v 6.423438 -1.460547 -1.010938
v 6.423438 -1.460547 -1.010938
v 6.392578 -1.484766 -1.508984
v 6.392578 -1.484766 -1.508984
v 6.392578 -1.484766 -1.508984
v 6.392578 -1.484766 -1.508984
v 6.392578 -1.484766 -1.508984
v 6.392578 -1.484766 -1.508984
v 5.957031 -1.507031 -1.236719
v 5.957031 -1.507031 -1.236719
v 5.957031 -1.507031 -1.236719
v 5.957031 -1.507031 -1.236719
v 5.234766 -0.330078 -1.908594
v 5.234766 -0.330078 -1.908594
v 5.234766 -0.330078 -1.908594
v 5.234766 -0.330078 -1.908594
v 5.234766 -0.330078 -1.908594
v 5.234766 -0.330078 -1.908594
v 5.361328 -0.253125 -0.843359
v 5.361328 -0.253125 -0.843359
v 5.361328 -0.253125 -0.843359
v 5.361328 -0.253125 -0.843359
v 5.361328 -0.253125 -0.843359
v 5.361328 -0.253125 -0.843359
v 4.743360 -0.542969 -1.553516
v 4.743360 -0.542969 -1.553516
v 4.743360 -0.542969 -1.553516
v 4.743360 -0.542969 -1.553516
v 4.763281 -0.500391 -1.018359
v 4.763281 -0.500391 -1.018359
v 4.763281 -0.500391 -1.018359
v 4.763281 -0.500391 -1.018359
v 6.700781 -1.511328 -0.131250
v 6.700781 -1.511328 -0.131250
v 6.700781 -1.511328 -0.131250
v 6.700781 -1.511328 -0.131250
v 6.879297 -1.015234 -0.044531
v 6.879297 -1.015234 -0.044531
v 6.879297 -1.015234 -0.044531
v 6.879297 -1.015234 -0.044531
v 6.879297 -1.015234 -0.044531
v 5.973828 -1.486328 0.035156
v 5.973828 -1.486328 0.035156
v 5.973828 -1.486328 0.035156
v 5.973828 -1.486328 0.035156
v 5.973828 -1.486328 0.035156
v 5.639062 -1.550781 -0.208984
v 5.639062 -1.550781 -0.208984
v 5.639062 -1.550781 -0.208984
v 5.639062 -1.550781 -0.208984
v 5.639062 -1.550781 -0.208984
v 5.966797 -1.447656 -0.914062
v 5.966797 -1.447656 -0.914062
v 5.966797 -1.447656 -0.914062
v 5.966797 -1.447656 -0.914062
v 5.966797 -1.447656 -0.914062
v 5.635938 -1.532812 -0.675000
v 5.635938 -1.532812 -0.675000
v 5.635938 -1.532812 -0.675000
v 5.635938 -1.532812 -0.675000
v 5.635938 -1.532812 -0.675000
v 6.695703 -1.483203 -0.796484
v 6.695703 -1.483203 -0.796484
v 6.695703 -1.483203 -0.796484
v 6.695703 -1.483203 -0.796484
v 6.878125 -0.982422 -0.832812
v 6.878125 -0.982422 -0.832812
v 6.878125 -0.982422 -0.832812
v 6.878125 -0.982422 -0.832812
v 6.878125 -0.982422 -0.832812
v 7.071485 -1.007812 -0.438672
v 7.071485 -1.007812 -0.438672
v 7.071485 -1.007812 -0.438672
v 7.071485 -1.007812 -0.438672
v 6.923438 -1.536328 -0.465625
v 6.923438 -1.536328 -0.465625
v 6.923438 -1.536328 -0.465625
v 6.923438 -1.536328 -0.465625
v 6.923438 -1.536328 -0.465625
v 5.330469 -1.071875 -0.168750
v 5.330469 -1.071875 -0.168750
v 5.330469 -1.071875 -0.168750
v 5.330469 -1.071875 -0.168750
v 6.175781 -0.902344 0.123047
v 6.175781 -0.902344 0.123047
v 6.175781 -0.902344 0.123047
v 6.175781 -0.902344 0.123047
v 6.175781 -0.902344 0.123047
v 6.175781 -0.902344 0.123047
v 5.329688 -1.055078 -0.654297
v 5.329688 -1.055078 -0.654297
v 5.329688 -1.055078 -0.654297
v 5.329688 -1.055078 -0.654297
v 6.228516 -0.781641 -0.797656
v 6.228516 -0.781641 -0.797656
v 6.228516 -0.781641 -0.797656
v 6.228516 -0.781641 -0.797656
v 6.228516 -0.781641 -0.797656
v 6.228516 -0.781641 -0.797656
v 6.869141 -0.471875 -0.383594
v 6.869141 -0.471875 -0.383594
v 6.869141 -0.471875 -0.383594
v 6.869141 -0.471875 -0.383594
v 6.721485 -0.529297 -0.872656
v 6.721485 -0.529297 -0.872656
v 6.721485 -0.529297 -0.872656
v 6.721485 -0.529297 -0.872656
v 6.723828 -0.565625 0.033984
v 6.723828 -0.565625 0.033984
v 6.723828 -0.565625 0.033984
v 6.723828 -0.565625 0.033984
v 6.578125 -0.009766 -0.405469
v 6.578125 -0.009766 -0.405469
v 6.578125 -0.009766 -0.405469
v 6.578125 -0.009766 -0.405469
v 6.373047 -0.151172 -0.879687
v 6.373047 -0.151172 -0.879687
v 6.373047 -0.151172 -0.879687
v 6.373047 -0.151172 -0.879687
v 6.373047 -0.151172 -0.879687
v 6.442969 -0.142969 0.062500
v 6.442969 -0.142969 0.062500
v 6.442969 -0.142969 0.062500
v 6.442969 -0.142969 0.062500
v 6.442969 -0.142969 0.062500
v 5.258985 -0.807422 -0.642969
v 5.258985 -0.807422 -0.642969
v 5.258985 -0.807422 -0.642969
v 5.258985 -0.807422 -0.642969
v 5.261719 -0.817969 -0.187891
v 5.261719 -0.817969 -0.187891
v 5.261719 -0.817969 -0.187891
v 5.261719 -0.817969 -0.187891
v 4.539844 -0.467187 -0.166406
v 4.539844 -0.467187 -0.166406
v 4.539844 -0.467187 -0.166406
v 4.539844 -0.467187 -0.166406
v 4.782032 0.171484 0.173438
v 4.782032 0.171484 0.173438
v 4.782032 0.171484 0.173438
v 4.782032 0.171484 0.173438
v 4.782032 0.171484 0.173438
v 4.782032 0.171484 0.173438
v 4.782032 0.171484 0.173438
v 4.516797 -0.464453 -0.625000
v 4.516797 -0.464453 -0.625000
v 4.516797 -0.464453 -0.625000
v 4.516797 -0.464453 -0.625000
v 4.764062 0.196094 -0.951172
v 4.764062 0.196094 -0.951172
v 4.764062 0.196094 -0.951172
v 4.764062 0.196094 -0.951172
v 4.764062 0.196094 -0.951172
v 4.764062 0.196094 -0.951172
v 4.764062 0.196094 -0.951172
v 5.233594 0.934766 -0.380469
v 5.233594 0.934766 -0.380469
v 5.233594 0.934766 -0.380469
v 5.233594 0.934766 -0.380469
v 5.176563 0.812891 -0.836328
v 5.176563 0.812891 -0.836328
v 5.176563 0.812891 -0.836328
v 5.176563 0.812891 -0.836328
v 5.922657 0.550000 -0.388281
v 5.922657 0.550000 -0.388281
v 5.922657 0.550000 -0.388281
v 5.922657 0.550000 -0.388281
v 5.858203 0.386719 -0.862891
v 5.858203 0.386719 -0.862891
v 5.858203 0.386719 -0.862891
v 5.858203 0.386719 -0.862891
v 5.858203 0.386719 -0.862891
v 5.191797 0.793359 0.070703
v 5.191797 0.793359 0.070703
v 5.191797 0.793359 0.070703
v 5.191797 0.793359 0.070703
v 5.861328 0.355078 0.076953
v 5.861328 0.355078 0.076953
v 5.861328 0.355078 0.076953
v 5.861328 0.355078 0.076953
v 5.861328 0.355078 0.076953
v 4.619922 1.161328 -0.383594
v 4.619922 1.161328 -0.383594
v 4.619922 1.161328 -0.383594
v 4.619922 1.161328 -0.383594
v 4.546484 1.078906 -0.855078
v 4.546484 1.078906 -0.855078
v 4.546484 1.078906 -0.855078
v 4.546484 1.078906 -0.855078
v 4.546484 1.078906 -0.855078
v 4.583984 1.066016 0.059766
v 4.583984 1.066016 0.059766
v 4.583984 1.066016 0.059766
v 4.583984 1.066016 0.059766
v 4.583984 1.066016 0.059766
v 6.394141 -1.824609 -0.264062
v 6.394141 -1.824609 -0.264062
v 6.394141 -1.824609 -0.264062
v 6.394141 -1.824609 -0.264062
v 6.394141 -1.824609 -0.264062
v 6.394141 -1.824609 -0.264062
v 6.390625 -1.806641 -0.687109
v 6.390625 -1.806641 -0.687109
v 6.390625 -1.806641 -0.687109
v 6.390625 -1.806641 -0.687109
v 6.390625 -1.806641 -0.687109
v 6.390625 -1.806641 -0.687109
v 5.926953 -1.791797 -0.474219
v 5.926953 -1.791797 -0.474219
v 5.926953 -1.791797 -0.474219
v 5.926953 -1.791797 -0.474219
v 5.689063 -0.257812 -0.981250
v 5.689063 -0.257812 -0.981250
v 5.689063 -0.257812 -0.981250
v 5.689063 -0.257812 -0.981250
v 5.689063 -0.257812 -0.981250
v 5.689063 -0.257812 -0.981250
v 5.693359 -0.294922 0.133984
v 5.693359 -0.294922 0.133984
v 5.693359 -0.294922 0.133984
v 5.693359 -0.294922 0.133984
v 5.693359 -0.294922 0.133984
v 5.693359 -0.294922 0.133984
v 5.046094 -0.682031 -0.646875
v 5.046094 -0.682031 -0.646875
v 5.046094 -0.682031 -0.646875
v 5.046094 -0.682031 -0.646875
v 5.051953 -0.689453 -0.175391
v 5.051953 -0.689453 -0.175391
v 5.051953 -0.689453 -0.175391
v 5.051953 -0.689453 -0.175391
v 6.416797 -1.339453 0.762500
v 6.416797 -1.339453 0.762500
v 6.416797 -1.339453 0.762500
v 6.416797 -1.339453 0.762500
v 6.525391 -0.915625 0.838672
v 6.525391 -0.915625 0.838672
v 6.525391 -0.915625 0.838672
v 6.525391 -0.915625 0.838672
v 6.525391 -0.915625 0.838672
v 5.691797 -1.268750 0.980078
v 5.691797 -1.268750 0.980078
v 5.691797 -1.268750 0.980078
v 5.691797 -1.268750 0.980078
v 5.691797 -1.268750 0.980078
v 5.344922 -1.309375 0.738281
v 5.344922 -1.309375 0.738281
v 5.344922 -1.309375 0.738281
v 5.344922 -1.309375 0.738281
v 5.344922 -1.309375 0.738281
v 5.641797 -1.185547 0.018750
v 5.641797 -1.185547 0.018750
v 5.641797 -1.185547 0.018750
v 5.641797 -1.185547 0.018750
v 5.641797 -1.185547 0.018750
v 5.308594 -1.291797 0.316016
v 5.308594 -1.291797 0.316016
v 5.308594 -1.291797 0.316016
v 5.308594 -1.291797 0.316016
v 5.308594 -1.291797 0.316016
v 6.365234 -1.314062 0.159375
v 6.365234 -1.314062 0.159375
v 6.365234 -1.314062 0.159375
v 6.365234 -1.314062 0.159375
v 6.442969 -0.889063 0.096484
v 6.442969 -0.889063 0.096484
v 6.442969 -0.889063 0.096484
v 6.442969 -0.889063 0.096484
v 6.442969 -0.889063 0.096484
v 6.663281 -0.918359 0.442188
v 6.663281 -0.918359 0.442188
v 6.663281 -0.918359 0.442188
v 6.663281 -0.918359 0.442188
v 6.591797 -1.387500 0.444531
v 6.591797 -1.387500 0.444531
v 6.591797 -1.387500 0.444531
v 6.591797 -1.387500 0.444531
v 6.591797 -1.387500 0.444531
v 5.134375 -1.028516 0.744531
v 5.134375 -1.028516 0.744531
v 5.134375 -1.028516 0.744531
v 5.134375 -1.028516 0.744531
v 5.854688 -0.460938 1.032031
v 5.854688 -0.460938 1.032031
v 5.854688 -0.460938 1.032031
v 5.854688 -0.460938 1.032031
v 5.854688 -0.460938 1.032031
v 5.854688 -0.460938 1.032031
v 5.096485 -1.010156 0.344141
v 5.096485 -1.010156 0.344141
v 5.096485 -1.010156 0.344141
v 5.096485 -1.010156 0.344141
vt 0.955088 0.383483
vt 0.939394 0.366303
vt 0.955089 0.382002
vt 0.939394 0.367784
vt 0.655088 0.479682
vt 0.640790 0.483734
vt 0.655088 0.483734
vt 0.640790 0.477150
vt 0.626491 0.479682
vt 0.640790 0.483734
vt 0.640790 0.477150
vt 0.626491 0.483734
vt 0.964882 0.478576
vt 0.949654 0.474175
vt 0.964882 0.471535
vt 0.949654 0.478576
vt 0.680507 0.479682
vt 0.694806 0.483734
vt 0.694806 0.477150
vt 0.680507 0.483734
vt 0.709104 0.479682
vt 0.694806 0.483734
vt 0.709104 0.483734
vt 0.694806 0.477150
vt 0.680507 0.487786
vt 0.694806 0.483734
vt 0.680507 0.483734
vt 0.694806 0.490319
vt 0.709104 0.487786
vt 0.694806 0.483734
vt 0.694806 0.490319
vt 0.709104 0.483734
vt 0.830878 0.463614
vt 0.815651 0.470215
vt 0.815651 0.463614
vt 0.830878 0.468014
vt 0.846106 0.463614
vt 0.830878 0.468014
vt 0.830878 0.463614
vt 0.846106 0.468014
vt 0.846106 0.468014
vt 0.861334 0.463614
vt 0.861334 0.470215
vt 0.846106 0.463614
vt 0.964882 0.478576
vt 0.949654 0.489138
vt 0.949654 0.478576
vt 0.964882 0.482096
vt 0.919199 0.478576
vt 0.934427 0.489138
vt 0.919199 0.482096
vt 0.934427 0.478576
vt 0.694806 0.493194
vt 0.680507 0.487786
vt 0.680507 0.493194
vt 0.694806 0.490319
vt 0.694806 0.493194
vt 0.709104 0.487786
vt 0.694806 0.490319
vt 0.709104 0.493194
vt 0.913108 0.478576
vt 0.897880 0.474175
vt 0.913108 0.471535
vt 0.897880 0.478576
vt 0.868795 0.425092
vt 0.835839 0.437297
vt 0.857315 0.437317
vt 0.833040 0.425229
vt 0.655088 0.471578
vt 0.640790 0.467526
vt 0.640790 0.474111
vt 0.655088 0.467526
vt 0.626491 0.471578
vt 0.640790 0.467526
vt 0.626491 0.467526
vt 0.640790 0.474111
vt 0.709104 0.463474
vt 0.694806 0.467526
vt 0.709104 0.467526
vt 0.694806 0.460942
vt 0.939394 0.366303
vt 0.926603 0.381993
vt 0.955089 0.382002
vt 0.915516 0.366295
vt 0.915516 0.366295
vt 0.871433 0.381976
vt 0.926603 0.381993
vt 0.871441 0.365569
vt 0.524815 0.461448
vt 0.539113 0.465500
vt 0.539113 0.458916
vt 0.524815 0.465500
vt 0.553411 0.461448
vt 0.539113 0.465500
vt 0.553411 0.465500
vt 0.539113 0.458916
vt 0.605278 0.443567
vt 0.583135 0.406713
vt 0.574012 0.440048
vt 0.603226 0.406815
vt 0.623155 0.443643
vt 0.650104 0.407050
vt 0.630013 0.406949
vt 0.655959 0.440389
vt 0.522162 0.448518
vt 0.512971 0.442489
vt 0.515095 0.449008
vt 0.517631 0.433139
vt 0.524815 0.469552
vt 0.539113 0.465500
vt 0.524815 0.465500
vt 0.539113 0.472085
vt 0.553411 0.469552
vt 0.539113 0.465500
vt 0.539113 0.472085
vt 0.553411 0.465500
vt 0.680507 0.471578
vt 0.694806 0.467526
vt 0.680507 0.467526
vt 0.694806 0.474111
vt 0.709104 0.471578
vt 0.694806 0.467526
vt 0.694806 0.474111
vt 0.709104 0.467526
vt 0.815651 0.475056
vt 0.800423 0.471535
vt 0.815651 0.468894
vt 0.800423 0.475056
vt 0.656171 0.359452
vt 0.595402 0.382705
vt 0.638361 0.382921
vt 0.579921 0.359957
vt 0.524815 0.475630
vt 0.539113 0.479682
vt 0.539113 0.473097
vt 0.524815 0.479682
vt 0.553411 0.475630
vt 0.539113 0.479682
vt 0.553411 0.479682
vt 0.539113 0.473097
vt 0.524815 0.483734
vt 0.539113 0.479682
vt 0.524815 0.479682
vt 0.539113 0.486266
vt 0.553411 0.483734
vt 0.539113 0.479682
vt 0.539113 0.486266
vt 0.553411 0.479682
vt 0.815651 0.475056
vt 0.800423 0.483857
vt 0.800423 0.475056
vt 0.815651 0.478576
vt 0.539113 0.488603
vt 0.553411 0.483734
vt 0.539113 0.486266
vt 0.553411 0.488603
vt 0.769968 0.475056
vt 0.785195 0.483857
vt 0.769968 0.478576
vt 0.785195 0.475056
vt 0.539113 0.488603
vt 0.524815 0.483734
vt 0.524815 0.488603
vt 0.539113 0.486266
vt 0.572476 0.485760
vt 0.586774 0.481708
vt 0.572476 0.481708
vt 0.586774 0.488292
vt 0.887006 0.443564
vt 0.907817 0.437183
vt 0.886373 0.437302
vt 0.907236 0.442954
vt 0.882653 0.474175
vt 0.897880 0.478576
vt 0.882653 0.478576
vt 0.897880 0.474175
vt 0.837020 0.443896
vt 0.857315 0.437317
vt 0.835839 0.437297
vt 0.857400 0.443965
vt 0.601072 0.477656
vt 0.586774 0.481708
vt 0.601072 0.481708
vt 0.586774 0.475124
vt 0.846106 0.476816
vt 0.830878 0.485617
vt 0.830878 0.476816
vt 0.846106 0.485617
vt 0.844540 0.352630
vt 0.892940 0.356664
vt 0.892224 0.352604
vt 0.844538 0.356708
vt 0.640790 0.474111
vt 0.655088 0.479682
vt 0.655088 0.471578
vt 0.640790 0.477150
vt 0.626491 0.471578
vt 0.640790 0.477150
vt 0.640790 0.474111
vt 0.626491 0.479682
vt 0.787821 0.382631
vt 0.820992 0.373087
vt 0.782579 0.374945
vt 0.825556 0.381685
vt 0.830878 0.472415
vt 0.815651 0.476816
vt 0.815651 0.470215
vt 0.830878 0.476816
vt 0.572476 0.477656
vt 0.586774 0.481708
vt 0.586774 0.475124
vt 0.572476 0.481708
vt 0.897880 0.468894
vt 0.882653 0.474175
vt 0.882653 0.468894
vt 0.897880 0.474175
vt 0.803897 0.387543
vt 0.825556 0.381685
vt 0.787821 0.382631
vt 0.833477 0.380192
vt 0.572476 0.462461
vt 0.586774 0.466513
vt 0.586774 0.459929
vt 0.572476 0.466513
vt 0.601072 0.462461
vt 0.586774 0.466513
vt 0.601072 0.466513
vt 0.586774 0.459929
vt 0.825556 0.381685
vt 0.871426 0.388116
vt 0.871433 0.381976
vt 0.833477 0.380192
vt 0.572476 0.470565
vt 0.586774 0.466513
vt 0.572476 0.466513
vt 0.586774 0.473097
vt 0.601072 0.470565
vt 0.586774 0.466513
vt 0.586774 0.473097
vt 0.601072 0.466513
vt 0.820992 0.373087
vt 0.794829 0.368949
vt 0.782579 0.374945
vt 0.819833 0.365553
vt 0.861334 0.476816
vt 0.846106 0.472415
vt 0.861334 0.470215
vt 0.846106 0.476816
vt 0.655088 0.463474
vt 0.640790 0.467526
vt 0.655088 0.467526
vt 0.640790 0.460942
vt 0.797285 0.425366
vt 0.835727 0.408901
vt 0.807535 0.407024
vt 0.833040 0.425229
vt 0.626491 0.463474
vt 0.640790 0.467526
vt 0.640790 0.460942
vt 0.626491 0.467526
vt 0.626491 0.458409
vt 0.640790 0.460942
vt 0.640790 0.458409
vt 0.626491 0.463474
vt 0.640790 0.458409
vt 0.655088 0.463474
vt 0.655088 0.458409
vt 0.640790 0.460942
vt 0.882653 0.474175
vt 0.867425 0.478576
vt 0.867425 0.471535
vt 0.882653 0.478576
vt 0.882653 0.460973
vt 0.897880 0.464494
vt 0.882653 0.464494
vt 0.897880 0.460973
vt 0.586774 0.491642
vt 0.601072 0.485760
vt 0.586774 0.488292
vt 0.601072 0.491642
vt 0.572476 0.457396
vt 0.586774 0.459929
vt 0.586774 0.457396
vt 0.572476 0.462461
vt 0.586774 0.457396
vt 0.601072 0.462461
vt 0.601072 0.457396
vt 0.586774 0.459929
vt 0.830878 0.460093
vt 0.846106 0.463614
vt 0.830878 0.463614
vt 0.846106 0.460093
vt 0.586774 0.491642
vt 0.572476 0.485760
vt 0.572476 0.491642
vt 0.586774 0.488292
vt 0.897880 0.478576
vt 0.882653 0.489138
vt 0.882653 0.478576
vt 0.897880 0.489138
vt 0.846106 0.468014
vt 0.830878 0.472415
vt 0.830878 0.468014
vt 0.846106 0.472415
vt 0.815651 0.476816
vt 0.830878 0.485617
vt 0.815651 0.480336
vt 0.830878 0.476816
vt 0.572476 0.470565
vt 0.586774 0.475124
vt 0.586774 0.473097
vt 0.572476 0.477656
vt 0.586774 0.473097
vt 0.601072 0.477656
vt 0.601072 0.470565
vt 0.586774 0.475124
vt 0.830878 0.472415
vt 0.846106 0.476816
vt 0.830878 0.476816
vt 0.846106 0.472415
vt 0.601072 0.485760
vt 0.586774 0.481708
vt 0.586774 0.488292
vt 0.601072 0.481708
vt 0.638361 0.382921
vt 0.603226 0.406815
vt 0.630013 0.406949
vt 0.595402 0.382705
vt 0.669555 0.406088
vt 0.650033 0.412474
vt 0.650033 0.406088
vt 0.669555 0.412474
vt 0.730908 0.421596
vt 0.743457 0.412474
vt 0.740813 0.421596
vt 0.730908 0.412474
vt 0.730908 0.403351
vt 0.715570 0.409737
vt 0.715570 0.403351
vt 0.730908 0.409737
vt 0.897880 0.468894
vt 0.913108 0.464494
vt 0.913108 0.471535
vt 0.897880 0.464494
vt 0.949654 0.468894
vt 0.964882 0.464494
vt 0.964882 0.471535
vt 0.949654 0.464494
vt 0.687682 0.412474
vt 0.700231 0.421596
vt 0.687682 0.421596
vt 0.700231 0.412474
vt 0.949654 0.464494
vt 0.934427 0.468894
vt 0.934427 0.464494
vt 0.949654 0.468894
vt 0.700231 0.403351
vt 0.715570 0.409737
vt 0.700231 0.409737
vt 0.715570 0.403351
vt 0.680507 0.458409
vt 0.694806 0.460942
vt 0.694806 0.458409
vt 0.680507 0.463474
vt 0.694806 0.458409
vt 0.709104 0.463474
vt 0.709104 0.458409
vt 0.694806 0.460942
vt 0.934427 0.460973
vt 0.949654 0.464494
vt 0.934427 0.464494
vt 0.949654 0.460973
vt 0.730908 0.395141
vt 0.715570 0.379177
vt 0.730908 0.383282
vt 0.715570 0.394229
vt 0.715570 0.394229
vt 0.700231 0.383282
vt 0.715570 0.379177
vt 0.700231 0.395141
vt 0.934427 0.464494
vt 0.919199 0.471535
vt 0.919199 0.464494
vt 0.934427 0.468894
vt 0.897880 0.464494
vt 0.882653 0.468894
vt 0.882653 0.464494
vt 0.897880 0.468894
vt 0.949654 0.468894
vt 0.934427 0.474175
vt 0.934427 0.468894
vt 0.949654 0.474175
vt 0.882653 0.464494
vt 0.867425 0.471535
vt 0.867425 0.464494
vt 0.882653 0.468894
vt 0.680507 0.471578
vt 0.694806 0.477150
vt 0.694806 0.474111
vt 0.680507 0.479682
vt 0.694806 0.474111
vt 0.709104 0.479682
vt 0.709104 0.471578
vt 0.694806 0.477150
vt 0.730908 0.412474
vt 0.715570 0.421596
vt 0.715570 0.412474
vt 0.730908 0.421596
vt 0.730908 0.409737
vt 0.715570 0.412474
vt 0.715570 0.409737
vt 0.730908 0.412474
vt 0.631906 0.400615
vt 0.650033 0.406088
vt 0.631906 0.406088
vt 0.650033 0.400615
vt 0.730908 0.403351
vt 0.715570 0.400615
vt 0.730908 0.400615
vt 0.715570 0.403351
vt 0.730908 0.395141
vt 0.715570 0.400615
vt 0.715570 0.394229
vt 0.730908 0.400615
vt 0.650033 0.406088
vt 0.631906 0.412474
vt 0.631906 0.406088
vt 0.650033 0.412474
vt 0.715570 0.412474
vt 0.700231 0.421596
vt 0.700231 0.412474
vt 0.715570 0.421596
vt 0.700231 0.409737
vt 0.715570 0.412474
vt 0.700231 0.412474
vt 0.715570 0.409737
vt 0.669555 0.406088
vt 0.687682 0.400615
vt 0.687682 0.406088
vt 0.669555 0.400615
vt 0.700231 0.403351
vt 0.715570 0.400615
vt 0.715570 0.403351
vt 0.700231 0.400615
vt 0.715570 0.394229
vt 0.700231 0.400615
vt 0.700231 0.395141
vt 0.715570 0.400615
vt 0.785195 0.462733
vt 0.769968 0.468894
vt 0.769968 0.462733
vt 0.785195 0.466254
vt 0.687682 0.412474
vt 0.669555 0.406088
vt 0.687682 0.406088
vt 0.669555 0.412474
vt 0.800423 0.462733
vt 0.785195 0.466254
vt 0.785195 0.462733
vt 0.800423 0.466254
vt 0.800423 0.466254
vt 0.815651 0.462733
vt 0.815651 0.468894
vt 0.800423 0.462733
vt 0.669555 0.421596
vt 0.641667 0.426157
vt 0.650033 0.421596
vt 0.677921 0.426157
vt 0.861334 0.476816
vt 0.846106 0.485617
vt 0.846106 0.476816
vt 0.861334 0.480336
vt 0.669555 0.417947
vt 0.650033 0.421596
vt 0.650033 0.417947
vt 0.669555 0.421596
vt 0.669555 0.412474
vt 0.650033 0.417947
vt 0.650033 0.412474
vt 0.669555 0.417947
vt 0.669555 0.400615
vt 0.650033 0.406088
vt 0.650033 0.400615
vt 0.669555 0.406088
vt 0.949654 0.478576
vt 0.934427 0.489138
vt 0.934427 0.478576
vt 0.949654 0.489138
vt 0.931694 0.410798
vt 0.966050 0.388326
vt 0.929606 0.388891
vt 0.965580 0.406773
vt 0.626491 0.487786
vt 0.640790 0.483734
vt 0.626491 0.483734
vt 0.640790 0.490319
vt 0.970019 0.406648
vt 0.964301 0.429076
vt 0.968826 0.429245
vt 0.965580 0.406773
vt 0.962746 0.436460
vt 0.968826 0.429245
vt 0.964301 0.429076
vt 0.964598 0.441016
vt 0.964598 0.441016
vt 0.946781 0.442531
vt 0.961867 0.445573
vt 0.962746 0.436460
vt 0.788034 0.441818
vt 0.767982 0.439056
vt 0.771292 0.444717
vt 0.777713 0.436258
vt 0.640790 0.493194
vt 0.626491 0.487786
vt 0.626491 0.493194
vt 0.640790 0.490319
vt 0.867425 0.478576
vt 0.882653 0.489138
vt 0.867425 0.482096
vt 0.882653 0.478576
vt 0.800423 0.475056
vt 0.785195 0.483857
vt 0.785195 0.475056
vt 0.800423 0.483857
vt 0.913108 0.478576
vt 0.897880 0.489138
vt 0.897880 0.478576
vt 0.913108 0.482096
vt 0.719823 0.446800
vt 0.708911 0.452920
vt 0.716554 0.453587
vt 0.713685 0.435516
vt 0.934427 0.474175
vt 0.919199 0.478576
vt 0.919199 0.471535
vt 0.934427 0.478576
vt 0.655088 0.487786
vt 0.640790 0.483734
vt 0.640790 0.490319
vt 0.655088 0.483734
vt 0.785195 0.471535
vt 0.769968 0.475056
vt 0.769968 0.468894
vt 0.785195 0.475056
vt 0.556164 0.436447
vt 0.531754 0.409316
vt 0.524011 0.433906
vt 0.557621 0.408029
vt 0.965580 0.406773
vt 0.930627 0.424818
vt 0.964301 0.429076
vt 0.931694 0.410798
vt 0.931694 0.410798
vt 0.868795 0.425092
vt 0.930627 0.424818
vt 0.863920 0.410777
vt 0.835727 0.408901
vt 0.868795 0.425092
vt 0.863920 0.410777
vt 0.833040 0.425229
vt 0.524815 0.457396
vt 0.539113 0.458916
vt 0.539113 0.454298
vt 0.524815 0.461448
vt 0.680507 0.463474
vt 0.694806 0.467526
vt 0.694806 0.460942
vt 0.680507 0.467526
vt 0.539113 0.454298
vt 0.553411 0.461448
vt 0.553411 0.457396
vt 0.539113 0.458916
vt 0.785195 0.459213
vt 0.800423 0.462733
vt 0.785195 0.462733
vt 0.800423 0.459213
vt 0.934427 0.474175
vt 0.949654 0.478576
vt 0.934427 0.478576
vt 0.949654 0.474175
vt 0.926603 0.381993
vt 0.871426 0.388116
vt 0.929606 0.388891
vt 0.871433 0.381976
vt 0.800423 0.466254
vt 0.785195 0.471535
vt 0.785195 0.466254
vt 0.800423 0.471535
vt 0.844538 0.356560
vt 0.892224 0.352604
vt 0.891504 0.356552
vt 0.844540 0.352630
vt 0.668160 0.386019
vt 0.669555 0.400615
vt 0.650033 0.400615
vt 0.683499 0.383282
vt 0.524815 0.469552
vt 0.539113 0.473097
vt 0.539113 0.472085
vt 0.524815 0.475630
vt 0.539113 0.472085
vt 0.553411 0.475630
vt 0.553411 0.469552
vt 0.539113 0.473097
vt 0.930627 0.424818
vt 0.886373 0.437302
vt 0.907817 0.437183
vt 0.868795 0.425092
vt 0.785195 0.471535
vt 0.800423 0.475056
vt 0.785195 0.475056
vt 0.800423 0.471535
vt 0.583135 0.406713
vt 0.560385 0.382066
vt 0.557621 0.408029
vt 0.595402 0.382705
vt 0.650104 0.407050
vt 0.674417 0.383102
vt 0.638361 0.382921
vt 0.670194 0.407151
vt 0.640790 0.493194
vt 0.655088 0.487786
vt 0.640790 0.490319
vt 0.655088 0.493194
vt 0.673840 0.440503
vt 0.694318 0.407273
vt 0.670194 0.407151
vt 0.703940 0.437014
vt 0.955089 0.382002
vt 0.929606 0.388891
vt 0.966050 0.388326
vt 0.926603 0.381993
vt 0.837020 0.443896
vt 0.835839 0.437297
vt 0.817761 0.440398
vt 0.835839 0.437297
vt 0.798257 0.439074
vt 0.817761 0.440398
vt 0.821344 0.447416
vt 0.837020 0.443896
vt 0.817761 0.440398
vt 0.817761 0.440398
vt 0.798257 0.439074
vt 0.808231 0.442847
vt 0.664900 0.440454
vt 0.675728 0.455044
vt 0.673840 0.440503
vt 0.670194 0.407151
vt 0.650104 0.407050
vt 0.664900 0.440454
vt 0.614217 0.443612
vt 0.603226 0.406815
vt 0.605278 0.443567
vt 0.703940 0.437014
vt 0.692734 0.454489
vt 0.708911 0.452920
vt 0.670194 0.407151
vt 0.694318 0.407273
vt 0.674417 0.383102
vt 0.638361 0.382921
vt 0.630013 0.406949
vt 0.650104 0.407050
vt 0.560385 0.382066
vt 0.531754 0.409316
vt 0.557621 0.408029
vt 0.666083 0.454566
vt 0.664900 0.440454
vt 0.656403 0.457594
vt 0.614217 0.443612
vt 0.620920 0.456867
vt 0.623155 0.443643
vt 0.874001 0.440494
vt 0.857315 0.437317
vt 0.857400 0.443965
vt 0.808231 0.442847
vt 0.821344 0.447416
vt 0.817761 0.440398
vt 0.673840 0.440503
vt 0.675728 0.455044
vt 0.692734 0.454489
vt 0.669555 0.417947
vt 0.687682 0.412474
vt 0.687682 0.421596
vt 0.669555 0.417947
vt 0.669555 0.412474
vt 0.687682 0.412474
vt 0.631906 0.412474
vt 0.650033 0.412474
vt 0.650033 0.417947
vt 0.687682 0.400615
vt 0.700231 0.403351
vt 0.687682 0.406088
vt 0.700231 0.409737
vt 0.687682 0.406088
vt 0.700231 0.403351
vt 0.730908 0.409737
vt 0.730908 0.403351
vt 0.743457 0.406335
vt 0.844538 0.356708
vt 0.805323 0.363052
vt 0.819833 0.365553
vt 0.596850 0.347578
vt 0.550233 0.360828
vt 0.579921 0.359957
vt 0.916945 0.357515
vt 0.892940 0.356664
vt 0.939394 0.366303
vt 0.970019 0.406648
vt 0.966050 0.388326
vt 0.965580 0.406773
vt 0.939394 0.367784
vt 0.916945 0.357515
vt 0.939394 0.366303
vt 0.730908 0.426157
vt 0.715570 0.421596
vt 0.730908 0.421596
vt 0.700231 0.412474
vt 0.687682 0.412474
vt 0.700231 0.409737
vt 0.669555 0.421596
vt 0.687682 0.421596
vt 0.677921 0.426157
vt 0.700231 0.403351
vt 0.687682 0.400615
vt 0.700231 0.400615
vt 0.687682 0.412474
vt 0.687682 0.406088
vt 0.700231 0.409737
vt 0.730908 0.412474
vt 0.730908 0.409737
vt 0.743457 0.412474
vt 0.650033 0.421596
vt 0.641667 0.426157
vt 0.631906 0.421596
vt 0.730908 0.403351
vt 0.730908 0.400615
vt 0.743457 0.400615
vt 0.730908 0.403351
vt 0.743457 0.400615
vt 0.743457 0.406335
vt 0.730908 0.409737
vt 0.743457 0.406335
vt 0.743457 0.412474
vt 0.730908 0.426157
vt 0.700231 0.426157
vt 0.715570 0.421596
vt 0.650033 0.400615
vt 0.654216 0.394229
vt 0.668160 0.386019
vt 0.700231 0.421596
vt 0.715570 0.421596
vt 0.700231 0.426157
vt 0.669555 0.417947
vt 0.687682 0.421596
vt 0.669555 0.421596
vt 0.687682 0.400615
vt 0.700231 0.395141
vt 0.700231 0.400615
vt 0.730908 0.426157
vt 0.730908 0.421596
vt 0.740813 0.421596
vt 0.631906 0.421596
vt 0.650033 0.417947
vt 0.650033 0.421596
vt 0.844538 0.356708
vt 0.818949 0.357503
vt 0.805323 0.363052
vt 0.916945 0.357515
vt 0.892224 0.352604
vt 0.892940 0.356664
vt 0.844538 0.356560
vt 0.803804 0.365591
vt 0.818949 0.357503
vt 0.819833 0.365553
vt 0.820992 0.373087
vt 0.871441 0.365569
vt 0.560385 0.382066
vt 0.550233 0.360828
vt 0.529428 0.379619
vt 0.699977 0.377476
vt 0.674417 0.383102
vt 0.694318 0.407273
vt 0.807535 0.407024
vt 0.778269 0.425984
vt 0.797285 0.425366
vt 0.777713 0.436258
vt 0.797285 0.425366
vt 0.778269 0.425984
vt 0.907817 0.437183
vt 0.942139 0.439118
vt 0.930627 0.424818
vt 0.531754 0.409316
vt 0.529428 0.379619
vt 0.514607 0.409550
vt 0.524011 0.433906
vt 0.531754 0.409316
vt 0.517631 0.433139
vt 0.964301 0.429076
vt 0.942139 0.439118
vt 0.962746 0.436460
vt 0.654216 0.394229
vt 0.650033 0.400615
vt 0.631906 0.400615
vt 0.654216 0.394229
vt 0.631906 0.400615
vt 0.730908 0.395141
vt 0.687682 0.400615
vt 0.700231 0.383282
vt 0.700231 0.395141
vt 0.691865 0.383282
vt 0.687682 0.400615
vt 0.669555 0.400615
vt 0.691865 0.383282
vt 0.669555 0.400615
vt 0.683499 0.383282
vt 0.674417 0.383102
vt 0.681939 0.358904
vt 0.656171 0.359452
vt 0.529428 0.379619
vt 0.531754 0.409316
vt 0.560385 0.382066
vt 0.517631 0.433139
vt 0.522162 0.448518
vt 0.524011 0.433906
vt 0.762500 0.427578
vt 0.767982 0.439056
vt 0.777713 0.436258
vt 0.713685 0.435516
vt 0.714030 0.408101
vt 0.694318 0.407273
vt 0.730908 0.395141
vt 0.743457 0.400615
vt 0.730908 0.400615
vt 0.700231 0.383282
vt 0.687682 0.400615
vt 0.691865 0.383282
vt 0.700231 0.421596
vt 0.700231 0.426157
vt 0.687682 0.421596
vt 0.654216 0.394229
vt 0.730908 0.395141
vt 0.730908 0.383282
vt 0.631906 0.421596
vt 0.631906 0.412474
vt 0.650033 0.417947
vt 0.934427 0.489138
vt 0.928336 0.493538
vt 0.919199 0.482096
vt 0.680507 0.493194
vt 0.680507 0.487786
vt 0.670975 0.487786
vt 0.721404 0.430720
vt 0.720887 0.408504
vt 0.714030 0.408101
vt 0.762500 0.427578
vt 0.777713 0.436258
vt 0.778269 0.425984
vt 0.850168 0.398448
vt 0.807535 0.407024
vt 0.835727 0.408901
vt 0.835839 0.437297
vt 0.833040 0.425229
vt 0.797285 0.425366
vt 0.833477 0.380192
vt 0.803897 0.387543
vt 0.850168 0.398448
vt 0.871426 0.388116
vt 0.850168 0.398448
vt 0.863920 0.410777
vt 0.769214 0.377087
vt 0.785081 0.380957
vt 0.774147 0.387571
vt 0.765078 0.397359
vt 0.769214 0.377087
vt 0.774147 0.387571
vt 0.714030 0.408101
vt 0.720887 0.408504
vt 0.716654 0.382888
vt 0.713685 0.435516
vt 0.721404 0.430720
vt 0.714030 0.408101
vt 0.714030 0.408101
vt 0.716654 0.382888
vt 0.699977 0.377476
vt 0.763213 0.404874
vt 0.765078 0.397359
vt 0.774147 0.387571
vt 0.579921 0.359957
vt 0.656171 0.359452
vt 0.596850 0.347578
vt 0.642464 0.347834
vt 0.656171 0.359452
vt 0.681939 0.358904
vt 0.939394 0.366303
vt 0.892940 0.356664
vt 0.915516 0.366295
vt 0.867425 0.464494
vt 0.867425 0.462554
vt 0.882653 0.460973
vt 0.655088 0.493194
vt 0.640790 0.493194
vt 0.655088 0.498259
vt 0.913108 0.464494
vt 0.897880 0.464494
vt 0.897880 0.460973
vt 0.913108 0.471535
vt 0.897880 0.474175
vt 0.897880 0.468894
vt 0.882653 0.474175
vt 0.867425 0.471535
vt 0.882653 0.468894
vt 0.655088 0.493194
vt 0.655088 0.498259
vt 0.664620 0.487786
vt 0.882653 0.489138
vt 0.876562 0.493538
vt 0.867425 0.482096
vt 0.626491 0.493194
vt 0.626491 0.487786
vt 0.616959 0.487786
vt 0.556164 0.436447
vt 0.566567 0.439940
vt 0.557621 0.408029
vt 0.673840 0.440503
vt 0.692734 0.454489
vt 0.703940 0.437014
vt 0.919973 0.446997
vt 0.929387 0.443370
vt 0.922302 0.440542
vt 0.907236 0.442954
vt 0.919973 0.446997
vt 0.922302 0.440542
vt 0.942139 0.439118
vt 0.922302 0.440542
vt 0.929387 0.443370
vt 0.962746 0.436460
vt 0.942139 0.439118
vt 0.946781 0.442531
vt 0.556164 0.436447
vt 0.524011 0.433906
vt 0.540794 0.451389
vt 0.540794 0.451389
vt 0.555217 0.453036
vt 0.556164 0.436447
vt 0.574012 0.440048
vt 0.566567 0.439940
vt 0.572775 0.456367
vt 0.613640 0.456360
vt 0.614217 0.443612
vt 0.607545 0.455642
vt 0.572775 0.456367
vt 0.589684 0.459066
vt 0.574012 0.440048
vt 0.922302 0.440542
vt 0.907817 0.437183
vt 0.907236 0.442954
vt 0.922302 0.440542
vt 0.942139 0.439118
vt 0.907817 0.437183
vt 0.886373 0.437302
vt 0.874001 0.440494
vt 0.887006 0.443564
vt 0.857400 0.443965
vt 0.873573 0.447715
vt 0.874001 0.440494
vt 0.886373 0.437302
vt 0.857315 0.437317
vt 0.874001 0.440494
vt 0.623155 0.443643
vt 0.620920 0.456867
vt 0.638699 0.460253
vt 0.656403 0.457594
vt 0.655959 0.440389
vt 0.638699 0.460253
vt 0.572476 0.477656
vt 0.562944 0.474111
vt 0.562944 0.481708
vt 0.610604 0.481708
vt 0.601072 0.477656
vt 0.601072 0.481708
vt 0.572476 0.470565
vt 0.562944 0.466513
vt 0.562944 0.474111
vt 0.785081 0.380957
vt 0.805323 0.363052
vt 0.803804 0.365591
vt 0.680507 0.479682
vt 0.680507 0.471578
vt 0.670975 0.475630
vt 0.709104 0.479682
vt 0.718636 0.483734
vt 0.718636 0.475630
vt 0.718636 0.467526
vt 0.709104 0.471578
vt 0.718636 0.475630
vt 0.934427 0.489138
vt 0.942041 0.491778
vt 0.928336 0.493538
vt 0.949654 0.489138
vt 0.964882 0.482096
vt 0.955746 0.493538
vt 0.670975 0.487786
vt 0.680507 0.498259
vt 0.680507 0.493194
vt 0.709104 0.493194
vt 0.709104 0.498259
vt 0.718636 0.487786
vt 0.718636 0.465500
vt 0.709104 0.458409
vt 0.709104 0.463474
vt 0.664620 0.467526
vt 0.655088 0.467526
vt 0.655088 0.471578
vt 0.897880 0.489138
vt 0.903971 0.493538
vt 0.890266 0.491778
vt 0.655088 0.498259
vt 0.640790 0.493194
vt 0.626491 0.498259
vt 0.664620 0.483734
vt 0.655088 0.483734
vt 0.655088 0.487786
vt 0.626491 0.487786
vt 0.616959 0.483734
vt 0.616959 0.487786
vt 0.626491 0.483734
vt 0.626491 0.479682
vt 0.616959 0.483734
vt 0.626491 0.467526
vt 0.626491 0.463474
vt 0.616959 0.467526
vt 0.876562 0.493538
vt 0.890266 0.491778
vt 0.903971 0.493538
vt 0.664620 0.465500
vt 0.655088 0.458409
vt 0.655088 0.463474
vt 0.626491 0.498259
vt 0.640790 0.493194
vt 0.626491 0.493194
vt 0.524815 0.475630
vt 0.524815 0.469552
vt 0.515283 0.472591
vt 0.553411 0.475630
vt 0.562944 0.479682
vt 0.562944 0.472591
vt 0.524815 0.469552
vt 0.524815 0.465500
vt 0.515283 0.465500
vt 0.664620 0.467526
vt 0.655088 0.463474
vt 0.655088 0.467526
vt 0.626491 0.463474
vt 0.616959 0.465500
vt 0.616959 0.467526
vt 0.626491 0.471578
vt 0.626491 0.467526
vt 0.616959 0.467526
vt 0.655088 0.479682
vt 0.664620 0.483734
vt 0.664620 0.475630
vt 0.626491 0.471578
vt 0.616959 0.467526
vt 0.616959 0.475630
vt 0.664620 0.483734
vt 0.655088 0.479682
vt 0.655088 0.483734
vt 0.626491 0.479682
vt 0.616959 0.475630
vt 0.616959 0.483734
vt 0.664620 0.487786
vt 0.664620 0.483734
vt 0.655088 0.487786
vt 0.626491 0.487786
vt 0.626491 0.483734
vt 0.616959 0.483734
vt 0.897880 0.489138
vt 0.890266 0.491778
vt 0.882653 0.489138
vt 0.830878 0.485617
vt 0.824787 0.491778
vt 0.815651 0.480336
vt 0.601072 0.491642
vt 0.610604 0.485760
vt 0.601072 0.485760
vt 0.830878 0.472415
vt 0.815651 0.470215
vt 0.830878 0.468014
vt 0.861334 0.470215
vt 0.846106 0.472415
vt 0.846106 0.468014
vt 0.846106 0.463614
vt 0.846106 0.460093
vt 0.861334 0.463614
vt 0.601072 0.491642
vt 0.586774 0.491642
vt 0.601072 0.497720
vt 0.815651 0.463614
vt 0.815651 0.461853
vt 0.830878 0.460093
vt 0.846106 0.485617
vt 0.838492 0.490018
vt 0.830878 0.485617
vt 0.572476 0.485760
vt 0.572476 0.481708
vt 0.562944 0.481708
vt 0.610604 0.485760
vt 0.610604 0.481708
vt 0.601072 0.485760
vt 0.610604 0.474111
vt 0.601072 0.470565
vt 0.601072 0.477656
vt 0.572476 0.470565
vt 0.572476 0.466513
vt 0.562944 0.466513
vt 0.572476 0.462461
vt 0.562944 0.464487
vt 0.562944 0.466513
vt 0.610604 0.466513
vt 0.601072 0.462461
vt 0.601072 0.466513
vt 0.846106 0.485617
vt 0.852197 0.491778
vt 0.838492 0.490018
vt 0.601072 0.497720
vt 0.586774 0.491642
vt 0.572476 0.497720
vt 0.610604 0.466513
vt 0.601072 0.466513
vt 0.601072 0.470565
vt 0.610604 0.481708
vt 0.601072 0.481708
vt 0.601072 0.485760
vt 0.572476 0.485760
vt 0.562944 0.481708
vt 0.562944 0.485760
vt 0.572476 0.481708
vt 0.572476 0.477656
vt 0.562944 0.481708
vt 0.572476 0.466513
vt 0.572476 0.462461
vt 0.562944 0.466513
vt 0.824787 0.491778
vt 0.838492 0.490018
vt 0.852197 0.491778
vt 0.572476 0.497720
vt 0.586774 0.491642
vt 0.572476 0.491642
vt 0.610604 0.464487
vt 0.601072 0.457396
vt 0.601072 0.462461
vt 0.601072 0.491642
vt 0.601072 0.497720
vt 0.610604 0.485760
vt 0.562944 0.485760
vt 0.572476 0.497720
vt 0.572476 0.491642
vt 0.846106 0.485617
vt 0.861334 0.480336
vt 0.852197 0.491778
vt 0.830878 0.485617
vt 0.838492 0.490018
vt 0.824787 0.491778
vt 0.610604 0.466513
vt 0.601072 0.470565
vt 0.610604 0.474111
vt 0.601072 0.477656
vt 0.610604 0.481708
vt 0.610604 0.474111
vt 0.655088 0.493194
vt 0.664620 0.487786
vt 0.655088 0.487786
vt 0.939394 0.367784
vt 0.891504 0.356552
vt 0.916945 0.357515
vt 0.805323 0.363052
vt 0.818949 0.357503
vt 0.803804 0.365591
vt 0.614217 0.443612
vt 0.613640 0.456360
vt 0.620920 0.456867
vt 0.566567 0.439940
vt 0.564547 0.452005
vt 0.572775 0.456367
vt 0.675728 0.455044
vt 0.664900 0.440454
vt 0.666083 0.454566
vt 0.614217 0.443612
vt 0.605278 0.443567
vt 0.607545 0.455642
vt 0.630013 0.406949
vt 0.603226 0.406815
vt 0.614217 0.443612
vt 0.583135 0.406713
vt 0.557621 0.408029
vt 0.566567 0.439940
vt 0.556164 0.436447
vt 0.555217 0.453036
vt 0.566567 0.439940
vt 0.664900 0.440454
vt 0.655959 0.440389
vt 0.656403 0.457594
vt 0.788034 0.441818
vt 0.808231 0.442847
vt 0.798257 0.439074
vt 0.887006 0.443564
vt 0.874001 0.440494
vt 0.873573 0.447715
vt 0.564547 0.452005
vt 0.566567 0.439940
vt 0.555217 0.453036
vt 0.583135 0.406713
vt 0.603226 0.406815
vt 0.595402 0.382705
vt 0.583135 0.406713
vt 0.566567 0.439940
vt 0.574012 0.440048
vt 0.630013 0.406949
vt 0.614217 0.443612
vt 0.623155 0.443643
vt 0.670194 0.407151
vt 0.664900 0.440454
vt 0.673840 0.440503
vt 0.942139 0.439118
vt 0.929387 0.443370
vt 0.946781 0.442531
vt 0.777713 0.436258
vt 0.788034 0.441818
vt 0.798257 0.439074
vt 0.655959 0.440389
vt 0.664900 0.440454
vt 0.650104 0.407050
vt 0.616959 0.487786
vt 0.626491 0.498259
vt 0.626491 0.493194
vt 0.897880 0.489138
vt 0.913108 0.482096
vt 0.903971 0.493538
vt 0.882653 0.489138
vt 0.890266 0.491778
vt 0.876562 0.493538
vt 0.664620 0.467526
vt 0.655088 0.471578
vt 0.664620 0.475630
vt 0.664620 0.475630
vt 0.655088 0.471578
vt 0.655088 0.479682
vt 0.626491 0.479682
vt 0.626491 0.471578
vt 0.616959 0.475630
vt 0.882653 0.464494
vt 0.867425 0.464494
vt 0.882653 0.460973
vt 0.913108 0.464494
vt 0.897880 0.460973
vt 0.913108 0.462621
vt 0.664620 0.467526
vt 0.664620 0.465500
vt 0.655088 0.463474
vt 0.626491 0.458409
vt 0.616959 0.465500
vt 0.626491 0.463474
vt 0.572476 0.491642
vt 0.572476 0.485760
vt 0.562944 0.485760
vt 0.699977 0.377476
vt 0.681939 0.358904
vt 0.674417 0.383102
vt 0.674417 0.383102
vt 0.656171 0.359452
vt 0.638361 0.382921
vt 0.560385 0.382066
vt 0.595402 0.382705
vt 0.579921 0.359957
vt 0.560385 0.382066
vt 0.579921 0.359957
vt 0.550233 0.360828
vt 0.929606 0.388891
vt 0.871426 0.388116
vt 0.931694 0.410798
vt 0.596850 0.347578
vt 0.656171 0.359452
vt 0.642464 0.347834
vt 0.680507 0.471578
vt 0.670975 0.467526
vt 0.670975 0.475630
vt 0.718636 0.475630
vt 0.709104 0.471578
vt 0.709104 0.479682
vt 0.680507 0.471578
vt 0.680507 0.467526
vt 0.670975 0.467526
vt 0.680507 0.463474
vt 0.670975 0.465500
vt 0.670975 0.467526
vt 0.718636 0.467526
vt 0.709104 0.463474
vt 0.709104 0.467526
vt 0.949654 0.489138
vt 0.955746 0.493538
vt 0.942041 0.491778
vt 0.709104 0.498259
vt 0.694806 0.493194
vt 0.680507 0.498259
vt 0.718636 0.467526
vt 0.718636 0.465500
vt 0.709104 0.463474
vt 0.718636 0.467526
vt 0.709104 0.467526
vt 0.709104 0.471578
vt 0.718636 0.483734
vt 0.709104 0.483734
vt 0.709104 0.487786
vt 0.680507 0.487786
vt 0.670975 0.483734
vt 0.670975 0.487786
vt 0.680507 0.483734
vt 0.680507 0.479682
vt 0.670975 0.483734
vt 0.680507 0.467526
vt 0.680507 0.463474
vt 0.670975 0.467526
vt 0.928336 0.493538
vt 0.942041 0.491778
vt 0.955746 0.493538
vt 0.680507 0.498259
vt 0.694806 0.493194
vt 0.680507 0.493194
vt 0.892940 0.356664
vt 0.871441 0.365569
vt 0.915516 0.366295
vt 0.871441 0.365569
vt 0.844538 0.356708
vt 0.819833 0.365553
vt 0.871441 0.365569
vt 0.892940 0.356664
vt 0.844538 0.356708
vt 0.844540 0.352630
vt 0.844538 0.356560
vt 0.818949 0.357503
vt 0.891504 0.356552
vt 0.892224 0.352604
vt 0.916945 0.357515
vt 0.844538 0.356708
vt 0.844540 0.352630
vt 0.818949 0.357503
vt 0.778269 0.425984
vt 0.785999 0.405727
vt 0.762500 0.427578
vt 0.785999 0.405727
vt 0.763213 0.404874
vt 0.762500 0.427578
vt 0.613640 0.456360
vt 0.613782 0.462968
vt 0.620920 0.456867
vt 0.589684 0.459066
vt 0.605278 0.443567
vt 0.574012 0.440048
vt 0.607545 0.455642
vt 0.605278 0.443567
vt 0.589684 0.459066
vt 0.655959 0.440389
vt 0.623155 0.443643
vt 0.638699 0.460253
vt 0.765078 0.397359
vt 0.763213 0.404874
vt 0.785999 0.405727
vt 0.769214 0.377087
vt 0.765078 0.397359
vt 0.752236 0.383743
vt 0.769214 0.377087
vt 0.765872 0.383197
vt 0.782579 0.374945
vt 0.787821 0.382631
vt 0.782579 0.374945
vt 0.765872 0.383197
vt 0.769214 0.377087
vt 0.782579 0.374945
vt 0.794829 0.368949
vt 0.769214 0.377087
vt 0.752236 0.383743
vt 0.765872 0.383197
vt 0.820992 0.373087
vt 0.825556 0.381685
vt 0.871433 0.381976
vt 0.850168 0.398448
vt 0.835727 0.408901
vt 0.863920 0.410777
vt 0.807535 0.407024
vt 0.785999 0.405727
vt 0.778269 0.425984
vt 0.803897 0.387543
vt 0.807535 0.407024
vt 0.850168 0.398448
vt 0.833477 0.380192
vt 0.850168 0.398448
vt 0.871426 0.388116
vt 0.805323 0.363052
vt 0.794829 0.368949
vt 0.819833 0.365553
vt 0.931694 0.410798
vt 0.871426 0.388116
vt 0.863920 0.410777
vt 0.777713 0.436258
vt 0.798257 0.439074
vt 0.797285 0.425366
vt 0.964301 0.429076
vt 0.930627 0.424818
vt 0.942139 0.439118
vt 0.703940 0.437014
vt 0.713685 0.435516
vt 0.694318 0.407273
vt 0.713685 0.435516
vt 0.719823 0.446800
vt 0.721404 0.430720
vt 0.514607 0.409550
vt 0.510783 0.433228
vt 0.517631 0.433139
vt 0.966050 0.388326
vt 0.955088 0.383483
vt 0.955089 0.382002
vt 0.970019 0.406648
vt 0.955088 0.383483
vt 0.966050 0.388326
vt 0.694318 0.407273
vt 0.714030 0.408101
vt 0.699977 0.377476
vt 0.794829 0.368949
vt 0.805323 0.363052
vt 0.785081 0.380957
vt 0.769214 0.377087
vt 0.794829 0.368949
vt 0.785081 0.380957
vt 0.514607 0.409550
vt 0.517631 0.433139
vt 0.531754 0.409316
vt 0.510783 0.433228
vt 0.512971 0.442489
vt 0.517631 0.433139
vt 0.713685 0.435516
vt 0.703940 0.437014
vt 0.708911 0.452920
vt 0.522162 0.448518
vt 0.540794 0.451389
vt 0.524011 0.433906
vt 0.871433 0.381976
vt 0.871441 0.365569
vt 0.820992 0.373087
vt 0.553411 0.488603
vt 0.539113 0.488603
vt 0.553411 0.494681
vt 0.769968 0.462733
vt 0.769968 0.460973
vt 0.785195 0.459213
vt 0.800423 0.483857
vt 0.792809 0.487377
vt 0.785195 0.483857
vt 0.524815 0.483734
vt 0.524815 0.479682
vt 0.515283 0.479682
vt 0.562944 0.483734
vt 0.562944 0.479682
vt 0.553411 0.483734
vt 0.524815 0.475630
vt 0.515283 0.472591
vt 0.515283 0.479682
vt 0.562944 0.479682
vt 0.553411 0.475630
vt 0.553411 0.479682
vt 0.524815 0.461448
vt 0.515283 0.463474
vt 0.515283 0.465500
vt 0.562944 0.465500
vt 0.553411 0.461448
vt 0.553411 0.465500
vt 0.800423 0.483857
vt 0.806514 0.489138
vt 0.792809 0.487377
vt 0.553411 0.494681
vt 0.539113 0.488603
vt 0.524815 0.494681
vt 0.562944 0.465500
vt 0.553411 0.465500
vt 0.553411 0.469552
vt 0.562944 0.479682
vt 0.553411 0.479682
vt 0.553411 0.483734
vt 0.524815 0.483734
vt 0.515283 0.479682
vt 0.515283 0.483734
vt 0.524815 0.479682
vt 0.524815 0.475630
vt 0.515283 0.479682
vt 0.524815 0.465500
vt 0.524815 0.461448
vt 0.515283 0.465500
vt 0.779104 0.489138
vt 0.792809 0.487377
vt 0.806514 0.489138
vt 0.524815 0.494681
vt 0.539113 0.488603
vt 0.524815 0.488603
vt 0.553411 0.488603
vt 0.553411 0.494681
vt 0.562944 0.483734
vt 0.515283 0.483734
vt 0.524815 0.494681
vt 0.524815 0.488603
vt 0.800423 0.483857
vt 0.815651 0.478576
vt 0.806514 0.489138
vt 0.785195 0.483857
vt 0.792809 0.487377
vt 0.779104 0.489138
vt 0.562944 0.465500
vt 0.553411 0.469552
vt 0.562944 0.472591
vt 0.562944 0.472591
vt 0.553411 0.469552
vt 0.553411 0.475630
vt 0.524815 0.469552
vt 0.515283 0.465500
vt 0.515283 0.472591
vt 0.785195 0.462733
vt 0.769968 0.462733
vt 0.785195 0.459213
vt 0.800423 0.459213
vt 0.815651 0.460973
vt 0.815651 0.462733
vt 0.562944 0.465500
vt 0.562944 0.463474
vt 0.553411 0.461448
vt 0.680507 0.458409
vt 0.670975 0.465500
vt 0.680507 0.463474
vt 0.964882 0.464494
vt 0.949654 0.460973
vt 0.964882 0.462706
vt 0.934427 0.464494
vt 0.919199 0.464494
vt 0.934427 0.460973
vt 0.562944 0.459090
vt 0.564547 0.452005
vt 0.555217 0.453036
vt 0.562944 0.459090
vt 0.572775 0.456367
vt 0.564547 0.452005
vt 0.607545 0.455642
vt 0.613782 0.462968
vt 0.613640 0.456360
vt 0.666083 0.454566
vt 0.667798 0.461610
vt 0.675728 0.455044
vt 0.666083 0.454566
vt 0.656403 0.457594
vt 0.667798 0.461610
vt 0.798257 0.439074
vt 0.835839 0.437297
vt 0.797285 0.425366
vt 0.868795 0.425092
vt 0.857315 0.437317
vt 0.886373 0.437302
vt 0.709104 0.493194
vt 0.718636 0.487786
vt 0.709104 0.487786
vt 0.934427 0.474175
vt 0.919199 0.471535
vt 0.934427 0.468894
vt 0.964882 0.471535
vt 0.949654 0.474175
vt 0.949654 0.468894
vt 0.964882 0.464494
vt 0.949654 0.464494
vt 0.949654 0.460973
vt 0.709104 0.493194
vt 0.694806 0.493194
vt 0.709104 0.498259
vt 0.919199 0.464494
vt 0.919199 0.462638
vt 0.934427 0.460973
vt 0.949654 0.489138
vt 0.942041 0.491778
vt 0.934427 0.489138
vt 0.680507 0.487786
vt 0.680507 0.483734
vt 0.670975 0.483734
vt 0.718636 0.487786
vt 0.718636 0.483734
vt 0.709104 0.487786
vt 0.680507 0.479682
vt 0.670975 0.475630
vt 0.670975 0.483734
vt 0.718636 0.483734
vt 0.709104 0.479682
vt 0.709104 0.483734
vt 0.524815 0.457396
vt 0.515283 0.463474
vt 0.524815 0.461448
vt 0.572476 0.477656
vt 0.572476 0.470565
vt 0.562944 0.474111
vt 0.830878 0.463614
vt 0.815651 0.463614
vt 0.830878 0.460093
vt 0.846106 0.460093
vt 0.861334 0.461853
vt 0.861334 0.463614
vt 0.610604 0.466513
vt 0.610604 0.464487
vt 0.601072 0.462461
vt 0.572476 0.457396
vt 0.562944 0.464487
vt 0.572476 0.462461
vt 0.524815 0.488603
vt 0.524815 0.483734
vt 0.515283 0.483734
vt 0.785195 0.483857
vt 0.779104 0.489138
vt 0.769968 0.478576
vt 0.553411 0.488603
vt 0.562944 0.483734
vt 0.553411 0.483734
vt 0.785195 0.471535
vt 0.769968 0.468894
vt 0.785195 0.466254
vt 0.815651 0.468894
vt 0.800423 0.471535
vt 0.800423 0.466254
vt 0.800423 0.462733
vt 0.800423 0.459213
vt 0.815651 0.462733
vt 0.562944 0.463474
vt 0.553411 0.457396
vt 0.553411 0.461448
vn -0.4503 0.0298 0.8924
vn -0.4489 0.0283 0.8931
vn -0.4456 0.0248 0.8949
vn -0.4545 0.0343 0.8900
vn 0.7405 0.5517 -0.3838
vn 0.7401 0.5529 -0.3827
vn 0.7066 0.6458 -0.2892
vn 0.7592 0.4561 -0.4643
vn 0.7797 0.5013 0.3752
vn 0.7798 0.5004 0.3760
vn 0.7784 0.5076 0.3693
vn 0.7812 0.4933 0.3826
vn -0.4266 -0.4467 -0.7864
vn -0.4311 -0.4164 -0.8005
vn -0.4098 -0.5353 -0.7385
vn -0.4440 -0.2960 -0.8457
vn 0.6448 0.6412 0.4161
vn 0.6453 0.6396 0.4176
vn 0.6481 0.6318 0.4252
vn 0.6422 0.6483 0.4090
vn 0.6419 0.5628 -0.5207
vn 0.6418 0.5631 -0.5205
vn 0.6422 0.5617 -0.5215
vn 0.6415 0.5642 -0.5197
vn 0.8078 0.4707 0.3547
vn 0.8106 0.4679 0.3519
vn 0.7274 0.5388 0.4249
vn 0.8728 0.3983 0.2821
vn 0.7940 0.3470 -0.4990
vn 0.7920 0.3486 -0.5012
vn 0.8220 0.3247 -0.4677
vn 0.7608 0.3710 -0.5325
vn -0.1406 -0.4105 0.9009
vn -0.1272 -0.4400 0.8889
vn -0.1096 -0.4773 0.8718
vn -0.1601 -0.3659 0.9167
vn -0.6309 -0.7758 -0.0013
vn -0.6315 -0.7753 -0.0005
vn -0.6341 -0.7732 0.0025
vn -0.6282 -0.7780 -0.0046
vn -0.3055 -0.3710 -0.8769
vn -0.2574 -0.3732 -0.8913
vn -0.2166 -0.3744 -0.9016
vn -0.3811 -0.3653 -0.8493
vn -0.4300 -0.4016 -0.8086
vn -0.4102 -0.4109 -0.8141
vn -0.3538 -0.4359 -0.8275
vn -0.4995 -0.3663 -0.7851
vn -0.3144 -0.0474 0.9481
vn -0.2954 -0.0553 0.9537
vn -0.4318 0.0034 0.9019
vn -0.2018 -0.0932 0.9750
vn 0.9235 0.0626 0.3783
vn 0.9197 0.0501 0.3894
vn 0.9009 -0.0018 0.4340
vn 0.9365 0.1140 0.3315
vn 0.8384 -0.0143 -0.5448
vn 0.8361 -0.0191 -0.5482
vn 0.8661 0.0507 -0.4972
vn 0.8020 -0.0836 -0.5914
vn -0.1386 -0.3482 -0.9271
vn -0.1502 -0.1829 -0.9716
vn -0.1296 -0.4442 -0.8865
vn -0.1575 0.0002 -0.9875
vn 0.4259 -0.8819 0.2022
vn 0.4244 -0.8830 0.2004
vn 0.4404 -0.8708 0.2186
vn 0.4125 -0.8915 0.1870
vn 0.4711 0.8209 -0.3226
vn 0.4846 0.8201 -0.3042
vn 0.4547 0.8213 -0.3443
vn 0.5008 0.8185 -0.2815
vn 0.4763 0.8013 0.3618
vn 0.4963 0.8012 0.3342
vn 0.5207 0.7997 0.2989
vn 0.4513 0.8003 0.3948
vn 0.3728 0.8228 -0.4289
vn 0.3684 0.8289 -0.4209
vn 0.3572 0.8436 -0.4009
vn 0.3821 0.8095 -0.4458
vn -0.4551 -0.6181 0.6410
vn -0.4287 -0.6095 0.6668
vn -0.5391 -0.6403 0.5471
vn -0.3184 -0.5671 0.7596
vn -0.1968 -0.9803 0.0146
vn -0.1389 -0.9887 0.0566
vn -0.2808 -0.9586 -0.0478
vn -0.0424 -0.9913 0.1248
vn 0.3867 0.7663 0.5131
vn 0.3839 0.7705 0.5088
vn 0.3925 0.7572 0.5221
vn 0.3783 0.7789 0.5002
vn 0.3979 0.8559 -0.3303
vn 0.4042 0.8470 -0.3451
vn 0.4144 0.8318 -0.3692
vn 0.3861 0.8711 -0.3034
vn 0.0482 0.9882 0.1455
vn 0.0424 0.9899 0.1352
vn 0.0552 0.9859 0.1580
vn 0.0333 0.9923 0.1190
vn 0.0577 0.9890 -0.1363
vn 0.0532 0.9901 -0.1296
vn 0.0461 0.9918 -0.1189
vn 0.0627 0.9876 -0.1439
vn 0.0959 0.0754 0.9925
vn 0.0998 0.0716 0.9924
vn 0.0601 0.1090 0.9922
vn 0.1208 0.0516 0.9913
vn 0.4438 0.7578 0.4783
vn 0.4403 0.7571 0.4826
vn 0.4336 0.7557 0.4907
vn 0.4501 0.7590 0.4704
vn 0.4274 0.7958 -0.4289
vn 0.4478 0.7953 -0.4086
vn 0.3895 0.7951 -0.4649
vn 0.4878 0.7923 -0.3666
vn 0.4015 0.8551 0.3280
vn 0.4265 0.8540 0.2978
vn 0.4543 0.8512 0.2627
vn 0.3745 0.8548 0.3593
vn 0.3975 0.7665 -0.5044
vn 0.4344 0.7729 -0.4624
vn 0.3594 0.7576 -0.5448
vn 0.4724 0.7771 -0.4157
vn -0.3905 -0.2878 -0.8744
vn -0.4303 -0.2000 -0.8802
vn -0.3189 -0.4232 -0.8480
vn -0.4762 -0.0825 -0.8754
vn -0.3892 0.9211 0.0038
vn -0.3916 0.9201 0.0055
vn -0.3833 0.9236 -0.0005
vn -0.3951 0.9186 0.0081
vn 0.7498 0.5502 0.3674
vn 0.7494 0.5514 0.3664
vn 0.7665 0.4957 0.4082
vn 0.7294 0.6021 0.3246
vn 0.6712 0.5922 -0.4458
vn 0.6717 0.5896 -0.4485
vn 0.6606 0.6348 -0.4007
vn 0.6789 0.5483 -0.4883
vn 0.9076 0.2982 0.2955
vn 0.9096 0.2960 0.2914
vn 0.9220 0.2823 0.2651
vn 0.8935 0.3122 0.3228
vn 0.8186 0.3661 -0.4425
vn 0.8185 0.3662 -0.4426
vn 0.8196 0.3651 -0.4415
vn 0.8174 0.3673 -0.4437
vn -0.4988 -0.1787 -0.8481
vn -0.4958 -0.1794 -0.8497
vn -0.3140 -0.2163 -0.9244
vn -0.7142 -0.1166 -0.6901
vn 0.8236 0.0434 -0.5655
vn 0.8400 0.0663 -0.5384
vn 0.8683 0.1105 -0.4835
vn 0.7856 -0.0042 -0.6187
vn -0.2845 -0.3258 0.9016
vn -0.2745 -0.3285 0.9037
vn -0.4876 -0.2603 0.8333
vn -0.1117 -0.3665 0.9237
vn 0.9351 -0.0348 0.3525
vn 0.9444 -0.0077 0.3288
vn 0.9003 -0.1143 0.4199
vn 0.9613 0.0579 0.2692
vn 0.8984 0.2561 0.3568
vn 0.8892 0.2647 0.3730
vn 0.8649 0.2857 0.4126
vn 0.9185 0.2353 0.3178
vn 0.4512 -0.8924 -0.0015
vn 0.4582 -0.8887 0.0122
vn 0.4655 -0.8846 0.0264
vn 0.4431 -0.8963 -0.0168
vn -0.9640 -0.2657 -0.0054
vn -0.9628 -0.2703 -0.0029
vn -0.9651 -0.2619 -0.0075
vn -0.9616 -0.2745 -0.0006
vn 0.3768 -0.9228 0.0805
vn 0.4086 -0.9031 0.1320
vn 0.4581 -0.8620 0.2168
vn 0.3158 -0.9487 -0.0126
vn 0.7223 0.4748 -0.5028
vn 0.7223 0.4714 -0.5060
vn 0.7218 0.4476 -0.5278
vn 0.7220 0.4966 -0.4818
vn -0.7971 -0.6020 0.0454
vn -0.7974 -0.6016 0.0459
vn -0.7987 -0.5998 0.0481
vn -0.7960 -0.6038 0.0433
vn -0.9717 -0.2360 -0.0039
vn -0.9718 -0.2355 -0.0036
vn -0.9720 -0.2347 -0.0030
vn -0.9715 -0.2368 -0.0045
vn 0.6386 0.6724 -0.3741
vn 0.6101 0.6785 -0.4091
vn 0.6795 0.6604 -0.3195
vn 0.5725 0.6843 -0.4516
vn 0.6081 0.7002 0.3740
vn 0.6082 0.6999 0.3744
vn 0.6080 0.7005 0.3736
vn 0.6083 0.6996 0.3748
vn -0.6587 -0.7428 -0.1196
vn -0.6469 -0.7537 -0.1158
vn -0.6673 -0.7346 -0.1224
vn -0.6366 -0.7629 -0.1124
vn -0.2321 -0.2412 0.9423
vn -0.1748 -0.3697 0.9125
vn -0.1428 -0.4351 0.8890
vn -0.2749 -0.1334 0.9521
vn 0.7987 0.4393 0.4111
vn 0.7992 0.4362 0.4136
vn 0.7963 0.4552 0.3984
vn 0.8013 0.4190 0.4270
vn -0.5121 -0.8588 -0.0137
vn -0.5180 -0.8553 -0.0099
vn -0.5227 -0.8525 -0.0069
vn -0.5072 -0.8617 -0.0169
vn -0.3939 -0.9142 -0.0949
vn -0.3631 -0.9293 -0.0677
vn -0.4428 -0.8857 -0.1391
vn -0.2921 -0.9563 -0.0067
vn 0.4298 0.8565 0.2858
vn 0.4331 0.8533 0.2902
vn 0.3856 0.8941 0.2276
vn 0.4708 0.8134 0.3415
vn 0.3897 0.8743 -0.2893
vn 0.3893 0.8747 -0.2887
vn 0.4139 0.8518 -0.3211
vn 0.3653 0.8945 -0.2576
vn -0.2698 -0.9377 0.2187
vn -0.2507 -0.9453 0.2083
vn -0.2328 -0.9520 0.1986
vn -0.2880 -0.9300 0.2284
vn 0.4320 0.8198 0.3759
vn 0.4438 0.8213 0.3585
vn 0.4546 0.8224 0.3420
vn 0.4214 0.8181 0.3912
vn 0.4042 0.8383 -0.3657
vn 0.4217 0.8391 -0.3435
vn 0.3890 0.8371 -0.3846
vn 0.4375 0.8393 -0.3228
vn -0.5124 -0.7338 -0.4460
vn -0.8611 -0.5007 -0.0877
vn -0.9158 -0.4007 0.0258
vn -0.2883 -0.7681 -0.5718
vn -0.3318 -0.2968 -0.8954
vn -0.3625 -0.2006 -0.9101
vn -0.3095 -0.3587 -0.8806
vn -0.3920 -0.0925 -0.9153
vn 0.3562 0.9026 -0.2415
vn 0.3645 0.8954 -0.2558
vn 0.3802 0.8806 -0.2830
vn 0.3393 0.9162 -0.2130
vn 0.7614 -0.6266 -0.1660
vn 0.6890 -0.6930 -0.2121
vn 0.7876 -0.5983 -0.1473
vn 0.6392 -0.7306 -0.2399
vn 0.3562 0.8981 0.2579
vn 0.3669 0.8882 0.2765
vn 0.3365 0.9146 0.2239
vn 0.3847 0.8700 0.3083
vn 0.3638 0.8836 0.2948
vn 0.3526 0.8926 0.2808
vn 0.4007 0.8501 0.3416
vn 0.3066 0.9252 0.2237
vn 0.3507 0.8952 -0.2750
vn 0.3626 0.8942 -0.2625
vn 0.3057 0.8965 -0.3207
vn 0.4032 0.8887 -0.2181
vn -0.3300 -0.1301 0.9349
vn -0.3323 -0.2178 0.9177
vn -0.3322 -0.2801 0.9006
vn -0.3233 -0.0162 0.9461
vn -0.1306 -0.9914 -0.0028
vn -0.1299 -0.9915 -0.0020
vn -0.1278 -0.9918 0.0005
vn -0.1325 -0.9911 -0.0050
vn 0.7836 -0.1810 -0.5943
vn 0.7927 -0.1717 -0.5849
vn 0.8312 -0.1293 -0.5407
vn 0.7326 -0.2288 -0.6410
vn 0.4070 0.8681 0.2841
vn 0.4142 0.8622 0.2916
vn 0.4593 0.8208 0.3395
vn 0.3487 0.9102 0.2235
vn 0.4612 0.8489 -0.2582
vn 0.4611 0.8489 -0.2583
vn 0.4600 0.8491 -0.2594
vn 0.4621 0.8487 -0.2574
vn -0.1881 -0.9819 -0.0234
vn -0.1812 -0.9833 -0.0154
vn -0.1635 -0.9865 0.0050
vn -0.2056 -0.9776 -0.0440
vn 0.8814 -0.2235 0.4161
vn 0.8928 -0.2080 0.3995
vn 0.8165 -0.2980 0.4944
vn 0.9348 -0.1408 0.3261
vn -0.8415 -0.5399 -0.0164
vn -0.8416 -0.5398 -0.0161
vn -0.8411 -0.5405 -0.0173
vn -0.8421 -0.5391 -0.0151
vn -0.3221 -0.9466 -0.0167
vn -0.3223 -0.9465 -0.0164
vn -0.3202 -0.9471 -0.0192
vn -0.3243 -0.9458 -0.0138
vn -0.4266 -0.0562 0.9026
vn -0.3848 -0.0869 0.9189
vn -0.5757 0.0636 0.8152
vn -0.2289 -0.1928 0.9542
vn 0.5975 0.6895 0.4093
vn 0.5997 0.6832 0.4164
vn 0.5941 0.6984 0.3989
vn 0.6028 0.6744 0.4264
vn 0.5592 0.7069 -0.4330
vn 0.5455 0.7091 -0.4468
vn 0.5789 0.7033 -0.4126
vn 0.5258 0.7117 -0.4658
vn -0.9300 -0.3618 0.0647
vn -0.9322 -0.3568 0.0613
vn -0.9261 -0.3706 0.0706
vn -0.9360 -0.3477 0.0551
vn 0.8064 0.2917 -0.5143
vn 0.8006 0.2965 -0.5206
vn 0.8201 0.2800 -0.4989
vn 0.7859 0.3083 -0.5360
vn -0.1471 0.9891 -0.0002
vn -0.3382 0.0918 0.9366
vn -0.2409 0.0457 0.9695
vn -0.1602 0.0081 0.9870
vn -0.3891 0.1162 0.9138
vn 0.2846 0.8447 -0.4533
vn 0.2850 0.8466 -0.4494
vn 0.2843 0.8428 -0.4570
vn 0.2852 0.8481 -0.4465
vn 0.0071 0.1447 -0.9894
vn 0.0490 0.1770 -0.9830
vn 0.1116 0.2245 -0.9680
vn -0.0520 0.0986 -0.9937
vn -0.2056 -0.3787 -0.9023
vn -0.2059 -0.3788 -0.9022
vn -0.2162 -0.3809 -0.8990
vn -0.1919 -0.3758 -0.9066
vn -0.3347 -0.5322 -0.7777
vn -0.3348 -0.5322 -0.7776
vn -0.3322 -0.5321 -0.7788
vn -0.3382 -0.5322 -0.7761
vn 0.1904 -0.9808 0.0422
vn 0.1971 -0.9760 0.0926
vn 0.2036 -0.9682 0.1452
vn 0.1825 -0.9831 -0.0132
vn -0.5517 -0.8299 0.0831
vn -0.5509 -0.8305 0.0822
vn -0.5477 -0.8329 0.0789
vn -0.5549 -0.8274 0.0865
vn 0.1859 -0.5479 -0.8156
vn 0.1695 -0.5410 -0.8237
vn 0.2098 -0.5575 -0.8032
vn 0.1481 -0.5318 -0.8338
vn 0.2645 0.9453 0.1906
vn 0.2610 0.9473 0.1858
vn 0.2722 0.9409 0.2013
vn 0.2514 0.9524 0.1725
vn 0.2261 0.8271 -0.5145
vn 0.2479 0.8366 -0.4884
vn 0.1962 0.8126 -0.5487
vn 0.2764 0.8477 -0.4528
vn -0.0757 -0.9915 0.1057
vn -0.0785 -0.9916 0.1027
vn -0.1048 -0.9917 0.0747
vn -0.0496 -0.9899 0.1330
vn -0.4825 -0.0288 -0.8754
vn -0.4958 -0.0112 -0.8683
vn -0.4028 -0.1278 -0.9063
vn -0.5677 0.0911 -0.8182
vn -0.4756 -0.7519 -0.4566
vn -0.4141 -0.7822 -0.4654
vn -0.2488 -0.8426 -0.4776
vn -0.7350 -0.5582 -0.3848
vn -0.1582 -0.2924 0.9431
vn -0.1582 -0.2916 0.9433
vn -0.1580 -0.2962 0.9420
vn -0.1585 -0.2855 0.9452
vn -0.3901 -0.9207 0.0036
vn -0.3880 -0.9216 0.0006
vn -0.3979 -0.9173 0.0145
vn -0.3805 -0.9247 -0.0098
vn -0.4534 -0.8868 0.0890
vn -0.4529 -0.8871 0.0886
vn -0.4517 -0.8878 0.0874
vn -0.4546 -0.8861 0.0901
vn -0.1704 -0.4161 0.8932
vn -0.1705 -0.4160 0.8932
vn -0.1717 -0.4112 0.8952
vn -0.1684 -0.4240 0.8899
vn 0.5438 0.7363 0.4027
vn 0.5431 0.7379 0.4006
vn 0.5466 0.7290 0.4120
vn 0.5400 0.7456 0.3904
vn 0.5223 0.6661 -0.5325
vn 0.5259 0.6654 -0.5297
vn 0.4823 0.6720 -0.5618
vn 0.5620 0.6582 -0.5009
vn 0.4160 0.2183 -0.8827
vn 0.4331 0.2603 -0.8629
vn 0.3989 0.1780 -0.8995
vn 0.4528 0.3114 -0.8354
vn 0.2258 0.1452 -0.9633
vn 0.2184 0.1383 -0.9660
vn 0.1842 0.1069 -0.9771
vn 0.2617 0.1783 -0.9485
vn 0.1782 0.9391 0.2938
vn 0.1252 0.9241 0.3610
vn 0.0743 0.9035 0.4221
vn 0.2576 0.9483 0.1850
vn -0.0617 0.1814 -0.9814
vn -0.0631 0.1825 -0.9812
vn -0.0428 0.1661 -0.9851
vn -0.0818 0.1975 -0.9769
vn -0.2298 0.1207 -0.9657
vn -0.2346 0.1159 -0.9651
vn -0.2601 0.0903 -0.9613
vn -0.2003 0.1497 -0.9682
vn -0.1241 0.9664 0.2249
vn -0.0603 0.9542 0.2929
vn 0.0697 0.9040 0.4218
vn -0.2779 0.9594 0.0474
vn 0.3889 -0.5343 -0.7505
vn 0.3995 -0.5184 -0.7560
vn 0.3783 -0.5495 -0.7449
vn 0.4099 -0.5026 -0.7611
vn 0.2073 -0.5688 -0.7959
vn 0.2066 -0.5684 -0.7964
vn 0.2198 -0.5778 -0.7860
vn 0.1941 -0.5593 -0.8059
vn 0.1109 -0.7237 0.6811
vn 0.1233 -0.7332 0.6687
vn 0.0522 -0.6755 0.7355
vn 0.1926 -0.7814 0.5936
vn -0.0374 -0.5676 -0.8224
vn -0.0389 -0.5696 -0.8210
vn -0.0284 -0.5565 -0.8303
vn -0.0487 -0.5815 -0.8121
vn -0.1377 -0.5849 -0.7993
vn -0.1397 -0.5882 -0.7965
vn -0.1308 -0.5736 -0.8086
vn -0.1457 -0.5979 -0.7882
vn -0.1991 -0.3038 0.9317
vn -0.1997 -0.3001 0.9327
vn -0.2025 -0.2823 0.9377
vn -0.1946 -0.3316 0.9231
vn -0.2439 -0.7659 0.5948
vn -0.2405 -0.7624 0.6007
vn -0.1820 -0.7002 0.6904
vn -0.3016 -0.8184 0.4892
vn -0.6621 -0.7488 0.0294
vn -0.6613 -0.7496 0.0283
vn -0.6490 -0.7607 0.0106
vn -0.6744 -0.7368 0.0476
vn -0.2998 -0.1616 -0.9402
vn -0.3232 -0.1587 -0.9329
vn -0.4074 -0.1469 -0.9013
vn -0.1874 -0.1743 -0.9667
vn 0.5836 0.1200 0.8031
vn 0.5896 0.1144 0.7996
vn 0.6124 0.0923 0.7851
vn 0.5554 0.1458 0.8187
vn -0.5474 -0.0019 -0.8368
vn -0.4787 -0.0625 -0.8758
vn -0.3455 -0.1680 -0.9232
vn -0.6833 0.1359 -0.7173
vn -0.0685 0.0489 0.9964
vn -0.0836 0.0602 0.9947
vn -0.1180 0.0858 0.9893
vn -0.0279 0.0186 0.9994
vn -0.2115 0.0933 0.9729
vn -0.2500 0.1106 0.9619
vn -0.2728 0.1209 0.9544
vn -0.1878 0.0826 0.9787
vn 0.0451 0.0795 0.9958
vn -0.0638 0.1399 0.9881
vn -0.1524 0.1877 0.9703
vn 0.2021 -0.0102 0.9793
vn -0.6784 -0.7301 0.0820
vn -0.6782 -0.7303 0.0817
vn -0.6773 -0.7313 0.0807
vn -0.6792 -0.7292 0.0829
vn 0.0464 -0.8238 0.5649
vn 0.0398 -0.8282 0.5590
vn 0.1087 -0.7788 0.6178
vn -0.0410 -0.8746 0.4831
vn 0.8765 0.2665 0.4008
vn 0.8807 0.2625 0.3942
vn 0.8969 0.2460 0.3674
vn 0.8605 0.2812 0.4248
vn 0.0447 -0.2032 0.9781
vn 0.1390 -0.1665 0.9762
vn -0.0597 -0.2412 0.9686
vn 0.2719 -0.1109 0.9559
vn 0.2725 -0.2985 0.9146
vn 0.2886 -0.2844 0.9142
vn 0.2506 -0.3173 0.9146
vn 0.3254 -0.2513 0.9116
vn 0.2757 -0.3309 0.9025
vn 0.2693 -0.3436 0.8997
vn 0.2298 -0.4169 0.8794
vn 0.3125 -0.2553 0.9149
vn 0.3631 -0.3103 -0.8785
vn 0.3548 -0.3207 -0.8782
vn 0.1778 -0.5131 -0.8397
vn 0.4646 -0.1719 -0.8687
vn 0.8115 -0.3241 0.4861
vn 0.8290 -0.3074 0.4672
vn 0.7612 -0.3673 0.5343
vn 0.8687 -0.2647 0.4186
vn -0.4115 -0.1219 0.9032
vn -0.3922 -0.1408 0.9090
vn -0.5979 0.0868 0.7969
vn -0.2702 -0.2521 0.9292
vn -0.5886 -0.8083 0.0093
vn -0.3505 0.1250 -0.9282
vn -0.3381 0.1142 -0.9341
vn -0.1428 -0.0487 -0.9885
vn -0.6054 0.3618 -0.7089
vn 0.1472 0.0865 -0.9853
vn 0.1501 0.0834 -0.9851
vn 0.2478 -0.0236 -0.9685
vn 0.0550 0.1827 -0.9816
vn -0.2459 -0.1212 0.9617
vn -0.2280 -0.1919 0.9545
vn -0.1948 -0.3099 0.9306
vn -0.2729 -0.0015 0.9620
vn 0.8764 0.3267 -0.3538
vn 0.8805 0.3218 -0.3481
vn 0.8466 0.3599 -0.3921
vn 0.9073 0.2866 -0.3076
vn -0.1972 -0.3435 0.9182
vn -0.1852 -0.3833 0.9048
vn -0.1652 -0.4461 0.8796
vn -0.2164 -0.2750 0.9367
vn 0.0035 0.8849 0.4658
vn 0.0034 0.8849 0.4657
vn 0.0036 0.8848 0.4659
vn -0.0563 -0.8907 0.4511
vn 0.0755 -0.8656 0.4950
vn -0.0924 -0.8945 0.4374
vn 0.1259 -0.8513 0.5094
vn 0.1768 -0.9841 -0.0181
vn 0.1897 -0.9817 -0.0167
vn 0.1759 -0.9842 -0.0182
vn 0.1908 -0.9815 -0.0165
vn 0.5094 -0.8402 0.1860
vn 0.2868 -0.9254 0.2476
vn 0.2551 -0.9327 0.2548
vn 0.5480 -0.8184 0.1731
vn 0.2899 0.8004 0.5247
vn 0.2899 0.8003 0.5247
vn 0.2895 0.8008 0.5243
vn 0.2904 0.7999 0.5252
vn 0.4262 0.8790 0.2137
vn 0.4341 0.8712 0.2293
vn 0.4097 0.8938 0.1822
vn 0.4505 0.8534 0.2622
vn 0.3243 0.9208 -0.2163
vn 0.3178 0.9217 -0.2225
vn 0.3997 0.9056 -0.1419
vn 0.2504 0.9256 -0.2838
vn -0.2170 -0.9759 -0.0229
vn -0.2167 -0.9760 -0.0225
vn -0.2159 -0.9761 -0.0216
vn -0.2178 -0.9757 -0.0238
vn -0.9095 -0.4082 0.0777
vn -0.9099 -0.4075 0.0771
vn -0.9090 -0.4093 0.0786
vn -0.9105 -0.4064 0.0761
vn -0.1250 -0.9917 0.0285
vn -0.1734 -0.9848 -0.0044
vn -0.0685 -0.9954 0.0664
vn -0.2372 -0.9702 -0.0483
vn -0.2519 -0.9677 0.0039
vn -0.2539 -0.9672 0.0060
vn -0.2623 -0.9649 0.0147
vn -0.2431 -0.9700 -0.0051
vn -0.9627 0.2704 -0.0022
vn -0.9627 0.2703 -0.0023
vn -0.9627 0.2705 -0.0022
vn -0.3166 0.0529 0.9471
vn -0.4825 -0.4343 -0.7606
vn 0.0068 0.2310 0.9729
vn -0.1728 -0.3103 -0.9348
vn 0.5808 0.6916 0.4293
vn 0.5798 0.6934 0.4277
vn 0.5901 0.6742 0.4440
vn 0.5681 0.7136 0.4098
vn 0.5004 0.7396 -0.4502
vn 0.4996 0.7397 -0.4507
vn 0.4743 0.7462 -0.4671
vn 0.5209 0.7337 -0.4363
vn 0.4752 -0.8798 0.0002
vn 0.4716 -0.8818 -0.0027
vn 0.5077 -0.8611 0.0264
vn 0.4578 -0.8889 -0.0136
vn -0.9139 -0.3978 0.0801
vn -0.9129 -0.3999 0.0817
vn -0.9218 -0.3817 0.0674
vn -0.9047 -0.4154 0.0940
vn -0.1183 0.9687 0.2182
vn -0.1318 0.9750 0.1788
vn -0.1106 0.9644 0.2401
vn -0.1379 0.9773 0.1610
vn -0.1883 0.9432 -0.2734
vn -0.1746 0.9376 -0.3006
vn -0.1667 0.9339 -0.3162
vn -0.2006 0.9476 -0.2486
vn 0.8098 -0.2767 -0.5173
vn 0.8279 -0.2612 -0.4962
vn 0.8698 -0.2212 -0.4410
vn 0.7566 -0.3171 -0.5717
vn -0.0201 0.9304 -0.3660
vn -0.0149 0.9271 -0.3746
vn -0.0043 0.9199 -0.3919
vn -0.0295 0.9361 -0.3505
vn -0.2188 -0.7583 0.6141
vn -0.2108 -0.7550 0.6209
vn -0.2385 -0.7662 0.5967
vn -0.1903 -0.7460 0.6381
vn 0.4652 -0.8595 -0.2115
vn 0.4904 -0.8596 -0.1433
vn 0.6455 -0.1073 -0.7561
vn 0.6591 -0.6356 -0.4018
vn 0.2432 0.8298 0.5023
vn 0.2065 0.9466 -0.2476
vn -0.0185 0.7551 -0.6553
vn 0.1470 0.8234 -0.5480
vn -0.1808 0.9047 -0.3857
vn -0.1291 0.9846 -0.1181
vn -0.1113 0.8752 0.4707
vn 0.1124 0.0848 -0.9900
vn 0.2407 0.7906 0.5631
vn 0.3050 -0.9186 0.2512
vn 0.8362 -0.1901 0.5143
vn 0.3150 0.9300 0.1892
vn -0.0074 -0.8154 0.5788
vn -0.1023 -0.7912 0.6029
vn 0.0255 0.9848 0.1717
vn 0.0846 -0.9886 0.1243
vn 0.0589 -0.9899 0.1290
vn -0.0486 0.8596 -0.5085
vn -0.8691 -0.3638 -0.3350
vn -0.7676 0.4647 0.4415
vn -0.7675 0.4647 0.4415
vn -0.8619 -0.2724 0.4277
vn 0.0058 -0.1171 0.9931
vn -0.7671 0.0579 0.6388
vn 0.8040 0.3212 -0.5004
vn 0.1097 -0.9927 -0.0500
vn 0.4764 -0.6354 0.6077
vn 0.0596 -0.9936 0.0961
vn -0.0770 -0.9955 0.0551
vn 0.1794 0.8433 -0.5066
vn 0.3577 0.8397 0.4087
vn -0.0292 0.6874 -0.7256
vn 0.1243 0.8026 -0.5834
vn 0.0878 0.8828 -0.4615
vn 0.9660 0.0106 -0.2583
vn 0.5889 0.7949 -0.1455
vn 0.8661 -0.3537 -0.3533
vn 0.0500 -0.6768 0.7344
vn 0.0454 -0.9942 0.0973
vn 0.4962 0.8296 -0.2560
vn 0.2029 0.8807 0.4281
vn -0.9564 -0.1507 -0.2501
vn -0.9123 -0.2125 0.3500
vn -0.8565 0.3136 -0.4098
vn -0.3107 -0.9451 -0.1011
vn -0.3725 0.6380 0.6739
vn -0.2681 0.7112 -0.6498
vn 0.7957 -0.4577 -0.3967
vn 0.2312 -0.7683 -0.5968
vn 0.5182 -0.8542 0.0430
vn -0.1112 0.3494 0.9303
vn -0.0889 0.3163 0.9445
vn 0.3254 -0.9235 0.2031
vn 0.4433 0.8871 0.1282
vn -0.1057 0.6149 -0.7815
vn 0.1158 -0.9918 -0.0537
vn 0.7044 -0.6506 0.2839
vn 0.5110 0.3254 0.7956
vn -0.3523 0.7303 -0.5852
vn -0.2509 0.6576 0.7104
vn 0.0574 0.3309 0.9419
vn 0.1919 -0.2041 -0.9599
vn -0.0511 0.6566 -0.7525
vn -0.1769 0.6813 -0.7103
vn 0.1963 -0.9562 0.2169
vn 0.4631 -0.8464 0.2630
vn -0.0811 0.6067 -0.7907
vn 0.0252 0.9848 0.1718
vn -0.0634 -0.6459 0.7607
vn 0.1739 0.0032 0.9847
vn -0.0041 0.5142 -0.8576
vn 0.0665 -0.2687 -0.9609
vn 0.4831 -0.8737 -0.0558
vn 0.5402 -0.8054 -0.2439
vn 0.1322 -0.9912 -0.0039
vn 0.3074 -0.8963 0.3197
vn -0.2092 0.7873 -0.5799
vn -0.0967 0.5524 -0.8279
vn -0.1120 0.4874 -0.8660
vn -0.0435 0.4775 -0.8775
vn -0.2220 0.7638 -0.6060
vn -0.0935 0.5561 -0.8258
vn -0.6506 0.7593 0.0123
vn -0.7635 0.5140 -0.3911
vn -0.8405 -0.3246 0.4338
vn -0.0718 -0.3267 0.9424
vn 0.5476 -0.6809 -0.4863
vn -0.0048 -0.4413 -0.8973
vn -0.2114 -0.3869 -0.8975
vn -0.1894 -0.3965 0.8983
vn 0.1244 -0.4211 -0.8984
vn -0.2486 -0.7964 0.5512
vn 0.2087 -0.2408 0.9479
vn 0.1696 0.9400 -0.2959
vn 0.0805 0.9334 -0.3497
vn 0.8308 -0.3394 -0.4411
vn 0.7152 -0.3186 0.6221
vn 0.5325 -0.8317 0.1571
vn 0.4067 -0.8929 0.1933
vn 0.1906 0.8748 0.4453
vn 0.3327 0.9310 -0.1501
vn 0.1562 0.6529 0.7411
vn 0.1014 0.0816 -0.9915
vn 0.2420 0.8995 0.3636
vn 0.2420 0.8996 0.3636
vn 0.4422 -0.8898 0.1128
vn 0.4788 -0.8767 0.0448
vn 0.4658 -0.8848 0.0117
vn 0.6037 -0.1873 0.7748
vn 0.4640 -0.8858 0.0082
vn 0.2978 0.8843 0.3596
vn 0.2133 0.9231 -0.3199
vn 0.1803 0.0402 0.9828
vn 0.1164 0.1682 -0.9789
vn 0.0797 0.1459 0.9861
vn -0.4969 0.2375 -0.8346
vn 0.1187 0.1946 0.9737
vn 0.0791 -0.0162 -0.9967
vn 0.0387 0.0337 -0.9987
vn -0.1277 -0.8858 0.4462
vn -0.1457 -0.7880 -0.5981
vn 0.1980 -0.3581 0.9124
vn 0.1772 -0.4747 -0.8621
vn 0.0063 0.0350 -0.9994
vn 0.0539 0.1478 -0.9875
vn -0.2876 -0.7674 -0.5730
vn 0.4657 -0.8840 -0.0414
vn -0.0900 -0.1180 -0.9889
vn 0.1943 -0.2113 0.9579
vn 0.1433 0.0284 0.9893
vn 0.0428 0.1353 0.9899
vn -0.0512 -0.9978 -0.0419
vn -0.0407 0.0091 -0.9991
vn 0.5522 -0.7192 0.4215
vn 0.1813 0.0822 0.9799
vn -0.1141 0.1960 -0.9739
vn 0.1365 0.1010 0.9854
vn 0.0835 0.1281 -0.9882
vn 0.0526 0.1373 0.9891
vn 0.0684 0.1186 0.9906
vn 0.1700 -0.1653 -0.9714
vn 0.0775 0.0672 0.9947
vn -0.0959 -0.1068 -0.9896
vn 0.0848 0.0495 0.9951
vn -0.0001 0.1722 -0.9850
vn 0.2162 -0.0949 0.9717
vn -0.6550 -0.7552 -0.0247
vn -0.3372 -0.7214 0.6049
vn 0.1583 -0.1728 -0.9721
vn -0.0688 -0.4593 0.8856
vn -0.1918 -0.3977 -0.8972
vn -0.1933 -0.4410 -0.8764
vn 0.4143 -0.7460 -0.5213
vn -0.0398 -0.4455 0.8944
vn -0.7968 -0.6026 0.0435
vn 0.2206 -0.0877 0.9714
vn 0.1148 -0.0502 -0.9921
vn 0.1157 0.2311 -0.9660
vn 0.1075 0.0797 0.9910
vn 0.0581 0.0754 0.9955
vn 0.0729 0.2233 -0.9720
vn -0.3458 -0.6720 -0.6548
vn 0.3842 -0.9189 -0.0900
vn 0.0769 0.2217 -0.9721
vn 0.1602 0.0397 -0.9863
vn 0.2093 -0.1047 0.9722
vn 0.2155 0.0235 0.9762
vn 0.0918 0.0839 0.9922
vn -0.1281 -0.9878 -0.0887
vn 0.5017 -0.7708 0.3926
vn -0.0417 0.0940 -0.9947
vn 0.0794 -0.4978 -0.8636
vn 0.2044 -0.4975 0.8430
vn -0.3517 -0.6843 -0.6388
vn -0.3521 -0.7423 0.5700
vn 0.0663 0.2578 -0.9639
vn 0.1244 0.1650 -0.9784
vn 0.1520 -0.1264 -0.9803
vn -0.8255 0.3465 0.4455
vn -0.8468 0.2804 -0.4519
vn 0.1139 0.1489 0.9823
vn 0.1243 0.0895 0.9882
vn 0.1856 0.4344 0.8814
vn 0.2287 0.7900 -0.5687
vn 0.1923 0.9813 0.0002
vn 0.2200 0.9545 0.2011
vn 0.3309 0.9303 -0.1580
vn 0.1177 0.6859 -0.7181
vn 0.5491 -0.8335 0.0619
vn 0.7511 -0.2486 -0.6116
vn 0.0941 0.1652 -0.9817
vn -0.1292 0.9846 0.1179
vn -0.1429 0.5535 0.8205
vn -0.0890 0.7355 0.6716
vn 0.0885 0.8243 0.5592
vn 0.5329 -0.8450 -0.0442
vn 0.4196 -0.8107 -0.4083
vn -0.0568 0.6669 -0.7430
vn 0.1730 -0.5231 0.8345
vn -0.2725 -0.7230 -0.6347
vn -0.2704 -0.8402 0.4700
vn 0.0502 0.1676 -0.9846
vn 0.1226 0.1480 -0.9813
vn 0.0814 0.0662 0.9945
vn 0.0457 -0.4827 0.8746
vn -0.1904 -0.1906 -0.9630
vn -0.0994 0.0834 -0.9915
vn 0.0895 0.0917 0.9917
vn 0.2583 -0.2346 0.9371
vn -0.3307 0.7080 -0.6240
vn -0.2352 0.9206 -0.3118
vn -0.3394 0.9290 0.1473
vn -0.4400 0.6685 0.5996
vn 0.1728 -0.9831 0.0597
vn -0.6755 0.7374 -0.0016
vn 0.1202 0.1937 0.9737
vn 0.0741 0.0021 -0.9972
vn 0.1156 0.2264 0.9671
vn 0.1079 0.2334 0.9664
vn 0.0112 0.0214 -0.9997
vn -0.1648 -0.9261 -0.3394
vn 0.6027 -0.7980 0.0014
vn 0.0147 0.0219 -0.9996
vn 0.0419 -0.0060 -0.9991
vn 0.1599 -0.0947 -0.9825
vn 0.1391 0.0587 0.9885
vn 0.1384 0.2521 0.9577
vn 0.1077 0.2333 0.9664
vn 0.0782 -0.9960 0.0436
vn 0.7107 -0.5873 0.3872
vn -0.7603 -0.6413 0.1033
vn -0.7765 -0.6265 -0.0678
vn -0.8124 -0.5830 -0.0051
vn -0.9029 0.2537 -0.3470
vn -0.8974 0.2610 0.3557
vn -0.9142 -0.2228 -0.3386
vn 0.7882 -0.2599 -0.5578
vn -0.0432 -0.0899 -0.9950
vn 0.4040 -0.0308 0.9142
vn 0.1845 0.9683 0.1684
vn 0.2989 0.9076 -0.2947
vn 0.1583 0.9770 -0.1429
vn 0.0886 -0.0540 -0.9946
vn -0.0343 0.9224 -0.3846
vn -0.7209 0.3615 -0.5913
vn -0.5314 -0.0821 -0.8431
vn -0.6283 0.3050 -0.7156
vn -0.1416 0.7291 -0.6696
vn -0.5869 -0.7932 0.1621
vn 0.4631 -0.8543 0.2359
vn 0.1656 -0.4777 -0.8628
vn 0.3401 -0.9309 -0.1330
vn 0.0958 -0.9687 0.2288
vn -0.9170 -0.3232 -0.2339
vn 0.2702 -0.9626 -0.0161
vn 0.4219 -0.8096 -0.4079
vn 0.4838 -0.7947 0.3664
vn -0.1916 0.4601 -0.8669
vn 0.3209 0.2060 -0.9244
vn 0.1011 0.1277 0.9866
vn -0.3112 0.0173 0.9502
vn -0.1949 0.0882 0.9768
vn -0.2271 0.6368 -0.7368
vn -0.6022 0.4400 -0.6661
vn -0.7162 0.5086 -0.4778
vn -0.0613 0.3514 0.9342
vn 0.2854 0.0745 0.9555
vn 0.0071 0.4726 -0.8812
vn 0.2142 0.8175 0.5346
vn -0.0425 -0.9987 -0.0260
vn 0.7269 -0.3673 -0.5802
vn 0.0720 -0.4536 0.8883
vn -0.6239 -0.7813 0.0144
vn 0.2667 -0.1171 0.9566
vn 0.1393 0.0277 -0.9898
vn 0.2235 0.0066 0.9746
vn 0.0920 0.1463 -0.9849
vn 0.0701 0.0985 0.9926
vn 0.0149 0.1618 -0.9867
vn -0.2043 -0.8518 -0.4823
vn 0.7224 -0.6819 -0.1141
vn -0.0031 0.1715 -0.9852
vn 0.1444 0.0618 -0.9876
vn 0.2657 -0.1231 0.9561
vn 0.1758 0.0174 0.9843
vn 0.1187 0.1222 0.9854
vn 0.2218 -0.9720 -0.0766
vn 0.8274 -0.4288 0.3626
vn 0.2302 -0.2359 -0.9441
vn 0.3532 -0.3176 0.8799
vn -0.1993 -0.6939 -0.6919
vn -0.1146 -0.7880 0.6049
vn -0.0118 0.0909 -0.9958
vn -0.0480 0.1056 -0.9932
vn 0.1365 0.1003 0.9855
vn -0.0084 -0.3488 0.9371
vn -0.0194 -0.4011 -0.9158
vn -0.0647 0.1057 -0.9923
vn 0.0568 0.2988 0.9526
vn -0.0851 -0.5783 -0.8114
vn -0.0746 -0.3351 0.9392
vn 0.9667 -0.0757 -0.2442
vn 0.3320 0.0006 0.9432
vn 0.2857 -0.0255 -0.9580
vn 0.8244 0.0612 0.5626
vn 0.5951 -0.1411 -0.7911
vn 0.4490 -0.8818 -0.1440
vn 0.4422 -0.8968 0.0082
vn 0.1569 -0.1429 -0.9772
vn -0.1303 -0.3432 0.9302
vn -0.2910 -0.5876 -0.7550
vn -0.0164 -0.6675 -0.7444
vn 0.6339 -0.6181 -0.4649
vn -0.1121 -0.2654 0.9576
vn -0.4335 -0.8979 0.0764
vn 0.1632 0.1834 0.9694
vn 0.1625 -0.1519 -0.9749
vn 0.0932 0.2759 0.9566
vn 0.1312 -0.0453 -0.9903
vn 0.0615 0.1086 0.9922
vn 0.1723 0.1040 0.9795
vn 0.0180 -0.5357 0.8442
vn -0.2672 -0.3533 -0.8965
vn -0.1413 0.1897 -0.9716
vn 0.0528 0.0792 0.9955
vn 0.3461 -0.2055 0.9154
vn -0.1022 -0.7327 0.6728
vn 0.2152 -0.0402 -0.9757
vn -0.0798 -0.4776 0.8749
vn -0.1768 -0.4770 -0.8609
vn -0.1691 -0.1845 -0.9682
vn -0.0245 0.0779 -0.9966
usemtl m0
s 1
f 545/1/1 843/2/2 817/3/3
f 843/2/2 545/1/1 833/4/4
f 1462/5/5 1444/6/6 1449/7/7
f 1444/6/6 1462/5/5 1456/8/8
f 1467/9/9 1445/10/10 1457/11/11
f 1445/10/10 1467/9/9 1453/12/12
f 1238/13/13 1269/14/14 1355/15/15
f 1269/14/14 1238/13/13 1234/16/16
f 1264/17/17 1246/18/18 1256/19/19
f 1246/18/18 1264/17/17 1252/20/20
f 1259/21/21 1245/22/22 1248/23/23
f 1245/22/22 1259/21/21 1255/24/24
f 1181/25/25 1244/26/26 1251/27/27
f 1244/26/26 1181/25/25 1217/28/28
f 1211/29/29 1243/30/30 1216/31/31
f 1243/30/30 1211/29/29 1247/32/32
f 93/33/33 258/34/34 103/35/35
f 258/34/34 93/33/33 275/36/36
f 112/37/37 274/38/38 92/39/39
f 274/38/38 112/37/37 267/40/40
f 266/41/41 121/42/42 247/43/43
f 121/42/42 266/41/41 111/44/44
f 1237/45/45 1200/46/46 1233/47/47
f 1200/46/46 1237/45/45 1196/48/48
f 1227/49/49 1191/50/50 1186/51/51
f 1191/50/50 1227/49/49 1223/52/52
f 1219/53/53 1180/54/54 1177/55/55
f 1180/54/54 1219/53/53 1215/56/56
f 1218/57/57 1210/58/58 1214/59/59
f 1210/58/58 1218/57/57 1206/60/60
f 1436/61/61 1468/62/62 1554/63/63
f 1468/62/62 1436/61/61 1432/64/64
f 766/65/65 1098/66/66 1093/67/67
f 1098/66/66 766/65/65 1169/68/68
f 1510/69/69 1498/70/70 1506/71/71
f 1498/70/70 1510/69/69 1502/72/72
f 1519/73/73 1499/74/74 1515/75/75
f 1499/74/74 1519/73/73 1507/76/76
f 1329/77/77 1301/78/78 1304/79/79
f 1301/78/78 1329/77/77 1325/80/80
f 842/81/81 813/82/82 816/83/83
f 813/82/82 842/81/81 838/84/84
f 839/85/85 822/86/86 814/87/87
f 822/86/86 839/85/85 847/88/88
f 622/89/89 543/90/90 602/91/91
f 543/90/90 622/89/89 582/92/92
f 611/93/93 542/94/94 553/95/95
f 542/94/94 611/93/93 601/96/96
f 902/97/97 501/98/98 897/99/99
f 501/98/98 902/97/97 892/100/100
f 918/101/101 522/102/102 912/103/103
f 522/102/102 918/101/101 908/104/104
f 604/105/105 675/106/106 950/107/107
f 675/106/106 604/105/105 583/108/108
f 591/109/109 541/110/110 581/111/111
f 541/110/110 591/109/109 561/112/112
f 572/113/113 540/114/114 560/115/115
f 540/114/114 572/113/113 552/116/116
f 1320/117/117 1300/118/118 1316/119/119
f 1300/118/118 1320/117/117 1308/120/120
f 1311/121/121 1299/122/122 1307/123/123
f 1299/122/122 1311/121/121 1303/124/124
f 408/125/125 480/126/126 662/127/127
f 480/126/126 408/125/125 398/128/128
f 462/129/129 484/130/130 453/131/131
f 484/130/130 462/129/129 433/132/132
f 469/133/133 420/134/134 450/135/135
f 420/134/134 469/133/133 440/136/136
f 458/137/137 419/138/138 431/139/139
f 419/138/138 458/137/137 449/140/140
f 294/141/141 418/142/142 439/143/143
f 418/142/142 294/141/141 363/144/144
f 353/145/145 417/146/146 362/147/147
f 417/146/146 353/145/145 430/148/148
f 407/149/149 334/150/150 397/151/151
f 334/150/150 407/149/149 323/152/152
f 371/153/153 352/154/154 360/155/155
f 352/154/154 371/153/153 343/156/156
f 389/157/157 312/158/158 305/159/159
f 312/158/158 389/157/157 379/160/160
f 372/161/161 293/162/162 286/163/163
f 293/162/162 372/161/161 361/164/164
f 1582/165/165 20/166/166 38/167/167
f 20/166/166 1582/165/165 1615/168/168
f 985/169/169 1080/170/170 1086/171/171
f 1080/170/170 985/169/169 1002/172/172
f 1474/173/173 1434/174/174 1424/175/175
f 1434/174/174 1474/173/173 1470/176/176
f 1015/177/177 1096/178/178 1102/179/179
f 1096/178/178 1015/177/177 1027/180/180
f 58/181/181 21/182/182 31/183/183
f 21/182/182 58/181/181 47/184/184
f 1631/185/185 1589/186/186 1621/187/187
f 1589/186/186 1631/185/185 1599/188/188
f 1152/189/189 1141/190/190 1155/191/191
f 1141/190/190 1152/189/189 885/192/192
f 1508/193/193 1460/194/194 1511/195/195
f 1460/194/194 1508/193/193 1454/196/196
f 1521/197/197 1455/198/198 1509/199/199
f 1455/198/198 1521/197/197 1464/200/200
f 364/201/201 1121/202/202 1126/203/203
f 1121/202/202 364/201/201 1117/204/204
f 84/205/205 1630/206/206 260/207/207
f 1630/206/206 84/205/205 1624/208/208
f 67/209/209 22/210/210 48/211/211
f 22/210/210 67/209/209 39/212/212
f 1567/213/213 1475/214/214 1571/215/215
f 1475/214/214 1567/213/213 1471/216/216
f 219/217/217 1118/218/218 366/219/219
f 1118/218/218 219/217/217 1113/220/220
f 206/221/221 133/222/222 186/223/223
f 133/222/222 206/221/221 169/224/224
f 196/225/225 132/226/226 141/227/227
f 132/226/226 196/225/225 185/228/228
f 1119/229/229 800/230/230 820/231/231
f 800/230/230 1119/229/229 1114/232/232
f 178/233/233 131/234/234 168/235/235
f 131/234/234 178/233/233 150/236/236
f 161/237/237 130/238/238 149/239/239
f 130/238/238 161/237/237 140/240/240
f 1124/241/241 1109/242/242 1130/243/243
f 1109/242/242 1124/241/241 853/244/244
f 12/245/245 75/246/246 248/247/247
f 75/246/246 12/245/245 1634/248/248
f 1528/249/249 1500/250/250 1503/251/251
f 1500/250/250 1528/249/249 1524/252/252
f 772/253/253 1174/254/254 427/255/255
f 1174/254/254 772/253/253 1171/256/256
f 1533/257/257 1501/258/258 1525/259/259
f 1501/258/258 1533/257/257 1516/260/260
f 1005/261/261 1527/262/262 1088/263/263
f 1527/262/262 1005/261/261 1535/264/264
f 1087/265/265 1530/266/266 1017/267/267
f 1530/266/266 1087/265/265 1526/268/268
f 1473/269/269 1426/270/270 1561/271/271
f 1426/270/270 1473/269/269 1422/272/272
f 1023/273/273 1488/274/274 1476/275/275
f 1488/274/274 1023/273/273 1011/276/276
f 1618/277/277 1610/278/278 1612/279/279
f 1610/278/278 1618/277/277 1605/280/280
f 976/281/281 184/282/282 1073/283/283
f 184/282/282 976/281/281 203/284/284
f 1072/285/285 193/286/286 752/287/287
f 193/286/286 1072/285/285 183/288/288
f 998/289/289 110/290/290 91/291/291
f 110/290/290 998/289/289 982/292/292
f 1619/293/293 1581/294/294 1577/295/295
f 1581/294/294 1619/293/293 1613/296/296
f 1433/297/297 1390/298/298 1423/299/299
f 1390/298/298 1433/297/297 1400/300/300
f 265/301/301 82/302/302 273/303/303
f 82/302/302 265/301/301 74/304/304
f 1629/305/305 1592/306/306 1587/307/307
f 1592/306/306 1629/305/305 1623/308/308
f 175/309/309 46/310/310 148/311/311
f 46/310/310 175/309/309 64/312/312
f 147/313/313 56/314/314 158/315/315
f 56/314/314 147/313/313 45/316/316
f 81/317/317 1632/318/318 1622/319/319
f 1632/318/318 81/317/317 73/320/320
f 1611/321/321 19/322/322 1614/323/323
f 19/322/322 1611/321/321 30/324/324
f 456/325/325 896/326/325 916/327/325
f 896/326/325 456/325/325 487/328/325
f 309/329/326 79/330/327 137/331/328
f 79/330/327 309/329/326 271/332/329
f 34/333/330 86/334/331 42/335/332
f 86/334/331 34/333/330 108/336/333
f 189/337/334 116/338/335 172/339/336
f 116/338/335 189/337/334 127/340/337
f 1568/341/338 1495/342/339 1559/343/340
f 1495/342/339 1568/341/338 1489/344/341
f 1369/345/342 1297/346/343 1360/347/344
f 1297/346/343 1369/345/342 1290/348/345
f 278/349/346 233/350/347 240/351/348
f 233/350/347 278/349/346 289/352/349
f 1291/353/350 1373/354/351 1278/355/352
f 1373/354/351 1291/353/350 1370/356/353
f 346/357/354 117/358/355 298/359/356
f 117/358/355 346/357/354 173/360/357
f 933/361/358 1328/362/359 1031/363/360
f 1328/362/359 933/361/358 1336/364/361
f 1030/365/362 1331/366/363 760/367/364
f 1331/366/363 1030/365/362 1327/368/365
f 944/369/366 1289/370/367 1277/371/368
f 1289/370/367 944/369/366 699/372/369
f 375/373/370 367/374/371 26/375/372
f 367/374/371 375/373/370 385/376/373
f 386/377/374 221/378/375 368/379/376
f 221/378/375 386/377/374 395/380/377
f 1279/381/378 1366/382/379 1286/383/380
f 1366/382/379 1279/381/378 1374/384/381
f 1490/385/382 1572/386/383 1477/387/384
f 1572/386/383 1490/385/382 1569/388/385
f 1368/389/386 1276/390/387 1372/391/388
f 1276/390/387 1368/389/386 1272/392/389
f 1478/393/390 1565/394/391 1485/395/392
f 1565/394/391 1478/393/390 1573/396/393
f 1322/397/394 1258/398/395 1310/399/396
f 1258/398/395 1322/397/394 1266/400/397
f 1309/401/398 1262/402/399 1313/403/400
f 1262/402/399 1309/401/398 1257/404/401
f 106/405/402 68/406/403 95/407/404
f 68/406/403 106/405/402 32/408/405
f 125/409/406 96/410/407 114/411/408
f 96/410/407 125/409/406 107/412/409
f 151/413/410 134/414/411 401/415/412
f 134/414/411 151/413/410 142/416/413
f 187/417/414 162/418/415 179/419/416
f 162/418/415 187/417/414 170/420/417
f 374/421/418 163/422/419 383/423/420
f 163/422/419 374/421/418 180/424/421
f 135/425/422 85/426/423 402/427/424
f 85/426/423 135/425/422 77/428/425
f 97/429/426 231/430/427 287/431/428
f 231/430/427 97/429/426 69/432/429
f 296/433/430 98/434/431 288/435/432
f 98/434/431 296/433/430 115/436/433
f 306/437/434 326/438/435 412/439/436
f 326/438/435 306/437/434 315/440/437
f 345/441/438 164/442/439 171/443/440
f 164/442/439 345/441/438 338/444/441
f 384/445/442 339/446/443 394/447/444
f 339/446/443 384/445/442 165/448/445
f 499/449/446 670/450/447 510/451/448
f 670/450/447 499/449/446 689/452/449
f 277/453/450 307/454/451 413/455/452
f 307/454/451 277/453/450 269/456/453
f 520/457/454 688/458/455 498/459/456
f 688/458/455 520/457/454 681/460/457
f 680/461/458 530/462/459 661/463/460
f 530/462/459 680/461/458 519/464/461
f 262/465/462 199/466/463 60/467/464
f 199/466/463 262/465/462 357/468/465
f 11/469/466 1602/470/467 1633/471/468
f 1602/470/467 11/469/466 1597/472/469
f 251/473/470 61/474/471 50/475/472
f 61/474/471 251/473/470 263/476/473
f 270/477/474 51/478/475 78/479/476
f 51/478/475 270/477/474 252/480/477
f 316/481/478 136/482/479 144/483/480
f 136/482/479 316/481/478 308/484/481
f 1235/485/482 1193/486/483 1225/487/484
f 1193/486/483 1235/485/482 1202/488/485
f 787/489/486 623/490/487 795/491/488
f 623/490/487 787/489/486 635/492/489
f 1383/493/490 1443/494/491 1452/495/492
f 1443/494/491 1383/493/490 1416/496/493
f 648/497/494 656/498/495 667/499/496
f 656/498/495 648/497/494 637/500/497
f 684/501/498 668/502/499 657/503/500
f 668/502/499 684/501/498 677/504/501
f 678/505/502 696/506/503 953/507/504
f 696/506/503 678/505/502 685/508/505
f 701/509/506 710/510/507 941/511/508
f 710/510/507 701/509/506 706/512/509
f 1421/513/510 1382/514/511 1378/515/512
f 1382/514/511 1421/513/510 1414/516/513
f 1431/517/514 1393/518/515 1388/519/516
f 1393/518/515 1431/517/514 1425/520/517
f 399/521/518 314/522/518 381/523/518
f 314/522/518 399/521/518 336/524/518
f 1441/525/519 1403/526/520 1435/527/521
f 1403/526/520 1441/525/519 1398/528/522
f 712/529/523 762/530/524 942/531/525
f 762/530/524 712/529/523 742/532/526
f 1274/533/527 1228/534/528 1362/535/529
f 1228/534/528 1274/533/527 1224/536/530
f 1412/537/531 1442/538/532 1415/539/533
f 1442/538/532 1412/537/531 1448/540/534
f 490/541/535 390/542/536 672/543/537
f 390/542/536 490/541/535 380/544/538
f 780/545/539 534/546/539 594/547/540
f 534/546/539 780/545/539 492/548/541
f 634/549/542 725/550/543 654/551/544
f 725/550/543 634/549/542 785/552/545
f 786/553/546 763/554/547 726/555/548
f 763/554/547 786/553/546 790/556/549
f 1172/557/550 764/558/551 791/559/552
f 764/558/551 1172/557/550 1168/560/553
f 603/561/554 600/562/555 614/563/556
f 600/562/555 603/561/554 619/564/557
f 1334/565/558 1302/566/559 1326/567/560
f 1302/566/559 1334/565/558 1317/568/561
f 613/569/562 609/570/563 970/571/564
f 609/570/563 613/569/562 599/572/565
f 691/573/566 518/574/567 497/575/568
f 518/574/567 691/573/566 954/576/569
f 1275/577/570 1236/578/571 1226/579/572
f 1236/578/571 1275/577/570 1271/580/573
f 812/581/574 799/582/575 797/583/576
f 799/582/575 812/581/574 819/584/577
f 679/585/578 488/586/579 687/587/580
f 488/586/579 679/585/578 479/588/581
f 889/589/582 1153/590/582 871/591/583
f 1153/590/582 889/589/582 1149/592/584
f 4/593/585 317/594/586 146/595/587
f 317/594/586 4/593/585 211/596/588
f 593/597/589 448/598/590 563/599/591
f 448/598/590 593/597/589 472/600/592
f 562/601/593 461/602/594 573/603/595
f 461/602/594 562/601/593 451/604/596
f 727/605/597 1083/606/598 1077/607/599
f 1083/606/598 727/605/597 767/608/600
f 491/609/601 400/610/602 382/611/603
f 400/610/602 491/609/601 482/612/604
f 504/613/605 477/614/606 495/615/607
f 477/614/606 504/613/605 486/616/608
f 526/617/609 447/618/610 455/619/611
f 447/618/610 526/617/609 516/620/612
f 1420/621/613 1411/622/614 1413/623/615
f 1411/622/614 1420/621/613 1407/624/616
f 578/625/617 558/626/618 517/627/619
f 558/626/618 578/625/617 568/628/620
f 815/629/621 796/630/622 624/631/623
f 796/630/622 815/629/621 811/632/624
f 1013/633/625 1099/634/625 1068/635/625
f 1100/636/626 777/637/626 1069/638/626
f 930/639/627 1014/640/627 1070/641/627
f 1071/642/628 778/643/628 946/644/628
f 1050/645/629 935/646/629 577/647/629
f 515/648/630 525/649/630 1051/650/630
f 1043/651/631 894/652/631 903/653/631
f 564/654/632 1028/655/632 758/656/632
f 513/657/633 555/658/633 443/659/633
f 452/660/634 913/661/634 523/662/634
f 474/663/635 535/664/635 493/665/635
f 1065/666/636 1049/667/636 1020/668/636
f 1042/669/637 1007/670/637 921/671/637
f 746/672/638 1095/673/638 1026/674/638
f 945/675/639 927/676/639 1067/677/639
f 576/678/640 934/679/640 1032/680/640
f 254/681/641 282/682/641 243/683/641
f 253/684/642 272/685/642 281/686/642
f 89/687/643 80/688/643 52/689/643
f 329/690/644 349/691/644 416/692/644
f 300/693/645 415/694/645 348/695/645
f 129/696/646 191/697/646 405/698/646
f 881/699/647 860/700/647 856/701/647
f 872/702/648 836/703/648 436/704/649
f 877/705/650 1138/706/650 845/707/650
f 647/708/651 627/709/651 636/710/651
f 835/711/652 876/712/652 844/713/652
f 201/714/653 72/715/653 35/716/653
f 290/717/654 280/718/654 299/719/654
f 264/720/655 241/721/655 358/722/655
f 347/723/656 327/724/656 340/725/656
f 279/726/657 414/727/657 297/728/657
f 109/729/658 128/730/658 88/731/658
f 62/732/659 200/733/659 43/734/659
f 190/735/660 181/736/660 153/737/660
f 188/738/661 152/739/661 404/740/661
f 126/741/662 403/742/662 87/743/662
f 198/744/663 356/745/663 71/746/663
f 143/747/664 15/748/664 3/749/664
f 232/750/665 70/751/665 355/752/665
f 250/753/666 239/754/666 261/755/666
f 325/756/667 393/757/667 337/758/667
f 197/759/668 33/760/668 41/761/668
f 40/762/669 49/763/669 59/764/669
f 886/765/670 1148/766/670 862/767/670
f 880/768/671 1156/769/671 1142/770/671
f 887/771/672 864/772/672 1144/773/672
f 854/774/673 1123/775/673 848/776/673
f 473/777/674 832/778/674 544/779/674
f 824/780/675 442/781/675 554/782/675
f 421/783/676 720/784/676 768/785/676
f 703/786/677 773/787/677 724/788/677
f 1081/789/678 736/790/678 729/791/678
f 539/792/679 549/793/679 649/794/679
f 598/795/680 538/796/680 588/797/680
f 658/798/681 735/799/681 686/800/681
f 17/801/682 145/802/682 155/803/682
f 18/804/683 156/805/683 378/806/683
f 330/807/684 223/808/684 396/809/684
f 425/810/685 331/811/685 318/812/685
f 426/813/686 319/814/686 212/815/686
f 446/816/687 867/817/687 465/818/687
f 548/819/688 537/820/688 478/821/688
f 587/822/689 607/823/689 597/824/689
f 717/825/690 711/826/690 707/827/690
f 741/828/691 1161/829/691 559/830/691
f 376/831/692 154/832/692 182/833/692
f 222/834/693 328/835/693 424/836/693
f 234/837/694 359/838/694 242/839/694
f 16/840/695 377/841/695 27/842/695
f 44/843/696 90/844/696 53/845/696
f 1190/846/697 1339/847/697 1185/848/697
f 1176/849/698 1184/850/698 1189/851/698
f 719/852/699 1107/853/699 1162/854/699
f 718/855/700 708/856/700 723/857/700
f 810/858/701 428/859/701 1175/860/701
f 1101/861/702 1170/862/702 771/863/702
f 1116/864/703 224/865/703 809/866/703
f 804/867/704 808/868/704 794/869/704
f 1137/870/705 831/871/705 1167/872/705
f 6/873/706 1136/874/706 1166/875/706
f 1160/876/707 1106/877/707 1165/878/707
f 740/879/708 716/880/708 1159/881/708
f 1158/882/709 1164/883/709 830/884/709
f 1105/885/710 5/886/710 1163/887/710
f 437/888/711 467/889/711 875/890/711
f 891/891/712 466/892/712 869/893/712
f 846/894/713 1143/895/713 841/896/713
f 1480/897/714 988/898/714 1022/899/714
f 1404/900/715 1417/901/715 1544/902/715
f 1491/903/716 1487/904/716 1010/905/716
f 1555/906/717 1469/907/717 1566/908/717
f 1472/909/718 1560/910/718 1570/911/718
f 1406/912/719 1549/913/719 1397/914/719
f 1392/915/720 1543/916/720 1387/917/720
f 1377/918/721 1381/919/721 1386/920/721
f 781/921/722 1034/922/722 494/923/722
f 575/924/723 1029/925/723 566/926/723
f 965/927/724 957/928/724 1058/929/724
f 999/930/725 966/931/725 1059/932/725
f 732/933/726 1060/934/726 958/935/726
f 683/936/727 733/937/727 694/938/727
f 782/939/728 595/940/728 615/941/728
f 616/942/729 972/943/729 783/944/729
f 899/945/730 1035/946/730 978/947/730
f 750/948/731 1041/949/731 755/950/731
f 980/951/732 1074/952/732 900/953/733
f 1061/954/734 1078/955/734 1001/956/734
f 1062/957/735 734/958/735 1079/959/735
f 1084/960/736 743/961/736 984/962/736
f 1024/963/737 995/964/737 744/965/737
f 1085/966/738 1094/967/738 745/968/738
f 920/969/739 1006/970/739 1089/971/739
f 1019/972/740 910/973/740 1090/974/740
f 63/975/741 255/976/741 1626/977/741
f 8/978/742 54/979/742 28/980/742
f 174/981/743 99/982/743 256/983/743
f 829/984/744 861/985/744 866/986/744
f 1268/987/745 1324/988/745 1365/989/745
f 1263/990/746 1242/991/746 1359/992/746
f 1296/993/747 1315/994/747 1358/995/747
f 1194/996/748 1354/997/748 1344/998/748
f 1204/999/749 1199/1000/749 1350/1001/749
f 1188/1002/750 1343/1003/750 1179/1004/750
f 1208/1005/751 1349/1006/751 1198/1007/751
f 939/1008/752 761/1009/752 1333/1010/752
f 1493/1011/753 1505/1012/753 1512/1013/753
f 1401/1014/754 1545/1015/754 1551/1016/754
f 1546/1017/755 1418/1018/755 1538/1019/755
f 1440/1020/756 1447/1021/756 1409/1022/756
f 1380/1023/757 1429/1024/757 1384/1025/757
f 1451/1026/758 1465/1027/758 1430/1028/758
f 1518/1029/759 1536/1030/759 1484/1031/759
f 1539/1032/760 1552/1033/760 1547/1034/760
f 926/1035/761 1018/1036/761 1531/1037/761
f 1540/1038/762 1419/1039/762 1375/1040/762
f 471/1041/763 592/1042/763 674/1043/763
f 460/1044/764 411/1045/764 664/1046/764
f 589/1047/765 579/1048/765 506/1049/765
f 1492/1050/766 1529/1051/766 1504/1052/766
f 1534/1053/767 991/1054/767 1483/1055/767
f 1522/1056/768 1517/1057/768 1482/1058/768
f 1459/1059/769 1439/1060/769 1556/1061/769
f 1520/1062/770 1481/1063/770 1563/1064/770
f 1438/1065/771 1458/1066/771 1446/1067/771
f 1463/1068/772 1562/1069/772 1428/1070/772
f 1394/1071/773 1437/1072/773 1408/1073/773
f 1379/1074/774 1450/1075/774 1427/1076/774
f 1399/1077/775 1550/1078/775 1389/1079/775
f 1591/1080/776 218/1081/776 1586/1082/776
f 1604/1083/777 1596/1084/777 1609/1085/777
f 83/1086/778 259/1087/778 276/1088/778
f 249/1089/779 76/1090/779 268/1091/779
f 113/1092/780 987/1093/780 124/1094/780
f 1606/1095/781 1620/1096/781 230/1097/781
f 105/1098/782 969/1099/782 1003/1100/782
f 1598/1101/783 235/1102/783 1588/1103/783
f 1578/1104/784 36/1105/784 1625/1106/784
f 1593/1107/785 7/1108/785 1607/1109/785
f 244/1110/786 157/1111/786 55/1112/786
f 176/1113/787 166/1114/787 100/1115/787
f 202/1116/788 960/1117/788 101/1118/788
f 118/1119/789 192/1120/789 138/1121/789
f 1600/1122/790 225/1123/790 236/1124/790
f 226/1125/791 1616/1126/791 213/1127/791
f 119/1128/792 139/1129/792 159/1130/792
f 9/1131/793 29/1132/793 1608/1133/793
f 1579/1134/794 1627/1135/794 1583/1136/794
f 37/1137/795 65/1138/795 1628/1139/795
f 167/1140/796 204/1141/796 102/1142/796
f 214/1143/797 237/1144/797 227/1145/797
f 215/1146/798 1617/1147/798 1574/1148/798
f 992/1149/799 754/1150/799 194/1151/799
f 1603/1152/800 228/1153/800 1594/1154/800
f 1584/1155/801 216/1156/801 1575/1157/801
f 1601/1158/802 1595/1159/802 229/1160/802
f 1590/1161/803 238/1162/803 217/1163/803
f 120/1164/804 160/1165/804 245/1166/804
f 57/1167/805 10/1168/805 246/1169/805
f 1405/1170/806 1395/1171/806 1410/1172/806
f 837/1173/807 874/1174/807 879/1175/807
f 863/1176/808 1147/1177/808 868/1178/808
f 1044/1179/809 751/1180/809 1009/1181/809
f 1036/1182/810 1056/1183/810 981/1184/810
f 936/1185/811 1052/1186/811 1066/1187/811
f 1045/1188/812 904/1189/812 756/1190/812
f 915/1191/813 895/1192/813 1046/1193/813
f 505/1194/814 496/1195/814 1037/1196/814
f 784/1197/815 974/1198/815 1038/1199/815
f 1053/1200/816 911/1201/816 1021/1202/816
f 702/1203/817 948/1204/817 779/1205/817
f 986/1206/818 747/1207/818 997/1208/818
f 1057/1209/819 1039/1210/819 975/1211/819
f 502/1212/820 893/1213/820 483/1214/820
f 503/1215/821 1033/1216/821 898/1217/821
f 914/1218/822 1040/1219/822 919/1220/822
f 514/1221/823 1047/1222/823 574/1223/823
f 730/1224/824 956/1225/824 693/1226/824
f 704/1227/825 698/1228/825 775/1229/825
f 909/1230/826 1048/1231/826 524/1232/826
f 1385/1233/827 1541/1234/827 1376/1235/827
f 1402/1236/828 1396/1237/828 1548/1238/828
f 1391/1239/829 1553/1240/829 1542/1241/829
f 1494/1242/830 1513/1243/830 1557/1244/830
f 1558/1245/831 1514/1246/831 1461/1247/831
f 1466/1248/832 1523/1249/832 1564/1250/832
f 1479/1251/833 1486/1252/833 1025/1253/833
f 1496/1254/834 1012/1255/834 928/1256/834
f 1497/1257/835 929/1258/835 1532/1259/835
f 1008/1260/836 996/1261/836 1537/1262/836
f 1576/1263/837 1580/1264/837 1585/1265/837
f 828/1266/838 865/1267/838 444/1268/838
f 445/1269/839 463/1270/839 454/1271/839
f 475/1272/840 485/1273/840 434/1274/840
f 476/1275/841 435/1276/841 834/1277/841
f 798/1278/842 803/1279/842 789/1280/842
f 870/1281/843 464/1282/843 888/1283/843
f 1321/1284/844 1282/1285/844 1364/1286/844
f 1357/1287/845 1312/1288/845 1261/1289/845
f 1323/1290/846 1318/1291/846 1283/1292/846
f 1335/1293/847 925/1294/847 1284/1295/847
f 1293/1296/848 1330/1297/848 1305/1298/848
f 1203/1299/849 1346/1300/849 1352/1301/849
f 1347/1302/850 1221/1303/850 1340/1304/850
f 1294/1305/851 938/1306/851 1332/1307/851
f 1295/1308/852 1306/1309/852 1314/1310/852
f 1241/1311/853 1250/1312/853 1213/1313/853
f 1183/1314/854 1231/1315/854 1187/1316/854
f 1254/1317/855 1267/1318/855 1232/1319/855
f 1319/1320/856 1337/1321/856 1285/1322/856
f 1341/1323/857 1353/1324/857 1348/1325/857
f 1342/1326/858 1222/1327/858 1178/1328/858
f 1139/1329/859 850/1330/859 840/1331/859
f 851/1332/860 882/1333/860 857/1334/860
f 852/1335/861 1140/1336/861 883/1337/861
f 1150/1338/862 890/1339/862 1145/1340/862
f 873/1341/863 1154/1342/863 878/1343/863
f 884/1344/864 1151/1345/864 1146/1346/864
f 722/1347/865 209/1348/865 713/1349/865
f 210/1350/866 1104/1351/866 714/1352/866
f 748/1353/867 989/1354/867 1004/1355/867
f 1075/1356/868 905/1357/868 901/1358/868
f 757/1359/869 906/1360/869 1076/1361/869
f 907/1362/870 917/1363/870 1091/1364/870
f 1/1365/871 1103/1366/871 207/1367/871
f 1131/1368/872 2/1369/872 13/1370/872
f 1132/1371/873 23/1372/873 1127/1373/873
f 365/1374/874 1128/1375/874 24/1376/874
f 1133/1377/875 1129/1378/875 1108/1379/875
f 1134/1380/876 14/1381/876 25/1382/876
f 1122/1383/877 1120/1384/877 821/1385/877
f 805/1386/878 1173/1387/878 792/1388/878
f 422/1389/879 208/1390/879 721/1391/879
f 220/1392/880 423/1393/880 806/1394/880
f 1115/1395/881 807/1396/881 801/1397/881
f 858/1398/882 1110/1399/882 855/1400/882
f 788/1401/883 802/1402/883 793/1403/883
f 705/1404/884 776/1405/884 770/1406/884
f 655/1407/885 728/1408/885 731/1409/885
f 565/1410/886 737/1411/886 556/1412/886
f 738/1413/887 709/1414/887 715/1415/887
f 644/1416/888 665/1417/888 584/1418/888
f 625/1419/889 546/1420/889 818/1421/889
f 645/1422/890 547/1423/890 626/1424/890
f 557/1425/891 1157/1426/891 825/1427/891
f 1111/1428/892 859/1429/892 826/1430/892
f 1135/1431/893 1112/1432/893 827/1433/893
f 646/1434/894 585/1435/894 536/1436/894
f 666/1437/895 676/1438/895 586/1439/895
f 739/1440/896 567/1441/896 759/1442/896
f 606/1443/897 617/1444/897 596/1445/897
f 823/1446/898 849/1447/898 1125/1448/898
f 344/1449/899 373/1450/899 643/1451/899
f 512/1452/900 952/1453/900 695/1454/900
f 335/1455/901 653/1456/901 313/1457/901
f 295/1458/902 441/1459/902 391/1460/902
f 324/1461/903 409/1462/903 354/1463/903
f 470/1464/904 673/1465/904 392/1466/904
f 410/1467/905 459/1468/905 432/1469/905
f 618/1470/906 949/1471/906 507/1472/906
f 527/1473/907 608/1474/907 550/1475/907
f 332/1476/908 638/1477/908 650/1478/908
f 639/1479/909 369/1480/909 628/1481/909
f 528/1482/910 551/1483/910 569/1484/910
f 406/1485/911 429/1486/911 350/1487/911
f 291/1488/912 387/1489/912 301/1490/912
f 438/1491/913 468/1492/913 388/1493/913
f 580/1494/914 620/1495/914 508/1496/914
f 629/1497/915 651/1498/915 640/1499/915
f 630/1500/916 370/1501/916 283/1502/916
f 341/1503/917 641/1504/917 320/1505/917
f 302/1506/918 631/1507/918 284/1508/918
f 333/1509/919 321/1510/919 642/1511/919
f 310/1512/920 652/1513/920 632/1514/920
f 529/1515/921 570/1516/921 659/1517/921
f 660/1518/922 571/1519/922 457/1520/922
f 590/1521/923 509/1522/923 669/1523/923
f 500/1524/924 511/1525/924 692/1526/924
f 955/1527/925 963/1528/925 531/1529/925
f 532/1530/926 964/1531/926 610/1532/926
f 937/1533/927 931/1534/927 1338/1535/927
f 1298/1536/928 700/1537/928 940/1538/928
f 1280/1539/929 1287/1540/929 947/1541/929
f 961/1542/930 1054/1543/930 971/1544/930
f 962/1545/931 977/1546/931 1055/1547/931
f 753/1548/932 990/1549/932 749/1550/932
f 1063/1551/933 922/1552/933 932/1553/933
f 1064/1554/934 1016/1555/934 924/1556/934
f 774/1557/935 1097/1558/935 769/1559/935
f 765/1560/936 1092/1561/936 1082/1562/936
f 1205/1563/937 1195/1564/937 1209/1565/937
f 1273/1566/938 1361/1567/938 1371/1568/938
f 1356/1569/939 1270/1570/939 1367/1571/939
f 1292/1572/940 1288/1573/940 697/1574/940
f 1207/1575/941 1220/1576/941 1345/1577/941
f 1281/1578/942 923/1579/942 943/1580/942
f 1201/1581/943 1351/1582/943 1192/1583/943
f 1182/1584/944 1253/1585/944 1229/1586/944
f 1197/1587/945 1239/1588/945 1212/1589/945
f 1265/1590/946 1363/1591/946 1230/1592/946
f 1240/1593/947 1260/1594/947 1249/1595/947
f 605/1596/948 951/1597/948 621/1598/948
f 66/1599/949 177/1600/949 257/1601/949
f 94/1602/950 104/1603/950 1000/1604/950
f 983/1605/951 993/1606/951 122/1607/951
f 123/1608/952 994/1609/952 195/1610/952
f 979/1611/953 967/1612/953 205/1613/953
f 285/1614/954 292/1615/954 303/1616/954
f 311/1617/955 633/1618/955 304/1619/955
f 342/1620/956 322/1621/956 351/1622/956
f 489/1623/957 671/1624/957 690/1625/957
f 663/1626/958 481/1627/958 682/1628/958
f 521/1629/959 959/1630/959 533/1631/959
f 968/1632/960 973/1633/960 612/1634/960
