# Blender v2.79 (sub 0) OBJ File: ''
# www.blender.org
mtllib right hand 1.mtl
o n0b0
v 2.225000 -1.025781 -1.216016
v 2.225000 -1.025781 -1.216016
v 2.225000 -1.025781 -1.216016
v 2.225000 -1.025781 -1.216016
v 2.225000 -1.025781 -1.216016
v 2.225000 -1.025781 -1.216016
v 2.225000 -1.025781 -1.216016
v 5.274610 -1.485156 0.582422
v 5.274610 -1.485156 0.582422
v 5.274610 -1.485156 0.582422
v 5.274610 -1.485156 0.582422
v 2.171484 -0.501563 -1.845703
v 2.171484 -0.501563 -1.845703
v 2.171484 -0.501563 -1.845703
v 2.171484 -0.501563 -1.845703
v 2.171484 -0.501563 -1.845703
v 2.171484 -0.501563 -1.845703
v 2.171484 -0.501563 -1.845703
v 2.171484 -0.501563 -1.845703
v 5.090625 -1.351562 0.155078
v 5.090625 -1.351562 0.155078
v 5.090625 -1.351562 0.155078
v 5.090625 -1.351562 0.155078
v 1.732031 -0.098047 -2.207422
v 1.732031 -0.098047 -2.207422
v 1.732031 -0.098047 -2.207422
v 1.732031 -0.098047 -2.207422
v 1.732031 -0.098047 -2.207422
v 1.732031 -0.098047 -2.207422
v 5.054688 -1.360937 1.001562
v 5.054688 -1.360937 1.001562
v 5.054688 -1.360937 1.001562
v 5.054688 -1.360937 1.001562
v 4.060547 -1.986719 -1.963281
v 4.060547 -1.986719 -1.963281
v 4.060547 -1.986719 -1.963281
v 4.060547 -1.986719 -1.963281
v 5.533985 -1.082031 0.578516
v 5.533985 -1.082031 0.578516
v 5.533985 -1.082031 0.578516
v 5.533985 -1.082031 0.578516
v 3.966406 -1.711719 -1.745703
v 3.966406 -1.711719 -1.745703
v 3.966406 -1.711719 -1.745703
v 3.966406 -1.711719 -1.745703
v 3.966406 -1.711719 -1.745703
v 5.320312 -0.989453 0.192578
v 5.320312 -0.989453 0.192578
v 5.320312 -0.989453 0.192578
v 5.320312 -0.989453 0.192578
v 5.320312 -0.989453 0.192578
v 3.450781 -1.481641 -1.377734
v 3.450781 -1.481641 -1.377734
v 3.450781 -1.481641 -1.377734
v 3.450781 -1.481641 -1.377734
v 3.450781 -1.481641 -1.377734
v 5.303906 -1.007422 0.988672
v 5.303906 -1.007422 0.988672
v 5.303906 -1.007422 0.988672
v 5.303906 -1.007422 0.988672
v 5.303906 -1.007422 0.988672
v 3.892188 -1.892187 -1.338672
v 3.892188 -1.892187 -1.338672
v 3.892188 -1.892187 -1.338672
v 3.892188 -1.892187 -1.338672
v 4.081641 -0.867188 0.370703
v 4.081641 -0.867188 0.370703
v 4.081641 -0.867188 0.370703
v 4.081641 -0.867188 0.370703
v 3.841797 -2.376172 -2.074610
v 3.841797 -2.376172 -2.074610
v 3.841797 -2.376172 -2.074610
v 3.841797 -2.376172 -2.074610
v 3.841797 -2.376172 -2.074610
v 4.070312 -0.876563 0.782813
v 4.070312 -0.876563 0.782813
v 4.070312 -0.876563 0.782813
v 4.070312 -0.876563 0.782813
v 3.125781 -1.298047 -1.511719
v 3.125781 -1.298047 -1.511719
v 3.125781 -1.298047 -1.511719
v 3.125781 -1.298047 -1.511719
v 4.061719 -0.508984 0.803906
v 4.061719 -0.508984 0.803906
v 4.061719 -0.508984 0.803906
v 4.061719 -0.508984 0.803906
v 3.603906 -1.419531 -2.016797
v 3.603906 -1.419531 -2.016797
v 3.603906 -1.419531 -2.016797
v 3.603906 -1.419531 -2.016797
v 3.603906 -1.419531 -2.016797
v 3.603906 -1.419531 -2.016797
v 4.231641 -0.146094 1.155078
v 4.231641 -0.146094 1.155078
v 4.231641 -0.146094 1.155078
v 4.231641 -0.146094 1.155078
v 4.231641 -0.146094 1.155078
v 4.231641 -0.146094 1.155078
v 4.231641 -0.146094 1.155078
v 3.348438 -2.255859 -2.366406
v 3.348438 -2.255859 -2.366406
v 3.348438 -2.255859 -2.366406
v 3.348438 -2.255859 -2.366406
v 4.075000 -0.498047 0.380469
v 4.075000 -0.498047 0.380469
v 4.075000 -0.498047 0.380469
v 4.075000 -0.498047 0.380469
v 3.700781 -1.806250 -2.297266
v 3.700781 -1.806250 -2.297266
v 3.700781 -1.806250 -2.297266
v 3.700781 -1.806250 -2.297266
v 4.632422 -0.271484 0.031250
v 4.632422 -0.271484 0.031250
v 4.632422 -0.271484 0.031250
v 4.632422 -0.271484 0.031250
v 4.632422 -0.271484 0.031250
v 4.632422 -0.271484 0.031250
v 4.632422 -0.271484 0.031250
v 2.877344 -2.119531 -2.508594
v 2.877344 -2.119531 -2.508594
v 2.877344 -2.119531 -2.508594
v 2.877344 -2.119531 -2.508594
v 5.401953 0.366406 0.627344
v 5.401953 0.366406 0.627344
v 5.401953 0.366406 0.627344
v 5.401953 0.366406 0.627344
v 3.302344 -1.639453 -2.466797
v 3.302344 -1.639453 -2.466797
v 3.302344 -1.639453 -2.466797
v 3.302344 -1.639453 -2.466797
v 3.302344 -1.639453 -2.466797
v 5.233984 0.349609 0.208203
v 5.233984 0.349609 0.208203
v 5.233984 0.349609 0.208203
v 5.233984 0.349609 0.208203
v 2.808594 -1.173437 -1.678906
v 2.808594 -1.173437 -1.678906
v 2.808594 -1.173437 -1.678906
v 2.808594 -1.173437 -1.678906
v 5.621094 -0.316016 0.609766
v 5.621094 -0.316016 0.609766
v 5.621094 -0.316016 0.609766
v 5.621094 -0.316016 0.609766
v 2.393359 -1.071875 -1.517187
v 2.393359 -1.071875 -1.517187
v 2.393359 -1.071875 -1.517187
v 2.393359 -1.071875 -1.517187
v 2.393359 -1.071875 -1.517187
v 5.412891 -0.333594 0.220313
v 5.412891 -0.333594 0.220313
v 5.412891 -0.333594 0.220313
v 5.412891 -0.333594 0.220313
v 5.412891 -0.333594 0.220313
v 2.752734 -0.919922 -2.201953
v 2.752734 -0.919922 -2.201953
v 2.752734 -0.919922 -2.201953
v 2.752734 -0.919922 -2.201953
v 2.752734 -0.919922 -2.201953
v 2.752734 -0.919922 -2.201953
v 5.202734 0.291406 1.068750
v 5.202734 0.291406 1.068750
v 5.202734 0.291406 1.068750
v 5.202734 0.291406 1.068750
v 1.901563 -1.478516 -2.628516
v 1.901563 -1.478516 -2.628516
v 1.901563 -1.478516 -2.628516
v 1.901563 -1.478516 -2.628516
v 5.397266 -0.351562 1.016016
v 5.397266 -0.351562 1.016016
v 5.397266 -0.351562 1.016016
v 5.397266 -0.351562 1.016016
v 5.397266 -0.351562 1.016016
v 2.466797 -1.887891 -2.607031
v 2.466797 -1.887891 -2.607031
v 2.466797 -1.887891 -2.607031
v 2.466797 -1.887891 -2.607031
v 4.910938 0.866797 0.639844
v 4.910938 0.866797 0.639844
v 4.910938 0.866797 0.639844
v 4.910938 0.866797 0.639844
v 2.444531 -1.075781 -2.611328
v 2.444531 -1.075781 -2.611328
v 2.444531 -1.075781 -2.611328
v 2.444531 -1.075781 -2.611328
v 4.755078 0.783594 0.196875
v 4.755078 0.783594 0.196875
v 4.755078 0.783594 0.196875
v 4.755078 0.783594 0.196875
v 4.755078 0.783594 0.196875
v 2.900000 -1.385938 -2.593359
v 2.900000 -1.385938 -2.593359
v 2.900000 -1.385938 -2.593359
v 2.900000 -1.385938 -2.593359
v 2.900000 -1.385938 -2.593359
v 4.744922 0.767188 1.084766
v 4.744922 0.767188 1.084766
v 4.744922 0.767188 1.084766
v 4.744922 0.767188 1.084766
v 4.744922 0.767188 1.084766
v 4.130078 -2.125000 -1.442188
v 4.130078 -2.125000 -1.442188
v 4.130078 -2.125000 -1.442188
v 4.130078 -2.125000 -1.442188
v 4.130078 -2.125000 -1.442188
v 3.473047 -1.792969 0.755469
v 3.473047 -1.792969 0.755469
v 3.473047 -1.792969 0.755469
v 3.473047 -1.792969 0.755469
v 3.473047 -1.792969 0.755469
v 3.473047 -1.792969 0.755469
v 1.892969 -1.611719 -1.281250
v 1.892969 -1.611719 -1.281250
v 1.892969 -1.611719 -1.281250
v 1.892969 -1.611719 -1.281250
v 1.892969 -1.611719 -1.281250
v 3.459375 -1.798437 0.330078
v 3.459375 -1.798437 0.330078
v 3.459375 -1.798437 0.330078
v 3.459375 -1.798437 0.330078
v 3.459375 -1.798437 0.330078
v 3.459375 -1.798437 0.330078
v 0.781250 -1.130859 -2.109766
v 0.781250 -1.130859 -2.109766
v 0.781250 -1.130859 -2.109766
v 0.781250 -1.130859 -2.109766
v 0.781250 -1.130859 -2.109766
v 0.781250 -1.130859 -2.109766
v 3.258594 -1.435547 0.542188
v 3.258594 -1.435547 0.542188
v 3.258594 -1.435547 0.542188
v 3.258594 -1.435547 0.542188
v 3.512110 -2.622656 -1.810547
v 3.512110 -2.622656 -1.810547
v 3.512110 -2.622656 -1.810547
v 3.512110 -2.622656 -1.810547
v 4.842578 -0.714844 0.010547
v 4.842578 -0.714844 0.010547
v 4.842578 -0.714844 0.010547
v 4.842578 -0.714844 0.010547
v 4.842578 -0.714844 0.010547
v 4.842578 -0.714844 0.010547
v 3.281250 -2.529297 -1.496875
v 3.281250 -2.529297 -1.496875
v 3.281250 -2.529297 -1.496875
v 3.281250 -2.529297 -1.496875
v 3.281250 -2.529297 -1.496875
v 4.828907 -0.738672 1.125781
v 4.828907 -0.738672 1.125781
v 4.828907 -0.738672 1.125781
v 4.828907 -0.738672 1.125781
v 4.828907 -0.738672 1.125781
v 4.828907 -0.738672 1.125781
v 3.053125 -1.994922 -1.242578
v 3.053125 -1.994922 -1.242578
v 3.053125 -1.994922 -1.242578
v 3.053125 -1.994922 -1.242578
v 3.053125 -1.994922 -1.242578
v 3.996875 -0.684375 0.374609
v 3.996875 -0.684375 0.374609
v 3.996875 -0.684375 0.374609
v 3.996875 -0.684375 0.374609
v 3.623047 -2.177734 -1.228125
v 3.623047 -2.177734 -1.228125
v 3.623047 -2.177734 -1.228125
v 3.623047 -2.177734 -1.228125
v 3.985156 -0.693750 0.801953
v 3.985156 -0.693750 0.801953
v 3.985156 -0.693750 0.801953
v 3.985156 -0.693750 0.801953
v 2.671484 -1.830859 -1.337109
v 2.671484 -1.830859 -1.337109
v 2.671484 -1.830859 -1.337109
v 2.671484 -1.830859 -1.337109
v 3.201563 -0.932422 1.792578
v 3.201563 -0.932422 1.792578
v 3.201563 -0.932422 1.792578
v 3.201563 -0.932422 1.792578
v 2.510937 -2.400781 -1.644922
v 2.510937 -2.400781 -1.644922
v 2.510937 -2.400781 -1.644922
v 2.510937 -2.400781 -1.644922
v 2.510937 -2.400781 -1.644922
v 2.510937 -2.400781 -1.644922
v 3.781250 -1.101562 1.851172
v 3.781250 -1.101562 1.851172
v 3.781250 -1.101562 1.851172
v 3.781250 -1.101562 1.851172
v 3.781250 -1.101562 1.851172
v 3.064063 -2.568750 -1.997656
v 3.064063 -2.568750 -1.997656
v 3.064063 -2.568750 -1.997656
v 3.064063 -2.568750 -1.997656
v 3.326563 -0.500391 1.971094
v 3.326563 -0.500391 1.971094
v 3.326563 -0.500391 1.971094
v 3.326563 -0.500391 1.971094
v 3.326563 -0.500391 1.971094
v 2.539844 -2.446484 -2.164844
v 2.539844 -2.446484 -2.164844
v 2.539844 -2.446484 -2.164844
v 2.539844 -2.446484 -2.164844
v 2.539844 -2.446484 -2.164844
v 3.209375 -0.246484 1.793750
v 3.209375 -0.246484 1.793750
v 3.209375 -0.246484 1.793750
v 3.209375 -0.246484 1.793750
v 3.209375 -0.246484 1.793750
v 2.266406 -1.705469 -1.600781
v 2.266406 -1.705469 -1.600781
v 2.266406 -1.705469 -1.600781
v 2.266406 -1.705469 -1.600781
v 3.232422 -0.471875 1.142187
v 3.232422 -0.471875 1.142187
v 3.232422 -0.471875 1.142187
v 3.232422 -0.471875 1.142187
v 3.232422 -0.471875 1.142187
v 1.998828 -1.632031 -1.498828
v 1.998828 -1.632031 -1.498828
v 1.998828 -1.632031 -1.498828
v 1.998828 -1.632031 -1.498828
v 1.998828 -1.632031 -1.498828
v 3.184375 -0.210547 1.433594
v 3.184375 -0.210547 1.433594
v 3.184375 -0.210547 1.433594
v 3.184375 -0.210547 1.433594
v 3.184375 -0.210547 1.433594
v 1.603906 -1.957422 -1.862500
v 1.603906 -1.957422 -1.862500
v 1.603906 -1.957422 -1.862500
v 1.603906 -1.957422 -1.862500
v 1.603906 -1.957422 -1.862500
v 1.603906 -1.957422 -1.862500
v 1.603906 -1.957422 -1.862500
v 3.164062 -0.878906 1.252344
v 3.164062 -0.878906 1.252344
v 3.164062 -0.878906 1.252344
v 3.164062 -0.878906 1.252344
v 1.649609 -1.902344 -2.333203
v 1.649609 -1.902344 -2.333203
v 1.649609 -1.902344 -2.333203
v 1.649609 -1.902344 -2.333203
v 3.743750 -1.039844 1.192969
v 3.743750 -1.039844 1.192969
v 3.743750 -1.039844 1.192969
v 3.743750 -1.039844 1.192969
v 3.743750 -1.039844 1.192969
v 2.155859 -2.243359 -2.246875
v 2.155859 -2.243359 -2.246875
v 2.155859 -2.243359 -2.246875
v 2.155859 -2.243359 -2.246875
v 2.155859 -2.243359 -2.246875
v 3.685938 -1.207031 1.463281
v 3.685938 -1.207031 1.463281
v 3.685938 -1.207031 1.463281
v 3.685938 -1.207031 1.463281
v 3.881641 -2.478516 -1.566797
v 3.881641 -2.478516 -1.566797
v 3.881641 -2.478516 -1.566797
v 3.881641 -2.478516 -1.566797
v 3.881641 -2.478516 -1.566797
v 3.094531 -1.046484 1.501172
v 3.094531 -1.046484 1.501172
v 3.094531 -1.046484 1.501172
v 3.094531 -1.046484 1.501172
v 3.094531 -1.046484 1.501172
v 1.126953 -0.555078 -2.289453
v 1.126953 -0.555078 -2.289453
v 1.126953 -0.555078 -2.289453
v 1.126953 -0.555078 -2.289453
v 3.621094 -0.241016 1.805859
v 3.621094 -0.241016 1.805859
v 3.621094 -0.241016 1.805859
v 3.621094 -0.241016 1.805859
v 2.121094 -0.667188 -2.498438
v 2.121094 -0.667188 -2.498438
v 2.121094 -0.667188 -2.498438
v 2.121094 -0.667188 -2.498438
v 2.121094 -0.667188 -2.498438
v 4.013672 -0.683984 1.980859
v 4.013672 -0.683984 1.980859
v 4.013672 -0.683984 1.980859
v 4.013672 -0.683984 1.980859
v 4.013672 -0.683984 1.980859
v 4.013672 -0.683984 1.980859
v 1.471484 -1.023047 -2.513672
v 1.471484 -1.023047 -2.513672
v 1.471484 -1.023047 -2.513672
v 1.471484 -1.023047 -2.513672
v 3.608203 -0.216016 1.396094
v 3.608203 -0.216016 1.396094
v 3.608203 -0.216016 1.396094
v 3.608203 -0.216016 1.396094
v 1.270703 -1.551172 -2.322656
v 1.270703 -1.551172 -2.322656
v 1.270703 -1.551172 -2.322656
v 1.270703 -1.551172 -2.322656
v 4.057031 -0.607422 1.048437
v 4.057031 -0.607422 1.048437
v 4.057031 -0.607422 1.048437
v 4.057031 -0.607422 1.048437
v 4.057031 -0.607422 1.048437
v 4.057031 -0.607422 1.048437
v 3.146484 -1.165234 -2.078906
v 3.146484 -1.165234 -2.078906
v 3.146484 -1.165234 -2.078906
v 3.146484 -1.165234 -2.078906
v 3.146484 -1.165234 -2.078906
v 4.352344 -1.132031 1.472266
v 4.352344 -1.132031 1.472266
v 4.352344 -1.132031 1.472266
v 4.352344 -1.132031 1.472266
v 2.133984 -2.206641 -1.738281
v 2.133984 -2.206641 -1.738281
v 2.133984 -2.206641 -1.738281
v 2.133984 -2.206641 -1.738281
v 2.133984 -2.206641 -1.738281
v 4.308203 -1.013672 1.140234
v 4.308203 -1.013672 1.140234
v 4.308203 -1.013672 1.140234
v 4.308203 -1.013672 1.140234
v 0.931250 -1.647266 -1.636328
v 0.931250 -1.647266 -1.636328
v 0.931250 -1.647266 -1.636328
v 0.931250 -1.647266 -1.636328
v 0.931250 -1.647266 -1.636328
v 0.931250 -1.647266 -1.636328
v 4.277344 -1.046094 1.884766
v 4.277344 -1.046094 1.884766
v 4.277344 -1.046094 1.884766
v 4.277344 -1.046094 1.884766
v 0.093750 1.144922 0.935547
v 0.093750 1.144922 0.935547
v 0.093750 1.144922 0.935547
v 0.093750 1.144922 0.935547
v 0.093750 1.144922 0.935547
v 4.755859 -0.825391 1.506250
v 4.755859 -0.825391 1.506250
v 4.755859 -0.825391 1.506250
v 4.755859 -0.825391 1.506250
v 0.885938 1.220703 -1.135938
v 0.885938 1.220703 -1.135938
v 0.885938 1.220703 -1.135938
v 0.885938 1.220703 -1.135938
v 0.885938 1.220703 -1.135938
v 0.885938 1.220703 -1.135938
v 4.653125 -0.746875 1.125000
v 4.653125 -0.746875 1.125000
v 4.653125 -0.746875 1.125000
v 4.653125 -0.746875 1.125000
v 4.653125 -0.746875 1.125000
v 0.885156 1.487891 -0.346484
v 0.885156 1.487891 -0.346484
v 0.885156 1.487891 -0.346484
v 0.885156 1.487891 -0.346484
v 0.885156 1.487891 -0.346484
v 4.612110 -0.814844 1.894531
v 4.612110 -0.814844 1.894531
v 4.612110 -0.814844 1.894531
v 4.612110 -0.814844 1.894531
v 4.612110 -0.814844 1.894531
v 0.064844 1.147266 -0.733203
v 0.064844 1.147266 -0.733203
v 0.064844 1.147266 -0.733203
v 0.064844 1.147266 -0.733203
v 0.064844 1.147266 -0.733203
v 0.064844 1.147266 -0.733203
v 3.863281 -0.311719 1.360937
v 3.863281 -0.311719 1.360937
v 3.863281 -0.311719 1.360937
v 3.863281 -0.311719 1.360937
v 0.866016 1.378516 1.241797
v 0.866016 1.378516 1.241797
v 0.866016 1.378516 1.241797
v 0.866016 1.378516 1.241797
v 0.866016 1.378516 1.241797
v 0.866016 1.378516 1.241797
v 3.873438 -0.326953 1.784375
v 3.873438 -0.326953 1.784375
v 3.873438 -0.326953 1.784375
v 3.873438 -0.326953 1.784375
v 0.883984 1.487891 0.593359
v 0.883984 1.487891 0.593359
v 0.883984 1.487891 0.593359
v 0.883984 1.487891 0.593359
v 0.883984 1.487891 0.593359
v 3.989844 -0.210547 1.805859
v 3.989844 -0.210547 1.805859
v 3.989844 -0.210547 1.805859
v 3.989844 -0.210547 1.805859
v 2.143359 1.511328 1.296875
v 2.143359 1.511328 1.296875
v 2.143359 1.511328 1.296875
v 2.143359 1.511328 1.296875
v 2.143359 1.511328 1.296875
v 4.171094 -0.036719 2.103125
v 4.171094 -0.036719 2.103125
v 4.171094 -0.036719 2.103125
v 4.171094 -0.036719 2.103125
v 4.171094 -0.036719 2.103125
v 4.171094 -0.036719 2.103125
v 4.171094 -0.036719 2.103125
v 2.094531 1.615234 0.857031
v 2.094531 1.615234 0.857031
v 2.094531 1.615234 0.857031
v 2.094531 1.615234 0.857031
v 2.094531 1.615234 0.857031
v 3.979297 -0.195703 1.369141
v 3.979297 -0.195703 1.369141
v 3.979297 -0.195703 1.369141
v 3.979297 -0.195703 1.369141
v 2.096875 1.500000 -1.048437
v 2.096875 1.500000 -1.048437
v 2.096875 1.500000 -1.048437
v 2.096875 1.500000 -1.048437
v 2.096875 1.500000 -1.048437
v 4.358203 0.110547 1.077344
v 4.358203 0.110547 1.077344
v 4.358203 0.110547 1.077344
v 4.358203 0.110547 1.077344
v 4.358203 0.110547 1.077344
v 4.358203 0.110547 1.077344
v 4.358203 0.110547 1.077344
v 2.096094 1.615234 -0.608594
v 2.096094 1.615234 -0.608594
v 2.096094 1.615234 -0.608594
v 2.096094 1.615234 -0.608594
v 2.096094 1.615234 -0.608594
v 4.878906 0.328516 1.603906
v 4.878906 0.328516 1.603906
v 4.878906 0.328516 1.603906
v 4.878906 0.328516 1.603906
v 2.191797 1.212891 1.863281
v 2.191797 1.212891 1.863281
v 2.191797 1.212891 1.863281
v 2.191797 1.212891 1.863281
v 2.191797 1.212891 1.863281
v 2.191797 1.212891 1.863281
v 4.680860 0.298438 1.228906
v 4.680860 0.298438 1.228906
v 4.680860 0.298438 1.228906
v 4.680860 0.298438 1.228906
v 0.785547 0.615625 1.919531
v 0.785547 0.615625 1.919531
v 0.785547 0.615625 1.919531
v 0.785547 0.615625 1.919531
v 0.785547 0.615625 1.919531
v 0.785547 0.615625 1.919531
v 4.980078 -0.167578 1.603516
v 4.980078 -0.167578 1.603516
v 4.980078 -0.167578 1.603516
v 4.980078 -0.167578 1.603516
v 2.097656 1.275000 -1.576563
v 2.097656 1.275000 -1.576563
v 2.097656 1.275000 -1.576563
v 2.097656 1.275000 -1.576563
v 2.097656 1.275000 -1.576563
v 2.097656 1.275000 -1.576563
v 4.796484 -0.185156 1.210547
v 4.796484 -0.185156 1.210547
v 4.796484 -0.185156 1.210547
v 4.796484 -0.185156 1.210547
v 4.796484 -0.185156 1.210547
v 3.191016 1.235156 -1.713281
v 3.191016 1.235156 -1.713281
v 3.191016 1.235156 -1.713281
v 3.191016 1.235156 -1.713281
v 3.191016 1.235156 -1.713281
v 4.712110 0.161328 2.015625
v 4.712110 0.161328 2.015625
v 4.712110 0.161328 2.015625
v 4.712110 0.161328 2.015625
v 3.364844 1.381250 -1.141797
v 3.364844 1.381250 -1.141797
v 3.364844 1.381250 -1.141797
v 3.364844 1.381250 -1.141797
v 3.364844 1.381250 -1.141797
v 4.808594 -0.258984 1.993359
v 4.808594 -0.258984 1.993359
v 4.808594 -0.258984 1.993359
v 4.808594 -0.258984 1.993359
v 4.808594 -0.258984 1.993359
v 3.048438 0.811719 2.101562
v 3.048438 0.811719 2.101562
v 3.048438 0.811719 2.101562
v 3.048438 0.811719 2.101562
v 3.048438 0.811719 2.101562
v 3.048438 0.811719 2.101562
v 4.546484 0.725781 1.609375
v 4.546484 0.725781 1.609375
v 4.546484 0.725781 1.609375
v 4.546484 0.725781 1.609375
v 3.109766 1.140234 1.942188
v 3.109766 1.140234 1.942188
v 3.109766 1.140234 1.942188
v 3.109766 1.140234 1.942188
v 3.109766 1.140234 1.942188
v 4.440625 0.666016 1.235937
v 4.440625 0.666016 1.235937
v 4.440625 0.666016 1.235937
v 4.440625 0.666016 1.235937
v 4.440625 0.666016 1.235937
v 3.653906 0.787109 2.025000
v 3.653906 0.787109 2.025000
v 3.653906 0.787109 2.025000
v 3.653906 0.787109 2.025000
v 3.653906 0.787109 2.025000
v 4.459766 0.475781 2.039453
v 4.459766 0.475781 2.039453
v 4.459766 0.475781 2.039453
v 4.459766 0.475781 2.039453
v 4.459766 0.475781 2.039453
v 3.878906 1.090234 1.649609
v 3.878906 1.090234 1.649609
v 3.878906 1.090234 1.649609
v 3.878906 1.090234 1.649609
v 3.878906 1.090234 1.649609
v 2.805469 -0.756641 1.731250
v 2.805469 -0.756641 1.731250
v 2.805469 -0.756641 1.731250
v 2.805469 -0.756641 1.731250
v 2.805469 -0.756641 1.731250
v 2.805469 -0.756641 1.731250
v 1.435547 -0.538672 2.153516
v 1.435547 -0.538672 2.153516
v 1.435547 -0.538672 2.153516
v 1.435547 -0.538672 2.153516
v 1.435547 -0.538672 2.153516
v 2.780469 -0.721094 1.371094
v 2.780469 -0.721094 1.371094
v 2.780469 -0.721094 1.371094
v 2.780469 -0.721094 1.371094
v 2.780469 -0.721094 1.371094
v 2.780469 -0.721094 1.371094
v 2.208203 -0.580078 2.144141
v 2.208203 -0.580078 2.144141
v 2.208203 -0.580078 2.144141
v 2.208203 -0.580078 2.144141
v 2.834375 -0.420312 1.593359
v 2.834375 -0.420312 1.593359
v 2.834375 -0.420312 1.593359
v 2.834375 -0.420312 1.593359
v 2.202734 0.217969 2.238281
v 2.202734 0.217969 2.238281
v 2.202734 0.217969 2.238281
v 2.202734 0.217969 2.238281
v 2.202734 0.217969 2.238281
v 2.202734 0.217969 2.238281
v 4.585547 -0.021875 1.131641
v 4.585547 -0.021875 1.131641
v 4.585547 -0.021875 1.131641
v 4.585547 -0.021875 1.131641
v 4.585547 -0.021875 1.131641
v 4.585547 -0.021875 1.131641
v 2.542578 -0.560156 2.039062
v 2.542578 -0.560156 2.039062
v 2.542578 -0.560156 2.039062
v 2.542578 -0.560156 2.039062
v 2.542578 -0.560156 2.039062
v 4.155469 -0.389453 2.065625
v 4.155469 -0.389453 2.065625
v 4.155469 -0.389453 2.065625
v 4.155469 -0.389453 2.065625
v 4.155469 -0.389453 2.065625
v 4.155469 -0.389453 2.065625
v 2.733203 0.188672 2.213672
v 2.733203 0.188672 2.213672
v 2.733203 0.188672 2.213672
v 2.733203 0.188672 2.213672
v 3.852344 -0.035547 1.364844
v 3.852344 -0.035547 1.364844
v 3.852344 -0.035547 1.364844
v 3.852344 -0.035547 1.364844
v 3.020313 0.201563 2.124219
v 3.020313 0.201563 2.124219
v 3.020313 0.201563 2.124219
v 3.020313 0.201563 2.124219
v 3.870703 -0.048828 1.794141
v 3.870703 -0.048828 1.794141
v 3.870703 -0.048828 1.794141
v 3.870703 -0.048828 1.794141
v 3.102734 -0.419141 1.946094
v 3.102734 -0.419141 1.946094
v 3.102734 -0.419141 1.946094
v 3.102734 -0.419141 1.946094
v 3.600000 -0.175781 1.807422
v 3.600000 -0.175781 1.807422
v 3.600000 -0.175781 1.807422
v 3.600000 -0.175781 1.807422
v 3.600000 -0.175781 1.807422
v 3.600000 -0.175781 1.807422
v 3.535938 -0.298828 -1.688672
v 3.535938 -0.298828 -1.688672
v 3.535938 -0.298828 -1.688672
v 3.535938 -0.298828 -1.688672
v 3.535938 -0.298828 -1.688672
v 3.535938 -0.298828 -1.688672
v 3.011719 -0.458984 -1.906641
v 3.011719 -0.458984 -1.906641
v 3.011719 -0.458984 -1.906641
v 3.011719 -0.458984 -1.906641
v 3.011719 -0.458984 -1.906641
v 3.011719 -0.458984 -1.906641
v 3.028516 0.142578 -2.055859
v 3.028516 0.142578 -2.055859
v 3.028516 0.142578 -2.055859
v 3.028516 0.142578 -2.055859
v 2.598438 0.126563 -2.107422
v 2.598438 0.126563 -2.107422
v 2.598438 0.126563 -2.107422
v 2.598438 0.126563 -2.107422
v 2.598438 0.126563 -2.107422
v 2.598438 0.126563 -2.107422
v 2.598438 0.126563 -2.107422
v 2.446875 -0.644531 -1.894922
v 2.446875 -0.644531 -1.894922
v 2.446875 -0.644531 -1.894922
v 2.446875 -0.644531 -1.894922
v 2.446875 -0.644531 -1.894922
v 2.553516 -1.007812 1.448438
v 2.553516 -1.007812 1.448438
v 2.553516 -1.007812 1.448438
v 2.553516 -1.007812 1.448438
v 2.553516 -1.007812 1.448438
v 2.973047 -0.615234 1.444141
v 2.973047 -0.615234 1.444141
v 2.973047 -0.615234 1.444141
v 2.973047 -0.615234 1.444141
v 2.973047 -0.615234 1.444141
v 2.973047 -0.615234 1.444141
v 2.973047 -0.615234 1.444141
v 3.102734 0.931641 -1.969141
v 3.102734 0.931641 -1.969141
v 3.102734 0.931641 -1.969141
v 3.102734 0.931641 -1.969141
v 3.102734 0.931641 -1.969141
v 3.102734 0.931641 -1.969141
v 3.525000 -0.246484 0.179297
v 3.525000 -0.246484 0.179297
v 3.525000 -0.246484 0.179297
v 3.525000 -0.246484 0.179297
v 3.525000 -0.246484 0.179297
v 3.619922 0.403906 0.189063
v 3.619922 0.403906 0.189063
v 3.619922 0.403906 0.189063
v 3.619922 0.403906 0.189063
v 3.619922 0.403906 0.189063
v 3.619922 0.403906 0.189063
v 3.619922 0.403906 0.189063
v 3.619922 0.403906 0.189063
v 3.619922 0.403906 0.189063
v 3.619922 0.403906 0.189063
v 3.821875 1.144141 0.203516
v 3.821875 1.144141 0.203516
v 3.821875 1.144141 0.203516
v 3.821875 1.144141 0.203516
v 3.821875 1.144141 0.203516
v 3.621485 0.967969 -1.922266
v 3.621485 0.967969 -1.922266
v 3.621485 0.967969 -1.922266
v 3.621485 0.967969 -1.922266
v 3.621485 0.967969 -1.922266
v 2.532813 -0.930859 -0.058594
v 2.532813 -0.930859 -0.058594
v 2.532813 -0.930859 -0.058594
v 2.532813 -0.930859 -0.058594
v 2.532813 -0.930859 -0.058594
v 2.475781 -0.994141 -1.433594
v 2.475781 -0.994141 -1.433594
v 2.475781 -0.994141 -1.433594
v 2.475781 -0.994141 -1.433594
v 2.475781 -0.994141 -1.433594
v 2.475781 -0.994141 -1.433594
v 3.037891 -0.694531 -1.412500
v 3.037891 -0.694531 -1.412500
v 3.037891 -0.694531 -1.412500
v 3.037891 -0.694531 -1.412500
v 3.037891 -0.694531 -1.412500
v 3.037891 -0.694531 -1.412500
v 3.206250 1.395703 1.441797
v 3.206250 1.395703 1.441797
v 3.206250 1.395703 1.441797
v 3.206250 1.395703 1.441797
v 3.206250 1.395703 1.441797
v 2.032813 -1.126172 1.490234
v 2.032813 -1.126172 1.490234
v 2.032813 -1.126172 1.490234
v 2.032813 -1.126172 1.490234
v 2.032813 -1.126172 1.490234
v 2.379688 -0.961328 -0.016797
v 2.379688 -0.961328 -0.016797
v 2.379688 -0.961328 -0.016797
v 2.379688 -0.961328 -0.016797
v 2.379688 -0.961328 -0.016797
v 1.460547 -1.150000 1.378516
v 1.460547 -1.150000 1.378516
v 1.460547 -1.150000 1.378516
v 1.460547 -1.150000 1.378516
v 1.430469 -1.230469 0.141406
v 1.430469 -1.230469 0.141406
v 1.430469 -1.230469 0.141406
v 1.430469 -1.230469 0.141406
v 1.430469 -1.230469 0.141406
v 1.430469 -1.230469 0.141406
v 1.999609 -1.479688 -0.581250
v 1.999609 -1.479688 -0.581250
v 1.999609 -1.479688 -0.581250
v 1.999609 -1.479688 -0.581250
v 1.999609 -1.479688 -0.581250
v 1.999609 -1.479688 -0.581250
v 0.724609 -1.110937 1.204687
v 0.724609 -1.110937 1.204687
v 0.724609 -1.110937 1.204687
v 0.724609 -1.110937 1.204687
v 0.723437 -0.499219 1.919531
v 0.723437 -0.499219 1.919531
v 0.723437 -0.499219 1.919531
v 0.723437 -0.499219 1.919531
v 0.725781 -1.058203 0.141016
v 0.725781 -1.058203 0.141016
v 0.725781 -1.058203 0.141016
v 0.725781 -1.058203 0.141016
v 0.725781 -1.058203 0.141016
v 0.686328 0.634766 -1.694922
v 0.686328 0.634766 -1.694922
v 0.686328 0.634766 -1.694922
v 0.686328 0.634766 -1.694922
v 0.686328 0.634766 -1.694922
v 0.686328 0.634766 -1.694922
v 0.686328 0.634766 -1.694922
v 0.686328 0.634766 -1.694922
v 0.128516 0.585156 1.585156
v 0.128516 0.585156 1.585156
v 0.128516 0.585156 1.585156
v 0.128516 0.585156 1.585156
v 0.128516 0.585156 1.585156
v 0.128516 0.585156 1.585156
v 0.067578 -0.912109 1.077734
v 0.067578 -0.912109 1.077734
v 0.067578 -0.912109 1.077734
v 0.067578 -0.912109 1.077734
v 0.066797 -0.232031 1.585156
v 0.066797 -0.232031 1.585156
v 0.066797 -0.232031 1.585156
v 0.066797 -0.232031 1.585156
v 0.066797 -0.232031 1.585156
v 0.038672 -1.028906 0.140234
v 0.038672 -1.028906 0.140234
v 0.038672 -1.028906 0.140234
v 0.038672 -1.028906 0.140234
v 0.038672 -1.028906 0.140234
v 0.038672 -1.028906 0.140234
v 0.040234 -0.912109 -0.956641
v 0.040234 -0.912109 -0.956641
v 0.040234 -0.912109 -0.956641
v 0.040234 -0.912109 -0.956641
v 0.040234 -0.912109 -0.956641
v -0.063672 -0.155469 -1.265234
v -0.063672 -0.155469 -1.265234
v -0.063672 -0.155469 -1.265234
v -0.063672 -0.155469 -1.265234
v -0.063672 -0.155469 -1.265234
v -0.063672 -0.155469 -1.265234
v 0.042188 0.684375 -1.297266
v 0.042188 0.684375 -1.297266
v 0.042188 0.684375 -1.297266
v 0.042188 0.684375 -1.297266
v 0.042188 0.684375 -1.297266
v 0.042188 0.684375 -1.297266
v -0.339453 0.779688 0.566797
v -0.339453 0.779688 0.566797
v -0.339453 0.779688 0.566797
v -0.339453 0.779688 0.566797
v -0.339453 0.779688 0.566797
v -0.339453 0.779688 0.566797
v -0.300000 0.178516 1.107422
v -0.300000 0.178516 1.107422
v -0.300000 0.178516 1.107422
v -0.300000 0.178516 1.107422
v -0.300000 0.178516 1.107422
v -0.330859 -0.508984 -0.431641
v -0.330859 -0.508984 -0.431641
v -0.330859 -0.508984 -0.431641
v -0.330859 -0.508984 -0.431641
v -0.330859 -0.508984 -0.431641
v -0.330859 -0.508984 -0.431641
v -0.337109 0.779688 -0.431641
v -0.337109 0.779688 -0.431641
v -0.337109 0.779688 -0.431641
v -0.337109 0.779688 -0.431641
v -0.337109 0.779688 -0.431641
v 2.094922 1.667969 0.417188
v 2.094922 1.667969 0.417188
v 2.094922 1.667969 0.417188
v 2.094922 1.667969 0.417188
v 2.094922 1.667969 0.417188
v 3.328906 1.471094 1.050781
v 3.328906 1.471094 1.050781
v 3.328906 1.471094 1.050781
v 3.328906 1.471094 1.050781
v 3.328906 1.471094 1.050781
v 3.446875 1.547656 0.365625
v 3.446875 1.547656 0.365625
v 3.446875 1.547656 0.365625
v 3.446875 1.547656 0.365625
v 3.446875 1.547656 0.365625
v 3.328906 1.473047 -0.742969
v 3.328906 1.473047 -0.742969
v 3.328906 1.473047 -0.742969
v 3.328906 1.473047 -0.742969
v 3.328906 1.473047 -0.742969
v 2.095703 1.667969 -0.168750
v 2.095703 1.667969 -0.168750
v 2.095703 1.667969 -0.168750
v 2.095703 1.667969 -0.168750
v 2.095703 1.667969 -0.168750
v 3.446875 1.547656 -0.025391
v 3.446875 1.547656 -0.025391
v 3.446875 1.547656 -0.025391
v 3.446875 1.547656 -0.025391
v 3.446875 1.547656 -0.025391
v 3.712891 0.282031 -0.878125
v 3.712891 0.282031 -0.878125
v 3.712891 0.282031 -0.878125
v 3.712891 0.282031 -0.878125
v 3.712891 0.282031 -0.878125
v 3.712891 0.282031 -0.878125
v 3.712891 0.282031 -0.878125
v 3.712891 0.282031 -0.878125
v 3.712891 0.282031 -0.878125
v 3.712891 0.282031 -0.878125
v 3.742578 1.072656 -0.972266
v 3.742578 1.072656 -0.972266
v 3.742578 1.072656 -0.972266
v 3.742578 1.072656 -0.972266
v 3.742578 1.072656 -0.972266
v 3.742578 1.072656 -0.972266
v 3.521875 0.222266 -2.031641
v 3.521875 0.222266 -2.031641
v 3.521875 0.222266 -2.031641
v 3.521875 0.222266 -2.031641
v 3.521875 0.222266 -2.031641
v 3.528906 -0.277344 -1.139844
v 3.528906 -0.277344 -1.139844
v 3.528906 -0.277344 -1.139844
v 3.528906 -0.277344 -1.139844
v 3.528906 -0.277344 -1.139844
v 3.528906 -0.277344 -1.139844
v 3.710938 0.283984 2.058594
v 3.710938 0.283984 2.058594
v 3.710938 0.283984 2.058594
v 3.710938 0.283984 2.058594
v 3.710938 0.283984 2.058594
v 3.594141 -0.162109 1.401172
v 3.594141 -0.162109 1.401172
v 3.594141 -0.162109 1.401172
v 3.594141 -0.162109 1.401172
v 3.594141 -0.162109 1.401172
v 3.594141 -0.162109 1.401172
v 3.689844 0.316016 1.185547
v 3.689844 0.316016 1.185547
v 3.689844 0.316016 1.185547
v 3.689844 0.316016 1.185547
v 3.689844 0.316016 1.185547
v 3.689844 0.316016 1.185547
v 3.689844 0.316016 1.185547
v 3.689844 0.316016 1.185547
v 3.689844 0.316016 1.185547
v 3.689844 0.316016 1.185547
v 3.723047 1.042578 1.235937
v 3.723047 1.042578 1.235937
v 3.723047 1.042578 1.235937
v 3.723047 1.042578 1.235937
v 3.723047 1.042578 1.235937
v 3.723047 1.042578 1.235937
v 3.797266 1.156250 1.092578
v 3.797266 1.156250 1.092578
v 3.797266 1.156250 1.092578
v 3.797266 1.156250 1.092578
v 3.797266 1.156250 1.092578
v 3.797266 1.156250 1.092578
v 3.500000 -0.339063 0.417578
v 3.500000 -0.339063 0.417578
v 3.500000 -0.339063 0.417578
v 3.500000 -0.339063 0.417578
v 3.500000 -0.339063 0.417578
v 3.500000 -0.339063 0.417578
v 3.471875 -0.339453 0.832422
v 3.471875 -0.339453 0.832422
v 3.471875 -0.339453 0.832422
v 3.471875 -0.339453 0.832422
v 3.471875 -0.339453 0.832422
v 3.471875 -0.339453 0.832422
v 3.795703 1.214844 0.100391
v 3.795703 1.214844 0.100391
v 3.795703 1.214844 0.100391
v 3.795703 1.214844 0.100391
v 3.795703 1.214844 0.100391
v 3.485547 -0.204688 -0.663672
v 3.485547 -0.204688 -0.663672
v 3.485547 -0.204688 -0.663672
v 3.485547 -0.204688 -0.663672
v 3.485547 -0.204688 -0.663672
v 3.485547 -0.204688 -0.663672
v 3.787500 1.223828 -0.827344
v 3.787500 1.223828 -0.827344
v 3.787500 1.223828 -0.827344
v 3.787500 1.223828 -0.827344
v 3.787500 1.223828 -0.827344
v 3.787500 1.223828 -0.827344
v 3.486719 -0.214062 -0.086719
v 3.486719 -0.214062 -0.086719
v 3.486719 -0.214062 -0.086719
v 3.486719 -0.214062 -0.086719
v 3.486719 -0.214062 -0.086719
v 3.486719 -0.214062 -0.086719
v 3.966797 1.189453 -1.490625
v 3.966797 1.189453 -1.490625
v 3.966797 1.189453 -1.490625
v 3.966797 1.189453 -1.490625
v 3.966797 1.189453 -1.490625
v 3.326172 1.241406 1.213672
v 3.326172 1.241406 1.213672
v 3.326172 1.241406 1.213672
v 3.326172 1.241406 1.213672
v 3.326172 1.241406 1.213672
v 3.326172 1.241406 1.213672
v 3.326172 1.241406 1.213672
v 3.447266 1.366016 0.169922
v 3.447266 1.366016 0.169922
v 3.447266 1.366016 0.169922
v 3.447266 1.366016 0.169922
v 3.447266 1.366016 0.169922
v 3.447266 1.366016 0.169922
v 3.447266 1.366016 0.169922
v 3.329688 1.241016 -0.938672
v 3.329688 1.241016 -0.938672
v 3.329688 1.241016 -0.938672
v 3.329688 1.241016 -0.938672
v 3.329688 1.241016 -0.938672
v 3.329688 1.241016 -0.938672
v 3.329688 1.241016 -0.938672
v 3.526953 0.457031 1.175000
v 3.526953 0.457031 1.175000
v 3.526953 0.457031 1.175000
v 3.526953 0.457031 1.175000
v 3.563281 -0.175000 1.169922
v 3.563281 -0.175000 1.169922
v 3.563281 -0.175000 1.169922
v 3.563281 -0.175000 1.169922
v 3.563281 -0.175000 1.169922
v 3.513281 0.959375 -0.891797
v 3.513281 0.959375 -0.891797
v 3.513281 0.959375 -0.891797
v 3.513281 0.959375 -0.891797
v 3.242969 -0.516797 -0.931250
v 3.242969 -0.516797 -0.931250
v 3.242969 -0.516797 -0.931250
v 3.242969 -0.516797 -0.931250
v 3.242969 -0.516797 -0.931250
v 3.987891 1.282031 0.662500
v 3.987891 1.282031 0.662500
v 3.987891 1.282031 0.662500
v 3.987891 1.282031 0.662500
v 3.987891 1.282031 0.662500
v 3.001172 -0.657422 0.899219
v 3.001172 -0.657422 0.899219
v 3.001172 -0.657422 0.899219
v 3.001172 -0.657422 0.899219
v 3.001172 -0.657422 0.899219
v 2.991016 -0.720313 0.442969
v 2.991016 -0.720313 0.442969
v 2.991016 -0.720313 0.442969
v 2.991016 -0.720313 0.442969
v 2.991016 -0.720313 0.442969
v 4.080860 1.323047 -0.358203
v 4.080860 1.323047 -0.358203
v 4.080860 1.323047 -0.358203
v 4.080860 1.323047 -0.358203
v 4.080860 1.323047 -0.358203
v 3.016016 -0.841016 -0.089063
v 3.016016 -0.841016 -0.089063
v 3.016016 -0.841016 -0.089063
v 3.016016 -0.841016 -0.089063
v 3.016016 -0.841016 -0.089063
v 3.019922 -0.851562 -0.678125
v 3.019922 -0.851562 -0.678125
v 3.019922 -0.851562 -0.678125
v 3.019922 -0.851562 -0.678125
v 3.019922 -0.851562 -0.678125
v 3.019922 -0.851562 -0.678125
v 2.136328 0.169531 -2.158203
v 2.136328 0.169531 -2.158203
v 2.136328 0.169531 -2.158203
v 2.136328 0.169531 -2.158203
v 2.136328 0.169531 -2.158203
v 0.183203 -0.553516 -1.527734
v 0.183203 -0.553516 -1.527734
v 0.183203 -0.553516 -1.527734
v 0.183203 -0.553516 -1.527734
v 0.183203 -0.553516 -1.527734
v 1.414844 -1.661719 -0.665234
v 1.414844 -1.661719 -0.665234
v 1.414844 -1.661719 -0.665234
v 1.414844 -1.661719 -0.665234
v 0.735938 -1.581641 -0.833984
v 0.735938 -1.581641 -0.833984
v 0.735938 -1.581641 -0.833984
v 0.735938 -1.581641 -0.833984
v 0.355469 -1.278906 -0.931641
v 0.355469 -1.278906 -0.931641
v 0.355469 -1.278906 -0.931641
v 0.355469 -1.278906 -0.931641
v 0.355469 -1.278906 -0.931641
v 0.434766 -0.859375 -1.755078
v 0.434766 -0.859375 -1.755078
v 0.434766 -0.859375 -1.755078
v 0.434766 -0.859375 -1.755078
v 0.434766 -0.859375 -1.755078
v 0.802344 -0.107031 -2.022656
v 0.802344 -0.107031 -2.022656
v 0.802344 -0.107031 -2.022656
v 0.802344 -0.107031 -2.022656
v 0.802344 -0.107031 -2.022656
v 0.802344 -0.107031 -2.022656
v 0.802344 -0.107031 -2.022656
v -0.334766 -0.512500 0.597266
v -0.334766 -0.512500 0.597266
v -0.334766 -0.512500 0.597266
v -0.334766 -0.512500 0.597266
v -0.334766 -0.512500 0.597266
v -0.334766 -0.512500 0.597266
v -0.296875 0.178516 -0.975781
v -0.296875 0.178516 -0.975781
v -0.296875 0.178516 -0.975781
v -0.296875 0.178516 -0.975781
v -0.296875 0.178516 -0.975781
v -0.501953 0.192969 -0.431641
v -0.501953 0.192969 -0.431641
v -0.501953 0.192969 -0.431641
v -0.501953 0.192969 -0.431641
v -0.504687 0.191406 0.581641
v -0.504687 0.191406 0.581641
v -0.504687 0.191406 0.581641
v -0.504687 0.191406 0.581641
v 2.112500 0.844141 -1.953516
v 2.112500 0.844141 -1.953516
v 2.112500 0.844141 -1.953516
v 2.112500 0.844141 -1.953516
v 2.112500 0.844141 -1.953516
v 2.112500 0.844141 -1.953516
v 1.380078 0.340234 -2.032031
v 1.380078 0.340234 -2.032031
v 1.380078 0.340234 -2.032031
v 1.380078 0.340234 -2.032031
v 1.380078 0.340234 -2.032031
v 2.539844 -1.107422 -0.673438
v 2.539844 -1.107422 -0.673438
v 2.539844 -1.107422 -0.673438
v 2.539844 -1.107422 -0.673438
v 2.389453 -1.138281 -0.616406
v 2.389453 -1.138281 -0.616406
v 2.389453 -1.138281 -0.616406
v 2.389453 -1.138281 -0.616406
v 6.839453 -1.045313 -1.290234
v 6.839453 -1.045313 -1.290234
v 6.839453 -1.045313 -1.290234
v 6.839453 -1.045313 -1.290234
v 6.726562 -0.637109 -1.229297
v 6.726562 -0.637109 -1.229297
v 6.726562 -0.637109 -1.229297
v 6.726562 -0.637109 -1.229297
v 6.726562 -0.637109 -1.229297
v 6.275781 -1.191016 -1.119531
v 6.275781 -1.191016 -1.119531
v 6.275781 -1.191016 -1.119531
v 6.275781 -1.191016 -1.119531
v 6.275781 -1.191016 -1.119531
v 5.890234 -1.455078 -1.303516
v 5.890234 -1.455078 -1.303516
v 5.890234 -1.455078 -1.303516
v 5.890234 -1.455078 -1.303516
v 5.890234 -1.455078 -1.303516
v 6.134375 -1.285547 -2.014063
v 6.134375 -1.285547 -2.014063
v 6.134375 -1.285547 -2.014063
v 6.134375 -1.285547 -2.014063
v 6.134375 -1.285547 -2.014063
v 5.824219 -1.499219 -1.720703
v 5.824219 -1.499219 -1.720703
v 5.824219 -1.499219 -1.720703
v 5.824219 -1.499219 -1.720703
v 5.824219 -1.499219 -1.720703
v 6.735157 -1.115234 -1.950781
v 6.735157 -1.115234 -1.950781
v 6.735157 -1.115234 -1.950781
v 6.735157 -1.115234 -1.950781
v 6.612891 -0.721094 -2.052344
v 6.612891 -0.721094 -2.052344
v 6.612891 -0.721094 -2.052344
v 6.612891 -0.721094 -2.052344
v 6.612891 -0.721094 -2.052344
v 6.880859 -0.649609 -1.682031
v 6.880859 -0.649609 -1.682031
v 6.880859 -0.649609 -1.682031
v 6.880859 -0.649609 -1.682031
v 6.968750 -1.067188 -1.632031
v 6.968750 -1.067188 -1.632031
v 6.968750 -1.067188 -1.632031
v 6.968750 -1.067188 -1.632031
v 6.968750 -1.067188 -1.632031
v 5.421875 -1.081250 -1.275391
v 5.421875 -1.081250 -1.275391
v 5.421875 -1.081250 -1.275391
v 5.421875 -1.081250 -1.275391
v 6.142969 -0.594922 -1.066406
v 6.142969 -0.594922 -1.066406
v 6.142969 -0.594922 -1.066406
v 6.142969 -0.594922 -1.066406
v 6.142969 -0.594922 -1.066406
v 6.142969 -0.594922 -1.066406
v 5.355859 -1.125391 -1.692969
v 5.355859 -1.125391 -1.692969
v 5.355859 -1.125391 -1.692969
v 5.355859 -1.125391 -1.692969
v 5.852735 -0.737500 -2.059375
v 5.852735 -0.737500 -2.059375
v 5.852735 -0.737500 -2.059375
v 5.852735 -0.737500 -2.059375
v 5.852735 -0.737500 -2.059375
v 5.852735 -0.737500 -2.059375
v 6.401953 -0.060547 -1.691797
v 6.401953 -0.060547 -1.691797
v 6.401953 -0.060547 -1.691797
v 6.401953 -0.060547 -1.691797
v 6.206641 -0.260938 -2.092578
v 6.206641 -0.260938 -2.092578
v 6.206641 -0.260938 -2.092578
v 6.206641 -0.260938 -2.092578
v 6.324219 -0.208984 -1.225391
v 6.324219 -0.208984 -1.225391
v 6.324219 -0.208984 -1.225391
v 6.324219 -0.208984 -1.225391
v 6.027734 0.258594 -1.696094
v 6.027734 0.258594 -1.696094
v 6.027734 0.258594 -1.696094
v 6.027734 0.258594 -1.696094
v 5.812891 0.068359 -2.104687
v 5.812891 0.068359 -2.104687
v 5.812891 0.068359 -2.104687
v 5.812891 0.068359 -2.104687
v 5.812891 0.068359 -2.104687
v 5.978516 0.128906 -1.215625
v 5.978516 0.128906 -1.215625
v 5.978516 0.128906 -1.215625
v 5.978516 0.128906 -1.215625
v 5.978516 0.128906 -1.215625
v 5.082422 -0.662891 -1.719922
v 5.082422 -0.662891 -1.719922
v 5.082422 -0.662891 -1.719922
v 5.082422 -0.662891 -1.719922
v 5.122656 -0.635938 -1.287109
v 5.122656 -0.635938 -1.287109
v 5.122656 -0.635938 -1.287109
v 5.122656 -0.635938 -1.287109
v 4.469141 -0.342578 -1.199609
v 4.469141 -0.342578 -1.199609
v 4.469141 -0.342578 -1.199609
v 4.469141 -0.342578 -1.199609
v 4.576953 0.241016 -0.932031
v 4.576953 0.241016 -0.932031
v 4.576953 0.241016 -0.932031
v 4.576953 0.241016 -0.932031
v 4.576953 0.241016 -0.932031
v 4.576953 0.241016 -0.932031
v 4.576953 0.241016 -0.932031
v 4.368360 -0.378906 -1.676953
v 4.368360 -0.378906 -1.676953
v 4.368360 -0.378906 -1.676953
v 4.368360 -0.378906 -1.676953
v 4.380078 0.163672 -2.038672
v 4.380078 0.163672 -2.038672
v 4.380078 0.163672 -2.038672
v 4.380078 0.163672 -2.038672
v 4.380078 0.163672 -2.038672
v 4.380078 0.163672 -2.038672
v 4.380078 0.163672 -2.038672
v 4.937891 0.914844 -1.591406
v 4.937891 0.914844 -1.591406
v 4.937891 0.914844 -1.591406
v 4.937891 0.914844 -1.591406
v 4.777734 0.678125 -2.048438
v 4.777734 0.678125 -2.048438
v 4.777734 0.678125 -2.048438
v 4.777734 0.678125 -2.048438
v 5.489844 0.616797 -1.662109
v 5.489844 0.616797 -1.662109
v 5.489844 0.616797 -1.662109
v 5.489844 0.616797 -1.662109
v 5.293750 0.380469 -2.081250
v 5.293750 0.380469 -2.081250
v 5.293750 0.380469 -2.081250
v 5.293750 0.380469 -2.081250
v 5.293750 0.380469 -2.081250
v 4.918359 0.710547 -1.114063
v 4.918359 0.710547 -1.114063
v 4.918359 0.710547 -1.114063
v 4.918359 0.710547 -1.114063
v 5.450781 0.503125 -1.178906
v 5.450781 0.503125 -1.178906
v 5.450781 0.503125 -1.178906
v 5.450781 0.503125 -1.178906
v 5.450781 0.503125 -1.178906
v 4.412891 1.073047 -1.538672
v 4.412891 1.073047 -1.538672
v 4.412891 1.073047 -1.538672
v 4.412891 1.073047 -1.538672
v 4.231250 0.880859 -1.982813
v 4.231250 0.880859 -1.982813
v 4.231250 0.880859 -1.982813
v 4.231250 0.880859 -1.982813
v 4.231250 0.880859 -1.982813
v 4.438282 0.916016 -1.062500
v 4.438282 0.916016 -1.062500
v 4.438282 0.916016 -1.062500
v 4.438282 0.916016 -1.062500
v 4.438282 0.916016 -1.062500
v 6.705078 -1.470703 -1.348438
v 6.705078 -1.470703 -1.348438
v 6.705078 -1.470703 -1.348438
v 6.705078 -1.470703 -1.348438
v 6.705078 -1.470703 -1.348438
v 6.705078 -1.470703 -1.348438
v 6.639062 -1.514844 -1.766016
v 6.639062 -1.514844 -1.766016
v 6.639062 -1.514844 -1.766016
v 6.639062 -1.514844 -1.766016
v 6.639062 -1.514844 -1.766016
v 6.639062 -1.514844 -1.766016
v 6.250782 -1.617969 -1.515625
v 6.250782 -1.617969 -1.515625
v 6.250782 -1.617969 -1.515625
v 6.250782 -1.617969 -1.515625
v 5.251953 -0.191797 -2.104297
v 5.251953 -0.191797 -2.104297
v 5.251953 -0.191797 -2.104297
v 5.251953 -0.191797 -2.104297
v 5.251953 -0.191797 -2.104297
v 5.251953 -0.191797 -2.104297
v 5.579688 -0.159766 -1.010547
v 5.579688 -0.159766 -1.010547
v 5.579688 -0.159766 -1.010547
v 5.579688 -0.159766 -1.010547
v 5.579688 -0.159766 -1.010547
v 5.579688 -0.159766 -1.010547
v 4.644922 -0.572266 -1.664062
v 4.644922 -0.572266 -1.664062
v 4.644922 -0.572266 -1.664062
v 4.644922 -0.572266 -1.664062
v 4.700000 -0.546875 -1.228516
v 4.700000 -0.546875 -1.228516
v 4.700000 -0.546875 -1.228516
v 4.700000 -0.546875 -1.228516
v 5.750782 -2.076953 -0.075000
v 5.750782 -2.076953 -0.075000
v 5.750782 -2.076953 -0.075000
v 5.750782 -2.076953 -0.075000
v 5.916797 -1.689062 0.010547
v 5.916797 -1.689062 0.010547
v 5.916797 -1.689062 0.010547
v 5.916797 -1.689062 0.010547
v 5.916797 -1.689062 0.010547
v 5.269531 -1.726953 0.109375
v 5.269531 -1.726953 0.109375
v 5.269531 -1.726953 0.109375
v 5.269531 -1.726953 0.109375
v 5.269531 -1.726953 0.109375
v 4.690625 -1.994531 -0.181641
v 4.690625 -1.994531 -0.181641
v 4.690625 -1.994531 -0.181641
v 4.690625 -1.994531 -0.181641
v 4.690625 -1.994531 -0.181641
v 5.094922 -1.801563 -0.900781
v 5.094922 -1.801563 -0.900781
v 5.094922 -1.801563 -0.900781
v 5.094922 -1.801563 -0.900781
v 5.094922 -1.801563 -0.900781
v 4.678516 -1.996875 -0.605078
v 4.678516 -1.996875 -0.605078
v 4.678516 -1.996875 -0.605078
v 4.678516 -1.996875 -0.605078
v 4.678516 -1.996875 -0.605078
v 5.732031 -2.080469 -0.740625
v 5.732031 -2.080469 -0.740625
v 5.732031 -2.080469 -0.740625
v 5.732031 -2.080469 -0.740625
v 5.899610 -1.694141 -0.803125
v 5.899610 -1.694141 -0.803125
v 5.899610 -1.694141 -0.803125
v 5.899610 -1.694141 -0.803125
v 5.899610 -1.694141 -0.803125
v 6.143750 -1.727734 -0.415234
v 6.143750 -1.727734 -0.415234
v 6.143750 -1.727734 -0.415234
v 6.143750 -1.727734 -0.415234
v 5.955860 -2.144531 -0.410156
v 5.955860 -2.144531 -0.410156
v 5.955860 -2.144531 -0.410156
v 5.955860 -2.144531 -0.410156
v 5.955860 -2.144531 -0.410156
v 4.555860 -1.478125 -0.192188
v 4.555860 -1.478125 -0.192188
v 4.555860 -1.478125 -0.192188
v 4.555860 -1.478125 -0.192188
v 5.209766 -1.287500 0.123828
v 5.209766 -1.287500 0.123828
v 5.209766 -1.287500 0.123828
v 5.209766 -1.287500 0.123828
v 5.209766 -1.287500 0.123828
v 5.209766 -1.287500 0.123828
v 4.540235 -1.478516 -0.616016
v 4.540235 -1.478516 -0.616016
v 4.540235 -1.478516 -0.616016
v 4.540235 -1.478516 -0.616016
v 5.123828 -1.308984 -0.932813
v 5.123828 -1.308984 -0.932813
v 5.123828 -1.308984 -0.932813
v 5.123828 -1.308984 -0.932813
v 5.123828 -1.308984 -0.932813
v 5.123828 -1.308984 -0.932813
v 6.127735 -1.216016 -0.420703
v 6.127735 -1.216016 -0.420703
v 6.127735 -1.216016 -0.420703
v 6.127735 -1.216016 -0.420703
v 5.876172 -1.191016 -0.842188
v 5.876172 -1.191016 -0.842188
v 5.876172 -1.191016 -0.842188
v 5.876172 -1.191016 -0.842188
v 5.867188 -1.212891 0.038672
v 5.867188 -1.212891 0.038672
v 5.867188 -1.212891 0.038672
v 5.867188 -1.212891 0.038672
v 6.055469 -0.650781 -0.405469
v 6.055469 -0.650781 -0.405469
v 6.055469 -0.650781 -0.405469
v 6.055469 -0.650781 -0.405469
v 5.845313 -0.735938 -0.832031
v 5.845313 -0.735938 -0.832031
v 5.845313 -0.735938 -0.832031
v 5.845313 -0.735938 -0.832031
v 5.845313 -0.735938 -0.832031
v 5.807031 -0.750391 0.058203
v 5.807031 -0.750391 0.058203
v 5.807031 -0.750391 0.058203
v 5.807031 -0.750391 0.058203
v 5.807031 -0.750391 0.058203
v 4.608594 -1.127734 -0.588281
v 4.608594 -1.127734 -0.588281
v 4.608594 -1.127734 -0.588281
v 4.608594 -1.127734 -0.588281
v 4.603516 -1.138672 -0.188672
v 4.603516 -1.138672 -0.188672
v 4.603516 -1.138672 -0.188672
v 4.603516 -1.138672 -0.188672
v 4.080469 -0.436719 -0.184766
v 4.080469 -0.436719 -0.184766
v 4.080469 -0.436719 -0.184766
v 4.080469 -0.436719 -0.184766
v 4.725000 -0.189453 0.166797
v 4.725000 -0.189453 0.166797
v 4.725000 -0.189453 0.166797
v 4.725000 -0.189453 0.166797
v 4.725000 -0.189453 0.166797
v 4.725000 -0.189453 0.166797
v 4.725000 -0.189453 0.166797
v 4.071485 -0.431250 -0.608203
v 4.071485 -0.431250 -0.608203
v 4.071485 -0.431250 -0.608203
v 4.071485 -0.431250 -0.608203
v 4.701562 -0.174609 -0.957812
v 4.701562 -0.174609 -0.957812
v 4.701562 -0.174609 -0.957812
v 4.701562 -0.174609 -0.957812
v 4.701562 -0.174609 -0.957812
v 4.701562 -0.174609 -0.957812
v 4.701562 -0.174609 -0.957812
v 5.486328 0.385938 -0.393359
v 5.486328 0.385938 -0.393359
v 5.486328 0.385938 -0.393359
v 5.486328 0.385938 -0.393359
v 5.298828 0.271875 -0.844922
v 5.298828 0.271875 -0.844922
v 5.298828 0.271875 -0.844922
v 5.298828 0.271875 -0.844922
v 5.814453 -0.071875 -0.415234
v 5.814453 -0.071875 -0.415234
v 5.814453 -0.071875 -0.415234
v 5.814453 -0.071875 -0.415234
v 5.666016 -0.176953 -0.855078
v 5.666016 -0.176953 -0.855078
v 5.666016 -0.176953 -0.855078
v 5.666016 -0.176953 -0.855078
v 5.666016 -0.176953 -0.855078
v 5.318750 0.259375 0.062109
v 5.318750 0.259375 0.062109
v 5.318750 0.259375 0.062109
v 5.318750 0.259375 0.062109
v 5.600391 -0.184375 0.051953
v 5.600391 -0.184375 0.051953
v 5.600391 -0.184375 0.051953
v 5.600391 -0.184375 0.051953
v 5.600391 -0.184375 0.051953
v 4.911719 0.935547 -0.382031
v 4.911719 0.935547 -0.382031
v 4.911719 0.935547 -0.382031
v 4.911719 0.935547 -0.382031
v 4.765234 0.807422 -0.854297
v 4.765234 0.807422 -0.854297
v 4.765234 0.807422 -0.854297
v 4.765234 0.807422 -0.854297
v 4.765234 0.807422 -0.854297
v 4.777344 0.798828 0.060938
v 4.777344 0.798828 0.060938
v 4.777344 0.798828 0.060938
v 4.777344 0.798828 0.060938
v 4.777344 0.798828 0.060938
v 5.380859 -2.355469 -0.187891
v 5.380859 -2.355469 -0.187891
v 5.380859 -2.355469 -0.187891
v 5.380859 -2.355469 -0.187891
v 5.380859 -2.355469 -0.187891
v 5.380859 -2.355469 -0.187891
v 5.368750 -2.357813 -0.611719
v 5.368750 -2.357813 -0.611719
v 5.368750 -2.357813 -0.611719
v 5.368750 -2.357813 -0.611719
v 5.368750 -2.357813 -0.611719
v 5.368750 -2.357813 -0.611719
v 4.919922 -2.277344 -0.394531
v 4.919922 -2.277344 -0.394531
v 4.919922 -2.277344 -0.394531
v 4.919922 -2.277344 -0.394531
v 4.885156 -0.676953 -0.961328
v 4.885156 -0.676953 -0.961328
v 4.885156 -0.676953 -0.961328
v 4.885156 -0.676953 -0.961328
v 4.885156 -0.676953 -0.961328
v 4.885156 -0.676953 -0.961328
v 5.037500 -0.652734 0.129297
v 5.037500 -0.652734 0.129297
v 5.037500 -0.652734 0.129297
v 5.037500 -0.652734 0.129297
v 5.037500 -0.652734 0.129297
v 5.037500 -0.652734 0.129297
v 4.285156 -0.827344 -0.615625
v 4.285156 -0.827344 -0.615625
v 4.285156 -0.827344 -0.615625
v 4.285156 -0.827344 -0.615625
v 4.280469 -0.839063 -0.199609
v 4.280469 -0.839063 -0.199609
v 4.280469 -0.839063 -0.199609
v 4.280469 -0.839063 -0.199609
v 4.041406 -1.751562 0.829297
v 4.041406 -1.751562 0.829297
v 4.041406 -1.751562 0.829297
v 4.041406 -1.751562 0.829297
v 4.646484 -1.689062 0.935938
v 4.646484 -1.689062 0.935938
v 4.646484 -1.689062 0.935938
v 4.646484 -1.689062 0.935938
v 4.646484 -1.689062 0.935938
v 3.637500 -1.404688 1.021875
v 3.637500 -1.404688 1.021875
v 3.637500 -1.404688 1.021875
v 3.637500 -1.404688 1.021875
v 3.637500 -1.404688 1.021875
v 3.367188 -1.182031 0.764063
v 3.367188 -1.182031 0.764063
v 3.367188 -1.182031 0.764063
v 3.367188 -1.182031 0.764063
v 3.367188 -1.182031 0.764063
v 3.725781 -1.344531 0.050781
v 3.725781 -1.344531 0.050781
v 3.725781 -1.344531 0.050781
v 3.725781 -1.344531 0.050781
v 3.725781 -1.344531 0.050781
v 3.393750 -1.183594 0.325391
v 3.393750 -1.183594 0.325391
v 3.393750 -1.183594 0.325391
v 3.393750 -1.183594 0.325391
v 3.393750 -1.183594 0.325391
v 4.025000 -1.849219 0.245703
v 4.025000 -1.849219 0.245703
v 4.025000 -1.849219 0.245703
v 4.025000 -1.849219 0.245703
v 4.675391 -1.683203 0.191016
v 4.675391 -1.683203 0.191016
v 4.675391 -1.683203 0.191016
v 4.675391 -1.683203 0.191016
v 4.675391 -1.683203 0.191016
v 4.755469 -1.806250 0.551562
v 4.755469 -1.806250 0.551562
v 4.755469 -1.806250 0.551562
v 4.755469 -1.806250 0.551562
v 4.121094 -1.912891 0.526172
v 4.121094 -1.912891 0.526172
v 4.121094 -1.912891 0.526172
v 4.121094 -1.912891 0.526172
v 4.121094 -1.912891 0.526172
v 3.681641 -0.950000 0.766406
v 3.681641 -0.950000 0.766406
v 3.681641 -0.950000 0.766406
v 3.681641 -0.950000 0.766406
v 4.650000 -1.164844 1.087109
v 4.650000 -1.164844 1.087109
v 4.650000 -1.164844 1.087109
v 4.650000 -1.164844 1.087109
v 4.650000 -1.164844 1.087109
v 4.650000 -1.164844 1.087109
v 3.700000 -0.943750 0.342969
v 3.700000 -0.943750 0.342969
v 3.700000 -0.943750 0.342969
v 3.700000 -0.943750 0.342969
v 4.505078 -1.063281 0.031641
v 4.505078 -1.063281 0.031641
v 4.505078 -1.063281 0.031641
v 4.505078 -1.063281 0.031641
v 4.505078 -1.063281 0.031641
v 4.505078 -1.063281 0.031641
vt 0.955088 0.383483
vt 0.939394 0.366303
vt 0.955089 0.382002
vt 0.939394 0.367784
vt 0.709104 0.471578
vt 0.694806 0.467526
vt 0.694806 0.474111
vt 0.709104 0.467526
vt 0.913108 0.478576
vt 0.897880 0.474175
vt 0.913108 0.471535
vt 0.897880 0.478576
vt 0.964882 0.478576
vt 0.949654 0.474175
vt 0.964882 0.471535
vt 0.949654 0.478576
vt 0.680507 0.479682
vt 0.694806 0.483734
vt 0.694806 0.477150
vt 0.680507 0.483734
vt 0.709104 0.479682
vt 0.694806 0.483734
vt 0.709104 0.483734
vt 0.694806 0.477150
vt 0.680507 0.487786
vt 0.694806 0.483734
vt 0.680507 0.483734
vt 0.694806 0.487598
vt 0.830878 0.463614
vt 0.815651 0.470215
vt 0.815651 0.463614
vt 0.830878 0.468014
vt 0.846106 0.463614
vt 0.830878 0.468014
vt 0.830878 0.463614
vt 0.846106 0.468014
vt 0.846106 0.468014
vt 0.861334 0.463614
vt 0.861334 0.470215
vt 0.846106 0.463614
vt 0.709104 0.487786
vt 0.694806 0.483734
vt 0.694806 0.487598
vt 0.709104 0.483734
vt 0.964882 0.478576
vt 0.949654 0.489138
vt 0.949654 0.478576
vt 0.964882 0.482096
vt 0.919199 0.478576
vt 0.934427 0.489138
vt 0.919199 0.482096
vt 0.934427 0.478576
vt 0.694806 0.493169
vt 0.680507 0.487786
vt 0.680507 0.493169
vt 0.694806 0.487598
vt 0.694806 0.493169
vt 0.709104 0.487786
vt 0.694806 0.487598
vt 0.709104 0.493169
vt 0.930627 0.424818
vt 0.886373 0.437302
vt 0.907817 0.437183
vt 0.868795 0.425092
vt 0.655088 0.471578
vt 0.640790 0.467526
vt 0.640790 0.474111
vt 0.655088 0.467526
vt 0.626491 0.471578
vt 0.640790 0.467526
vt 0.626491 0.467526
vt 0.640790 0.474111
vt 0.655088 0.463474
vt 0.640790 0.467526
vt 0.655088 0.467526
vt 0.640790 0.460942
vt 0.680507 0.463474
vt 0.694806 0.467526
vt 0.694806 0.460942
vt 0.680507 0.467526
vt 0.939394 0.366303
vt 0.926603 0.381993
vt 0.955089 0.382002
vt 0.915516 0.366295
vt 0.915516 0.366295
vt 0.871433 0.381976
vt 0.926603 0.381993
vt 0.871441 0.365569
vt 0.524815 0.461448
vt 0.539113 0.465500
vt 0.539113 0.458916
vt 0.524815 0.465500
vt 0.553411 0.461448
vt 0.539113 0.465500
vt 0.553411 0.465500
vt 0.539113 0.458916
vt 0.605278 0.443567
vt 0.583135 0.406713
vt 0.574012 0.440048
vt 0.603226 0.406815
vt 0.623155 0.443643
vt 0.650104 0.407050
vt 0.630013 0.406949
vt 0.655959 0.440389
vt 0.522162 0.448518
vt 0.512971 0.442489
vt 0.515095 0.449008
vt 0.517631 0.433139
vt 0.524815 0.469552
vt 0.539113 0.465500
vt 0.524815 0.465500
vt 0.539113 0.472085
vt 0.553411 0.469552
vt 0.539113 0.465500
vt 0.539113 0.472085
vt 0.553411 0.465500
vt 0.709104 0.463474
vt 0.694806 0.467526
vt 0.709104 0.467526
vt 0.694806 0.460942
vt 0.680507 0.471578
vt 0.694806 0.467526
vt 0.680507 0.467526
vt 0.694806 0.474111
vt 0.815651 0.475056
vt 0.800423 0.471535
vt 0.815651 0.468894
vt 0.800423 0.475056
vt 0.656171 0.359452
vt 0.595402 0.382705
vt 0.638361 0.382921
vt 0.579921 0.359957
vt 0.524815 0.475630
vt 0.539113 0.479682
vt 0.539113 0.473097
vt 0.524815 0.479682
vt 0.553411 0.475630
vt 0.539113 0.479682
vt 0.553411 0.479682
vt 0.539113 0.473097
vt 0.524815 0.483734
vt 0.539113 0.479682
vt 0.524815 0.479682
vt 0.539113 0.483545
vt 0.553411 0.483734
vt 0.539113 0.479682
vt 0.539113 0.483545
vt 0.553411 0.479682
vt 0.815651 0.475056
vt 0.800423 0.483857
vt 0.800423 0.475056
vt 0.815651 0.478576
vt 0.539113 0.489812
vt 0.553411 0.483734
vt 0.539113 0.483545
vt 0.553411 0.489812
vt 0.769968 0.475056
vt 0.785195 0.483857
vt 0.769968 0.478576
vt 0.785195 0.475056
vt 0.539113 0.489812
vt 0.524815 0.483734
vt 0.524815 0.489812
vt 0.539113 0.483545
vt 0.882653 0.474175
vt 0.897880 0.478576
vt 0.882653 0.478576
vt 0.897880 0.474175
vt 0.887006 0.443564
vt 0.907817 0.437183
vt 0.886373 0.437302
vt 0.907236 0.442954
vt 0.601072 0.477656
vt 0.586774 0.481708
vt 0.601072 0.481708
vt 0.586774 0.475124
vt 0.837020 0.443896
vt 0.857315 0.437317
vt 0.835839 0.437297
vt 0.857400 0.443965
vt 0.640790 0.474111
vt 0.655088 0.479682
vt 0.655088 0.471578
vt 0.640790 0.477150
vt 0.846106 0.476816
vt 0.830878 0.485617
vt 0.830878 0.476816
vt 0.846106 0.485617
vt 0.626491 0.471578
vt 0.640790 0.477150
vt 0.640790 0.474111
vt 0.626491 0.479682
vt 0.844540 0.352630
vt 0.892940 0.356664
vt 0.892224 0.352604
vt 0.844538 0.356708
vt 0.572476 0.477656
vt 0.586774 0.481708
vt 0.586774 0.475124
vt 0.572476 0.481708
vt 0.787821 0.382631
vt 0.820992 0.373087
vt 0.782579 0.374945
vt 0.825556 0.381685
vt 0.830878 0.472415
vt 0.815651 0.476816
vt 0.815651 0.470215
vt 0.830878 0.476816
vt 0.897880 0.468894
vt 0.882653 0.474175
vt 0.882653 0.468894
vt 0.897880 0.474175
vt 0.820992 0.373087
vt 0.794829 0.368949
vt 0.782579 0.374945
vt 0.819833 0.365553
vt 0.803897 0.387543
vt 0.825556 0.381685
vt 0.787821 0.382631
vt 0.833477 0.380192
vt 0.572476 0.462461
vt 0.586774 0.466513
vt 0.586774 0.459929
vt 0.572476 0.466513
vt 0.601072 0.462461
vt 0.586774 0.466513
vt 0.601072 0.466513
vt 0.586774 0.459929
vt 0.825556 0.381685
vt 0.871426 0.388116
vt 0.871433 0.381976
vt 0.833477 0.380192
vt 0.572476 0.470565
vt 0.586774 0.466513
vt 0.572476 0.466513
vt 0.586774 0.473097
vt 0.601072 0.470565
vt 0.586774 0.466513
vt 0.586774 0.473097
vt 0.601072 0.466513
vt 0.861334 0.476816
vt 0.846106 0.472415
vt 0.861334 0.470215
vt 0.846106 0.476816
vt 0.882653 0.460973
vt 0.897880 0.464494
vt 0.882653 0.464494
vt 0.897880 0.460973
vt 0.626491 0.463474
vt 0.640790 0.467526
vt 0.640790 0.460942
vt 0.626491 0.467526
vt 0.868795 0.425092
vt 0.835839 0.437297
vt 0.857315 0.437317
vt 0.833040 0.425229
vt 0.797285 0.425366
vt 0.835727 0.408901
vt 0.807535 0.407024
vt 0.833040 0.425229
vt 0.626491 0.458409
vt 0.640790 0.460942
vt 0.640790 0.458409
vt 0.626491 0.463474
vt 0.882653 0.474175
vt 0.867425 0.478576
vt 0.867425 0.471535
vt 0.882653 0.478576
vt 0.640790 0.458409
vt 0.655088 0.463474
vt 0.655088 0.458409
vt 0.640790 0.460942
vt 0.586774 0.490130
vt 0.601072 0.485760
vt 0.586774 0.485571
vt 0.601072 0.490130
vt 0.586774 0.490130
vt 0.572476 0.485760
vt 0.572476 0.490130
vt 0.586774 0.485571
vt 0.572476 0.457396
vt 0.586774 0.459929
vt 0.586774 0.457396
vt 0.572476 0.462461
vt 0.586774 0.457396
vt 0.601072 0.462461
vt 0.601072 0.457396
vt 0.586774 0.459929
vt 0.830878 0.460093
vt 0.846106 0.463614
vt 0.830878 0.463614
vt 0.846106 0.460093
vt 0.897880 0.478576
vt 0.882653 0.489138
vt 0.882653 0.478576
vt 0.897880 0.489138
vt 0.815651 0.476816
vt 0.830878 0.485617
vt 0.815651 0.480336
vt 0.830878 0.476816
vt 0.846106 0.468014
vt 0.830878 0.472415
vt 0.830878 0.468014
vt 0.846106 0.472415
vt 0.861334 0.476816
vt 0.846106 0.485617
vt 0.846106 0.476816
vt 0.861334 0.480336
vt 0.572476 0.470565
vt 0.586774 0.475124
vt 0.586774 0.473097
vt 0.572476 0.477656
vt 0.586774 0.473097
vt 0.601072 0.477656
vt 0.601072 0.470565
vt 0.586774 0.475124
vt 0.830878 0.472415
vt 0.846106 0.476816
vt 0.830878 0.476816
vt 0.846106 0.472415
vt 0.572476 0.485760
vt 0.586774 0.481708
vt 0.572476 0.481708
vt 0.586774 0.485571
vt 0.638361 0.382921
vt 0.603226 0.406815
vt 0.630013 0.406949
vt 0.595402 0.382705
vt 0.730908 0.421596
vt 0.743457 0.412474
vt 0.740813 0.421596
vt 0.730908 0.412474
vt 0.730908 0.403351
vt 0.715570 0.409737
vt 0.715570 0.403351
vt 0.730908 0.409737
vt 0.897880 0.468894
vt 0.913108 0.464494
vt 0.913108 0.471535
vt 0.897880 0.464494
vt 0.949654 0.468894
vt 0.964882 0.464494
vt 0.964882 0.471535
vt 0.949654 0.464494
vt 0.949654 0.464494
vt 0.934427 0.468894
vt 0.934427 0.464494
vt 0.949654 0.468894
vt 0.687682 0.412474
vt 0.700231 0.421596
vt 0.687682 0.421596
vt 0.700231 0.412474
vt 0.934427 0.464494
vt 0.919199 0.471535
vt 0.919199 0.464494
vt 0.934427 0.468894
vt 0.700231 0.403351
vt 0.715570 0.409737
vt 0.700231 0.409737
vt 0.715570 0.403351
vt 0.897880 0.464494
vt 0.882653 0.468894
vt 0.882653 0.464494
vt 0.897880 0.468894
vt 0.680507 0.458409
vt 0.694806 0.460942
vt 0.694806 0.458409
vt 0.680507 0.463474
vt 0.694806 0.458409
vt 0.709104 0.463474
vt 0.709104 0.458409
vt 0.694806 0.460942
vt 0.730908 0.395141
vt 0.715570 0.379177
vt 0.730908 0.383282
vt 0.715570 0.394229
vt 0.715570 0.394229
vt 0.700231 0.383282
vt 0.715570 0.379177
vt 0.700231 0.395141
vt 0.934427 0.460973
vt 0.949654 0.464494
vt 0.934427 0.464494
vt 0.949654 0.460973
vt 0.882653 0.464494
vt 0.867425 0.471535
vt 0.867425 0.464494
vt 0.882653 0.468894
vt 0.949654 0.468894
vt 0.934427 0.474175
vt 0.934427 0.468894
vt 0.949654 0.474175
vt 0.844538 0.356560
vt 0.892224 0.352604
vt 0.891504 0.356552
vt 0.844540 0.352630
vt 0.680507 0.471578
vt 0.694806 0.477150
vt 0.694806 0.474111
vt 0.680507 0.479682
vt 0.694806 0.474111
vt 0.709104 0.479682
vt 0.709104 0.471578
vt 0.694806 0.477150
vt 0.730908 0.412474
vt 0.715570 0.421596
vt 0.715570 0.412474
vt 0.730908 0.421596
vt 0.730908 0.409737
vt 0.715570 0.412474
vt 0.715570 0.409737
vt 0.730908 0.412474
vt 0.631906 0.400615
vt 0.650033 0.406088
vt 0.631906 0.406088
vt 0.650033 0.400615
vt 0.730908 0.403351
vt 0.715570 0.400615
vt 0.730908 0.400615
vt 0.715570 0.403351
vt 0.730908 0.395141
vt 0.715570 0.400615
vt 0.715570 0.394229
vt 0.730908 0.400615
vt 0.650033 0.406088
vt 0.631906 0.412474
vt 0.631906 0.406088
vt 0.650033 0.412474
vt 0.715570 0.412474
vt 0.700231 0.421596
vt 0.700231 0.412474
vt 0.715570 0.421596
vt 0.700231 0.409737
vt 0.715570 0.412474
vt 0.700231 0.412474
vt 0.715570 0.409737
vt 0.669555 0.406088
vt 0.687682 0.400615
vt 0.687682 0.406088
vt 0.669555 0.400615
vt 0.700231 0.403351
vt 0.715570 0.400615
vt 0.715570 0.403351
vt 0.700231 0.400615
vt 0.715570 0.394229
vt 0.700231 0.400615
vt 0.700231 0.395141
vt 0.715570 0.400615
vt 0.785195 0.462733
vt 0.769968 0.468894
vt 0.769968 0.462733
vt 0.785195 0.466254
vt 0.687682 0.412474
vt 0.669555 0.406088
vt 0.687682 0.406088
vt 0.669555 0.412474
vt 0.800423 0.462733
vt 0.785195 0.466254
vt 0.785195 0.462733
vt 0.800423 0.466254
vt 0.800423 0.466254
vt 0.815651 0.462733
vt 0.815651 0.468894
vt 0.800423 0.462733
vt 0.669555 0.421596
vt 0.641667 0.426157
vt 0.650033 0.421596
vt 0.677921 0.426157
vt 0.601072 0.485760
vt 0.586774 0.481708
vt 0.586774 0.485571
vt 0.601072 0.481708
vt 0.669555 0.417947
vt 0.650033 0.421596
vt 0.650033 0.417947
vt 0.669555 0.421596
vt 0.669555 0.412474
vt 0.650033 0.417947
vt 0.650033 0.412474
vt 0.669555 0.417947
vt 0.669555 0.400615
vt 0.650033 0.406088
vt 0.650033 0.400615
vt 0.669555 0.406088
vt 0.669555 0.406088
vt 0.650033 0.412474
vt 0.650033 0.406088
vt 0.669555 0.412474
vt 0.970019 0.406648
vt 0.964301 0.429076
vt 0.968826 0.429245
vt 0.965580 0.406773
vt 0.962746 0.436460
vt 0.968826 0.429245
vt 0.964301 0.429076
vt 0.964598 0.441016
vt 0.964598 0.441016
vt 0.946781 0.442531
vt 0.961867 0.445573
vt 0.962746 0.436460
vt 0.788034 0.441818
vt 0.767982 0.439056
vt 0.771292 0.444717
vt 0.777713 0.436258
vt 0.949654 0.478576
vt 0.934427 0.489138
vt 0.934427 0.478576
vt 0.949654 0.489138
vt 0.913108 0.478576
vt 0.897880 0.489138
vt 0.897880 0.478576
vt 0.913108 0.482096
vt 0.800423 0.475056
vt 0.785195 0.483857
vt 0.785195 0.475056
vt 0.800423 0.483857
vt 0.655088 0.487786
vt 0.640790 0.483734
vt 0.640790 0.487598
vt 0.655088 0.483734
vt 0.719823 0.446800
vt 0.708911 0.452920
vt 0.716554 0.453587
vt 0.713685 0.435516
vt 0.626491 0.487786
vt 0.640790 0.483734
vt 0.626491 0.483734
vt 0.640790 0.487598
vt 0.934427 0.474175
vt 0.919199 0.478576
vt 0.919199 0.471535
vt 0.934427 0.478576
vt 0.785195 0.471535
vt 0.769968 0.475056
vt 0.769968 0.468894
vt 0.785195 0.475056
vt 0.556164 0.436447
vt 0.531754 0.409316
vt 0.524011 0.433906
vt 0.557621 0.408029
vt 0.965580 0.406773
vt 0.930627 0.424818
vt 0.964301 0.429076
vt 0.931694 0.410798
vt 0.931694 0.410798
vt 0.868795 0.425092
vt 0.930627 0.424818
vt 0.863920 0.410777
vt 0.835727 0.408901
vt 0.868795 0.425092
vt 0.863920 0.410777
vt 0.833040 0.425229
vt 0.655088 0.479682
vt 0.640790 0.483734
vt 0.655088 0.483734
vt 0.640790 0.477150
vt 0.931694 0.410798
vt 0.966050 0.388326
vt 0.929606 0.388891
vt 0.965580 0.406773
vt 0.955089 0.382002
vt 0.929606 0.388891
vt 0.966050 0.388326
vt 0.926603 0.381993
vt 0.926603 0.381993
vt 0.871426 0.388116
vt 0.929606 0.388891
vt 0.871433 0.381976
vt 0.626491 0.479682
vt 0.640790 0.483734
vt 0.640790 0.477150
vt 0.626491 0.483734
vt 0.934427 0.474175
vt 0.949654 0.478576
vt 0.934427 0.478576
vt 0.949654 0.474175
vt 0.800423 0.466254
vt 0.785195 0.471535
vt 0.785195 0.466254
vt 0.800423 0.471535
vt 0.785195 0.459213
vt 0.800423 0.462733
vt 0.785195 0.462733
vt 0.800423 0.459213
vt 0.668160 0.386019
vt 0.669555 0.400615
vt 0.650033 0.400615
vt 0.683499 0.383282
vt 0.524815 0.469552
vt 0.539113 0.473097
vt 0.539113 0.472085
vt 0.524815 0.475630
vt 0.539113 0.472085
vt 0.553411 0.475630
vt 0.553411 0.469552
vt 0.539113 0.473097
vt 0.640790 0.493169
vt 0.655088 0.487786
vt 0.640790 0.487598
vt 0.655088 0.493169
vt 0.785195 0.471535
vt 0.800423 0.475056
vt 0.785195 0.475056
vt 0.800423 0.471535
vt 0.539113 0.454298
vt 0.553411 0.461448
vt 0.553411 0.457396
vt 0.539113 0.458916
vt 0.583135 0.406713
vt 0.560385 0.382066
vt 0.557621 0.408029
vt 0.595402 0.382705
vt 0.650104 0.407050
vt 0.674417 0.383102
vt 0.638361 0.382921
vt 0.670194 0.407151
vt 0.640790 0.493169
vt 0.626491 0.487786
vt 0.626491 0.493169
vt 0.640790 0.487598
vt 0.673840 0.440503
vt 0.694318 0.407273
vt 0.670194 0.407151
vt 0.703940 0.437014
vt 0.867425 0.478576
vt 0.882653 0.489138
vt 0.867425 0.482096
vt 0.882653 0.478576
vt 0.524815 0.457396
vt 0.539113 0.458916
vt 0.539113 0.454298
vt 0.524815 0.461448
vt 0.666083 0.454566
vt 0.664900 0.440454
vt 0.656403 0.457594
vt 0.837020 0.443896
vt 0.835839 0.437297
vt 0.817761 0.440398
vt 0.835839 0.437297
vt 0.798257 0.439074
vt 0.817761 0.440398
vt 0.821344 0.447416
vt 0.837020 0.443896
vt 0.817761 0.440398
vt 0.817761 0.440398
vt 0.798257 0.439074
vt 0.808231 0.442847
vt 0.664900 0.440454
vt 0.675728 0.455044
vt 0.673840 0.440503
vt 0.670194 0.407151
vt 0.650104 0.407050
vt 0.664900 0.440454
vt 0.819833 0.365553
vt 0.820992 0.373087
vt 0.871441 0.365569
vt 0.844538 0.356560
vt 0.803804 0.365591
vt 0.818949 0.357503
vt 0.703940 0.437014
vt 0.692734 0.454489
vt 0.708911 0.452920
vt 0.614217 0.443612
vt 0.620920 0.456867
vt 0.623155 0.443643
vt 0.874001 0.440494
vt 0.857315 0.437317
vt 0.857400 0.443965
vt 0.808231 0.442847
vt 0.821344 0.447416
vt 0.817761 0.440398
vt 0.673840 0.440503
vt 0.675728 0.455044
vt 0.692734 0.454489
vt 0.656403 0.457594
vt 0.655959 0.440389
vt 0.638699 0.460253
vt 0.669555 0.417947
vt 0.669555 0.412474
vt 0.687682 0.412474
vt 0.631906 0.412474
vt 0.650033 0.412474
vt 0.650033 0.417947
vt 0.687682 0.400615
vt 0.700231 0.403351
vt 0.687682 0.406088
vt 0.700231 0.409737
vt 0.687682 0.406088
vt 0.700231 0.403351
vt 0.730908 0.409737
vt 0.730908 0.403351
vt 0.743457 0.406335
vt 0.730908 0.395141
vt 0.743457 0.400615
vt 0.730908 0.400615
vt 0.844538 0.356708
vt 0.805323 0.363052
vt 0.819833 0.365553
vt 0.596850 0.347578
vt 0.550233 0.360828
vt 0.579921 0.359957
vt 0.916945 0.357515
vt 0.892940 0.356664
vt 0.939394 0.366303
vt 0.970019 0.406648
vt 0.966050 0.388326
vt 0.965580 0.406773
vt 0.700231 0.412474
vt 0.687682 0.412474
vt 0.700231 0.409737
vt 0.669555 0.421596
vt 0.687682 0.421596
vt 0.677921 0.426157
vt 0.700231 0.403351
vt 0.687682 0.400615
vt 0.700231 0.400615
vt 0.687682 0.412474
vt 0.687682 0.406088
vt 0.700231 0.409737
vt 0.730908 0.412474
vt 0.730908 0.409737
vt 0.743457 0.412474
vt 0.650033 0.421596
vt 0.641667 0.426157
vt 0.631906 0.421596
vt 0.730908 0.403351
vt 0.730908 0.400615
vt 0.743457 0.400615
vt 0.730908 0.403351
vt 0.743457 0.400615
vt 0.743457 0.406335
vt 0.730908 0.409737
vt 0.743457 0.406335
vt 0.743457 0.412474
vt 0.730908 0.426157
vt 0.700231 0.426157
vt 0.715570 0.421596
vt 0.650033 0.400615
vt 0.654216 0.394229
vt 0.668160 0.386019
vt 0.700231 0.421596
vt 0.715570 0.421596
vt 0.700231 0.426157
vt 0.669555 0.417947
vt 0.687682 0.421596
vt 0.669555 0.421596
vt 0.687682 0.400615
vt 0.700231 0.395141
vt 0.700231 0.400615
vt 0.730908 0.426157
vt 0.730908 0.421596
vt 0.740813 0.421596
vt 0.631906 0.421596
vt 0.650033 0.417947
vt 0.650033 0.421596
vt 0.638361 0.382921
vt 0.630013 0.406949
vt 0.650104 0.407050
vt 0.670194 0.407151
vt 0.694318 0.407273
vt 0.674417 0.383102
vt 0.844538 0.356708
vt 0.818949 0.357503
vt 0.805323 0.363052
vt 0.916945 0.357515
vt 0.892224 0.352604
vt 0.892940 0.356664
vt 0.560385 0.382066
vt 0.550233 0.360828
vt 0.529428 0.379619
vt 0.699977 0.377476
vt 0.674417 0.383102
vt 0.694318 0.407273
vt 0.807535 0.407024
vt 0.778269 0.425984
vt 0.797285 0.425366
vt 0.777713 0.436258
vt 0.797285 0.425366
vt 0.778269 0.425984
vt 0.907817 0.437183
vt 0.942139 0.439118
vt 0.930627 0.424818
vt 0.531754 0.409316
vt 0.529428 0.379619
vt 0.514607 0.409550
vt 0.524011 0.433906
vt 0.531754 0.409316
vt 0.517631 0.433139
vt 0.964301 0.429076
vt 0.942139 0.439118
vt 0.962746 0.436460
vt 0.713685 0.435516
vt 0.714030 0.408101
vt 0.694318 0.407273
vt 0.762500 0.427578
vt 0.767982 0.439056
vt 0.777713 0.436258
vt 0.631906 0.421596
vt 0.631906 0.412474
vt 0.650033 0.417947
vt 0.654216 0.394229
vt 0.730908 0.395141
vt 0.730908 0.383282
vt 0.654216 0.394229
vt 0.650033 0.400615
vt 0.631906 0.400615
vt 0.654216 0.394229
vt 0.631906 0.400615
vt 0.730908 0.395141
vt 0.687682 0.400615
vt 0.700231 0.383282
vt 0.700231 0.395141
vt 0.691865 0.383282
vt 0.687682 0.400615
vt 0.669555 0.400615
vt 0.691865 0.383282
vt 0.669555 0.400615
vt 0.683499 0.383282
vt 0.674417 0.383102
vt 0.681939 0.358904
vt 0.656171 0.359452
vt 0.529428 0.379619
vt 0.531754 0.409316
vt 0.560385 0.382066
vt 0.517631 0.433139
vt 0.522162 0.448518
vt 0.524011 0.433906
vt 0.700231 0.383282
vt 0.687682 0.400615
vt 0.691865 0.383282
vt 0.700231 0.421596
vt 0.700231 0.426157
vt 0.687682 0.421596
vt 0.730908 0.426157
vt 0.715570 0.421596
vt 0.730908 0.421596
vt 0.669555 0.417947
vt 0.687682 0.412474
vt 0.687682 0.421596
vt 0.709104 0.493169
vt 0.718636 0.487786
vt 0.709104 0.487786
vt 0.934427 0.489138
vt 0.928336 0.493538
vt 0.919199 0.482096
vt 0.680507 0.493169
vt 0.680507 0.487786
vt 0.670975 0.487786
vt 0.721404 0.430720
vt 0.720887 0.408504
vt 0.714030 0.408101
vt 0.762500 0.427578
vt 0.777713 0.436258
vt 0.778269 0.425984
vt 0.850168 0.398448
vt 0.807535 0.407024
vt 0.835727 0.408901
vt 0.835839 0.437297
vt 0.833040 0.425229
vt 0.797285 0.425366
vt 0.833477 0.380192
vt 0.803897 0.387543
vt 0.850168 0.398448
vt 0.871426 0.388116
vt 0.850168 0.398448
vt 0.863920 0.410777
vt 0.769214 0.377087
vt 0.785081 0.380957
vt 0.774147 0.387571
vt 0.765078 0.397359
vt 0.769214 0.377087
vt 0.774147 0.387571
vt 0.714030 0.408101
vt 0.720887 0.408504
vt 0.716654 0.382888
vt 0.713685 0.435516
vt 0.721404 0.430720
vt 0.714030 0.408101
vt 0.714030 0.408101
vt 0.716654 0.382888
vt 0.699977 0.377476
vt 0.763213 0.404874
vt 0.765078 0.397359
vt 0.774147 0.387571
vt 0.579921 0.359957
vt 0.656171 0.359452
vt 0.596850 0.347578
vt 0.642464 0.347834
vt 0.656171 0.359452
vt 0.681939 0.358904
vt 0.939394 0.366303
vt 0.892940 0.356664
vt 0.915516 0.366295
vt 0.897880 0.489138
vt 0.890266 0.491778
vt 0.882653 0.489138
vt 0.867425 0.464494
vt 0.867425 0.462554
vt 0.882653 0.460973
vt 0.655088 0.493169
vt 0.640790 0.493169
vt 0.655088 0.498234
vt 0.913108 0.464494
vt 0.897880 0.464494
vt 0.897880 0.460973
vt 0.913108 0.471535
vt 0.897880 0.474175
vt 0.897880 0.468894
vt 0.882653 0.474175
vt 0.867425 0.471535
vt 0.882653 0.468894
vt 0.655088 0.493169
vt 0.655088 0.498234
vt 0.664620 0.487786
vt 0.882653 0.489138
vt 0.876562 0.493538
vt 0.867425 0.482096
vt 0.655959 0.440389
vt 0.664900 0.440454
vt 0.650104 0.407050
vt 0.556164 0.436447
vt 0.566567 0.439940
vt 0.557621 0.408029
vt 0.673840 0.440503
vt 0.692734 0.454489
vt 0.703940 0.437014
vt 0.919973 0.446997
vt 0.929387 0.443370
vt 0.922302 0.440542
vt 0.907236 0.442954
vt 0.919973 0.446997
vt 0.922302 0.440542
vt 0.942139 0.439118
vt 0.922302 0.440542
vt 0.929387 0.443370
vt 0.962746 0.436460
vt 0.942139 0.439118
vt 0.946781 0.442531
vt 0.556164 0.436447
vt 0.524011 0.433906
vt 0.540794 0.451389
vt 0.540794 0.451389
vt 0.555217 0.453036
vt 0.556164 0.436447
vt 0.574012 0.440048
vt 0.566567 0.439940
vt 0.572775 0.456367
vt 0.613711 0.459664
vt 0.614217 0.443612
vt 0.607545 0.455642
vt 0.572775 0.456367
vt 0.589684 0.459066
vt 0.574012 0.440048
vt 0.922302 0.440542
vt 0.907817 0.437183
vt 0.907236 0.442954
vt 0.922302 0.440542
vt 0.942139 0.439118
vt 0.907817 0.437183
vt 0.886373 0.437302
vt 0.874001 0.440494
vt 0.887006 0.443564
vt 0.857400 0.443965
vt 0.873573 0.447715
vt 0.874001 0.440494
vt 0.886373 0.437302
vt 0.857315 0.437317
vt 0.874001 0.440494
vt 0.623155 0.443643
vt 0.620920 0.456867
vt 0.638699 0.460253
vt 0.572476 0.477656
vt 0.562944 0.474111
vt 0.562944 0.481708
vt 0.610604 0.481708
vt 0.601072 0.477656
vt 0.601072 0.481708
vt 0.614217 0.443612
vt 0.603226 0.406815
vt 0.605278 0.443567
vt 0.785081 0.380957
vt 0.805323 0.363052
vt 0.803804 0.365591
vt 0.934427 0.464494
vt 0.919199 0.464494
vt 0.934427 0.460973
vt 0.680507 0.479682
vt 0.680507 0.471578
vt 0.670975 0.475630
vt 0.709104 0.479682
vt 0.718636 0.483734
vt 0.718636 0.475630
vt 0.718636 0.467526
vt 0.709104 0.471578
vt 0.718636 0.475630
vt 0.934427 0.489138
vt 0.942041 0.491778
vt 0.928336 0.493538
vt 0.949654 0.489138
vt 0.964882 0.482096
vt 0.955746 0.493538
vt 0.670975 0.487786
vt 0.680507 0.498234
vt 0.680507 0.493169
vt 0.709104 0.493169
vt 0.709104 0.498234
vt 0.718636 0.487786
vt 0.626491 0.483734
vt 0.626491 0.479682
vt 0.616959 0.483734
vt 0.626491 0.487786
vt 0.616959 0.483734
vt 0.616959 0.487786
vt 0.897880 0.489138
vt 0.903971 0.493538
vt 0.890266 0.491778
vt 0.655088 0.498234
vt 0.640790 0.493169
vt 0.626491 0.498234
vt 0.626491 0.467526
vt 0.626491 0.463474
vt 0.616959 0.467526
vt 0.876562 0.493538
vt 0.890266 0.491778
vt 0.903971 0.493538
vt 0.626491 0.498234
vt 0.640790 0.493169
vt 0.626491 0.493169
vt 0.664620 0.465500
vt 0.655088 0.458409
vt 0.655088 0.463474
vt 0.664620 0.483734
vt 0.655088 0.483734
vt 0.655088 0.487786
vt 0.664620 0.467526
vt 0.655088 0.467526
vt 0.655088 0.471578
vt 0.562944 0.479682
vt 0.553411 0.475630
vt 0.553411 0.479682
vt 0.524815 0.475630
vt 0.524815 0.469552
vt 0.515283 0.472591
vt 0.553411 0.475630
vt 0.562944 0.479682
vt 0.562944 0.472591
vt 0.524815 0.469552
vt 0.524815 0.465500
vt 0.515283 0.465500
vt 0.664620 0.467526
vt 0.655088 0.463474
vt 0.655088 0.467526
vt 0.626491 0.463474
vt 0.616959 0.465500
vt 0.616959 0.467526
vt 0.626491 0.471578
vt 0.626491 0.467526
vt 0.616959 0.467526
vt 0.655088 0.479682
vt 0.664620 0.483734
vt 0.664620 0.475630
vt 0.626491 0.471578
vt 0.616959 0.467526
vt 0.616959 0.475630
vt 0.664620 0.483734
vt 0.655088 0.479682
vt 0.655088 0.483734
vt 0.626491 0.479682
vt 0.616959 0.475630
vt 0.616959 0.483734
vt 0.664620 0.487786
vt 0.664620 0.483734
vt 0.655088 0.487786
vt 0.626491 0.487786
vt 0.626491 0.483734
vt 0.616959 0.483734
vt 0.830878 0.485617
vt 0.824787 0.491778
vt 0.815651 0.480336
vt 0.601072 0.490130
vt 0.610604 0.485760
vt 0.601072 0.485760
vt 0.830878 0.472415
vt 0.815651 0.470215
vt 0.830878 0.468014
vt 0.861334 0.470215
vt 0.846106 0.472415
vt 0.846106 0.468014
vt 0.846106 0.463614
vt 0.846106 0.460093
vt 0.861334 0.463614
vt 0.601072 0.490130
vt 0.586774 0.490130
vt 0.601072 0.496208
vt 0.815651 0.463614
vt 0.815651 0.461853
vt 0.830878 0.460093
vt 0.846106 0.485617
vt 0.838492 0.490018
vt 0.830878 0.485617
vt 0.572476 0.485760
vt 0.572476 0.481708
vt 0.562944 0.481708
vt 0.572476 0.470565
vt 0.562944 0.466513
vt 0.562944 0.474111
vt 0.610604 0.474111
vt 0.601072 0.470565
vt 0.601072 0.477656
vt 0.572476 0.470565
vt 0.572476 0.466513
vt 0.562944 0.466513
vt 0.572476 0.462461
vt 0.562944 0.464487
vt 0.562944 0.466513
vt 0.610604 0.466513
vt 0.601072 0.462461
vt 0.601072 0.466513
vt 0.846106 0.485617
vt 0.852197 0.491778
vt 0.838492 0.490018
vt 0.601072 0.496208
vt 0.586774 0.490130
vt 0.572476 0.496208
vt 0.610604 0.466513
vt 0.601072 0.466513
vt 0.601072 0.470565
vt 0.610604 0.481708
vt 0.601072 0.481708
vt 0.601072 0.485760
vt 0.572476 0.485760
vt 0.562944 0.481708
vt 0.562944 0.485760
vt 0.572476 0.481708
vt 0.572476 0.477656
vt 0.562944 0.481708
vt 0.572476 0.466513
vt 0.572476 0.462461
vt 0.562944 0.466513
vt 0.824787 0.491778
vt 0.838492 0.490018
vt 0.852197 0.491778
vt 0.572476 0.496208
vt 0.586774 0.490130
vt 0.572476 0.490130
vt 0.610604 0.464487
vt 0.601072 0.457396
vt 0.601072 0.462461
vt 0.601072 0.490130
vt 0.601072 0.496208
vt 0.610604 0.485760
vt 0.562944 0.485760
vt 0.572476 0.496208
vt 0.572476 0.490130
vt 0.846106 0.485617
vt 0.861334 0.480336
vt 0.852197 0.491778
vt 0.830878 0.485617
vt 0.838492 0.490018
vt 0.824787 0.491778
vt 0.610604 0.466513
vt 0.601072 0.470565
vt 0.610604 0.474111
vt 0.601072 0.477656
vt 0.610604 0.481708
vt 0.610604 0.474111
vt 0.939394 0.367784
vt 0.891504 0.356552
vt 0.916945 0.357515
vt 0.805323 0.363052
vt 0.818949 0.357503
vt 0.803804 0.365591
vt 0.614217 0.443612
vt 0.613711 0.459664
vt 0.620920 0.456867
vt 0.566567 0.439940
vt 0.564547 0.452005
vt 0.572775 0.456367
vt 0.675728 0.455044
vt 0.664900 0.440454
vt 0.666083 0.454566
vt 0.614217 0.443612
vt 0.605278 0.443567
vt 0.607545 0.455642
vt 0.630013 0.406949
vt 0.603226 0.406815
vt 0.614217 0.443612
vt 0.583135 0.406713
vt 0.557621 0.408029
vt 0.566567 0.439940
vt 0.556164 0.436447
vt 0.555217 0.453036
vt 0.566567 0.439940
vt 0.664900 0.440454
vt 0.655959 0.440389
vt 0.656403 0.457594
vt 0.788034 0.441818
vt 0.808231 0.442847
vt 0.798257 0.439074
vt 0.887006 0.443564
vt 0.874001 0.440494
vt 0.873573 0.447715
vt 0.560385 0.382066
vt 0.531754 0.409316
vt 0.557621 0.408029
vt 0.583135 0.406713
vt 0.603226 0.406815
vt 0.595402 0.382705
vt 0.583135 0.406713
vt 0.566567 0.439940
vt 0.574012 0.440048
vt 0.630013 0.406949
vt 0.614217 0.443612
vt 0.623155 0.443643
vt 0.670194 0.407151
vt 0.664900 0.440454
vt 0.673840 0.440503
vt 0.942139 0.439118
vt 0.929387 0.443370
vt 0.946781 0.442531
vt 0.777713 0.436258
vt 0.788034 0.441818
vt 0.798257 0.439074
vt 0.655088 0.493169
vt 0.664620 0.487786
vt 0.655088 0.487786
vt 0.616959 0.487786
vt 0.626491 0.498234
vt 0.626491 0.493169
vt 0.897880 0.489138
vt 0.913108 0.482096
vt 0.903971 0.493538
vt 0.882653 0.489138
vt 0.890266 0.491778
vt 0.876562 0.493538
vt 0.664620 0.467526
vt 0.655088 0.471578
vt 0.664620 0.475630
vt 0.664620 0.475630
vt 0.655088 0.471578
vt 0.655088 0.479682
vt 0.626491 0.479682
vt 0.626491 0.471578
vt 0.616959 0.475630
vt 0.882653 0.464494
vt 0.867425 0.464494
vt 0.882653 0.460973
vt 0.913108 0.464494
vt 0.897880 0.460973
vt 0.913108 0.462621
vt 0.664620 0.467526
vt 0.664620 0.465500
vt 0.655088 0.463474
vt 0.626491 0.458409
vt 0.616959 0.465500
vt 0.626491 0.463474
vt 0.572476 0.490130
vt 0.572476 0.485760
vt 0.562944 0.485760
vt 0.674417 0.383102
vt 0.656171 0.359452
vt 0.638361 0.382921
vt 0.560385 0.382066
vt 0.595402 0.382705
vt 0.579921 0.359957
vt 0.560385 0.382066
vt 0.579921 0.359957
vt 0.550233 0.360828
vt 0.929606 0.388891
vt 0.871426 0.388116
vt 0.931694 0.410798
vt 0.596850 0.347578
vt 0.656171 0.359452
vt 0.642464 0.347834
vt 0.939394 0.367784
vt 0.916945 0.357515
vt 0.939394 0.366303
vt 0.680507 0.471578
vt 0.670975 0.467526
vt 0.670975 0.475630
vt 0.718636 0.475630
vt 0.709104 0.471578
vt 0.709104 0.479682
vt 0.680507 0.471578
vt 0.680507 0.467526
vt 0.670975 0.467526
vt 0.680507 0.463474
vt 0.670975 0.465500
vt 0.670975 0.467526
vt 0.718636 0.467526
vt 0.709104 0.463474
vt 0.709104 0.467526
vt 0.949654 0.489138
vt 0.955746 0.493538
vt 0.942041 0.491778
vt 0.709104 0.498234
vt 0.694806 0.493169
vt 0.680507 0.498234
vt 0.718636 0.467526
vt 0.718636 0.465500
vt 0.709104 0.463474
vt 0.718636 0.467526
vt 0.709104 0.467526
vt 0.709104 0.471578
vt 0.718636 0.483734
vt 0.709104 0.483734
vt 0.709104 0.487786
vt 0.680507 0.487786
vt 0.670975 0.483734
vt 0.670975 0.487786
vt 0.680507 0.483734
vt 0.680507 0.479682
vt 0.670975 0.483734
vt 0.680507 0.467526
vt 0.680507 0.463474
vt 0.670975 0.467526
vt 0.928336 0.493538
vt 0.942041 0.491778
vt 0.955746 0.493538
vt 0.680507 0.498234
vt 0.694806 0.493169
vt 0.680507 0.493169
vt 0.718636 0.465500
vt 0.709104 0.458409
vt 0.709104 0.463474
vt 0.871441 0.365569
vt 0.844538 0.356708
vt 0.819833 0.365553
vt 0.871441 0.365569
vt 0.892940 0.356664
vt 0.844538 0.356708
vt 0.844540 0.352630
vt 0.844538 0.356560
vt 0.818949 0.357503
vt 0.891504 0.356552
vt 0.892224 0.352604
vt 0.916945 0.357515
vt 0.844538 0.356708
vt 0.844540 0.352630
vt 0.818949 0.357503
vt 0.805323 0.363052
vt 0.794829 0.368949
vt 0.819833 0.365553
vt 0.931694 0.410798
vt 0.871426 0.388116
vt 0.863920 0.410777
vt 0.778269 0.425984
vt 0.785999 0.405727
vt 0.762500 0.427578
vt 0.892940 0.356664
vt 0.871441 0.365569
vt 0.915516 0.366295
vt 0.564547 0.452005
vt 0.566567 0.439940
vt 0.555217 0.453036
vt 0.589684 0.459066
vt 0.605278 0.443567
vt 0.574012 0.440048
vt 0.607545 0.455642
vt 0.605278 0.443567
vt 0.589684 0.459066
vt 0.655959 0.440389
vt 0.623155 0.443643
vt 0.638699 0.460253
vt 0.763213 0.404874
vt 0.785999 0.405727
vt 0.765078 0.397359
vt 0.769214 0.377087
vt 0.765078 0.397359
vt 0.752236 0.383743
vt 0.769214 0.377087
vt 0.765872 0.383197
vt 0.782579 0.374945
vt 0.787821 0.382631
vt 0.782579 0.374945
vt 0.765872 0.383197
vt 0.769214 0.377087
vt 0.782579 0.374945
vt 0.794829 0.368949
vt 0.769214 0.377087
vt 0.752236 0.383743
vt 0.765872 0.383197
vt 0.820992 0.373087
vt 0.825556 0.381685
vt 0.871433 0.381976
vt 0.850168 0.398448
vt 0.835727 0.408901
vt 0.863920 0.410777
vt 0.807535 0.407024
vt 0.785999 0.405727
vt 0.778269 0.425984
vt 0.803897 0.387543
vt 0.807535 0.407024
vt 0.850168 0.398448
vt 0.833477 0.380192
vt 0.850168 0.398448
vt 0.871426 0.388116
vt 0.964301 0.429076
vt 0.930627 0.424818
vt 0.942139 0.439118
vt 0.703940 0.437014
vt 0.713685 0.435516
vt 0.694318 0.407273
vt 0.713685 0.435516
vt 0.719823 0.446800
vt 0.721404 0.430720
vt 0.514607 0.409550
vt 0.510783 0.433228
vt 0.517631 0.433139
vt 0.966050 0.388326
vt 0.955088 0.383483
vt 0.955089 0.382002
vt 0.970019 0.406648
vt 0.955088 0.383483
vt 0.966050 0.388326
vt 0.694318 0.407273
vt 0.714030 0.408101
vt 0.699977 0.377476
vt 0.794829 0.368949
vt 0.805323 0.363052
vt 0.785081 0.380957
vt 0.769214 0.377087
vt 0.794829 0.368949
vt 0.785081 0.380957
vt 0.514607 0.409550
vt 0.517631 0.433139
vt 0.531754 0.409316
vt 0.510783 0.433228
vt 0.512971 0.442489
vt 0.517631 0.433139
vt 0.713685 0.435516
vt 0.703940 0.437014
vt 0.708911 0.452920
vt 0.522162 0.448518
vt 0.540794 0.451389
vt 0.524011 0.433906
vt 0.871433 0.381976
vt 0.871441 0.365569
vt 0.820992 0.373087
vt 0.699977 0.377476
vt 0.681939 0.358904
vt 0.674417 0.383102
vt 0.562944 0.463474
vt 0.553411 0.457396
vt 0.553411 0.461448
vt 0.553411 0.489812
vt 0.539113 0.489812
vt 0.553411 0.495890
vt 0.769968 0.462733
vt 0.769968 0.460973
vt 0.785195 0.459213
vt 0.800423 0.483857
vt 0.792809 0.487377
vt 0.785195 0.483857
vt 0.524815 0.483734
vt 0.524815 0.479682
vt 0.515283 0.479682
vt 0.562944 0.483734
vt 0.562944 0.479682
vt 0.553411 0.483734
vt 0.524815 0.475630
vt 0.515283 0.472591
vt 0.515283 0.479682
vt 0.610604 0.485760
vt 0.610604 0.481708
vt 0.601072 0.485760
vt 0.524815 0.461448
vt 0.515283 0.463474
vt 0.515283 0.465500
vt 0.562944 0.465500
vt 0.553411 0.461448
vt 0.553411 0.465500
vt 0.800423 0.483857
vt 0.806514 0.489138
vt 0.792809 0.487377
vt 0.553411 0.495890
vt 0.539113 0.489812
vt 0.524815 0.495890
vt 0.562944 0.465500
vt 0.553411 0.465500
vt 0.553411 0.469552
vt 0.562944 0.479682
vt 0.553411 0.479682
vt 0.553411 0.483734
vt 0.524815 0.483734
vt 0.515283 0.479682
vt 0.515283 0.483734
vt 0.524815 0.479682
vt 0.524815 0.475630
vt 0.515283 0.479682
vt 0.524815 0.465500
vt 0.524815 0.461448
vt 0.515283 0.465500
vt 0.779104 0.489138
vt 0.792809 0.487377
vt 0.806514 0.489138
vt 0.524815 0.495890
vt 0.539113 0.489812
vt 0.524815 0.489812
vt 0.553411 0.489812
vt 0.553411 0.495890
vt 0.562944 0.483734
vt 0.515283 0.483734
vt 0.524815 0.495890
vt 0.524815 0.489812
vt 0.800423 0.483857
vt 0.815651 0.478576
vt 0.806514 0.489138
vt 0.785195 0.483857
vt 0.792809 0.487377
vt 0.779104 0.489138
vt 0.562944 0.465500
vt 0.553411 0.469552
vt 0.562944 0.472591
vt 0.562944 0.472591
vt 0.553411 0.469552
vt 0.553411 0.475630
vt 0.524815 0.469552
vt 0.515283 0.465500
vt 0.515283 0.472591
vt 0.785195 0.462733
vt 0.769968 0.462733
vt 0.785195 0.459213
vt 0.800423 0.459213
vt 0.815651 0.460973
vt 0.815651 0.462733
vt 0.626491 0.493169
vt 0.626491 0.487786
vt 0.616959 0.487786
vt 0.680507 0.458409
vt 0.670975 0.465500
vt 0.680507 0.463474
vt 0.964882 0.464494
vt 0.949654 0.460973
vt 0.964882 0.462706
vt 0.785999 0.405727
vt 0.763213 0.404874
vt 0.762500 0.427578
vt 0.562944 0.459090
vt 0.564547 0.452005
vt 0.555217 0.453036
vt 0.562944 0.459090
vt 0.572775 0.456367
vt 0.564547 0.452005
vt 0.666083 0.454566
vt 0.667798 0.461610
vt 0.675728 0.455044
vt 0.666083 0.454566
vt 0.656403 0.457594
vt 0.667798 0.461610
vt 0.798257 0.439074
vt 0.835839 0.437297
vt 0.797285 0.425366
vt 0.868795 0.425092
vt 0.857315 0.437317
vt 0.886373 0.437302
vt 0.777713 0.436258
vt 0.798257 0.439074
vt 0.797285 0.425366
vt 0.934427 0.474175
vt 0.919199 0.471535
vt 0.934427 0.468894
vt 0.964882 0.471535
vt 0.949654 0.474175
vt 0.949654 0.468894
vt 0.964882 0.464494
vt 0.949654 0.464494
vt 0.949654 0.460973
vt 0.709104 0.493169
vt 0.694806 0.493169
vt 0.709104 0.498234
vt 0.919199 0.464494
vt 0.919199 0.462638
vt 0.934427 0.460973
vt 0.949654 0.489138
vt 0.942041 0.491778
vt 0.934427 0.489138
vt 0.680507 0.487786
vt 0.680507 0.483734
vt 0.670975 0.483734
vt 0.718636 0.487786
vt 0.718636 0.483734
vt 0.709104 0.487786
vt 0.680507 0.479682
vt 0.670975 0.475630
vt 0.670975 0.483734
vt 0.718636 0.483734
vt 0.709104 0.479682
vt 0.709104 0.483734
vt 0.562944 0.465500
vt 0.562944 0.463474
vt 0.553411 0.461448
vt 0.524815 0.457396
vt 0.515283 0.463474
vt 0.524815 0.461448
vt 0.572476 0.477656
vt 0.572476 0.470565
vt 0.562944 0.474111
vt 0.830878 0.463614
vt 0.815651 0.463614
vt 0.830878 0.460093
vt 0.846106 0.460093
vt 0.861334 0.461853
vt 0.861334 0.463614
vt 0.610604 0.466513
vt 0.610604 0.464487
vt 0.601072 0.462461
vt 0.572476 0.457396
vt 0.562944 0.464487
vt 0.572476 0.462461
vt 0.524815 0.489812
vt 0.524815 0.483734
vt 0.515283 0.483734
vt 0.785195 0.483857
vt 0.779104 0.489138
vt 0.769968 0.478576
vt 0.553411 0.489812
vt 0.562944 0.483734
vt 0.553411 0.483734
vt 0.785195 0.471535
vt 0.769968 0.468894
vt 0.785195 0.466254
vt 0.815651 0.468894
vt 0.800423 0.471535
vt 0.800423 0.466254
vt 0.800423 0.462733
vt 0.800423 0.459213
vt 0.815651 0.462733
vn -0.4503 0.0298 0.8924
vn -0.4489 0.0283 0.8931
vn -0.4456 0.0248 0.8949
vn -0.4545 0.0343 0.8900
vn 0.3612 0.7493 -0.5550
vn 0.3677 0.7495 -0.5505
vn 0.3300 0.7478 -0.5760
vn 0.3988 0.7497 -0.5281
vn -0.5798 -0.1151 -0.8065
vn -0.5610 -0.0218 -0.8275
vn -0.5983 -0.2601 -0.7579
vn -0.5072 0.1657 -0.8457
vn -0.4015 -0.4021 -0.8228
vn -0.4017 -0.4004 -0.8235
vn -0.3903 -0.4936 -0.7772
vn -0.4092 -0.2923 -0.8643
vn 0.6460 0.7044 0.2942
vn 0.6454 0.7052 0.2933
vn 0.6244 0.7356 0.2625
vn 0.6658 0.6718 0.3247
vn 0.5365 0.6209 -0.5715
vn 0.5366 0.6206 -0.5718
vn 0.5364 0.6212 -0.5712
vn 0.7308 0.6273 0.2690
vn 0.7185 0.6340 0.2860
vn 0.6915 0.6470 0.3211
vn 0.7515 0.6149 0.2391
vn -0.4183 -0.1397 0.8974
vn -0.4495 -0.3497 0.8220
vn -0.4580 -0.4980 0.7363
vn -0.3488 0.1347 0.9275
vn -0.9224 0.3859 -0.0174
vn -0.9231 0.3841 -0.0184
vn -0.9236 0.3829 -0.0191
vn -0.9219 0.3871 -0.0168
vn -0.5197 0.0938 -0.8491
vn -0.4234 -0.0973 -0.9007
vn -0.3956 -0.1452 -0.9069
vn -0.5876 0.2704 -0.7626
vn 0.6429 0.5148 -0.5671
vn 0.6419 0.5150 -0.5680
vn 0.6444 0.5145 -0.5656
vn 0.6402 0.5154 -0.5697
vn -0.4232 -0.3548 -0.8336
vn -0.4249 -0.3544 -0.8329
vn -0.3465 -0.3702 -0.8619
vn -0.5178 -0.3313 -0.7887
vn -0.2188 -0.1990 0.9552
vn -0.2014 -0.2048 0.9578
vn -0.3354 -0.1575 0.9288
vn -0.1251 -0.2293 0.9653
vn 0.9216 0.2191 0.3203
vn 0.9217 0.2194 0.3200
vn 0.9198 0.2044 0.3348
vn 0.9228 0.2311 0.3081
vn 0.7969 0.0949 -0.5966
vn 0.7974 0.0965 -0.5957
vn 0.7964 0.0930 -0.5976
vn 0.5572 -0.8303 0.0050
vn 0.5178 -0.8553 -0.0192
vn 0.6771 -0.7308 0.0857
vn 0.4630 -0.8848 -0.0515
vn 0.7199 0.5629 -0.4060
vn 0.7150 0.5655 -0.4111
vn 0.7424 0.5503 -0.3820
vn 0.6927 0.5765 -0.4333
vn 0.7512 0.4929 0.4389
vn 0.7527 0.4920 0.4374
vn 0.7715 0.4801 0.4173
vn 0.7331 0.5036 0.4571
vn 0.6389 0.6590 -0.3969
vn 0.6411 0.6491 -0.4093
vn 0.6441 0.6342 -0.4276
vn 0.6355 0.6723 -0.3795
vn 0.3498 0.8773 0.3284
vn 0.3529 0.8749 0.3315
vn 0.3027 0.9098 0.2839
vn 0.3985 0.8372 0.3746
vn -0.4551 -0.6181 0.6410
vn -0.4287 -0.6095 0.6668
vn -0.5391 -0.6403 0.5471
vn -0.3184 -0.5671 0.7596
vn -0.1968 -0.9803 0.0146
vn -0.1389 -0.9887 0.0566
vn -0.2808 -0.9586 -0.0478
vn -0.0424 -0.9913 0.1248
vn 0.6890 0.5437 0.4792
vn 0.6884 0.5455 0.4780
vn 0.6819 0.5642 0.4654
vn 0.6961 0.5212 0.4937
vn 0.7403 0.5659 -0.3628
vn 0.7424 0.5548 -0.3754
vn 0.7495 0.4982 -0.4358
vn 0.7284 0.6137 -0.3047
vn 0.0947 0.9876 0.1249
vn 0.0933 0.9883 0.1210
vn 0.0954 0.9873 0.1267
vn 0.0925 0.9886 0.1186
vn 0.1008 0.9877 -0.1191
vn 0.1006 0.9878 -0.1186
vn 0.1005 0.9879 -0.1183
vn 0.1009 0.9877 -0.1193
vn 0.1042 0.0555 0.9930
vn 0.1083 0.0510 0.9928
vn 0.0853 0.0760 0.9934
vn 0.1266 0.0310 0.9915
vn 0.8841 0.1800 0.4312
vn 0.8840 0.1801 0.4313
vn 0.8842 0.1800 0.4311
vn 0.8736 0.1996 -0.4437
vn 0.8703 0.2037 -0.4483
vn 0.8878 0.1814 -0.4229
vn 0.8547 0.2221 -0.4692
vn 0.2288 0.8433 -0.4863
vn 0.2302 0.8415 -0.4886
vn 0.2440 0.8235 -0.5121
vn 0.2134 0.8618 -0.4602
vn 0.4389 0.8470 0.2997
vn 0.4270 0.8476 0.3150
vn 0.3757 0.8463 0.3776
vn 0.4849 0.8418 0.2372
vn -0.3326 0.5734 -0.7487
vn -0.0183 0.7205 -0.6932
vn -0.4381 0.5014 -0.7461
vn 0.2065 0.7714 -0.6019
vn -0.3892 0.9211 0.0038
vn -0.3916 0.9201 0.0055
vn -0.3833 0.9236 -0.0005
vn -0.3951 0.9186 0.0081
vn 0.5611 -0.7897 0.2480
vn 0.5593 -0.7904 0.2496
vn 0.5756 -0.7834 0.2344
vn 0.5428 -0.7970 0.2647
vn 0.5813 -0.7463 -0.3242
vn 0.5777 -0.7472 -0.3284
vn 0.5653 -0.7504 -0.3426
vn 0.5913 -0.7435 -0.3124
vn 0.1013 -0.9677 0.2306
vn 0.0988 -0.9689 0.2268
vn 0.0937 -0.9711 0.2193
vn 0.1055 -0.9658 0.2367
vn 0.0765 -0.8852 -0.4589
vn 0.0421 -0.9178 -0.3947
vn 0.1031 -0.8556 -0.5072
vn 0.0121 -0.9413 -0.3372
vn -0.0008 0.6955 -0.7185
vn 0.0086 0.7060 -0.7081
vn -0.0609 0.6229 -0.7799
vn 0.0475 0.7475 -0.6625
vn -0.2654 -0.7734 -0.5756
vn -0.2578 -0.7873 -0.5600
vn -0.2517 -0.7981 -0.5474
vn -0.2716 -0.7613 -0.5886
vn 0.0545 0.4756 0.8779
vn 0.0731 0.5027 0.8613
vn 0.1526 0.6123 0.7758
vn -0.0321 0.3424 0.9390
vn -0.2686 -0.8815 0.3884
vn -0.2510 -0.9023 0.3504
vn -0.2922 -0.8492 0.4397
vn -0.2308 -0.9230 0.3077
vn -0.9866 0.1624 0.0169
vn -0.9857 0.1678 0.0125
vn -0.9897 0.1386 0.0363
vn -0.9814 0.1918 -0.0072
vn 0.5795 -0.8125 0.0631
vn 0.5867 -0.8063 0.0747
vn 0.5998 -0.7943 0.0961
vn 0.5630 -0.8256 0.0374
vn 0.7447 -0.4536 -0.4895
vn 0.7438 -0.4542 -0.4903
vn 0.7676 -0.4384 -0.4675
vn 0.7205 -0.4685 -0.5112
vn 0.8046 -0.5939 -0.0002
vn 0.8068 -0.5908 0.0050
vn 0.8113 -0.5843 0.0158
vn 0.7996 -0.6003 -0.0114
vn 0.8608 0.2987 -0.4121
vn 0.8500 0.3078 -0.4275
vn 0.8907 0.2706 -0.3652
vn 0.8179 0.3326 -0.4694
vn -0.6050 0.7957 -0.0279
vn -0.6037 0.7968 -0.0262
vn -0.5936 0.8046 -0.0139
vn -0.6146 0.7878 -0.0400
vn 0.8154 0.3275 0.4772
vn 0.8149 0.3232 0.4812
vn 0.8177 0.3481 0.4585
vn 0.8118 0.3019 0.4998
vn -0.9717 -0.2360 -0.0039
vn -0.9718 -0.2355 -0.0036
vn -0.9720 -0.2347 -0.0030
vn -0.9715 -0.2368 -0.0045
vn 0.7208 -0.4741 0.5055
vn 0.7217 -0.4736 0.5048
vn 0.7325 -0.4665 0.4957
vn 0.7094 -0.4813 0.5148
vn -0.7264 -0.6356 -0.2612
vn -0.7032 -0.6756 -0.2214
vn -0.7688 -0.5368 -0.3475
vn -0.6073 -0.7901 -0.0832
vn -0.2019 0.4894 0.8483
vn -0.3916 0.1675 0.9047
vn -0.4245 0.0965 0.9002
vn -0.1418 0.5695 0.8096
vn -0.6791 -0.7335 -0.0285
vn -0.6792 -0.7334 -0.0283
vn -0.6789 -0.7336 -0.0287
vn -0.7187 -0.5353 -0.4437
vn -0.7842 -0.4943 -0.3749
vn -0.8344 -0.4544 -0.3119
vn -0.6300 -0.5769 -0.5199
vn -0.0315 -0.9994 -0.0144
vn -0.0280 -0.9996 -0.0052
vn 0.0062 -0.9965 0.0830
vn -0.0808 -0.9864 -0.1428
vn 0.6633 0.6346 0.3966
vn 0.6639 0.6319 0.3999
vn 0.6620 0.6399 0.3903
vn 0.6651 0.6263 0.4066
vn 0.6573 0.6765 -0.3320
vn 0.6539 0.6869 -0.3169
vn 0.6468 0.7063 -0.2875
vn 0.6623 0.6588 -0.3568
vn -0.2141 -0.8605 0.4623
vn -0.2130 -0.8611 0.4617
vn -0.2110 -0.8621 0.4606
vn -0.2166 -0.8592 0.4635
vn 0.8507 0.2459 0.4646
vn 0.8592 0.2392 0.4523
vn 0.8722 0.2284 0.4324
vn 0.8369 0.2563 0.4835
vn 0.8632 0.2637 -0.4303
vn 0.8808 0.2482 -0.4032
vn 0.8408 0.2819 -0.4622
vn 0.9003 0.2292 -0.3700
vn -0.4097 0.4686 -0.7826
vn -0.1899 0.7284 -0.6583
vn -0.4565 0.3938 -0.7978
vn -0.1150 0.7909 -0.6010
vn -0.3565 -0.9342 -0.0107
vn -0.3553 -0.9347 -0.0092
vn -0.3518 -0.9361 -0.0046
vn -0.3594 -0.9330 -0.0144
vn 0.6396 0.6542 0.4036
vn 0.6405 0.6501 0.4087
vn 0.6384 0.6593 0.3971
vn 0.6416 0.6449 0.4153
vn 0.3191 -0.9387 0.1307
vn 0.3492 -0.9239 0.1563
vn 0.1839 -0.9828 0.0188
vn 0.4573 -0.8534 0.2503
vn 0.0051 -0.9849 -0.1732
vn 0.0981 -0.9817 -0.1628
vn -0.0291 -0.9838 -0.1766
vn 0.1408 -0.9774 -0.1575
vn 0.3854 0.8245 0.4142
vn 0.3794 0.8376 0.3929
vn 0.3909 0.8114 0.4345
vn 0.3744 0.8479 0.3753
vn -0.4623 -0.0217 0.8864
vn -0.4724 -0.0816 0.8776
vn -0.4803 -0.1378 0.8662
vn -0.4471 0.0535 0.8928
vn 0.3605 0.8494 -0.3855
vn 0.3756 0.8512 -0.3666
vn 0.3501 0.8478 -0.3982
vn 0.3874 0.8523 -0.3514
vn 0.2003 -0.9306 -0.3064
vn 0.1816 -0.9250 -0.3336
vn 0.1688 -0.9207 -0.3517
vn 0.2144 -0.9340 -0.2855
vn 0.0583 -0.9056 0.4200
vn 0.1012 -0.9219 0.3739
vn 0.0080 -0.8818 0.4714
vn 0.1440 -0.9344 0.3257
vn 0.3762 0.8417 0.3873
vn 0.3675 0.8599 0.3542
vn 0.3823 0.8274 0.4114
vn 0.3608 0.8723 0.3299
vn 0.3461 0.8672 -0.3580
vn 0.3705 0.8712 -0.3221
vn 0.3311 0.8640 -0.3793
vn 0.3853 0.8728 -0.2995
vn -0.2716 -0.9621 -0.0248
vn -0.2738 -0.9614 -0.0280
vn -0.2776 -0.9601 -0.0335
vn -0.2676 -0.9633 -0.0190
vn -0.9666 -0.2540 0.0330
vn -0.9665 -0.2547 0.0320
vn -0.9671 -0.2517 0.0359
vn -0.9659 -0.2571 0.0290
vn -0.2185 0.4944 0.8413
vn -0.2194 0.4869 0.8454
vn -0.1976 0.6298 0.7511
vn -0.2360 0.3106 0.9208
vn -0.9070 -0.4196 -0.0343
vn -0.9072 -0.4193 -0.0342
vn -0.9073 -0.4190 -0.0341
vn -0.9069 -0.4198 -0.0345
vn -0.2679 0.5597 -0.7841
vn -0.2688 0.5457 -0.7937
vn -0.2742 0.4138 -0.8681
vn -0.2573 0.6652 -0.7009
vn 0.8666 -0.1268 0.4826
vn 0.8609 -0.1329 0.4910
vn 0.8740 -0.1186 0.4712
vn 0.8520 -0.1423 0.5038
vn 0.8735 -0.0942 -0.4776
vn 0.8691 -0.0866 -0.4869
vn 0.8790 -0.1044 -0.4652
vn 0.8641 -0.0780 -0.4971
vn -0.1916 0.9814 0.0114
vn -0.1920 0.9813 0.0118
vn -0.1859 0.9825 0.0064
vn -0.1978 0.9801 0.0168
vn 0.4855 -0.7665 0.4205
vn 0.4900 -0.7555 0.4349
vn 0.5026 -0.7208 0.4773
vn 0.4710 -0.7977 0.3767
vn -0.1471 0.9891 -0.0002
vn 0.7226 0.5412 -0.4300
vn 0.7184 0.5366 -0.4425
vn 0.7363 0.5565 -0.3848
vn 0.7058 0.5232 -0.4776
vn 0.2046 -0.1186 -0.9716
vn 0.1924 -0.1185 -0.9741
vn 0.1679 -0.1183 -0.9787
vn 0.2291 -0.1187 -0.9661
vn -0.4297 -0.1887 -0.8830
vn -0.4432 -0.1778 -0.8786
vn -0.4617 -0.1626 -0.8720
vn -0.4099 -0.2045 -0.8889
vn -0.2917 -0.5152 -0.8059
vn -0.2852 -0.5143 -0.8088
vn -0.2702 -0.5122 -0.8152
vn -0.3263 -0.5194 -0.7897
vn -0.5991 -0.7867 0.1484
vn -0.6134 -0.7725 0.1643
vn -0.6369 -0.7468 0.1913
vn -0.5726 -0.8110 0.1197
vn -0.1885 -0.9691 0.1590
vn -0.1888 -0.9694 0.1570
vn -0.1904 -0.9704 0.1486
vn -0.1867 -0.9679 0.1682
vn -0.1021 -0.3445 0.9332
vn -0.0981 -0.3626 0.9268
vn -0.0891 -0.4015 0.9115
vn -0.1184 -0.2691 0.9558
vn -0.1690 -0.6254 -0.7618
vn -0.1691 -0.6251 -0.7620
vn -0.1686 -0.6262 -0.7612
vn -0.1694 -0.6243 -0.7625
vn -0.8882 -0.4593 -0.0041
vn -0.8876 -0.4606 -0.0057
vn -0.8952 -0.4455 0.0132
vn -0.8800 -0.4743 -0.0233
vn 0.2575 0.9167 0.3053
vn 0.2562 0.9176 0.3038
vn 0.2713 0.9071 0.3218
vn 0.2459 0.9243 0.2917
vn 0.1234 0.8692 -0.4787
vn 0.1211 0.8690 -0.4798
vn 0.0734 0.8622 -0.5011
vn 0.1794 0.8740 -0.4516
vn -0.1548 0.3499 -0.9239
vn -0.1552 0.3477 -0.9246
vn -0.1518 0.3657 -0.9182
vn -0.1585 0.3293 -0.9308
vn -0.4993 -0.0448 -0.8652
vn -0.4994 -0.0438 -0.8652
vn -0.5090 0.0372 -0.8599
vn -0.4859 -0.1279 -0.8646
vn -0.0851 -0.9948 0.0551
vn -0.0740 -0.9946 0.0724
vn -0.0633 -0.9940 0.0890
vn -0.0962 -0.9946 0.0377
vn -0.3520 -0.2469 0.9028
vn -0.3554 -0.2767 0.8928
vn -0.3592 -0.3135 0.8790
vn -0.3468 -0.2061 0.9150
vn -0.1936 -0.9778 0.0802
vn -0.1946 -0.9774 0.0816
vn -0.1925 -0.9781 0.0788
vn -0.9627 0.2704 -0.0022
vn -0.9627 0.2703 -0.0023
vn -0.9627 0.2705 -0.0022
vn 0.5578 0.7920 0.2478
vn 0.5612 0.7878 0.2536
vn 0.5492 0.8025 0.2332
vn 0.5696 0.7770 0.2680
vn 0.4146 0.7068 -0.5732
vn 0.4196 0.7068 -0.5695
vn 0.3984 0.7066 -0.5848
vn 0.4353 0.7066 -0.5578
vn 0.5380 -0.1879 -0.8217
vn 0.5472 -0.1836 -0.8166
vn 0.4551 -0.2241 -0.8618
vn 0.6352 -0.1396 -0.7596
vn 0.3029 -0.1311 -0.9440
vn 0.2873 -0.1330 -0.9485
vn 0.2495 -0.1375 -0.9586
vn 0.3433 -0.1259 -0.9307
vn 0.3889 0.8446 0.3678
vn 0.3741 0.8496 0.3718
vn 0.4086 0.8377 0.3623
vn 0.3558 0.8553 0.3765
vn 0.0356 -0.0044 -0.9993
vn 0.0356 -0.0043 -0.9993
vn 0.0357 -0.0055 -0.9993
vn 0.0355 -0.0034 -0.9994
vn -0.0914 0.1817 -0.9791
vn -0.0872 0.1807 -0.9796
vn -0.0742 0.1774 -0.9813
vn -0.1066 0.1855 -0.9768
vn 0.3650 0.9100 0.1964
vn 0.3806 0.8912 0.2467
vn 0.4136 0.8334 0.3664
vn 0.3264 0.9416 0.0825
vn 0.1428 -0.8062 -0.5741
vn 0.1427 -0.8063 -0.5741
vn 0.1429 -0.8062 -0.5741
vn 0.0117 -0.7495 -0.6619
vn 0.0108 -0.7477 -0.6639
vn 0.0231 -0.7710 -0.6364
vn -0.0013 -0.7239 -0.6898
vn -0.1403 -0.5116 0.8477
vn -0.2028 -0.3968 0.8952
vn -0.3027 -0.1769 0.9365
vn 0.0359 -0.7638 0.6444
vn -0.2708 -0.5004 -0.8224
vn -0.2593 -0.4989 -0.8270
vn -0.3376 -0.5077 -0.7926
vn -0.1823 -0.4868 -0.8542
vn -0.3940 -0.2607 -0.8813
vn -0.3915 -0.2604 -0.8825
vn -0.2515 -0.2432 -0.9368
vn -0.5053 -0.2705 -0.8194
vn 0.6090 0.7792 0.1484
vn -0.7879 0.1410 0.5994
vn -0.8488 -0.0186 0.5284
vn 0.8040 0.5843 -0.1102
vn -0.4490 -0.2130 0.8678
vn -0.4915 -0.2262 0.8410
vn -0.3191 -0.1714 0.9321
vn -0.5816 -0.2536 0.7729
vn 0.7897 0.6134 -0.0102
vn 0.7994 0.6008 -0.0034
vn 0.8051 0.5932 0.0007
vn 0.7837 0.6209 -0.0143
vn 0.4342 0.2168 0.8743
vn -0.1770 -0.7160 -0.6753
vn -0.2155 -0.6636 -0.7163
vn 0.3913 0.3332 0.8578
vn 0.3968 -0.3136 0.8626
vn 0.3966 -0.3173 0.8614
vn 0.3899 -0.0110 0.9208
vn 0.3757 -0.5316 0.7591
vn 0.5162 -0.7521 -0.4096
vn 0.5210 -0.7417 -0.4224
vn 0.5033 -0.7775 -0.3771
vn 0.5322 -0.7154 -0.4527
vn 0.0829 0.2298 0.9697
vn 0.0817 0.2381 0.9678
vn 0.0889 0.1886 0.9780
vn 0.0721 0.3002 0.9511
vn -0.1105 0.3547 0.9284
vn -0.1236 0.3824 0.9156
vn -0.1380 0.4127 0.9003
vn -0.0950 0.3217 0.9420
vn 0.3106 -0.1821 0.9329
vn 0.3132 -0.1874 0.9310
vn 0.3152 -0.1915 0.9295
vn 0.3078 -0.1764 0.9349
vn -0.3216 0.5029 0.8022
vn -0.3075 0.4674 0.8288
vn -0.2884 0.4202 0.8603
vn -0.3357 0.5393 0.7722
vn 0.1071 -0.2024 0.9734
vn 0.2097 -0.1555 0.9653
vn 0.0321 -0.2347 0.9715
vn 0.3039 -0.1095 0.9463
vn 0.2429 -0.2633 0.9336
vn 0.2669 -0.2477 0.9313
vn 0.2244 -0.2751 0.9348
vn 0.2990 -0.2263 0.9270
vn 0.2587 -0.3563 0.8978
vn 0.2481 -0.3704 0.8951
vn 0.1409 -0.5006 0.8541
vn 0.3579 -0.2133 0.9090
vn 0.3072 -0.3745 -0.8748
vn 0.2795 -0.4034 -0.8712
vn 0.1284 -0.5428 -0.8300
vn 0.4324 -0.2284 -0.8722
vn -0.6073 -0.7742 0.1779
vn -0.6073 -0.7742 0.1780
vn -0.6073 -0.7743 0.1778
vn -0.6074 -0.7742 0.1780
vn -0.5062 -0.0813 -0.8585
vn -0.4926 -0.0933 -0.8652
vn -0.4417 -0.1365 -0.8867
vn -0.5727 -0.0197 -0.8195
vn 0.0018 0.9969 0.0782
vn 0.0037 0.9968 0.0800
vn -0.0150 0.9980 0.0613
vn 0.0215 0.9950 0.0978
vn 0.8527 0.0108 -0.5222
vn 0.8532 0.0099 -0.5214
vn 0.8469 0.0208 -0.5313
vn 0.8587 0.0002 -0.5125
vn 0.0484 0.1256 -0.9909
vn 0.0622 0.1157 -0.9913
vn 0.0257 0.1417 -0.9896
vn 0.0825 0.1012 -0.9914
vn 0.8758 0.0473 0.4803
vn 0.8760 0.0469 0.4800
vn 0.8683 0.0614 0.4921
vn 0.8832 0.0326 0.4678
vn -0.1980 -0.2169 0.9559
vn -0.1945 -0.2561 0.9468
vn -0.1839 -0.3557 0.9163
vn -0.2057 -0.1126 0.9721
vn -0.0118 0.4785 0.8780
vn -0.4984 0.2594 0.8272
vn -0.6867 0.1245 0.7162
vn 0.2524 0.5407 0.8024
vn 0.0316 0.8869 0.4609
vn 0.0324 0.8861 0.4623
vn 0.0308 0.8878 0.4592
vn 0.0331 0.8854 0.4637
vn 0.2285 -0.7746 0.5897
vn 0.2257 -0.7759 0.5891
vn 0.2316 -0.7732 0.5903
vn 0.2238 -0.7768 0.5886
vn 0.2145 -0.9752 -0.0537
vn 0.1874 -0.9803 -0.0631
vn 0.2173 -0.9747 -0.0527
vn 0.1772 -0.9819 -0.0666
vn 0.2857 -0.9199 0.2686
vn 0.2641 -0.9242 0.2758
vn 0.2597 -0.9250 0.2772
vn 0.2899 -0.9190 0.2672
vn 0.8708 0.0999 -0.4813
vn 0.8701 0.0981 -0.4829
vn 0.8584 0.0696 -0.5082
vn 0.8799 0.1249 -0.4584
vn -0.0652 -0.7754 0.6280
vn -0.0537 -0.7710 0.6345
vn -0.0875 -0.7835 0.6152
vn -0.0330 -0.7627 0.6458
vn -0.2188 -0.7583 0.6141
vn -0.2108 -0.7550 0.6209
vn -0.2385 -0.7662 0.5967
vn -0.1903 -0.7460 0.6381
vn -0.1250 -0.9917 0.0285
vn -0.1734 -0.9848 -0.0044
vn -0.0685 -0.9954 0.0664
vn -0.2372 -0.9702 -0.0483
vn 0.8674 0.0951 0.4884
vn 0.8674 0.0952 0.4883
vn 0.8683 0.0979 0.4863
vn 0.8664 0.0920 0.4908
vn -0.8420 -0.5201 0.1434
vn -0.8362 -0.5263 0.1542
vn -0.8177 -0.5445 0.1868
vn -0.8583 -0.5010 0.1110
vn -0.9991 -0.0293 0.0299
vn -0.9991 -0.0217 0.0352
vn -0.9990 -0.0113 0.0424
vn -0.9989 -0.0399 0.0225
vn -0.0892 -0.9955 -0.0319
vn -0.0892 -0.9955 -0.0320
vn -0.0889 -0.9955 -0.0317
vn -0.0895 -0.9955 -0.0322
vn 0.7344 -0.4920 0.4675
vn 0.7568 -0.4861 0.4369
vn 0.7243 -0.4944 0.4805
vn 0.7691 -0.4825 0.4192
vn 0.8803 -0.3538 0.3160
vn 0.8759 -0.3588 0.3224
vn 0.8856 -0.3474 0.3081
vn 0.8693 -0.3663 0.3318
vn 0.9063 -0.2075 -0.3680
vn 0.9110 -0.2333 -0.3400
vn 0.8962 -0.1661 -0.4113
vn 0.9152 -0.2673 -0.3016
vn 0.7499 -0.3793 -0.5420
vn 0.7507 -0.3786 -0.5413
vn 0.7765 -0.3564 -0.5196
vn 0.7193 -0.4035 -0.5654
vn 0.3363 0.9409 0.0391
vn 0.3441 0.9384 0.0330
vn 0.3256 0.9443 0.0474
vn 0.3542 0.9348 0.0251
vn 0.4483 0.8533 -0.2662
vn 0.4492 0.8532 -0.2650
vn 0.4478 0.8533 -0.2670
vn 0.4498 0.8531 -0.2640
vn -0.1183 0.9687 0.2182
vn -0.1318 0.9750 0.1788
vn -0.1106 0.9644 0.2401
vn -0.1379 0.9773 0.1610
vn -0.1883 0.9432 -0.2734
vn -0.1746 0.9376 -0.3006
vn -0.1667 0.9339 -0.3162
vn -0.2006 0.9476 -0.2486
vn 0.7739 -0.3926 0.4968
vn 0.7743 -0.3922 0.4965
vn 0.7291 -0.4295 0.5328
vn 0.8096 -0.3593 0.4642
vn 0.0210 0.9553 -0.2948
vn 0.0427 0.9346 -0.3530
vn 0.0572 0.9185 -0.3912
vn 0.0042 0.9685 -0.2488
vn -0.4140 -0.0875 0.9060
vn -0.4133 -0.0881 0.9063
vn -0.4153 -0.0862 0.9055
vn -0.4122 -0.0891 0.9067
vn 0.3465 0.6824 0.6435
vn 0.3266 0.7362 0.5928
vn 0.3709 0.6012 0.7078
vn 0.2987 0.7976 0.5239
vn 0.2360 -0.0079 -0.9717
vn 0.8109 -0.5824 -0.0558
vn 0.7864 -0.6077 -0.1107
vn 0.8498 -0.4864 -0.2030
vn 0.6451 -0.7640 0.0072
vn 0.3491 0.7418 0.5726
vn 0.2202 0.9437 -0.2468
vn -0.7541 -0.6529 -0.0706
vn -0.8565 0.3136 -0.4098
vn 0.2115 0.7904 -0.5748
vn 0.4132 0.6673 0.6197
vn 0.7862 -0.5896 -0.1850
vn 0.7421 -0.4684 0.4795
vn 0.4747 0.7920 0.3838
vn 0.3758 0.8307 -0.4107
vn -0.3671 -0.3598 0.8577
vn 0.4234 0.8863 0.1876
vn -0.4339 -0.8998 0.0463
vn -0.4743 -0.8793 0.0431
vn 0.5639 0.6260 -0.5387
vn 0.5244 0.5858 -0.6178
vn -0.8721 -0.2826 -0.3994
vn -0.7676 0.4647 0.4415
vn -0.7675 0.4647 0.4415
vn -0.8619 -0.2724 0.4277
vn 0.0058 -0.1171 0.9931
vn -0.2480 -0.9661 0.0711
vn 0.1412 -0.6842 0.7155
vn -0.5348 -0.8317 -0.1492
vn -0.4673 -0.8826 0.0516
vn 0.5124 0.5846 -0.6290
vn 0.7256 0.5702 0.3851
vn 0.4667 0.6506 -0.5990
vn 0.5604 0.6293 -0.5384
vn 0.4450 0.6500 -0.6159
vn 0.8335 -0.5253 -0.1713
vn 0.7814 0.5106 0.3587
vn 0.4722 -0.8562 -0.2096
vn -0.1768 -0.4834 0.8573
vn -0.6743 -0.7230 -0.1501
vn 0.9373 0.3470 -0.0330
vn 0.6003 0.6848 0.4131
vn -0.1291 0.9846 -0.1181
vn -0.1808 0.9047 -0.3857
vn -0.8778 -0.2699 -0.3958
vn -0.9123 -0.2125 0.3500
vn -0.3725 0.6380 0.6739
vn -0.2681 0.7112 -0.6498
vn -0.3775 -0.7492 -0.5441
vn 0.2394 -0.7665 -0.5959
vn 0.6809 -0.7266 0.0914
vn -0.1112 0.3494 0.9303
vn -0.0420 0.4424 0.8958
vn 0.2783 -0.9168 0.2863
vn -0.0698 0.6555 -0.7519
vn 0.1244 -0.2421 -0.9622
vn 0.5169 0.8312 0.2046
vn 0.7509 0.6239 -0.2163
vn 0.6869 0.5445 0.4813
vn 0.4590 0.8520 -0.2516
vn -0.6798 -0.7193 -0.1428
vn -0.0818 -0.6970 0.7124
vn 0.0021 -0.9955 0.0939
vn -0.3523 0.7303 -0.5852
vn -0.2509 0.6576 0.7104
vn 0.1307 0.4129 0.9013
vn -0.4945 -0.6610 -0.5643
vn 0.1205 -0.9237 0.3636
vn 0.8751 -0.4259 -0.2298
vn -0.2431 -0.4995 0.8315
vn 0.1585 -0.2000 -0.9669
vn 0.0324 -0.6028 0.7972
vn 0.3031 -0.0582 0.9512
vn 0.1313 0.2921 -0.9473
vn 0.0714 -0.2780 -0.9579
vn 0.6118 -0.7299 -0.3047
vn 0.4623 -0.8705 -0.1687
vn 0.2763 -0.9512 0.1373
vn 0.3121 -0.7951 0.5200
vn -0.2852 0.3497 -0.8924
vn -0.1919 0.2279 -0.9546
vn -0.0945 0.2860 -0.9536
vn -0.0321 0.1887 -0.9815
vn -0.2233 0.4585 -0.8601
vn -0.0885 0.3080 -0.9472
vn -0.6506 0.7593 0.0123
vn -0.7635 0.5140 -0.3911
vn -0.8405 -0.3246 0.4338
vn -0.7670 -0.6411 0.0255
vn -0.1794 -0.3684 0.9122
vn 0.4370 -0.7803 -0.4473
vn -0.1691 -0.6240 -0.7628
vn -0.3553 -0.4568 -0.8155
vn -0.3148 -0.3066 0.8983
vn 0.0272 -0.4504 -0.8924
vn -0.2269 -0.4490 0.8642
vn -0.0089 0.6447 -0.7644
vn 0.1603 0.8546 -0.4938
vn 0.1375 0.9488 -0.2844
vn 0.9628 -0.2445 -0.1148
vn 0.9597 -0.2428 -0.1416
vn 0.5875 -0.8085 -0.0333
vn 0.4764 -0.8536 0.2104
vn 0.2367 0.8461 0.4776
vn 0.4664 0.8415 -0.2727
vn 0.2998 0.5495 0.7798
vn 0.0868 -0.0042 -0.9962
vn 0.4754 0.7649 0.4345
vn 0.5669 -0.7905 0.2317
vn 0.6225 -0.7771 0.0923
vn 0.5736 -0.7820 -0.2436
vn 0.9774 -0.1403 -0.1578
vn 0.7023 -0.6864 0.1887
vn 0.5067 0.7138 0.4835
vn 0.1857 -0.1658 0.9685
vn 0.1956 -0.0225 -0.9804
vn 0.0392 0.7324 -0.6797
vn -0.5231 0.0334 -0.8516
vn 0.0284 -0.4209 0.9066
vn 0.2666 0.2856 0.9205
vn 0.0248 -0.0549 -0.9982
vn -0.0570 0.0443 -0.9974
vn 0.0198 -0.7764 0.6299
vn -0.0496 -0.7816 -0.6217
vn 0.3362 -0.2311 0.9130
vn 0.2193 -0.4524 -0.8644
vn 0.1312 -0.0248 0.9910
vn 0.1516 -0.0119 0.9883
vn -0.3943 -0.7442 -0.5392
vn 0.3428 -0.9394 -0.0046
vn 0.0983 0.1008 0.9900
vn -0.1716 -0.9851 0.0103
vn 0.4534 -0.7783 0.4343
vn -0.0044 0.0542 -0.9985
vn 0.1302 -0.0707 -0.9890
vn 0.1055 0.1087 -0.9884
vn 0.0867 -0.1682 -0.9819
vn 0.1514 -0.2246 0.9626
vn 0.1323 0.0214 -0.9910
vn 0.1648 -0.0144 0.9862
vn 0.1145 0.0968 -0.9887
vn 0.0749 0.1023 0.9919
vn 0.1295 0.0595 0.9898
vn 0.1338 0.0058 -0.9910
vn 0.1300 0.0074 0.9915
vn 0.1149 0.0299 -0.9929
vn 0.0941 0.0169 0.9954
vn 0.1296 -0.0719 -0.9890
vn 0.1333 -0.0446 0.9901
vn -0.7406 -0.1376 0.6577
vn 0.0117 -0.3542 -0.9351
vn -0.3580 -0.2606 0.8966
vn -0.3950 -0.1638 -0.9039
vn -0.2200 -0.6198 -0.7533
vn -0.1148 -0.9765 -0.1823
vn -0.2769 -0.3827 0.8814
vn -0.8991 0.4341 -0.0560
vn 0.0685 -0.2768 0.9585
vn 0.1328 0.0850 0.9875
vn 0.3510 -0.0099 -0.9363
vn 0.1099 -0.0481 0.9928
vn 0.0821 0.0305 0.9962
vn 0.1470 0.1367 -0.9796
vn -0.7952 -0.0894 -0.5997
vn -0.1757 -0.9843 0.0183
vn 0.2386 0.0453 -0.9701
vn 0.0945 -0.2234 -0.9701
vn 0.0037 -0.2771 0.9608
vn 0.1677 -0.0824 0.9824
vn 0.0723 0.0360 0.9967
vn -0.8659 -0.4991 0.0342
vn 0.0031 -0.8824 0.4704
vn 0.0004 0.0194 -0.9998
vn -0.1710 -0.4416 -0.8808
vn -0.0689 -0.5444 0.8360
vn -0.6571 -0.0758 -0.7500
vn -0.8107 -0.1484 0.5664
vn 0.2444 0.1605 -0.9563
vn 0.2096 -0.2601 -0.9425
vn -0.8255 0.3465 0.4455
vn -0.7375 0.0673 -0.6719
vn 0.2198 0.0588 0.9738
vn 0.2517 0.0167 0.9676
vn 0.1911 0.2811 0.9404
vn 0.4439 0.6572 -0.6091
vn 0.2180 0.9760 0.0003
vn 0.2313 0.9522 0.1993
vn 0.4370 0.8348 -0.3349
vn 0.2055 0.6314 -0.7477
vn 0.6345 -0.7719 0.0383
vn 0.9883 -0.1449 0.0474
vn -0.1113 0.8752 0.4707
vn -0.1292 0.9846 0.1179
vn -0.0602 0.5779 0.8139
vn -0.0070 0.7322 0.6810
vn 0.1182 0.8075 0.5779
vn 0.5874 -0.8085 -0.0357
vn 0.4179 -0.8113 -0.4089
vn 0.1463 -0.2195 -0.9645
vn 0.0407 -0.4213 0.9060
vn -0.2957 -0.5510 -0.7803
vn -0.3779 -0.7326 0.5661
vn 0.1059 0.0457 -0.9933
vn 0.1335 0.0020 -0.9910
vn 0.0978 0.0467 0.9941
vn -0.1346 -0.6774 0.7232
vn -0.2165 -0.3071 -0.9267
vn -0.0308 0.1067 -0.9938
vn 0.0786 0.0915 0.9927
vn -0.0875 -0.5594 0.8242
vn -0.2352 0.9206 -0.3118
vn -0.3394 0.9290 0.1473
vn -0.4400 0.6685 0.5996
vn 0.0290 -0.9975 0.0641
vn -0.6755 0.7374 -0.0016
vn -0.7671 0.0579 0.6388
vn 0.1839 0.2754 0.9435
vn -0.0200 0.0417 -0.9989
vn 0.2027 0.2223 0.9536
vn 0.0706 0.2033 0.9766
vn -0.0981 0.0570 -0.9935
vn -0.0414 -0.8996 -0.4347
vn 0.8129 -0.5785 -0.0674
vn -0.0029 0.0770 -0.9970
vn -0.0515 0.0208 -0.9984
vn 0.0109 -0.0775 -0.9969
vn 0.2670 -0.0264 0.9633
vn 0.2740 0.2535 0.9277
vn 0.1988 0.2252 0.9538
vn 0.2894 -0.9556 0.0552
vn 0.8773 -0.3254 0.3527
vn -0.0757 0.1546 -0.9850
vn -0.7765 -0.6265 -0.0678
vn -0.8124 -0.5830 -0.0051
vn -0.9029 0.2537 -0.3470
vn -0.8974 0.2610 0.3557
vn -0.9142 -0.2228 -0.3386
vn -0.8743 -0.2814 -0.3956
vn 0.2657 -0.9630 -0.0442
vn -0.2743 -0.2050 -0.9395
vn -0.7603 -0.6413 0.1033
vn 0.0920 0.0725 -0.9931
vn 0.3604 0.9181 0.1646
vn 0.5750 0.7027 -0.4190
vn 0.2632 0.9541 -0.1425
vn 0.3550 -0.3793 -0.8544
vn -0.1822 0.4022 -0.8972
vn -0.6836 0.0758 -0.7259
vn -0.7710 -0.5373 -0.3418
vn -0.6418 0.0412 -0.7657
vn -0.5632 0.0815 -0.8222
vn -0.6357 -0.6828 0.3600
vn 0.6534 -0.7230 0.2240
vn -0.4611 -0.7008 -0.5442
vn 0.8712 -0.4892 -0.0404
vn 0.2034 -0.8650 0.4585
vn 0.5978 -0.6335 0.4912
vn -0.0702 0.6548 -0.7525
vn 0.1149 0.0978 -0.9885
vn 0.0541 0.1502 0.9872
vn -0.3112 0.0173 0.9502
vn -0.1949 0.0882 0.9768
vn -0.2271 0.6368 -0.7368
vn -0.6021 0.1444 -0.7852
vn -0.6948 0.1969 -0.6916
vn -0.0952 0.3502 0.9318
vn 0.2965 0.0218 0.9548
vn 0.0245 0.6401 -0.7678
vn 0.3089 0.6409 0.7027
vn -0.0418 -0.9756 0.2152
vn -0.3307 0.7080 -0.6240
vn 0.0354 0.0675 -0.9971
vn -0.4569 -0.6734 -0.5812
vn -0.3496 -0.3828 0.8551
vn -0.4695 0.8747 0.1198
vn -0.0338 -0.2792 0.9596
vn -0.1454 -0.2172 -0.9652
vn 0.0698 -0.3068 0.9492
vn 0.0602 -0.2330 -0.9706
vn -0.0072 0.1273 0.9918
vn 0.3076 0.2187 -0.9260
vn -0.5957 0.5437 -0.5912
vn -0.7155 -0.6983 -0.0192
vn 0.3630 0.1218 -0.9238
vn -0.0775 -0.2651 -0.9611
vn -0.0815 -0.2539 0.9638
vn 0.1002 -0.1863 0.9773
vn 0.1448 0.0413 0.9886
vn -0.9897 0.1180 0.0803
vn -0.4187 -0.7829 0.4602
vn -0.3599 -0.1869 -0.9141
vn -0.2740 -0.2985 0.9142
vn -0.5981 0.5451 -0.5875
vn -0.5632 0.3544 0.7465
vn 0.1394 0.5710 0.8090
vn 0.3796 0.0438 -0.9241
vn 0.1311 -0.1105 0.9852
vn -0.0728 -0.8409 0.5361
vn -0.2547 -0.3547 -0.8996
vn 0.1609 -0.2777 0.9471
vn 0.1524 0.1112 0.9820
vn -0.0444 -0.5501 -0.8339
vn 0.0606 -0.4187 -0.9061
vn 0.1189 0.0633 -0.9909
vn 0.0278 0.1064 0.9939
vn 0.2837 0.1028 0.9533
vn 0.1943 0.0374 -0.9802
vn 0.4683 -0.8663 -0.1738
vn 0.1918 -0.9551 0.2257
vn 0.4418 -0.8005 -0.4050
vn 0.0116 -0.5105 0.8598
vn -0.2190 -0.5683 -0.7931
vn -0.0415 -0.5536 -0.8317
vn 0.7631 -0.4133 -0.4969
vn 0.0356 -0.4331 0.9006
vn -0.3318 -0.9312 0.1510
vn 0.2770 0.2519 0.9272
vn 0.0109 -0.0768 -0.9970
vn 0.2891 0.2558 0.9225
vn -0.0169 -0.0569 -0.9982
vn -0.0678 0.2832 -0.9566
vn 0.0082 0.0675 0.9977
vn 0.2376 -0.0742 0.9685
vn -0.1508 -0.6500 0.7447
vn -0.3012 -0.2356 -0.9240
vn -0.0468 0.1602 -0.9860
vn 0.0506 0.1034 0.9933
vn -0.1892 -0.3277 0.9256
vn -0.5201 0.3145 0.7940
vn -0.1627 -0.2322 -0.9590
vn -0.7093 -0.0317 0.7042
vn -0.3031 0.0015 -0.9529
vn -0.1182 -0.6044 -0.7878
usemtl m0
s 1
f 544/1/1 842/2/2 817/3/3
f 842/2/2 544/1/1 832/4/4
f 1299/5/5 1287/6/6 1295/7/7
f 1287/6/6 1299/5/5 1291/8/8
f 1429/9/9 1459/10/10 1547/11/11
f 1459/10/10 1429/9/9 1423/12/12
f 1226/13/13 1257/14/14 1343/15/15
f 1257/14/14 1226/13/13 1222/16/16
f 1252/17/17 1234/18/18 1244/19/19
f 1234/18/18 1252/17/17 1240/20/20
f 1247/21/21 1233/22/21 1236/23/22
f 1233/22/21 1247/21/21 1243/24/23
f 1169/25/24 1232/26/25 1239/27/26
f 1232/26/25 1169/25/24 1205/28/27
f 85/29/28 250/30/29 97/31/30
f 250/30/29 85/29/28 268/32/31
f 106/33/32 267/34/33 84/35/34
f 267/34/33 106/33/32 260/36/35
f 259/37/36 115/38/37 239/39/38
f 115/38/37 259/37/36 105/40/39
f 1198/41/40 1231/42/41 1204/43/42
f 1231/42/41 1198/41/40 1235/44/43
f 1225/45/44 1188/46/45 1221/47/46
f 1188/46/45 1225/45/44 1183/48/47
f 1215/49/48 1178/50/49 1173/51/50
f 1178/50/49 1215/49/48 1211/52/51
f 1207/53/52 1168/54/53 1164/55/54
f 1168/54/53 1207/53/52 1203/56/55
f 1206/57/56 1197/58/56 1202/59/57
f 1197/58/56 1206/57/56 1194/60/58
f 721/61/59 1071/62/60 1065/63/61
f 1071/62/60 721/61/59 766/64/62
f 1498/65/63 1486/66/64 1494/67/65
f 1486/66/64 1498/65/63 1490/68/66
f 1507/69/67 1487/70/68 1503/71/69
f 1487/70/68 1507/69/67 1495/72/70
f 1516/73/71 1488/74/72 1491/75/73
f 1488/74/72 1516/73/71 1512/76/74
f 1322/77/75 1290/78/76 1314/79/77
f 1290/78/76 1322/77/75 1305/80/78
f 841/81/79 812/82/80 815/83/81
f 812/82/80 841/81/79 837/84/82
f 838/85/83 821/86/84 813/87/85
f 821/86/84 838/85/83 846/88/86
f 611/89/87 531/90/88 591/91/89
f 531/90/88 611/89/87 570/92/90
f 600/93/91 530/94/92 541/95/93
f 530/94/92 600/93/91 590/96/94
f 901/97/95 502/98/96 896/99/97
f 502/98/96 901/97/95 891/100/98
f 917/101/99 523/102/100 911/103/101
f 523/102/100 917/101/99 907/104/102
f 603/105/103 673/106/104 949/107/105
f 673/106/104 603/105/103 582/108/106
f 578/109/107 529/110/107 569/111/108
f 529/110/107 578/109/107 549/112/109
f 561/113/110 528/114/111 548/115/112
f 528/114/111 561/113/110 540/116/113
f 1317/117/114 1289/118/115 1292/119/116
f 1289/118/115 1317/117/114 1313/120/117
f 1308/121/118 1288/122/119 1304/123/120
f 1288/122/119 1308/121/118 1296/124/121
f 399/125/122 467/126/123 651/127/124
f 467/126/123 399/125/122 390/128/125
f 461/129/126 482/130/127 452/131/128
f 482/130/127 461/129/126 431/132/129
f 457/133/130 411/134/131 437/135/132
f 411/134/131 457/133/130 429/136/133
f 447/137/134 410/138/135 419/139/136
f 410/138/135 447/137/134 436/140/137
f 287/141/138 409/142/139 428/143/140
f 409/142/139 287/141/138 355/144/141
f 345/145/142 408/146/143 354/147/144
f 408/146/143 345/145/142 418/148/145
f 398/149/146 324/150/147 389/151/148
f 324/150/147 398/149/146 315/152/149
f 363/153/150 344/154/151 352/155/152
f 344/154/151 363/153/150 336/156/153
f 381/157/154 305/158/155 297/159/156
f 305/158/155 381/157/154 370/160/157
f 364/161/158 286/162/159 277/163/160
f 286/162/159 364/161/158 353/164/161
f 1462/165/162 1421/166/163 1412/167/164
f 1421/166/163 1462/165/162 1457/168/165
f 984/169/166 1068/170/167 1074/171/168
f 1068/170/167 984/169/166 991/172/169
f 51/173/170 10/174/171 23/175/172
f 10/174/171 51/173/170 40/176/173
f 1003/177/174 1084/178/175 1090/179/176
f 1084/178/175 1003/177/174 1015/180/177
f 1496/181/178 1448/182/179 1499/183/180
f 1448/182/179 1496/181/178 1442/184/181
f 1619/185/182 1576/186/183 1609/187/184
f 1576/186/183 1619/185/182 1586/188/185
f 1509/189/186 1443/190/187 1497/191/188
f 1443/190/187 1509/189/186 1452/192/189
f 1140/193/190 1129/194/191 1143/195/192
f 1129/194/191 1140/193/190 884/196/193
f 61/197/194 11/198/195 41/199/196
f 11/198/195 61/197/194 32/200/197
f 421/201/198 1109/202/199 1114/203/200
f 1109/202/199 421/201/198 1105/204/201
f 78/205/202 1617/206/203 252/207/204
f 1617/206/203 78/205/202 1612/208/205
f 1555/209/206 1463/210/206 1558/211/207
f 1463/210/206 1555/209/206 1458/212/208
f 1112/213/209 1097/214/210 1118/215/211
f 1097/214/210 1112/213/209 852/216/212
f 211/217/213 1106/218/214 423/219/215
f 1106/218/214 211/217/213 1101/220/216
f 199/221/217 126/222/218 180/223/219
f 126/222/218 199/221/217 163/224/220
f 189/225/221 125/226/222 135/227/223
f 125/226/222 189/225/221 179/228/224
f 1107/229/225 799/230/226 819/231/227
f 799/230/226 1107/229/225 1102/232/228
f 172/233/229 124/234/230 162/235/231
f 124/234/230 172/233/229 143/236/232
f 153/237/233 123/238/234 142/239/235
f 123/238/234 153/237/233 134/240/236
f 1628/241/237 68/242/238 240/243/239
f 68/242/238 1628/241/237 1622/244/240
f 1011/245/241 1476/246/242 1464/247/243
f 1476/246/242 1011/245/241 999/248/244
f 1521/249/245 1489/250/246 1513/251/247
f 1489/250/246 1521/249/245 1504/252/248
f 765/253/249 1086/254/250 1081/255/251
f 1086/254/250 765/253/249 1157/256/252
f 771/257/253 1162/258/254 6/259/255
f 1162/258/254 771/257/253 1159/260/256
f 993/261/257 1515/262/258 1076/263/259
f 1515/262/258 993/261/257 1523/264/260
f 1461/265/261 1414/266/262 1548/267/263
f 1414/266/262 1461/265/261 1410/268/264
f 1075/269/265 1518/270/266 1005/271/267
f 1518/270/266 1075/269/265 1514/272/268
f 1606/273/269 1598/274/270 1600/275/271
f 1598/274/270 1606/273/269 1593/276/272
f 1607/277/273 1568/278/274 1565/279/275
f 1568/278/274 1607/277/273 1601/280/276
f 975/281/277 178/282/278 1061/283/279
f 178/282/278 975/281/277 196/284/280
f 1060/285/281 186/286/282 752/287/283
f 186/286/282 1060/285/281 177/288/284
f 987/289/285 104/290/286 83/291/287
f 104/290/286 987/289/285 981/292/288
f 1420/293/289 1378/294/290 1411/295/291
f 1378/294/290 1420/293/289 1388/296/292
f 1616/297/293 1579/298/294 1575/299/295
f 1579/298/294 1616/297/293 1611/300/296
f 258/301/297 76/302/298 266/303/299
f 76/302/298 258/301/297 67/304/300
f 1627/305/301 1589/306/302 1621/307/303
f 1589/306/302 1627/305/301 1585/308/304
f 169/309/305 39/310/306 141/311/307
f 39/310/306 169/309/305 58/312/308
f 140/313/309 49/314/310 150/315/311
f 49/314/310 140/313/309 38/316/312
f 75/317/313 1620/318/314 1610/319/315
f 1620/318/314 75/317/313 66/320/316
f 1569/321/317 9/322/318 31/323/319
f 9/322/318 1569/321/317 1603/324/320
f 455/325/321 895/326/321 915/327/321
f 895/326/321 455/325/321 485/328/321
f 36/329/322 88/330/323 44/331/324
f 88/330/323 36/329/322 110/332/325
f 192/333/326 121/334/327 175/335/328
f 121/334/327 192/333/326 129/336/329
f 1556/337/330 1483/338/331 1546/339/332
f 1483/338/331 1556/337/330 1477/340/333
f 1357/341/334 1285/342/335 1348/343/336
f 1285/342/335 1357/341/334 1278/344/337
f 1279/345/338 1361/346/339 1266/347/340
f 1361/346/339 1279/345/338 1358/348/341
f 279/349/342 234/350/343 243/351/344
f 234/350/343 279/349/342 291/352/345
f 1267/353/346 1354/354/347 1274/355/348
f 1354/354/347 1267/353/346 1362/356/349
f 348/357/350 122/358/351 300/359/352
f 122/358/351 348/357/350 176/360/353
f 1478/361/354 1559/362/355 1465/363/356
f 1559/362/355 1478/361/354 1557/364/357
f 932/365/358 1316/366/359 1019/367/360
f 1316/366/359 932/365/358 1324/368/361
f 1018/369/362 1319/370/363 759/371/364
f 1319/370/363 1018/369/362 1315/372/365
f 375/373/366 368/374/367 26/375/368
f 368/374/367 375/373/366 387/376/369
f 388/377/370 225/378/371 369/379/372
f 225/378/371 388/377/370 395/380/373
f 943/381/374 1277/382/375 1265/383/376
f 1277/382/375 943/381/374 693/384/377
f 1466/385/378 1552/386/379 1473/387/380
f 1552/386/379 1466/385/378 1560/388/381
f 1356/389/382 1264/390/382 1360/391/383
f 1264/390/382 1356/389/382 1260/392/384
f 888/393/385 1141/394/385 870/395/386
f 1141/394/385 888/393/385 1137/396/387
f 1310/397/388 1246/398/389 1298/399/390
f 1246/398/389 1310/397/388 1254/400/391
f 1297/401/392 1250/402/393 1301/403/394
f 1250/402/393 1297/401/392 1245/404/395
f 108/405/396 70/406/397 100/407/398
f 70/406/397 108/405/396 34/408/399
f 127/409/400 101/410/401 119/411/402
f 101/410/401 127/409/400 109/412/403
f 154/413/404 136/414/405 403/415/406
f 136/414/405 154/413/404 144/416/407
f 190/417/408 164/418/409 181/419/410
f 164/418/409 190/417/408 173/420/411
f 374/421/412 165/422/413 385/423/414
f 165/422/413 374/421/412 182/424/415
f 137/425/416 87/426/417 404/427/418
f 87/426/417 137/425/416 79/428/419
f 102/429/420 232/430/420 289/431/421
f 232/430/420 102/429/420 71/432/422
f 298/433/423 103/434/424 290/435/425
f 103/434/424 298/433/423 120/436/426
f 308/437/427 328/438/428 412/439/429
f 328/438/428 308/437/427 317/440/430
f 347/441/431 166/442/432 174/443/433
f 166/442/432 347/441/431 339/444/434
f 386/445/435 340/446/436 394/447/437
f 340/446/436 386/445/435 167/448/438
f 488/449/439 660/450/440 498/451/441
f 660/450/440 488/449/439 679/452/442
f 278/453/443 309/454/444 413/455/445
f 309/454/444 278/453/443 270/456/446
f 509/457/447 678/458/448 487/459/449
f 678/458/448 509/457/447 670/460/450
f 669/461/451 519/462/452 650/463/453
f 519/462/452 669/461/451 508/464/454
f 263/465/455 202/466/456 63/467/457
f 202/466/456 263/465/455 358/468/458
f 1599/469/459 8/470/460 1602/471/461
f 8/470/460 1599/469/459 22/472/462
f 254/473/463 64/474/464 53/475/465
f 64/474/464 254/473/463 264/476/466
f 271/477/467 54/478/468 80/479/469
f 54/478/468 271/477/467 255/480/470
f 318/481/471 138/482/472 146/483/473
f 138/482/472 318/481/471 310/484/474
f 311/485/475 81/486/476 139/487/477
f 81/486/476 311/485/475 272/488/478
f 646/489/479 656/490/480 667/491/481
f 656/490/480 646/489/479 637/492/482
f 682/493/483 668/494/484 657/495/485
f 668/494/484 682/493/483 675/496/486
f 676/497/487 690/498/488 952/499/489
f 690/498/488 676/497/487 683/500/490
f 695/501/491 704/502/492 940/503/493
f 704/502/492 695/501/491 700/504/494
f 1223/505/495 1180/506/496 1213/507/497
f 1180/506/496 1223/505/495 1190/508/498
f 1428/509/499 1391/510/500 1422/511/501
f 1391/510/500 1428/509/499 1386/512/502
f 391/513/503 307/514/504 372/515/505
f 307/514/504 391/513/503 326/516/506
f 1400/517/507 1430/518/508 1403/519/509
f 1430/518/508 1400/517/507 1436/520/510
f 706/521/511 761/522/512 941/523/513
f 761/522/512 706/521/511 736/524/514
f 1371/525/515 1431/526/516 1440/527/517
f 1431/526/516 1371/525/515 1404/528/518
f 1262/529/519 1216/530/520 1350/531/521
f 1216/530/520 1262/529/519 1212/532/522
f 479/533/523 382/534/524 662/535/525
f 382/534/524 479/533/523 371/536/526
f 779/537/527 532/538/528 592/539/529
f 532/538/528 779/537/527 490/540/530
f 634/541/531 719/542/532 654/543/533
f 719/542/532 634/541/531 784/544/534
f 785/545/535 762/546/536 720/547/537
f 762/546/536 785/545/535 789/548/538
f 1160/549/539 763/550/540 790/551/541
f 763/550/540 1160/549/539 1156/552/542
f 1450/553/543 1432/554/544 1437/555/545
f 1432/554/544 1450/553/543 1444/556/546
f 786/557/547 623/558/548 794/559/549
f 623/558/548 786/557/547 635/560/550
f 814/561/551 795/562/552 624/563/553
f 795/562/552 814/561/551 810/564/554
f 811/565/555 798/566/556 796/567/557
f 798/566/556 811/565/555 818/568/558
f 1455/569/559 1433/570/560 1445/571/561
f 1433/570/560 1455/569/559 1441/572/562
f 1263/573/563 1224/574/564 1214/575/565
f 1224/574/564 1263/573/563 1259/576/566
f 672/577/567 477/578/568 677/579/569
f 477/578/568 672/577/567 470/580/570
f 685/581/571 507/582/572 486/583/573
f 507/582/572 685/581/571 953/584/574
f 5/585/575 319/586/576 148/587/577
f 319/586/576 5/585/575 213/588/578
f 580/589/579 439/590/580 551/591/581
f 439/590/580 580/589/579 460/592/582
f 550/593/583 450/594/584 562/595/585
f 450/594/584 550/593/583 438/596/586
f 1408/597/587 1399/598/588 1401/599/589
f 1399/598/588 1408/597/587 1395/600/590
f 480/601/591 392/602/592 373/603/593
f 392/602/592 480/601/591 469/604/594
f 612/605/595 598/606/596 969/607/597
f 598/606/596 612/605/595 588/608/598
f 505/609/599 475/610/600 493/611/601
f 475/610/600 505/609/599 484/612/602
f 527/613/603 445/614/604 454/615/605
f 445/614/604 527/613/603 514/616/606
f 1409/617/607 1370/618/608 1366/619/609
f 1370/618/608 1409/617/607 1402/620/610
f 576/621/611 556/622/612 515/623/613
f 556/622/612 576/621/611 567/624/614
f 1419/625/615 1381/626/616 1376/627/617
f 1381/626/616 1419/625/615 1413/628/618
f 602/629/619 589/630/620 613/631/621
f 589/630/620 602/629/619 608/632/622
f 1053/633/623 1037/634/623 1008/635/623
f 1001/636/624 1087/637/624 1056/638/624
f 1088/639/625 776/640/625 1057/641/625
f 929/642/626 1002/643/626 1058/644/626
f 1059/645/627 777/646/627 945/647/627
f 1038/648/628 934/649/628 575/650/628
f 513/651/629 526/652/629 1039/653/629
f 853/654/630 1111/655/630 847/656/630
f 886/657/631 863/658/631 1132/659/631
f 563/660/632 1016/661/632 757/662/632
f 1030/663/633 995/664/633 920/665/633
f 740/666/634 1083/667/634 1014/668/634
f 944/669/635 927/670/635 1055/671/635
f 574/672/636 933/673/636 1020/674/636
f 1007/675/637 909/676/637 1078/677/637
f 256/678/638 273/679/638 282/680/638
f 91/681/639 82/682/639 55/683/639
f 331/684/640 351/685/640 416/686/640
f 302/687/641 415/688/641 350/689/641
f 131/690/642 194/691/642 407/692/642
f 376/693/643 157/694/643 184/695/643
f 880/696/644 859/697/644 855/698/644
f 871/699/645 835/700/645 434/701/646
f 876/702/647 1126/703/647 844/704/647
f 645/705/648 627/706/648 636/707/648
f 292/708/649 281/709/649 301/710/649
f 265/711/650 244/712/650 359/713/650
f 349/714/651 329/715/651 341/716/651
f 280/717/652 414/718/652 299/719/652
f 111/720/653 130/721/653 90/722/653
f 65/723/654 203/724/654 45/725/654
f 193/726/655 183/727/655 156/728/655
f 191/729/656 155/730/656 406/731/656
f 128/732/657 405/733/657 89/734/657
f 201/735/658 357/736/658 73/737/658
f 145/738/659 16/739/659 4/740/659
f 233/741/660 72/742/660 356/743/660
f 253/744/661 242/745/661 262/746/661
f 327/747/662 393/748/662 338/749/662
f 200/750/663 35/751/663 43/752/663
f 42/753/664 52/754/664 62/755/664
f 451/756/665 912/757/665 524/758/665
f 511/759/666 553/760/666 441/761/666
f 885/762/667 1135/763/667 861/764/667
f 878/765/668 1144/766/668 1130/767/668
f 471/768/669 831/769/669 542/770/669
f 823/771/670 440/772/670 552/773/670
f 1/774/671 714/775/671 767/776/671
f 697/777/672 772/778/672 718/779/672
f 1069/780/673 730/781/673 723/782/673
f 537/783/674 547/784/674 647/785/674
f 596/786/675 536/787/675 587/788/675
f 658/789/676 729/790/676 684/791/676
f 735/792/677 1149/793/677 557/794/677
f 711/795/678 705/796/678 701/797/678
f 46/798/679 92/799/679 56/800/679
f 17/801/680 377/802/680 27/803/680
f 18/804/681 147/805/681 158/806/681
f 19/807/682 159/808/682 378/809/682
f 332/810/683 227/811/683 396/812/683
f 425/813/684 333/814/684 320/815/684
f 426/816/685 321/817/685 214/818/685
f 444/819/686 866/820/686 464/821/686
f 546/822/687 535/823/687 476/824/687
f 586/825/688 606/826/688 595/827/688
f 226/828/689 330/829/689 424/830/689
f 235/831/690 360/832/690 245/833/690
f 204/834/691 74/835/691 37/836/691
f 257/837/692 283/838/692 246/839/692
f 1193/840/693 1187/841/693 1201/842/693
f 1182/843/694 1332/844/694 1177/845/694
f 1167/846/695 1172/847/695 1176/848/695
f 713/849/696 1095/850/696 1150/851/696
f 712/852/697 702/853/697 717/854/697
f 809/855/698 7/856/698 1163/857/698
f 1089/858/699 1158/859/699 770/860/699
f 1104/861/700 215/862/700 808/863/700
f 803/864/701 807/865/701 793/866/701
f 1125/867/702 830/868/702 1155/869/702
f 29/870/703 1124/871/703 1154/872/703
f 1148/873/704 1094/874/704 1153/875/704
f 734/876/705 710/877/705 1147/878/705
f 1146/879/706 1152/880/706 829/881/706
f 1093/882/707 28/883/707 1151/884/707
f 435/885/708 466/886/708 874/887/708
f 890/888/709 465/889/709 868/890/709
f 845/891/710 1131/892/710 840/893/710
f 1387/894/711 1538/895/711 1377/896/711
f 1468/897/712 742/898/712 1010/899/712
f 1392/900/713 1405/901/713 1532/902/713
f 1479/903/714 1475/904/714 998/905/714
f 1542/906/715 1456/907/715 1554/908/715
f 1460/909/716 1553/910/716 1561/911/716
f 1394/912/717 1537/913/717 1385/914/717
f 1380/915/718 1531/916/718 1375/917/718
f 908/918/719 1036/919/719 525/920/719
f 780/921/720 1022/922/720 492/923/720
f 573/924/721 1017/925/721 565/926/721
f 964/927/722 956/928/722 1046/929/722
f 988/930/723 965/931/723 1047/932/723
f 726/933/724 1048/934/724 957/935/724
f 681/936/725 727/937/725 688/938/725
f 781/939/726 593/940/726 614/941/726
f 615/942/727 971/943/727 782/944/727
f 898/945/728 1023/946/728 977/947/728
f 747/948/729 1029/949/729 754/950/729
f 979/951/730 1062/952/730 899/953/730
f 1049/954/731 1066/955/731 990/956/731
f 1050/957/732 728/958/732 1067/959/732
f 1072/960/733 737/961/733 983/962/733
f 1012/963/734 748/964/734 738/965/734
f 1073/966/735 1082/967/735 739/968/735
f 919/969/736 994/970/736 1077/971/736
f 57/972/737 247/973/737 1613/974/737
f 1624/975/738 47/976/738 20/977/738
f 1031/978/739 893/979/739 902/980/739
f 828/981/740 860/982/740 865/983/740
f 1268/984/741 1275/985/741 946/986/741
f 1256/987/742 1312/988/742 1353/989/742
f 1251/990/743 1230/991/743 1347/992/743
f 1284/993/744 1303/994/744 1346/995/744
f 1181/996/745 1342/997/745 1331/998/745
f 1192/999/746 1186/1000/746 1338/1001/746
f 1175/1002/747 1330/1003/747 1166/1004/747
f 1196/1005/748 1337/1006/748 1185/1007/748
f 1439/1008/749 1453/1009/749 1418/1010/749
f 1368/1011/750 1417/1012/750 1372/1013/750
f 1389/1014/751 1533/1015/751 1539/1016/751
f 1534/1017/752 1406/1018/752 1526/1019/752
f 1506/1020/753 1524/1021/753 1472/1022/753
f 1527/1023/754 1540/1024/754 1535/1025/754
f 1528/1026/755 1407/1027/755 1363/1028/755
f 925/1029/756 1006/1030/756 1519/1031/756
f 1427/1032/757 1435/1033/757 1397/1034/757
f 1481/1035/758 1493/1036/758 1500/1037/758
f 401/1038/759 448/1039/759 420/1040/759
f 459/1041/760 579/1042/760 664/1043/760
f 449/1044/761 402/1045/761 653/1046/761
f 581/1047/762 571/1048/762 501/1049/762
f 1480/1050/763 1517/1051/763 1492/1052/763
f 1522/1053/764 743/1054/764 1471/1055/764
f 1510/1056/765 1505/1057/765 1470/1058/765
f 1447/1059/766 1426/1060/766 1543/1061/766
f 1508/1062/767 1469/1063/767 1550/1064/767
f 1425/1065/768 1446/1066/768 1434/1067/768
f 1451/1068/769 1549/1069/769 1416/1070/769
f 1382/1071/770 1424/1072/770 1396/1073/770
f 1367/1074/771 1438/1075/771 1415/1076/771
f 1578/1077/772 210/1078/772 1574/1079/772
f 1592/1080/773 1584/1081/773 1597/1082/773
f 77/1083/774 251/1084/774 269/1085/774
f 241/1086/775 69/1087/775 261/1088/775
f 107/1089/776 985/1090/776 118/1091/776
f 1594/1092/777 1608/1093/777 221/1094/777
f 99/1095/778 968/1096/778 992/1097/778
f 1590/1098/779 231/1099/779 1580/1100/779
f 1570/1101/780 33/1102/780 1618/1103/780
f 168/1104/781 93/1105/781 248/1106/781
f 236/1107/782 149/1108/782 48/1109/782
f 170/1110/783 160/1111/783 94/1112/783
f 195/1113/784 959/1114/784 95/1115/784
f 112/1116/785 185/1117/785 132/1118/785
f 1587/1119/786 216/1120/786 228/1121/786
f 217/1122/787 1604/1123/787 205/1124/787
f 113/1125/788 133/1126/788 151/1127/788
f 1625/1128/789 21/1129/789 1596/1130/789
f 1566/1131/790 1614/1132/790 1571/1133/790
f 30/1134/791 59/1135/791 1615/1136/791
f 161/1137/792 197/1138/792 96/1139/792
f 206/1140/793 229/1141/793 218/1142/793
f 207/1143/794 1605/1144/794 1562/1145/794
f 744/1146/795 753/1147/795 187/1148/795
f 1591/1149/796 219/1150/796 1582/1151/796
f 1572/1152/797 208/1153/797 1563/1154/797
f 1588/1155/798 1583/1156/798 220/1157/798
f 1577/1158/799 230/1159/799 209/1160/799
f 114/1161/800 152/1162/800 237/1163/800
f 50/1164/801 1626/1165/801 238/1166/801
f 836/1167/802 873/1168/802 879/1169/802
f 862/1170/803 1136/1171/803 867/1172/803
f 1032/1173/804 750/1174/804 997/1175/804
f 1024/1176/805 1044/1177/805 980/1178/805
f 936/1179/806 1040/1180/806 1054/1181/806
f 1033/1182/807 903/1183/807 755/1184/807
f 914/1185/808 894/1186/808 1034/1187/808
f 506/1188/809 494/1189/809 1025/1190/809
f 783/1191/810 973/1192/810 1026/1193/810
f 1041/1194/811 910/1195/811 1009/1196/811
f 696/1197/812 947/1198/812 778/1199/812
f 986/1200/813 741/1201/813 751/1202/813
f 472/1203/814 533/1204/814 491/1205/814
f 503/1206/815 892/1207/815 481/1208/815
f 504/1209/816 1021/1210/816 897/1211/816
f 913/1212/817 1028/1213/817 918/1214/817
f 512/1215/818 1035/1216/818 572/1217/818
f 725/1218/819 955/1219/819 687/1220/819
f 699/1221/820 692/1222/820 775/1223/820
f 1393/1224/821 1383/1225/821 1398/1226/821
f 1373/1227/822 1529/1228/822 1364/1229/822
f 1390/1230/823 1384/1231/823 1536/1232/823
f 1379/1233/824 1541/1234/824 1530/1235/824
f 1482/1236/825 1501/1237/825 1544/1238/825
f 1545/1239/826 1502/1240/826 1449/1241/826
f 1454/1242/827 1511/1243/827 1551/1244/827
f 1467/1245/828 1474/1246/828 1013/1247/828
f 1484/1248/829 1000/1249/829 926/1250/829
f 1485/1251/830 928/1252/830 1520/1253/830
f 996/1254/831 749/1255/831 1525/1256/831
f 1564/1257/832 1567/1258/832 1573/1259/832
f 443/1260/833 462/1261/833 453/1262/833
f 473/1263/834 483/1264/834 432/1265/834
f 474/1266/835 433/1267/835 833/1268/835
f 797/1269/836 802/1270/836 788/1271/836
f 869/1272/837 463/1273/837 887/1274/837
f 834/1275/838 875/1276/838 843/1277/838
f 1309/1278/839 1270/1279/839 1352/1280/839
f 1345/1281/840 1300/1282/840 1249/1283/840
f 1311/1284/841 1306/1285/841 1271/1286/841
f 1323/1287/842 924/1288/842 1272/1289/842
f 1281/1290/843 1318/1291/843 1293/1292/843
f 1191/1293/844 1334/1294/844 1340/1295/844
f 1335/1296/845 1209/1297/845 1327/1298/845
f 1282/1299/846 937/1300/846 1320/1301/846
f 1283/1302/847 1294/1303/847 1302/1304/847
f 1229/1305/848 1238/1306/848 1200/1307/848
f 1171/1308/849 1219/1309/849 1174/1310/849
f 1242/1311/850 1255/1312/850 1220/1313/850
f 1307/1314/851 1325/1315/851 1273/1316/851
f 1328/1317/852 1341/1318/852 1336/1319/852
f 1329/1320/853 1210/1321/853 1165/1322/853
f 938/1323/854 760/1324/854 1321/1325/854
f 850/1326/855 881/1327/855 856/1328/855
f 851/1329/856 1128/1330/856 882/1331/856
f 1138/1332/857 889/1333/857 1133/1334/857
f 872/1335/858 1142/1336/858 877/1337/858
f 883/1338/859 1139/1339/859 1134/1340/859
f 857/1341/860 1098/1342/860 854/1343/860
f 787/1344/861 801/1345/861 792/1346/861
f 716/1347/862 14/1348/862 707/1349/862
f 1127/1350/863 849/1351/863 839/1352/863
f 1045/1353/864 1027/1354/864 974/1355/864
f 1063/1356/865 904/1357/865 900/1358/865
f 756/1359/866 905/1360/866 1064/1361/866
f 906/1362/867 916/1363/867 1079/1364/867
f 1091/1365/868 12/1366/868 24/1367/868
f 1119/1368/869 25/1369/869 366/1370/869
f 1120/1371/870 222/1372/870 1115/1373/870
f 422/1374/871 1116/1375/871 223/1376/871
f 1121/1377/872 1117/1378/872 1096/1379/872
f 1122/1380/873 367/1381/873 224/1382/873
f 1110/1383/874 1108/1384/874 820/1385/874
f 804/1386/875 1161/1387/875 791/1388/875
f 2/1389/876 13/1390/876 715/1391/876
f 212/1392/877 3/1393/877 805/1394/877
f 1103/1395/878 806/1396/878 800/1397/878
f 655/1398/879 722/1399/879 724/1400/879
f 564/1401/880 731/1402/880 554/1403/880
f 732/1404/881 703/1405/881 709/1406/881
f 642/1407/882 665/1408/882 583/1409/882
f 625/1410/883 543/1411/883 816/1412/883
f 643/1413/884 545/1414/884 626/1415/884
f 555/1416/885 1145/1417/885 824/1418/885
f 1099/1419/886 858/1420/886 825/1421/886
f 1123/1422/887 1100/1423/887 826/1424/887
f 644/1425/888 584/1426/888 534/1427/888
f 666/1428/889 674/1429/889 585/1430/889
f 733/1431/890 566/1432/890 758/1433/890
f 605/1434/891 616/1435/891 594/1436/891
f 822/1437/892 848/1438/892 1113/1439/892
f 827/1440/893 864/1441/893 442/1442/893
f 967/1443/894 972/1444/894 601/1445/894
f 337/1446/895 365/1447/895 633/1448/895
f 500/1449/896 951/1450/896 689/1451/896
f 325/1452/897 641/1453/897 306/1454/897
f 288/1455/898 430/1456/898 383/1457/898
f 316/1458/899 400/1459/899 346/1460/899
f 458/1461/900 663/1462/900 384/1463/900
f 1581/1464/901 1623/1465/901 1595/1466/901
f 607/1467/902 948/1468/902 495/1469/902
f 516/1470/903 597/1471/903 538/1472/903
f 322/1473/904 628/1474/904 638/1475/904
f 629/1476/905 361/1477/905 617/1478/905
f 517/1479/906 539/1480/906 558/1481/906
f 397/1482/907 417/1483/907 342/1484/907
f 284/1485/908 379/1486/908 293/1487/908
f 427/1488/909 456/1489/909 380/1490/909
f 568/1491/910 609/1492/910 496/1493/910
f 618/1494/911 639/1495/911 630/1496/911
f 619/1497/912 362/1498/912 274/1499/912
f 334/1500/913 631/1501/913 312/1502/913
f 294/1503/914 620/1504/914 275/1505/914
f 323/1506/915 313/1507/915 632/1508/915
f 303/1509/916 640/1510/916 621/1511/916
f 518/1512/917 559/1513/917 648/1514/917
f 649/1515/918 560/1516/918 446/1517/918
f 577/1518/919 497/1519/919 659/1520/919
f 489/1521/920 499/1522/920 686/1523/920
f 954/1524/921 962/1525/921 520/1526/921
f 1365/1527/922 1369/1528/922 1374/1529/922
f 935/1530/923 930/1531/923 1326/1532/923
f 1286/1533/924 694/1534/924 939/1535/924
f 15/1536/925 1092/1537/925 708/1538/925
f 960/1539/926 1042/1540/926 970/1541/926
f 961/1542/927 976/1543/927 1043/1544/927
f 1051/1545/928 921/1546/928 931/1547/928
f 1052/1548/929 1004/1549/929 923/1550/929
f 773/1551/930 1085/1552/930 768/1553/930
f 764/1554/931 1080/1555/931 1070/1556/931
f 698/1557/932 774/1558/932 769/1559/932
f 1261/1560/933 1349/1561/933 1359/1562/933
f 1344/1563/934 1258/1564/934 1355/1565/934
f 1280/1566/935 1276/1567/935 691/1568/935
f 1195/1569/936 1208/1570/936 1333/1571/936
f 1269/1572/937 922/1573/937 942/1574/937
f 1189/1575/938 1339/1576/938 1179/1577/938
f 1170/1578/939 1241/1579/939 1217/1580/939
f 1184/1581/940 1227/1582/940 1199/1583/940
f 1253/1584/941 1351/1585/941 1218/1586/941
f 1228/1587/942 1248/1588/942 1237/1589/942
f 521/1590/943 963/1591/943 599/1592/943
f 604/1593/944 950/1594/944 610/1595/944
f 60/1596/945 171/1597/945 249/1598/945
f 86/1599/946 98/1600/946 989/1601/946
f 982/1602/947 745/1603/947 116/1604/947
f 117/1605/948 746/1606/948 188/1607/948
f 978/1608/949 966/1609/949 198/1610/949
f 276/1611/950 285/1612/950 295/1613/950
f 304/1614/951 622/1615/951 296/1616/951
f 335/1617/952 314/1618/952 343/1619/952
f 478/1620/953 661/1621/953 680/1622/953
f 652/1623/954 468/1624/954 671/1625/954
f 510/1626/955 958/1627/955 522/1628/955
