<?xml version="1.0"?>
<COLLADA xmlns="http://www.collada.org/2005/11/COLLADASchema" version="1.4.1">
    <asset>
        <contributor>
            <authoring_tool>J3D Ripoff Exporter</authoring_tool>
        </contributor>
        <created>2024-08-19T00:37:51.763Z</created>
        <modified>2024-08-19T00:37:51.763Z</modified>
		<unit meter="0.01" name="centimeter" ></unit>
        <up_axis>Y_UP</up_axis>
    </asset>
    <library_images>
        <image id="tex0">
            <init_from>finalkong_fur.png</init_from>
        </image>
        <image id="tex1">
            <init_from>finalkong_body.png</init_from>
        </image>
        <image id="tex2">
            <init_from>crest_hilight.png</init_from>
        </image>
    </library_images>
    <library_effects>
        <effect id="effect0">
            <profile_COMMON>
                <newparam sid="surface0">
                    <surface type="2D">
                        <init_from>tex1</init_from>
                    </surface>
                </newparam>
                <newparam sid="sampler0">
                    <sampler2D>
                        <source>surface0</source>
                    </sampler2D>
                </newparam>
                <technique sid="COMMON">
                    <blinn>
                        <diffuse>
                            <texture texture="sampler0" texcoord="UVSET0"></texture>
                        </diffuse>
                    </blinn>
                </technique>
            </profile_COMMON>
        </effect>
        <effect id="effect1">
            <profile_COMMON>
                <newparam sid="surface1">
                    <surface type="2D">
                        <init_from>tex1</init_from>
                    </surface>
                </newparam>
                <newparam sid="sampler1">
                    <sampler2D>
                        <source>surface1</source>
                    </sampler2D>
                </newparam>
                <technique sid="COMMON">
                    <blinn>
                        <diffuse>
                            <texture texture="sampler1" texcoord="UVSET0"></texture>
                        </diffuse>
                    </blinn>
                </technique>
            </profile_COMMON>
        </effect>
        <effect id="effect2">
            <profile_COMMON>
                <newparam sid="surface2">
                    <surface type="2D">
                        <init_from>tex0</init_from>
                    </surface>
                </newparam>
                <newparam sid="sampler2">
                    <sampler2D>
                        <source>surface2</source>
                    </sampler2D>
                </newparam>
                <technique sid="COMMON">
                    <blinn>
                        <diffuse>
                            <texture texture="sampler2" texcoord="UVSET0"></texture>
                        </diffuse>
                    </blinn>
                </technique>
            </profile_COMMON>
        </effect>
        <effect id="effect3">
            <profile_COMMON>
                <newparam sid="surface3">
                    <surface type="2D">
                        <init_from>tex1</init_from>
                    </surface>
                </newparam>
                <newparam sid="sampler3">
                    <sampler2D>
                        <source>surface3</source>
                    </sampler2D>
                </newparam>
                <technique sid="COMMON">
                    <blinn>
                        <diffuse>
                            <texture texture="sampler3" texcoord="UVSET0"></texture>
                        </diffuse>
                    </blinn>
                </technique>
            </profile_COMMON>
        </effect>
        <effect id="effect4">
            <profile_COMMON>
                <newparam sid="surface4">
                    <surface type="2D">
                        <init_from>tex1</init_from>
                    </surface>
                </newparam>
                <newparam sid="sampler4">
                    <sampler2D>
                        <source>surface4</source>
                    </sampler2D>
                </newparam>
                <technique sid="COMMON">
                    <blinn>
                        <diffuse>
                            <texture texture="sampler4" texcoord="UVSET0"></texture>
                        </diffuse>
                    </blinn>
                </technique>
            </profile_COMMON>
        </effect>
    </library_effects>
    <library_materials>
        <material id="mat0" name="Body">
            <instance_effect url="#effect0"></instance_effect>
        </material>
        <material id="mat1" name="Env_Belt">
            <instance_effect url="#effect1"></instance_effect>
        </material>
        <material id="mat2" name="Fur_body">
            <instance_effect url="#effect2"></instance_effect>
        </material>
        <material id="mat3" name="Body(2)">
            <instance_effect url="#effect3"></instance_effect>
        </material>
        <material id="mat4" name="Body(3)">
            <instance_effect url="#effect4"></instance_effect>
        </material>
    </library_materials>
    <library_geometries>
        <geometry id="mesh0">
            <mesh>
                <source id="points0">
                    <float_array id="pointarray0" count="3081">-105.25 217.28125 10.40625 -92.71223856786938 220.1895743048049 -26.202027565710633 -104.14982180050362 220.01019021367168 -23.738405634607577 -85.375 219.1875 -29.53125 -81.9375 237.8125 -46.28125 -149.7435769962244 219.66004556593816 -23.564494009497842 -137.1807229608685 229.83123270788576 -34.62403502550848 -147.30569645754377 242.17338169869265 -36.165778553255 -159.05760474552255 260.4909270743265 18.940137107543457 -143.9949535259444 265.18972854975004 14.194589214317805 -140.12047728066756 246.88524432628674 30.75702182400009 -146.68194481887218 269.59699242064596 -1.0680096232499987 -127.08818731797447 270.5448126704579 -1.347124890766918 -156.33918247562522 242.92015100656374 29.6807344193349 -135.58912683252322 231.4143235752923 28.7503694076479 -113.24310940866506 247.9971976413132 -39.08929770259167 -133.2119024427935 244.2867196622616 -37.59282733799475 -120.4931200611448 228.21331637935023 -37.55637863216344 -117.36860014954422 218.94700199920834 -22.83770360032423 -129.77483815687734 265.5870519766664 -26.06538848745629 -141.7448307604147 218.87584604954776 13.430844747886356 -151.08858288478237 216.93081824963406 13.613145072727164 -139.4623602234281 220.40939931922426 -22.63133120981693 -166.21387349990587 261.03572314517237 19.459112124984607 -151.0873400118399 262.26348967848855 -25.806282655124043 -121.02603637045216 216.9785941755223 12.239993302296707 -107 265.53125 17.9375 -124.9375 265.375 19.8125 -124.75 250.15625 31.25 -111.96875 237.28125 30.65625 -107.875 252.3125 29.1875 -91.8125 268.3125 19.65625 -100.3125 270.65625 -1.6875 -102.125 230.375 -40.5625 -92.5625 253.03125 -39.9375 -84.21875 258.375 -41.6875 -96.3125 265.625 -27.625 -110.46875 224.4375 24.375 -76.71875 261.15625 29.78125 -61.4454154221444 261.91520695845924 43.177643960741165 -56.38237651246182 246.77109650823394 47.080276411461696 -66.85086840498167 244.19847244698906 44.268245595352084 -80.46875 283 -2.8125 -69.75 289.96875 -3.21875 -69.65625 281.40625 19.46875 -74.125 260.59375 -43.3125 -60.125 294.8125 -2.5 -59.5 288.21875 22.0625 -89.28125 274.6875 -2.40625 -86.125 270.21875 -27.84375 -79.25 276.3125 20.46875 -64.78125 274.53125 35.03125 -72.25692849153391 241.18877004741984 43.316071507217885 -79.84375 275.65625 -29.59375 -62.09375 279.71875 -41.9375 -70.0625 285.34375 -25.625 -94.71875 255.40625 29.625 -90.96875 238.4375 30.625 -78.44388523527981 232.8582997036097 40.313854548965686 -82.25573520081053 228.75370694713126 30.858467475648794 -47.1875 282.5625 -48.65625 -51.9375 255.53125 -62.34375 -60.5 290.6875 -25.4375 -91.62862437362122 204.83591652984538 10.743699887903846 -82.50255785956885 187.19322248058495 6.13922019658335 -83.53310357399407 188.4792435467615 -9.838331938297324 -91.125 203.21875 -7.34375 -94.96875 217.96875 -4.84375 -90.625 223.15625 21.28125 -77.13009676652257 211.7940010609547 34.50060314141388 -88.25 204.65625 25.4375 -81.19111360149226 188.46956101992905 26.885847832561755 -71.34853045648472 201.7587242606478 37.937891714018384 -74.84375 190.25 -32.375 54.71875 74.9375 -30.4375 33.25 74.3125 -39.53125 33.56842340586702 59.61667430854631 -43.178022906066545 57.317896527062935 60.766404229279544 -33.335859188800725 32.5 96.09375 33.625 50.9375 92.03125 25.8125 31.09375 92.09375 32.3125 53.8125 113.34375 26 54.4375 101.34375 25.1875 63.5625 102.4375 -3.90625 61.625 86.9375 -3.6875 12.625 97.28125 25.90625 7.28125 89.46875 23.875 2.5 85.375 -8.1875 5.53125 99.59375 -10.71875 8.0625 84.8125 -20.6875 54.90625 86.21875 20.96875 31.84375 85.84375 -30.40625 51.8125 85.5 -21.8125 42.03125 86.21875 32.625 20.375 84.40625 32 7.09375 71.90625 -26.53125 45.3125 76.28125 31.125 4.8125 76.84375 18.90625 61.96875 115.90625 -3.3125 29.375 117.15625 33.78125 21.9375 98.875 -28.78125 7.90625 103.03125 -29.90625 11.25 98.8125 -21.5 37.03125 99.0625 -29.8125 54.8125 100.03125 -19.0625 55.47203097922323 62.1188552078295 9.442183337183533 41.56521185320808 62.02187698304559 21.41053191354181 44 67.59375 28.34375 21 74.71875 31.03125 23.53125 66.9375 28.0625 27.784038110477365 60.458645919174344 21.38236653377401 56.21875 76.40625 13.25 4.65625 69.40625 13.375 10.440766102013681 62.273320552158765 9.595899645671247 -0.125 70.46875 -6.25 6.34375 60.46875 -28.25 0.2541668702416943 61.13676481868397 -8.058166359953857 65.34798903015255 62.13389014888513 -10.557435603607114 61.87847926120643 75.48350270346407 -8.058343009621101 16.6875 122.34375 -39.15625 17.21875 131.15625 -38.21875 0 132.125 -38.6875 0 123.0625 -39.09375 27.81392460429501 143.2825833606465 -32.998666673500104 16.282766013298325 143.87578057646675 -35.49921945987083 30.375 130.84375 -36.25 0.001543016042940004 144.2187500816898 -36.40624995529503 31.15625 122.4375 -37.6875 42.25 129.59375 -31.09375 38.56371634732846 142.56434868723528 -27.935651341919556 52.3125 127.0625 -20.8125 46.43845716245873 142.09597618887742 -22.06027383406498 43.8125 123.5 -32.40625 51.5625 129.5625 23.78125 42.81102729503939 144.93955229909665 25.78330233439618 51.405634173520454 138.1274643026499 14.72121431741077 38.18559735847938 142.97058056129688 36.72058060690165 52.87484707495806 139.44003473581887 3.7525347394843567 40.311737387780376 125.2831824646449 30.626932482924087 39.43647372879716 129.53314051082165 31.87689053542054 31.59283610236036 121.31401449023315 37.751514512138534 17.468317016520253 112.50083737378942 36.532087384167696 55.625 113.15625 -20.4375 43.125 111.40625 -32.21875 23.71875 110.8125 -36.71875 12.5 107.5 25.25 9.906137621698988 109.50047485184427 32.844224854537885 0.0006906120366638521 105.8124999966965 19.781249980143095 0 111.5 -34.84375 51.3442547328876 141.12746136366715 -11.653788648430874 58.18812755921471 128.40903943311005 -1.4972105819320358 28.341510314489913 140.31385864883035 46.40760870251379 20.875 118.21875 41.78125 -0.000945284584606127 116.62499993069832 43.093749953356024 13.810076084803013 141.56316203710315 49.00066209520243 -7.3125 40.71875 -5.25 -2.5 52.0625 -9.4375 -7.90625 50.875 -27.15625 -12.03125 41.625 -24.6875 -13 40.5625 9.625 -9.77737347094641 52.078842564924955 7.076687158538022 -54.59375 40.5 7.1875 -55.02648362263415 31.21578455428653 9.396093442009944 -61.088252548673694 30.809243962542823 -5.4479471672569995 -60.932284186912966 39.059251448890336 -7.822939674158871 -13.214141016474885 31.24903896956434 12.648097861060327 -7.432204911947282 31.56181614647302 -1.976624978476334 -11.55622516218383 30.90536844694077 -21.758072701492406 -55.84375 49.40625 -31.46875 -64.59375 49.375 -10.34375 -53.08763386256769 39.09087750861812 -26.635063636011118 -34.21533143553594 52.03816664000999 16.669387901946386 -33.9375 40.5 17.09375 -58.12098249104226 50.822483845313 5.389870632575011 -32.39961707463855 39.31061925852015 -37.63407189849607 -34.53125 49.34375 -41.5625 -44.05812164896286 31.278810359672008 17.427869256696084 -57.30710166350525 60.760938472058626 -33.352773211201146 -65.33950912350264 62.127654381716354 -10.57511963595624 -27.77846021582156 60.4560115214892 21.368283870912624 -10.434232304000124 62.27234901642319 9.58347984476135 -41.55978640974984 62.017921284243755 21.395127949562198 -55.46546721981915 62.11356622332033 9.425446087495075 -0.21458158266744093 61.13677152515838 -8.069607918652652 -33.525324893932094 59.61348712161846 -43.19265835817127 -61.84026890846353 75.47760100675906 -8.0756929715061 -34.37076848246076 31.21677475544911 20.55333365599268 -24.714428620221952 31.18598766453512 18.71004656292475 -19.649420856267103 29.779980471098142 -32.19596069062128 -6.34375 60.46875 -28.25 -19.555637898858297 29.311234966360928 -32.41470619614844 -19.398821627309886 23.311242476981988 -38.22719869910047 -28.461155320288526 23.435808043686848 -41.82138313638185 -30.74286672178551 29.498198669144358 -38.25899249986492 -52.648668747367864 20.747148530809213 -38.85379264893763 -58.05480188518517 20.090639368884425 -40.63530181366352 -60.9299456936657 19.99675153909024 -37.541689640010745 -58.43017640278048 19.809371373721504 -32.54156979984955 -34.02359987877373 22.748041388412574 -42.290399792985 -42.992475696364345 22.52886143493997 -39.44707974344187 -42.243031483478596 28.622647369070364 -33.94704379598967 -13.026626036167466 30.811547958222732 12.773106849359676 -6.213883363862661 25.155624543452134 13.367183428772409 -2.1195371398867127 24.90582081941882 1.1798796904481277 -7.244685437418378 31.124325135346893 -1.9453659900692601 -54.30823697709187 24.153318977739573 26.95862787752797 -48.4955392447042 25.216097630172115 21.77140652522104 -58.432768070504004 25.059371255513696 16.27093014406278 -60.49556618245601 24.090522367236645 23.458331262931242 -57.71473714759349 26.371905678248567 29.95846458403335 -61.96462927651097 26.34045194534268 27.739510848541876 -68.11979315883751 22.21515687212468 9.207965749290548 -61.33868998565677 25.340481950698333 9.145790831383508 -65.55690066938347 24.871529736046355 -1.6356613961954407 -70.55700851920855 22.7775400366573 2.7078489070005745 -74.49487553824781 22.96485126197564 10.176410141116055 -75.55722572842326 23.089800334790596 6.9263592103402205 -35.464540951054296 24.747972314355025 27.49078121543713 -28.902061939169084 24.717036908817676 27.959845810402854 -24.62066663584674 30.748492158828427 18.89755105693079 -34.370756497870104 30.77927475552093 20.740833655777227 -14.308416837874695 23.248986502580834 31.616795406680353 -9.18323408464532 23.31173219552197 27.742041095241053 -10.682973416352173 25.717910303238938 19.898219196710006 -19.214491551961924 25.84250131637249 25.366560216270532 5.754767735759336 26.99994830310719 13.586507190798011 5.410906879085817 30.28118182275101 12.617740713099016 6.692383085289504 30.031243254334825 8.149052139260842 7.255070343225565 26.812520224942148 7.461579105379752 -0.30757345448252005 23.78090768069835 13.492466564582683 2.8491424392247975 23.71855900841777 3.8363678811349797 0.9128244239280802 22.12471618267132 -19.22622497294268 -4.743467509140659 23.843195031272458 -20.07024612333644 -1.681689587763889 24.280841808395436 -5.445099328905838 3.4747371730984473 22.687338997220024 -7.538602144318052 -25.11699635381745 20.967218354355325 -47.88372283551594 -20.398372202863158 21.34244455790183 -45.633496628952926 -19.523857580794534 23.8112364835376 -37.97720469168305 -28.49244277206245 23.93580654439215 -41.540134634778845 -43.05464462190451 20.466358452293562 -44.29083273402384 -38.30455474839073 20.747836164147586 -46.44685502432403 -34.02363733061947 23.24804138719172 -42.009149793308175 -42.93001314835371 23.06011442990267 -39.19707674758146 -58.273962356911476 20.340628862977525 -32.322812309731745 -52.523704701427036 21.247154521955494 -38.60378665692956 -47.46137998769914 23.216147203775478 -36.916043970908085 -56.08680991506688 22.903233714428822 -27.635207449949768 15.882261548374956 23.65669744901392 -35.13270734540427 19.69432709820291 29.781880200232493 -32.19502458377231 11.568772829558272 30.90649067575812 -21.757914094961293 8.569268698890125 24.12509687664948 -25.32055790595552 44.098126193331794 31.283050080126387 17.431145354867787 42.09797788861928 25.282954189397387 26.524799467693548 35.504194946148075 25.251388094203733 27.243233373289506 34.41047940435933 31.220085670129848 20.555680948389675 64.1308787153485 25.56526041091 -8.192894350362838 61.099245215414214 30.815115085396414 -5.443039666684235 53.03762010905843 29.439728622708827 -22.318426150342315 57.69404836914384 24.064951838079153 -20.661952939244728 48.41069509481771 25.720756811226636 21.556352084316547 55.067264169246236 31.221075922568488 9.400421188010434 58.28596322733941 25.56498021523184 16.11932548189481 19.347992921638983 26.344363593589293 25.148708871525113 10.87950959824238 26.18770762818535 19.74205289972915 13.223356967654807 31.250319994207487 12.648415263417439 24.723069311051752 31.188371271516033 18.711466547620866 61.16128980082701 25.815118053967026 9.0569633128023 65.34932460356055 25.37781882099536 -1.6615859329881513 5.006502049935585 24.343676083701254 -19.976978692512365 7.474043098682222 31.562544381873522 -1.9768603653625565 1.9745344795378053 24.781030736643118 -5.445874022370923 -6.05728327198668 24.9368957046308 6.24124095922528 -3.807660791762156 25.124503548064467 13.928848811707782 0.3174245889665325 23.780951296359234 13.49154655795607 -2.807109502891293 23.718301511239133 3.835146761668503 62.00411848348347 26.34640845840447 27.74450373932297 57.754010631934676 26.377454715229007 29.96304999873262 59.566318874319144 30.252541598771273 30.088136886871144 61.47263328711304 30.252632984362847 28.744478270918815 -6.806472812321851 23.686859788274646 -9.415044976556937 -4.743512908396283 23.03070868244052 -18.352446093414574 -7.524956153528778 26.249325348304097 -17.540079422919053 -8.77527224423399 26.56176541055703 -11.258889353089689 -6.493929368899305 29.624374777918007 -16.258779987954874 -7.119086665214997 29.780594809080384 -13.133809953022235 25.101792023654266 20.438389414510553 -48.194765398615 20.320416196440384 20.813160203613222 -45.94499460649636 19.44492632830917 23.313118236935054 -38.22628656143278 28.47634259374952 23.438551188386597 -41.819603613966486 43.16414217476226 19.93925529342735 -44.568899516106434 38.382983568253515 20.22027609283549 -46.75662871888892 34.070148009626294 22.751319345469085 -42.288085458212265 43.03877215081375 22.532999286374036 -39.44390551429061 58.476071373444185 19.81498932209807 -32.53691547375408 52.66382905550025 20.75221069379542 -38.84969410823315 47.60115379249628 22.6894679996591 -37.13118679816856 56.28822082919525 22.40863444310564 -27.818270344344242 42.25696636721844 28.626711814886846 -33.9439429724561 53.19389857210212 28.970986113903834 -22.443418659829533 57.850326832187534 23.564959329238278 -20.755695448767845 64.34965418210092 25.06527089807311 -8.224133863810119 68.35009460661433 21.471712668507465 -13.817692103932398 64.72549460065716 20.377788909861238 -21.067865872166138 4.787739024814723 23.03115194077391 -18.351039212793157 6.849779111409546 23.687500792353376 -9.413440350189935 -35.46455293564496 25.24797231435501 27.240781215724393 -42.05826996286772 25.27890622239306 26.5217151229721 -53.024877692086115 29.43463050595072 -22.322560644818704 -64.08786903487905 25.559100159807514 -8.198090979184828 -57.64969941067159 24.059408793394 -20.66653236164868 -48.40180272758413 25.71610212432178 21.552661019693883 -58.276534549675226 25.559378745667388 16.11468763461147 -10.87048839665959 26.186651314616427 19.74196020844656 -19.339505034339144 26.342495324005355 25.147804224226565 -9.370749064952744 23.842973206971294 27.52328210704942 -14.464678822106274 23.748979012211706 31.366787916598465 6.504887579941881 30.03123426610732 8.055293150925582 5.254662871740207 30.281174332669153 12.492733222873495 5.473501257593532 27.499934820227253 13.43024370831308 6.94255236705775 27.281255243880736 7.367814124749173 2.5678714668375084 24.218545525322412 3.7738543985423227 -0.5575899327201389 24.280895695892298 13.336204580171577 -6.432649842172094 25.655614056719898 13.210922942435134 -2.3383081124176326 25.405810332471162 1.1173692040031316 -44.12060816615475 30.841307363667994 17.58411626036888 -42.120759476207255 24.810153226209493 26.771712126537174 -64.30659356712124 25.059089673937066 -8.22935146566573 -61.27572857906152 30.340484974710307 -5.479206155664073 -53.14984922839609 28.9658745144813 -22.447566636970393 -57.83717094683792 23.559399805741023 -20.760291349983934 -55.18271714346293 30.778277064204644 9.489835951533067 -11.368696699211956 30.436627436209605 -21.883063712905795 3.162211706561488 23.1873240158354 -7.507367125092257 0.6315444630978204 22.624702699145075 -19.101238455750778 4.506460562058291 23.531138457319457 -18.257302695565343 6.537253644872589 24.187485810968738 -9.382205330964144 -15.711451968207147 23.155169243266272 -35.352021929692 -8.33694784759278 23.62427276545756 -25.476668395614887 -8.02369431717501 19.87428777801 -37.445403401123976 -3.4615254019761568 20.468256481600022 -31.1326846895981 -68.30615312422312 21.465147937471315 -13.82329321268853 -64.68075314684143 20.371571731953296 -21.073119427793667 -47.55509403371178 22.684892710667157 -37.13479846487822 -56.24302695708356 22.40322622506507 -27.822714940103474 -38.33576430032552 20.21658466740233 -46.759356522038786 -43.117105671841315 19.93510545740267 -44.572085729848325 -20.304581755085206 20.81119905345193 -45.94599213437237 -25.05445590596768 20.43597135183157 -48.19621983900921 6.506072556340212 29.624984322446352 -16.257206821138297 7.537545766970936 26.250033765705112 -17.538407383229693 8.81847967044869 26.562595171938142 -11.257095969420083 7.130915257151911 29.781264276561828 -13.13217686325246 -59.52742889687846 30.246818785226694 30.08337769560757 -61.4648644752513 30.246725907737385 28.739534816574125 3.8173411458295767 25.124855423894303 13.930164309825557 6.067718655263662 24.93746330309193 6.242772179974602 8.474702705909719 27.062578692407882 -11.19461244830403 7.22501880236015 26.71876878421277 -17.44467236407572 6.318575552918768 29.499975334003366 -16.194715809653097 6.943418253730466 29.656255288118885 -13.069685851767254 -61.77714275960634 26.84046093371383 27.520769837236216 -57.558499132543226 26.87191316861771 29.70847207468976 -59.339939383826184 30.71557777370559 29.833386684337803 -61.246123464197 30.684236394326007 28.489545303378193 5.755199181022018 25.43744832199458 6.149007199344021 3.5360761657376028 25.593591941050306 13.773900827340627 0.5986581095080551 24.280964778808283 13.33531004080008 -3.5264257731468036 25.59326703054937 13.772612294551793 -5.744802747664629 25.436910685010005 6.147505940071304 -2.557130476499441 24.21831349539886 3.772658746330959 59.37880838823321 30.7212826103642 29.838127898715424 57.597748647703106 26.87744722485988 29.713042508650737 61.78535500132169 26.84639797181586 27.52574325305751 61.285124299100936 30.690123995991684 28.49446928276309 -7.212483119575867 26.718090328288326 -17.446314442288475 -4.462291372445387 23.53072216431501 -18.258682610857825 -6.4939982802951155 24.186874768366593 -9.383779995854542 -8.462799210281084 27.06178039057717 -11.196374372423202 60.94271357789307 39.065107591005614 -7.818047154324409 53.13111393821779 39.095983115745355 -26.630921651165583 6.4423481731253975 25.6562449173215 13.210590180749955 2.3804399216236285 25.40605019580356 1.116645445048273 54.19174883386043 24.658533944256263 26.71287922205038 60.31691660405344 24.59632757469815 23.27567284847093 67.88018509854827 22.721690143251337 9.119785398603973 70.31796822890023 23.284307007229387 2.651152255795599 74.223854187983 23.47199424922229 10.057589506514269 75.25525249492212 23.59704369291198 6.838888946649148 28.972923988123856 25.21982499573228 27.711670275320383 14.4728191562782 23.750379882761152 31.36722516486199 9.410498936771674 23.843887203526478 27.523232481318136 -5.432750672457604 27.499425646645435 13.428770912443138 -5.2140890593163425 30.280686132120934 12.491281400037174 -6.463864345369452 30.03062621965283 8.053721482182848 -6.932449556170942 27.280603753285206 7.366199011865361 30.819596725925805 29.96991352765758 -38.006991262809954 34.07011055778055 23.251319344248216 -42.00683545853545 42.976234699111636 23.064246289041407 -39.19390851072553 42.225683409666 29.095460315771703 -33.72519447078127 52.538793102015596 21.252204700351072 -38.59970010081573 57.91390844134821 20.627462373861178 -40.38069243007021 60.78876461965368 20.53385018965143 -37.286804610832704 58.288535420103166 20.346230332541964 -32.318174462448404 19.538640374321815 23.813122730007493 -37.97628206749856 28.538805141760154 23.938554183313386 -41.538350618142 -42.18056444124648 29.09140036417672 -33.72829080009335 -68.0874315881286 21.99640842323403 -13.760782726243537 -64.46203460689456 20.90283221757241 -20.948108941420482 -8.524479306712312 24.12426377608101 -25.320427384237412 -15.867736423546152 23.655161751819904 -35.13327942031251 -8.211231768589862 20.405528788382057 -37.19541238985422 -3.6803098571715345 20.999495994041894 -30.945195176330365 -1.9317135563706502 24.78082982323029 -5.44511131349648 -4.962245972040721 24.343184543965677 -19.97650660996097 -61.151207962973636 25.80924093881815 9.052049819934215 -65.30692314106544 25.37154172013429 -1.6668994115688909 -30.774151177411774 29.96694716995738 -38.00899399822602 -60.74248314594233 20.528010526348254 -37.29168065185503 -57.86733933746181 20.621898356142438 -40.3852928255078 -54.1519989620416 24.653326468108702 26.708635368184378 -60.30808116362522 24.590531355535987 23.27084025158967 -67.86981263437184 22.715168856356257 9.114227733988912 -70.3070294928167 23.277552020817055 2.645360891663031 -74.21364351578012 23.464864744352823 10.051423623924157 -75.2447452041012 23.58981531516983 6.832624191186245 -28.96457392361611 25.217033912670033 27.709842814542455 8.350550158943257 23.62508639106626 -25.47681839229279 15.726046004432115 23.156689959722 -35.351464835522066 8.070053690725514 19.875072940215958 -37.445581861204666 3.5072226268944093 20.468604206248074 -31.133300587237194 1.72455844929361 24.281018752627034 -5.445886006961564 4.756530513912875 23.84366409990062 -20.070740676995285 -0.8684275270930965 22.124644446647395 -19.227260331254215 -3.4315147661450354 22.68702157708823 -7.5398831867377325 6.254864652368429 25.15623592909398 13.366831192127433 2.130460895231776 24.906038211643818 1.1791334603858161 -6.68261584294057 29.968115732992374 8.147460995558312 -5.401592055033104 30.218177143462512 12.616272411450563 -5.7452341929273105 26.999410666122614 13.585005931525297 -7.244931578566822 26.81183877287006 7.459934031019336 10.723274579339769 25.718950137995733 19.898295409180463 9.22301391794088 23.312628215191253 27.74197349262381 14.316581141227934 23.25037239239201 31.617217674205584 19.223006404590734 25.844357601365786 25.36745287897844 24.660581295786034 30.750868275440183 18.89896355125776 28.941685972786328 24.71982349765844 27.96166877695929 35.504206930738725 24.751388094203747 27.49323337300224 34.41049138894998 30.78258567020167 20.743180948174228 70.59923920128752 22.784320490324745 2.713665738388255 68.13020457293354 22.221702128201073 9.21354738308689 74.50512216422263 22.97200773217402 10.18260298903511 75.56777196916376 23.097058674009332 6.932653927279728 65.56809707416528 24.877829308014867 -1.6303254465072472 61.348807777282076 25.346377042733153 9.150722301137558 60.504431584360866 24.096336563284723 23.463181836698464 54.31676081816383 24.158539936551577 26.96288521405844 58.47347970572066 25.06498920389025 16.27558447015825 48.50445857726675 25.220761305519957 21.775106578286685 13.067121948752192 30.812812504053795 12.773407772904658 7.255312574144723 31.125033895787595 -1.9456208519152751 30.78838118169571 29.501162030696904 -38.256992760596525 60.97630207106854 20.002609179279347 -37.536795622102446 58.07019589283488 20.096219865415264 -40.630684939413804 19.569360056114427 29.313124208978465 -32.413780575816276 11.412551293320115 30.437733186214842 -21.88292158518681 -0.6184574891442147 22.624656430376234 -19.102248346807208 -3.1502902340464836 23.187035059106364 -7.508619704109169 8.257516238448883 20.40633192747397 -37.19557287304894 3.725938170693619 20.99986469172356 -30.94579010093583 68.1000661437861 22.002950683162766 -13.755204088594851 64.50671314160944 20.909028422446738 -20.94287635882657 47.50736783893981 23.220713504324493 -36.912441292641404 56.13193787193007 22.908626951731108 -27.63077783492884 38.35169312033193 20.751524593433103 -46.44413021732183 43.10160322498632 20.47050229602293 -44.28765251257727 20.445375748159726 21.344416194579935 -45.63248861456012 25.164251575517238 20.969642409329637 -47.88226240282642 -6.275176373254348 29.499385264434807 -16.196269501509875 -6.900333669570041 29.655605295597184 -13.071299466577239 42.1292383750643 24.81420568743532 26.774800965480114 44.16063967585266 30.845553076417673 17.58739835083591 61.31801918409278 30.34637557252364 -5.474279180131514 55.19228064777111 30.783581915151075 9.49417718019803 -43.49184650420721 20.091337493120307 -50.13460370034274 -22.49181509291678 22.717344203257397 -53.414846990958566 -32.74613701235653 23.62310262889612 35.83466153827301 -40.21487650867589 23.65399458978972 35.58430349891488 -33.057414583395456 43.46683772956035 -9.509103390363343 3.5672108139806213 32.406093441422215 9.367652330477426 -59.77742140593501 34.18430680551951 25.989615715720827 4.662172753194398 30.81239593027341 -14.319795209720553 -78.74506128963584 26.05839751858474 10.957456402177465 -40.277367520089264 23.153991593498432 35.89680050240815 -37.402836423804665 24.747879395643793 44.084438315792724 -32.71487802398534 23.12310412682629 36.14716303598778 -8.839888565368963 23.155498654764457 36.335807564178594 -0.6799548205684584 21.155889826329187 -38.50755135255303 -74.18081304796277 20.93361631528319 -20.38607484302801 -63.27364774991717 22.18413918836471 -40.729301991885436 -43.55430455799635 19.560084498373044 -50.478356696095425 -22.398023147065004 22.217348698915174 -53.78984249630618 4.067215307053079 32.12486741049574 9.555176299443264 -59.933662417132936 33.77804931511446 26.20835822510032 5.037178744627933 30.74991390737479 -14.382277232762778 -78.43257926723997 26.558412499035754 10.832471383059394 -37.40284391417383 25.24787939585923 43.7406883161877 -9.027397553381071 23.6554896664651 36.02329857609469 -0.9299907737658472 21.65587784058951 -38.25756333743092 -73.86834450823135 21.46488129512376 -20.261059862433342 -63.05493370419179 22.684149673732463 -40.47929150565587 33.09883330945712 43.47002280603951 -9.506881936168083 32.41288082130207 39.31373991782468 -37.6319148614755 -4.619079180591129 30.811964656530677 -14.321190105751331 59.785076364185365 34.190052090171505 25.99439737809185 -3.557791124760155 32.405765534773636 9.366360801540935 59.46875 288.21875 22.0625 60.125 294.8125 -2.5 69.625 281.40625 19.46875 69.71875 289.96875 -3.21875 64.75 274.53125 35.03125 62.0625 279.71875 -41.9375 60.46875 290.6875 -25.4375 47.15625 282.5625 -48.65625 74.125 260.59375 -43.3125 51.90625 255.53125 -62.34375 81.90625 237.8125 -46.28125 84.1875 258.375 -41.6875 70.03125 285.34375 -25.625 83.52939604208184 188.48725224944843 -9.830323235601194 91.09375 203.21875 -7.34375 74.84375 190.25 -32.375 85.34375 219.1875 -29.53125 92.73249649065893 220.19951680304314 -26.223418842824657 94.9375 217.96875 -4.84375 78.78618639322904 26.065962962938286 10.964058224252154 40.28513033965648 23.157867282012504 35.899712568639124 32.75386987044716 23.12625624568122 36.14935153255878 37.44091144908327 24.75148093664724 44.087076234512786 8.847609438868988 23.15636021873567 36.335705505863245 0.726293221085214 21.155970893835786 -38.50843390733389 74.19418465594397 20.940742824005 -20.37991195658556 63.2888500041166 22.19022004155427 -40.72418476097645 43.5706932866682 19.564274782391095 -50.47513003436011 22.53949426950988 21.813266583731604 -53.78863823424161 -4.120274644655344 31.968238569731994 9.460083836104268 59.97258535219746 33.78381107857855 26.213156366283478 -4.9940731874340285 30.749446679860185 -14.383708082565484 78.47366841706122 26.56594798191273 10.839043243657486 40.253871351285305 23.657865784082304 35.587211070924354 37.40965395878593 25.251479438788863 43.74332473683393 32.78511088193235 23.626257743898677 35.83685303099168 22.633200825153384 22.344521076480888 -53.413633740451004 43.50815134074461 20.095521784843015 -50.131383030902754 63.0700640508474 22.690209553888423 -40.47419524778051 73.9129031970399 21.471979340442843 -20.25492543939366 0.976257266738782 21.655982877277367 -38.258421923030504 9.035100449995097 23.656369207322243 36.023214494665304 102.09375 230.375 -40.5625 92.5625 253.03125 -39.9375 113.25924526620696 247.97697692153318 -39.083880185491644 96.28125 265.625 -27.625 129.76601134883882 265.6004227598535 -26.079696280799016 100.3125 270.65625 -1.6875 127.09556455927488 270.55723470071416 -1.3417356114744599 107 265.53125 17.9375 124.9375 265.375 19.8125 107.84375 252.3125 29.1875 94.6875 255.40625 29.625 105.25 217.28125 10.40625 110.46875 224.4375 24.375 121.00181658305067 216.95902423085653 12.248796468565976 120.4702506796737 228.19379138344112 -37.55039387404977 124.71875 250.15625 31.25 111.9375 237.28125 30.65625 135.58678908463997 231.42736295492938 28.76223943387085 104.15910299292052 219.98828556771423 -23.710491661190773 117.37399595974976 218.95778558342585 -22.81291145857483 143.9649007550311 265.17217497101575 14.210936583268483 140.11008664303455 246.86680838671143 30.78776580551986 56.36762322842891 246.77650155860698 47.08568146184098 61.42958429547821 261.9210973847527 43.183534387041426 76.6875 261.15625 29.78125 66.8366312877929 244.20488120682717 44.27465435519758 79.25 276.3125 20.46875 91.78125 268.3125 19.65625 72.24307117639258 241.19569714080262 43.32299860060863 89.25 274.6875 -2.40625 86.09375 270.21875 -27.84375 80.4375 283 -2.8125 79.8125 275.65625 -29.59375 -52.34375 127.0625 -20.8125 -42.25 129.59375 -31.09375 -38.5612834754316 142.56065144102666 -27.939348588132436 -46.43654262410647 142.09152391345924 -22.06472610948827 -30.40625 130.84375 -36.25 -43.84375 123.5 -32.40625 -31.15625 122.4375 -37.6875 -27.842325267802106 143.279915291158 -33.00133474299165 -16.6875 122.34375 -39.15625 -17.21875 131.15625 -38.21875 -16.310983911798413 143.8742180854637 -35.500781950875705 -7.9375 103.03125 -29.90625 -21.96875 98.875 -28.78125 -11.28125 98.8125 -21.5 -43.15625 111.40625 -32.21875 -54.84375 100.03125 -19.0625 -37.0625 99.0625 -29.8125 -23.75 110.8125 -36.71875 -63.5625 102.4375 -3.90625 -55.65625 113.15625 -20.4375 -62 115.90625 -3.3125 -5.5625 99.59375 -10.71875 -29.40625 117.15625 33.78125 -17.500432903118533 112.49916102917538 36.53041103955172 -12.53125 107.5 25.25 -58.21812217327365 128.40345910809904 -1.502790906949448 -52.87515268201928 139.43496525398336 3.747465257643035 -51.34324503112763 141.12253869306684 -11.658711319036838 -51.5625 129.5625 23.78125 -53.84375 113.34375 26 -40.344512426864576 125.27931593609365 30.623065954368396 -31.62591375235748 121.31098388687819 37.74848390878008 -38.18940246600426 142.96691926886015 36.7169193144607 -42.81397250818695 144.93544757680667 25.779197612101495 -51.4381155901357 138.12253414168046 14.716284156435654 -39.438526089941256 129.52935937247864 31.87310939707317 -28.377239555165488 140.3111396448317 46.404889698512015 -20.90625 118.21875 41.78125 -13.84617385164053 141.56183624176498 48.99933629986272 -0.000053930656233901414 108.62499996423603 32.4999999655287 -0.002531744770311653 141.49999988322847 51.31249994391232 -9.937612332698357 109.4995235749632 32.84327357765572 0 102.59375 -11.84375 0 104.75 -24.625 -12.65625 97.28125 25.90625 -33.25 74.3125 -39.53125 -54.75 74.9375 -30.4375 -54.46875 101.34375 25.1875 -50.9375 92.03125 25.8125 -61.65625 86.9375 -3.6875 -32.53125 96.09375 33.625 -4.8125 76.84375 18.90625 0.125 70.46875 -6.25 -4.6875 69.40625 13.375 -7.125 71.90625 -26.53125 -42.03125 86.21875 32.625 -21.03125 74.71875 31.03125 -45.3125 76.28125 31.125 -20.40625 84.40625 32 -56.25 76.40625 13.25 -2.5 85.375 -8.1875 -7.28125 89.46875 23.875 -8.0625 84.8125 -20.6875 -51.8125 85.5 -21.8125 -31.84375 85.84375 -30.40625 -31.09375 92.09375 32.3125 -54.90625 86.21875 20.96875 -44.03125 67.59375 28.34375 -23.5625 66.9375 28.0625 13.5625 211.65625 -78.75 0 191.9375 -69.15625 21.1875 192.375 -66.5625 0 213.40625 -77.40625 0 181.96875 -57.5 20.65625 179.125 -54.15625 45.96875 184.46875 -53 -45.96875 184.46875 -53 -20.6875 179.125 -54.15625 -21.1875 192.375 -66.5625 -13.59375 211.65625 -78.75 -57.3125 196.5 -56.09375 -37.53125 206.28125 -72.96875 57.28125 196.5 -56.09375 37.5 206.28125 -72.96875 56.4375 226.03125 -67.1875 33.28125 228.125 -77.84375 65.78125 210.28125 -56.25 -33.3125 228.125 -77.84375 -56.4375 226.03125 -67.1875 -65.8125 210.28125 -56.25 13.5 230.28125 -80.84375 -13.5 230.28125 -80.84375 0 174 -47.46875 -19.8125 173.71875 -46.09375 70.09375 175.25 -10.34375 70.96875 174.8125 2.875 82.49744176124685 187.2011323103992 6.147130026406688 23.375 182.4375 63.875 10.8125 186.28125 66.96875 9.838303107726865 185.67684105784062 67.92559744017012 22.588558369147083 182.37402854400037 65.90423729671565 -10.84375 186.28125 66.96875 -23.375 182.4375 63.875 -22.63019152693631 182.37186083117058 65.90206958388337 -9.849196847029557 185.6758972713287 67.9246536536571 0 187.71875 67.84375 -5.724268841659733 187.22684099434198 67.87572430600753 5.713231132055902 187.2273892893632 67.87627260102937 -71 174.8125 2.875 -70.125 175.25 -10.34375 19.78125 173.71875 -46.09375 33.33889631175814 180.25300092047001 60.97625682142171 32.15625 178.71875 60.125 69.21875 175.0625 21.5625 58.09375 169.1875 18.40625 52.65625 170.125 34.34375 58.28125 170.15625 -11.25 69.8125 178.4375 31.3125 62.8125 177.375 -30.0625 60.15625 169.21875 4.59375 43.15625 172.46875 -33.71875 33.34375 173.3125 -41.15625 52.9375 171.15625 -23.8125 -33.34375 173.3125 -41.15625 -52.9375 171.15625 -23.8125 -62.84375 177.375 -30.0625 -58.3125 170.15625 -11.25 -43.1875 172.46875 -33.71875 47.125 171.1875 44.5625 -47.125 171.1875 44.5625 -69.84375 178.4375 31.3125 -50.254390760631864 181.76547679653382 49.80304808490302 50.245609008410426 181.77029460196616 49.80786589034087 -43.1875 178.9375 52.53125 -38.8125 174.46875 53.71875 -32.15625 178.71875 60.125 -32.15625 177.90625 59.25 43.1875 178.9375 52.53125 38.8125 174.46875 53.71875 32.15625 177.90625 59.25 -45.098245257767154 180.8071799407877 52.941414907719476 -0.005701623211892949 191.14881036557145 67.76687420618363 -61.47324672874229 189.9664130771285 43.81208150901403 -69.21875 175.0625 21.5625 61.46425298873669 189.97230649956964 43.81797493146195 81.15263602542774 188.47734351346787 26.893630326109527 -58.09375 169.1875 18.40625 -52.6875 170.125 34.34375 -60.1875 169.21875 4.59375 -42.78968908539165 274.6133262995643 41.40409718316675 -20.943700231463264 300.98762756117316 -31.67191859547934 -44.977224054081944 297.6739504858024 19.072819235479862 -23.972878570011762 282.8268753554584 -56.72641828696981 -23.595409350310987 251.33014381068915 -76.73788816795097 -42.35133557889976 303.42565248275116 -5.2124558706250905 -46.85230452014328 285.2683628958721 33.15684862542581 0 231.75 -77.03125 -33.34860353498821 180.2498040309201 60.97305993186811 45.058004535045974 180.8115018837828 52.94573685071954 23.560840541319866 251.33240440409628 -76.73562757454124 -0.002131802018388378 259.60569238214 -75.15690635408035 20.900049672376174 300.9896334820295 -31.669912674620733 42.74156071805013 274.61742652763274 41.40819741123995 46.80394526462655 285.2728526231359 33.161338352694855 44.96027573923389 297.6782619422807 19.077130691963117 42.304914226552846 303.4297107647525 -5.208397588619139 23.964621319823713 282.8291734007113 -56.72412024171432 223.25 238.875 -44.40625 242.3267432814687 243.2837055218398 -44.65071337377737 248.85628781067732 259.6684577597338 -41.92467054003293 230.13738843978228 261.06344451569237 -41.62725010023909 273.35196460039975 278.20459432351373 -0.19334725985336165 250.28125 285.0625 -1.375 250.8125 277 -30.625 272.91567253212963 277.20210846574037 -18.1764117605476 228.71875 279.1875 -30.53125 260.7012731228291 246.6708787636827 -42.18703194881576 274.4812900062097 258.2531985951211 -39.81469255414351 289.7302745634493 263.892023428123 -31.957429824618025 295.72963823726127 264.40771353670334 -22.464756868792684 270.0417667201363 273.32707828476674 -29.97419532803749 300.509829730864 263.650828889002 -4.229752852421831 299.6967492107999 263.6048008014138 5.211774860059089 272.03892186463827 276.06875769474175 11.802267969544422 251.88308046028416 251.82123160594188 41.91643427741343 240.44715568025123 235.62306142963703 41.010162110844846 243.47618726724951 259.3937343800169 40.83394720357274 265.28855971932205 264.96372774952465 34.461913898715764 276.4137221039923 261.5956118533322 36.941091756299784 261.0387878975337 258.7288693126872 40.21781807272106 246.34375 274.96875 23.84375 224.3125 287.125 -0.78125 293.2581897523186 262.6152506860649 23.813278508455742 269.2260653545649 271.5676972996894 24.372429370112386 285.63273871070356 262.24903632500053 31.648596726542507 218.7166553791363 275.6752200067751 24.769471195228917 206.15175777294908 261.24013548825803 -39.525561991357904 201.7211606735643 273.128553289376 -28.911358861047837 249.35877006212692 230.17977180687188 -37.350000314436315 297.28991415208753 263.0609167188588 15.480203755459607 213.41053084473728 234.855681139673 40.459396805794825 237.54250119615952 222.96885082251333 34.41127854136103 213.375 207.5 23.75 230.0625 205.25 -3.6875 236.7019407429377 206.4383777995855 7.9475134072151326 239.98369004074092 209.2087697203969 -4.30740315059834 245.04692854961831 218.12689007646122 -29.7320905526486 233.90625 215.125 -31.78125 219.3125 214.9375 -31.96875 215.125 204.09375 -3.5625 225.75 207.125 22.8125 235.63839945061054 209.15622763598515 20.64300597589074 241.5155740346898 210.83751951835404 -17.00850106917365 193.38606189216648 281.79314099282345 -1.1067449265565275 214.41594115926353 256.5163658629283 39.80974191150226 204.32217892049323 238.92561994765785 -42.56151168395162 194.3600315150542 206.38797377943715 -3.344522508767885 185.4375 212.34375 22.375 201.60622697756 216.88034122847105 -31.740552464707413 166.84375 272.21875 -0.78125 184.9259179589894 244.44355879358886 -38.53347159995198 186.53125 270.25 22.4375 183.1875 242.65625 36.8125 164.5625 216.84375 15.96875 166.125 240.46875 31.8125 162.1875 214.28125 -2.8125 166.19197004140014 261.05253993973577 19.449639281504044 137.17637663272816 229.8129760948608 -34.606849091651604 151.1085111652765 262.2466488982602 -25.790064021457162 146.68826038658872 269.61161273235416 -1.069952267037471 161.84375 219.75 -24.125 160.25 243.65625 -36.46875 149.75244677790445 219.67342379916445 -23.521918377098384 159.03775865690352 260.47472922297897 18.960503700565972 139.467260113241 220.39209980527974 -22.63516548239583 182.46875 263.21875 -27.21875 173.84375 244.9375 -34.9375 177.78125 222.46875 -27.5 172.4375 263.40625 -26.90625 159.8125 262.96875 -26 133.19006913969903 244.29882547562758 -37.560922810900664 141.71567286187235 218.8584137396704 13.437266884322222 147.277735399166 242.15675062354074 -36.16654414015371 151.0585626253827 216.9139672789255 13.629518550608427 156.3023220503057 242.93532809293976 29.690230115804308 -161.875 219.75 -24.125 -162.1875 214.28125 -2.8125 -159.84375 262.96875 -26 -160.25 243.65625 -36.46875 -166.125 240.46875 31.8125 -166.84375 272.21875 -0.78125 -172.4375 263.40625 -26.90625 -182.46875 263.21875 -27.21875 -173.875 244.9375 -34.9375 -184.94300367512164 244.42690436016875 -38.5239823081842 -177.8125 222.46875 -27.5 -201.72463934460404 273.1424288353571 -28.928581036787918 -206.16175455904465 261.25330741709547 -39.53517629519259 -201.5994256373441 216.86297444450923 -31.758200986267077 -194.3503665816726 206.40338970534341 -3.3850700695600375 -204.34910415010782 238.9397154667183 -42.59249695911447 -193.41310027236213 281.7772416187908 -1.143184722885076 -186.5625 270.25 22.4375 -183.21875 242.65625 36.8125 -214.44568638511 256.52921203852685 39.785885729532524 -218.72646625096647 275.65611783883827 24.75289883001411 -185.46875 212.34375 22.375 -164.59375 216.84375 15.96875 -213.41441321582636 234.83720901668863 40.439843096932165 -248.86558829079294 259.6464690035333 -41.933635809193824 -274.49065685813684 258.22875299444394 -39.82611466778381 -260.70930217440446 246.64775441003007 -42.19713281543001 -242.33421154116607 243.2623428848197 -44.65905252375709 -223.28125 238.875 -44.40625 -230.14685135442753 261.0432504584768 -41.63442067041294 -250.84375 277 -30.625 -250.28125 285.0625 -1.375 -273.36704299995426 278.1490254931199 -0.20574426187776185 -272.9289307653607 277.17781278479316 -18.187683954457764 -228.75 279.1875 -30.53125 -276.43076849100976 261.57098060924943 36.92948399925367 -265.3056914370733 264.94016314548844 34.45137278171749 -261.0558737337849 258.7057121650558 40.20768441212802 -249.36568186339449 230.15773498882794 -37.35901364544067 -235.6488558889526 209.1355061122204 20.63530793916712 -237.55560198295169 222.94794661294293 34.403397818831586 -225.78125 207.125 22.8125 -236.71091939071388 206.4175543778074 7.939713472477988 -230.0625 205.25 -3.6875 -239.96050931320835 209.187631764184 -4.315516624672667 -241.52258171258248 210.81623467566442 -17.01676242482278 -233.9375 215.125 -31.78125 -245.0534151799357 218.10526668404324 -29.74069045802652 -215.15625 204.09375 -3.5625 -213.375 207.5 23.75 -219.3125 214.9375 -31.96875 -299.7109459152599 263.5779373935474 5.197934939226808 -272.05494570159846 276.0445459411989 11.791079703038696 -269.24286285635964 271.5437551965291 24.361510753989506 -293.2740750923882 262.58900450524425 23.80005581466989 -289.7409352358765 263.8661157427196 -31.97031402298623 -270.05352232173334 273.30305821653116 -29.985191909235724 -295.7412584236126 264.38123060595984 -22.47821631250165 -297.3050432361799 263.0342840257593 15.466594549394463 -300.52312561811704 263.6238875688217 -4.243670685568122 -285.64934013203003 262.1922899811904 31.63502221110046 -251.89966695677694 251.79895230149435 41.9071784600053 -243.4933960824704 259.3722610711253 40.825497381721384 -240.4621023639555 235.60187864281747 41.00200281106591 -224.34375 287.125 -0.78125 -246.375 274.96875 23.84375 7.90625 50.875 -27.15625 2.46875 52.0625 -9.4375 7.3125 40.71875 -5.25 12.03125 41.625 -24.6875 9.816374938011817 52.07975267963354 7.089045538420883 12.96875 40.5625 9.625 54.59375 40.5 7.1875 33.9375 40.5 17.09375 34.25341836276358 52.041344838638395 16.652839359104515 58.160265695719715 50.82802900044683 5.40686405288843 64.5625 49.375 -10.34375 55.84375 49.40625 -31.46875 34.5 49.34375 -41.5625 71.21178171294156 238.62245475330872 46.719403874244186 61.2426527148853 243.0014390494424 50.245886646331456 -69.81921969147929 229.36719772308726 50.7821664637002 -67.10034845422129 221.82325302725076 55.797217728031534 -70.4750518302794 219.8867396928314 51.54595823327731 -63.350204967657426 214.6246300723961 60.00287349693626 -65.91251819154358 213.0917957936567 57.6394127760611 -59.97513322570191 209.07302478867166 64.05809476221599 -61.66249066818219 207.7461817373429 62.411089941808065 68.43141826994786 211.5655245763598 55.282515116635956 65.86873150561169 213.0981131709913 57.64573015340296 70.43119784590584 219.89349450772391 51.55271304817759 73.83774632461953 217.92741940162597 47.292649644675784 61.618759048506824 207.75209163859614 62.41699984306812 63.30640446372417 206.4046525163789 60.7311409701448 -68.44358141550154 211.55896301299117 55.275953553259775 -73.8497533359818 217.92033950471267 47.285569747754366 51.524094859421 226.03941546137946 63.19928623419989 56.14923800163514 224.95359919783482 61.29936044134601 50.71180456362533 216.53113931651578 68.33306854268086 48.117985319337265 216.83662434357797 69.47190333697796 53.961420146838876 236.71563324045167 56.167710752692486 60.36786915595014 234.63700708538647 54.095290060329035 -53.35062407662561 216.19065450977774 67.17999183163262 -60.8193714421714 223.88271179188564 59.432621487707955 -56.19451174018919 224.94821362242152 61.29397486592652 -50.756945203190696 216.52627507079478 68.32820429695428 -66.81943053283062 232.561105655542 51.986578248621235 -60.413380566484086 234.63121703003947 54.0895000049754 -41.13249471176013 234.06757304631427 62.25018247056714 -38.03866612331278 228.53171238041313 66.14682699381203 -42.007343842273436 227.87727003820328 65.2932879225047 -46.28864107492957 232.33638823075742 61.8192433757288 -43.82007337389349 240.355512571487 57.6030156629718 -50.319912435613276 237.03287216967482 57.56815261681499 -54.851255217473614 243.8968319857056 52.63941633230996 -46.101369267238795 243.79205622588418 55.12370334482219 -47.038771124859984 247.2798443862899 49.58860844338084 54.80499453052683 243.90208872676968 52.644673073380055 46.054880520978166 243.7964740456043 55.12812116454738 46.992478659048054 247.28435209043974 49.593116147535845 50.27383733321358 237.03769446932864 57.57297491647433 43.804926424736664 240.359713170502 57.60721626199162 46.273858712353785 232.3408255254373 61.823680670413786 41.11750509922224 234.07151597663076 62.254125400888164 41.9614059647591 227.88129536258032 65.2973132468864 37.99258370196082 228.53535719403774 66.15047180744085 63.33729474120373 214.63070326369666 60.0089466882438 67.05590123747602 221.82968425819632 55.80364895898449 60.805628278323816 223.888542295226 59.438451991055004 53.305625678269095 216.19576743575425 67.18510475761502 91.62137520525442 204.84470123477544 10.752484592844008 -51.538404903732456 226.0344748138932 63.19434558670796 -48.16326445940008 216.83200877811248 69.46728777150717 -53.976079605111394 236.71045889344816 56.16253640568305 -37.35148618245761 243.70803832892466 57.64700620182348 -37.695164742160195 247.79772125518326 52.06705362157967 37.33601364590404 243.71161872537468 57.650586598277606 37.64858508469334 247.80133311118368 52.07066547758423 -35.97634548313704 235.77799999900913 62.64210572091641 -63.31859524528061 206.398582321226 60.72507077498492 -34.069985538898464 229.165396859761 66.96135022063028 69.77452998772218 229.373889618879 50.788858359499606 78.39986440427967 232.86581853615473 40.32137338151935 35.96115435154436 235.7814485649622 62.645554286873484 66.80556916008756 232.5675114192325 51.99298401231908 59.96236649867133 209.0787743960253 64.0638443695762 34.0237643046162 229.16866116263319 66.96461452350624 -71.22571795972473 238.6156265327986 46.71257565372623 -61.288597003527265 242.995565101961 50.24001269884333 -0.008968840734179818 314.96697789456744 12.10325653528684 -16.133352121227873 311.9202224618673 2.284396025046992 -0.008148246666779846 313.3682640621013 -3.4157203851968854 -15.477760500882932 312.2784957445416 15.660032839597367 -14.790609411614492 310.3949213362001 24.82195994740379 -27.384139718644633 302.15360423771904 28.479851589210195 -34.63370947085583 305.0651813206316 16.592906434521254 -0.007131780987904083 308.8148809418627 -20.065933349364165 -18.163734498254918 308.1182659788691 -12.012464237505265 -0.006214414255120143 300.3885060360103 -30.77593862092956 -44.41313816555818 209.75793300042943 73.90703860734622 34.61629037000168 305.06850105223543 16.59622616612893 15.459739428020013 312.2799788376318 15.661515932689243 16.116647804658836 311.92176847405824 2.2859420372397357 18.14876541829581 308.12000674065774 -12.010723475714597 -0.0043340624998304085 284.2835746596079 -53.895370598178616 -20.35241426230414 277.5359256560941 43.17979087211055 -33.41527942877912 292.1563533583153 36.1761534950673 -0.00937114506548386 297.49194351093377 37.97040754296394 -22.132701617971875 245.10822681128195 55.52652796127385 -0.008686749082823172 273.990811718867 47.19495695396573 -0.00946091344019621 312.99317459523104 24.341755548887047 -55.443703485133796 201.59545807762004 67.78646885832909 -30.257280951364397 218.3873187284208 73.47189058494897 90.9375 238.4375 30.625 90.625 223.15625 21.28125 82.24426442115424 228.76159280776426 30.866353336290853 88.21875 204.65625 25.4375 77.08865287906937 211.80139405529815 34.507996135765815 71.33896921560704 201.76556446574853 37.94473191912698 44.399361630343 209.7621905262499 73.91129613317159 14.771890520448324 310.3963385140418 24.823377125247138 27.33461015560694 302.1562273649927 28.482474716486838 33.39722041767997 292.15955624016055 36.17935637691622 22.460971301725692 240.3582663343507 61.88653054567762 -0.00766698812202468 237.94722412828037 61.96620844748499 22.08604828040961 245.11034658574923 55.528647735743554 -0.0075873867554137 233.5965780557495 64.65636045206305 20.33508564419246 277.53787614821874 43.18174136423744 -0.009599779928470279 308.3789934839649 31.8527082699572 -22.47652859500404 240.35611210418537 61.884376315509826 55.43129626006585 201.60077324356342 67.79178402427856 30.21146890967318 218.39021750127887 73.47478935781037</float_array>
                    <technique_common>
                        <accessor count="1027" source="#pointarray0" stride="3">
                            <param name="X" type="float"/>
                            <param name="Y" type="float"/>
                            <param name="Z" type="float"/>
                        </accessor>
                    </technique_common>
                </source>
                <source id="uvs0">
                    <float_array id="uvarray0" count="954">0.7249910235404968 0.2904049754142761 0.7613930106163025 0.3211119771003723 0.7353450059890747 0.33649998903274536 0.7825610041618347 0.2911909818649292 0.80144202709198 0.37839800119400024 0.6463969945907593 0.36653900146484375 0.6740909814834595 0.40998297929763794 0.6531320214271545 0.4687979817390442 0.57082599401474 0.6632460057735443 0.642848014831543 0.6656709909439087 0.6458929777145386 0.7261359989643097 0.6468309760093689 0.6085630059242249 0.6950590014457703 0.6116470098495483 0.5739309787750244 0.7690279930830002 0.648468017578125 0.770456001162529 0.727262020111084 0.4573400020599365 0.683771014213562 0.4584770202636719 0.706508994102478 0.3998730182647705 0.7059749960899353 0.3480309844017029 0.6916429996490479 0.527523010969162 0.6050199866294861 0.8241910040378571 0.5708739757537842 0.8242550045251846 0.6650260090827942 0.36065101623535156 0.5558199882507324 0.6627810001373291 0.6430619955062866 0.5243769884109497 0.6869990229606628 0.26804298162460327 0.6235700249671936 0.26804298162460327 0.6591749787330627 0.8356339931488037 0.6037120223045349 0.26778900623321533 0.7376499772071838 0.6717329919338226 0.6971250176429749 0.6770220100879669 0.6970239877700806 0.7296049892902374 0.7170310020446777 0.7749110013246536 0.7390249967575073 0.729773998260498 0.784850001335144 0.6753000020980835 0.7573230266571045 0.6054480075836182 0.7449470162391663 0.39319902658462524 0.7620959877967834 0.4572349786758423 0.7927470207214355 0.4549739956855774 0.7589880228042603 0.524491012096405 0.7040159702301025 0.8072579950094223 0.6974020004272461 0.8537890017032623 0.8084080219268799 0.7340199947357178 0.8553670048713684 0.7916119992733002 0.8538200259208679 0.8425949960947037 0.8235989809036255 0.820469006896019 0.818198025226593 0.6067189872264862 0.8404359817504883 0.6109789907932281 0.8403040170669556 0.6809200048446655 0.8238130211830139 0.4545850157737732 0.8702279925346375 0.6186020076274872 0.871291995048523 0.6885240077972412 0.7867860198020935 0.606887012720108 0.7891070246696472 0.5287880003452301 0.817238986492157 0.6802400052547455 0.8470550179481506 0.729649007320404 0.8121399879455566 0.8160630017518997 0.8207340240478516 0.5295270085334778 0.863906979560852 0.4955499768257141 0.8470839858055115 0.5447689890861511 0.7698779702186584 0.7282609939575195 0.7655569911003113 0.7835589945316315 0.7918599843978882 0.8295529931783676 0.7725930213928223 0.8299690037965775 0.915244996547699 0.495311975479126 0.89656001329422 0.4160259962081909 0.8708159923553467 0.5533170104026794 0.7020859718322754 0.21292299032211304 0.7265880107879639 0.14137399196624756 0.758188009262085 0.17049497365951538 0.7438240051269531 0.22497397661209106 0.7294600009918213 0.2580000162124634 0.6638320088386536 0.2638760209083557 0.7485560178756714 0.8379790037870407 0.6278719902038574 0.26478099822998047 0.6389989852905273 0.19601202011108398 0.6741600036621094 0.1946049928665161 0.6753180027008057 0.1283860206604004 0.6346679925918579 0.15417200326919556 0.7465220093727112 0.890513002872467 0.8124309778213501 0.215378999710083 0.11897700279951096 0.4262310266494751 0.11637700349092484 0.27698302268981934 0.08474799990653992 0.2873929738998413 0.08890900015830994 0.4151759743690491 0.1663379967212677 0.7837879955768585 0.15369899570941925 0.6649489998817444 0.15686999261379242 0.7868629992008209 0.20232799649238586 0.6680600047111511 0.17256900668144226 0.6607919931411743 0.18225400149822235 0.5163680016994476 0.14502200484275818 0.5229139924049377 0.16479699313640594 0.9021169990301132 0.14660200476646423 0.9229179993271828 0.13840100169181824 0.965234000235796 0.16049699485301971 0.965234998613596 0.15508699417114258 0.12556999921798706 0.1786320060491562 0.03676199913024902 0.14709900319576263 0.04355698823928833 0.13642500340938568 0.6333929896354675 0.1511330008506775 0.2713850140571594 0.1465499997138977 0.42370498180389404 0.14343099296092987 0.7045330107212067 0.14148999750614166 0.8323699980974197 0.11772800236940384 0.1307070255279541 0.12425100058317184 0.7021200060844421 0.1248370036482811 0.9311179965734482 0.21514999866485596 0.5291959941387177 0.24390800297260284 0.7925779968500137 0.1976349949836731 0.18094098567962646 0.2098889946937561 0.08044201135635376 0.18308499455451965 0.11276602745056152 0.19582900404930115 0.27888399362564087 0.18493099510669708 0.4388729929924011 0.09088300168514252 0.6385340094566345 0.09782599657773972 0.7393470108509064 0.11107899993658066 0.7135300040245056 0.12172000110149384 0.8326960057020187 0.10990899801254272 0.8227619975805283 0.09770499914884567 0.7984070032835007 0.11637099832296371 0.626448005437851 0.10549899935722351 0.9210409969091415 0.09376499801874161 0.9049160033464432 0.11211100220680237 0.04568600654602051 0.10652299970388412 0.967484001070261 0.09181699901819229 0.1320520043373108 0.0942159965634346 0.05720001459121704 0.09349499642848969 0.967934001237154 0.09144599735736847 0.5284639894962311 0.11602900177240372 0.5204080045223236 0.24590499699115753 0.13067102432250977 0.26534101366996765 0.12784302234649658 0.2712149918079376 0.015655994415283203 0.25119900703430176 0.01617598533630371 0.2908700108528137 0.21548199653625488 0.29068198800086975 0.1250150203704834 0.26535001397132874 0.22391700744628906 0.289669007062912 0.015134990215301514 0.24573299288749695 0.23234999179840088 0.26235899329185486 0.3227649927139282 0.2863290011882782 0.32127100229263306 0.2552419900894165 0.4394429922103882 0.28327998518943787 0.3939719796180725 0.24429400265216827 0.32425999641418457 0.24593999981880188 0.6742500066757202 0.2907249927520752 0.697952002286911 0.2634660005569458 0.6267240047454834 0.28975600004196167 0.7617350071668625 0.26934900879859924 0.5632030069828033 0.2642059922218323 0.7423810064792633 0.28338301181793213 0.7536769956350327 0.2676360011100769 0.7932769954204559 0.23779800534248352 0.8844109997153282 0.21909399330615997 0.44652998447418213 0.21455900371074677 0.31735098361968994 0.21696500480175018 0.1795240044593811 0.21737100183963776 0.9079060032963753 0.2344689965248108 0.9306449964642525 0.20508800446987152 0.9795900005847216 0.22400400042533875 0.01680701971054077 0.2767060101032257 0.4838629961013794 0.245510995388031 0.5383790135383606 0.2885020077228546 0.8262349963188171 0.264165997505188 0.8567100018262863 0.2603200078010559 0.9814379997551441 0.2385060042142868 0.8844100013375282 0.28916600346565247 0.897257998585701 0.052538998425006866 0.06035202741622925 0.07109899818897247 0.0610160231590271 0.07096599787473679 0.13099300861358643 0.0524739995598793 0.15052801370620728 0.04863300174474716 0.8976759985089302 0.07107000052928925 0.8995959982275963 0.07076100260019302 0.9666370004415512 0.048475999385118484 0.9683520011603832 0.04873400181531906 0.6455380022525787 0.03398900106549263 0.6375060081481934 0.03398500010371208 0.5466220080852509 0.052264001220464706 0.5415199995040894 0.033987998962402344 0.8957559987902641 0.033984001725912094 0.9700670000165701 0.03397899866104126 0.05968797206878662 0.03398299962282181 0.12664198875427246 0.06919000297784805 0.4183819890022278 0.07054299861192703 0.536419004201889 0.051587000489234924 0.42159098386764526 0.07005699723958969 0.7708290070295334 0.04812699928879738 0.7695170044898987 0.07127200067043304 0.6330659985542297 0.04917500168085098 0.2848460078239441 0.06436599791049957 0.28734397888183594 0.03398900106549263 0.7141810059547424 0.03398900106549263 0.7730299979448318 0.03398900106549263 0.8121879994869232 0.03398299962282181 0.21072399616241455 0.02903199940919876 0.23829102516174316 0.029032999649643898 0.2757260203361511 0.033984001725912094 0.2823460102081299 0.024080000817775726 0.361640989780426 0.019127000123262405 0.3691220283508301 0.019127000123262405 0.3886520266532898 0.024080000817775726 0.40070098638534546 0.02903199940919876 0.29038798809051514 0.02903199940919876 0.33863699436187744 0.03398500010371208 0.3466789722442627 0.02920299954712391 0.9012920036911964 0.029200000688433647 0.9590740017592907 0.022366000339388847 0.6938239932060242 0.02758999913930893 0.7018559873104095 0.02758999913930893 0.6509230136871338 0.022366000339388847 0.6595019996166229 0.017865000292658806 0.688403993844986 0.017865000292658806 0.6650499999523163 0.020344000309705734 0.6075649857521057 0.025971999391913414 0.6184160113334656 0.02597000077366829 0.5669749975204468 0.020343000069260597 0.5747019946575165 0.016179999336600304 0.6008979976177216 0.016179999336600304 0.5791800022125244 0.028245000168681145 0.771805003285408 0.028245000168681145 0.7988130003213882 0.01912599988281727 0.8369459956884384 0.01912599988281727 0.8665560036897659 0.029035000130534172 0.882863000035286 0.029035000130534172 0.8226719945669174 0.01912599988281727 0.9164690002799034 0.014227000065147877 0.9228829964995384 0.01422599982470274 0.9373999983072281 0.01912599988281727 0.9438339993357658 0.025282999500632286 0.9077280014753342 0.02528100088238716 0.9526179991662502 0.02446099929511547 0.11187797784805298 0.028193000704050064 0.116798996925354 0.02819100022315979 0.06972599029541016 0.024459000676870346 0.07690900564193726 0.024080999195575714 0.2691050171852112 0.024080999195575714 0.24414801597595215 0.024080000817775726 0.33059602975845337 0.024080000817775726 0.298429012298584 0.02903199940919876 0.35416001081466675 0.02903199940919876 0.4127500057220459 0.026777999475598335 0.20954102277755737 0.026777999475598335 0.1527169942855835 0.028245000168681145 0.7269060015678406 0.026777999475598335 0.518436998128891 0.03398500010371208 0.42479902505874634 0.026777999475598335 0.45742499828338623 0.021901000291109085 0.947563000023365 0.02190300077199936 0.912762001156807 0.014227000065147877 0.68436399102211 0.014227000065147877 0.6691530048847198 0.02030700072646141 0.08158397674560547 0.020308999344706535 0.10695701837539673 0.01739400066435337 0.10345101356506348 0.017393000423908234 0.08428400754928589 0.01422599982470274 0.09863400459289551 0.01422599982470274 0.08904999494552612 0.01912599988281727 0.5014730095863342 0.01912599988281727 0.471405029296875 0.01912599988281727 0.1943579912185669 0.01912599988281727 0.16523998975753784 0.008875000290572643 0.3145120143890381 0.008875000290572643 0.2558630108833313 0.01912599988281727 0.7838499993085861 0.01912599988281727 0.7450779974460602 0.9159550070762634 0.8399820029735565 0.9087030291557312 0.8296220004558563 0.9055950045585632 0.8316940069198608 0.9159550070762634 0.8296220004558563 0.9232079982757568 0.8296220004558563 0.9263160228729248 0.8306580036878586 0.9263160228729248 0.8358380049467087 0.9055950045585632 0.8399820029735565 0.9263160228729248 0.8430899977684021 0.9061130285263062 0.8487879931926727 0.9243159890174866 0.8493060022592545 0.9107750058174133 0.8503420054912567 0.9159550070762634 0.8503420054912567 0.9243720173835754 0.8493420034646988 0.008875000290572643 0.9301299974322319 0.008875000290572643 0.6767899990081787 0.008875000290572643 0.09381699562072754 0.008875000290572643 0.5888899862766266 0.008875000290572643 0.7664690017700195 0.008875000290572643 0.849810004234314 0.008875000290572643 0.17709797620773315 0.008875000290572643 0.48354601860046387 0.008875000290572643 0.37660300731658936 0.23379899561405182 0.9811370000243187 0.23517799377441406 0.9306449964642525 0.23308999836444855 0.9811359997838736 0.2890569865703583 0.9814389999955893 0.15881100296974182 0.9781299997121096 0.18679800629615784 0.01921898126602173 0.21036699414253235 0.018140971660614014 0.9687600135803223 0.27637797594070435 0.9923009872436523 0.21531397104263306 0.9515669941902161 0.21642500162124634 0.9923110008239746 0.27470600605010986 0.9923229813575745 0.1434599757194519 0.9487379789352417 0.1342179775238037 0.8855209946632385 0.19367098808288574 0.8671460151672363 0.24821698665618896 0.9036089777946472 0.2645000219345093 0.8761820197105408 0.3508380055427551 0.925665020942688 0.3451709747314453 0.8469589948654175 0.29056501388549805 0.9704560041427612 0.3427950143814087 0.9918419718742371 0.10237300395965576 0.9428499937057495 0.10237300395965576 0.7759029865264893 0.12608301639556885 0.7429810166358948 0.10375601053237915 0.5650699734687805 0.011112987995147705 0.543757975101471 0.014901995658874512 0.5402200222015381 0.036083996295928955 0.5527070164680481 0.03680199384689331 0.5287879705429077 0.021010994911193848 0.527567982673645 0.03545099496841431 0.5709549784660339 0.04248201847076416 0.5859280228614807 0.027345001697540283 0.6950929760932922 0.07545202970504761 0.700996994972229 0.03819000720977783 0.6636250019073486 0.01680898666381836 0.8021640181541443 0.0942540168762207 0.6618469953536987 0.08240300416946411 0.824321985244751 0.15741199254989624 0.752232015132904 0.07107102870941162 0.8643860220909119 0.10237401723861694 0.9005699753761292 0.10237300395965576 0.8282009959220886 0.10237300395965576 0.636381983757019 0.010783970355987549 0.6130499839782715 0.08147299289703369 0.6006720066070557 0.04948300123214722 0.6150220036506653 0.00784599781036377 0.5862680077552795 0.007790982723236084 0.5968649983406067 0.060283005237579346 0.5186790227890015 0.03485900163650513 0.6232939958572388 0.10501599311828613 0.8802340030670166 0.8003370016813278 0.9553070068359375 0.5589370131492615 0.9092170000076294 0.6912260055541992 0.9470260143280029 0.4855239987373352 0.9470450282096863 0.3996400237083435 0.9122400283813477 0.6251539885997772 0.880719006061554 0.7431449890136719 0.9923200011253357 0.3430759906768799 0.9923350214958191 0.4263629913330078 0.4491260051727295 0.4135280251502991 0.41101300716400146 0.41552799940109253 0.3944059908390045 0.4586229920387268 0.43662500381469727 0.47118502855300903 0.3366459906101227 0.6047469973564148 0.3893220126628876 0.5961610078811646 0.3917689919471741 0.5198580026626587 0.33771100640296936 0.5546799898147583 0.4418700039386749 0.5267679989337921 0.36022600531578064 0.42631101608276367 0.32689398527145386 0.4630560278892517 0.3089050054550171 0.49449801445007324 0.2990109920501709 0.5263189971446991 0.34176498651504517 0.5161249935626984 0.2898780107498169 0.5828849971294403 0.29274699091911316 0.6157599985599518 0.338238000869751 0.6338379979133606 0.37378498911857605 0.7485660016536713 0.3917590081691742 0.7896489948034286 0.3908520042896271 0.7265599966049194 0.3461860120296478 0.702800989151001 0.33125999569892883 0.7101970016956329 0.3525950014591217 0.7249970138072968 0.39198800921440125 0.6607640087604523 0.4522770047187805 0.5975410044193268 0.3030480146408081 0.6702600121498108 0.3404429852962494 0.6644189953804016 0.3154140114784241 0.697394996881485 0.45697200298309326 0.6570900082588196 0.4972589910030365 0.4787219762802124 0.5027120113372803 0.5213710069656372 0.388280987739563 0.3868880271911621 0.29622599482536316 0.644351989030838 0.46098700165748596 0.7763199955224991 0.39753401279449463 0.8195769935846329 0.46739599108695984 0.8543570041656494 0.411080002784729 0.308463990688324 0.38759100437164307 0.2895439863204956 0.3857809901237488 0.3108000159263611 0.39250999689102173 0.34827500581741333 0.40550100803375244 0.35676801204681396 0.4618070125579834 0.3598780035972595 0.4688569903373718 0.3072829842567444 0.4155620038509369 0.25112301111221313 0.4664260149002075 0.24444198608398438 0.4070090055465698 0.8498799949884415 0.4376389980316162 0.8618209958076477 0.38958999514579773 0.2628290057182312 0.38914498686790466 0.3295379877090454 0.5070610046386719 0.5985310077667236 0.4599449932575226 0.7129630148410797 0.49838000535964966 0.4301440119743347 0.5247840285301208 0.30926501750946045 0.5433279871940613 0.25615501403808594 0.506181001663208 0.8422410041093826 0.50621098279953 0.3680329918861389 0.5843459963798523 0.6070330142974854 0.5572270154953003 0.4516090154647827 0.5100269913673401 0.6654950082302094 0.5329509973526001 0.7681449949741364 0.5476419925689697 0.8265489935874939 0.5615019798278809 0.770335003733635 0.5825790166854858 0.3162829875946045 0.5754150152206421 0.2657790184020996 0.6144220232963562 0.37359797954559326 0.6195200085639954 0.47995901107788086 0.5548610091209412 0.5163300037384033 0.580007016658783 0.4938340187072754 0.5695199966430664 0.38304001092910767 0.5809299945831299 0.5152080059051514 0.6175079941749573 0.5164580047130585 0.37378498911857605 0.7574840039014816 0.8093529939651489 0.8346329927444458 0.8322719931602478 0.841159999370575 0.7987310290336609 0.8555739969015121 0.7938640117645264 0.8739850074052811 0.7845649719238281 0.869951993227005 0.7929350137710571 0.9031200036406517 0.7860239744186401 0.898037001490593 0.7926419973373413 0.9197980016469955 0.7902209758758545 0.924465000629425 0.7791119813919067 0.8929530009627342 0.7752670049667358 0.8659189939498901 0.7878000140190125 0.9291329979896545 0.8407670259475708 0.8993609994649887 0.8262460231781006 0.8928499966859818 0.8284010291099548 0.9165629968047142 0.8378360271453857 0.9216120019555092 0.8454070091247559 0.8760609999299049 0.8275629878044128 0.8686700016260147 0.8189669847488403 0.9115139991044998 0.8117250204086304 0.8863380029797554 0.809719979763031 0.8612779974937439 0.8842549920082092 0.928957998752594 0.8937029838562012 0.9585929997265339 0.882656991481781 0.9581560008227825 0.8687549829483032 0.9287120029330254 0.8784509897232056 0.8973300009965897 0.8606430292129517 0.8975189998745918 0.855754017829895 0.8544549942016602 0.8760070204734802 0.8757980018854141 0.8663240075111389 0.8504299968481064 0.8962590098381042 0.8971420004963875 0.8788269758224487 0.8582649976015091 0.8997560143470764 0.9292040020227432 0.9047480225563049 0.9590290002524853 0.9922090172767639 0.6738570034503937 0.9643070101737976 0.6484740078449249 0.9923499822616577 0.6387929916381836 0.9649990200996399 0.6803559958934784 0.9672250151634216 0.704037994146347 0.9461489915847778 0.7300010025501251 0.9259759783744812 0.6876859962940216 0.9923490285873413 0.6001569926738739 0.9614869952201843 0.6139389872550964 0.9923509955406189 0.5586589872837067 0.8362579941749573 0.9500479996204376 0.9923549890518188 0.4923200011253357 0.949317991733551 0.8338119983673096 0.9364709854125977 0.7617360055446625 0.9922090172767639 0.7872270047664642 0.9387930035591125 0.9157269969582558 0.992002010345459 0.8514810055494308 0.9922090172767639 0.701117992401123 0.7946569919586182 0.9467430002987385 0.9089739918708801 0.9880520002916455 0.9397029876708984 0.9399049989879131 0.991795003414154 0.9345109984278679 0.9913820028305054 0.9730740003287792 0.9919750094413757 0.7427409887313843</float_array>
                    <technique_common>
                        <accessor count="477" source="#uvarray0" stride="2">
                            <param name="S" type="float"/>
                            <param name="T" type="float"/>
                        </accessor>
                    </technique_common>
                </source>
                <vertices id="vertices0">
                    <input semantic="POSITION" source="#points0"/>
                </vertices>
                <polylist count="1548" material="Material1">
                    <input offset="0" semantic="VERTEX" source="#vertices0"/>
                    <input offset="1" semantic="TEXCOORD" source="#uvs0" set="0"/>
                    <vcount>3 3 3 3 3 3 3 3 3 3 3 3 3 3 3 3 3 3 3 3 3 3 3 3 3 3 3 3 3 3 3 3 3 3 3 3 3 3 3 3 3 3 3 3 3 3 3 3 3 3 3 3 3 3 3 3 3 3 3 3 3 3 3 3 3 3 3 3 3 3 3 3 3 3 3 3 3 3 3 3 3 3 3 3 3 3 3 3 3 3 3 3 3 3 3 3 3 3 3 3 3 3 3 3 3 3 3 3 3 3 3 3 3 3 3 3 3 3 3 3 3 3 3 3 3 3 3 3 3 3 3 3 3 3 3 3 3 3 3 3 3 3 3 3 3 3 3 3 3 3 3 3 3 3 3 3 3 3 3 3 3 3 3 3 3 3 3 3 3 3 3 3 3 3 3 3 3 3 3 3 3 3 3 3 3 3 3 3 3 3 3 3 3 3 3 3 3 3 3 3 3 3 3 3 3 3 3 3 3 3 3 3 3 3 3 3 3 3 3 3 3 3 3 3 3 3 3 3 3 3 3 3 3 3 3 3 3 3 3 3 3 3 3 3 3 3 3 3 3 3 3 3 3 3 3 3 3 3 3 3 3 3 3 3 3 3 3 3 3 3 3 3 3 3 3 3 3 3 3 3 3 3 3 3 3 3 3 3 3 3 3 3 3 3 3 3 3 3 3 3 3 3 3 3 3 3 3 3 3 3 3 3 3 3 3 3 3 3 3 3 3 3 3 3 3 3 3 3 3 3 3 3 3 3 3 3 3 3 3 3 3 3 3 3 3 3 3 3 3 3 3 3 3 3 3 3 3 3 3 3 3 3 3 3 3 3 3 3 3 3 3 3 3 3 3 3 3 3 3 3 3 3 3 3 3 3 3 3 3 3 3 3 3 3 3 3 3 3 3 3 3 3 3 3 3 3 3 3 3 3 3 3 3 3 3 3 3 3 3 3 3 3 3 3 3 3 3 3 3 3 3 3 3 3 3 3 3 3 3 3 3 3 3 3 3 3 3 3 3 3 3 3 3 3 3 3 3 3 3 3 3 3 3 3 3 3 3 3 3 3 3 3 3 3 3 3 3 3 3 3 3 3 3 3 3 3 3 3 3 3 3 3 3 3 3 3 3 3 3 3 3 3 3 3 3 3 3 3 3 3 3 3 3 3 3 3 3 3 3 3 3 3 3 3 3 3 3 3 3 3 3 3 3 3 3 3 3 3 3 3 3 3 3 3 3 3 3 3 3 3 3 3 3 3 3 3 3 3 3 3 3 3 3 3 3 3 3 3 3 3 3 3 3 3 3 3 3 3 3 3 3 3 3 3 3 3 3 3 3 3 3 3 3 3 3 3 3 3 3 3 3 3 3 3 3 3 3 3 3 3 3 3 3 3 3 3 3 3 3 3 3 3 3 3 3 3 3 3 3 3 3 3 3 3 3 3 3 3 3 3 3 3 3 3 3 3 3 3 3 3 3 3 3 3 3 3 3 3 3 3 3 3 3 3 3 3 3 3 3 3 3 3 3 3 3 3 3 3 3 3 3 3 3 3 3 3 3 3 3 3 3 3 3 3 3 3 3 3 3 3 3 3 3 3 3 3 3 3 3 3 3 3 3 3 3 3 3 3 3 3 3 3 3 3 3 3 3 3 3 3 3 3 3 3 3 3 3 3 3 3 3 3 3 3 3 3 3 3 3 3 3 3 3 3 3 3 3 3 3 3 3 3 3 3 3 3 3 3 3 3 3 3 3 3 3 3 3 3 3 3 3 3 3 3 3 3 3 3 3 3 3 3 3 3 3 3 3 3 3 3 3 3 3 3 3 3 3 3 3 3 3 3 3 3 3 3 3 3 3 3 3 3 3 3 3 3 3 3 3 3 3 3 3 3 3 3 3 3 3 3 3 3 3 3 3 3 3 3 3 3 3 3 3 3 3 3 3 3 3 3 3 3 3 3 3 3 3 3 3 3 3 3 3 3 3 3 3 3 3 3 3 3 3 3 3 3 3 3 3 3 3 3 3 3 3 3 3 3 3 3 3 3 3 3 3 3 3 3 3 3 3 3 3 3 3 3 3 3 3 3 3 3 3 3 3 3 3 3 3 3 3 3 3 3 3 3 3 3 3 3 3 3 3 3 3 3 3 3 3 3 3 3 3 3 3 3 3 3 3 3 3 3 3 3 3 3 3 3 3 3 3 3 3 3 3 3 3 3 3 3 3 3 3 3 3 3 3 3 3 3 3 3 3 3 3 3 3 3 3 3 3 3 3 3 3 3 3 3 3 3 3 3 3 3 3 3 3 3 3 3 3 3 3 3 3 3 3 3 3 3 3 3 3 3 3 3 3 3 3 3 3 3 3 3 3 3 3 3 3 3 3 3 3 3 3 3 3 3 3 3 3 3 3 3 3 3 3 3 3 3 3 3 3 3 3 3 3 3 3 3 3 3 3 3 3 3 3 3 3 3 3 3 3 3 3 3 3 3 3 3 3 3 3 3 3 3 3 3 3 3 3 3 3 3 3 3 3 3 3 3 3 3 3 3 3 3 3 3 3 3 3 3 3 3 3 3 3 3 3 3 3 3 3 3 3 3 3 3 3 3 3 3 3 3 3 3 3 3 3 3 3 3 3 3 3 3 3 3 3 3 3 3 3 3 3 3 3 3 3 3 3 3 3 3 3 3 3 3 3 3 3 3 3 3 3 3 3 3 3 3 3 3 3 3 3 3 3 3 3 3 3 3 3 3 3 3 3 3 3 3 3 3 3 3 3 3 3 3 3 3 3 3 3 3 3 3 3 3 3 3 3 3 3 3 3 3 3 3 3 3 3 3 3 3 3 3 3 3 3 3 3 3 3 3 3 3 3 3 3 3 3 3 3 3 3 3 3 3 3 3 3 3 3 3 3 3 3 3 3 3 3 3 3 3 3 3 3 3 3 3 3 3 3 3 3 3 3 3 3 3 3 3 3 3 3 3 3 3 3 3 3 3 3 3 3 3 3 3 3 3 3 3 3 3 3 3 3 3 3 3 3 3 3 3 3 3 3 3 3 3 3 3 3 3 3 3 3 3 3 3 3 3 3 3 3 3 3 3 3 3 3 3 3 3 3 3 3 3 3 3 3 3 3 3 3 3 3 3 3 3 3 3 3 3 3 3 3 3 3 3 3 3 3 3 3 3 3 3 3 3 3 3 3 3 3 3 3 3 3 3 3 3 3 3 3 3 3 3 3 3 3 3 3 3 3 3 3 3 3 3 3 3 3 3 3 3 3 3 3 3 3 3 3 3 3 3 3 3 3 3 3 3 3 3 3 3 3 3 3 3 3 3 3 3 3 3 3 3 3 3 3 3 3 3 3 3 3 3 3 3 3 3 3 3 3 3 3 3 3 3 3 3 3 3 3 3 3 3 3 3 3 3 3 3 3 3 3 3 3 3 3 3 3 3 3 3 3 3 3 3 3 3 3 3 3 3 3 3 3 3 3 3 3 3 3 3 3 3</vcount>
                    <p>2 2 1 1 0 0 1 1 4 4 3 3 7 7 6 6 5 5 10 10 9 9 8 8 12 12 11 11 9 9 14 14 10 10 13 13 17 17 16 16 15 15 18 18 17 17 2 2 19 19 15 15 16 16 6 6 16 16 17 17 11 11 12 12 19 19 21 21 20 20 13 13 6 6 22 22 5 5 23 23 13 13 8 8 19 19 24 24 11 11 18 18 6 6 17 17 19 19 16 16 24 24 6 6 7 7 16 16 20 20 14 14 13 13 6 6 18 18 22 22 22 22 18 18 25 25 20 26 22 22 25 25 14 14 20 20 25 27 5 5 22 22 20 26 21 28 5 5 20 26 13 13 10 10 8 8 16 16 7 7 24 24 12 12 27 30 26 29 29 32 28 31 14 14 27 30 9 9 10 10 27 30 12 12 9 9 10 10 28 31 27 30 14 14 28 31 10 10 26 29 27 30 30 33 27 30 28 31 30 33 30 33 28 31 29 32 32 35 26 29 31 34 32 35 12 12 26 29 34 37 4 4 33 36 35 38 4 4 34 37 4 4 1 1 33 36 33 36 15 15 34 37 34 37 15 15 36 39 32 35 36 39 19 19 19 19 36 39 15 15 12 12 32 35 19 19 18 18 2 2 0 0 25 25 18 18 0 0 33 36 2 2 17 17 2 2 33 36 1 1 37 40 14 14 25 27 37 40 29 32 14 14 33 36 17 17 15 15 0 41 37 40 25 27 40 44 39 43 38 42 41 45 40 44 38 42 44 48 43 47 42 46 4 4 35 38 45 49 44 48 46 50 43 47 44 48 47 51 46 50 42 46 49 53 48 52 50 54 44 48 42 46 31 34 50 54 48 52 51 55 38 42 39 43 41 45 38 42 52 56 53 57 35 38 49 53 42 46 53 57 49 53 53 57 42 46 43 47 53 57 54 58 45 49 45 49 35 38 53 57 54 58 53 57 55 59 53 57 43 47 55 59 34 37 49 53 35 38 49 53 34 37 36 39 48 52 32 35 31 34 49 53 36 39 48 52 36 39 32 35 48 52 30 33 56 60 26 29 57 61 56 60 30 33 29 32 37 40 57 61 30 33 29 32 57 61 56 60 57 61 58 62 57 61 59 63 58 62 38 42 56 60 52 56 56 60 58 62 52 56 38 42 31 34 56 60 26 29 56 60 31 34 38 42 51 55 50 54 43 47 46 50 55 59 61 65 54 58 60 64 54 58 55 59 62 66 46 50 62 66 55 59 50 54 42 46 48 52 45 49 61 65 4 4 50 54 51 55 44 48 61 65 45 49 54 58 60 64 54 58 62 66 44 48 51 55 47 51 50 54 31 34 38 42 65 69 64 68 63 67 66 70 65 69 63 67 67 71 66 70 63 67 63 67 68 72 67 71 59 63 57 61 68 73 70 76 69 75 59 74 71 77 70 76 63 67 71 77 72 78 70 76 69 75 70 76 72 78 68 72 70 76 59 74 70 76 68 72 63 67 1 1 67 71 0 0 67 79 68 73 0 41 68 73 37 40 0 41 68 73 57 61 37 40 3 3 73 80 66 70 66 70 67 71 3 3 1 1 3 3 67 71 73 80 65 69 66 70 76 83 75 82 74 81 77 84 76 83 74 81 80 87 79 86 78 85 78 85 82 89 81 88 84 91 83 90 82 89 87 94 86 93 85 92 88 95 87 94 85 92 87 98 88 97 89 96 79 86 90 99 84 91 75 82 91 100 74 81 92 101 74 81 91 100 93 102 79 86 80 87 80 87 94 103 93 102 75 82 95 104 89 96 91 100 75 82 89 96 90 99 93 102 96 105 93 102 90 99 79 86 94 103 86 93 97 106 98 107 81 88 82 89 99 108 78 85 81 88 98 107 82 89 83 90 102 111 101 110 100 109 102 111 100 109 89 96 89 96 88 97 102 111 103 112 91 100 100 109 84 91 92 101 104 113 101 110 102 111 88 97 103 112 92 101 91 100 89 96 100 109 91 100 104 113 92 101 103 112 104 113 83 90 84 91 86 93 78 85 85 92 80 87 78 85 86 93 78 85 79 86 82 89 84 91 82 89 79 86 107 116 106 115 105 114 97 106 109 118 108 117 109 118 110 119 107 116 107 116 110 119 106 115 96 105 108 117 107 116 108 117 109 118 107 116 105 114 111 120 107 116 97 106 112 121 109 118 111 120 96 105 107 116 109 118 112 121 113 122 87 98 95 104 114 123 114 124 97 106 87 94 116 126 114 123 115 125 114 124 116 127 112 121 95 104 76 83 115 125 112 121 97 106 114 124 114 123 95 104 115 125 96 105 111 120 90 99 80 87 86 93 94 103 89 96 95 104 87 98 87 94 97 106 86 93 105 114 117 128 111 120 118 129 111 120 117 128 94 103 97 106 108 117 76 83 95 104 75 82 113 122 112 121 116 127 118 129 77 84 74 81 96 105 93 102 108 117 94 103 108 117 93 102 118 129 84 91 90 99 118 129 92 101 84 91 118 129 74 81 92 101 118 129 90 99 111 120 113 122 110 119 109 118 121 132 120 131 119 130 122 133 121 132 119 130 120 131 124 135 123 134 125 136 120 131 123 134 126 137 124 135 120 131 121 132 126 137 120 131 119 130 120 131 125 136 127 138 119 130 125 136 123 134 129 140 128 139 125 136 123 134 128 139 130 141 128 139 129 140 131 142 130 141 129 140 125 136 128 139 132 143 127 138 125 136 132 143 135 146 134 145 133 144 134 145 136 147 133 144 137 148 135 146 133 144 133 144 139 150 138 149 138 149 140 151 99 108 133 144 138 149 81 88 133 144 136 147 139 150 140 151 141 152 99 108 142 153 83 90 104 113 144 155 143 154 103 112 103 112 143 154 104 113 98 107 83 90 142 153 146 157 145 156 141 152 145 156 146 157 147 158 145 156 99 108 141 152 144 155 101 110 148 159 143 154 142 153 104 113 100 109 144 155 103 112 130 141 98 107 142 153 101 110 144 155 100 109 128 139 130 141 132 143 144 155 119 130 127 138 127 138 143 154 144 155 127 138 132 143 143 154 132 143 130 141 142 153 142 153 143 154 132 143 131 142 149 160 130 141 130 141 149 160 150 161 152 163 136 147 151 162 141 165 152 163 153 164 152 163 141 165 140 151 152 163 154 166 153 164 140 151 136 147 152 163 152 163 151 162 154 166 122 133 119 130 144 155 148 159 122 133 144 155 98 107 130 141 150 161 98 107 150 161 81 88 138 149 99 108 81 88 81 88 137 148 133 144 150 161 137 148 81 88 157 169 156 168 155 167 158 170 157 169 155 167 156 173 160 172 159 171 155 174 156 173 159 171 163 177 162 176 161 175 164 178 163 177 161 175 155 174 159 171 165 179 166 180 155 174 165 179 158 170 155 167 166 181 167 182 158 170 166 181 164 178 169 184 168 183 170 185 164 178 168 183 161 175 172 187 171 186 173 188 161 175 171 186 174 189 170 185 168 183 175 190 174 189 168 183 164 178 161 175 173 188 169 184 164 178 173 188 160 172 171 186 172 187 159 171 160 172 172 187 161 175 162 176 176 191 178 128 177 84 169 184 179 119 171 186 160 172 179 119 160 172 180 122 179 119 181 115 171 186 181 115 182 114 173 188 178 128 173 188 182 114 169 184 173 188 178 128 171 186 181 115 173 188 183 127 180 122 160 172 175 190 177 84 184 83 168 183 177 84 175 190 177 84 168 183 169 184 185 129 177 84 178 128 176 191 186 192 172 187 187 193 172 187 186 192 187 193 165 179 159 171 161 175 176 191 172 187 187 193 159 171 172 187 158 170 174 189 175 190 158 170 167 182 188 194 158 170 188 194 174 189 156 173 183 127 160 172 156 168 157 169 183 126 157 169 175 190 189 125 158 170 175 190 157 169 189 125 183 126 157 169 175 190 184 83 189 125 192 196 191 195 190 194 193 197 192 196 190 194 196 200 195 199 194 198 197 201 196 200 194 198 199 203 198 202 193 197 200 204 199 203 193 197 203 206 202 205 201 179 204 180 203 206 201 179 207 209 206 208 205 207 208 210 207 209 205 207 208 210 205 207 209 211 210 212 208 210 209 211 213 215 212 214 211 213 214 216 213 215 211 213 214 216 211 213 215 217 216 218 214 216 215 217 219 193 218 220 217 219 220 192 219 193 217 219 223 223 222 222 221 221 224 224 223 223 221 221 227 227 226 226 225 225 228 228 227 227 225 225 230 230 229 229 202 205 203 206 230 230 202 205 233 233 232 232 231 231 234 234 233 233 231 231 237 195 236 236 235 235 238 196 237 195 235 235 241 202 240 238 239 237 242 203 241 202 239 237 245 239 244 198 243 201 246 240 245 239 243 201 249 182 248 194 247 241 250 242 249 182 247 241 253 219 252 243 251 191 254 192 253 219 251 191 257 245 256 177 255 244 258 246 257 245 255 244 260 176 251 191 259 208 261 209 260 176 259 208 264 179 263 223 262 224 265 193 264 179 262 224 256 177 260 176 266 214 267 215 256 177 266 214 269 181 249 182 268 232 270 233 269 181 268 232 273 229 272 248 271 247 274 230 273 229 271 247 277 249 276 211 275 212 278 250 277 249 275 212 281 253 280 252 279 251 282 254 281 253 279 251 283 255 281 253 282 254 284 256 283 255 282 254 287 195 286 236 285 235 288 196 287 195 285 235 291 202 290 238 289 237 292 203 291 202 289 237 295 239 294 198 293 201 296 240 295 239 293 201 297 204 295 239 296 240 298 245 297 204 296 240 301 257 300 244 299 246 302 258 301 257 299 246 234 234 231 231 303 252 304 251 234 234 303 252 176 191 306 243 305 219 186 192 176 191 305 219 308 244 163 177 307 245 309 246 308 244 307 245 310 208 176 191 162 176 311 209 310 208 162 176 313 224 312 223 165 179 187 193 313 224 165 179 315 221 314 222 312 223 313 224 315 221 312 223 318 225 317 226 316 227 319 228 318 225 316 227 322 205 321 229 320 230 323 206 322 205 320 230 217 219 325 243 324 191 220 192 217 219 324 191 328 245 327 177 326 244 329 246 328 245 326 244 330 176 324 191 206 208 207 209 330 176 206 208 201 179 223 223 224 224 219 193 201 179 224 224 327 177 330 176 212 214 213 215 327 177 212 214 204 181 331 182 232 232 233 233 204 181 232 232 163 177 164 178 170 185 307 245 163 177 170 185 334 252 333 231 332 234 335 251 334 252 332 234 331 182 190 194 336 241 337 242 331 182 336 241 337 242 336 241 338 259 339 260 337 242 338 259 329 246 326 244 340 257 341 258 329 246 340 257 343 240 342 239 200 204 328 245 343 240 200 204 197 201 194 198 342 239 343 240 197 201 342 239 345 237 344 238 198 202 199 203 345 237 198 202 347 235 346 236 191 195 192 196 347 235 191 195 350 254 349 253 348 255 351 256 350 254 348 255 304 251 303 252 349 253 350 254 304 251 349 253 210 212 209 211 352 249 353 250 210 212 352 249 355 247 354 248 229 229 230 230 355 247 229 229 228 228 225 225 354 248 355 247 228 228 354 248 358 255 357 253 356 254 359 256 358 255 356 254 357 253 334 252 335 251 356 254 357 253 335 251 362 249 361 211 360 212 363 250 362 249 360 212 321 229 365 248 364 247 320 230 321 229 364 247 365 248 318 225 319 228 364 247 365 248 319 228 368 247 367 248 366 229 369 230 368 247 366 229 372 212 371 211 370 249 373 250 372 212 370 249 376 251 375 252 374 253 377 254 376 251 374 253 379 185 378 178 256 177 257 245 379 185 256 177 381 206 380 205 264 179 269 180 381 206 264 179 261 209 259 208 382 207 383 210 261 209 382 207 383 210 382 207 371 211 372 212 383 210 371 211 267 215 266 214 384 213 385 216 267 215 384 213 385 216 384 213 386 217 387 218 385 216 386 217 265 193 388 220 253 219 254 192 265 193 253 219 263 223 390 222 389 221 262 224 263 223 389 221 393 227 392 226 391 225 394 228 393 227 391 225 369 230 366 229 380 205 381 206 369 230 380 205 397 203 396 202 395 197 398 204 397 203 395 197 401 200 400 199 399 198 402 201 401 200 399 198 404 196 403 195 248 194 395 197 404 196 248 194 405 204 245 239 246 240 307 245 405 204 246 240 406 257 308 244 309 246 407 258 406 257 309 246 410 259 409 241 408 242 411 260 410 259 408 242 333 231 413 232 412 233 332 234 333 231 412 233 414 214 162 176 163 177 415 215 414 214 163 177 413 232 167 182 166 181 412 233 413 232 166 181 409 241 188 194 167 182 408 242 409 241 167 182 188 194 237 195 238 196 416 197 188 194 238 196 244 198 418 199 417 200 243 201 244 198 417 200 416 197 241 202 242 203 405 204 416 197 242 203 165 179 322 205 323 206 166 180 165 179 323 206 419 207 310 208 311 209 420 210 419 207 311 209 361 211 419 207 420 210 360 212 361 211 420 210 421 213 414 214 415 215 422 216 421 213 415 215 423 217 421 213 422 216 424 218 423 217 422 216 305 219 425 220 187 193 186 192 305 219 187 193 428 259 427 241 426 242 429 260 428 259 426 242 432 231 431 232 430 233 433 234 432 231 430 233 434 205 273 229 274 230 435 206 434 205 274 230 438 225 437 226 436 227 439 228 438 225 436 227 442 221 441 222 440 223 443 224 442 221 440 223 446 219 445 220 444 193 447 192 446 219 444 193 450 217 449 213 448 216 451 218 450 217 448 216 449 213 453 214 452 215 448 216 449 213 452 215 276 211 455 207 454 210 275 212 276 211 454 210 455 207 457 208 456 209 454 210 455 207 456 209 458 179 434 205 435 206 459 180 458 179 435 206 460 197 291 202 292 203 297 204 460 197 292 203 294 198 462 199 461 200 293 201 294 198 461 200 463 194 287 195 288 196 460 197 463 194 288 196 427 241 463 194 464 182 426 242 427 241 464 182 431 232 464 182 459 181 430 233 431 232 459 181 394 228 391 225 367 248 368 247 394 228 367 248 466 234 465 231 375 252 376 251 466 234 375 252 270 233 268 232 465 231 466 234 270 233 465 231 250 242 247 241 467 259 468 260 250 242 467 259 258 246 255 244 469 257 470 258 258 246 469 257 472 240 471 239 398 204 257 245 472 240 398 204 402 201 399 198 471 239 472 240 402 201 471 239 474 237 473 238 396 202 397 203 474 237 396 202 476 235 475 236 403 195 404 196 476 235 403 195 377 254 374 253 477 255 478 256 377 254 477 255 272 248 438 225 439 228 271 247 272 248 439 228 280 252 432 231 433 234 279 251 280 252 433 234 480 191 479 243 446 219 447 192 480 191 446 219 300 244 481 177 298 245 299 246 300 244 298 245 457 208 480 191 482 176 456 209 457 208 482 176 443 224 440 223 458 179 444 193 443 224 458 179 453 214 482 176 481 177 452 215 453 214 481 177 239 237 240 238 483 261 235 235 236 236 484 262 486 264 485 263 305 219 165 267 187 266 487 265 187 266 186 268 487 265 186 268 176 269 487 265 176 269 162 270 487 265 487 265 162 270 163 271 165 267 487 265 166 272 487 265 163 271 307 273 166 272 487 265 167 274 487 265 307 273 405 275 487 265 188 276 167 274 487 265 416 277 188 276 487 265 405 278 416 277 174 189 405 204 170 185 405 204 307 245 170 185 174 189 416 197 405 204 188 194 416 197 174 189 316 227 317 226 488 279 489 280 362 249 363 250 490 281 358 255 359 256 491 282 216 218 215 217 325 243 217 219 492 264 492 264 494 263 493 283 494 263 217 219 218 220 221 221 222 222 495 284 496 285 339 260 338 259 497 286 341 258 340 257 196 200 498 287 195 199 345 237 499 261 344 238 347 235 500 262 346 236 492 264 217 219 494 263 227 227 501 279 226 226 502 280 353 250 352 249 503 281 351 256 348 255 504 282 423 217 424 218 306 243 486 264 305 219 486 264 505 283 485 263 485 263 425 220 305 219 315 221 506 284 314 222 507 285 410 259 411 260 508 286 406 257 407 258 417 200 418 199 509 287 510 265 257 273 256 271 264 267 269 272 510 265 510 265 256 271 260 270 251 269 510 265 260 270 254 268 510 265 251 269 265 266 510 265 254 268 264 267 510 265 265 266 248 194 511 189 395 197 511 189 398 204 395 197 398 204 379 185 257 245 511 189 379 185 398 204 512 281 478 256 477 255 513 280 373 250 370 249 393 227 514 279 392 226 517 48 516 50 515 51 517 48 518 47 516 50 517 48 515 51 519 55 522 64 521 66 520 58 524 65 520 58 523 49 523 49 525 4 524 65 525 4 523 49 526 38 518 47 527 59 516 50 524 65 522 64 520 58 516 50 527 59 521 66 520 58 521 66 527 59 530 80 529 70 528 69 532 1 531 3 525 4 529 70 531 3 533 71 531 3 529 70 530 80 532 1 533 71 531 3 534 282 450 217 451 218 479 243 535 264 446 219 535 264 537 283 536 263 536 263 445 220 446 219 442 221 538 284 441 222 539 285 428 259 429 260 540 286 301 257 302 258 461 200 462 199 541 287 289 237 290 238 542 261 285 235 286 236 543 262 535 264 536 263 446 219 436 227 437 226 544 279 545 280 277 249 278 250 546 281 283 255 284 256 547 282 387 218 386 217 252 243 253 219 548 264 548 264 550 263 549 283 548 264 253 219 550 263 476 235 551 262 475 236 474 237 552 261 473 238 401 200 553 287 400 199 554 286 470 258 469 257 555 285 468 260 467 259 389 221 390 222 556 284 550 263 253 219 388 220 510 265 395 277 398 278 510 265 248 276 395 277 510 265 249 274 248 276 510 265 398 275 257 273 269 272 249 274 510 265 525 4 557 36 532 1 526 38 558 37 525 4 558 37 557 36 525 4 557 36 558 37 559 15 561 19 559 15 560 39 563 12 561 19 562 35 558 37 560 39 559 15 562 35 561 19 560 39 562 35 564 29 563 12 563 12 564 29 565 30 567 60 566 33 564 29 564 29 566 33 565 30 532 1 568 0 533 71 568 41 570 27 569 40 557 36 559 15 571 17 566 33 573 32 572 31 569 40 574 14 573 32 569 40 570 27 574 14 557 36 571 17 575 2 575 2 568 0 532 1 576 18 568 0 575 2 570 25 568 0 576 18 565 30 578 10 577 9 565 30 566 33 572 31 565 30 577 9 563 12 575 2 532 1 557 36 578 10 565 30 572 31 574 14 578 10 572 31 573 32 574 14 572 31 581 42 580 43 579 44 582 45 581 42 579 44 519 55 580 43 581 42 581 42 583 54 519 55 583 54 581 42 584 34 581 42 567 60 584 34 582 45 585 56 581 42 581 42 585 56 567 60 560 39 586 52 562 35 587 53 560 39 558 37 586 52 584 34 562 35 587 53 586 52 560 39 558 37 526 38 587 53 588 46 586 52 587 53 584 34 586 52 583 54 583 54 586 52 588 46 588 46 587 53 589 57 520 58 527 59 589 57 523 49 589 57 526 38 589 57 527 59 518 47 589 57 523 49 520 58 589 57 518 47 588 46 517 48 588 46 518 47 583 54 588 46 517 48 519 55 583 54 517 48 589 57 587 53 526 38 564 29 584 34 567 60 562 35 584 34 564 29 592 140 591 139 590 141 593 142 592 140 590 141 595 143 591 139 594 136 596 138 595 143 594 136 591 139 592 140 597 134 594 136 591 139 597 134 594 136 599 131 598 130 596 138 594 136 598 130 597 134 600 135 599 131 594 136 597 134 599 131 603 111 602 109 601 110 606 112 605 113 604 154 601 110 602 109 607 155 610 107 609 153 608 90 604 154 605 113 609 153 607 155 606 112 604 154 601 110 611 97 603 111 609 153 605 113 608 90 614 156 613 152 612 108 610 107 615 161 590 141 617 160 615 161 616 148 591 139 595 143 590 141 602 109 606 112 607 155 619 88 618 144 616 148 620 149 619 88 612 108 610 107 619 88 615 161 621 151 612 108 613 152 615 161 619 88 616 148 623 145 618 144 622 147 624 146 618 144 623 145 618 144 620 149 625 150 620 149 612 108 621 151 618 144 619 88 620 149 618 144 625 150 622 147 616 148 618 144 624 146 596 138 604 154 595 143 595 143 609 153 590 141 609 153 595 143 604 154 627 163 626 162 622 147 613 165 153 164 627 163 627 163 621 151 613 165 621 151 627 163 622 147 627 163 628 166 626 162 627 163 153 164 628 166 607 155 596 138 598 130 596 138 607 155 604 154 146 289 153 164 629 288 147 158 146 157 629 290 153 164 154 166 630 291 140 151 139 150 136 147 149 160 137 148 150 161 147 158 629 290 631 157 631 289 629 288 153 164 621 151 622 147 625 150 153 164 630 291 628 166 593 142 590 141 617 160 620 149 621 151 625 150 590 141 615 161 617 160 613 165 631 289 153 164 141 165 153 164 146 289 138 149 139 150 140 151 599 131 600 135 126 137 121 132 599 131 126 137 598 130 599 131 121 132 122 133 598 130 121 132 122 133 607 155 598 130 148 159 607 155 122 133 147 158 614 156 632 292 614 156 147 158 631 157 631 157 613 152 614 156 147 158 632 292 145 156 590 141 609 153 610 107 611 95 632 292 614 156 611 97 633 294 632 293 611 97 601 110 633 294 607 155 148 159 601 110 634 92 614 156 612 108 614 156 634 92 611 95 88 95 145 156 632 292 88 97 632 293 633 294 88 97 633 294 101 110 85 92 99 108 145 156 145 156 88 95 85 92 78 85 99 108 85 92 601 110 148 159 633 294 101 110 633 294 148 159 636 81 635 82 184 83 177 84 636 81 184 83 639 91 638 86 637 89 639 91 637 89 608 90 610 107 637 89 619 88 610 107 608 90 637 89 640 85 634 92 612 108 612 108 619 88 640 85 643 121 642 124 641 106 642 123 189 125 644 104 183 126 189 125 642 123 642 124 643 121 183 127 184 83 635 82 644 104 180 122 183 127 643 121 647 105 646 117 645 102 648 103 645 102 646 117 182 114 649 120 178 128 185 129 178 128 649 120 611 95 634 92 650 94 650 94 634 92 651 93 650 98 652 96 611 97 603 111 652 96 602 109 639 91 605 113 653 101 652 96 603 111 611 97 606 112 602 109 654 100 605 113 606 112 653 101 652 96 654 100 602 109 606 112 654 100 653 101 605 113 639 91 608 90 655 87 651 93 640 85 651 93 634 92 640 85 638 86 639 91 656 99 640 85 619 88 637 89 640 85 637 89 638 86 655 87 640 85 638 86 185 129 653 101 636 81 185 129 649 120 656 99 185 129 639 91 653 101 185 129 656 99 639 91 182 114 657 116 649 120 658 118 180 122 643 121 646 117 657 116 658 118 647 105 657 116 646 117 641 106 646 117 658 118 641 106 658 118 643 121 649 120 657 116 647 105 657 116 181 115 179 119 658 118 657 116 179 119 657 116 182 114 181 115 180 122 658 118 179 119 650 94 651 93 641 106 648 103 646 117 641 106 185 129 636 81 177 84 644 104 189 125 184 83 642 124 650 94 641 106 650 98 642 123 644 104 656 99 647 105 645 102 647 105 656 99 649 120 655 87 648 103 651 93 653 101 654 100 636 81 635 82 636 81 654 100 652 96 650 98 644 104 648 103 641 106 651 93 645 102 638 86 656 99 654 100 652 96 635 82 635 82 652 96 644 104 655 87 645 102 648 103 645 102 655 87 638 86 661 297 660 296 659 295 660 296 662 298 659 295 664 300 663 299 660 296 661 297 665 301 664 300 668 297 667 300 666 301 668 297 669 295 660 296 660 296 669 295 662 298 667 300 660 296 663 299 667 300 668 297 660 296 664 300 660 296 661 297 671 303 666 301 670 302 673 303 672 302 665 301 659 295 673 303 661 297 661 297 673 303 665 301 668 297 666 301 671 303 669 295 668 297 671 303 673 303 675 305 674 304 673 303 674 304 676 306 671 303 678 304 677 305 671 303 679 306 678 304 673 303 676 306 672 302 671 303 670 302 679 306 673 303 659 295 675 305 671 303 677 305 669 295 659 295 680 307 675 305 669 295 677 305 681 307 667 300 663 299 682 308 683 309 667 300 682 308 685 311 684 310 528 69 686 68 685 311 528 69 689 314 688 313 687 312 690 315 689 314 687 312 693 315 692 312 691 313 694 314 693 315 691 313 694 314 691 313 695 316 696 317 694 314 695 316 697 317 695 316 688 313 689 314 697 317 688 313 65 69 699 310 698 311 64 68 65 69 698 311 682 308 663 299 664 300 700 309 682 308 664 300 701 318 690 315 687 312 702 319 701 318 687 312 705 322 704 321 703 320 684 310 685 311 706 323 707 324 705 322 703 320 706 323 708 325 684 310 704 321 709 326 703 320 709 326 685 311 703 320 706 323 685 311 709 326 711 328 665 301 710 327 710 327 708 325 712 329 667 300 683 309 713 328 716 323 715 325 714 329 717 327 715 325 666 301 707 324 718 330 705 322 721 331 720 324 719 330 722 331 718 330 707 324 724 333 723 332 719 330 725 319 723 332 724 333 726 334 725 319 724 333 692 312 725 319 726 334 719 330 723 332 721 331 728 333 718 330 727 332 702 319 728 333 727 332 729 334 728 333 702 319 687 312 729 334 702 319 721 331 723 332 730 335 731 336 696 317 695 316 697 317 731 336 695 316 666 301 715 325 670 302 720 324 721 331 732 337 733 320 64 68 698 311 71 77 720 324 732 337 720 324 71 77 733 320 686 68 703 320 685 311 665 301 672 302 708 325 707 324 734 337 722 331 735 77 703 320 686 68 71 77 64 68 733 320 707 324 703 320 735 77 735 77 734 337 707 324 737 322 733 320 736 321 699 310 716 323 698 311 716 323 699 310 715 325 736 321 733 320 738 326 716 323 738 326 698 311 720 324 733 320 737 322 738 326 733 320 698 311 717 327 714 329 715 325 713 328 717 327 666 301 720 324 737 322 719 330 664 300 711 328 700 309 711 328 664 300 665 301 710 327 665 301 708 325 706 323 712 329 708 325 713 328 666 301 667 300 739 338 51 55 39 43 62 66 740 339 60 64 47 51 741 340 46 50 743 342 61 65 742 341 744 343 62 66 46 50 742 341 60 64 740 339 47 51 745 344 741 340 47 51 51 55 745 344 51 55 739 338 745 344 744 343 46 50 741 340 61 65 60 64 742 341 740 339 62 66 744 343 61 65 678 304 4 4 678 304 61 65 677 305 677 305 61 65 743 342 530 80 684 310 708 325 708 325 672 302 530 80 528 69 684 310 530 80 73 80 715 325 699 310 715 325 73 80 670 302 65 69 73 80 699 310 679 306 73 80 3 3 679 306 3 3 4 4 73 80 679 306 670 302 676 306 525 4 531 3 746 345 680 307 662 298 680 307 659 295 662 298 676 306 531 3 530 80 746 345 662 298 681 307 681 307 662 298 669 295 530 80 672 302 676 306 723 332 747 318 730 335 725 319 692 312 693 315 727 332 748 335 701 318 722 331 748 335 727 332 723 332 725 319 747 318 725 319 693 315 747 318 727 332 701 318 702 319 718 330 722 331 727 332 680 307 750 346 749 342 681 307 743 342 750 346 746 345 681 307 750 346 746 345 750 346 680 307 680 307 749 342 675 305 681 307 677 305 743 342 521 66 522 64 751 339 752 338 580 43 519 55 515 51 754 340 753 344 515 51 753 344 519 55 519 55 753 344 752 338 755 343 754 340 516 50 515 51 516 50 754 340 749 342 756 341 524 65 755 343 516 50 521 66 756 341 751 339 522 64 751 339 755 343 521 66 524 65 756 341 522 64 524 65 525 4 674 304 674 304 675 305 524 65 675 305 749 342 524 65 525 4 676 306 674 304 4 4 678 304 679 306 759 349 758 348 757 347 760 350 759 349 757 347 763 353 762 352 761 351 764 354 763 353 761 351 763 353 759 349 760 350 765 355 763 353 760 350 759 349 767 357 766 356 758 348 759 349 766 356 770 360 769 359 768 358 770 360 764 354 769 359 771 361 764 354 761 351 773 363 772 362 761 351 776 366 775 365 774 364 779 369 778 368 777 367 781 371 780 370 762 352 762 352 763 353 765 355 781 371 762 352 765 355 770 360 768 358 767 357 773 363 783 373 782 372 784 374 782 372 783 373 785 375 780 370 781 371 787 377 765 355 786 376 783 373 780 370 777 367 762 352 780 370 773 363 761 351 762 352 773 363 763 353 764 354 770 360 763 353 770 360 767 357 776 366 779 369 777 367 776 366 774 364 779 369 766 356 788 378 758 348 759 349 763 353 767 357 773 363 780 370 783 373 776 366 777 367 780 370 784 374 777 367 778 368 784 374 783 373 777 367 771 361 761 351 772 362 789 379 772 362 773 363 769 359 764 354 771 361 789 379 773 363 782 372 792 382 791 381 790 380 795 385 794 384 793 383 797 387 788 378 796 386 797 387 798 388 757 347 758 348 797 387 757 347 798 388 797 387 793 383 799 389 798 388 793 383 799 389 793 383 800 390 792 391 799 389 800 390 800 393 801 392 791 381 801 394 800 390 794 384 802 395 797 387 796 386 793 383 797 387 802 395 793 383 802 395 795 385 758 348 788 378 797 387 794 384 800 390 793 383 792 382 800 393 791 381 785 375 781 371 803 396 765 355 787 377 803 396 781 371 765 355 803 396 790 380 775 365 804 397 776 366 780 370 785 375 804 397 776 366 785 375 804 397 775 365 776 366 786 376 760 350 805 398 790 380 791 381 775 365 760 350 786 376 765 355 807 400 806 399 792 391 790 380 807 401 792 382 792 391 806 399 799 389 757 347 798 388 808 402 805 398 757 347 808 402 798 388 799 389 808 402 806 399 808 402 799 389 760 350 757 347 805 398 803 396 787 377 809 403 786 376 805 398 810 404 811 405 785 375 803 396 803 396 809 403 811 405 790 380 804 397 812 406 812 406 807 401 790 380 804 397 811 405 812 406 812 406 814 408 813 407 807 400 813 410 815 409 812 406 813 407 807 401 806 399 807 400 815 409 811 405 816 23 812 406 812 406 816 23 814 408 576 18 571 17 817 6 561 19 819 11 818 24 822 5 821 412 820 411 809 403 577 9 823 8 817 6 822 5 824 22 810 404 826 414 825 413 825 413 787 377 786 376 810 404 825 413 786 376 808 402 815 409 827 415 787 377 825 413 809 403 805 398 808 402 827 415 810 404 805 398 827 415 815 409 820 411 827 415 827 415 820 411 810 404 829 417 828 416 826 414 809 403 828 416 829 417 809 403 825 413 828 416 826 414 828 416 825 413 826 414 820 411 821 412 810 404 820 411 826 414 806 399 815 409 808 402 821 412 829 417 826 414 804 397 785 375 811 405 561 19 818 24 830 16 831 26 570 25 824 22 824 22 570 25 576 18 817 6 830 16 832 7 815 409 822 5 820 411 818 24 829 417 821 412 832 7 818 24 821 412 832 7 822 5 817 6 578 10 823 8 577 9 809 403 819 11 577 9 563 12 577 9 819 11 819 11 561 19 563 12 576 18 575 2 571 17 561 19 830 16 559 15 817 6 571 17 830 16 813 407 814 408 833 21 815 409 813 410 833 28 811 405 809 403 816 23 833 21 834 13 831 20 829 417 818 24 809 403 822 5 832 7 821 412 818 24 819 11 809 403 815 409 833 28 822 5 817 6 824 22 576 18 831 20 834 13 574 14 816 23 809 403 823 8 574 14 834 13 578 10 814 408 816 23 834 13 571 17 559 15 830 16 816 23 823 8 834 13 833 21 814 408 834 13 834 13 823 8 578 10 830 16 818 24 832 7 833 28 831 26 822 5 822 5 831 26 824 22 574 14 570 27 831 20 836 409 835 411 5 5 24 24 838 412 837 417 7 7 838 412 24 24 839 408 13 13 23 23 23 23 8 8 840 403 843 414 842 413 841 416 840 403 841 416 842 413 840 403 837 417 841 416 843 414 838 412 835 411 837 417 843 414 841 416 838 412 843 414 837 417 845 415 844 404 835 411 842 413 847 376 846 377 844 404 847 376 842 413 848 402 845 415 836 409 849 399 848 402 836 409 844 404 843 414 835 411 844 404 842 413 843 414 850 398 845 415 848 402 844 404 845 415 850 398 836 409 845 415 835 411 846 377 840 403 842 413 851 396 840 403 846 377 854 397 853 406 852 405 852 405 851 396 855 375 854 397 852 405 855 375 849 399 836 409 856 400 853 406 856 401 857 407 856 400 836 409 857 410 853 406 857 407 839 408 858 380 853 406 854 397 853 406 858 380 856 401 851 396 852 405 840 403 852 405 23 23 840 403 852 405 853 406 23 23 853 406 839 408 23 23 840 403 9 9 11 11 837 417 840 403 24 24 5 5 838 412 7 7 24 24 840 403 11 11 836 409 5 5 21 28 836 409 21 28 857 410 857 407 21 21 839 408 21 21 13 13 839 408 5 5 835 411 838 412 840 403 8 8 9 9 861 356 860 357 859 349 862 348 861 356 859 349 863 347 862 348 859 349 864 350 863 347 859 349 867 351 866 352 865 353 868 354 867 351 865 353 864 350 859 349 865 353 869 355 864 350 865 353 872 369 871 367 870 368 861 356 862 348 873 378 876 393 875 381 874 392 879 385 878 383 877 384 878 383 879 385 880 395 862 348 881 387 873 378 877 384 878 383 876 390 880 395 882 386 881 387 874 394 877 384 876 390 881 387 882 386 873 378 878 383 880 395 881 387 884 391 876 390 883 389 883 389 876 390 878 383 883 389 878 383 885 388 885 388 878 383 881 387 858 380 884 382 856 401 856 400 884 391 849 399 887 363 867 351 886 362 887 363 889 372 888 373 891 360 860 357 890 358 891 360 890 358 892 359 893 379 889 372 887 363 892 359 894 361 868 354 893 379 887 363 886 362 894 361 886 362 867 351 895 374 871 367 888 373 895 374 870 368 871 367 897 366 872 369 896 418 897 366 871 367 872 369 897 366 896 418 898 365 891 360 892 359 868 354 894 361 867 351 868 354 895 374 888 373 889 372 865 353 860 357 891 360 899 371 869 355 866 352 866 352 869 355 865 353 899 371 866 352 900 370 858 380 898 365 875 381 847 376 844 404 850 398 858 380 854 397 898 365 855 375 899 371 900 370 854 397 897 366 898 365 854 397 855 375 897 366 897 366 855 375 900 370 847 376 850 398 864 350 899 371 851 396 869 355 869 355 851 396 846 377 855 375 851 396 899 371 846 377 847 376 869 355 864 350 869 355 847 376 862 348 863 347 881 387 881 387 863 347 885 388 884 382 875 381 876 393 884 391 883 389 849 399 884 382 858 380 875 381 849 399 883 389 848 402 885 388 848 402 883 389 850 398 848 402 863 347 863 347 848 402 885 388 864 350 850 398 863 347 897 366 900 370 871 367 887 363 888 373 900 370 859 349 860 357 865 353 888 373 871 367 900 370 866 352 887 363 900 370 867 351 887 363 866 352 865 353 891 360 868 354 903 167 902 168 901 169 904 170 903 167 901 169 906 171 905 172 902 173 903 174 906 171 902 173 269 181 903 167 904 170 249 182 269 181 904 170 907 175 260 176 256 177 378 178 907 175 256 177 264 179 906 171 903 174 269 180 264 179 903 174 909 186 908 187 907 175 910 188 909 186 907 175 908 187 909 186 905 172 906 171 908 187 905 172 910 188 907 175 378 178 911 184 910 188 378 178 912 183 379 185 511 189 913 190 912 183 511 189 912 183 911 184 378 178 379 185 912 183 378 178 901 169 115 125 913 190 115 125 901 169 116 126 913 190 115 125 76 83 904 170 901 169 913 190 902 173 905 172 116 127 902 168 116 126 901 169 904 170 913 190 511 189 904 170 248 194 249 182 904 170 511 189 248 194 907 175 251 191 260 176 251 191 908 187 254 192 265 193 254 192 908 187 265 193 906 171 264 179 907 175 908 187 251 191 265 193 908 187 906 171 911 184 117 128 910 188 117 128 911 184 77 84 116 127 905 172 113 122 909 186 910 188 106 115 118 129 117 128 77 84 106 115 910 188 105 114 110 119 909 186 106 115 110 119 113 122 905 172 110 119 905 172 909 186 117 128 105 114 910 188 77 84 911 184 912 183 913 190 76 83 77 84 912 183 913 190 77 84 914 419 585 56 582 45 915 420 914 419 582 45 918 423 917 422 916 421 58 62 918 423 916 421 920 425 919 424 917 422 918 423 920 425 917 422 922 427 921 426 919 424 920 425 922 427 919 424 925 423 924 425 923 428 926 429 925 423 923 428 923 428 924 425 927 427 928 430 923 428 927 427 929 428 920 425 918 423 930 429 929 428 918 423 933 433 932 432 931 431 934 434 933 433 931 431 936 436 935 435 931 431 932 432 936 436 931 431 939 432 938 438 937 437 940 433 939 432 937 437 939 432 942 436 941 439 938 438 939 432 941 439 945 442 944 441 943 440 946 443 945 442 943 440 946 443 943 440 947 444 948 445 946 443 947 444 950 447 949 446 948 445 947 444 950 447 948 445 951 448 40 44 949 446 950 447 951 448 949 446 953 447 952 446 579 44 954 448 953 447 579 44 956 444 955 445 952 446 953 447 956 444 952 446 956 444 958 440 957 443 955 445 956 444 957 443 958 440 960 441 959 442 957 443 958 440 959 442 962 422 961 424 924 425 925 423 962 422 924 425 964 437 963 438 932 432 933 433 964 437 932 432 965 67 686 68 528 69 529 70 965 67 528 69 966 431 939 432 940 433 967 434 966 431 940 433 966 431 968 435 942 436 939 432 966 431 942 436 951 448 950 447 969 449 970 450 951 448 969 449 971 449 953 447 954 448 972 450 971 449 954 448 943 440 973 451 969 449 947 444 943 440 969 449 922 427 920 425 929 428 974 430 922 427 929 428 944 441 975 452 973 451 943 440 944 441 973 451 977 62 976 421 962 422 925 423 977 62 962 422 971 449 978 451 958 440 956 444 971 449 958 440 979 439 936 436 932 432 963 438 979 439 932 432 924 425 961 424 980 426 927 427 924 425 980 426 978 451 981 452 960 441 958 440 978 451 960 441 41 45 52 56 982 419 983 420 41 45 982 419 986 455 985 454 984 453 984 453 985 454 987 456 985 454 744 343 987 456 990 459 989 458 988 457 992 461 991 460 740 339 993 462 740 339 991 460 744 343 992 461 740 339 991 460 992 461 986 455 994 463 967 434 940 433 755 343 996 456 995 459 998 461 997 454 755 343 986 455 997 454 998 461 991 460 986 455 998 461 756 341 750 346 999 464 999 464 993 462 756 341 751 339 756 341 993 462 58 62 982 419 52 56 1001 466 739 338 1000 465 739 338 1001 466 745 344 1001 466 989 458 990 459 1002 467 1001 466 1000 465 942 436 968 435 983 420 1003 468 739 338 970 450 982 419 941 439 983 420 1003 468 1004 469 1000 465 742 341 999 464 750 346 999 464 742 341 993 462 740 339 993 462 742 341 987 456 990 459 988 457 1005 470 987 456 988 457 984 453 987 456 1005 470 744 343 990 459 987 456 992 461 744 343 985 454 986 455 992 461 985 454 71 77 732 337 72 78 745 344 1001 466 741 340 1001 466 990 459 741 340 1006 471 922 427 974 430 58 62 916 421 982 419 1007 472 975 452 944 441 949 446 983 420 968 435 930 429 918 423 58 62 1010 63 1009 73 1008 61 533 71 965 67 529 70 965 67 533 71 1009 72 1009 72 1010 74 1011 76 1011 76 965 67 1009 72 1011 76 1010 74 1012 75 735 77 965 67 1011 76 735 77 1011 76 1013 78 1012 75 1013 78 1011 76 983 420 40 44 41 45 983 420 949 446 40 44 970 450 969 449 1003 468 59 63 930 429 58 62 64 68 71 77 63 67 1014 463 964 437 933 433 996 456 1015 457 995 459 1005 470 1015 457 996 456 984 453 1005 470 996 456 755 343 751 339 998 461 993 462 991 460 751 339 998 461 751 339 991 460 995 459 1015 457 1016 458 997 454 996 456 755 343 984 453 996 456 997 454 986 455 984 453 997 454 951 448 970 450 39 43 752 338 753 344 1017 466 1020 468 1019 474 1018 473 1018 473 1019 474 1021 475 971 449 1020 468 1018 473 971 449 956 444 953 447 1020 468 752 338 1022 465 972 450 580 43 752 338 1020 468 1022 465 1004 469 914 419 915 420 979 439 1020 468 972 450 752 338 979 439 915 420 936 436 1002 467 1022 465 1017 466 1015 457 1023 476 1016 458 915 420 582 45 579 44 977 62 585 56 914 419 1007 472 944 441 945 442 941 439 942 436 983 420 1009 73 569 40 1008 61 566 33 1008 61 573 32 573 32 1008 61 569 40 1009 73 568 41 569 40 533 79 568 41 1009 73 1008 61 566 33 567 60 567 60 977 62 1008 61 567 60 585 56 977 62 1008 61 977 62 1010 63 1017 466 995 459 1016 458 749 342 750 346 756 341 755 343 995 459 754 340 1017 466 1016 458 1002 467 1002 467 1016 458 1023 476 1004 469 1022 465 1002 467 1020 468 1004 469 1019 474 1015 457 1005 470 1023 476 1017 466 1022 465 752 338 915 420 579 44 952 446 735 77 1013 78 734 337 954 448 580 43 972 450 970 450 739 338 39 43 1003 468 1000 465 739 338 969 449 950 447 947 444 969 449 1024 473 1003 468 1024 473 1021 475 1019 474 1003 468 1024 473 1019 474 743 342 742 341 750 346 744 343 741 340 990 459 1001 466 1002 467 989 458 1002 467 1023 476 989 458 1004 469 1002 467 1000 465 988 457 989 458 1023 476 1003 468 1019 474 1004 469 988 457 1023 476 1005 470 994 463 940 433 937 437 936 436 915 420 935 435 1014 463 933 433 934 434 1025 471 928 430 927 427 926 429 977 62 925 423 1006 471 921 426 922 427 40 44 951 448 39 43 579 44 580 43 954 448 1026 472 959 442 960 441 952 446 935 435 915 420 1026 472 960 441 981 452 977 62 914 419 976 421 1025 471 927 427 980 426 1017 466 754 340 995 459 753 344 754 340 1017 466 686 68 965 67 735 77 1010 63 977 62 926 429 972 450 1020 468 971 449</p>
                </polylist>
            </mesh>
        </geometry>
        <geometry id="mesh1">
            <mesh>
                <source id="points1">
                    <float_array id="pointarray1" count="1266">-19.712391708345862 19.686241095058463 -12.321913677709391 -6.743550355645656 20.03061280047298 -14.571291974484524 -6.30628555424203 18.093133760005315 -7.727521009314664 -16.96257897389404 17.530122914100843 -6.259281854178413 2.381184464316676 19.874800225140078 -8.883354543461294 4.850108235207232 22.46866858428342 -15.1019861884831 -5.650038551897661 15.468165216395874 -5.039989552852285 -13.493923360516602 15.405289193329722 -2.1653655726871577 -0.08756103578823775 16.24968187335776 -5.352222895351438 5.662463377219877 15.468693864937464 -5.038497282022547 6.31871637185927 18.093725327647704 -7.725965819384058 16.97492290322929 17.531736168094255 -6.256704977895627 13.506078532549703 15.406569874933226 -2.163121268794672 6.787701568373003 20.031247812256396 -14.569693340412837 19.72511015613799 19.68811801004567 -12.319073140432499 -2.3688135696527692 19.87455886373384 -8.882632282580264 -4.83738978741541 22.468190527212286 -15.101500623267235 0.13119091882369913 16.2496787056903 -5.351262440731411 34.0237643046162 229.16866116263319 66.96461452350624 30.054970216993645 229.42256502397453 67.63019350585786 22.460971301725692 240.3582663343507 61.88653054567762 35.96115435154436 235.7814485649622 62.645554286873484 59.64965735340705 214.12278513973442 63.3826139696269 60.805628278323816 223.888542295226 59.438451991055004 67.05590123747602 221.82968425819632 55.80364895898449 63.33729474120373 214.63070326369666 60.0089466882438 -34.53672622167286 183.61698527785074 70.59514075187288 -21.849549531356367 185.77978164856523 75.17723141007838 -22.63019152693631 182.37186083117058 65.90206958388337 -33.34860353498821 180.2498040309201 60.97305993186811 44.399361630343 209.7621905262499 73.91129613317159 59.96236649867133 209.0787743960253 64.0638443695762 55.43129626006585 201.60077324356342 67.79178402427856 41.5871559695579 201.82998694552683 75.70341352271734 -55.443703485133796 201.59545807762004 67.78646885832909 -59.97513322570191 209.07302478867166 64.05809476221599 -44.41313816555818 209.75793300042943 73.90703860734622 -41.600343839270025 201.82599907299547 75.69942565018141 -67.10034845422129 221.82325302725076 55.797217728031534 -60.8193714421714 223.88271179188564 59.432621487707955 -59.662842372402494 214.11706549385735 63.37689432374329 -63.350204967657426 214.6246300723961 60.00287349693626 -22.47652859500404 240.35611210418537 61.884376315509826 -30.070029644833898 229.41968272992858 67.6273112118086 -34.069985538898464 229.165396859761 66.96135022063028 -35.97634548313704 235.77799999900913 62.64210572091641 22.588558369147083 182.37402854400037 65.90423729671565 9.838303107726865 185.67684105784062 67.92559744017012 8.837751145318885 188.94013025835838 76.17626239378481 21.837950368245977 185.78187595577742 75.17932571729297 34.52577361961554 183.62029602101165 70.59845149503757 33.33889631175814 180.25300092047001 60.97625682142171 -51.538404903732456 226.0344748138932 63.19434558670796 -53.976079605111394 236.71045889344816 56.16253640568305 -50.319912435613276 237.03287216967482 57.56815261681499 -46.28864107492957 232.33638823075742 61.8192433757288 46.96367053023184 184.4867172473072 61.45302340161263 45.058004535045974 180.8115018837828 52.94573685071954 50.27383733321358 237.03769446932864 57.57297491647433 53.961420146838876 236.71563324045167 56.167710752692486 51.524094859421 226.03941546137946 63.19928623419989 46.273858712353785 232.3408255254373 61.823680670413786 -8.880998813961893 188.93928085049765 76.1754129859231 -9.849196847029557 185.6758972713287 67.9246536536571 -47.005079253819844 184.48221253930504 61.44851869360529 -45.098245257767154 180.8071799407877 52.941414907719476 -52.871462048127675 12.090887840516771 54.146196757684535 -49.37125831812988 4.466055625790972 57.521364538075495 -55.18354258214091 3.653276993466676 53.83358590058018 -58.898890447930285 -0.034401118463676994 -13.44784229289654 -55.17934797542104 -0.0342228096878614 -29.978914003115626 -64.96120317476995 6.809058272054273 -24.198132906867382 -59.99323667880048 -0.03445357963013862 -1.0103947397718218 -49.0557367039358 -0.03392925379017697 -1.009870413931261 7.88289421095738 -0.03119970905424907 -24.60089089630245 -9.52360892351867 1.9367158539487264 -21.28922532723205 5.819811464977914 -0.031298609863057436 -12.444739783143293 -0.930780258672624 6.905877785794473 -7.038813373302629 -48.80873884446341 15.841082605123859 45.740141516941605 -44.590218059454 11.903784829578598 54.459093746890446 -48.80910587255124 13.184832584476979 56.0526415050921 -37.8405851030542 14.435358398839341 59.58441732494892 -33.090412835479384 6.185586104840382 64.24089502682088 -41.15272256157485 6.247699610984995 60.209258528404774 -6.090406905232439 6.749380441561783 63.55468936340013 -3.933890253046267 7.530733822336742 57.211042737783636 -7.777467965722354 0.8117995597944514 60.33585847111177 -18.684556862003593 15.530026708724307 63.11658564014927 -12.934636273130515 15.811552350825707 64.49186128415411 -13.559302201229935 6.1865223943043475 67.14808131962536 -22.4029173542617 6.686098446448796 63.8351573685376 -39.27668440072062 5.935289544823576 38.86559843735948 -44.02741994405494 14.091311811712288 46.05287072187855 -41.58972669813204 2.9039286578801864 53.20923756341446 -54.526598975466264 -0.03419151796961728 43.05236737251873 -49.6520648876301 0.2785421595721971 52.45885106122806 -44.05775312279933 -0.03368965864089546 41.05286922954993 -57.776921053871 7.278152675314345 42.45846157352264 -66.5898554750296 11.465230202479958 47.33303911110096 -62.933386764652624 4.465405479559564 49.77071438293829 -68.68323394790808 3.34012984000762 47.707938739723446 -19.277476927737325 0.8112482681947313 60.52280717972683 -7.776943639882347 -0.03195041603970594 50.24210848270993 -19.683153164527386 -0.032521180229366564 49.39778771755014 -25.433590588871787 8.842203163413899 49.64751207167813 -6.054530853322024 7.343132162083208 -33.53905902696114 1.851602278750125 6.968511168729378 -30.72618001751377 -43.58531037188943 -0.033667010508992234 -35.978358210830365 -24.772725024914333 6.810984841892974 -44.6024563604741 -43.17897498261518 6.810102476407991 -44.60333872596007 -57.27302156884455 6.809426830891965 -38.416514364367195 -65.93035615440398 14.934011821783301 -23.916929347479282 -56.67966106940492 15.653205285784622 -39.13523590013855 -65.46202561615273 6.809034263446449 -7.041906895761937 -63.68310512504912 0.809119535087774 47.55192843171581 -37.714785131916315 0.8103644138282675 56.5219233207632 -51.43286695946315 22.465956816331143 20.92751570725051 -50.33884131639273 31.278509272255064 6.3650681565675065 -42.65155256246908 31.310127788326824 10.740436677702666 -70.2129843724868 2.746306505594845 17.02036536936702 -66.96321957754651 -0.03478770919781482 24.70802116021209 -24.805910536228502 -0.032766756829829546 2.6162920871956725 -5.525195392895241 -0.03184247091573411 13.773466385929876 -2.993785104812988 6.4995288882532805 3.8985877412569216 -25.6489609338116 -0.03280717128552624 -11.977498344028895 -46.43014497080604 -0.033803387221581715 -13.353494561546025 -5.338421959132931 -0.031833517303141434 28.92972535695767 -24.588423412968588 -0.03275633085328877 28.960052543442377 -69.55753883964107 7.277587931787053 29.270396814841682 -70.68195458826287 11.777534034307848 12.582842903358449 -0.7129051342910646 5.37463822861173 12.742447090484673 -0.40106278941998835 6.812153179474876 25.023712057111286 -21.652052967386783 16.373634452789418 36.11644335415957 -20.590245079937283 17.154935355018665 49.77274427297819 -24.40169941564312 8.967252630730826 36.14756152362661 -13.309090973395389 19.686534404533035 49.241843324791034 -13.43342582832822 18.31152844254376 36.74183734685876 -5.964478099746623 16.968136490124337 33.96094538969993 -5.683974141159539 17.15564993724024 49.335958854697886 -1.9334917700041432 8.84332971967271 47.58613862556831 -3.026581116932268 8.968277318902892 33.679836208963145 -18.15143127479052 2.780052251241699 36.7416111377104 -9.52646125608809 2.7804657181820573 37.36702460536938 -39.02692259503436 14.872801528265157 34.89686042651039 -38.715170134592995 16.27906647478352 49.08437539094663 -41.65157803202094 7.622675698250475 34.95923458823683 -32.58958290372806 16.966860126195428 36.147169028283095 -26.651895658144195 13.404644765106255 35.803703662705814 -26.8714276521801 16.279634244405415 49.241193160748736 -24.338998673894906 30.18600566088297 10.74131454896715 -10.120032983938975 20.155437283289984 16.273246166204228 -32.99533404421034 30.560590690769928 12.147149580900349 -44.43306621936848 14.247542365873585 33.302851261569046 -53.49552125632721 13.934607926258721 32.67741682087645 -65.61867110728481 14.9340267634541 -6.916914386274717 -55.33826304840454 31.622019608558148 -6.041421520990005 -22.68079668750265 30.40483515262244 -30.196106006080896 -41.024576606823715 30.778955782279724 -29.94698537570647 -42.67936747910782 16.591376438012773 -46.19706475494751 -24.429367521047897 16.5922513131286 -46.19618987983068 -66.15107761905975 18.996501245425634 13.145560123417491 -65.83906449377182 12.90276619582201 29.395575085483838 -3.337941082030997 14.93701239967433 3.929821262408882 -3.8695925645960907 13.593236911628722 13.648545783986505 -4.930176525727995 17.405686073350935 -30.132755100217175 -15.306365972505835 30.092688670397138 -18.00825247466094 -3.370133370397255 14.468260855890136 24.054819741210554 -11.775945913521939 30.4991079134209 -1.101833211744141 -7.02557290405408 21.71808562843475 -0.10160550567099813 -16.463929780596292 31.311383180083922 8.179192066516777 -59.46408548145572 12.903071801877616 29.833380692042486 -56.682661711282876 7.621955132710497 31.489764018710268 -33.24509734796934 2.09182868481426 35.67838756927128 -42.0882241289329 -0.03359524264578795 24.802963626873186 -49.49494600516874 1.4035496928867985 33.20885857371628 -56.15067765632737 -0.03426937364230298 23.833539494762746 -66.99590023798162 13.590210739800568 40.92676964350222 -62.46469818675739 14.527927959284838 40.98948686413576 -58.37093471350069 13.871874206848645 41.364683111376635 -53.7765001043175 6.215844447723612 34.73990333584208 -59.057645227012394 -0.03440872890783453 38.80215015669678 -71.37045530000007 6.871251023073597 38.36405991611041 -68.4326392131725 -0.03485815076913923 38.67670073469138 46.47610286057271 -0.029335959545278456 -13.349990756152135 49.10051111537799 -0.029210149710650057 -1.0061149321339005 58.913607326211746 -0.02873972594605334 -13.443144522660003 42.0992737224823 -0.029545777567591358 24.806049469668466 24.81908739461431 -0.030374161405944733 2.6177210603347727 56.16182013045413 -0.028871642118531327 23.837973604005175 60.00676109031449 -0.028687321944545374 -1.0055921043671696 24.599074518879632 -0.03038470846294672 28.96146054354785 33.28615054402144 2.095031738179358 35.68062700035251 49.50505181220604 1.4083092449596961 33.21265450350707 66.97427815953888 -0.028353310584719793 24.713491936545005 63.56768211231232 0.7527333836763717 31.150828639100553 69.567458885523 7.28427101065563 29.2761162714304 42.691438759006886 7.501732618508385 50.33732790373473 41.660919821405066 7.626683217261501 34.96227848496487 38.50445560410136 -0.029718107262141302 47.087127165575865 54.56714881871221 -0.028948088050128717 43.056647180156666 44.06724471956714 -0.029451436260302444 41.05614382964781 55.195649815813006 -0.028917958741430994 -29.97457277445067 64.97629457150778 6.815300917217286 -24.192853883984732 65.5067221277551 6.815326345045833 -7.036578436442893 9.570139077487594 1.9376448312421815 -21.289259972225032 -7.867107707962399 -0.031941084079448956 -24.60259589361607 -5.805190463421473 -0.03184223914291806 -12.446247034711332 0.9754677818320051 6.905982822482343 -7.0396719589022005 3.037462926212034 6.499831670686518 3.89792690140293 3.3808069474140905 14.937348139731753 3.9291933801791545 0.7558429072189774 5.374722292265972 12.741567531851477 -23.367835736223224 9.748565847638503 -19.197088944447852 -20.868394523506456 9.748685666757694 -7.540719111934973 -13.96120674516049 0.4365167753296362 -17.790388025840812 -12.305362726974208 0.4365961537806413 -9.321558637658772 -11.212149039918563 4.7178985655741315 -2.415256213010294 33.09708505730137 6.188772679393395 64.24311797908999 37.87816276782291 14.439001885909988 59.58709718973623 41.15977529414925 6.251659191633479 60.21225448677025 49.37873949981942 4.470803193273213 57.52514848327563 52.909785753663215 12.095972474610406 54.15031776949646 55.22270520902131 3.6585833424869065 53.83792862731899 4.9448214964637565 17.40617311886504 -30.133231676990057 22.694201253107025 30.407024010005657 -30.1948807709827 15.318632002000617 30.09417043693331 -18.00773433041059 9.536036744989989 2.7813931974017407 37.36698846230256 5.349076061191625 -0.03130752186950758 28.929287730104377 18.16106668664556 2.7818066672147097 36.74240193139784 65.63132663597668 14.940332327717911 -6.911572444291201 70.72429313165868 11.784326472565937 12.588671719336777 66.19267012168821 19.00285924227346 13.150954497985062 3.8804054624790947 13.593622088122501 13.64796733819317 0.4426852535263578 6.812207281652576 25.022802537001485 3.379864658976017 14.46859809402136 24.05419335705466 10.12996501441013 20.156421689315124 16.273266949942972 5.568552626495718 -0.03129700052230078 13.773048234036374 7.036925108514433 21.71877341584188 -0.10188134055063491 11.786552077214752 30.500251115271865 -1.1016536321794046 16.504818188524023 31.31297730215725 8.179822566304395 -17.17982940148846 6.780112487118856 -26.79054231710393 -8.8671391652151 6.90551098402139 -30.883893824761202 -0.33645096250686796 16.81216994262857 -29.07098485268821 -19.36783574541519 2.780007593081166 -12.228147199004985 25.070937515217924 -0.0303620881235247 -35.9760169107287 25.66353699315319 -0.030333679874871677 -11.975988474902962 3.0671669139491224 8.968583097483759 33.679178365256824 6.004269917633508 16.96872390658494 33.96056918387369 57.320726212694446 6.814933921805249 -38.41197089573516 43.6334374725597 -0.029472232269426968 -35.97512705487358 -32.49649655064959 18.3106145901468 48.64717350814155 -42.68355908967933 7.497626226624703 50.334185134133904 -53.58990943556268 14.090853401623491 45.83366231153787 -62.43371933819203 12.371679441882492 48.80198835323271 -59.21486597849479 11.653083747616208 47.364642656488954 -57.21439858405595 1.9969296356521227 47.27098853332181 -7.184534417324141 15.12432800050361 63.05463693139058 -19.336901839065632 17.717509093165816 -20.571895691343823 -8.899270032555007 17.749259456180155 -23.352645331488766 -38.49554226383133 -0.03342301535977299 47.08438587976154 -29.24555876390074 -0.03297958629647724 47.42857930922028 -28.652319608440777 0.8107988535867889 57.24110776134806 -24.277427479810854 6.279758585035864 54.02256749538279 -22.651984053692093 7.4985865075326785 43.553895407251005 -27.559333628607572 14.373351265128903 59.61616019120316 23.413416111384056 9.750794809975389 -19.193896359820865 20.88160733566307 9.750673439208214 -7.537767717194644 13.97629514575136 0.43784239914796785 -17.78809877973342 11.22535286363276 4.718960528398668 -2.413230627897015 12.319639171550051 0.43776298177317585 -9.319428187377378 19.35060002714179 17.719350054381138 -20.56909110783885 19.3821661206486 2.7818515504441166 -12.225339619352352 17.226422474557648 6.781748212219668 -26.787942969713693 8.882862749108506 6.906348235771645 -30.882092950722452 8.944481881553154 17.750101202151882 -23.350839963228527 0.35105099102784076 16.812189246068485 -29.070001926960728 -25.054060414475842 -0.032778652728723046 -35.97746985304907 -63.52606564050059 0.7466270632316991 31.145685940936442 -26.371504055093837 6.154658198290065 60.95996711646466 -32.68443998007174 15.123105576783928 61.08466450540734 -49.743756533976004 30.184787798388385 -20.384903349292813 -32.776476183398245 45.81060119998031 -5.352839912474584 7.837334323640795 194.14887676170125 79.66241819879653 20.118125673085512 202.87957375893168 80.49981559487284 20.524849642514695 192.50256105220552 80.98978857589842 -0.006749007451192432 205.15695092136727 75.60729462759946 -0.006485668241258038 198.44600221995276 76.82495579049962 50.379906497032216 31.28335121838849 6.368946480418944 42.69219528628894 31.314232682136648 10.743577949229657 32.817271710747 45.81375931113057 -5.350645423608264 41.0691712494031 30.78290487641138 -29.943999903857815 49.75624128224974 30.189571319642496 -20.38108345032075 24.37974925903054 30.188354812165855 10.742700077965175 55.34923474211136 31.627339440242864 -6.037065311586742 33.004663849001304 30.563768276879927 12.149363544726462 7.190463594526222 15.125030768648983 63.05437607724926 13.3471570102316 19.68782591569301 49.24217121366495 12.94036171229185 15.812806410139984 64.49215172118227 13.596945781248007 6.1878378746456235 67.14843317768054 24.285070453473672 6.282100245949607 54.02394553401166 26.40974386849564 6.157202099170604 60.96154739506062 28.69142830466367 0.8135614732462955 57.24290675872323 6.128341111573171 6.749979842613044 63.554325142164515 3.941107773741658 7.531124991125836 57.21047028428564 30.21146890967318 218.39021750127887 73.47478935781037 77.08865287906937 211.80139405529815 34.507996135765815 73.83774632461953 217.92741940162597 47.292649644675784 82.24426442115424 228.76159280776426 30.866353336290853 16.05506985515112 219.04477321512547 75.92885024012314 -0.0075873867554137 233.5965780557495 64.65636045206305 54.80499453052683 243.90208872676968 52.644673073380055 -70.50561701467612 207.4921758075463 49.65518491579862 -55.693131936797045 194.0894931449373 63.36985488359257 -65.38016426558104 197.57945021594617 50.12375570813307 -57.84835970959098 187.9422273278829 48.19323509864534 -50.254390760631864 181.76547679653382 49.80304808490302 -61.47324672874229 189.9664130771285 43.81208150901403 -42.007343842273436 227.87727003820328 65.2932879225047 -0.006163836508946723 194.52984213088075 74.02766730596963 -5.724268841659733 187.22684099434198 67.87572430600753 -7.881415640236156 194.14812323056555 79.66166466765995 -47.69331008842813 191.27955338009951 69.89644256206918 -37.599784633531094 190.53755374665633 75.32296387505743 70.49438266129366 207.4989351166603 49.66194422492038 71.33896921560704 201.76556446574853 37.94473191912698 -0.007261394978967726 218.8510887020425 72.60162219969878 37.33601364590404 243.71161872537468 57.650586598277606 63.30640446372417 206.4046525163789 60.7311409701448 55.650617807325375 194.0948307819881 63.3751925206495 48.117985319337265 216.83662434357797 69.47190333697796 7.816280043327215 0.8125607528191665 60.33565604184983 27.59691428952395 14.37600901962044 59.61785432341019 65.97589158734938 14.940348845597498 -23.911555945945338 32.597914991350784 16.969998762385885 36.14934404218963 21.6604449779627 16.37572443729998 36.11756971638497 20.628502870223812 17.156924968582715 49.77377026425697 42.72688036950658 16.595484327970283 -46.19392048727287 43.22727286370113 6.814258304727986 -44.60014651992287 24.476880411446665 16.594609452854456 -46.19479536238969 56.69533671493487 15.658653951818593 -39.130750856385895 65.87968324841245 12.909094231193265 29.400939498574807 13.44157215479606 18.312830440220537 36.742175722249485 56.692336073056914 7.627403798744467 31.49424906246293 26.66060226422442 13.407214133241908 35.80530940855688 24.44204851699507 8.969607774308969 36.148953044919956 39.0668252703848 14.876558868946788 34.89965414490879 44.441931621274435 14.251816542026035 33.30616181543885 53.53572654259107 13.939752483305497 32.68159775564159 59.47341229010097 12.90878712505301 29.838132392936917 32.50350134486015 18.31374423789427 48.649339533605094 32.72180791450439 15.126254699491213 61.086850005830684 51.442130849006546 22.47090212955871 20.93149739819623 65.36983543394413 197.58571815684442 50.130023649038534 61.46425298873669 189.97230649956964 43.81797493146195 57.839140024549124 187.94777319719583 48.19878096796466 50.245609008410426 181.77029460196616 49.80786589034087 -71.34853045648472 201.7587242606478 37.937891714018384 -16.069930071022846 219.0432331952298 75.92731022022572 -30.257280951364397 218.3873187284208 73.47189058494897 -48.16326445940008 216.83200877811248 69.46728777150717 -20.131874234416504 202.87764423984063 80.49788607577958 -73.8497533359818 217.92033950471267 47.285569747754366 -77.13009676652257 211.7940010609547 34.50060314141388 -82.25573520081053 228.75370694713126 30.858467475648794 -54.851255217473614 243.8968319857056 52.63941633230996 -53.35062407662561 216.19065450977774 67.17999183163262 -71.22571795972473 238.6156265327986 46.71257565372623 -66.81943053283062 232.561105655542 51.986578248621235 -69.81921969147929 229.36719772308726 50.7821664637002 5.713231132055902 187.2273892893632 67.87627260102937 47.68168969239186 191.28412550142394 69.90101468339888 37.55646519375334 190.54115661421378 75.32656674261901 -0.005701623211892949 191.14881036557145 67.76687420618363 41.9614059647591 227.88129536258032 65.2973132468864 53.305625678269095 216.19576743575425 67.18510475761502 66.80556916008756 232.5675114192325 51.99298401231908 71.21178171294156 238.62245475330872 46.719403874244186 69.77452998772218 229.373889618879 50.788858359499606 68.43141826994786 211.5655245763598 55.282515116635956 -68.44358141550154 211.55896301299117 55.275953553259775 -37.35148618245761 243.70803832892466 57.64700620182348 -63.31859524528061 206.398582321226 60.72507077498492 -20.568900263048306 192.50059108512107 80.98781860881174 62.47252841964795 12.377680897159138 48.807026186228704 67.03534749888833 13.59664963263512 40.93224491405661 66.59764226377936 11.471628647321154 47.33847393366193 6.070467163699032 7.343727068912926 -33.53942774241824 -1.804649667962139 6.968349548275739 -30.72730526025512 24.789772906072105 6.813374441169202 -44.60103038348268 41.62902115550943 2.907931682669613 53.212276965921 39.31706346354949 5.939070854686463 38.86841612493916 49.69168292895472 0.2833181904571802 52.46266346983097 53.6288383629247 14.096006947113224 45.83785223474598 57.81682672536991 7.283707704590114 42.46305298051725 70.22451334966101 2.75305250356422 17.026147745056612 38.753577732262464 16.28279385398858 49.087139147868434 22.6917638869894 7.5007738668420245 43.55511914427536 26.8785702691831 16.282224585574696 49.24281987963342 68.72301378120582 3.3467305248156833 47.713575802251505 71.41079241676161 6.878109376580085 38.369954647337266 53.785997693379926 6.221014472025473 34.74410973786234 58.37906306308306 13.877484664856055 41.369329947102955 63.723142627045654 0.8152408362707035 47.557086110618215 68.44235851716223 -0.028282933216161155 38.682312329964326 59.253881794139126 11.658776599684188 47.36937188627594 57.223099197842124 2.0024292361962353 47.275524511584706 59.09860254633968 -0.028730857578125324 38.80686440574547 22.440830587568836 6.688261836576942 63.83635713638069 19.28502102852806 0.8131105454833403 60.52370583473006 37.753962739535325 0.8139959163083006 56.52459120095986 48.847508975999425 15.845777740022072 45.74387302955769 44.628529780398935 11.908075484543161 54.4624207795724 48.8471419479116 13.189527719375207 56.05637301770818 44.066327898383356 14.09554853601901 46.056143823902595 62.94161099096108 4.471453375124895 49.775798656223024 18.690441096990778 15.53183205920746 63.117427368346945 25.472657339026597 8.84465717986481 49.64900246584427 19.69184478987081 -0.03061995302118703 49.39872532247295 29.254439146546552 -0.030161537905314617 47.43043373532715 5.691023877585082 17.156208890298117 49.33555418546885 1.9727562659043127 8.843530633085606 47.58537591669388 7.785554369239036 -0.031190721088819373 50.24190455537414 62.47279957101078 14.533930912635327 40.9945261952056</float_array>
                    <technique_common>
                        <accessor count="422" source="#pointarray1" stride="3">
                            <param name="X" type="float"/>
                            <param name="Y" type="float"/>
                            <param name="Z" type="float"/>
                        </accessor>
                    </technique_common>
                </source>
                <source id="uvs1">
                    <float_array id="uvarray1" count="526">0.9052979946136475 0.6854110062122345 0.9041450023651123 0.5627950131893158 0.8435750007629395 0.5734879970550537 0.8562179803848267 0.6691299974918365 0.5615900158882141 0.8313429951667786 0.5938090085983276 0.8223299980163574 0.5911800265312195 0.8101969957351685 0.5499119758605957 0.8202130049467087 0.6185780167579651 0.818341001868248 0.5964379906654358 0.8344620019197464 0.6191239953041077 0.8294000029563904 0.5732700228691101 0.8424720019102097 0.7026739716529846 0.20199799537658691 0.6950039863586426 0.17204999923706055 0.6348360180854797 0.1269959807395935 0.6676430106163025 0.21346700191497803 0.7826769948005676 0.37098097801208496 0.7284780144691467 0.35417497158050537 0.7372840046882629 0.4033600091934204 0.7753840088844299 0.38931697607040405 0.9601209759712219 0.2391899824142456 0.9522330164909363 0.1233140230178833 0.9829599857330322 0.12786400318145752 0.995058000087738 0.21185100078582764 0.8057429790496826 0.2573050260543823 0.8093990087509155 0.3729410171508789 0.8398460149765015 0.35273098945617676 0.84791499376297 0.25184202194213867 0.962552011013031 0.051001012325286865 0.9297680258750916 0.045549988746643066 0.7193719744682312 0.3008049726486206 0.6627190113067627 0.31522202491760254 0.6610069870948792 0.28693199157714844 0.6858630180358887 0.26082998514175415 0.9527239799499512 0.33935797214508057 0.9911050200462341 0.3172230124473572 0.39689499139785767 0.9581900015473366 0.40967899560928345 0.9820900000631809 0.3844839930534363 0.9614409990608692 0.9472439885139465 0.8215810060501099 0.9344419836997986 0.7798220068216324 0.9805430173873901 0.7846589982509613 0.9489079713821411 0.854541003704071 0.9111660122871399 0.8514969944953918 0.7266669869422913 0.7830110043287277 0.7760019898414612 0.8008970022201538 0.7234110236167908 0.8128529936075211 0.5809190273284912 0.8568010032176971 0.9543769955635071 0.6731730103492737 0.45198699831962585 0.963128998875618 0.46403399109840393 0.9885689998045564 0.4348750114440918 0.9683229997754097 0.5525479912757874 0.9806810002774 0.5734450221061707 0.9752069991081953 0.5596939921379089 0.9883260000497103 0.5222989916801453 0.970966000109911 0.5338510274887085 0.9720009993761778 0.534358024597168 0.990570000372827 0.5049949884414673 0.9771069996058941 0.4348750114440918 0.9442319981753826 0.42911601066589355 0.9631480015814304 0.42496100068092346 0.9505009986460209 0.9027789831161499 0.9640000015497208 0.8934249877929688 0.9705870002508163 0.88851398229599 0.9464799985289574 0.9273179769515991 0.9483460001647472 0.9209960103034973 0.9652249999344349 0.9059479832649231 0.9469249993562698 0.9421449899673462 0.9464799985289574 0.9421449899673462 0.963943000882864 0.35415300726890564 0.9512340016663074 0.36243900656700134 0.9717660006135702 0.340393990278244 0.9545570015907288 0.7994139790534973 0.97231600061059 0.7683699727058411 0.9577060006558895 0.7970569729804993 0.9546569995582104 0.7652680277824402 0.9718280006200075 0.8214759826660156 0.9779119994491339 0.8214759826660156 0.95346599817276 0.7737110257148743 0.7571199983358383 0.7499920129776001 0.7677219957113266 0.8922100067138672 0.7651820033788681 0.8214759826660156 0.7364209890365601 0.88851398229599 0.7364209890365601 0.9513630270957947 0.7564689964056015 0.36441200971603394 0.8007519990205765 0.38051000237464905 0.7436470091342926 0.39958998560905457 0.7657659947872162 0.9818710088729858 0.8437909930944443 0.9890720248222351 0.9569570012390614 0.9656090140342712 0.9744189996272326 0.9721059799194336 0.9606180004775524 0.9153289794921875 0.984896999783814 0.88851398229599 0.9709259998053312 0.8549950122833252 0.9918799996376038 0.8685590028762817 0.9643729999661446 0.779246985912323 0.9970120000652969 0.4119429886341095 0.8930270001292229 0.39972200989723206 0.8526249974966049 0.43022701144218445 0.8696189969778061 0.9747030138969421 0.8974839970469475 0.9657679796218872 0.9133000001311302 0.8258129954338074 0.8577519953250885 0.7601670026779175 0.884673997759819 0.7454349994659424 0.8608170002698898 0.830286979675293 0.8233440071344376 0.901112973690033 0.820945993065834 0.7614589929580688 0.9155689999461174 0.8240450024604797 0.9156169965863228 0.9890720248222351 0.92552699893713 0.9953330159187317 0.8875520005822182 0.7347570061683655 0.8817709982395172 0.7347570061683655 0.9095560014247894 0.5072730183601379 0.9297240003943443 0.5152810215950012 0.9509730003774166 0.49744999408721924 0.9356150031089783 0.5327709913253784 0.9495740011334419 0.5300310254096985 0.9283490031957626 0.550466001033783 0.925925999879837 0.551833987236023 0.949668001383543 0.5734450221061707 0.9511159993708134 0.7410290241241455 0.95346599817276 0.7410290241241455 0.9325120002031326 0.7990189790725708 0.9323220029473305 0.7697910070419312 0.9343890026211739 0.8214759826660156 0.9325120002031326 0.4465090036392212 0.9297140017151833 0.4510380029678345 0.9459210000932217 0.4348750114440918 0.9334549978375435 0.46871501207351685 0.9291900023818016 0.4897089898586273 0.932718999683857 0.47940200567245483 0.9497140012681484 0.5093780159950256 0.8708160072565079 0.5422019958496094 0.8840570002794266 0.4668160080909729 0.871167004108429 0.42785099148750305 0.9286060035228729 0.40005800127983093 0.927277997136116 0.3544049859046936 0.8401570022106171 0.39916500449180603 0.8330699950456619 0.48500901460647583 0.796862006187439 0.437173992395401 0.7957279980182648 0.44292300939559937 0.7605540007352829 0.4369159936904907 0.7361890077590942 0.4898560047149658 0.7614060044288635 0.33042800426483154 0.8438950031995773 0.35098499059677124 0.8891670033335686 0.36166998744010925 0.8809819966554642 0.3595049977302551 0.921265996992588 0.5648790001869202 0.8591360002756119 0.5627239942550659 0.8824020028114319 0.5425969958305359 0.7790749967098236 0.5218489766120911 0.8104339987039566 0.5793399810791016 0.9098170027136803 0.5793399810791016 0.8857240006327629 0.5607290267944336 0.9053599983453751 0.5294110178947449 0.8446310013532639 0.548367977142334 0.8498129993677139 0.5255420207977295 0.8611959964036942 0.7426930069923401 0.8415360003709793 0.379487007856369 0.923845998942852 0.3844839930534363 0.9295850023627281 0.8543869853019714 0.9307020008563995 0.88851398229599 0.9325120002031326 0.8865159749984741 0.909290999174118 0.9421449899673462 0.929017998278141 0.9147289991378784 0.9293799996376038 0.9345660209655762 0.9101269990205765 0.35771098732948303 0.939020998775959 0.340393990278244 0.9235830008983612 0.3697200119495392 0.940956998616457 0.377703994512558 0.9417870007455349 0.9421449899673462 0.9429889991879463 0.9637529850006104 0.9442490004003048 0.9890720248222351 0.9429889991879463 0.9758639931678772 0.9427120015025139 0.9626359939575195 0.9274289980530739 0.88851398229599 0.9499719999730587 0.8671129941940308 0.9494009986519814 0.653590977191925 0.7813819944858551 0.6180310249328613 0.8072820007801056 0.6545950174331665 0.8235509991645813 0.7072349786758423 0.7945030033588409 0.7057920098304749 0.8171530067920685 0.6976220011711121 0.8415459990501404 0.6265479922294617 0.8547669947147369 0.6973279714584351 0.7600769996643066 0.7335289716720581 0.7600769996643066 0.5621029734611511 0.7763700038194656 0.6874499917030334 0.8052040040493011 0.8289499878883362 0.764627993106842 0.5734450221061707 0.9333780035376549 0.3844839930534363 0.9442319981753826 0.4348750114440918 0.947673000395298 0.340393990278244 0.9407909996807575 0.9656749963760376 0.57150998711586 0.9560319781303406 0.9559799991548061 0.49786698818206787 0.9511159993708134 0.41159701347351074 0.9516450017690659 0.545403003692627 0.9730370007455349 0.3984290063381195 0.9458529986441135 0.7410290241241455 0.9779119994491339 0.6214359998703003 0.7794940024614334 0.6322579979896545 0.7497189939022064 0.6681749820709229 0.8213150054216385 0.6681749820709229 0.7823510020971298 0.5954390168190002 0.7550179958343506 0.5921679735183716 0.7813789993524551 0.8446080088615417 0.9533060006797314 0.842536985874176 0.96492800116539 0.8214759826660156 0.9709259998053312 0.8214759826660156 0.9499719999730587 0.49786698818206787 0.947673000395298 0.49786698818206787 0.9683229997754097 0.4763689935207367 0.9705279991030693 0.9498649835586548 0.965854998677969 0.4798460006713867 0.9765830002725124 0.4641779959201813 0.9668289981782436 0.40951400995254517 0.9656799994409084 0.3669550120830536 0.9548790007829666 0.37470799684524536 0.9545570015907288 0.4947980046272278 0.7372480034828186 0.5356540083885193 0.7507459968328476 0.5651479959487915 0.7468110024929047 0.3385950028896332 0.7943969964981079 0.3844839930534363 0.9407909996807575 0.4090149998664856 0.7992780059576035 0.4536229968070984 0.8346260040998459 0.465829998254776 0.9488580003380775 0.48332300782203674 0.9826379995793104 0.9015700221061707 0.03815197944641113 0.8424270153045654 0.11311697959899902 0.91280198097229 0.11555898189544678 0.8302720189094543 0.009835004806518555 0.8913300037384033 0.009835004806518555 0.7599599957466125 0.17315101623535156 0.7898769974708557 0.5076259970664978 0.7573710083961487 0.4440839886665344 0.6961650252342224 0.5199570059776306 0.7565670013427734 0.08890599012374878 0.6707959771156311 0.009835004806518555 0.6129050254821777 0.31738001108169556 0.8127850294113159 0.43363797664642334 0.9017630219459534 0.37128502130508423 0.8781830072402954 0.41976398229599 0.9343569874763489 0.39458799362182617 0.9753249883651733 0.3676210045814514 0.9365059733390808 0.44881898164749146 0.7095699906349182 0.2353219985961914 0.9129739999771118 0.009835004806518555 0.955627977848053 0.03356701135635376 0.9103180170059204 0.3153730034828186 0.9188740253448486 0.2594599723815918 0.8560580015182495 0.4867990016937256 0.7575740218162537 0.009835004806518555 0.6196349859237671 0.22123897075653076 0.8236590027809143 0.38141101598739624 0.7682099938392639 0.2794070243835449 0.7668280005455017 0.306460976600647 0.6536350250244141 0.40870201587677 0.68231201171875 0.38680499792099 0.6972650289535522 0.40953999757766724 0.936788022518158 0.010010004043579102 0.7911329865455627 0.40911000967025757</float_array>
                    <technique_common>
                        <accessor count="263" source="#uvarray1" stride="2">
                            <param name="S" type="float"/>
                            <param name="T" type="float"/>
                        </accessor>
                    </technique_common>
                </source>
                <vertices id="vertices1">
                    <input semantic="POSITION" source="#points1"/>
                </vertices>
                <polylist count="762" material="Material1">
                    <input offset="0" semantic="VERTEX" source="#vertices1"/>
                    <input offset="1" semantic="TEXCOORD" source="#uvs1" set="0"/>
                    <vcount>3 3 3 3 3 3 3 3 3 3 3 3 3 3 3 3 3 3 3 3 3 3 3 3 3 3 3 3 3 3 3 3 3 3 3 3 3 3 3 3 3 3 3 3 3 3 3 3 3 3 3 3 3 3 3 3 3 3 3 3 3 3 3 3 3 3 3 3 3 3 3 3 3 3 3 3 3 3 3 3 3 3 3 3 3 3 3 3 3 3 3 3 3 3 3 3 3 3 3 3 3 3 3 3 3 3 3 3 3 3 3 3 3 3 3 3 3 3 3 3 3 3 3 3 3 3 3 3 3 3 3 3 3 3 3 3 3 3 3 3 3 3 3 3 3 3 3 3 3 3 3 3 3 3 3 3 3 3 3 3 3 3 3 3 3 3 3 3 3 3 3 3 3 3 3 3 3 3 3 3 3 3 3 3 3 3 3 3 3 3 3 3 3 3 3 3 3 3 3 3 3 3 3 3 3 3 3 3 3 3 3 3 3 3 3 3 3 3 3 3 3 3 3 3 3 3 3 3 3 3 3 3 3 3 3 3 3 3 3 3 3 3 3 3 3 3 3 3 3 3 3 3 3 3 3 3 3 3 3 3 3 3 3 3 3 3 3 3 3 3 3 3 3 3 3 3 3 3 3 3 3 3 3 3 3 3 3 3 3 3 3 3 3 3 3 3 3 3 3 3 3 3 3 3 3 3 3 3 3 3 3 3 3 3 3 3 3 3 3 3 3 3 3 3 3 3 3 3 3 3 3 3 3 3 3 3 3 3 3 3 3 3 3 3 3 3 3 3 3 3 3 3 3 3 3 3 3 3 3 3 3 3 3 3 3 3 3 3 3 3 3 3 3 3 3 3 3 3 3 3 3 3 3 3 3 3 3 3 3 3 3 3 3 3 3 3 3 3 3 3 3 3 3 3 3 3 3 3 3 3 3 3 3 3 3 3 3 3 3 3 3 3 3 3 3 3 3 3 3 3 3 3 3 3 3 3 3 3 3 3 3 3 3 3 3 3 3 3 3 3 3 3 3 3 3 3 3 3 3 3 3 3 3 3 3 3 3 3 3 3 3 3 3 3 3 3 3 3 3 3 3 3 3 3 3 3 3 3 3 3 3 3 3 3 3 3 3 3 3 3 3 3 3 3 3 3 3 3 3 3 3 3 3 3 3 3 3 3 3 3 3 3 3 3 3 3 3 3 3 3 3 3 3 3 3 3 3 3 3 3 3 3 3 3 3 3 3 3 3 3 3 3 3 3 3 3 3 3 3 3 3 3 3 3 3 3 3 3 3 3 3 3 3 3 3 3 3 3 3 3 3 3 3 3 3 3 3 3 3 3 3 3 3 3 3 3 3 3 3 3 3 3 3 3 3 3 3 3 3 3 3 3 3 3 3 3 3 3 3 3 3 3 3 3 3 3 3 3 3 3 3 3 3 3 3 3 3 3 3 3 3 3 3 3 3 3 3 3 3 3 3 3 3 3 3 3 3 3 3 3 3 3 3 3 3 3 3 3 3 3 3 3 3 3 3 3 3 3 3 3 3 3 3 3 3 3 3 3 3 3 3 3 3 3 3 3 3 3 3 3 3 3 3 3 3 3 3 3 3 3 3 3 3 3 3 3 3 3 3 3 3 3 3 3 3 3 3 3 3 3 3 3 3 3 3 3 3 3 3 3 3 3 3 3 3 3 3 3 3 3 3 3 3 3 3 3 3 3 3 3 3 3</vcount>
                    <p>2 2 1 1 0 0 3 3 2 2 0 0 1 6 2 5 4 4 5 7 1 6 4 4 6 9 2 5 3 8 7 10 6 9 3 8 2 5 6 9 8 11 4 4 2 5 8 11 11 8 10 5 9 9 12 10 11 8 9 9 14 0 13 1 10 2 11 3 14 0 10 2 15 4 10 5 13 6 16 7 15 4 13 6 17 11 9 9 10 5 15 4 17 11 10 5 20 14 19 13 18 12 21 15 20 14 18 12 24 18 23 17 22 16 25 19 24 18 22 16 28 22 27 21 26 20 29 23 28 22 26 20 32 26 31 25 30 24 33 27 32 26 30 24 36 24 35 25 34 26 37 27 36 24 34 26 40 16 39 17 38 18 41 19 40 16 38 18 44 12 43 13 42 14 45 15 44 12 42 14 48 29 47 28 46 22 49 21 48 29 46 22 50 20 49 21 46 22 51 23 50 20 46 22 54 32 53 31 52 30 55 33 54 32 52 30 56 34 50 20 51 23 57 35 56 34 51 23 60 30 59 31 58 32 61 33 60 30 58 32 28 22 63 28 62 29 27 21 28 22 62 29 29 23 26 20 64 34 65 35 29 23 64 34 68 38 67 37 66 36 71 41 70 40 69 39 69 39 73 43 72 42 76 46 75 45 74 44 77 47 9 9 17 11 80 0 79 48 78 1 83 51 82 50 81 49 86 54 85 53 84 52 89 57 88 56 87 55 90 58 89 57 87 55 92 61 79 60 91 59 91 64 79 63 93 62 96 67 95 66 94 65 94 65 68 69 97 68 100 72 99 71 98 70 103 75 102 74 101 73 102 74 86 76 101 73 104 78 103 75 90 77 103 75 101 73 90 77 106 80 75 45 105 79 109 83 108 82 107 81 110 84 109 83 107 81 112 87 110 86 111 85 72 42 113 88 69 39 114 91 99 90 100 89 95 66 67 92 68 69 115 95 82 94 83 93 101 73 89 96 90 77 118 99 117 98 116 97 120 101 119 100 72 42 123 104 122 103 121 102 125 106 124 105 121 102 127 108 122 103 126 107 129 110 119 100 128 109 121 102 124 105 123 104 122 103 130 111 126 107 126 107 130 111 131 112 69 39 70 40 125 106 113 88 71 41 69 39 134 115 133 114 132 113 136 117 132 113 135 116 135 116 138 119 137 118 137 118 138 119 139 120 140 122 139 121 102 74 103 75 141 123 102 74 142 124 102 74 141 123 103 75 104 78 134 125 145 128 144 127 143 126 143 126 144 127 146 129 146 129 148 131 147 130 150 133 149 132 136 117 143 126 146 129 151 134 116 97 153 136 152 135 155 138 111 85 154 137 158 141 157 140 156 139 159 143 109 142 158 141 158 141 110 86 112 87 113 144 154 137 111 85 161 147 160 146 129 145 163 149 162 148 150 133 137 118 150 133 136 117 149 132 132 113 136 117 165 151 164 150 156 139 126 107 142 124 127 108 127 108 142 124 141 123 160 146 154 137 129 145 130 153 163 149 131 152 163 149 166 154 131 152 150 133 166 154 163 149 123 104 130 111 122 103 169 157 168 156 167 155 113 88 119 100 129 110 146 129 147 130 132 113 116 97 152 135 143 126 75 45 77 158 124 105 145 128 143 126 152 135 171 160 153 136 170 159 134 125 127 108 141 123 172 161 127 108 134 125 173 163 172 161 145 162 175 166 174 165 171 164 128 168 176 167 161 147 177 169 170 159 161 147 170 159 178 170 171 160 180 172 171 164 179 171 182 174 181 173 128 109 185 39 184 43 183 106 187 102 184 43 186 163 186 163 184 43 188 166 188 166 184 43 189 42 187 102 186 163 190 108 190 108 186 163 191 161 186 163 188 166 192 165 195 109 194 175 193 101 193 101 194 175 188 166 198 177 197 162 196 176 200 67 192 165 199 65 185 39 183 106 201 40 203 88 185 39 202 41 202 41 185 39 201 40 185 39 189 42 184 43 206 46 205 44 204 45 207 47 8 11 6 9 210 153 209 148 208 47 212 180 0 179 211 178 205 44 206 46 213 181 206 46 215 183 214 182 6 9 215 184 207 47 218 51 217 49 216 50 221 38 220 36 219 37 224 151 223 139 222 150 226 107 190 108 225 124 190 108 227 123 225 124 230 146 229 145 228 137 210 153 232 152 231 149 231 149 232 152 233 154 234 133 231 149 233 154 208 104 235 103 210 111 238 157 237 155 236 156 240 186 205 44 239 185 236 156 8 11 209 148 1 6 5 7 241 187 242 188 239 185 213 181 215 183 242 188 214 182 183 106 244 105 243 189 225 124 245 122 226 107 245 122 232 112 226 107 246 118 233 154 245 190 233 154 232 152 245 190 234 133 233 154 246 118 201 40 248 81 247 84 144 2 81 3 249 1 97 191 68 38 66 36 250 192 81 49 144 127 251 2 66 3 78 1 96 67 174 165 145 162 94 65 97 68 171 164 181 193 98 70 176 167 252 0 177 1 176 2 177 1 252 0 178 194 145 128 152 135 92 61 252 0 253 48 178 194 179 171 254 195 180 172 180 172 114 91 182 174 182 174 100 89 181 173 104 196 90 58 87 55 133 2 87 3 135 1 78 197 152 135 153 136 135 1 255 48 138 194 138 119 255 198 139 120 251 199 153 136 171 160 139 121 85 200 102 74 102 74 85 200 86 76 0 0 1 1 256 48 256 201 211 178 0 179 242 188 213 181 214 182 8 11 207 47 209 148 236 156 4 4 8 11 211 178 256 201 239 202 212 203 242 188 215 183 3 8 212 180 7 10 242 188 211 204 239 185 242 188 212 203 211 204 212 180 215 184 7 10 257 206 240 205 256 201 259 207 258 177 172 161 259 207 115 95 258 177 259 207 172 161 134 125 260 208 115 95 259 207 259 207 261 209 260 208 250 176 258 177 83 93 147 130 148 131 134 115 262 210 261 209 259 207 263 213 261 212 262 211 249 1 263 48 148 194 258 177 115 95 83 93 265 180 264 178 14 179 74 44 266 181 76 46 76 46 268 182 267 183 9 9 77 47 267 184 14 0 269 48 13 1 269 201 14 179 264 178 270 188 268 182 266 181 17 11 162 148 77 47 168 156 17 11 15 4 264 178 271 202 269 201 265 203 267 183 270 188 11 8 12 10 265 180 270 188 271 185 264 204 270 188 264 204 265 203 265 180 12 10 267 184 273 206 269 201 272 205 272 186 271 185 74 44 168 156 162 148 17 11 13 6 274 187 16 7 270 188 266 181 271 185 267 183 268 182 270 188 125 106 275 189 124 105 142 124 126 107 140 122 140 122 126 107 131 112 137 118 140 190 166 154 166 154 140 190 131 152 150 133 137 118 166 154 70 40 110 84 107 81 69 39 125 106 73 43 121 102 173 163 73 43 173 163 175 166 73 43 175 166 72 42 73 43 121 102 127 108 173 163 127 108 172 161 173 163 173 163 174 165 175 166 128 109 120 101 276 175 120 101 175 166 276 175 258 177 250 176 145 162 96 67 94 65 174 165 180 172 182 174 276 175 115 95 260 208 82 94 93 62 79 63 67 92 95 66 93 62 67 92 254 195 253 214 99 90 130 153 123 47 162 148 277 215 261 212 263 213 82 50 278 216 81 49 79 60 80 217 67 37 253 219 252 218 99 71 67 37 80 217 66 36 99 71 252 218 98 70 16 7 274 187 164 150 105 221 108 220 159 143 105 221 164 150 274 187 272 205 106 222 274 187 13 6 273 206 274 187 16 7 164 150 165 151 162 148 123 47 77 47 113 88 72 42 119 100 168 156 16 7 165 151 169 157 150 133 168 156 71 41 110 84 70 40 107 81 125 106 70 40 87 3 88 0 135 1 81 3 278 0 249 1 101 73 86 76 89 96 255 198 85 53 139 120 104 196 87 55 133 114 140 122 102 74 142 124 137 118 139 120 140 190 177 169 178 170 170 159 161 147 176 167 177 169 153 136 251 199 78 197 78 197 92 61 152 135 169 157 149 132 150 133 259 207 134 125 262 210 258 177 145 162 172 161 96 67 145 162 91 64 94 65 171 164 174 165 180 172 276 175 171 164 182 174 128 109 276 175 141 123 103 75 134 125 154 137 113 144 129 145 113 144 111 85 71 223 158 141 109 142 110 86 159 143 108 220 109 142 105 221 159 143 164 150 105 79 275 189 108 82 127 108 121 102 122 103 114 91 254 195 99 90 76 46 267 183 77 158 124 105 275 189 75 45 125 106 121 102 73 43 159 143 158 141 156 139 108 82 275 189 107 81 125 106 107 81 275 189 91 64 93 62 96 67 94 65 95 66 68 69 97 191 66 36 251 199 96 67 93 62 95 66 91 59 145 128 92 61 97 191 251 199 171 160 79 48 92 194 78 1 66 3 80 0 78 1 161 147 129 145 128 168 116 97 170 159 153 136 175 166 120 101 72 42 119 100 120 101 128 109 160 146 161 147 116 97 134 115 104 196 133 114 145 128 250 192 144 127 148 131 262 211 134 115 174 165 173 163 145 162 171 164 276 175 175 166 134 115 132 113 147 130 250 192 83 51 81 49 181 193 100 72 98 70 178 170 179 224 171 160 128 168 181 193 176 167 182 174 114 91 100 89 253 219 179 224 178 170 179 171 253 214 254 195 180 172 254 195 114 91 98 3 252 0 176 2 117 98 160 146 116 97 112 87 111 85 279 225 105 79 75 45 275 189 76 46 77 158 75 45 75 45 106 80 74 44 272 186 74 44 106 80 106 222 105 221 274 187 272 205 274 187 273 206 269 201 271 202 272 205 271 185 266 181 74 44 266 181 268 182 76 46 149 132 151 134 146 129 116 97 143 126 151 134 158 141 112 87 157 140 111 85 155 138 279 225 151 134 118 99 116 97 167 155 168 156 165 151 112 87 279 225 157 140 160 146 117 98 155 138 161 147 170 159 116 97 136 117 135 116 137 118 162 148 168 156 150 133 269 48 273 194 13 1 164 150 159 143 156 139 124 105 77 158 123 104 163 149 130 153 162 148 89 57 86 54 84 52 82 50 277 215 263 213 154 137 160 146 155 138 110 86 71 223 111 85 280 226 117 98 118 99 280 226 157 140 279 225 165 151 156 139 280 226 169 157 280 226 149 132 146 129 249 227 148 131 144 127 249 227 146 129 148 131 263 213 262 211 280 226 156 139 157 140 169 157 167 155 280 226 167 155 165 151 280 226 280 226 279 225 155 138 280 226 155 138 117 98 280 226 118 99 151 134 280 226 151 134 149 132 88 0 255 48 135 1 89 57 255 198 88 56 260 228 261 212 277 215 82 50 260 228 277 215 89 57 84 52 255 198 85 53 255 198 84 52 278 0 263 48 249 1 82 50 263 213 278 216 168 156 15 4 16 7 14 179 11 8 265 180 12 10 9 9 267 184 149 132 146 129 132 113 132 113 133 114 135 116 283 231 282 230 281 229 281 229 282 230 284 232 49 21 283 231 48 29 48 29 283 231 281 229 281 229 284 232 285 233 288 226 287 99 286 98 288 226 290 225 289 140 224 151 288 226 223 139 238 157 291 132 288 226 288 226 289 140 223 139 238 157 288 226 237 155 237 155 288 226 224 151 288 226 292 138 290 225 288 226 286 98 292 138 288 226 293 134 287 99 288 226 291 132 293 134 296 0 295 1 294 48 297 57 296 56 294 198 300 228 299 215 298 212 216 50 299 215 300 228 297 57 294 198 301 52 302 53 301 52 294 198 282 230 30 24 303 234 306 237 305 236 304 235 307 238 303 234 19 13 308 239 307 238 20 14 309 240 58 32 59 31 312 243 311 242 310 241 315 246 314 245 313 244 316 247 55 33 52 30 313 244 312 243 315 246 311 242 312 243 313 244 314 245 64 34 313 244 64 34 311 242 313 244 62 29 318 249 317 248 62 29 63 28 318 249 319 229 62 29 317 248 321 251 37 27 320 250 26 20 320 250 64 34 320 250 34 26 311 242 323 252 304 235 322 241 307 238 308 239 324 253 325 254 20 14 21 15 32 26 327 242 326 255 30 24 328 256 303 234 297 57 301 52 329 54 216 50 330 213 299 215 228 137 292 138 230 146 247 86 331 85 202 223 7 10 215 184 6 9 291 132 333 113 332 129 333 113 295 116 334 114 335 141 223 139 289 140 337 143 335 141 336 142 335 141 338 87 247 86 203 144 331 85 228 137 339 147 229 145 230 146 231 149 234 133 209 148 246 118 340 117 234 133 291 132 340 117 333 113 192 165 197 162 186 163 341 164 188 166 194 175 343 115 342 130 333 113 197 128 345 135 344 126 341 160 347 159 346 136 343 125 227 123 190 108 191 161 343 125 190 108 349 0 348 1 330 48 216 50 349 216 330 213 236 156 5 7 4 4 0 179 212 180 3 8 239 185 205 44 213 181 213 181 206 46 214 182 206 46 207 158 215 183 244 105 204 45 243 189 291 132 332 129 293 134 350 97 293 134 344 126 335 141 289 140 338 87 331 85 290 225 292 138 293 134 350 97 287 99 237 155 224 151 236 156 338 87 289 140 290 225 230 146 292 138 286 98 339 147 350 97 347 159 340 117 246 118 295 116 209 148 234 133 236 156 256 48 1 1 257 194 222 150 223 139 337 143 244 105 208 104 207 158 231 149 209 148 210 153 353 244 352 246 351 243 327 242 353 244 351 243 354 245 353 244 56 34 56 34 353 244 327 242 311 242 64 34 320 250 312 243 355 252 315 246 319 229 317 248 285 233 42 14 43 13 356 238 358 256 357 234 316 247 357 234 43 13 44 12 359 230 357 234 36 24 362 237 361 235 360 236 356 238 43 13 357 234 308 239 42 14 356 238 363 240 53 31 54 32 358 256 316 247 52 30 359 230 36 24 37 27 36 24 364 257 40 16 40 16 364 257 39 17 367 260 366 259 365 258 367 260 39 17 366 259 38 18 39 17 367 260 48 29 317 248 368 249 48 29 368 249 47 28 281 229 317 248 48 29 370 251 369 250 33 27 50 20 56 34 369 250 369 250 327 242 32 26 317 248 318 249 371 261 368 249 317 248 371 261 328 256 60 30 372 247 282 230 33 27 30 24 30 24 22 16 373 257 22 16 23 17 373 257 376 260 375 258 374 259 376 260 374 259 23 17 24 18 376 260 23 17 31 25 25 19 22 16 30 24 31 25 22 16 369 250 32 26 33 27 322 241 377 262 326 255 305 236 377 262 322 241 351 243 322 241 327 242 352 246 353 244 354 245 372 247 60 30 61 33 359 230 356 238 357 234 320 250 26 20 321 251 284 232 324 253 359 230 355 252 312 243 310 241 283 231 49 21 370 251 370 251 49 21 50 20 282 230 283 231 33 27 33 27 283 231 370 251 322 241 326 255 327 242 324 253 282 230 307 238 304 235 305 236 322 241 354 245 56 34 57 35 282 230 303 234 307 238 369 250 370 251 50 20 284 232 282 230 324 253 323 252 322 241 351 243 327 242 369 250 56 34 351 243 352 246 323 252 281 229 285 233 317 248 20 14 307 238 19 13 328 256 372 247 303 234 303 234 18 12 19 13 35 25 40 16 41 19 36 24 40 16 35 25 320 250 37 27 34 26 360 236 310 241 378 262 355 252 310 241 361 235 356 238 324 253 308 239 379 254 45 15 42 14 34 26 380 255 311 242 36 24 357 234 358 256 381 231 319 229 359 230 319 229 284 232 359 230 27 21 62 29 381 231 62 29 319 229 381 231 319 229 285 233 284 232 381 231 321 251 27 21 321 251 26 20 27 21 359 230 37 27 381 231 37 27 321 251 381 231 310 241 311 242 380 255 324 253 356 238 359 230 310 241 380 255 378 262 361 235 310 241 360 236 314 245 65 35 64 34 384 3 383 2 382 0 286 98 350 97 230 146 338 87 290 225 331 85 385 79 243 189 204 45 206 46 204 45 207 158 204 45 205 44 386 80 240 186 386 80 205 44 386 222 241 187 385 221 240 205 257 206 241 187 256 201 240 205 239 202 335 141 247 86 336 142 337 143 336 142 387 220 385 221 222 150 337 143 385 79 387 82 243 189 190 108 235 103 187 102 183 106 184 43 187 102 337 143 223 139 335 141 387 82 248 81 243 189 183 106 243 189 248 81 389 64 200 67 388 62 199 65 221 69 390 66 392 191 391 199 220 36 385 221 337 143 387 220 385 221 241 187 222 150 240 205 241 187 386 222 1 6 241 187 257 206 5 7 224 151 222 150 209 148 207 47 208 47 203 88 393 100 189 42 236 156 224 151 5 7 238 157 236 156 234 133 202 41 201 40 247 84 197 128 394 127 196 192 396 131 343 115 395 211 332 129 396 131 348 227 394 127 332 129 348 227 396 131 395 211 330 213 196 192 217 49 218 51 398 193 384 70 397 72 400 170 341 160 399 224 195 168 383 167 398 193 402 174 397 89 401 91 403 219 400 170 399 224 399 171 404 195 403 214 405 172 401 91 404 195 407 73 406 77 297 96 287 99 350 97 286 98 193 101 189 42 393 100 208 104 187 102 235 103 183 106 187 102 244 105 190 108 226 107 235 103 229 110 195 109 393 100 187 102 208 104 244 105 235 103 226 107 210 111 226 107 232 112 210 111 198 177 218 93 408 95 392 191 220 36 221 38 391 2 409 1 220 3 411 0 409 1 410 48 412 61 389 59 410 60 389 64 388 62 410 63 200 67 199 65 390 66 199 65 392 68 221 69 397 72 384 70 413 71 406 58 414 55 297 57 297 57 414 55 296 56 329 54 301 52 302 53 200 67 390 66 388 62 389 59 412 61 197 128 392 191 341 160 391 199 410 48 409 1 412 194 220 3 409 1 411 0 339 147 195 168 229 145 350 97 346 136 347 159 188 166 189 42 193 101 393 100 195 109 193 101 230 146 350 97 339 147 343 115 334 114 415 196 203 88 229 110 393 100 332 129 333 113 342 130 350 97 344 126 345 135 204 45 244 105 207 158 386 80 385 79 204 45 336 83 248 81 387 82 247 84 248 81 336 83 338 87 331 85 247 86 189 42 185 39 203 88 401 91 397 89 413 90 390 66 221 69 219 92 408 95 218 93 216 94 416 75 406 77 407 73 196 192 394 127 217 49 394 2 348 1 217 3 348 1 396 194 330 48 330 213 395 211 298 212 395 210 417 207 298 209 417 207 300 208 298 209 300 208 417 207 408 95 417 207 198 177 408 95 196 176 218 93 198 177 343 115 333 113 334 114 340 117 295 116 333 113 295 116 246 118 418 119 246 118 419 120 418 119 245 122 420 74 419 121 416 75 420 74 227 123 225 124 227 123 420 74 416 75 343 125 415 78 197 128 344 126 394 127 344 126 332 129 394 127 332 129 342 130 396 131 342 130 343 115 396 131 186 163 197 162 191 161 188 166 341 164 192 165 195 168 339 147 383 167 421 169 339 147 347 159 347 159 341 160 400 170 405 172 399 171 341 164 402 174 195 109 398 173 234 133 340 117 291 132 344 126 293 134 332 129 350 97 345 135 346 136 292 138 228 137 331 85 399 171 405 172 404 195 405 172 402 174 401 91 402 174 398 173 397 89 415 196 414 55 406 58 334 2 295 1 414 3 295 1 418 194 294 48 418 119 419 120 294 198 419 121 420 74 302 200 420 74 329 76 302 200 416 75 407 73 420 74 420 74 407 73 329 76 415 78 406 77 416 75 238 157 234 133 291 132 417 207 395 210 343 125 198 177 191 161 197 162 200 67 389 64 197 162 199 65 192 165 341 164 405 172 341 164 194 175 402 174 194 175 195 109 227 123 343 125 416 75 228 137 229 145 203 144 203 144 202 223 331 85 405 172 194 175 402 174 408 95 216 94 300 208 388 62 219 92 410 63 390 66 219 92 388 62 404 195 413 90 403 214 401 91 413 90 404 195 299 215 330 213 298 212 216 50 217 49 349 216 410 60 219 37 411 217 403 219 413 71 382 218 219 37 220 36 411 217 413 71 384 70 382 218 5 7 222 150 241 187 417 207 343 125 191 161 417 207 191 161 198 177 391 199 341 160 346 136 409 197 346 136 345 135 197 128 412 61 345 135 200 67 197 162 192 165 199 65 341 164 392 68 398 193 383 167 384 70 382 0 383 2 421 1 421 1 400 194 382 0 382 0 400 194 403 48 248 81 201 40 183 106 414 3 295 1 296 0 217 3 348 1 349 0 407 73 297 96 329 76 294 198 419 120 302 53 415 196 334 114 414 55 245 122 225 124 420 74 246 118 245 190 419 120 421 169 347 159 400 170 339 147 421 169 383 167 346 136 409 197 391 199 409 197 345 135 412 61</p>
                </polylist>
            </mesh>
        </geometry>
        <geometry id="mesh2">
            <mesh>
                <source id="points2">
                    <float_array id="pointarray2" count="1272">-53.40597722783155 146.93493981574164 -12.627560190796494 -55.46919180430786 145.7473409072486 3.466090917838299 -55.50025304693343 141.68483941355552 3.5910894196208383 -53.3432839764511 143.0599428167009 -12.783807194469295 -44.437296159839335 159.81036977442082 -24.06463023046505 -49.06281897697677 158.99764803349711 -12.346101958857268 -49.78120494338427 151.12261358620145 -12.06488641487853 -44.93692763252806 152.06034581400104 -24.00215419971815 -48.1866984197633 147.9976900206426 -24.721059998570613 -48.46780160788156 144.1539265405994 -23.939823482132773 -21.72033940641959 122.37395874511401 50.78020878321078 -21.93938602453499 123.65519824585002 55.68644829105647 -11.470523693055673 118.65570010022347 58.34320014273744 -11.157721082860398 117.21821509381667 53.46821512907733 -41.18960170292919 142.96677544422118 40.87302549459729 -42.84589514326392 141.43544604246617 43.3104460938835 -49.59542922679131 143.62262248336728 31.403872523616975 -46.626686723982964 144.93526480153002 30.24776484195942 -51.157318009078665 145.99754761170544 16.27879763730475 -54.31352605575807 144.7786463068592 16.622396331452915 -52.21926072317281 146.90374670495186 3.747496717193469 -28.43630596980761 150.74863682527766 -35.65761320334227 -29.654913649993045 149.43607840571266 -37.31392162631855 -16.092311812140533 149.87422857514036 -39.87577145933183 -15.279990084793372 150.93676751773475 -37.219482512464396 -28.564228711558403 127.77988066647877 48.27988070791458 -29.84579030797039 129.49856923248916 53.06106928139368 -19.03330681163054 128.93658756459752 53.9678376138976 -20.25212422215195 127.53027913487067 56.78027918578654 -27.439777009165276 133.4049345773156 54.09243463189365 -26.22097008516067 134.87374300661156 51.43624305982517 -33.43978298767241 139.49839695385526 48.12339700857661 -34.68982043664542 137.93583702731138 50.467087082930334 -50.81231562014817 148.24756415314042 -12.096185851279017 -45.65554729845309 149.37281136146285 -24.033438655380333 -38.99884189930585 148.8106304723738 -32.97061955538493 -37.9989887128392 150.12317840520654 -31.220571619033194 0.0014830930894815762 150.031250085496 -40.968749950052526 0.0013198030421178596 151.15625007896082 -38.68749995267378 -46.43654262410647 142.09152391345924 -22.06472610948827 -38.5612834754316 142.56065144102666 -27.939348588132436 -39.061192091779155 144.8731274788833 -32.158122552466196 -36.78330527276594 133.90448666444408 48.96698671370727 -36.126757157582134 132.6857681368853 43.96701817900293 -40.56412082266609 134.6230554191631 39.1855554580129 -43.50189945764767 136.62291458916368 42.997914634692144 -46.595002282644096 137.02901631134566 29.091516341361835 -50.1889275490234 139.40384402718198 30.372594061399152 -17.62714070699734 142.09290498901524 42.56165504032623 -27.34587420585085 144.90493909207623 39.404939142991715 50.061260977895266 149.002399868096 16.846149897794355 49.90464994246129 156.28364236878588 17.096142407137943 51.811449731175536 157.62748377918962 4.283733804363701 51.84307724570891 149.8774852864558 4.158735302581162 -38.56195011828625 160.2794014294285 -31.75184858375171 -37.46785556381882 152.90445387005582 -31.564296151383097 -15.935904514747401 145.93673606852573 -39.219513969716736 0.0016433869893519083 145.93750008847633 -40.21874995091431 0.0009123269602389348 160.93750007066615 -39.968749951201566 -15.842869096179838 160.71799054547566 -39.09450947563888 -29.686741906419613 160.34232689244993 -36.15767312572097 -28.873498863667066 145.31111586071825 -36.62638417526277 -51.81355003068524 157.62251616637445 4.278766191542832 -49.907849828160934 156.2788575209778 17.091357559324354 -50.063738792008806 148.99760003954964 16.841350069242466 -51.875672515936415 149.87251317941914 4.153763195538802 -45.68931106626533 147.6853097409441 30.091559784353866 -46.752115172811166 154.4352587996115 29.68525885031044 -38.78387903044708 152.34189078139931 42.49814084441501 -38.15854196527163 145.93567075167323 41.87317080660977 -54.87578486457877 140.34111934799364 16.02861936680622 -28.752925672117733 151.09237164744252 49.93612171756849 -28.377449285501473 140.3111396347776 50.779889693484954 15.434614674329156 147.00073992107107 53.18823999022998 16.184340525094708 152.0320258674819 53.875775943211934 17.903291263037865 152.4071082715966 49.3133583425151 16.65361335178392 146.37579835715357 48.62579842035186 -6.4729595725938065 166.4059397301313 61.40593983103132 -6.94164665241594 169.24966726530772 57.24966736469958 -1.2543459093056526 172.1561899085325 58.49994001270037 -1.0044073309069828 169.28120188687518 62.6562019925153 3.464257268615138 170.78141610906275 62.93766621674985 4.933031234420906 173.9064865232725 59.312736630385146 11.55880572336624 158.59430413445787 58.469304223006645 13.59028941821566 155.4694015168691 56.719401599816436 5.309303098240826 149.53150453312162 57.15650460974873 4.246618837601476 152.5627035932612 57.968953674304906 -10.347598527895752 160.74950397978478 59.53075407203084 -5.910410137450064 164.99971669621428 61.78096679592937 -1.6597539908794865 154.43742045357325 58.65617053756104 -4.315881142721157 152.5622931210322 57.96854320207544 7.058224481061737 166.75033839333415 62.43783849581484 6.870934211828788 163.56282941128273 61.25032950873635 -1.2856048976765637 167.71868840492888 63.124938509312216 3.339309701486481 169.2189101174856 63.40641022391591 4.247484724275207 136.5314536163498 55.937703676638904 0.02881562995709634 134.71875137817835 56.062501436528194 -1.6904317266046573 144.56241897158603 56.59366904185711 1.622068265782931 144.56257776741185 56.59382783768311 8.934872357965615 139.7191783257005 55.094178388682934 4.309472382881697 146.46895659935527 56.68770667192478 14.122017302546514 147.59442699798456 54.625677069477355 12.24720756223186 143.59433711807918 54.65683718501164 -12.596644249695494 145.56189614676433 54.81189621613711 -14.378138431636337 150.46806075048772 54.999310825713344 -5.3781968771983735 149.5309921918723 57.15599226849881 -4.378026099079848 146.46854013490278 56.6560402074359 -13.59722250389576 155.87434819253065 56.56184827576372 21.340215994787666 159.56352304036352 54.157273125070745 23.12207121252139 150.68860844938735 50.40735851958797 11.840747832829205 148.4693176386669 54.15681771062637 12.277735490573976 157.28183859726562 56.03183868150553 -11.846752112734867 148.46818209870492 54.1556821706631 -23.127927183118278 150.68639130019304 50.373891370355224 -21.378530910893286 159.56147517358366 54.09272525821671 -12.316014452907458 157.28065961316264 56.030659697401184 -8.84579485045169 129.3433259377069 53.312075986720295 -0.00199094011747289 127.59374989317487 53.93749994089608 -0.001965472862266915 125.3749998918463 55.624999938957075 -9.752022377261511 127.31203249230911 54.87453254078384 -16.345953629042135 134.3742163981568 51.59296645097597 -18.002194636792872 132.81163699887938 52.96788705148303 8.841703610827075 129.34417384742198 53.34417389647227 16.34154629583916 134.37578338338136 51.59453343620233 17.966555280547826 132.81336128185595 52.96961133446157 9.716727577997617 127.31296579230424 54.875465840780045 -8.84828464915694 172.06207586743574 62.53082597612755 -16.347884646208815 167.06171634314634 59.18671644225043 -18.00432190163126 168.81163693826736 61.3428870418598 -9.75476085622252 174.31203241503596 64.99953252914977 -0.004676986494442819 173.84374981755346 63.71874992965701 -0.004918176380956844 176.24999980875612 66.34374992664077 8.839213812121827 172.06292377715081 62.56292388587953 9.713987600962781 174.31296571495926 65.03171582911008 -51.4381155901357 138.12253414168046 14.716284156435654 -52.87515268201928 139.43496525398336 3.747465257643035 -51.34324503112763 141.12253869306684 -11.658711319036838 -27.842325267802106 143.279915291158 -33.00133474299165 -16.310983911798413 143.8742180854637 -35.500781950875705 -0.0017347694921992082 116.5624998927799 59.6249999343609 -0.0014366528002572022 115.12499990541937 54.84374993985477 -9.658152531570508 124.18703698868505 55.49953703428718 -10.28322893189936 122.4995070216069 58.78075706904028 -0.0018576115464528046 122.37499989356986 56.37499993809529 -0.0019519901975646545 120.90624988735784 59.81249993414546 9.591227221625553 138.5942097889853 54.03170984945423 13.403560926668915 142.62564255065297 53.46939261510785 13.93506260185127 142.00066802925485 48.84441808767728 10.060224402730045 138.12548227140363 49.34423232594782 4.903838089861306 135.5314850797064 54.78148513751792 5.3415837729637845 135.094006064015 50.09400611593768 -1.0645508606291576 132.37494896128598 50.406199010443416 -0.12732051607279266 133.40624389175903 54.999993947379906 -6.908446160361041 131.78091881383173 54.03091886647189 -8.220680998277118 130.9058559064368 49.374605952721254 -13.720865248718571 131.46809223725606 52.65559228795685 -16.126872555228566 130.99922689666673 48.06172694155034 8.214685706814517 164.40664382949868 60.37539392691646 8.62074095628305 167.4379132986055 61.40666340069129 10.214567354385588 170.00048970697776 57.25048980723235 9.714796560830585 166.37546574461894 56.09421583937965 9.214859481080655 162.1566917736064 59.00044186685896 10.839967338661802 164.15676968091427 54.75051977158156 12.808810214715061 159.5631140587396 57.40686414718071 14.433937547255999 161.18819196655014 53.125692051939225 15.090319376245064 156.09447342656733 55.46947350879659 17.059243148284747 157.2820678149136 50.657067892977665 -12.128823056547235 161.37441859151556 58.3744186831511 -13.534974180442994 163.5618511854466 54.12435127471217 -52.6875 170.125 34.34375 -54.15625 167.34375 34.6875 -59.375 167.09375 19.375 -58.09375 169.1875 18.40625 -53.375 161.53125 17.6875 -57.34375 163.59375 18.34375 -52.75 163.8125 32.6875 -49.03125 161.75 31.34375 -47.125 171.1875 44.5625 -47.90625 168.375 46.53125 -60.1875 169.21875 4.59375 -61.46875 166.75 4.4375 -59.46875 167.90625 -12.09375 -58.3125 170.15625 -11.25 -53.375 162.5625 -12.25 -57.34375 164.75 -12.71875 -59.8125 163.59375 4.3125 -55.65625 161.5625 4.5 -53.46875 168.9375 -25.5625 -52.9375 171.15625 -23.8125 -47.5 163.65625 -24.46875 -51.40625 165.78125 -25.6875 -43.5625 170.40625 -34.6875 -43.1875 172.46875 -33.71875 -40.1875 164.4375 -32.5625 -42.71875 166.96875 -33.90625 0 165.71875 -43.21875 0 167.78125 -47.28125 -18.59375 167.75 -45.53125 -17.90625 165.59375 -42 -33.71875 171.34375 -42.4375 -33.34375 173.3125 -41.15625 -31.875 165.15625 -38.03125 -32.90625 167.40625 -40.90625 -20.8125 174.03125 62.90625 -29.5625 170.0625 58.6875 -31.21875 172.625 62.1875 -22.1875 176.15625 66.4375 -32.15625 177.90625 59.25 -32.53125 175.8125 62.65625 -39.65625 172.03125 56.46875 -38.8125 174.46875 53.71875 -35.6875 166.8125 53.1875 -38 168.53125 55.9375 18.59375 167.75 -45.53125 19.875 171.5 -47.125 0 172.15625 -48.59375 32.90625 167.40625 -40.90625 42.6875 166.96875 -33.90625 43.53125 170.40625 -34.6875 33.6875 171.34375 -42.4375 33.34375 173.3125 -41.15625 19.78125 173.71875 -46.09375 17.875 165.59375 -42 31.875 165.15625 -38.03125 23.8125 179.75 67.15625 12.09375 183.40625 70.15625 10.8125 186.28125 66.96875 23.375 182.4375 63.875 -19.875 171.5 -47.125 0 174 -47.46875 -19.8125 173.71875 -46.09375 -10.84375 186.28125 66.96875 -12.125 183.40625 70.15625 -23.84375 179.75 67.15625 -23.375 182.4375 63.875 -10.8125 177.375 66 -11.8125 179.84375 69.34375 0 180.9375 71.34375 0 179 67.46875 0 187.71875 67.84375 0 185.03125 71.5 -43.28125 163.28125 44.1875 -46.3125 165.3125 46.1875 51.40625 165.78125 -25.6875 40.15625 164.4375 -32.5625 47.46875 163.65625 -24.46875 43.15625 172.46875 -33.71875 31.1875 172.625 62.1875 29.53125 170.0625 58.6875 20.78125 174.03125 62.90625 22.15625 176.15625 66.4375 39.625 172.03125 56.46875 32.5 175.8125 62.65625 32.15625 177.90625 59.25 38.8125 174.46875 53.71875 37.96875 168.53125 55.9375 35.6875 166.8125 53.1875 -41.532689553507225 146.2792590009576 23.748009035462523 -44.6571787031502 146.49785921831509 12.872859240575352 -34.595601539752984 145.46709155266475 33.154591597044636 -0.001978955527354759 136.84374990437806 44.43749995181199 -8.31460627270009 139.7808514140107 44.15585146449634 0.001543016042940004 144.2187500816898 -36.40624995529503 11.8125 179.84375 69.34375 10.8125 177.375 66 47.875 168.375 46.53125 47.125 171.1875 44.5625 46.3125 165.3125 46.1875 43.28125 163.28125 44.1875 61.4375 166.75 4.4375 59.375 167.09375 19.375 58.09375 169.1875 18.40625 60.15625 169.21875 4.59375 57.34375 163.59375 18.34375 59.78125 163.59375 4.3125 55.65625 161.5625 4.5 53.34375 161.53125 17.6875 52.75 163.8125 32.6875 49.03125 161.75 31.34375 54.15625 167.34375 34.6875 52.65625 170.125 34.34375 59.46875 167.90625 -12.09375 58.28125 170.15625 -11.25 57.34375 164.75 -12.71875 53.34375 162.5625 -12.25 53.4375 168.9375 -25.5625 52.9375 171.15625 -23.8125 16.282766013298325 143.87578057646675 -35.49921945987083 27.81392460429501 143.2825833606465 -32.998666673500104 28.845251003690247 145.3138828030794 -36.62361723289843 15.907845412072904 145.93826260575693 -39.21798743248379 17.591609212066917 142.09459331821992 42.563343369532845 8.279143689166034 139.78164689121363 44.15664694170016 11.12352886593536 117.21928322045636 53.469283255718246 21.717160493757273 122.37604106773557 50.78229110583473 34.560648301319965 145.47040679004712 33.15790683443082 27.310375668544353 144.9075592232022 39.40755927412069 36.1232426763811 132.68923168357668 43.9704817256983 40.56087899090163 134.62694441882178 39.189444457676046 41.49856025567978 146.28323938311982 23.751989417629307 46.56124750327478 137.03348206942826 29.095982099449596 44.655321091601934 146.50214071331683 12.877140735582 51.405634173520454 138.1274643026499 14.72121431741077 45.656952491702874 149.3771887331896 -24.029061283648556 44.90682216100322 152.06465277625784 -23.997847237456387 37.43839426404013 152.9080447530226 -31.560705268412157 38.00101111250622 150.12682172075733 -31.2169283034782 50.7814341463806 148.25243439115673 -12.09131561325711 49.750044827884295 151.12738495134508 -12.060115049729413 52.218239036820776 146.90875326768656 3.752503279933923 51.155181755798345 146.0024523054198 16.28370233102475 45.654438723818814 147.68968861074467 30.095938654159475 46.62331306172047 144.93973505383414 30.252235094268674 38.12270785942744 145.9393275498885 41.87682760482924 41.185398107765934 142.970724366833 40.87697441721364 34.68517940392482 137.93916275121055 50.47041280683332 27.435222864727216 133.40756519495838 54.095065249539445 26.216529794333415 134.8762567744957 51.43875682771221 33.43521685864305 139.50160283184817 48.12660288657319 36.779194558181054 133.90801313023624 48.97051317950351 29.84170955486256 129.5014305535015 53.06393060240932 28.560771157163398 127.7826191454372 48.28261918687614 11.43572625430378 118.65679818833972 58.34429823085495 28.341300584153927 140.31385863877622 50.78260869748673 28.715824195814104 151.09512660521307 49.938876675342186 38.77862079130758 152.34560900064153 42.50185906366152 49.592070545267234 143.6273773696988 31.408627409953958 54.311473694612275 144.7838536114869 16.62760363608661 54.84296488327804 140.34637908520537 16.03387910402397 50.15482222037797 139.40865434224514 30.377404376467855 49.03093079759529 159.00235048724466 -12.34139950510434 55.49974669797895 141.6901605717942 3.5964105778656297 55.437057940819976 145.75265757126581 3.4714075818615995 53.37527252677589 146.94005873401346 -12.622441272518776 53.34421577837179 143.06505724075126 -12.778692770413068 44.437703635918226 159.81463029638897 -24.060369708492026 48.157051358830415 148.00230858225575 -24.716441436952174 48.43844816941948 144.15857206754146 -23.93517795518539 38.56304970447382 160.28309867563715 -31.74815133753883 39.0011579214434 148.81436966464963 -32.966880363104806 39.03255772875465 144.8768711653806 -32.15437886596458 16.063938113961623 149.87577009310985 -39.87422994136058 15.282509844971356 150.93823263393898 -37.218017396258475 15.844630830999543 160.71950959233772 -39.092990428775074 38.56371634732846 142.56434868723528 -27.935651341919556 46.43845716245873 142.09597618887742 -22.06027383406498 43.498100342418795 136.62708522670212 43.002085272235355 52.87484707495806 139.44003473581887 3.7525347394843567 51.3442547328876 141.12746136366715 -11.653788648430874 29.688257957131494 160.345173232724 -36.154826785443625 11.526740771274655 171.62555261229002 62.43805272037255 13.84375 174.34375 58.21875 -18.00432339970509 168.81163693819553 61.37413704182389 -23.503658242285326 160.53012329957215 55.78012338725724 -9.754762354296346 174.31203241496414 65.03078252911388 17.964426517635605 168.8133612211721 61.37586132480243 20.21662568484736 127.53221914047853 56.78221919139662 10.24802102091805 122.5004912561122 58.7817413035467 9.623097424119509 124.18796130023722 55.5004613458404 18.997943100970353 128.93841072044674 53.96966076974893 21.904363874708277 123.65730004343133 55.68855008864021 42.810354659890606 141.43955226282998 43.31455231425201 29.62633621377351 149.43892025176524 -37.31107978026271 28.43869389948871 150.75136331964544 -35.654886708971354 23.496341649704604 160.53237640261017 55.78237649029783 -9.783609443801545 135.43703098741284 53.780781043966776 -8.221188845305232 135.71835588762121 55.15585594607835 -10.34600757348838 132.59325402369979 54.49950407781196 -13.65903488786424 144.4680952162399 53.62434528299137 -9.8777549350772 142.46827648231135 54.99952654834489 -10.815156060050024 141.74948154401042 53.65573160767401 -15.940530566729882 149.65548585103338 53.56173592367359 -15.347165573068644 156.1867643034843 55.061764385352795 14.528032104021618 151.81319646651684 55.31319654364718 -5.564830990093733 133.1559832261229 55.46848328199484 8.43362446361439 160.87540432100664 59.969154413900064 16.33961378059865 167.0632833282991 59.21953342744088 25.4345052919586 150.8137193038344 51.6574693756151 21.341293109871305 141.84477307163905 49.4072731305287 23.49752512803016 141.06362643697375 50.5636264962944 -21.37745379580965 141.8427252048592 49.342725263674666 -23.502471767812114 141.06137333407938 50.49887339332563 -25.44049309305241 150.8112804397135 51.623780511455486 -23.50365524613767 160.5301232997158 55.717623387329056 -10.22106899480295 138.78076002016036 49.59326007574477 -9.221290712027654 138.93705794807377 54.06205800897255 -11.252152706237917 135.65571058810477 49.24946063970336 -11.439940335982417 141.59320159269572 49.311951651188565 -15.440094628394586 144.96800983572672 49.15550989791784 -17.72162775910598 150.8741504695507 49.15540053852824 -16.722062202814726 158.28044839559692 50.8116984749877 -2.5345322739417706 149.37487851231768 59.09362859099108 -2.0657028771060113 147.93740098557956 58.87490106234989 -3.53435100471031 146.99983057991582 57.68733065424436 -4.378237327489825 149.46854012822396 58.062290205820055 1.996797113558012 147.93759573517724 58.875095811947816 2.465467714567797 149.37511820413022 59.09386828280391 4.278012652617364 149.46895509467444 58.062705172271016 3.465648979203084 147.0001661484534 57.687666222782326 1.996630827362895 150.81259573050926 59.468845811265574 0.7465724053561437 151.71878580579664 59.78128588795329 1.309013979184062 153.5000627703715 59.21881285392857 3.4653628471015754 151.968916140446 58.68766622163328 -0.8159275910530961 151.71871090210522 59.781210984261776 -1.3784860146398301 153.49993393602225 59.21868401957917 -2.065869163301128 150.81240098091155 59.46865106166765 -3.5346371368118183 151.96858057190843 58.687330653095316 -0.8156579377637158 147.03121090964584 58.84371098533901 -1.3780246079002232 145.46868394891308 57.62493402141046 0.746842058645524 147.03128581333723 58.84378588903052 1.3094753859236687 145.46881278326234 57.62506285575986 46.716634612389555 154.43973953843238 29.6897395891365 -8.096365618304452 139.40586187567945 55.15586193837367 1.590246001651732 154.4375762532514 58.65632633723938 -0.0026935367438159284 142.06249987611878 54.12499994068064 -0.003083035939558863 148.31249986462834 55.99999993852618 12.997373846703338 142.094373078099 52.68812314104574 28.996509421333972 159.56389007053414 53.25139015420045 -29.034740445305193 159.5611081474347 53.24860823109781 8.870535719593901 169.81292527608645 63.312925383091574 -25.44049459112624 150.81128043964168 51.655030511419575 -23.50247476395977 141.06137333393573 50.56137339325381 -0.003602867558527263 157.28124985001395 57.87499993637173 -13.00262609354641 142.09312668067372 52.68687674361903</float_array>
                    <technique_common>
                        <accessor count="424" source="#pointarray2" stride="3">
                            <param name="X" type="float"/>
                            <param name="Y" type="float"/>
                            <param name="Z" type="float"/>
                        </accessor>
                    </technique_common>
                </source>
                <source id="uvs2">
                    <float_array id="uvarray2" count="580">0.373865008354187 0.1786940097808838 0.3411239981651306 0.17380297183990479 0.3408389985561371 0.16496902704238892 0.37414801120758057 0.17066502571105957 0.4030190110206604 0.24041497707366943 0.3770959973335266 0.23703497648239136 0.3759259879589081 0.20423001050949097 0.40233299136161804 0.20810002088546753 0.3995020091533661 0.18310999870300293 0.3979659974575043 0.17524302005767822 0.1189500018954277 0.07124900817871094 0.10988199710845947 0.07680398225784302 0.06496399641036987 0.054890990257263184 0.06897900253534317 0.04867297410964966 0.20962800085544586 0.1600329875946045 0.2057819962501526 0.14915597438812256 0.2580049932003021 0.15865302085876465 0.2579460144042969 0.1686689853668213 0.31677699089050293 0.17854398488998413 0.31659600138664246 0.16755998134613037 0.3415510058403015 0.18428701162338257 0.44415798783302307 0.19997799396514893 0.4438210129737854 0.18914401531219482 0.4720669984817505 0.1909559965133667 0.47198501229286194 0.20163100957870483 0.1504790037870407 0.09479701519012451 0.14282600581645966 0.10235798358917236 0.101842001080513 0.09864199161529541 0.10167700052261353 0.0870630145072937 0.13260699808597565 0.1078140139579773 0.13433000445365906 0.11844301223754883 0.1666959971189499 0.142877995967865 0.16413600742816925 0.13184702396392822 0.37505000829696655 0.18986499309539795 0.40145498514175415 0.19449901580810547 0.42351698875427246 0.18650799989700317 0.4227220118045807 0.19707101583480835 0.5074139833450317 0.19157999753952026 0.5074139833450317 0.20245099067687988 0.39732399582862854 0.16658002138137817 0.4172239899635315 0.16864699125289917 0.42239901423454285 0.17817097902297974 0.17405599355697632 0.12575101852416992 0.18674999475479126 0.12206602096557617 0.213795006275177 0.13077402114868164 0.20819100737571716 0.13962799310684204 0.2651500105857849 0.13942700624465942 0.26246199011802673 0.15174800157546997 0.12106200307607651 0.054479002952575684 0.17376500368118286 0.0887029767036438 0.31403499841690063 0.19377899169921875 0.31294500827789307 0.22563999891281128 0.3404960036277771 0.231253981590271 0.34074199199676514 0.19902902841567993 0.42256200313568115 0.24240601062774658 0.4240109920501709 0.2116990089416504 0.4719710052013397 0.18259602785110474 0.5074139833450317 0.1826549768447876 0.5074139833450317 0.2451450228691101 0.4720439910888672 0.24412602186203003 0.4425010085105896 0.24262797832489014 0.4444429874420166 0.1800990104675293 0.2570919990539551 0.18796801567077637 0.26016199588775635 0.21760600805282593 0.19852200150489807 0.2084439992904663 0.19886299967765808 0.18039298057556152 0.3179349899291992 0.15967398881912231 0.1467670053243637 0.20293498039245605 0.14338000118732452 0.15579497814178467 0.4695050120353699 0.02432197332382202 0.48861199617385864 0.037913978099823 0.495074987411499 0.03415501117706299 0.47099900245666504 0.018907010555267334 0.46800899505615234 0.14619898796081543 0.47609400749206543 0.15624600648880005 0.5031650066375732 0.14931899309158325 0.4943239986896515 0.1397939920425415 0.5129830241203308 0.13177597522735596 0.528033971786499 0.13740301132202148 0.49666500091552734 0.07121002674102783 0.492233008146286 0.055796027183532715 0.4471530020236969 0.060666024684906006 0.4541270136833191 0.07305300235748291 0.43716099858283997 0.13946902751922607 0.4649069905281067 0.14017897844314575 0.44236600399017334 0.0954359769821167 0.42804399132728577 0.0971289873123169 0.5104479789733887 0.10919302701950073 0.4990380108356476 0.09978199005126953 0.48819500207901 0.13567101955413818 0.5073000192642212 0.12726497650146484 0.4000830054283142 0.02319800853729248 0.3811039924621582 0.02938598394393921 0.40904200077056885 0.06485897302627563 0.4191589951515198 0.0554959774017334 0.4251770079135895 0.0199049711227417 0.43377599120140076 0.05387598276138306 0.467397004365921 0.029890000820159912 0.44826799631118774 0.022764980792999268 0.3792330026626587 0.09862399101257324 0.3903709948062897 0.11884498596191406 0.41462600231170654 0.0906909704208374 0.40724700689315796 0.07834702730178833 0.41089800000190735 0.13351202011108398 0.11063700169324875 0.2399269938468933 0.12527500092983246 0.2012159824371338 0.07129800319671631 0.19137901067733765 0.07100699841976166 0.22996199131011963 0.07122799754142761 0.19137901067733765 0.12524600327014923 0.2012159824371338 0.11067599803209305 0.2399269938468933 0.07093799859285355 0.22996199131011963 0.05851199850440025 0.10775798559188843 0.016172999516129494 0.10005801916122437 0.016172999516129494 0.09034299850463867 0.061014000326395035 0.09881597757339478 0.09487199783325195 0.12968599796295166 0.0993570014834404 0.1229429841041565 0.05857999995350838 0.10775798559188843 0.09492900222539902 0.12968599796295166 0.09942000359296799 0.1229429841041565 0.061083000153303146 0.09881502389907837 0.051040999591350555 0.29467397928237915 0.08328700065612793 0.2727460265159607 0.08657799661159515 0.28034698963165283 0.052730999886989594 0.30447399616241455 0.016172999516129494 0.302374005317688 0.016172999516129494 0.31294697523117065 0.051082998514175415 0.29467302560806274 0.05276999995112419 0.30447399616241455 0.32296499609947205 0.1461780071258545 0.3413180112838745 0.15558898448944092 0.37377798557281494 0.16255402565002441 0.44227200746536255 0.1716189980506897 0.46848800778388977 0.17399102449417114 0.016172999516129494 0.043766021728515625 0.016172999516129494 0.036885976791381836 0.06006300076842308 0.07606697082519531 0.05969100072979927 0.06500798463821411 0.016172999516129494 0.06673097610473633 0.016172999516129494 0.05670899152755737 0.42336100339889526 0.014595985412597656 0.44853800535202026 0.01648998260498047 0.4480069875717163 0.013001024723052979 0.4232589900493622 0.011870980262756348 0.39878299832344055 0.01826000213623047 0.3985550105571747 0.01562798023223877 0.3699280023574829 0.02528202533721924 0.3762199878692627 0.025793015956878662 0.35022199153900146 0.03979897499084473 0.3431850075721741 0.04073500633239746 0.32839998602867126 0.05794799327850342 0.31941500306129456 0.06321799755096436 0.5059909820556641 0.09857302904129028 0.5174300074577332 0.10683000087738037 0.5309299826622009 0.11034899950027466 0.5172200202941895 0.10051101446151733 0.5015349984169006 0.08881700038909912 0.5131270289421082 0.09050297737121582 0.5036630034446716 0.07065898180007935 0.5140799880027771 0.07121598720550537 0.49897700548171997 0.05349099636077881 0.5088970065116882 0.051706016063690186 0.4338440001010895 0.14641201496124268 0.4370209872722626 0.15716201066970825 0.2523939907550812 0.28892600536346436 0.2533400058746338 0.2785450220108032 0.30887600779533386 0.27742499113082886 0.31160300970077515 0.28477799892425537 0.31218698620796204 0.25313901901245117 0.311504989862442 0.262224018573761 0.25797298550605774 0.2631310224533081 0.2574619948863983 0.25416702032089233 0.21123600006103516 0.29357099533081055 0.20722399652004242 0.28313297033309937 0.33765798807144165 0.282397985458374 0.3377160131931305 0.27389198541641235 0.368367999792099 0.27869099378585815 0.36772599816322327 0.2862060070037842 0.3731899857521057 0.25193101167678833 0.37091100215911865 0.2655159831047058 0.3382929861545563 0.26078200340270996 0.33889898657798767 0.25228697061538696 0.39499199390411377 0.28302502632141113 0.3928990066051483 0.2904450297355652 0.3999289870262146 0.2564290165901184 0.3973290026187897 0.2698500156402588 0.4193139970302582 0.2890620231628418 0.4185740053653717 0.2959060072898865 0.4212679862976074 0.2643120288848877 0.4194529950618744 0.27477097511291504 0.5074139833450317 0.2696319818496704 0.5074139833450317 0.27814698219299316 0.4706679880619049 0.2780200242996216 0.46977299451828003 0.26912301778793335 0.442330002784729 0.2930070161819458 0.4416170120239258 0.29944902658462524 0.44075900316238403 0.2672179937362671 0.4420759975910187 0.2766600251197815 0.09440799802541733 0.3077769875526428 0.12997399270534515 0.29044002294540405 0.1283939927816391 0.3017129898071289 0.09421099722385406 0.31717902421951294 0.13672299683094025 0.3229209780693054 0.13134899735450745 0.3155750036239624 0.16310900449752808 0.2990710139274597 0.167385995388031 0.30799102783203125 0.16012999415397644 0.27632302045822144 0.1600240021944046 0.2838199734687805 0.4693180024623871 0.2936840057373047 0.5074139833450317 0.29641300439834595 0.46880999207496643 0.30107802152633667 0.09842400252819061 0.33288997411727905 0.05759400129318237 0.34881800413131714 0.055385999381542206 0.35961002111434937 0.10156500339508057 0.34281402826309204 0.5074139833450317 0.30225199460983276 0.056008998304605484 0.32240498065948486 0.05717099830508232 0.33330202102661133 0.016172999516129494 0.3380320072174072 0.016172999516129494 0.3295770287513733 0.016172999516129494 0.36589497327804565 0.016172999516129494 0.355987012386322 0.20406000316143036 0.26086997985839844 0.20492899417877197 0.269648015499115 0.2709310054779053 0.1257290244102478 0.32564499974250793 0.13314402103424072 0.21925300359725952 0.11561399698257446 0.016172999516129494 0.02120298147201538 0.06684000045061111 0.03400301933288574 0.5074139833450317 0.17543697357177734 0.5403109788894653 0.11177599430084229 0.5566089749336243 0.11374902725219727 0.0866210013628006 0.28034698963165283 0.11544100195169449 0.244238018989563 0.3536849915981293 0.059256017208099365 0.35943499207496643 0.055755019187927246 0.34241199493408203 0.05193901062011719 0.3722989857196808 0.09814602136611938 0.3771609961986542 0.08132600784301758 0.37177199125289917 0.08174097537994385 0.38279399275779724 0.12072402238845825 0.4066289961338043 0.13925600051879883 0.48282501101493835 0.04178202152252197 0.3589189946651459 0.04032397270202637 0.49478399753570557 0.08697998523712158 0.08333200216293335 0.2727450132369995 0.13105499744415283 0.20164501667022705 0.12059500068426132 0.16250401735305786 0.12638799846172333 0.1590520143508911 0.12062299996614456 0.16250401735305786 0.12642699480056763 0.1590520143508911 0.13102999329566956 0.20164501667022705 0.11548899859189987 0.244238018989563 0.3636089861392975 0.07087302207946777 0.3671939969062805 0.06854301691055298 0.35000500082969666 0.06398701667785645 0.36939701437950134 0.08302897214889526 0.3686020076274872 0.10482698678970337 0.38150501251220703 0.12946701049804688 0.4095059931278229 0.14973598718643188 0.422668993473053 0.08224201202392578 0.419279009103775 0.07640999555587769 0.4116609990596771 0.07762902975082397 0.417493999004364 0.08766597509384155 0.4316819906234741 0.0649610161781311 0.43799901008605957 0.06809097528457642 0.4438750147819519 0.06331402063369751 0.4330030083656311 0.05792897939682007 0.4413900077342987 0.07392197847366333 0.44055598974227905 0.08022797107696533 0.4482719898223877 0.08419901132583618 0.44970598816871643 0.07334798574447632 0.43581798672676086 0.08460098505020142 0.44012001156806946 0.0917239785194397 0.4289869964122772 0.08537101745605469 0.42836499214172363 0.09304898977279663 0.42010998725891113 0.07010102272033691 0.4130910038948059 0.06677401065826416 0.4248479902744293 0.06572800874710083 0.42124199867248535 0.05924898386001587 0.3722589910030365 0.066802978515625 0.4522930085659027 0.08627200126647949 0.016172999516129494 0.16341102123260498 0.016172999516129494 0.19072699546813965 0.07840199768543243 0.16357898712158203 0.13973300158977509 0.23990702629089355 0.5262730121612549 0.11358398199081421 0.016172999516129494 0.22997301816940308 0.07833199948072433 0.16357898712158203</float_array>
                    <technique_common>
                        <accessor count="290" source="#uvarray2" stride="2">
                            <param name="S" type="float"/>
                            <param name="T" type="float"/>
                        </accessor>
                    </technique_common>
                </source>
                <vertices id="vertices2">
                    <input semantic="POSITION" source="#points2"/>
                </vertices>
                <polylist count="756" material="Material1">
                    <input offset="0" semantic="VERTEX" source="#vertices2"/>
                    <input offset="1" semantic="TEXCOORD" source="#uvs2" set="0"/>
                    <vcount>3 3 3 3 3 3 3 3 3 3 3 3 3 3 3 3 3 3 3 3 3 3 3 3 3 3 3 3 3 3 3 3 3 3 3 3 3 3 3 3 3 3 3 3 3 3 3 3 3 3 3 3 3 3 3 3 3 3 3 3 3 3 3 3 3 3 3 3 3 3 3 3 3 3 3 3 3 3 3 3 3 3 3 3 3 3 3 3 3 3 3 3 3 3 3 3 3 3 3 3 3 3 3 3 3 3 3 3 3 3 3 3 3 3 3 3 3 3 3 3 3 3 3 3 3 3 3 3 3 3 3 3 3 3 3 3 3 3 3 3 3 3 3 3 3 3 3 3 3 3 3 3 3 3 3 3 3 3 3 3 3 3 3 3 3 3 3 3 3 3 3 3 3 3 3 3 3 3 3 3 3 3 3 3 3 3 3 3 3 3 3 3 3 3 3 3 3 3 3 3 3 3 3 3 3 3 3 3 3 3 3 3 3 3 3 3 3 3 3 3 3 3 3 3 3 3 3 3 3 3 3 3 3 3 3 3 3 3 3 3 3 3 3 3 3 3 3 3 3 3 3 3 3 3 3 3 3 3 3 3 3 3 3 3 3 3 3 3 3 3 3 3 3 3 3 3 3 3 3 3 3 3 3 3 3 3 3 3 3 3 3 3 3 3 3 3 3 3 3 3 3 3 3 3 3 3 3 3 3 3 3 3 3 3 3 3 3 3 3 3 3 3 3 3 3 3 3 3 3 3 3 3 3 3 3 3 3 3 3 3 3 3 3 3 3 3 3 3 3 3 3 3 3 3 3 3 3 3 3 3 3 3 3 3 3 3 3 3 3 3 3 3 3 3 3 3 3 3 3 3 3 3 3 3 3 3 3 3 3 3 3 3 3 3 3 3 3 3 3 3 3 3 3 3 3 3 3 3 3 3 3 3 3 3 3 3 3 3 3 3 3 3 3 3 3 3 3 3 3 3 3 3 3 3 3 3 3 3 3 3 3 3 3 3 3 3 3 3 3 3 3 3 3 3 3 3 3 3 3 3 3 3 3 3 3 3 3 3 3 3 3 3 3 3 3 3 3 3 3 3 3 3 3 3 3 3 3 3 3 3 3 3 3 3 3 3 3 3 3 3 3 3 3 3 3 3 3 3 3 3 3 3 3 3 3 3 3 3 3 3 3 3 3 3 3 3 3 3 3 3 3 3 3 3 3 3 3 3 3 3 3 3 3 3 3 3 3 3 3 3 3 3 3 3 3 3 3 3 3 3 3 3 3 3 3 3 3 3 3 3 3 3 3 3 3 3 3 3 3 3 3 3 3 3 3 3 3 3 3 3 3 3 3 3 3 3 3 3 3 3 3 3 3 3 3 3 3 3 3 3 3 3 3 3 3 3 3 3 3 3 3 3 3 3 3 3 3 3 3 3 3 3 3 3 3 3 3 3 3 3 3 3 3 3 3 3 3 3 3 3 3 3 3 3 3 3 3 3 3 3 3 3 3 3 3 3 3 3 3 3 3 3 3 3 3 3 3 3 3 3 3 3 3 3 3 3 3 3 3 3 3 3 3 3 3 3 3 3 3 3 3 3 3 3 3 3 3 3 3 3 3 3 3 3 3 3 3 3 3 3 3 3 3 3 3 3 3 3 3 3 3 3 3 3 3 3 3 3 3 3 3 3 3 3 3 3 3 3 3 3 3 3 3 3 3 3</vcount>
                    <p>2 2 1 1 0 0 3 3 2 2 0 0 6 6 5 5 4 4 7 7 6 6 4 4 3 3 0 0 8 8 9 9 3 3 8 8 12 12 11 11 10 10 13 13 12 12 10 10 16 16 15 15 14 14 17 17 16 16 14 14 1 1 19 19 18 18 20 20 1 1 18 18 23 23 22 22 21 21 24 24 23 23 21 21 11 11 26 26 25 25 10 10 11 11 25 25 29 29 28 28 27 27 30 30 29 29 27 27 15 15 32 32 31 31 14 14 15 15 31 31 19 19 16 16 17 17 18 18 19 19 17 17 0 0 1 1 20 20 33 33 0 0 20 20 8 8 0 0 33 33 34 34 8 8 33 33 35 35 8 8 34 34 36 36 35 35 34 34 37 37 23 23 24 24 38 38 37 37 24 24 22 22 35 35 36 36 21 21 22 22 36 36 40 40 39 39 9 9 41 41 40 40 9 9 44 44 43 43 42 42 45 45 44 44 42 42 46 46 44 44 45 45 47 47 46 46 45 45 32 32 29 29 30 30 31 31 32 32 30 30 29 29 32 32 42 42 26 26 29 29 42 42 49 49 48 48 25 25 43 43 49 49 25 25 52 52 51 51 50 50 53 53 52 52 50 50 7 7 4 4 54 54 55 55 7 7 54 54 9 9 8 8 35 35 41 41 9 9 35 35 56 56 23 23 37 37 57 57 56 56 37 37 24 24 59 59 58 58 38 38 24 24 58 58 55 55 54 54 60 60 21 21 55 55 60 60 41 41 35 35 22 22 61 61 41 41 22 22 64 50 63 51 62 52 65 53 64 50 62 52 68 64 67 63 66 62 69 65 68 64 66 62 67 63 63 51 64 50 66 62 67 63 64 50 21 21 60 60 59 59 24 24 21 21 59 59 19 19 1 1 2 2 70 66 19 19 2 2 61 61 22 22 23 23 56 56 61 61 23 23 28 28 29 29 26 26 11 11 28 28 26 26 69 65 72 68 71 67 68 64 69 65 71 67 16 16 19 19 70 66 47 47 16 16 70 66 65 53 62 52 5 5 6 6 65 53 5 5 75 71 74 70 73 69 76 72 75 71 73 69 79 75 78 74 77 73 80 76 79 75 77 73 79 75 80 76 81 77 82 78 79 75 81 77 85 81 84 80 83 79 86 82 85 81 83 79 89 85 88 84 87 83 90 86 89 85 87 83 93 89 92 88 91 87 94 90 93 89 91 87 97 93 96 92 95 91 98 94 97 93 95 91 98 94 95 91 99 95 100 96 98 94 99 95 100 96 102 98 101 97 85 81 100 96 101 97 105 101 104 100 103 99 106 102 105 101 103 99 90 86 87 83 107 103 105 101 90 86 107 103 110 106 109 105 108 104 111 107 110 106 108 104 114 110 113 109 112 108 115 111 114 110 112 108 118 114 117 113 116 112 119 115 118 114 116 112 119 115 116 112 120 116 121 117 119 115 120 116 124 120 123 119 122 118 125 121 124 120 122 118 125 121 122 118 117 113 118 114 125 121 117 113 128 124 127 123 126 122 129 125 128 124 126 122 129 125 126 122 130 126 131 127 129 125 130 126 131 127 130 126 132 128 133 129 131 127 132 128 134 130 46 46 47 47 70 66 134 130 47 47 135 131 134 130 70 66 2 2 135 131 70 66 136 132 135 131 2 2 3 3 136 132 2 2 39 39 136 132 3 3 9 9 39 39 3 3 137 133 40 40 41 41 61 61 137 133 41 41 138 134 137 133 61 61 56 56 138 134 61 61 139 135 12 12 13 13 140 136 139 135 13 13 28 28 142 138 141 137 27 27 28 28 141 137 142 138 144 140 143 139 141 137 142 138 143 139 147 143 146 142 145 141 148 144 147 143 145 141 148 144 145 141 149 145 150 146 148 144 149 145 149 145 152 148 151 147 150 146 149 145 151 147 151 147 152 148 153 149 154 150 151 147 153 149 154 150 153 149 155 151 156 152 154 150 155 151 159 155 158 154 157 153 160 156 159 155 157 153 160 156 157 153 161 157 162 158 160 156 161 157 162 158 161 157 163 159 164 160 162 158 163 159 164 160 163 159 165 161 166 162 164 160 165 161 75 71 166 162 165 161 74 70 75 71 165 161 168 164 167 163 77 73 78 74 168 164 77 73 171 167 170 166 169 165 172 168 171 167 169 165 175 171 174 170 173 169 176 172 175 171 173 169 170 166 178 174 177 173 169 165 170 166 177 173 181 177 180 176 179 175 182 178 181 177 179 175 185 181 184 180 183 179 186 182 185 181 183 179 187 183 181 177 182 178 188 184 187 183 182 178 184 180 190 186 189 185 183 179 184 180 189 185 191 187 187 183 188 184 192 188 191 187 188 184 190 186 194 190 193 189 189 185 190 186 193 189 197 193 196 192 195 191 198 194 197 193 195 191 199 195 191 187 192 188 200 196 199 195 192 188 194 190 202 198 201 197 193 189 194 190 201 197 205 201 204 200 203 199 206 202 205 201 203 199 209 205 208 204 207 203 210 206 209 205 207 203 205 201 212 208 211 207 204 200 205 201 211 207 214 209 213 193 196 192 215 210 214 209 196 192 218 187 217 190 216 198 219 195 218 187 216 198 220 196 219 195 214 209 221 211 220 196 214 209 222 194 213 193 216 198 223 197 222 194 216 198 226 214 225 213 224 212 227 215 226 214 224 212 196 192 197 193 228 209 215 210 196 192 228 209 219 195 216 198 213 193 214 209 219 195 213 193 194 190 190 186 187 183 191 187 194 190 187 183 228 209 230 211 229 216 215 210 228 209 229 216 202 198 194 190 191 187 199 195 202 198 191 187 228 209 199 195 200 196 230 211 228 209 200 196 202 198 197 193 198 194 201 197 202 198 198 194 233 212 232 213 231 214 234 215 233 212 231 214 237 219 236 218 235 217 238 220 237 219 235 217 232 213 240 222 239 221 231 214 232 213 239 221 208 204 233 212 234 215 207 203 208 204 234 215 236 218 206 202 203 199 235 217 236 218 203 199 178 174 209 205 210 206 177 173 178 174 210 206 212 208 242 224 241 223 211 207 212 208 241 223 180 176 171 167 172 168 179 175 180 176 172 168 197 193 202 198 199 195 228 209 197 193 199 195 184 180 185 181 180 176 181 177 184 180 180 176 190 186 184 180 181 177 187 183 190 186 181 177 174 170 185 181 186 182 173 169 174 170 186 182 242 224 175 171 176 172 241 223 242 224 176 172 229 216 221 211 214 209 215 210 229 216 214 209 244 189 217 190 243 186 245 185 244 189 243 186 195 191 196 192 213 193 222 194 195 191 213 193 246 188 218 187 219 195 220 196 246 188 219 195 223 197 216 198 217 190 244 189 223 197 217 190 249 199 248 200 247 201 250 202 249 199 247 201 253 203 252 204 251 205 254 206 253 203 251 205 256 207 255 208 247 201 248 200 256 207 247 201 34 34 7 7 55 55 36 36 34 34 55 55 33 33 6 6 7 7 34 34 33 33 7 7 258 226 257 225 46 46 134 130 258 226 46 46 257 225 259 227 44 44 46 46 257 225 44 44 259 227 49 49 43 43 44 44 259 227 43 43 261 229 260 228 140 136 13 13 261 229 140 136 48 48 261 229 13 13 10 10 48 48 13 13 262 230 138 134 56 56 57 57 262 230 56 56 20 20 65 53 6 6 33 33 20 20 6 6 18 18 64 50 65 53 20 20 18 18 65 53 66 62 64 50 18 18 17 17 66 62 18 18 69 65 66 62 17 17 14 14 69 65 17 17 264 217 263 218 237 219 238 220 264 217 237 219 239 221 240 222 225 213 226 214 239 221 225 213 227 215 224 212 252 204 253 203 227 215 252 204 249 199 250 202 263 218 264 217 249 199 263 218 254 206 251 205 265 174 266 173 254 206 265 174 268 223 267 224 255 208 256 207 268 223 255 208 271 168 270 167 269 176 272 175 271 168 269 176 275 182 274 181 273 170 276 169 275 182 273 170 278 172 277 171 267 224 268 223 278 172 267 224 280 165 279 166 270 167 271 168 280 165 270 167 276 169 273 170 277 171 278 172 276 169 277 171 266 173 265 174 279 166 280 165 266 173 279 166 272 175 269 176 281 177 282 178 272 175 281 177 284 179 283 180 274 181 275 182 284 179 274 181 282 178 281 177 285 183 286 184 282 178 285 183 245 185 243 186 283 180 284 179 245 185 283 180 286 184 285 183 218 187 246 188 286 184 218 187 269 176 274 181 283 180 281 177 269 176 283 180 281 177 283 180 243 186 285 183 281 177 243 186 285 183 243 186 217 190 218 187 285 183 217 190 289 61 288 133 287 134 290 56 289 61 287 134 290 56 287 134 262 230 57 57 290 56 262 230 293 13 292 229 291 48 294 10 293 13 291 48 140 136 260 228 292 229 293 13 140 136 292 229 297 43 296 49 295 227 298 44 297 43 295 227 298 44 295 227 299 225 300 46 298 44 299 225 300 46 299 225 301 226 302 130 300 46 301 226 305 55 304 7 303 34 306 36 305 55 303 34 304 7 308 6 307 33 303 34 304 7 307 33 308 6 53 53 309 20 307 33 308 6 309 20 53 53 50 50 310 18 309 20 53 53 310 18 310 18 50 50 311 62 312 17 310 18 311 62 312 17 311 62 313 65 314 14 312 17 313 65 317 30 316 29 315 32 318 31 317 30 315 32 319 42 315 32 316 29 320 26 319 42 316 29 321 25 291 48 296 49 297 43 321 25 296 49 293 13 322 12 139 135 140 136 293 13 139 135 324 67 323 68 313 65 325 64 324 67 313 65 328 66 327 19 326 16 329 47 328 66 326 16 330 5 52 52 53 53 308 6 330 5 53 53 333 0 332 1 331 2 334 3 333 0 331 2 335 4 330 5 308 6 304 7 335 4 308 6 336 8 333 0 334 3 337 9 336 8 334 3 338 54 335 4 304 7 305 55 338 54 304 7 339 35 336 8 337 9 340 41 339 35 337 9 37 37 341 23 290 56 57 57 37 37 290 56 58 58 343 59 342 24 38 38 58 58 342 24 337 9 345 39 344 40 340 41 337 9 344 40 319 42 297 43 298 44 346 45 319 42 298 44 346 45 298 44 300 46 329 47 346 45 300 46 329 47 300 46 302 130 328 66 329 47 302 130 328 66 302 130 347 131 331 2 328 66 347 131 331 2 347 131 348 132 334 3 331 2 348 132 334 3 348 132 345 39 337 9 334 3 345 39 340 41 344 40 288 133 289 61 340 41 288 133 245 185 284 179 330 5 335 4 245 185 330 5 284 179 275 182 52 52 330 5 284 179 52 52 223 197 244 189 338 54 349 60 223 197 338 54 82 78 81 77 350 231 351 232 82 78 350 231 159 155 351 232 350 231 158 154 159 155 350 231 353 234 352 233 203 199 204 200 353 234 203 199 5 5 183 179 189 185 4 4 5 5 189 185 62 52 186 182 183 179 5 5 62 52 183 179 60 60 201 197 198 194 59 59 60 60 198 194 352 233 354 129 235 217 203 199 352 233 235 217 354 129 131 127 238 220 235 217 354 129 238 220 54 54 193 189 201 197 60 60 54 54 201 197 59 59 198 194 195 191 58 58 59 59 195 191 4 4 189 185 193 189 54 54 4 4 193 189 222 194 223 197 349 60 343 59 222 194 349 60 264 217 133 129 355 233 249 199 264 217 355 233 238 220 131 127 133 129 264 217 238 220 133 129 358 137 357 138 356 28 359 27 358 137 356 28 143 139 144 140 357 138 358 137 143 139 357 138 294 10 360 11 322 12 293 13 294 10 322 12 314 14 361 15 326 16 312 17 314 14 326 16 310 18 327 19 332 1 309 20 310 18 332 1 363 21 362 22 341 23 342 24 363 21 341 23 321 25 320 26 360 11 294 10 321 25 360 11 359 27 356 28 316 29 317 30 359 27 316 29 318 31 315 32 361 15 314 14 318 31 361 15 312 17 326 16 327 19 310 18 312 17 327 19 309 20 332 1 333 0 307 33 309 20 333 0 307 33 333 0 336 8 303 34 307 33 336 8 303 34 336 8 339 35 306 36 303 34 339 35 342 24 341 23 37 37 38 38 342 24 37 37 306 36 339 35 362 22 363 21 306 36 362 22 249 199 355 233 364 234 248 200 249 199 364 234 195 191 222 194 343 59 58 58 195 191 343 59 244 189 245 185 335 4 338 54 244 189 335 4 367 237 366 236 365 235 155 151 367 237 365 235 369 239 103 99 368 238 370 240 369 239 368 238 103 99 104 100 371 241 368 238 103 99 371 241 104 100 107 103 372 242 371 241 104 100 372 242 107 103 87 83 167 163 372 242 107 103 167 163 373 243 101 97 73 69 74 70 373 243 73 69 74 70 165 161 84 80 373 243 74 70 84 80 101 97 102 98 146 142 73 69 101 97 146 142 102 98 99 95 145 141 146 142 102 98 145 141 99 95 95 91 149 145 145 141 99 95 149 145 95 91 96 92 152 148 149 145 95 91 152 148 96 92 374 244 153 149 152 148 96 92 153 149 91 87 92 88 157 153 158 154 91 87 157 153 375 245 83 79 163 159 161 157 375 245 163 159 83 79 84 80 165 161 163 159 83 79 165 161 87 83 88 84 77 73 167 163 87 83 77 73 88 84 93 89 80 76 77 73 88 84 80 76 93 89 94 90 81 77 80 76 93 89 81 77 133 129 132 128 376 246 355 233 133 129 376 246 355 233 376 246 108 104 364 234 355 233 108 104 364 234 108 104 109 105 377 247 364 234 109 105 377 247 109 105 378 248 379 249 377 247 378 248 379 249 378 248 123 119 124 120 379 249 123 119 121 117 120 116 380 250 381 251 121 117 380 250 381 251 380 250 113 109 382 252 381 251 113 109 382 252 113 109 114 110 383 253 382 252 114 110 383 253 114 110 127 123 128 124 383 253 127 123 365 235 385 255 384 254 386 256 365 235 384 254 387 257 370 240 368 238 388 258 387 257 368 238 388 258 368 238 371 241 389 259 388 258 371 241 390 260 389 259 371 241 372 242 390 260 371 241 168 164 390 260 372 242 167 163 168 164 372 242 76 72 73 69 146 142 147 143 76 72 146 142 393 263 392 262 391 261 394 264 393 263 391 261 397 267 396 266 395 265 398 268 397 267 395 265 386 256 156 152 155 151 365 235 386 256 155 151 398 268 100 96 85 81 397 267 398 268 85 81 155 151 153 149 374 244 367 237 155 151 374 244 394 264 105 101 106 102 393 263 394 264 106 102 401 271 400 270 399 269 402 272 401 271 399 269 404 274 403 273 400 270 401 271 404 274 400 270 406 276 405 275 403 273 404 274 406 276 403 273 402 272 399 269 396 266 397 267 402 272 396 266 394 264 391 261 405 275 406 276 394 264 405 275 408 278 407 277 392 262 393 263 408 278 392 262 410 280 409 279 407 277 408 278 410 280 407 277 398 268 395 265 409 279 410 280 398 268 409 279 349 60 338 54 305 55 363 21 349 60 305 55 362 22 339 35 340 41 289 61 362 22 340 41 311 62 411 63 325 64 313 65 311 62 325 64 50 50 51 51 411 63 311 62 50 50 411 63 343 59 349 60 363 21 342 24 343 59 363 21 331 2 332 1 327 19 328 66 331 2 327 19 341 23 362 22 289 61 290 56 341 23 289 61 320 26 316 29 356 28 360 11 320 26 356 28 385 255 412 281 369 239 370 240 385 255 369 239 93 89 89 85 413 282 92 88 93 89 413 282 399 269 400 270 403 273 405 275 399 269 403 273 402 272 86 82 413 282 401 271 402 272 413 282 384 254 385 255 370 240 387 257 384 254 370 240 399 269 405 275 391 261 396 266 399 269 391 261 392 262 407 277 409 279 395 265 392 262 409 279 391 261 392 262 395 265 396 266 391 261 395 265 397 267 85 81 86 82 402 272 397 267 86 82 408 278 393 263 106 102 97 93 408 278 106 102 398 268 410 280 98 94 100 96 398 268 98 94 410 280 408 278 97 93 98 94 410 280 97 93 404 274 401 271 413 282 89 85 404 274 413 282 406 276 90 86 105 101 394 264 406 276 105 101 404 274 89 85 90 86 406 276 404 274 90 86 324 67 377 247 323 68 110 106 415 284 414 283 416 285 110 106 414 283 417 286 248 200 364 234 417 286 325 64 268 223 276 169 278 172 411 63 52 52 275 182 51 51 268 223 325 64 278 172 418 286 204 200 211 207 417 286 256 207 248 200 241 223 176 172 68 64 418 286 211 207 241 223 418 286 241 223 68 64 205 201 233 212 208 204 237 219 240 222 232 213 236 218 237 219 232 213 233 212 236 218 232 213 209 205 178 174 242 224 274 181 269 176 270 167 233 212 206 202 236 218 247 201 255 208 251 205 205 201 209 205 212 208 205 201 208 204 209 205 233 212 205 201 206 202 251 205 267 224 265 174 265 174 267 224 279 166 273 170 270 167 277 171 247 201 251 205 252 204 224 212 225 213 263 218 263 218 225 213 237 219 237 219 225 213 240 222 247 201 252 204 224 212 224 212 250 202 247 201 224 212 263 218 250 202 417 286 268 223 256 207 418 286 353 234 204 200 62 52 63 51 186 182 278 172 325 64 411 63 67 63 173 169 63 51 63 51 173 169 186 182 411 63 51 51 276 169 51 51 275 182 276 169 176 172 67 63 68 64 173 169 67 63 176 172 178 174 170 166 242 224 174 170 175 171 171 167 175 171 170 166 171 167 242 224 170 166 175 171 174 170 171 167 185 181 273 170 274 181 270 167 185 181 171 167 180 176 212 208 209 205 242 224 277 171 270 167 279 166 267 224 277 171 279 166 255 208 267 224 251 205 91 87 158 154 419 287 157 153 92 88 375 245 81 77 94 90 419 287 413 282 86 82 375 245 385 255 366 236 412 281 109 105 416 285 378 248 117 113 416 285 414 283 418 286 68 64 71 67 71 67 420 247 418 286 353 234 418 286 420 247 12 12 144 140 142 138 141 137 143 139 118 114 412 281 366 236 97 93 369 239 412 281 106 102 142 138 28 28 12 12 119 121 27 27 141 137 144 140 12 12 139 135 421 249 420 247 72 68 71 67 72 68 420 247 72 68 31 31 30 30 119 121 141 137 118 114 127 123 115 111 126 122 115 111 422 288 126 122 130 126 126 122 422 288 132 128 130 126 422 288 15 15 16 16 47 47 12 12 28 28 11 11 47 47 45 45 15 15 42 42 15 15 45 45 94 90 91 87 419 287 89 85 93 89 88 84 374 244 366 236 367 237 97 93 106 102 412 281 97 93 374 244 96 92 100 96 99 95 102 98 42 42 32 32 15 15 106 102 103 99 369 239 31 31 72 68 14 14 85 81 101 97 373 243 105 101 107 103 104 100 329 47 361 15 346 45 319 42 346 45 361 15 324 67 417 286 377 247 417 286 324 67 325 64 374 244 97 93 366 236 419 287 350 231 81 77 350 231 419 287 158 154 375 245 92 88 413 282 157 153 375 245 161 157 84 80 85 81 373 243 385 255 365 235 366 236 21 21 36 36 55 55 321 25 319 42 320 26 319 42 321 25 297 43 116 112 117 113 120 116 379 249 323 68 377 247 144 140 139 135 322 12 125 121 358 137 359 27 357 138 322 12 356 28 358 137 118 114 143 139 319 42 361 15 315 32 318 31 314 14 323 68 322 12 357 138 144 140 422 288 415 284 111 107 110 106 111 107 415 284 364 234 377 247 417 286 361 15 329 47 326 16 322 12 360 11 356 28 86 82 83 79 375 245 317 30 379 249 124 120 422 288 115 111 415 284 112 108 415 284 115 111 117 113 414 283 423 289 25 25 48 48 10 10 125 121 118 114 358 137 122 118 123 119 117 113 323 68 317 30 318 31 111 107 132 128 422 288 376 246 132 128 111 107 108 104 376 246 111 107 423 289 414 283 112 108 110 106 416 285 109 105 123 119 378 248 416 285 117 113 123 119 416 285 120 116 117 113 423 289 380 250 120 116 423 289 113 109 380 250 423 289 112 108 113 109 423 289 112 108 414 283 415 284 127 123 114 110 115 111 359 27 124 120 125 121 317 30 124 120 359 27 317 30 323 68 379 249 72 68 69 65 14 14 25 25 26 26 42 42 321 25 294 10 291 48 42 42 43 43 25 25 27 27 119 121 121 120 363 21 305 55 306 36 30 30 27 27 121 120 30 30 421 249 72 68 323 68 314 14 313 65 30 30 121 120 421 249</p>
                </polylist>
            </mesh>
        </geometry>
        <geometry id="mesh3">
            <mesh>
                <source id="points3">
                    <float_array id="pointarray3" count="978">328.7362435797218 193.33433185944358 -21.487604385495683 330.01747473804 189.95719473637936 -16.070051806519082 333.0166947783366 198.57205421150127 -16.52162066758717 330.4544946296633 199.3429739513913 -22.529915119034012 334.48446928112776 212.8794700784798 -22.43554862671779 331.95358440286566 209.86080470287615 -23.759846726888494 235.63839945061054 209.15622763598515 20.64300597589074 241.6387470661651 204.90700444792634 21.465355606869988 243.63973431862485 203.37836772166906 7.841819868133463 236.7019407429377 206.4383777995855 7.9475134072151326 249.0160122720994 208.12703798795445 -19.978769974536686 241.5155740346898 210.83751951835404 -17.00850106917365 239.98369004074092 209.2087697203969 -4.30740315059834 247.6401451044126 207.51559361202425 -5.053574980014008 335.921265199835 213.7177009177453 -12.337853082778542 338.67005100710566 223.89106977115102 -8.138887368367165 340.26449326133314 223.27715629529013 -18.38497107530565 336.1402309293971 214.90121225929693 -17.612496457092693 338.92098009768716 207.18031304780908 2.163245099587345 340.5767902809606 208.00968137058726 8.008092205982866 341.54463330814974 221.0374801351715 2.9252921497423285 339.42012581685054 217.2360788806185 0.7296208010892518 237.54250119615952 222.96885082251333 34.41127854136103 240.44715568025123 235.62306142963703 41.010162110844846 244.38603772728223 214.85709456703785 50.14003368954246 242.13710896010215 209.74751640912706 40.58210181604859 326.10730596488116 202.09623742309202 28.814823980076127 327.4194912810543 201.2174291774946 35.225798346425556 330.16834309136124 216.57799136640256 30.505406496624996 327.79379266941095 213.3452261815413 28.141824299373273 341.63784367919084 223.39179041928543 8.072471648054549 345.824241081533 234.88527644620174 8.471234721498217 343.19970216807354 236.74148329577366 -1.783255654592593 309.48789372121195 189.35713508575282 -42.10768722626637 310.1441692281137 186.20414501914792 -37.74553790237436 315.36216339988596 194.66847087534774 -38.3585399402319 312.64377659124006 193.991737795662 -43.19755609772086 335.73340194851875 200.30256779173638 13.837988677521407 338.07795028748353 195.85724906734825 7.6803866564533445 336.1708610699058 204.76663447447189 7.739042504680893 334.2324984649768 208.08498338326805 16.64051394168522 337.6076405697511 208.0372602179204 14.418973972526693 337.88794742447385 217.5454860416092 15.248972694171878 340.26269471790977 221.65358870031645 13.108932749955404 336.7966258964241 200.00433807883664 2.602218657738851 335.7023842285793 207.00704655635332 -0.06303486468044239 309.7683933657737 190.59693193614115 -31.871060799842105 313.4242004469546 195.5168215908167 -32.169288998548474 277.67251293954587 212.23807592995635 -30.24704829473518 264.82896823653414 209.91601420249555 -30.046896675698648 264.29715254984416 208.26171400829202 -18.409764479347665 279.1093228833683 211.69853870497423 -18.28972900566826 265.0163897549066 216.56892723577022 -38.85288431032173 277.9852298732568 215.4683872801957 -38.640132304792786 280.6095529211816 226.05813951612464 -43.74483276091842 267.8589516285089 232.46692650138465 -43.742248606451284 306.01582489666663 225.80958951207893 -43.720690926428965 296.047026839958 224.49317638927585 -40.952730274672206 298.01542700336756 222.04260429492584 -31.594412850071635 306.07776424823413 224.58734039172003 -32.818993940775336 301.92337970823326 210.31041658346322 -41.319073703902916 303.2348956802372 212.63331205379808 -28.9498239165643 302.8925190362066 199.65009570789664 -31.463754725405323 301.6743910214515 199.3244071838489 -41.01209663971025 322.044671150234 221.65195801976466 1.3820147057292427 320.57477284139554 223.91052950442338 16.500523511092954 324.6388833197433 208.0317123730934 14.543095583411882 325.6084705599361 207.60239679025207 1.6767983561990394 321.0119027950628 237.51949283519465 1.8695967174708101 304.73176004893736 225.16954493627043 2.6911786501707686 304.29391956899923 222.8232697720349 11.740283378281676 319.6986115581067 238.07495659376877 13.802184367048138 321.79260761072544 234.35937407128492 15.455796092251337 323.6060700179215 234.30109862921 0.007104897427172574 323.00869883200625 268.23211296244153 7.093370216463264 323.1033499411735 264.9363318398205 -2.4640712964003395 332.2285172766519 262.62698677487657 -1.668082582259542 332.54033375471204 264.03827578070184 7.229934371031063 252.23166016266907 189.46402989277286 58.35924698750778 244.79334681830744 198.48716516569422 57.82741548209009 251.792548529402 204.02246694312242 62.33484514213046 260.94917682875695 200.22069562350453 61.98468104376682 321.2583623378168 264.00699144428125 18.92271098957431 329.13357828891293 261.23122645170156 19.639916454954708 274.60688960645064 202.5382654379746 34.862002393796 270.0772036810796 186.9612086386403 33.19595213935885 277.20223669719985 185.9913702976143 34.13207495393583 282.2637465340713 195.50528639026578 35.713002293582484 330.38655127553056 218.73301418593803 35.989639945626124 335.35436310629444 228.31063943714258 36.63470741233883 334.47981702640993 230.26178699756738 26.352342875102913 318.3564348292438 216.365405321715 21.273052259707487 322.4800171100002 230.8408403795257 22.244237424049253 316.66740247372667 228.82547296328644 27.14575271452218 311.16839587976017 218.38939416113152 26.90865154471019 315.5106196654233 234.31881264722045 27.42996351011201 312.3847366143351 234.72085373884772 41.07690797074357 313.8226737216555 230.32604799804983 40.674459603197285 311.2060250561586 192.91895950175095 -37.51265063958135 311.2990122657461 196.42848016872352 -30.51182696450958 341.19848814518235 235.00102651353433 20.450919183901878 328.8863498648047 217.3598295095273 41.32016907712202 331.29116318263664 228.7217735200544 47.31137810227089 317.79842541149674 203.47469866615543 -31.7054935416121 320.45466475518197 205.38273649502338 -34.42210099718385 310.01875172501326 195.09883489617852 -44.472612159907484 287.1034914887949 231.88315787881737 45.29212340661552 288.6364107944363 220.92303769293798 34.93744894101925 278.07399444094256 221.9284616337021 32.06369393236139 279.0409498069862 232.78178270712874 44.603626595047174 324.1391316887937 195.67090956178086 29.24856535590506 324.42039348444627 192.01476334824096 34.59384751450288 321.2008070115171 196.63547560393926 41.10143622929359 323.3563740233187 203.4924712452238 41.745811708371555 323.73249089801254 201.7432429069704 26.363480313887766 323.2947198584269 198.97597385722162 34.92895609741566 321.4224326091869 211.5018577134092 -27.831042924275163 324.7336691821873 225.90336009998575 -29.23889616309441 319.4833189395038 225.59692746490265 -23.12114858479337 315.64053303850056 213.79064356867477 -20.8103534254984 319.57614691855866 226.40527644229957 -9.459927170803835 324.82591378012023 226.4330609897604 -5.737670927183329 321.98334451236724 213.23679851416628 -4.819569757238702 316.545710079775 216.5559800401581 -7.675335880366072 338.8880132397539 232.56704797796078 -8.557231494179144 339.98231136676145 233.61700601940026 -18.99580283299005 336.76425061890944 232.67083685081622 -28.690851368972538 336.9211768577045 225.11705237686573 -28.17103749441558 321.2361316079688 206.17095088734078 -39.1163108087218 325.36054660170123 213.2180295345617 -40.34135573110554 322.5171017824404 215.6091331780933 -48.88879821706058 319.14278786779664 204.6616894749277 -43.39004999846925 325.60527168192283 214.09488511599767 43.48939092838042 320.731285210436 203.30774114566748 43.45903530069569 322.8860745570857 259.8012526918344 -18.495405471271354 323.69828905342507 255.77151172128532 -7.784815865782095 308.4796489465913 254.0198799536178 -6.908380572010373 307.94873865897216 256.9596302638213 -16.84375900303448 316.23679978422354 202.6380567845202 -44.55479390484736 253.92195568726257 223.45699434000812 -38.23947791060381 260.7012731228291 246.6708787636827 -42.18703194881576 249.35877006212692 230.17977180687188 -37.350000314436315 242.26334528601012 192.8222409956083 46.249009537995335 251.0137669204673 204.09461617414865 22.375801012465036 263.825882697781 206.70698428249568 24.624678229589122 263.7957373101879 205.6104976362907 8.45196745138928 251.8896842827463 203.41561454129695 8.594046239594382 328.9229263911798 194.4026306927937 -9.912372357343118 329.1418638887159 196.526500256767 -16.155011328355343 329.203452699791 200.67437501362932 -7.72496056443733 331.1410889979608 200.78808764360764 -10.097331283000909 333.76511055431456 210.70470507192522 -9.315572271425696 324.57855421838104 214.13241973213803 -29.740849240658704 327.6733619216296 199.04898252979842 -23.97863585793916 315.0766779558329 229.49067218032008 -22.70497912448726 314.8572179965992 229.76424713687754 -11.65762712244905 313.1356976158364 233.86961346098116 26.851410866035355 301.10542854375643 221.5444528454433 29.675303565758735 299.69847117281097 224.29453725521637 36.93112604294664 309.97874098801657 233.94686240641218 38.1419334242695 321.1996546345134 254.8619610256015 -28.45389406420719 328.38747767650267 251.55537321166676 -28.661928936975904 331.26163647093205 254.22680812450068 -19.12596134155613 330.54245733985806 251.79513081932913 -8.516395331419748 308.63607442262605 220.95727483803918 40.31803990667149 311.7314508379068 204.42775284070945 39.08844372803535 313.2321141181383 203.99472061936888 29.036238948005966 325.6015313125153 259.24198438300994 35.51781301624926 325.35230831607055 257.8859286613624 25.027007108678074 334.2291212952643 237.83704789515963 26.114687170783633 334.94715689047166 238.70211099524752 36.33834601152561 322.31983534769995 256.60210443929356 46.71411636165209 331.3528077725406 237.45677826779814 47.89567238936369 302.54199150893476 260.5265461039265 -14.218897145684874 299.6680012396425 256.86563038621375 -24.977386937580274 306.63712842603667 253.4590036141959 -25.908085255260378 302.3540284669867 258.93292002430036 -4.330692641671157 316.5073273725131 264.78114394104387 34.458589172677414 314.8195261978532 260.51089207112 45.78606832625471 302.7887459633223 256.9260974846678 43.62859482494269 303.75775706097306 260.28156790562224 34.33309441161206 265.4487011654718 207.6624214468032 58.39691463182462 282.26278728809507 195.63160873555742 51.00781538070217 271.1375485723487 193.83943096548506 57.574002905294876 304.6960331742741 258.4300828115438 24.60689950074821 317.72706758442075 261.1420973742607 23.9825169351812 291.72643263887056 255.12122877174392 43.346483316373934 294.883053171888 258.24455334135587 32.63596695366334 299.5711194969246 258.21657058761417 23.53605703803508 303.72806580087837 261.5984546120463 7.174915429139439 305.16633990148983 259.64682537156835 -2.367109790604095 310.5412439554233 260.2836933054254 -1.7818739763084412 309.9466433264764 263.4772433114798 7.11534913407187 309.196317086537 260.2153145047761 17.320900383571058 303.72755344382074 260.07471621854893 17.753467320025653 284.0779138332942 174.51161857858284 40.58230002381402 287.70251834876814 175.5653772142747 45.37190453844891 282.5146278633249 179.3933375241745 45.87955352089614 278.8279167639848 176.82292774364092 37.03495426032254 287.670540531213 180.54760340503978 49.578325550216356 284.26344969779404 188.2018392153767 51.5633062554345 344.1982980210147 245.11939465348 8.20061460785595 342.0740135978264 244.2218855449314 -1.992982998091244 340.2914295523064 243.63159040142423 20.437428496723317 316.6972465515443 231.06400270795362 46.453671066865624 313.32347060883745 217.86028277100849 46.68356933812805 322.16979401683915 240.60129074828984 -29.292258548284394 322.70153825364514 242.57639378879674 -40.261623080175205 326.89096638712255 222.39707921559472 -40.83598600567272 326.2341121411563 221.71002518984773 -30.040849330865818 319.6709747525157 240.77058299030728 -48.61064095134908 323.64150509103536 222.25300053033408 -49.31501162364232 306.04904021454615 207.301901577166 -47.42675242875692 311.92306242546067 218.96829057932405 -49.304516082949824 307.3601306497798 219.83480424839678 -43.646358682188335 307.70300494506347 220.60453780266656 -30.674374664773524 312.577882665338 219.4767316041982 -26.992208596605604 307.2664235147728 208.60668181366893 -27.338152314270086 316.232111805453 249.30440693001424 -39.528419721253265 316.544269025618 245.66979617356924 -28.49147119226512 305.2003528620459 246.23054927173308 -26.65910459432496 304.2007904990353 248.63408282299233 -37.363553654198334 302.5765458633648 245.74704999809092 -45.18714052061949 313.9517536920002 245.27691745092022 -47.829351430718006 298.2624218544183 251.28844789046013 -27.359663448796415 296.63784235980035 252.2957456205999 -35.673596535700725 293.6073470268094 249.01214831538428 -42.88564055673944 328.1076139143241 220.7920823729559 -4.463437172559928 330.5125317225399 235.6478906648967 -5.449097175466791 326.0109592665233 235.18049219133815 20.643863166407968 324.6060552383273 221.55396982477487 19.545928291240095 300.54611320303263 221.11574537225474 -21.08882294415537 302.8266013437851 222.4149435855537 -10.756213156209835 318.4221802840735 202.44215009274177 -10.0407259196186 317.64162854553706 201.76555141244614 -20.289122520882138 279.51460055887077 177.75985119879914 48.79327308913543 282.6077213494277 182.60263026698004 51.61921612586003 278.6402460123456 175.53398643721766 41.743105834727835 290.9529435346676 230.26900115602368 -44.317403054837165 263.2963083310278 208.88491139492004 -5.724359236334658 279.48332194913877 216.51945229097362 -9.429829280212608 290.1059825471009 217.28349678236592 27.181758033753646 322.8571427267469 242.3600502220313 -29.51265518395048 301.5459297378411 226.05665121793635 -25.607763542717464 305.1064812104744 232.7601502052991 -4.2999646585728115 322.41826813425615 241.28391377911385 -5.691915485931201 334.2019574654284 216.5231560388196 -7.581631403173246 333.01575585142916 215.2440229149847 -26.606201917246736 338.9825182813742 219.91161266736822 -1.585331245035074 310.5447678261674 239.5616444133606 -27.29651816199545 317.17302365008277 206.47141021811785 -29.75676630988997 314.6429475784416 205.21762265499075 -46.81060377959912 318.8616971829584 199.87159274342972 -38.70949426706411 309.6662310828811 244.83140319101437 21.821790097156118 304.3238621502109 230.33419601920306 21.47515407793304 302.60202879230116 247.19116380616833 45.73000614492791 295.41599640558013 231.58986169799442 45.657667071907426 313.38323310735353 245.9111766387091 48.40664129810742 336.6688373268259 218.91668977104928 18.986161305238003 341.107455224674 214.33035181330337 7.88332543521177 263.0127863143761 206.32157161101395 34.83615783437486 255.2642283421981 191.4311274419151 34.100520407549624 251.85707452808512 202.4472874724692 32.012053758738205 267.6994195758206 208.71408860869977 45.20681783752834 281.91892461143135 200.21818869743754 45.8824034557563 264.4151677983948 238.12658608910985 49.1344506379368 268.76144528442524 219.65442558507104 36.299390540592015 284.8880894640438 194.98535256720612 47.10823296558039 250.32660307623988 184.8223873501116 46.12844515091081 266.0143831997839 181.09525763497916 47.250885074432226 285.17041353155645 188.39263824749705 39.75037650839083 261.94810613384044 217.27693371640459 53.44565256496724 264.20224342565547 180.8128763615196 41.86275756407006 274.4812900062097 258.2531985951211 -39.81469255414351 283.2264534213571 255.79270341792017 41.99344041188765 285.63273871070356 262.24903632500053 31.648596726542507 283.608839545905 234.0193089048822 -44.28160478539902 289.7302745634493 263.892023428123 -31.957429824618025 294.6062377039979 256.3761901737145 -36.12634000222305 311.98074532166197 240.77439946117408 -4.553249788113118 334.9221601729943 207.3160675983251 -17.09385064391444 243.76277191231188 206.04717568005668 35.48215818723309 329.2622366044688 218.67576604622218 25.01224740534434 248.07850426087558 214.59046493710457 -29.635650788334196 254.54753518521005 211.62193881127817 -29.675662227823956 300.509829730864 263.650828889002 -4.229752852421831 297.8246022280903 255.85176056633037 -29.10885946684125 295.72963823726127 264.40771353670334 -22.464756868792684 293.2581897523186 262.6152506860649 23.813278508455742 298.67144688481704 220.3226570253955 -25.27517963965141 307.91743005028394 249.07069720749803 -3.9531402483403095 303.91981762802646 223.98081402927426 -4.510636738908391 299.6967492107999 263.6048008014138 5.211774860059089 297.28991415208753 263.0609167188588 15.480203755459607 302.10606912517613 220.7019464493425 20.609472549004373 291.48187858029837 216.62494436772965 13.71342944134811 240.70025308268742 209.17087462449618 31.05631446002092 302.1346629448795 248.83388158741758 20.896988797436055 276.0129296879094 214.55885836470526 20.050983265992414 261.0387878975337 258.7288693126872 40.21781807272106 276.4137221039923 261.5956118533322 36.941091756299784 251.88308046028416 251.82123160594188 41.91643427741343 251.57121752911368 240.779125938493 48.350143370235024 275.1391611291631 212.01915858059652 4.0157946539166405 281.5751934891514 217.32397180454046 19.678153703410207 289.3574712851821 218.36094993895995 1.51613631741631 326.1982910408534 219.20750930313952 47.54402605666088 320.3535369739466 247.25886818563364 21.281210035375306 295.0466609409792 231.17418051898375 -45.16130303743705 281.8260582701971 218.9899375115824 3.1947486926246214 329.2623284401835 210.61170552043384 35.73924997260368 251.1663342698926 219.97069155642274 57.79097531455962 326.51102156443693 251.65198377846056 -5.3009110442796405 316.5425941487789 247.68342692803787 -4.501035775115105 321.3533632291795 249.43340899643255 20.793829245830523 273.8256218056307 189.4591652284799 54.9520487217266 270.6703710541487 180.9408409629351 51.717239652430145 266.5137423337515 184.18182933230082 52.9237788179388 270.26324999133755 188.08249113705907 54.966643335131195 268.0772098051587 179.77035214116037 43.98438298640188 312.6660785112132 247.24965668029378 20.623795092651545 245.04692854961831 218.12689007646122 -29.7320905526486 304.3903086661127 233.75477216968363 -47.41643541624461 312.9203951628424 233.00222558715325 -27.492546813315453 305.29524984477104 233.97167184190602 -26.61512336939625 312.98422590635903 233.7884100524892 -50.166417284027915</float_array>
                    <technique_common>
                        <accessor count="326" source="#pointarray3" stride="3">
                            <param name="X" type="float"/>
                            <param name="Y" type="float"/>
                            <param name="Z" type="float"/>
                        </accessor>
                    </technique_common>
                </source>
                <source id="uvs3">
                    <float_array id="uvarray3" count="638">0.7371709942817688 0.7030520141124725 0.7561950087547302 0.6796390116214752 0.7034819722175598 0.6796390116214752 0.7081180214881897 0.7069950103759766 0.6511399745941162 0.6991440057754517 0.6632949709892273 0.7086310088634491 0.08275999873876572 0.7774930000305176 0.08283399790525436 0.8006729930639267 0.12176299840211868 0.8078320026397705 0.12171000242233276 0.7884159982204437 0.21275000274181366 0.8187420070171356 0.19254200160503387 0.7907979935407639 0.16359999775886536 0.7896350026130676 0.16745899617671967 0.8063739985227585 0.3745720088481903 0.37143099308013916 0.3676219880580902 0.3981900215148926 0.3921389877796173 0.39652401208877563 0.39151498675346375 0.38332802057266235 0.18299199640750885 0.697966992855072 0.22208000719547272 0.7030619978904724 0.20640799403190613 0.6473099887371063 0.17732200026512146 0.6679219901561737 0.39338698983192444 0.40178799629211426 0.41614601016044617 0.40769702196121216 0.41110101342201233 0.3708850145339966 0.7371709942817688 0.6553719937801361 0.7222219705581665 0.6796390116214752 0.7091730237007141 0.6426500082015991 0.7070680260658264 0.6514280140399933 0.662883996963501 0.6497929990291595 0.650592029094696 0.6627660095691681 0.7091730237007141 0.7157729864120483 0.23959599435329437 0.8977859988808632 0.23927000164985657 0.8661489933729172 0.20765100419521332 0.8645379990339279 0.20643499493598938 0.9027869999408722 0.2592410147190094 0.8646029978990555 0.26423799991607666 0.8992429971694946 0.29790499806404114 0.9077479988336563 0.29903799295425415 0.8735910058021545 0.27792900800704956 0.47276997566223145 0.27539899945259094 0.5485950112342834 0.2877260148525238 0.5478369891643524 0.3155120015144348 0.4870399832725525 0.27994000911712646 0.37686699628829956 0.3181439936161041 0.3983460068702698 0.31868401169776917 0.3340100049972534 0.28123798966407776 0.33471202850341797 0.31787899136543274 0.39799201488494873 0.31705400347709656 0.47628897428512573 0.3195439875125885 0.4321320056915283 0.27729499340057373 0.4075949788093567 0.39305999875068665 0.5253860056400299 0.415446013212204 0.5237700045108795 0.40980300307273865 0.4950600266456604 0.3938229978084564 0.4949929714202881 0.1882140040397644 0.6000500023365021 0.19652700424194336 0.6168360114097595 0.21185100078582764 0.6111229956150055 0.2128629982471466 0.5923649966716766 0.3644460141658783 0.5289529860019684 0.36655399203300476 0.49838101863861084 0.07542700320482254 0.5933279991149902 0.11685500293970108 0.5622639954090118 0.1034419983625412 0.5239059925079346 0.07009699940681458 0.5487160086631775 0.3928860127925873 0.39911597967147827 0.4166469871997833 0.4065309762954712 0.44456300139427185 0.3772050142288208 0.44058001041412354 0.4290739893913269 0.4670180082321167 0.40508002042770386 0.4670180082321167 0.3787440061569214 0.3230440020561218 0.46747899055480957 0.31877401471138 0.4339330196380615 0.2786169946193695 0.40354299545288086 0.7219359874725342 0.6796390116214752 0.36536601185798645 0.40548497438430786 0.36700698733329773 0.401170015335083 0.017155999317765236 0.9370530024170876 0.04950200021266937 0.9328730031847954 0.050181999802589417 0.9068330004811287 0.020478999242186546 0.91754399985075 0.4426949918270111 0.3745020031929016 0.4409320056438446 0.42695099115371704 0.4670180082321167 0.4087910056114197 0.3202829957008362 0.43190300464630127 0.3389410078525543 0.4333299994468689 0.3328019976615906 0.3799329996109009 0.3177120089530945 0.39440399408340454 0.37098899483680725 0.4220479726791382 0.39305898547172546 0.42224401235580444 0.41384199261665344 0.4246469736099243 0.41705799102783203 0.4049149751663208 0.3944909870624542 0.39642900228500366 0.41776901483535767 0.40579700469970703 0.39102599024772644 0.5248070061206818 0.36558300256729126 0.5248219966888428 0.3620480000972748 0.5506980121135712 0.3923889994621277 0.5502490103244781 0.25731900334358215 0.8258980065584183 0.2950429916381836 0.796421006321907 0.26404300332069397 0.7942859977483749 0.17149700224399567 0.6260730028152466 0.07385300099849701 0.8234750032424927 0.08078800141811371 0.8607729971408844 0.1205419972538948 0.8626050055027008 0.11896099895238876 0.8302119970321655 0.3670389950275421 0.39876002073287964 0.31311899423599243 0.4888960123062134 0.3145950138568878 0.4834100008010864 0.415446013212204 0.5208320021629333 0.411514014005661 0.4951760172843933 0.39122799038887024 0.49688899517059326 0.36796700954437256 0.4966760277748108 0.314503014087677 0.39627397060394287 0.39204099774360657 0.49653202295303345 0.4118559956550598 0.49787402153015137 0.4139859974384308 0.42566102743148804 0.3942030072212219 0.4228150248527527 0.3671410083770752 0.49538499116897583 0.37005099654197693 0.4228540062904358 0.3914259970188141 0.5878300070762634 0.4195919930934906 0.5637539923191071 0.4166939854621887 0.5420570075511932 0.3585290014743805 0.5842759907245636 0.3931030035018921 0.526634007692337 0.36653798818588257 0.5242249965667725 0.3693999946117401 0.5336250066757202 0.39285001158714294 0.5402509868144989 0.2326209992170334 0.5874890089035034 0.21624599397182465 0.5161519944667816 0.2082729935646057 0.5579079985618591 0.4216749966144562 0.5385420024394989 0.415446013212204 0.5241720080375671 0.3650369942188263 0.5693939924240112 0.39281800389289856 0.5881310105323792 0.42750298976898193 0.5710630118846893 0.41495299339294434 0.5411120057106018 0.39128100872039795 0.5460470020771027 0.3642269968986511 0.545401006937027 0.8088189959526062 0.5804170072078705 0.8161579966545105 0.6046839952468872 0.7758679986000061 0.6046830117702484 0.7808210253715515 0.5676960051059723 0.8088189959526062 0.6280969977378845 0.7808210253715515 0.6408179998397827 0.39473599195480347 0.42353397607803345 0.4136109948158264 0.4262719750404358 0.3692370057106018 0.42677199840545654 0.3366369903087616 0.435621976852417 0.3325749933719635 0.38451600074768066 0.3653720021247864 0.49943602085113525 0.39295899868011475 0.4979829788208008 0.3948900103569031 0.42213499546051025 0.3699060082435608 0.42286497354507446 0.4129500091075897 0.49667197465896606 0.4151670038700104 0.42545199394226074 0.44490599632263184 0.37475699186325073 0.43032699823379517 0.4249359965324402 0.3209010064601898 0.4545230269432068 0.3394019901752472 0.4376239776611328 0.3309909999370575 0.3824769854545593 0.3929719924926758 0.5281910002231598 0.3622109889984131 0.529211014509201 0.3598650097846985 0.5492720007896423 0.3919309973716736 0.5485419929027557 0.41780200600624084 0.5389040112495422 0.415446013212204 0.5231539905071259 0.4073120057582855 0.5637539923191071 0.4456320106983185 0.37739402055740356 0.4402250051498413 0.42700302600860596 0.3377929925918579 0.43897902965545654 0.32932400703430176 0.3884130120277405 0.7761549949645996 0.6046830117702484 0.7797660231590271 0.6320410072803497 0.7787160277366638 0.5764740109443665 0.2968989908695221 0.9566150009632111 0.27515101432800293 0.9568899981677532 0.17066800594329834 0.859932005405426 0.17784200608730316 0.9061049968004227 0.06919199973344803 0.961047999560833 0.07338900119066238 0.9338750019669533 0.03838599845767021 0.9568899981677532 0.42508000135421753 0.4813010096549988 0.47221601009368896 0.5091069936752319 0.4703100025653839 0.47247499227523804 0.4493429958820343 0.5491020083427429 0.2992919981479645 0.31093597412109375 0.32319700717926025 0.3152430057525635 0.3139069974422455 0.5515330135822296 0.34943199157714844 0.4903720021247864 0.36185601353645325 0.3825809955596924 0.44111698865890503 0.3340100049972534 0.420428991317749 0.38196098804473877 0.4243659973144531 0.3341889977455139 0.41898399591445923 0.3597109913825989 0.4226419925689697 0.3716539740562439 0.43886798620224 0.5162430107593536 0.35925400257110596 0.37483298778533936 0.3661620020866394 0.3601199984550476 0.3631879985332489 0.3341889977455139 0.42466598749160767 0.37262099981307983 0.6795809864997864 0.6796390116214752 0.6379280090332031 0.679637998342514 0.4425170123577118 0.5198659896850586 0.34716400504112244 0.5264840126037598 0.27824899554252625 0.3155750036239624 0.35926198959350586 0.48574399948120117 0.35866498947143555 0.369488000869751 0.09243500232696533 0.6427139937877655 0.13264299929141998 0.6167370080947876 0.12265200167894363 0.6404100060462952 0.26778700947761536 0.5690500140190125 0.2447109967470169 0.520592987537384 0.2845019996166229 0.6286399960517883 0.289126992225647 0.5930599868297577 0.03197300061583519 0.5360830128192902 0.03237200155854225 0.5607919991016388 0.16423900425434113 0.604081004858017 0.16098999977111816 0.5679889917373657 0.13230599462985992 0.5248570144176483 0.14958199858665466 0.4922189712524414 0.19281700253486633 0.5070570111274719 0.20920099318027496 0.48632901906967163 0.1570030003786087 0.5053080022335052 0.25522100925445557 0.6079910099506378 0.04530499875545502 0.6211700141429901 0.14752699434757233 0.5718759894371033 0.6059399843215942 0.6088449954986572 0.6189159750938416 0.6337650120258331 0.617467999458313 0.5682890117168427 0.016850000247359276 0.9553340002894402 0.36247900128364563 0.6013109982013702 0.3860059976577759 0.6270959973335266 0.6424130201339722 0.624785989522934 0.6500110030174255 0.5896390080451965 0.5921090245246887 0.5937440097332001 0.5880230069160461 0.5644299983978271 0.33568400144577026 0.5364489853382111 0.046202998608350754 0.8663270026445389 0.0372529998421669 0.824410006403923 0.06386899948120117 0.517879992723465 0.30755698680877686 0.5852999985218048 0.030066000297665596 0.8097569942474365 0.4225110113620758 0.38133400678634644 0.23458799719810486 0.8042249977588654 0.23678399622440338 0.8357080072164536 0.6617990136146545 0.574519008398056 0.5184789896011353 0.5715740025043488 0.5418930053710938 0.5538260042667389 0.5286999940872192 0.5492550134658813 0.24214400351047516 0.9555860012769699 0.5663719773292542 0.5601229965686798 0.5608369708061218 0.5760070085525513 0.41835299134254456 0.608159989118576 0.22796200215816498 0.9687119983136654 0.22440899908542633 0.955230001360178 0.5960230231285095 0.5516459941864014 0.5549049973487854 0.5596779882907867 0.5168240070343018 0.5425719916820526 0.5074059963226318 0.5469459891319275 0.16345299780368805 0.9604899995028973 0.18272100389003754 0.9605939984321594 0.16373899579048157 0.9708769991993904 0.14336900413036346 0.960352998226881 0.4878869950771332 0.5523679852485657 0.48850300908088684 0.5709440112113953 0.45175701379776 0.6001369953155518 0.08274800330400467 0.9673409983515739 0.09160300344228745 0.9567940011620522 0.11404000222682953 0.9635800011456013 0.1095689982175827 0.933179996907711 0.46222400665283203 0.5737220048904419 0.05407100170850754 0.7963099926710129 0.0621040016412735 0.7700469940900803 0.043063998222351074 0.7752469927072525 0.04190700128674507 0.8823480010032654 0.5180739760398865 0.5359289944171906 0.5737339854240417 0.5472770035266876 0.5630800127983093 0.5459350049495697 0.44387099146842957 0.5649169981479645 0.08647900074720383 0.8983400017023087 0.31114500761032104 0.5795910060405731 0.34790900349617004 0.675482988357544 0.3747369945049286 0.6471959948539734 0.29082199931144714 0.6934449970722198 0.6653079986572266 0.5978020131587982 0.2632550001144409 0.6708190143108368 0.1367509961128235 0.893434002995491 0.09032800048589706 0.9125360026955605 0.1451829969882965 0.9287519976496696 0.07199899852275848 0.6654979884624481 0.3606089949607849 0.3821079730987549 0.4265170097351074 0.4859359860420227 0.2972620129585266 0.9747509993612766 0.659932017326355 0.5642290115356445 0.14044900238513947 0.9124289974570274 0.22933700680732727 0.631632000207901 0.42569899559020996 0.48393499851226807 0.15025800466537476 0.658187985420227 0.43893900513648987 0.5142450034618378 0.3479270040988922 0.4896780252456665 0.20179300010204315 0.5425930023193359 0.7314069867134094 0.6046839952468872 0.7137219905853271 0.6046839952468872 0.7227870225906372 0.6241900026798248 0.7349420189857483 0.6336759924888611 0.7345309853553772 0.5748380124568939 0.7222399711608887 0.5878109931945801 0.147257000207901 0.5568189918994904 0.1942089945077896 0.5580190122127533 0.1759980022907257 0.5644930005073547 0.33943799138069153 0.5232560038566589 0.2214840054512024 0.7919600009918213 0.2117840051651001 0.9590910002589226 0.4416019916534424 0.5114890038967133 0.34786298871040344 0.4958900213241577 0.3364349901676178 0.5377750098705292 0.4272019863128662 0.4844759702682495</float_array>
                    <technique_common>
                        <accessor count="319" source="#uvarray3" stride="2">
                            <param name="S" type="float"/>
                            <param name="T" type="float"/>
                        </accessor>
                    </technique_common>
                </source>
                <vertices id="vertices3">
                    <input semantic="POSITION" source="#points3"/>
                </vertices>
                <polylist count="630" material="Material1">
                    <input offset="0" semantic="VERTEX" source="#vertices3"/>
                    <input offset="1" semantic="TEXCOORD" source="#uvs3" set="0"/>
                    <vcount>3 3 3 3 3 3 3 3 3 3 3 3 3 3 3 3 3 3 3 3 3 3 3 3 3 3 3 3 3 3 3 3 3 3 3 3 3 3 3 3 3 3 3 3 3 3 3 3 3 3 3 3 3 3 3 3 3 3 3 3 3 3 3 3 3 3 3 3 3 3 3 3 3 3 3 3 3 3 3 3 3 3 3 3 3 3 3 3 3 3 3 3 3 3 3 3 3 3 3 3 3 3 3 3 3 3 3 3 3 3 3 3 3 3 3 3 3 3 3 3 3 3 3 3 3 3 3 3 3 3 3 3 3 3 3 3 3 3 3 3 3 3 3 3 3 3 3 3 3 3 3 3 3 3 3 3 3 3 3 3 3 3 3 3 3 3 3 3 3 3 3 3 3 3 3 3 3 3 3 3 3 3 3 3 3 3 3 3 3 3 3 3 3 3 3 3 3 3 3 3 3 3 3 3 3 3 3 3 3 3 3 3 3 3 3 3 3 3 3 3 3 3 3 3 3 3 3 3 3 3 3 3 3 3 3 3 3 3 3 3 3 3 3 3 3 3 3 3 3 3 3 3 3 3 3 3 3 3 3 3 3 3 3 3 3 3 3 3 3 3 3 3 3 3 3 3 3 3 3 3 3 3 3 3 3 3 3 3 3 3 3 3 3 3 3 3 3 3 3 3 3 3 3 3 3 3 3 3 3 3 3 3 3 3 3 3 3 3 3 3 3 3 3 3 3 3 3 3 3 3 3 3 3 3 3 3 3 3 3 3 3 3 3 3 3 3 3 3 3 3 3 3 3 3 3 3 3 3 3 3 3 3 3 3 3 3 3 3 3 3 3 3 3 3 3 3 3 3 3 3 3 3 3 3 3 3 3 3 3 3 3 3 3 3 3 3 3 3 3 3 3 3 3 3 3 3 3 3 3 3 3 3 3 3 3 3 3 3 3 3 3 3 3 3 3 3 3 3 3 3 3 3 3 3 3 3 3 3 3 3 3 3 3 3 3 3 3 3 3 3 3 3 3 3 3 3 3 3 3 3 3 3 3 3 3 3 3 3 3 3 3 3 3 3 3 3 3 3 3 3 3 3 3 3 3 3 3 3 3 3 3 3 3 3 3 3 3 3 3 3 3 3 3 3 3 3 3 3 3 3 3 3 3 3 3 3 3 3 3 3 3 3 3 3 3 3 3 3 3 3 3 3 3 3 3 3 3 3 3 3 3 3 3 3 3 3 3 3 3 3 3 3 3 3 3 3 3 3 3 3 3 3 3 3 3 3 3 3 3 3 3 3 3 3 3 3 3 3 3 3 3 3 3 3 3 3 3 3 3 3 3 3 3 3 3 3 3 3 3 3 3 3 3 3 3 3 3 3 3 3 3 3 3 3 3 3 3 3 3 3 3 3 3 3 3 3 3 3 3 3</vcount>
                    <p>2 2 1 1 0 0 3 3 2 2 0 0 4 4 2 2 3 3 5 5 4 4 3 3 8 8 7 7 6 6 9 9 8 8 6 6 12 12 11 11 10 10 13 13 12 12 10 10 16 16 15 15 14 14 17 17 16 16 14 14 20 4 19 2 18 3 21 5 20 4 18 3 24 20 23 19 22 18 25 21 24 20 22 18 28 4 27 2 26 3 29 5 28 4 26 3 32 23 31 22 30 17 20 24 32 23 30 17 35 2 34 1 33 0 36 3 35 2 33 0 39 26 38 1 37 25 40 27 39 26 37 25 43 30 42 29 41 28 19 2 43 30 41 28 45 31 44 0 38 1 39 26 45 31 38 1 47 28 46 25 34 1 35 2 47 28 34 1 50 34 49 33 48 32 51 35 50 34 48 32 41 28 37 25 38 1 19 2 41 28 38 1 54 38 53 37 52 36 55 39 54 38 52 36 58 42 57 41 56 40 59 43 58 42 56 40 62 46 61 45 60 44 63 47 62 46 60 44 66 46 65 48 64 44 67 47 66 46 64 44 70 42 69 41 68 40 71 49 70 42 68 40 72 50 71 49 68 40 73 51 72 50 68 40 76 54 75 53 74 52 77 55 76 54 74 52 80 58 79 57 78 56 81 59 80 58 78 56 77 55 74 52 82 60 83 61 77 55 82 60 65 48 72 50 73 51 64 44 65 48 73 51 86 64 85 63 84 62 87 65 86 64 84 62 90 67 89 66 88 17 28 24 90 67 88 17 93 70 92 69 91 68 94 71 93 70 91 68 19 2 38 1 44 0 18 3 19 2 44 0 97 73 96 72 95 51 93 74 97 73 95 51 98 75 34 1 46 25 99 27 98 75 46 25 31 22 100 76 43 14 30 17 31 22 43 14 89 66 102 77 101 14 88 17 89 66 101 14 104 30 103 29 47 28 35 2 104 30 47 28 105 31 33 0 34 1 98 75 105 31 34 1 108 80 107 79 106 78 109 81 108 80 106 78 27 2 111 1 110 0 26 3 27 2 110 0 113 28 112 25 111 1 27 2 113 28 111 1 114 31 110 0 111 1 115 75 114 31 111 1 118 84 117 83 116 82 119 71 118 84 116 82 122 87 121 86 120 85 123 88 122 87 120 85 125 90 124 89 15 15 16 16 125 90 15 15 127 92 126 91 125 90 16 16 127 92 125 90 130 94 129 93 128 17 131 24 130 94 128 17 101 30 132 29 113 28 27 2 101 30 113 28 115 75 111 1 112 25 133 27 115 75 112 25 136 97 135 96 134 95 137 98 136 97 134 95 131 4 35 2 36 3 138 5 131 4 36 3 140 100 55 39 139 99 141 101 140 100 139 99 127 92 16 16 17 17 4 24 127 92 17 17 79 57 24 20 25 21 142 102 79 57 25 21 145 105 144 104 143 103 146 106 145 105 143 103 148 75 1 1 147 25 149 27 148 75 147 25 14 30 151 29 150 28 2 2 14 30 150 28 129 93 152 107 104 14 128 17 129 93 104 14 153 31 0 0 1 1 148 75 153 31 1 1 150 28 147 25 1 1 2 2 150 28 1 1 120 85 155 108 154 40 118 51 120 85 154 40 158 42 157 41 156 40 159 109 158 42 156 40 161 111 160 110 134 95 162 112 161 111 134 95 162 112 134 95 135 96 163 113 162 112 135 96 165 46 164 114 94 44 166 47 165 46 94 44 123 88 120 85 118 51 119 44 123 88 118 51 169 117 168 116 167 115 170 118 169 117 167 115 170 118 167 115 171 119 172 120 170 118 171 119 175 123 174 122 173 121 137 98 175 123 173 121 173 121 176 124 136 97 137 98 173 121 136 97 134 95 160 110 175 123 137 98 134 95 175 123 179 127 178 126 177 125 180 128 179 127 177 125 182 130 181 129 81 59 183 131 182 130 81 59 177 125 185 133 184 132 180 128 177 125 184 132 187 135 186 134 179 127 180 128 187 135 179 127 126 91 161 111 162 112 125 90 126 91 162 112 125 90 162 112 163 113 124 89 125 90 163 113 184 132 188 136 187 135 180 128 184 132 187 135 191 137 190 122 189 121 192 138 191 137 189 121 189 121 194 124 193 139 192 138 189 121 193 139 164 114 97 73 93 74 94 44 164 114 93 74 74 52 75 53 191 137 192 138 74 52 191 137 193 139 82 60 74 52 192 138 193 139 74 52 197 142 196 141 195 140 198 143 197 142 195 140 200 145 199 144 196 141 197 142 200 145 196 141 32 23 202 147 201 146 31 22 32 23 201 146 167 115 177 125 178 126 171 119 167 115 178 126 168 116 185 133 177 125 167 115 168 116 177 125 201 146 203 148 100 76 31 22 201 146 100 76 205 150 204 149 97 73 164 114 205 150 97 73 170 118 172 120 102 77 89 66 170 118 102 77 90 67 169 117 170 118 89 66 90 67 170 118 208 153 207 152 206 151 209 154 208 153 206 151 211 156 210 155 207 152 208 153 211 156 207 152 202 147 76 54 77 55 201 146 202 147 77 55 201 146 77 55 83 61 203 148 201 146 83 61 214 84 213 158 212 157 60 71 214 84 212 157 217 161 216 160 215 159 61 45 217 161 215 159 208 153 209 154 152 107 129 93 208 153 152 107 130 94 211 156 208 153 129 93 130 94 208 153 220 164 219 163 218 162 221 165 220 164 218 162 218 162 223 167 222 166 221 165 218 162 222 166 225 121 224 124 220 164 221 165 225 121 220 164 222 166 226 168 225 121 221 165 222 166 225 121 73 84 228 170 227 169 64 71 73 84 227 169 230 172 229 171 72 50 65 48 230 172 72 50 232 42 231 41 154 40 155 108 232 42 154 40 233 46 123 88 119 44 234 47 233 46 119 44 96 72 159 109 156 40 95 51 96 72 156 40 199 144 236 174 235 173 196 141 199 144 235 173 235 173 237 175 195 140 196 141 235 173 195 140 53 37 54 38 238 176 57 177 53 37 238 176 215 159 59 43 56 40 214 51 215 159 56 40 239 178 50 34 51 35 240 179 239 178 51 35 210 155 223 167 218 162 207 152 210 155 218 162 207 152 218 162 219 163 206 151 207 152 219 163 50 34 239 178 13 13 10 10 50 34 13 13 61 45 215 159 214 51 60 44 61 45 214 51 107 79 241 181 157 180 158 182 107 79 157 180 126 91 117 83 242 183 122 87 15 15 121 86 243 186 154 185 231 184 242 183 117 83 154 185 149 188 233 46 148 187 155 108 244 189 232 42 121 86 245 190 155 108 117 83 118 84 154 185 246 191 15 15 122 87 119 71 116 82 234 192 153 194 116 82 247 193 248 196 20 24 21 195 121 86 15 15 124 89 160 110 242 183 249 197 245 190 163 113 135 96 160 110 249 197 175 123 174 122 249 197 243 186 104 14 152 107 250 198 250 198 99 200 103 199 105 194 251 201 138 195 47 28 99 27 46 25 105 31 36 3 33 0 103 29 99 27 47 28 131 4 128 203 252 202 185 133 253 204 184 132 188 136 253 204 254 186 255 205 179 127 186 134 165 46 166 47 115 187 255 205 186 134 256 189 255 205 178 126 179 127 90 67 91 68 92 69 90 67 92 69 169 117 184 132 253 204 188 136 166 47 114 206 115 187 133 200 205 150 165 46 91 68 114 194 166 192 164 114 165 46 205 150 255 205 257 207 178 126 258 208 40 200 42 199 45 194 248 196 21 195 41 28 40 27 37 25 45 31 18 3 44 0 42 29 40 27 41 28 20 4 30 203 259 202 45 31 21 5 18 3 30 203 43 30 259 202 19 2 20 4 259 202 248 196 32 23 20 24 43 14 258 208 42 199 84 62 261 210 260 209 262 211 260 209 261 210 264 213 263 212 181 129 81 59 181 129 80 58 266 215 265 214 263 212 87 65 264 217 267 216 269 219 78 56 268 218 86 64 270 221 198 220 267 223 182 130 200 222 197 224 198 220 270 221 181 129 263 212 271 225 78 56 79 57 142 102 263 226 84 62 260 209 261 210 272 227 268 218 261 210 85 63 198 220 264 217 84 62 263 226 226 230 140 229 273 228 52 36 139 99 55 39 256 231 107 79 158 182 106 78 107 79 256 231 186 134 275 233 274 232 49 33 52 36 53 37 140 229 276 235 55 234 278 237 226 230 277 236 279 238 136 97 176 124 105 31 138 5 36 3 128 203 104 30 252 202 35 2 131 4 252 202 251 201 130 94 131 24 104 14 250 198 103 199 251 201 131 24 138 195 252 202 104 30 35 2 14 14 15 15 246 191 246 191 149 200 151 199 153 194 247 193 5 195 150 28 149 27 147 25 153 31 3 3 0 0 151 29 149 27 150 28 4 4 17 203 280 202 153 31 5 5 3 3 17 203 14 30 280 202 2 2 4 4 280 202 247 193 127 92 4 24 14 14 246 191 151 199 247 193 4 24 5 195 43 14 100 76 258 208 197 224 270 221 200 222 262 240 144 104 260 239 267 223 200 222 270 221 87 65 270 241 86 64 274 232 265 214 109 242 146 106 8 8 13 13 281 243 7 7 143 103 282 244 91 68 90 67 139 99 52 36 283 245 284 246 283 245 52 36 238 247 276 235 226 230 275 233 186 134 187 135 176 250 173 249 285 248 48 32 57 177 58 251 287 253 286 252 278 237 288 254 275 233 187 135 289 256 58 251 243 255 53 37 57 177 48 32 278 237 225 257 226 230 286 252 287 253 174 258 190 260 290 259 176 250 48 32 58 251 289 256 240 179 232 262 291 261 69 264 291 261 244 263 292 266 189 265 190 260 292 266 293 267 189 265 288 254 187 135 188 136 157 180 294 269 254 268 173 249 287 253 285 248 278 237 286 252 225 257 51 35 232 262 240 179 232 262 244 263 291 261 295 271 69 264 70 270 189 265 293 267 194 272 25 275 22 274 296 273 13 13 8 8 12 12 239 178 145 105 146 106 262 240 281 243 143 103 108 80 109 81 266 276 290 259 190 260 244 277 174 258 243 279 224 278 176 250 290 259 244 277 297 280 188 136 254 186 297 280 254 186 194 272 298 281 108 80 266 276 49 33 53 37 48 32 256 189 274 232 106 282 300 284 299 283 274 232 299 283 301 285 274 232 226 230 276 235 140 229 55 234 276 235 54 286 256 189 186 134 274 232 302 287 265 214 274 232 239 178 146 106 13 13 144 104 298 281 266 276 144 104 145 105 303 288 239 178 303 288 145 105 240 179 303 288 239 178 298 281 304 289 108 80 303 288 304 289 298 281 144 104 303 288 298 281 305 290 291 261 69 264 263 226 260 209 266 291 283 245 284 246 10 10 94 71 91 68 166 192 133 200 306 292 205 150 101 14 102 77 306 292 307 293 92 69 95 84 96 72 204 149 257 207 159 109 256 189 158 42 133 188 165 46 115 187 156 185 307 293 95 84 254 186 156 185 157 184 205 150 102 77 204 149 169 117 92 69 307 293 204 149 102 77 172 120 185 133 307 293 253 204 257 207 171 119 178 126 240 179 291 261 305 290 285 248 292 266 190 260 188 136 297 280 194 272 241 181 295 271 157 180 254 268 294 269 70 270 293 267 288 254 188 136 176 250 285 248 190 260 293 267 188 136 194 272 172 120 257 207 204 149 168 116 307 293 185 133 257 207 256 189 159 109 307 293 156 185 253 204 253 204 156 185 254 186 256 189 257 207 255 205 308 294 57 177 238 176 226 230 308 295 238 247 257 207 159 109 96 72 268 218 142 102 261 210 301 285 302 287 274 232 7 7 8 8 143 103 54 286 276 235 238 247 240 179 309 296 303 288 141 101 139 99 283 245 303 288 309 296 304 289 143 103 8 8 146 106 306 292 133 200 132 199 114 194 282 244 29 195 113 28 133 27 112 25 114 31 26 3 110 0 132 29 133 27 113 28 28 4 88 203 310 202 114 31 29 5 26 3 88 203 101 30 310 202 40 188 66 46 39 187 265 214 311 297 271 225 23 19 311 297 302 287 25 275 296 273 281 243 68 185 312 298 73 84 244 186 68 185 69 184 144 104 266 276 260 239 261 210 142 102 281 299 143 103 144 104 262 240 109 242 265 214 266 215 230 172 100 76 229 171 202 147 228 170 312 298 229 171 100 76 203 148 75 53 312 298 313 300 314 301 83 61 82 60 75 53 313 300 191 137 6 6 7 7 296 273 24 20 311 297 23 19 12 12 8 8 9 9 79 57 80 58 311 297 174 258 224 278 286 252 97 73 204 149 96 72 92 69 93 70 95 84 200 222 183 131 315 302 318 305 317 304 316 303 200 145 315 306 236 174 269 308 319 307 316 303 272 227 198 220 319 309 237 175 198 143 195 140 200 145 236 174 199 144 317 304 269 308 316 303 315 306 318 305 316 303 183 131 318 310 315 302 235 173 236 174 316 303 235 173 316 303 237 175 269 219 268 218 272 227 317 311 78 56 269 219 318 310 78 56 317 311 183 131 81 59 318 310 114 194 91 68 282 244 205 150 306 292 102 77 10 10 49 33 50 34 227 169 45 194 67 192 320 312 71 49 314 301 312 298 68 185 313 300 40 200 230 172 66 46 67 47 45 206 39 187 191 137 313 300 190 122 313 300 68 185 244 186 52 36 49 33 284 246 71 49 320 312 254 189 314 301 71 49 72 50 32 23 228 170 202 147 32 23 227 169 228 170 314 301 203 148 83 61 320 312 82 60 193 139 321 313 141 101 283 245 311 297 181 129 271 225 79 57 311 297 24 20 25 21 281 299 142 102 51 35 231 314 232 262 66 46 67 47 39 187 320 312 194 124 254 189 10 10 284 246 49 33 203 148 314 301 229 171 76 54 312 298 75 53 190 122 313 300 244 186 320 312 193 139 194 124 84 62 85 63 261 210 311 297 80 58 181 129 157 180 295 271 294 269 257 207 172 120 171 119 169 117 307 293 168 116 45 194 227 169 248 196 64 71 227 169 67 192 258 208 100 76 230 172 295 271 70 270 294 269 305 290 69 264 295 271 309 296 295 271 304 289 304 289 295 271 241 181 241 181 107 79 108 80 106 282 274 232 109 242 267 216 270 241 87 65 312 298 228 170 73 84 72 50 229 171 314 301 264 213 181 129 182 130 296 273 7 7 281 243 6 6 296 273 22 274 71 49 254 189 70 42 320 312 314 301 82 60 65 48 66 46 230 172 262 211 261 210 281 299 23 19 302 287 301 285 222 166 322 315 226 168 63 47 105 206 98 187 99 200 217 161 62 46 212 157 105 194 63 192 61 45 62 46 217 161 324 317 323 316 219 163 209 154 323 316 216 160 210 155 325 318 223 167 323 316 243 189 59 43 325 318 56 185 322 315 322 315 56 185 308 186 243 189 323 316 324 317 59 43 215 159 216 160 323 316 209 154 206 151 211 156 325 318 210 155 231 314 289 256 243 255 48 32 289 256 51 35 51 35 289 256 231 314 241 181 108 80 304 289 263 212 265 214 271 225 78 56 142 102 268 218 261 210 198 220 272 227 233 46 234 47 148 187 279 238 176 124 244 189 279 238 135 96 136 97 127 92 116 82 117 83 127 92 117 83 126 91 175 123 249 197 174 122 234 47 153 206 148 187 149 200 122 87 233 46 116 82 153 194 234 192 123 88 233 46 122 87 279 238 245 190 135 96 124 89 245 190 121 86 161 111 242 183 160 110 279 238 155 108 245 190 242 183 154 185 249 197 249 197 154 185 243 186 155 108 279 238 244 189 155 108 120 85 121 86 245 190 124 89 163 113 126 91 242 183 161 111 264 217 87 65 84 62 265 214 302 287 311 297 267 223 264 213 182 130 85 63 86 64 198 220 318 310 81 59 78 56 324 317 220 164 224 124 62 46 63 47 98 187 324 317 224 124 243 189 324 317 219 163 220 164 130 94 212 157 213 158 130 94 213 158 211 156 27 2 28 4 310 202 282 244 90 67 28 24 101 14 306 292 132 199 282 244 28 24 29 195 40 200 258 208 230 172 248 196 227 169 32 23 310 202 101 30 27 2 259 202 43 30 19 2 149 200 246 191 122 87 247 193 116 82 127 92 280 202 14 30 2 2 251 201 212 157 130 94 99 200 250 198 217 161 277 236 226 230 273 228 278 237 277 236 287 253 174 258 287 253 173 249 275 233 300 284 274 232 283 245 10 10 11 11 11 11 321 313 283 245 237 175 316 303 319 307 316 303 236 174 315 306 200 222 182 130 183 131 269 219 272 227 319 309 319 307 198 143 237 175 202 147 312 298 76 54 309 296 305 290 295 271 240 179 305 290 309 296 225 257 286 252 224 278 105 194 212 157 251 201 60 71 212 157 63 192 250 198 152 107 217 161 213 158 214 84 56 185 216 160 323 316 59 43 59 43 243 189 58 42 99 188 62 46 98 187 325 318 213 158 56 185 308 186 56 185 57 184 217 161 152 107 216 160 211 156 213 158 325 318 216 160 152 107 209 154 223 167 325 318 322 315 323 316 206 151 219 163 223 167 322 315 222 166 226 168 322 315 308 186</p>
                </polylist>
            </mesh>
        </geometry>
        <geometry id="mesh4">
            <mesh>
                <source id="points4">
                    <float_array id="pointarray4" count="978">-333.0208489031786 198.53897600622446 -16.521230931396428 -330.0208451633407 189.92548701461845 -16.10060570932706 -328.73941944599187 193.30166409670636 -21.486804206764873 -330.4581455781798 199.31122431614648 -22.560510935325915 -334.48942813260703 212.846251109213 -22.43529965451719 -331.9581268884956 209.82782840652334 -23.759355081773638 -243.64668490799104 203.35494144316613 7.819547408592979 -241.64715147213983 204.88268705728396 21.47450615770521 -235.64713141161172 209.13356841387088 20.62150057273981 -236.709194913373 206.41561667945786 7.925906106050668 -239.9900348358494 209.18569400048747 -4.329325051544936 -241.52085723524158 210.81429697731488 -17.030569791250088 -249.02075075195808 208.10309635557223 -20.001557787957022 -247.6462570099929 207.49070093688982 -5.0449997136715 -340.27083731189 223.24338308984812 -18.385276339280907 -338.67743523573796 223.85853227629738 -8.17027104426883 -335.92727148136856 213.68542703352978 -12.368973148041784 -336.1458460221209 214.86783450956636 -17.612406265356036 -341.55280471482575 221.00466699704435 2.8936328305668546 -340.5841999560792 207.97696106259627 7.976525716943661 -338.9277498861099 207.14775152415126 2.1318373948814346 -339.42772226337576 217.20346946087503 0.6981652002976824 -244.39814426673374 214.83359648824026 50.11768942970725 -240.4603778866146 235.59994094446796 40.988195444638585 -237.55387856315443 222.94492602399183 34.42082168431764 -242.14781030494638 209.72315112706676 40.59120447546591 -330.1787323900143 216.5451859528538 30.506069024544118 -327.428860460293 201.18488736375846 35.226724474157585 -326.11614369266874 202.0649043334147 28.78464470935217 -327.8036454304338 213.31264845783164 28.14271451713177 -343.20892776778237 236.7085114245279 -1.8150737068868716 -345.8342718570358 234.85205290416087 8.439164998408556 -341.6467353608257 223.35788541937347 8.072034589609203 -315.36384871438355 194.63816833762678 -38.38768865899831 -310.14510183136383 186.17434280170423 -37.77418630086292 -309.48871145780873 189.3263129048112 -42.105041465737834 -312.6449341562975 193.96061302271477 -43.1952129291983 -336.17793511474997 204.73325371808397 7.739129689760203 -338.0841634308299 195.82476839731248 7.64905980536966 -335.7406327442757 200.26922896998207 13.838117797234364 -334.24074306644866 208.05287130517536 16.609555682544993 -340.27190263849303 221.61981553002363 13.108627521129355 -337.89696561793613 217.51302345395624 15.217663925470998 -337.61566757068016 208.00482455268687 14.387692126245275 -335.7089250434766 206.973710741553 -0.06290273801351765 -336.80275084028796 199.97089737166476 2.6022458920341003 -313.4265615790084 195.48562193568884 -32.16702071220663 -309.7703103641258 190.56716569966625 -31.89967321736183 -264.30205423263726 208.23630726239838 -18.43401740628115 -264.8329138507445 209.8894736231369 -30.039969313582233 -277.6766608199416 212.21138683444565 -30.272583571287164 -279.11456650765024 211.67062890975228 -18.284170859416736 -280.61373167364405 226.03116882535866 -43.770649632726034 -277.98888276104344 215.44166822613863 -38.66569753989122 -265.0201278801084 216.5434515875477 -38.877206139584146 -267.86374519944565 232.44117826704206 -43.766843021834084 -298.0203855419312 222.0139647485712 -31.62189857746982 -296.05132310461687 224.46472559843116 -40.9800272465602 -306.01998190006566 225.78018295219795 -43.74894366735437 -306.0828492848241 224.55792784880848 -32.84725266473134 -302.89534419417157 199.61990577364907 -31.460476718182008 -303.2392066507682 212.60308922237166 -28.946578806519863 -301.92628205605126 210.2803195634204 -41.315702782474766 -301.6762684433702 199.29541697571008 -41.03993302889298 -324.64692286589377 207.9994372186832 14.54428837047015 -320.5845214481202 223.87972681223818 16.470874637861733 -322.05275474344415 221.6199315878103 1.383456215243662 -325.61523535736194 207.57002873610185 1.6778982435171481 -304.303108743791 222.792945171013 11.743426718730454 -304.7403065743578 225.13917838734466 2.694280042715666 -321.02155447280154 237.4875653465167 1.8711371702617674 -319.7094595038436 238.04423785235767 13.772619444591125 -321.8032588997508 234.32737168326616 15.457261645701365 -323.61523453310247 234.2689224436278 0.008396653313555547 -332.24023583692184 262.59506666540176 -1.6988488727816344 -323.1152136809756 264.90528661454744 -2.493962702719693 -323.02179595511257 268.1999938623296 7.094719057819999 -332.553040734607 264.006325727901 7.199138137182917 -251.80478541074228 203.99825874607524 62.31179076404485 -244.80462089978803 198.46362807534146 57.80503221069968 -252.24212111492326 189.43869678972453 58.36738182593588 -260.96101555195685 200.1956095380088 61.960748777231636 -321.27218748710715 263.9761230163509 18.89299638059792 -329.14720599786625 261.1996029833203 19.60944680552646 -277.21004165077915 185.9636432247847 34.137815822579924 -270.0850108751452 186.93524758108703 33.17114490076508 -274.6163510290512 202.51078711911651 34.867992016411904 -282.2726141208303 195.47815687605822 35.68702659833313 -334.49112006080003 230.22856817021378 26.35259198921671 -335.36646490244414 228.27733672288343 36.634872639546984 -330.39767194150585 218.70127070679348 35.959050285434486 -316.67864403230624 228.79396193485582 27.14770962756095 -322.4909808431986 230.80985496050806 22.21440582398539 -318.3659176289913 216.33481532925623 21.243616086202945 -311.178613121806 218.35949329910017 26.879904501633874 -313.8353562647133 230.2948096438177 40.67668919043486 -312.39787805807924 234.6908361178685 41.048044168719265 -315.52241410971016 234.28849539138375 27.400800073229856 -311.20762377253624 192.8890554451154 -37.5414008772619 -311.3016197362054 196.3974842578699 -30.50935493389322 -341.2096796913993 234.96716352734046 20.450524139174664 -331.30432702100086 228.6899432117362 47.280701612905546 -328.89784996179606 217.32822984659188 41.28972323313971 -320.4577557419811 205.35086274701263 -34.420506803725615 -317.80159288817725 203.44416247655857 -31.734875912254708 -310.0198932108455 195.06796180278997 -44.47001731182597 -278.0850455499826 221.9017337145303 32.038119832148276 -288.64764199339055 220.8942141846915 34.94209337424521 -287.1167652369987 231.85556413448833 45.26568348124419 -279.0542437756896 232.75496197192393 44.57795967880096 -324.42881872287484 191.98359201398208 34.563829999197566 -324.1473960385286 195.63868231114373 29.249806046736477 -323.36658542347317 203.46140184004076 41.71589612214222 -321.2103002821352 196.60353001133745 41.10295857816064 -323.74106083441353 201.71105462907133 26.36475997745728 -323.3038446543809 198.94491041532805 34.89904647447576 -319.48943044641857 225.56622959209994 -23.15069263864199 -324.7392245285386 225.87107597690593 -29.237712344705773 -321.4267421974528 211.4698911205681 -27.829541575647433 -315.64573418437936 213.76031417324128 -20.839529001977397 -321.9900256430579 213.20586091979177 -4.849353532659387 -324.8337720745734 226.40185080272192 -5.767727295268289 -319.5836467771838 226.37348671234798 -9.45824895928636 -316.5524367487446 216.5244808956321 -7.673367083422665 -339.98958714874664 233.58434271451944 -19.027312318919044 -338.8961902388366 232.533406657047 -8.55740487362598 -336.92675802866296 225.08468264477398 -28.20225340755512 -336.7705072429176 232.6373992413674 -28.690821036954233 -322.5197851466082 215.57814460046603 -48.91863297573408 -325.3638201893369 213.18676830846243 -40.371463138251364 -321.238848093536 206.13900223280032 -39.1147915217934 -319.1449499174489 204.62994154990864 -43.388329982019236 -325.6166678123304 214.06251714652683 43.490490900377935 -320.7416431816713 203.2769234183769 43.42937139235909 -308.49004113889197 253.9891539808997 -6.905638603258209 -323.7087650168021 255.7393266311753 -7.783533014423524 -322.8959089324981 259.770228395498 -18.525275948653977 -307.9584590806963 256.9300381157974 -16.872197332102957 -316.23865511193935 202.60767038137675 -44.584026489036326 -260.7075776970635 246.64581671168054 -42.21094018185732 -253.926413131159 223.43258235530948 -38.26273607634115 -249.3639573860536 230.15579729047838 -37.37282101186799 -242.27296615673012 192.7989465527695 46.22686891411917 -263.80296022253066 205.58513885317225 8.427762487231067 -263.8347613239374 206.68162252976396 24.60047029581764 -251.02217958411663 204.07048282745853 22.3528214847366 -251.89671154592367 203.39031439038155 8.60221403015547 -329.14585601992223 196.49487645590332 -16.18548131026596 -328.9273134185204 194.37102786400968 -9.942821367174089 -329.2086507607358 200.64274525002187 -7.755436509091773 -333.7711188034244 210.67155502211097 -9.315254379772433 -331.1460704883541 200.75627211615924 -10.127992991496512 -324.5829318237871 214.10123342798283 -29.77088172586037 -327.67684686772037 199.01641665785715 -23.97773378841231 -314.86482817989395 229.73399272763976 -11.686727712732207 -315.0832037812542 229.45931389141157 -22.702869471926252 -299.7102166656457 224.26465312819192 36.934709857393464 -301.11621469007616 221.51443386994308 29.67875253172963 -313.1473946020186 233.8384410190144 26.853706365538347 -309.99152685037626 233.91707548146056 38.11330031827304 -328.39554668045287 251.52382154344411 -28.692326786245445 -321.2080606750488 254.8310984861567 -28.483602784698032 -331.27087585423396 254.19498083523888 -19.1566348118651 -330.5524807989569 251.76337244502002 -8.546999886775989 -311.7414982944624 204.39671511240093 39.09087394119673 -308.6478235361781 220.92761669326097 40.28953558084858 -313.2411562707159 203.96353906057197 29.038525330678826 -334.2411267799692 237.80493596056834 26.08372905514481 -325.3661318201959 257.8546677193773 24.996899985646394 -325.61649065264294 259.2106994918899 35.48768194408267 -334.9602265764628 238.6688472761878 36.33855023393323 -322.3356161373908 256.5700512565061 46.71553112033333 -331.36686617175087 237.42385911576395 47.896221178797234 -306.6456452308287 253.42845438621453 -25.905166541771308 -299.6769328994776 256.83683220598823 -25.005031298849527 -302.55230668526974 260.49638941805114 -14.215585890089304 -302.36513784451995 258.9038642121841 -4.358594634831408 -302.8042621662421 256.8959168914547 43.631882173200495 -314.8355928400393 260.4795579797088 45.788202176313064 -316.52271631780144 264.7507309518217 34.4293300024097 -303.7727026868199 260.2523773247018 34.30505764964748 -282.2731334028225 195.60447924244102 50.98183970654395 -265.46091040985965 207.63582105333586 58.40378217983233 -271.14835250576346 193.81336810187716 57.549093860646394 -317.74110426467814 261.1104846146158 23.98437211700563 -304.70986981899875 258.39971943439406 24.61000406506921 -294.8976419195505 258.21513076453914 32.64001231831833 -291.74174779310704 255.09319169709482 43.319600060682006 -299.5848319914948 258.18778146690744 23.508421736284667 -310.5527281953447 260.2527696213781 -1.779329718885685 -305.17770701951434 259.6164170213349 -2.3640501993669467 -303.740533848527 261.5692669965977 7.146881632646683 -309.9592857380476 263.4474594708237 7.0867191123708935 -303.74089069488065 260.0444457200044 17.7566647629519 -309.20962523678463 260.18560257102826 17.292342268778494 -282.52292542252565 179.3661839836129 45.85355379929265 -287.71040123380465 175.53664340509033 45.376638670737044 -284.08523545158454 174.48431520206682 40.556150466255964 -278.8351199233936 176.7961277253301 37.00930806097031 -284.27313671080896 188.1745179368964 51.53713879591216 -287.67930333639936 180.51995551015278 49.55183147428696 -342.08393629637993 244.1890215676016 -2.0246931564694144 -344.20928513657196 245.0852440651389 8.19993196098122 -340.303447283617 243.59781434143187 20.43712037819772 -313.33553305595944 217.83017519901335 46.65461558508771 -316.7105528551828 231.03357160974093 46.42439378760735 -326.89507365192316 222.36458832734218 -40.83500895245704 -322.70763429403905 242.54538736440645 -40.29147568561169 -322.176752402456 240.57033526445628 -29.32206021316415 -326.2391874843108 221.67868012277205 -30.07104057898816 -323.644785630707 222.22082122942123 -49.31372298308655 -319.6760972090528 240.73986717309316 -48.640202949609076 -307.3637229822547 219.80418593740103 -43.64350905171376 -311.9260280943547 218.93831770996422 -49.333335133354744 -306.05106849364137 207.27140904420583 -47.42377702024661 -307.2705029099202 208.57607246365734 -27.33529372281125 -312.5830373643836 219.4456129573287 -26.989859302005275 -307.7079137277183 220.57496944544857 -30.702789203036126 -305.20810463424294 246.20013783376208 -26.656048090825355 -316.5517912490591 245.63829712906926 -28.48950229529573 -316.2389243198608 249.2729378481486 -39.526420861649505 -304.20774535828394 248.60485014854095 -37.39163250969392 -313.9573842187234 245.24566705898542 -47.82713388118313 -302.58247383840666 245.71797310012334 -45.215063599631065 -296.64531038436047 252.26723803224897 -35.70095030509502 -298.2705914578566 251.25870161856395 -27.355941779221194 -293.61380984905463 248.9828484386386 -42.88147249201317 -330.5213021774582 235.61505232927382 -5.448467569621808 -328.1150535094153 220.7605575673271 -4.493808159235581 -324.6158709097512 221.5216977326691 19.547124140602772 -326.02218665776775 235.1480853339593 20.64492425049746 -302.8335944926779 222.38475977147195 -10.752929028820693 -300.5519900956889 221.08686314797026 -21.116551349483647 -318.4273259046103 202.41155400474133 -10.070168188664791 -317.6457277780254 201.73394732080155 -20.28725867105748 -282.6168779618461 182.57438486918733 51.62443866954042 -279.52302194776297 177.731902394544 48.79879222635371 -278.64777805370574 175.506121505847 41.74870884483073 -290.9574720770517 230.23995586751855 -44.312980401870135 -263.3024860082541 208.85960054552348 -5.74851626677094 -279.4898761840129 216.49258946566835 -9.455538286559378 -290.11612119504053 217.2545324287674 27.18626162162739 -322.86424965677935 242.32794593978247 -29.511291524730616 -301.55184707795206 226.02767313257772 -25.635587809120025 -305.11508520689887 232.72974772658046 -4.296899195820864 -322.42755574639267 241.25185147018541 -5.690509853390903 -334.2086887515726 216.49104696144377 -7.612586661596577 -333.02054155341284 215.21094476945234 -26.60581212131153 -338.9901493033184 219.87904520234468 -1.6167448911066407 -310.55181798581197 239.53180349456954 -27.325205261831414 -317.1766663425293 206.43985107666185 -29.754857509876665 -314.6448339614729 205.18738906368858 -46.83968355194665 -318.86384767521895 199.84095465956995 -38.73897853196975 -309.67849685788633 244.80056336287032 21.82441821048221 -304.3347037377127 230.30495135872144 21.44706323640718 -302.61681311981505 247.16100114987105 45.73331143010156 -295.42927806176846 231.56038808698543 45.66166140237018 -313.39815124179773 245.87998030943345 48.408912910301524 -336.6783463649653 218.88326115359905 18.986200629254903 -341.1154599954094 214.29649770781657 7.8829392711916535 -255.27255096064758 191.40658657921978 34.07713336381548 -263.0226070391233 206.29628777013812 34.812027812459355 -251.86625419339927 202.42199034488766 32.020224572633154 -267.7104639490966 208.68835537011472 45.18223841790309 -281.9292190678754 200.19109217522495 45.8564607525019 -264.42940874435686 238.10116758059164 49.110185948378756 -268.7726856142032 219.6275076229942 36.30594051998984 -284.8979997145233 194.95797138960893 47.08200560694112 -250.33544531375455 184.79831986584753 46.10553148560849 -266.0229755639648 181.06968606970904 47.226467328122126 -285.1789862444047 188.36523006571218 39.72412214556384 -261.96076145001905 217.2517518176922 53.421624485215325 -264.2102931942273 180.786395673737 41.86974481776259 -274.48893238079603 258.22681529609446 -39.83992203421113 -285.64761681428763 262.2205006241705 31.653528967185256 -283.2417043647394 255.76439840597033 41.9986033414109 -283.6137311552435 233.99096772761249 -44.27647802119573 -289.73921075853565 263.8641780443701 -31.984121389413538 -294.6140535593319 256.34787735229054 -36.15349900469014 -311.9900933507175 240.74333786485627 -4.5508434429610585 -334.92709776414983 207.2828066657081 -17.093643635064087 -243.77262949977037 206.02265457520457 35.491105023858346 -329.27229931557025 218.64413041340305 24.98176559147824 -248.08293657145367 214.56661320459762 -29.65834870187919 -254.55168004513806 211.59638397249978 -29.66774912512615 -300.5214021983197 263.6208669798706 -4.226246820082072 -297.8330405862978 255.82313914881345 -29.136327065401694 -295.7395350038154 264.3782100170087 -22.460792447015603 -293.27235167259096 262.5859839162931 23.817479680155945 -298.67684743936724 220.29287167026254 -25.271497053313038 -307.9276300175404 249.04110803825245 -3.981575598630543 -303.92755864526794 223.9516082558945 -4.538688693332322 -299.7092224954627 263.57491680459634 5.215358804712862 -297.30331875883905 263.03234632740975 15.45278718296715 -302.11590422581367 220.67291447184272 20.581594390460573 -291.4906627765061 216.5958481626554 13.717801177745967 -240.70998479537653 209.14773004050556 31.034323694993077 -302.1472228091737 248.80484673781524 20.869107766789753 -276.02212356065854 214.5312452521545 20.05683809491548 -261.05414925644396 258.7037744667063 40.1938770457007 -276.42904401366883 261.5690429108999 36.91567663282635 -251.89794353697968 251.79593171254322 41.924602325491335 -251.58563877070648 240.75385596667178 48.35834133989037 -275.1465730529359 211.9927122180884 3.990502110367487 -281.5846156175696 217.29690827996018 19.652243997788197 -289.3652514493853 218.33314035378277 1.4894805511965226 -326.2105660926087 219.17508443478047 47.54506912977017 -320.36598250151417 247.22808657553293 21.251582244228622 -295.0511953209988 231.14474273797975 -45.1572728769693 -281.83405974875706 218.96285000301208 3.1688150030125413 -329.2726464654465 210.58006986657048 35.70876813769333 -251.17966456917407 219.9465433463314 57.767980923429924 -326.5213406837707 251.61952902028725 -5.299897860984668 -316.55260955693404 247.6519279246004 -4.499066837083212 -321.3659715644768 249.40144862790905 20.795336818775894 -273.8357543644232 189.43284467339777 54.92688198560362 -266.52317452220035 184.15620984985242 52.89931315445035 -270.67937679001454 180.91482297698042 51.69237548543492 -270.273253048701 188.05542924617777 54.9730493857244 -268.08536194125594 179.74458281993446 43.95976748413572 -312.67846125302947 247.21852923099487 20.62613558482245 -245.0516907025948 218.1033289856937 -29.754497824453836 -304.39487416421093 233.72443854884222 -47.41330109561532 -312.92679761047077 232.972156932043 -27.521461649470872 -305.3018304918538 233.94125136166488 -26.612075908166762 -312.98853089129403 233.75725248749436 -50.16410690755299</float_array>
                    <technique_common>
                        <accessor count="326" source="#pointarray4" stride="3">
                            <param name="X" type="float"/>
                            <param name="Y" type="float"/>
                            <param name="Z" type="float"/>
                        </accessor>
                    </technique_common>
                </source>
                <source id="uvs4">
                    <float_array id="uvarray4" count="638">0.7035109996795654 0.6797829866409302 0.7562239766120911 0.6797829866409302 0.7372000217437744 0.7031959891319275 0.7081480026245117 0.7071389853954315 0.6511690020561218 0.699288010597229 0.6633239984512329 0.7087750136852264 0.12187600135803223 0.8079310059547424 0.08294700086116791 0.8007709980010986 0.08287300169467926 0.7775920033454895 0.12182299792766571 0.7885150015354156 0.1637129932641983 0.7897329926490784 0.19265499711036682 0.7908959984779358 0.2128629982471466 0.8188409954309464 0.1675720065832138 0.8064730018377304 0.3922410011291504 0.3963159918785095 0.3677240014076233 0.39798200130462646 0.374673992395401 0.37122201919555664 0.39161598682403564 0.38312000036239624 0.2065100073814392 0.6471019983291626 0.2221820056438446 0.7028540074825287 0.18309399485588074 0.6977579891681671 0.17742399871349335 0.66771399974823 0.41624799370765686 0.40748900175094604 0.3934890031814575 0.40157997608184814 0.41120201349258423 0.37067699432373047 0.7222509980201721 0.6797829866409302 0.7372000217437744 0.6555159986019135 0.709201991558075 0.6427940130233765 0.6506209969520569 0.6629100143909454 0.6629130244255066 0.6499370038509369 0.7070969939231873 0.6515730023384094 0.709201991558075 0.7159169912338257 0.20776399970054626 0.8646370023488998 0.23938299715518951 0.8662479966878891 0.2397100031375885 0.8978839963674545 0.20654800534248352 0.9028860032558441 0.2980180084705353 0.9078459963202477 0.2643510103225708 0.8993410021066666 0.25935399532318115 0.8647020012140274 0.2991510033607483 0.8736889958381653 0.2878279983997345 0.5476289987564087 0.275501012802124 0.5483860075473785 0.27803000807762146 0.4725610017776489 0.3156130015850067 0.48683100938796997 0.31878599524497986 0.3338009715080261 0.318244993686676 0.39813798666000366 0.28004199266433716 0.37665802240371704 0.28134000301361084 0.33450400829315186 0.31797999143600464 0.39778298139572144 0.31715500354766846 0.4760810136795044 0.3196460008621216 0.431922972202301 0.2773970067501068 0.40738600492477417 0.40990498661994934 0.4948509931564331 0.4155479967594147 0.5235610008239746 0.39316099882125854 0.5251779854297638 0.3939250111579895 0.49478399753570557 0.21195200085639954 0.6109150052070618 0.19662900269031525 0.6166270077228546 0.1883160024881363 0.5998409986495972 0.2129649966955185 0.5921559929847717 0.364547997713089 0.5287449955940247 0.36665600538253784 0.4981729984283447 0.10354399681091309 0.5236980020999908 0.11695600301027298 0.5620549917221069 0.07552800327539444 0.5931200087070465 0.07019899785518646 0.5485070049762726 0.4167490005493164 0.40632200241088867 0.392987996339798 0.39890801906585693 0.4671199917793274 0.40487098693847656 0.44068199396133423 0.4288650155067444 0.44466400146484375 0.3769959807395935 0.4671199917793274 0.3785359859466553 0.3188750147819519 0.43372398614883423 0.3231459856033325 0.46727001667022705 0.2787190079689026 0.40333402156829834 0.7219650149345398 0.6797829866409302 0.36546701192855835 0.4052770137786865 0.3671090006828308 0.4009609818458557 0.05029499903321266 0.90693199634552 0.04961499944329262 0.9329710006713867 0.01726900041103363 0.9371509999036789 0.02059200033545494 0.9176430031657219 0.4671199917793274 0.40858298540115356 0.4410330057144165 0.4267429709434509 0.4427970051765442 0.3742939829826355 0.33290401101112366 0.37972497940063477 0.339042991399765 0.4331210255622864 0.32038500905036926 0.43169498443603516 0.3178139925003052 0.394195020198822 0.39316099882125854 0.42203497886657715 0.37109100818634033 0.42183899879455566 0.41715899109840393 0.4047060012817383 0.4139440059661865 0.424439013004303 0.41787099838256836 0.4055889844894409 0.3945930004119873 0.39622002840042114 0.36215001344680786 0.550489991903305 0.36568498611450195 0.524614006280899 0.3911280035972595 0.5245980024337769 0.39249101281166077 0.5500400066375732 0.29515600204467773 0.7965199947357178 0.2574320137500763 0.825995996594429 0.2641569972038269 0.7943840026855469 0.17159900069236755 0.6258650124073029 0.12065500020980835 0.8627039939165115 0.08090099692344666 0.8608710020780563 0.07396599650382996 0.8235740065574646 0.1190750002861023 0.8303110003471375 0.3671410083770752 0.39855098724365234 0.3132210075855255 0.4886869788169861 0.3146960139274597 0.4832019805908203 0.4116150140762329 0.494966983795166 0.4155479967594147 0.5206229984760284 0.3913300037384033 0.49668002128601074 0.36806899309158325 0.4964680075645447 0.3146040141582489 0.39606499671936035 0.41408801078796387 0.42545199394226074 0.4119580090045929 0.4976649880409241 0.39214301109313965 0.49632298946380615 0.3943049907684326 0.4226059913635254 0.3672429919242859 0.4951760172843933 0.37015300989151 0.4226459860801697 0.4167959988117218 0.5418489873409271 0.4196940064430237 0.5635449886322021 0.39152801036834717 0.6007469892501831 0.3586310148239136 0.5840669870376587 0.3695020079612732 0.5334169864654541 0.36664000153541565 0.5240170061588287 0.3932049870491028 0.5264250040054321 0.39295199513435364 0.5400429964065552 0.21634800732135773 0.5159440040588379 0.23272299766540527 0.5872809886932373 0.2083750069141388 0.5577000081539154 0.4155479967594147 0.5239630043506622 0.4217759966850281 0.5383340120315552 0.39291998744010925 0.60104900598526 0.3651390075683594 0.5691860020160675 0.427605003118515 0.5708540081977844 0.4150550067424774 0.5409039855003357 0.39138299226760864 0.5458390116691589 0.3643290102481842 0.5451920032501221 0.7758970260620117 0.6048280000686646 0.8161870241165161 0.6048280000686646 0.8088480234146118 0.5805610120296478 0.7808499932289124 0.5678400099277496 0.7808499932289124 0.6409629881381989 0.8088480234146118 0.6282410025596619 0.4137130081653595 0.42606300115585327 0.39483800530433655 0.4233250021934509 0.3693389892578125 0.426563024520874 0.3326770067214966 0.38430798053741455 0.3367379903793335 0.43541401624679565 0.39499199390411377 0.42192602157592773 0.3930610120296478 0.49777501821517944 0.36547398567199707 0.49922800064086914 0.3700070083141327 0.4226570129394531 0.41526898741722107 0.42524397373199463 0.4130519926548004 0.4964640140533447 0.43042799830436707 0.42472702264785767 0.4450080096721649 0.3745480179786682 0.3310930132865906 0.382269024848938 0.3395040035247803 0.4374160170555115 0.3210020065307617 0.4543139934539795 0.3599669933319092 0.5490629971027374 0.36231300234794617 0.5290029942989349 0.39307400584220886 0.5279830098152161 0.3920319974422455 0.5483329892158508 0.4155479967594147 0.5229460000991821 0.41790398955345154 0.5386959910392761 0.4074139893054962 0.5635449886322021 0.4403260052204132 0.42679500579833984 0.4457339942455292 0.37718498706817627 0.32942599058151245 0.3882039785385132 0.337895005941391 0.43876999616622925 0.7797949910163879 0.6321850121021271 0.7761840224266052 0.6048280000686646 0.7787449955940247 0.5766179859638214 0.2970130145549774 0.9567140005528927 0.2752639949321747 0.9569879993796349 0.1707810014486313 0.8600309938192368 0.1779550015926361 0.9062040001153946 0.07350199669599533 0.9339739978313446 0.06930500268936157 0.9611460007727146 0.038499001413583755 0.9569879993796349 0.4251820147037506 0.4810919761657715 0.4704119861125946 0.4722660183906555 0.47231799364089966 0.508897989988327 0.4494450092315674 0.548893004655838 0.29939401149749756 0.31072700023651123 0.32329899072647095 0.31503498554229736 0.31400901079177856 0.5513240098953247 0.3495340049266815 0.49016302824020386 0.36195799708366394 0.38237202167510986 0.4412190020084381 0.3338009715080261 0.4205310046672821 0.38175302743911743 0.424466997385025 0.3339809775352478 0.4190860092639923 0.35950201749801636 0.4227440059185028 0.3714450001716614 0.43896999955177307 0.5160340070724487 0.35935598611831665 0.374625027179718 0.363290011882782 0.3339809775352478 0.3662639856338501 0.3599119782447815 0.42476800084114075 0.3724120259284973 0.637956976890564 0.6797829866409302 0.679610013961792 0.6797829866409302 0.4426180124282837 0.5196569859981537 0.34726598858833313 0.5262759923934937 0.2783510088920593 0.3153660297393799 0.35936298966407776 0.48553597927093506 0.35876700282096863 0.36927998065948486 0.13274499773979187 0.6165289878845215 0.09253600239753723 0.6425049901008606 0.12275400012731552 0.6402010023593903 0.26788800954818726 0.5688410103321075 0.2448129951953888 0.5203840136528015 0.284604012966156 0.6284320056438446 0.28922900557518005 0.5928510129451752 0.03247400000691414 0.5605840086936951 0.03207499906420708 0.5358740091323853 0.164341002702713 0.6038720011711121 0.16109199821949005 0.567781001329422 0.14968299865722656 0.49201101064682007 0.1324079930782318 0.5246480107307434 0.19291800260543823 0.506848007440567 0.20930199325084686 0.4861209988594055 0.1571049988269806 0.5051000118255615 0.25532299280166626 0.6077829897403717 0.0454070009291172 0.6209610104560852 0.1476289927959442 0.5716679990291595 0.619018018245697 0.633556991815567 0.6060420274734497 0.6086359918117523 0.6175699830055237 0.5680800080299377 0.01696299947798252 0.9554320015013218 0.3861069977283478 0.6268880069255829 0.3625810146331787 0.6011030077934265 0.6501129865646362 0.5894300043582916 0.6425150036811829 0.624576985836029 0.5922110080718994 0.593535989522934 0.5881249904632568 0.5642209947109222 0.33578601479530334 0.5362400114536285 0.046316999942064285 0.8664249926805496 0.037365999072790146 0.8245079964399338 0.06397099792957306 0.5176720023155212 0.30765900015830994 0.5850909948348999 0.03017899952828884 0.8098549991846085 0.4226120114326477 0.38112497329711914 0.2347009927034378 0.8043230026960373 0.23689700663089752 0.8358059972524643 0.6619009971618652 0.5743100047111511 0.5419949889183044 0.5536180138587952 0.518580973148346 0.5713649988174438 0.5288019776344299 0.5490469932556152 0.2422569990158081 0.9556850008666515 0.5664740204811096 0.5599139928817749 0.5609380006790161 0.5757980048656464 0.41845500469207764 0.6079519987106323 0.22807499766349792 0.9688109997659922 0.22452199459075928 0.9553290009498596 0.5961250066757202 0.5514380037784576 0.5550069808959961 0.5594690144062042 0.5169259905815125 0.5423640012741089 0.5075079798698425 0.5467379987239838 0.18283399939537048 0.9606919996440411 0.163565993309021 0.9605880007147789 0.1638530045747757 0.970975000411272 0.1434819996356964 0.960452001541853 0.4879879951477051 0.5521590113639832 0.48860499262809753 0.5707359910011292 0.4518589973449707 0.599929004907608 0.09171599894762039 0.9568930007517338 0.08286099880933762 0.9674389995634556 0.11415299773216248 0.9636779986321926 0.10968200117349625 0.933279000222683 0.4623259902000427 0.5644449889659882 0.06221799924969673 0.7701459974050522 0.05418400093913078 0.7964089959859848 0.04317700117826462 0.7753459960222244 0.04202000051736832 0.8824459984898567 0.5181750059127808 0.5357199907302856 0.56318199634552 0.5457260012626648 0.5738360285758972 0.5470690131187439 0.44397300481796265 0.5647079944610596 0.08659300208091736 0.8984389975667 0.31124600768089294 0.5793820023536682 0.34801000356674194 0.6752740144729614 0.37483900785446167 0.6469869911670685 0.2909240126609802 0.6932359933853149 0.6654099822044373 0.5975930094718933 0.263357013463974 0.6706109941005707 0.13686400651931763 0.8935329988598824 0.09044100344181061 0.9126349985599518 0.14529600739479065 0.9288510009646416 0.07209999859333038 0.6652899980545044 0.360711008310318 0.38190001249313354 0.4266180098056793 0.4857270121574402 0.29737499356269836 0.9748500008136034 0.6600340008735657 0.5640209913253784 0.1405619978904724 0.9125270023941994 0.22943900525569916 0.6314240097999573 0.42580100893974304 0.48372697830200195 0.15035900473594666 0.6579790115356445 0.43904000520706177 0.5140359997749329 0.3480280041694641 0.4894700050354004 0.20189400017261505 0.5423850119113922 0.7137510180473328 0.6048280000686646 0.731436014175415 0.6048280000686646 0.7228170037269592 0.6243340075016022 0.7349709868431091 0.6338199973106384 0.7345600128173828 0.5749819874763489 0.7222689986228943 0.5879549980163574 0.1473580002784729 0.5566099882125854 0.1943099945783615 0.5578100085258484 0.1761000007390976 0.564285010099411 0.3395400047302246 0.523047000169754 0.22159700095653534 0.7920590043067932 0.21189700067043304 0.9591899998486042 0.44170400500297546 0.5112800002098083 0.34796398878097534 0.4956809878349304 0.3365370035171509 0.5375669896602631 0.4273039996623993 0.484266996383667</float_array>
                    <technique_common>
                        <accessor count="319" source="#uvarray4" stride="2">
                            <param name="S" type="float"/>
                            <param name="T" type="float"/>
                        </accessor>
                    </technique_common>
                </source>
                <vertices id="vertices4">
                    <input semantic="POSITION" source="#points4"/>
                </vertices>
                <polylist count="630" material="Material1">
                    <input offset="0" semantic="VERTEX" source="#vertices4"/>
                    <input offset="1" semantic="TEXCOORD" source="#uvs4" set="0"/>
                    <vcount>3 3 3 3 3 3 3 3 3 3 3 3 3 3 3 3 3 3 3 3 3 3 3 3 3 3 3 3 3 3 3 3 3 3 3 3 3 3 3 3 3 3 3 3 3 3 3 3 3 3 3 3 3 3 3 3 3 3 3 3 3 3 3 3 3 3 3 3 3 3 3 3 3 3 3 3 3 3 3 3 3 3 3 3 3 3 3 3 3 3 3 3 3 3 3 3 3 3 3 3 3 3 3 3 3 3 3 3 3 3 3 3 3 3 3 3 3 3 3 3 3 3 3 3 3 3 3 3 3 3 3 3 3 3 3 3 3 3 3 3 3 3 3 3 3 3 3 3 3 3 3 3 3 3 3 3 3 3 3 3 3 3 3 3 3 3 3 3 3 3 3 3 3 3 3 3 3 3 3 3 3 3 3 3 3 3 3 3 3 3 3 3 3 3 3 3 3 3 3 3 3 3 3 3 3 3 3 3 3 3 3 3 3 3 3 3 3 3 3 3 3 3 3 3 3 3 3 3 3 3 3 3 3 3 3 3 3 3 3 3 3 3 3 3 3 3 3 3 3 3 3 3 3 3 3 3 3 3 3 3 3 3 3 3 3 3 3 3 3 3 3 3 3 3 3 3 3 3 3 3 3 3 3 3 3 3 3 3 3 3 3 3 3 3 3 3 3 3 3 3 3 3 3 3 3 3 3 3 3 3 3 3 3 3 3 3 3 3 3 3 3 3 3 3 3 3 3 3 3 3 3 3 3 3 3 3 3 3 3 3 3 3 3 3 3 3 3 3 3 3 3 3 3 3 3 3 3 3 3 3 3 3 3 3 3 3 3 3 3 3 3 3 3 3 3 3 3 3 3 3 3 3 3 3 3 3 3 3 3 3 3 3 3 3 3 3 3 3 3 3 3 3 3 3 3 3 3 3 3 3 3 3 3 3 3 3 3 3 3 3 3 3 3 3 3 3 3 3 3 3 3 3 3 3 3 3 3 3 3 3 3 3 3 3 3 3 3 3 3 3 3 3 3 3 3 3 3 3 3 3 3 3 3 3 3 3 3 3 3 3 3 3 3 3 3 3 3 3 3 3 3 3 3 3 3 3 3 3 3 3 3 3 3 3 3 3 3 3 3 3 3 3 3 3 3 3 3 3 3 3 3 3 3 3 3 3 3 3 3 3 3 3 3 3 3 3 3 3 3 3 3 3 3 3 3 3 3 3 3 3 3 3 3 3 3 3 3 3 3 3 3 3 3 3 3 3 3 3 3 3 3 3 3 3 3 3 3 3 3 3 3 3 3 3 3 3 3 3 3 3 3 3 3 3 3 3 3 3 3 3 3 3 3 3 3 3 3 3 3 3 3 3 3 3 3 3 3 3 3 3 3 3 3 3 3 3 3 3 3 3 3 3 3 3 3 3 3 3 3 3</vcount>
                    <p>2 2 1 1 0 0 3 3 2 2 0 0 3 3 0 0 4 4 5 5 3 3 4 4 8 8 7 7 6 6 9 9 8 8 6 6 12 12 11 11 10 10 13 13 12 12 10 10 16 16 15 15 14 14 17 17 16 16 14 14 20 3 19 0 18 4 21 5 20 3 18 4 24 20 23 19 22 18 25 21 24 20 22 18 28 3 27 0 26 4 29 5 28 3 26 4 32 17 31 23 30 22 18 24 32 17 30 22 35 2 34 1 33 0 36 3 35 2 33 0 39 26 38 1 37 25 40 27 39 26 37 25 43 30 42 29 41 28 19 0 43 30 41 28 38 1 45 2 44 31 37 25 38 1 44 31 34 1 47 26 46 30 33 0 34 1 46 30 50 34 49 33 48 32 51 35 50 34 48 32 38 1 39 26 43 30 19 0 38 1 43 30 54 38 53 37 52 36 55 39 54 38 52 36 58 42 57 41 56 40 59 43 58 42 56 40 62 46 61 45 60 44 63 47 62 46 60 44 66 46 65 48 64 44 67 47 66 46 64 44 70 42 69 41 68 40 71 49 70 42 68 40 70 42 71 49 72 50 73 51 70 42 72 50 76 54 75 53 74 52 77 55 76 54 74 52 80 58 79 57 78 56 81 59 80 58 78 56 82 60 76 54 77 55 83 61 82 60 77 55 73 51 72 50 65 48 66 46 73 51 65 48 86 64 85 63 84 62 87 65 86 64 84 62 90 17 89 67 88 66 26 24 90 17 88 66 93 70 92 69 91 68 94 71 93 70 91 68 45 2 38 1 19 0 20 3 45 2 19 0 97 51 96 73 95 72 91 74 97 51 95 72 47 26 34 1 98 75 99 27 47 26 98 75 41 16 100 76 31 23 32 17 41 16 31 23 102 16 101 77 89 67 90 17 102 16 89 67 46 30 104 29 103 28 33 0 46 30 103 28 34 1 35 2 105 31 98 75 34 1 105 31 108 80 107 79 106 78 109 81 108 80 106 78 111 2 110 1 27 0 28 3 111 2 27 0 110 1 113 26 112 30 27 0 110 1 112 30 110 1 111 2 114 31 115 75 110 1 114 31 118 84 117 83 116 82 119 71 118 84 116 82 122 87 121 86 120 85 123 88 122 87 120 85 15 15 125 90 124 89 14 14 15 15 124 89 124 89 127 92 126 91 14 14 124 89 126 91 130 17 129 94 128 93 131 24 130 17 128 93 112 30 132 29 102 28 27 0 112 30 102 28 113 26 110 1 115 75 133 27 113 26 115 75 136 97 135 96 134 95 137 98 136 97 134 95 36 3 33 0 131 4 138 5 36 3 131 4 140 100 55 39 139 99 141 101 140 100 139 99 17 17 14 14 126 91 4 24 17 17 126 91 25 21 22 18 79 57 142 102 25 21 79 57 145 105 144 104 143 103 146 106 145 105 143 103 148 26 1 1 147 75 149 27 148 26 147 75 151 30 150 29 16 28 0 0 151 30 16 28 103 16 152 107 129 94 130 17 103 16 129 94 1 1 2 2 153 31 147 75 1 1 153 31 1 1 148 26 151 30 0 0 1 1 151 30 155 42 154 108 122 87 116 51 155 42 122 87 158 42 157 41 156 40 159 109 158 42 156 40 136 97 161 111 160 110 162 112 136 97 160 110 135 96 136 97 162 112 163 113 135 96 162 112 94 46 165 114 164 44 166 47 94 46 164 44 116 51 122 87 123 88 119 46 116 51 123 88 169 117 168 116 167 115 170 118 169 117 167 115 171 119 169 117 170 118 172 120 171 119 170 118 175 123 174 122 173 121 137 98 175 123 173 121 134 95 176 124 175 123 137 98 134 95 175 123 173 121 161 111 136 97 137 98 173 121 136 97 179 127 178 126 177 125 180 128 179 127 177 125 81 59 182 130 181 129 183 131 81 59 181 129 185 133 184 132 179 127 180 128 185 133 179 127 177 125 187 135 186 134 180 128 177 125 186 134 162 112 160 110 127 92 124 89 162 112 127 92 163 113 162 112 124 89 125 90 163 113 124 89 186 134 188 136 185 133 180 128 186 134 185 133 191 123 190 122 189 137 192 138 191 123 189 137 194 139 193 124 191 123 192 138 194 139 191 123 91 74 95 72 165 114 94 46 91 74 165 114 189 137 75 53 76 54 192 138 189 137 76 54 76 54 82 60 194 139 192 138 76 54 194 139 197 142 196 141 195 140 198 143 197 142 195 140 196 141 200 145 199 144 195 140 196 141 199 144 202 147 201 146 30 22 31 23 202 147 30 22 178 126 179 127 169 117 171 119 178 126 169 117 179 127 184 132 168 116 169 117 179 127 168 116 100 76 203 148 202 147 31 23 100 76 202 147 95 72 205 150 204 149 165 114 95 72 204 149 101 77 172 120 170 118 89 67 101 77 170 118 170 118 167 115 88 66 89 67 170 118 88 66 208 153 207 152 206 151 209 154 208 153 206 151 207 152 211 156 210 155 206 151 207 152 210 155 77 55 74 52 201 146 202 147 77 55 201 146 83 61 77 55 202 147 203 148 83 61 202 147 214 158 213 157 212 82 62 71 214 158 212 82 217 161 216 160 215 159 61 45 217 161 215 159 152 107 209 154 206 151 129 94 152 107 206 151 206 151 210 155 128 93 129 94 206 151 128 93 220 164 219 163 218 162 221 165 220 164 218 162 223 167 222 166 220 164 221 165 223 167 220 164 218 162 225 124 224 123 221 165 218 162 224 123 224 123 226 168 223 167 221 165 224 123 223 167 228 170 227 169 73 82 66 71 228 170 73 82 72 50 230 172 229 171 65 48 72 50 229 171 155 42 232 41 231 40 154 108 155 42 231 40 119 46 123 88 233 44 234 47 119 46 233 44 158 42 159 109 96 73 97 51 158 42 96 73 236 174 235 173 200 145 196 141 236 174 200 145 197 142 237 175 236 174 196 141 197 142 236 174 238 176 52 36 53 37 57 177 238 176 53 37 58 42 59 43 217 161 212 51 58 42 217 161 51 35 48 32 239 178 240 179 51 35 239 178 220 164 222 166 211 156 207 152 220 164 211 156 219 163 220 164 207 152 208 153 219 163 207 152 13 13 239 178 48 32 12 12 13 13 48 32 212 51 217 161 61 45 62 46 212 51 61 45 157 181 241 180 107 79 156 182 157 181 107 79 127 92 242 183 117 83 120 85 121 86 15 15 243 186 232 185 155 184 242 183 155 184 117 83 149 188 147 187 233 44 154 108 231 40 244 189 121 86 154 108 245 190 117 83 155 184 116 82 246 191 120 85 15 15 119 71 234 192 118 84 153 194 247 193 118 84 248 196 21 195 18 24 121 86 125 90 15 15 161 111 249 197 242 183 245 190 135 96 163 113 161 111 173 121 249 197 174 122 243 186 249 197 103 16 250 198 152 107 250 198 104 200 99 199 105 194 138 195 251 201 46 30 47 26 99 27 105 31 35 2 36 3 104 29 46 30 99 27 131 4 252 203 130 202 184 132 185 133 253 204 188 136 254 186 253 204 255 205 187 135 177 125 164 44 115 187 166 47 255 205 256 189 187 135 255 205 177 125 178 126 88 66 92 69 93 70 88 66 167 115 92 69 185 133 188 136 253 204 166 47 115 187 114 206 133 199 164 44 204 149 93 70 166 192 114 194 165 114 204 149 164 44 255 205 178 126 257 207 258 208 42 200 40 199 44 194 21 195 248 196 43 30 39 26 40 27 44 31 45 2 20 3 42 29 43 30 40 27 18 4 259 203 32 202 44 31 20 3 21 5 32 202 259 203 41 28 19 0 259 203 18 4 248 196 18 24 30 22 41 16 42 200 258 208 86 64 261 210 260 209 262 211 260 209 261 210 264 213 182 130 263 212 81 59 78 56 182 130 266 215 263 212 265 214 87 65 267 217 264 216 269 219 268 218 80 58 84 62 198 221 270 220 267 223 199 222 181 129 195 224 270 220 198 221 182 130 271 225 263 212 80 58 142 102 79 57 263 226 261 210 86 64 260 209 268 218 272 227 260 209 198 221 85 63 264 216 263 226 86 64 226 230 273 229 139 228 54 38 55 39 140 100 256 231 156 182 107 79 108 80 256 231 107 79 187 135 275 233 274 232 49 33 53 37 54 38 139 228 55 235 276 234 278 237 277 236 226 230 279 238 176 124 134 95 105 31 36 3 138 5 130 202 252 203 103 28 33 0 252 203 131 4 251 201 131 24 128 93 103 16 104 200 250 198 251 201 138 195 131 24 252 203 33 0 103 28 16 16 246 191 15 15 246 191 150 200 149 199 153 194 5 195 247 193 151 30 148 26 149 27 153 31 2 2 3 3 150 29 151 30 149 27 4 4 280 203 17 202 153 31 3 3 5 5 17 202 280 203 16 28 0 0 280 203 4 4 247 193 4 24 126 91 16 16 150 200 246 191 247 193 5 195 4 24 41 16 258 208 100 76 195 224 199 222 270 220 262 240 261 239 144 104 267 223 270 220 199 222 87 65 84 62 270 241 275 233 109 242 265 214 146 106 13 13 6 6 281 243 145 105 7 7 282 244 88 66 93 70 140 100 283 245 54 38 284 246 54 38 283 245 238 247 226 230 276 234 274 232 186 134 187 135 176 250 285 249 175 248 50 34 56 251 57 177 287 253 278 237 286 252 288 254 186 134 274 232 289 256 243 255 56 251 53 37 50 34 57 177 278 237 226 230 224 257 286 252 174 258 287 253 190 260 176 250 290 259 50 34 289 256 56 251 240 179 291 262 231 261 69 264 244 263 291 262 292 266 190 260 191 265 292 266 191 265 293 267 288 254 188 136 186 134 157 181 254 269 294 268 175 248 285 249 287 253 278 237 224 257 286 252 51 35 240 179 231 261 231 261 291 262 244 263 295 271 68 270 69 264 191 265 193 272 293 267 25 275 296 274 24 273 13 13 10 10 6 6 239 178 146 106 143 103 262 240 145 105 281 243 106 78 266 276 109 81 290 259 244 277 190 260 174 258 225 279 243 278 176 250 244 277 290 259 297 280 254 186 188 136 297 280 193 272 254 186 298 281 266 276 106 78 49 33 50 34 53 37 256 189 108 282 275 233 300 284 275 233 299 283 299 283 275 233 301 285 226 230 139 228 276 234 55 235 52 286 276 234 256 189 275 233 187 135 302 287 275 233 265 214 239 178 13 13 146 106 144 104 266 276 298 281 144 104 303 288 143 103 239 178 143 103 303 288 240 179 239 178 303 288 298 281 106 78 304 289 303 288 298 281 304 289 144 104 298 281 303 288 305 290 69 264 291 262 263 226 266 291 261 210 283 245 12 12 284 246 94 71 166 192 93 70 133 199 204 149 306 292 102 16 306 292 101 77 307 293 97 82 92 69 96 73 257 207 205 150 159 109 156 40 256 189 133 188 115 187 164 44 158 184 97 82 307 293 254 186 157 185 158 184 204 149 205 150 101 77 167 115 307 293 92 69 205 150 172 120 101 77 184 132 253 204 307 293 257 207 178 126 171 119 240 179 305 290 291 262 285 249 190 260 292 266 188 136 193 272 297 280 241 180 157 181 295 271 254 269 68 270 294 268 293 267 188 136 288 254 176 250 190 260 285 249 293 267 193 272 188 136 172 120 205 150 257 207 168 116 184 132 307 293 257 207 159 109 256 189 307 293 253 204 158 184 253 204 254 186 158 184 256 189 255 205 257 207 308 294 238 176 57 177 226 230 238 247 308 295 257 207 96 73 159 109 268 218 260 209 142 102 301 285 275 233 302 287 7 7 145 105 6 6 52 286 238 247 276 234 240 179 303 288 309 296 141 101 283 245 140 100 303 288 304 289 309 296 145 105 146 106 6 6 306 292 132 200 133 199 114 194 29 195 282 244 112 30 113 26 133 27 114 31 111 2 28 3 132 29 112 30 133 27 26 4 310 203 90 202 114 31 28 3 29 5 90 202 310 203 102 28 40 188 37 187 64 44 265 214 271 225 311 297 23 19 302 287 311 297 25 275 281 243 296 274 70 184 73 82 312 298 244 186 69 185 70 184 144 104 261 239 266 276 260 209 281 299 142 102 145 105 262 240 144 104 109 242 266 215 265 214 229 171 230 172 100 76 201 146 312 298 227 169 230 172 203 148 100 76 75 53 313 300 312 298 314 301 82 60 83 61 75 53 189 137 313 300 8 8 296 274 7 7 22 18 23 19 311 297 10 10 9 9 6 6 79 57 311 297 78 56 174 258 286 252 225 279 95 72 96 73 205 150 92 69 97 82 91 68 199 222 315 302 183 131 318 305 317 304 316 303 199 144 235 173 315 306 269 308 317 304 319 307 272 227 319 309 198 221 237 175 197 142 198 143 199 144 200 145 235 173 316 303 317 304 269 308 315 306 317 304 318 305 183 131 315 302 318 310 236 174 317 304 235 173 236 174 237 175 317 304 269 219 272 227 268 218 316 311 269 219 80 58 318 310 316 311 80 58 183 131 318 310 81 59 114 194 282 244 93 70 204 149 101 77 306 292 12 12 48 32 49 33 228 170 67 192 44 194 320 312 314 301 71 49 312 298 313 300 70 184 40 199 64 44 229 171 67 47 37 187 44 206 189 137 190 122 313 300 313 300 244 186 70 184 54 38 284 246 49 33 71 49 254 189 320 312 314 301 72 50 71 49 30 22 201 146 227 169 30 22 227 169 228 170 314 301 83 61 203 148 320 312 194 139 82 60 321 313 283 245 141 101 311 297 271 225 182 130 79 57 22 18 311 297 25 21 142 102 281 299 51 35 231 261 232 314 64 44 37 187 67 47 320 312 254 189 193 124 12 12 49 33 284 246 203 148 230 172 314 301 74 52 75 53 312 298 190 122 244 186 313 300 320 312 193 124 194 139 86 64 260 209 85 63 311 297 182 130 78 56 157 181 294 268 295 271 257 207 171 119 172 120 167 115 168 116 307 293 44 194 248 196 228 170 66 71 67 192 228 170 258 208 229 171 100 76 295 271 294 268 68 270 305 290 295 271 69 264 309 296 304 289 295 271 304 289 241 180 295 271 241 180 106 78 107 79 108 282 109 242 275 233 267 217 87 65 270 241 312 298 73 82 227 169 72 50 314 301 230 172 264 213 181 129 182 130 296 274 281 243 7 7 8 8 24 273 296 274 71 49 68 40 254 189 320 312 82 60 314 301 65 48 229 171 64 44 262 211 281 299 260 209 23 19 301 285 302 287 223 167 226 168 322 315 63 47 98 187 105 206 99 199 60 44 215 159 214 158 63 192 105 194 61 45 215 159 60 44 324 317 219 163 323 316 209 154 216 160 323 316 211 156 222 166 325 318 323 316 59 43 243 189 325 318 322 315 58 184 322 315 308 186 58 184 243 189 324 317 323 316 59 43 216 160 217 161 323 316 208 153 209 154 210 155 211 156 325 318 232 314 243 255 289 256 50 34 51 35 289 256 51 35 232 314 289 256 241 180 304 289 106 78 263 212 271 225 265 214 80 58 268 218 142 102 260 209 272 227 198 221 233 44 147 187 234 47 279 238 244 189 176 124 279 238 134 95 135 96 126 91 117 83 118 84 126 91 127 92 117 83 173 121 174 122 249 197 234 47 147 187 153 206 149 199 233 44 120 85 118 84 234 192 153 194 123 88 120 85 233 44 279 238 135 96 245 190 125 90 121 86 245 190 160 110 161 111 242 183 279 238 245 190 154 108 242 183 249 197 155 184 249 197 243 186 155 184 154 108 244 189 279 238 154 108 121 86 122 87 245 190 163 113 125 90 127 92 160 110 242 183 264 216 86 64 87 65 265 214 311 297 302 287 267 223 181 129 264 213 85 63 198 221 84 62 318 310 80 58 81 59 324 317 225 124 218 162 60 44 98 187 63 47 324 317 243 189 225 124 324 317 218 162 219 163 128 93 213 157 214 158 128 93 210 155 213 157 27 0 310 203 26 4 282 244 26 24 88 66 102 16 132 200 306 292 282 244 29 195 26 24 40 199 229 171 258 208 248 196 30 22 228 170 310 203 27 0 102 28 259 203 19 0 41 28 149 199 120 85 246 191 247 193 126 91 118 84 280 203 0 0 16 28 251 201 128 93 214 158 99 199 215 159 250 198 277 236 273 229 226 230 278 237 287 253 277 236 174 258 175 248 287 253 274 232 275 233 300 284 283 245 11 11 12 12 11 11 283 245 321 313 237 175 319 307 317 304 317 304 315 306 235 173 199 222 183 131 181 129 269 219 319 309 272 227 319 307 237 175 198 143 201 146 74 52 312 298 309 296 295 271 305 290 240 179 309 296 305 290 224 257 225 279 286 252 105 194 251 201 214 158 62 71 63 192 214 158 250 198 215 159 152 107 213 157 58 184 212 82 216 160 59 43 323 316 59 43 56 40 243 189 99 188 98 187 60 44 325 318 58 184 213 157 308 186 57 185 58 184 215 159 216 160 152 107 210 155 325 318 213 157 216 160 209 154 152 107 222 166 322 315 325 318 323 316 219 163 208 153 222 166 223 167 322 315 226 168 308 186 322 315</p>
                </polylist>
            </mesh>
        </geometry>
    </library_geometries>
    <library_controllers>
        <controller id="controller0">
            <skin source="#mesh0">
                <bind_shape_matrix>1 0 0 0 0 1 0 0 0 0 1 0 0 0 0 1</bind_shape_matrix>
                <source id="joints0">
                    <Name_array id="JointArr0" count="35">jointnode-1 jointnode0 jointnode1 jointnode2 jointnode3 jointnode4 jointnode5 jointnode6 jointnode7 jointnode8 jointnode9 jointnode10 jointnode11 jointnode12 jointnode13 jointnode14 jointnode15 jointnode16 jointnode17 jointnode18 jointnode19 jointnode20 jointnode21 jointnode22 jointnode23 jointnode24 jointnode25 jointnode26 jointnode27 jointnode28 jointnode29 jointnode30 jointnode31 jointnode32 jointnode33</Name_array>
                    <technique_common>
                        <accessor source="#JointArr0" count="35">
                            <param name="JOINT" type="Name" />
                        </accessor>
                    </technique_common>
                </source>
                <source id="matrices0">
                    <float_array id="MatArr0" count="560">1 0 0 0 0 1 0 0 0 0 1 0 0 0 0 1 1 0 0 0 0 1 0 0 0 0 1 0 0 0 0 1 1 0 0 0 0 1 0 -125.14652252197266 0 0 1 0 0 0 0 1 1 0 0 0 0 1 0 0 0 0 1 -100 0 0 0 1 1 0 0 -100 0 1 0 0 0 0 1 0 0 0 0 1 1 0 0 100 0 1 0 0 0 0 1 0 0 0 0 1 1 0 0 0 0 1 0 -93 0 0 1 0 0 0 0 1 0.00004793836256601856 -0.9999999988509567 -4.386559881474326e-18 137.49999984200656 0.00004793836251091911 2.2980866055094973e-9 -0.9999999988509567 2.499999681140483 0.9999999977019134 0.00004793836251091911 0.00004793836256601856 -0.006711370751666425 0 0 0 1 0.00004782332063778632 -0.9999971262495844 0.0023969158313184714 124.99964171829647 -0.0000480531290230205 0.0023969135332384717 0.9999971262440761 -0.29961511597924 -0.9999999977019134 -0.00004793836251091881 -0.00004793836256589609 37.00671137075166 0 0 0 1 0.00004782332063778632 -0.9999971262495844 0.0023969158313184714 67.49964171829649 -0.0000480531290230205 0.0023969135332384717 0.9999971262440761 -1.4008841227083664 -0.9999999977019134 -0.00004793836251091881 -0.00004793836256589609 37.00671137075167 0 0 0 1 0.00004793836256601826 -0.9999999988509566 -4.826125313346229e-18 22.49968605221886 -0.000047938362510796644 -2.298086605503612e-9 0.9999999988509567 0.008468729012002334 -0.9999999977019135 -0.00004793836251091881 -0.000047938362565896096 37.00671137075167 0 0 0 1 -0.00004793606436910788 -0.00004794066059752197 0.9999999977019134 -39.991171702366906 -0.00004794066059753787 0.9999999977018031 0.00004793836251092393 -7.501603172127032 -0.9999999977019135 -0.00004793836251091881 -0.0000479383625658961 35.13171232442598 0 0 0 1 0.000047818713241344304 -0.999996891845205 0.0024927922697969397 124.99961051507236 -0.00004805771394552241 0.002492789971717479 0.9999968918394764 -0.31159775878161794 -0.9999999977019135 -0.00004793836251091882 -0.00004793836256589611 -36.993288629248326 0 0 0 1 0.000047823320637786314 -0.9999971262495845 0.002396915831318472 67.4996982663124 -0.00004805312902302051 0.0023969135332384717 0.9999971262440762 -1.3894651377945462 -0.9999999977019134 -0.000047938362510918806 -0.0000479383625658961 -36.99328762924834 0 0 0 1 0.00004793836256601825 -0.9999999988509567 -4.392444444352028e-18 22.499672397940877 -0.00004793836251079665 -2.2980866059372924e-9 0.9999999988509568 0.00751876100357246 -0.9999999977019135 -0.000047938362510918806 -0.00004793836256589611 -36.99328662924834 0 0 0 1 -0.000047936064369107886 -0.00004794066059752241 0.9999999977019135 -39.9921216710288 -0.000047940660597537865 0.9999999977018033 0.0000479383625109235 -7.501589563388977 -0.9999999977019135 -0.000047938362510918806 -0.000047938362565896116 -35.11828758292266 0 0 0 1 -0.00005985138241861646 0.9563793183791726 0.2921277045992067 -169.10735071738054 -0.000031843134712522794 -0.2921277067970492 0.9563793190505073 43.52902644002957 0.9999999977019134 0.00004793836251091912 0.000047938362566018563 -0.0067103707516689495 0 0 0 1 -0.00006286484824986218 0.39096106701218797 0.9204072142963148 -131.02548316433774 0.000025380781316995434 -0.9204072151947772 0.3909610691273635 261.89485037402295 0.9999999977019134 0.00004793836251091911 0.00004793836256601855 -0.006712370751663898 0 0 0 1 -0.000046248387799145025 -0.03465249956091137 0.9993994207198982 -22.428114625968526 0.00004957075581145842 -0.9993994206402635 -0.0346524972642049 300.43190337194613 0.9999999977019135 0.00004793836251091911 0.00004793836256601856 -0.006712370751663897 0 0 0 1 -0.000046248387799145025 -0.03465249956091137 0.9993994207198982 -22.428114625968526 0.00004957075581145842 -0.9993994206402635 -0.0346524972642049 300.43190337194613 0.9999999977019135 0.00004793836251091911 0.00004793836256601856 -0.006712370751663897 0 0 0 1 -0.00006775419710921674 0.6821265105339799 0.7312341752380732 -270.3094310614369 0.000002354140995087586 -0.731234176805659 0.6821265122144193 218.10085174198656 0.9999999977019135 0.00004793836251091911 0.000047938362566018563 -0.006715370751770011 0 0 0 1 0.9999999936836929 0.00009378562097094944 0.00006194248632959119 -30.01906052704241 -0.00005865078281781707 -0.0347004099718957 0.9993977577060438 1.0126899731265935 0.00009587856897378355 -0.9993977550265158 -0.0347004042521171 266.93915247579366 0 0 0 1 0.9999904334021903 -0.00005592806259605305 0.004373782819382028 -70.69834848500153 0.004373089457045055 0.034700491639343446 -0.999388188827839 -14.160184056744546 -0.00009587856897378297 0.9993977550265157 0.03470040425211697 -267.7417984571054 0 0 0 1 0.9999857810149835 -0.00008919772679454296 0.005331961329483986 -151.7585257098971 0.005331845379752623 0.034700422068410994 -0.9993835360526612 -15.259258167252806 -0.00009587856897378304 0.9993977550265158 0.034700404252116984 -242.72273641486908 0 0 0 1 0.999999993683693 0.00009378562097094944 0.00006194248632959146 -242.28429248805037 -0.00009587575724112339 0.999399417358999 0.034652494720188234 -242.72335168201582 -0.00005865537901202659 -0.03465250044009527 0.9993994200382528 12.974749529682699 0 0 0 1 0.999999993683693 0.00009378562097094944 0.00006194248632959146 -242.28429248805037 -0.00009587575724112339 0.999399417358999 0.034652494720188234 -242.72335168201582 -0.00005865537901202659 -0.03465250044009527 0.9993994200382528 12.974749529682699 0 0 0 1 -0.9999999994220473 -0.000002091103940722262 -0.000033934238692279426 -30.005635970857227 -0.00003384123995686916 -0.034700408782566826 0.9993977588953725 1.0126898065980399 -0.0000032673765463212217 0.9993977594661446 0.03470040869174603 -266.9391530974257 0 0 0 1 -0.9999999994220474 -0.000002091103940722262 -0.000033934238692279426 -71.27516722085724 0.00003384123995686916 0.03470040878256695 -0.9993977588953725 -13.85502836860979 0.000003267376546321226 -0.9993977594661446 -0.034700408691746155 267.7417990787375 0 0 0 1 -0.9999999994220474 -0.000002091103940722262 -0.000033934238692279426 -152.35004972818143 0.00003384123995686916 0.03470040878256695 -0.9993977588953725 -14.663736380713825 0.000003267376546321226 -0.9993977594661446 -0.034700408691746155 242.7247569187033 0 0 0 1 -0.9999999994220475 -0.0000020911039407222634 -0.000033934238692279426 -242.80396818521277 -0.0000032657542489361342 0.9993994217985709 0.03465249915976031 -242.7257384483803 0.00003384139655066564 0.03465249925055375 -0.9993994212277945 -13.397428471178142 0 0 0 1 -0.9999999994220475 -0.0000020911039407222634 -0.000033934238692279426 -242.27099418046726 -0.0000032657542489361342 0.9993994217985709 0.03465249915976031 -242.7233234483849 0.00003384139655066564 0.03465249925055375 -0.9993994212277945 -12.973660457462397 0 0 0 1 -0.00006427199705984874 0.445379870536635 0.8953417039264285 -137.70007198479982 0.000021570433460599227 -0.8953417049499499 0.44537987259420786 176.44104759866502 0.9999999977019134 0.000047938362510919104 0.00004793836256601856 -0.006711370751666423 0 0 0 1 0.00004779105963328499 -0.9999952923803331 0.003068050388614358 171.67179959198486 0.00004808521420215516 -0.003068048090538508 -0.9999952923732826 63.12624299439393 0.9999999977019135 0.00004793836251091912 0.000047938362566018563 -0.00671037075166895 0 0 0 1 0.000052472350985840505 -0.9950328951539136 -0.09954664639390615 146.79719605285698 0.00004292814447140837 0.09954664868057798 -0.9950328953826806 49.20017729711827 0.9999999977019134 0.00004793836251091912 0.000047938362566018563 -0.006710370751668951 0 0 0 1 0.000049842592355824644 -0.9991777227959721 -0.04054473805528654 116.99467960913536 -0.00004595529559233823 -0.040544740351483574 0.9991777228891477 -55.421607256246794 -0.9999999977019136 -0.000047938362510924085 -0.000047938362565896205 0.006710370751662164 0 0 0 1</float_array>
                    <technique_common>
                        <accessor source="#MatArr0" count="35" stride="16">
                            <param type="float4x4" />
                        </accessor>
                    </technique_common>
                </source>
                <source id="weights0">
                    <float_array id="WeightArr0" count="15">1 0.8999999761581421 0.10000000149011612 0.5 0.6000000238418579 0.20000000298023224 0.800000011920929 0.15000000596046448 0.8500000238418579 0.4000000059604645 0.25 0.75 0.05000000074505806 0.30000001192092896 0.699999988079071</float_array>
                    <technique_common>
                        <accessor source="#WeightArr0" count="1">
                            <param type="float" />
                        </accessor>
                    </technique_common>
                </source>
                <joints>
                    <input semantic="JOINT" source="#joints0" />
                    <input semantic="INV_BIND_MATRIX" source="#matrices0" />
                </joints>
                <vertex_weights count="1027">
                    <input semantic="JOINT" offset="0" source="#joints0" />
                    <input semantic="WEIGHT" offset="1" source="#weights0" />
                    <vcount>2 1 1 2 2 1 1 1 1 1 1 1 1 1 1 1 1 1 1 1 1 1 1 1 1 1 2 2 2 2 2 2 2 2 2 2 2 2 2 1 1 1 2 2 2 2 2 2 2 2 2 2 1 2 2 2 2 2 1 1 2 2 2 1 1 1 2 2 2 1 2 1 1 2 2 2 1 1 2 2 2 2 2 2 2 2 2 2 2 2 2 2 2 2 2 2 2 2 2 2 2 2 2 2 2 1 1 2 2 2 1 2 2 1 2 2 1 1 1 2 2 3 3 1 1 2 1 2 2 1 2 1 2 2 1 1 1 1 1 1 1 1 2 2 2 2 1 1 3 1 1 1 2 1 1 2 2 2 2 2 1 2 1 1 1 1 1 1 2 2 1 1 2 1 1 2 1 1 1 1 1 1 1 1 1 1 1 1 1 2 1 1 1 1 1 1 1 1 1 1 1 1 1 1 1 1 1 1 1 1 1 1 1 1 1 1 1 1 1 1 1 1 1 1 1 1 1 1 1 1 1 1 1 1 1 1 1 1 1 1 1 1 1 1 1 1 1 1 1 1 1 1 1 1 1 1 1 1 1 1 1 1 1 1 1 1 1 1 1 1 1 1 1 1 1 1 1 1 1 1 1 1 1 1 1 1 1 1 1 1 1 1 1 1 1 1 1 1 1 1 1 1 1 1 1 1 1 1 1 1 1 1 1 1 1 1 1 1 1 1 1 1 1 1 1 1 1 1 1 1 1 1 1 1 1 1 1 1 1 1 1 1 1 1 1 1 1 1 1 1 1 1 1 1 1 1 1 1 1 1 1 1 1 1 1 1 1 1 1 1 1 1 1 1 1 1 1 1 1 1 1 1 1 1 1 1 1 1 1 1 1 1 1 1 1 1 1 1 1 1 1 1 1 1 1 1 1 1 1 1 1 1 1 1 1 1 1 1 1 1 1 1 1 1 1 1 1 1 1 1 1 1 1 1 1 1 1 1 1 1 1 1 1 1 1 1 1 1 1 1 1 1 1 1 1 1 1 1 1 1 1 1 1 1 1 1 1 1 1 1 1 1 1 1 1 1 1 1 1 1 1 1 1 1 1 1 1 1 1 1 1 1 1 1 1 1 1 1 1 1 1 1 1 1 1 1 1 1 1 1 1 1 1 1 1 2 2 2 2 2 2 2 2 2 2 2 2 2 1 2 2 2 1 2 1 1 1 1 1 1 1 1 1 1 1 1 1 1 1 1 1 1 1 1 1 1 1 2 2 1 2 1 2 1 2 2 2 2 2 2 1 1 2 2 1 1 1 1 1 1 1 2 1 2 2 1 2 2 2 2 2 2 1 1 2 2 2 1 2 2 1 2 2 2 2 2 2 2 2 2 2 2 2 1 2 1 1 1 2 2 1 1 1 1 1 1 1 2 1 1 1 1 3 3 2 2 2 2 2 2 2 2 2 2 2 2 2 2 2 2 2 2 2 2 2 2 2 2 2 2 2 2 2 2 2 2 2 2 2 2 2 2 2 2 2 2 2 2 2 2 2 2 2 2 2 2 1 2 2 1 1 2 2 1 1 2 1 1 2 2 2 1 2 2 2 2 2 2 2 2 2 2 2 2 2 2 2 2 2 2 2 1 1 2 2 2 2 2 2 2 1 1 1 2 1 1 2 2 2 1 1 1 1 1 1 1 2 1 1 1 1 1 1 1 1 1 1 2 1 1 1 1 2 2 1 2 1 1 1 1 1 1 1 1 1 1 1 1 1 1 2 2 1 1 1 1 1 1 1 1 1 1 2 2 1 1 1 2 2 2 2 1 1 1 1 1 1 2 1 2 1 2 2 2 2 2 1 1 1 1 2 2 1 1 1 2 2 2 2 2 1 1 1 1 1 2 2 2 2 2 2 2 2 2 1 2 1 1 1 1 1 1 2 2 1 1 2 2 1 1 1 1 1 2 1 2 2 1 1 2 1 1 1 1 1 1 2 1 2 1 1 2 1 2 2 2 1 1 1 1 1 1 1 1 1 1 1 1 1 2 2 2 2 2 2 1 2 2 2 1 1 2 2 2 1 1 1 1 1 1 1 1 1 1 1 1 1 1 1 1 1 1 1 1 1 1 1 1 1 1 1 1 1 1 1 1 1 1 1 1 1 1 1 1 1 1 1 1 1 1 1 1 1 1 1 1 1 1 1 1 1 1 1 1 1 1 1 1 1 1 1 1 1 1 1 1 1 1 1 1 1 1 1 1 1 1 1 1 1 1 1 1 1 1 1 1 1 1 2 2 1 2 1 1 1 1 1 1 1 1 1 1 1 1 1 1 1</vcount>
                    <v>16 10 27 11 27 0 27 0 16 11 26 10 16 3 26 3 27 0 27 0 27 0 27 0 27 0 27 0 27 0 27 0 27 0 27 0 27 0 27 0 27 0 27 0 27 0 27 0 27 0 27 0 27 0 27 0 27 0 26 10 27 11 26 2 27 1 26 2 27 1 16 10 27 11 16 10 27 11 26 11 27 10 26 3 27 3 16 10 27 11 26 3 27 3 16 3 26 3 26 3 27 3 16 10 27 11 16 10 26 11 16 0 16 0 16 0 26 11 27 10 16 3 26 3 16 3 26 3 16 3 26 3 16 3 26 3 16 3 26 3 26 11 27 10 26 11 27 10 26 11 27 10 16 3 26 3 16 0 26 6 27 5 16 3 26 3 16 3 26 3 16 3 27 3 16 11 27 10 16 0 16 0 16 3 26 3 16 3 26 3 16 3 26 3 16 0 16 0 16 0 16 6 27 5 16 6 27 5 16 6 27 5 16 0 16 1 27 2 16 0 16 0 16 11 26 10 8 3 9 3 8 3 9 3 9 0 9 0 7 2 8 1 8 11 9 10 8 11 9 10 7 10 8 11 7 2 8 1 7 10 8 11 8 11 9 10 7 2 8 1 8 11 9 10 8 14 9 13 7 3 8 3 8 11 9 10 8 11 9 10 8 11 9 10 8 11 9 10 8 3 9 3 8 3 9 3 8 3 9 3 8 3 9 3 8 3 9 3 7 3 8 3 7 3 8 3 7 3 8 3 7 3 8 3 7 3 8 3 7 3 8 3 7 3 8 3 9 0 9 0 8 10 9 11 8 3 9 3 8 10 9 11 9 0 8 3 9 3 8 3 9 3 9 0 8 13 9 14 8 5 9 6 9 0 9 0 9 0 7 1 8 2 7 1 8 2 7 1 8 12 12 12 7 1 8 12 12 12 7 0 7 0 7 1 8 2 7 0 7 8 8 7 7 8 8 7 7 0 7 6 8 5 7 0 7 6 8 5 7 3 8 3 7 0 7 0 7 0 7 0 7 0 7 0 7 0 7 0 7 11 8 10 7 11 8 10 7 11 8 10 7 11 8 10 7 0 7 0 7 6 8 2 12 2 7 0 7 0 7 0 7 1 8 2 7 0 7 0 13 2 14 1 13 14 14 13 13 14 14 13 13 2 14 1 13 3 14 3 13 0 13 3 14 3 14 0 14 0 14 0 14 0 14 0 14 0 13 3 15 3 13 3 15 3 14 0 13 0 13 3 14 3 13 0 14 0 13 3 15 3 14 0 13 0 13 0 13 0 13 0 13 0 13 0 13 0 13 0 13 0 14 0 14 0 14 0 12 5 13 6 14 0 14 0 14 0 14 0 14 0 14 0 14 0 14 0 14 0 14 0 14 0 14 0 14 0 14 0 14 0 14 0 14 0 14 0 14 0 14 0 14 0 14 0 14 0 14 0 14 0 14 0 14 0 14 0 14 0 14 0 14 0 14 0 14 0 14 0 14 0 14 0 14 0 14 0 14 0 14 0 14 0 14 0 14 0 14 0 14 0 14 0 14 0 14 0 14 0 14 0 14 0 14 0 14 0 14 0 14 0 14 0 14 0 10 0 10 0 10 0 10 0 10 0 10 0 10 0 10 0 10 0 10 0 10 0 10 0 10 0 10 0 10 0 10 0 10 0 10 0 10 0 10 0 10 0 10 0 10 0 10 0 10 0 10 0 10 0 10 0 10 0 10 0 10 0 10 0 10 0 10 0 10 0 10 0 10 0 10 0 10 0 10 0 10 0 10 0 10 0 10 0 10 0 10 0 10 0 10 0 10 0 10 0 10 0 10 0 10 0 10 0 10 0 10 0 14 0 14 0 14 0 14 0 14 0 14 0 14 0 14 0 14 0 14 0 14 0 14 0 14 0 14 0 14 0 14 0 14 0 14 0 14 0 14 0 14 0 14 0 14 0 14 0 14 0 14 0 14 0 14 0 14 0 14 0 14 0 14 0 14 0 14 0 14 0 14 0 14 0 14 0 14 0 14 0 14 0 14 0 14 0 14 0 14 0 14 0 14 0 14 0 14 0 14 0 14 0 14 0 14 0 14 0 14 0 14 0 14 0 14 0 14 0 14 0 14 0 14 0 14 0 10 0 10 0 10 0 10 0 10 0 10 0 10 0 10 0 10 0 10 0 10 0 10 0 10 0 10 0 10 0 10 0 10 0 10 0 10 0 10 0 10 0 10 0 10 0 10 0 10 0 10 0 10 0 10 0 10 0 10 0 10 0 10 0 10 0 10 0 10 0 10 0 10 0 10 0 10 0 14 0 14 0 14 0 14 0 14 0 14 0 14 0 14 0 14 0 14 0 14 0 14 0 14 0 14 0 14 0 14 0 14 0 14 0 14 0 14 0 14 0 10 0 10 0 10 0 10 0 10 0 10 0 10 0 10 0 10 0 10 0 10 0 10 0 10 0 10 0 10 0 10 0 10 0 10 0 10 0 10 0 10 0 10 0 10 0 10 0 10 0 10 0 10 0 10 0 10 0 10 0 10 0 10 0 10 0 10 0 10 0 10 0 10 0 10 0 10 0 10 0 10 0 10 0 10 0 10 0 10 0 10 0 10 0 10 0 10 0 10 0 10 0 10 0 10 0 10 0 10 0 10 0 10 0 14 0 14 0 14 0 14 0 14 0 14 0 14 0 14 0 14 0 14 0 14 0 14 0 14 0 14 0 14 0 14 0 14 0 14 0 14 0 14 0 14 0 14 0 14 0 14 0 14 0 14 0 14 0 10 0 10 0 10 0 10 0 10 0 16 3 21 3 16 3 21 3 16 3 21 3 16 3 21 3 16 3 21 3 16 3 21 3 16 3 21 3 16 3 21 3 16 3 21 3 16 3 21 3 16 3 21 3 16 3 21 3 16 3 21 3 16 0 16 6 22 5 16 11 21 10 16 11 21 10 22 0 16 6 22 5 10 0 10 0 10 0 10 0 10 0 10 0 10 0 10 0 10 0 10 0 10 0 10 0 10 0 10 0 10 0 10 0 10 0 10 0 10 0 10 0 10 0 10 0 10 0 16 10 22 11 21 3 22 3 22 0 21 3 22 3 22 0 21 3 22 3 22 0 21 10 22 11 21 2 22 1 16 10 22 11 16 3 22 3 16 10 22 11 16 10 22 11 22 0 22 0 21 2 22 1 16 10 22 11 22 0 22 0 22 0 22 0 22 0 16 0 16 0 16 10 21 11 16 0 21 11 22 10 21 11 22 10 16 0 21 11 22 10 21 11 22 10 21 11 22 10 21 6 22 5 7 6 12 5 7 8 12 7 7 0 7 0 7 1 12 2 7 6 12 5 7 8 12 7 7 0 7 1 12 2 7 1 12 2 7 0 7 3 12 3 7 3 12 3 7 3 12 3 7 11 12 10 7 3 12 3 7 3 12 3 7 11 12 10 7 10 12 11 7 11 12 10 7 3 12 3 7 3 12 3 7 3 12 3 7 0 7 11 12 10 7 0 7 0 7 0 7 3 12 3 7 10 12 11 7 0 7 0 7 0 7 0 7 0 7 0 7 0 7 1 12 2 7 0 7 0 7 0 7 0 7 4 8 5 12 5 7 4 8 5 12 5 7 2 12 1 12 3 13 3 12 3 13 3 7 2 12 1 12 11 13 10 12 11 13 10 7 2 12 1 12 3 13 3 12 13 13 14 12 3 13 3 12 3 13 3 12 3 13 3 12 3 13 3 12 3 13 3 12 3 13 3 12 3 13 3 12 14 13 13 12 11 13 10 12 11 13 10 12 11 13 10 12 11 13 10 12 11 13 10 12 11 13 10 12 10 13 11 12 10 13 11 7 10 16 11 7 9 16 4 7 13 16 14 7 10 16 11 7 10 16 11 7 10 16 11 7 10 16 11 7 10 16 11 7 10 16 11 7 13 16 14 7 10 16 11 7 10 16 11 7 5 16 6 7 10 16 11 7 5 16 6 7 2 16 1 7 2 16 1 7 7 16 8 7 2 16 1 7 2 16 1 7 7 16 8 7 7 16 8 7 7 16 8 7 1 16 2 7 1 16 2 7 10 16 11 7 10 16 11 16 0 7 1 16 2 7 1 16 2 16 0 16 0 7 1 16 2 7 1 16 2 16 0 16 0 7 1 16 2 16 0 16 0 7 10 16 11 7 10 16 11 7 1 16 2 16 0 7 3 16 3 7 10 16 11 7 1 16 2 7 1 16 2 7 1 16 2 7 10 16 11 7 10 16 11 7 1 16 2 7 1 16 2 7 1 16 2 7 1 16 2 7 1 16 2 7 1 16 2 7 10 16 11 7 1 16 2 7 1 16 2 7 1 16 2 7 1 16 2 7 10 16 11 16 0 16 0 7 3 16 3 7 1 16 2 7 3 16 3 7 1 16 2 7 3 16 3 7 1 16 2 7 1 16 2 16 0 16 0 16 0 7 10 16 11 16 0 16 0 7 1 16 2 7 1 16 2 7 1 16 2 16 0 16 0 16 0 16 0 16 0 16 0 16 0 7 7 16 8 16 0 16 0 16 0 16 0 16 0 16 0 16 0 16 0 16 0 16 0 23 6 24 5 24 0 24 0 24 0 24 0 23 11 24 10 23 11 24 10 24 0 23 11 24 10 24 0 24 0 24 0 24 0 24 0 24 0 24 0 24 0 24 0 24 0 24 0 24 0 24 0 24 0 23 11 24 10 23 11 24 10 24 0 24 0 24 0 23 0 23 0 23 0 24 0 24 0 23 0 24 0 23 6 24 5 23 3 24 3 24 0 24 0 24 0 23 3 24 3 23 6 24 5 23 6 24 5 23 3 24 3 24 0 24 0 23 0 23 0 23 0 23 0 22 5 23 6 23 0 22 3 23 3 23 0 22 2 23 1 22 5 23 6 22 3 23 3 22 3 23 3 22 3 23 3 22 0 22 0 22 0 22 0 22 3 23 3 22 3 23 3 22 0 22 0 22 0 22 10 23 11 22 3 23 3 22 10 23 11 22 9 23 4 22 3 23 3 22 0 22 0 22 0 22 0 22 0 27 3 28 3 27 3 28 3 27 3 28 3 27 3 28 3 27 3 28 3 27 3 28 3 27 9 28 4 27 10 28 11 27 3 28 3 28 0 27 10 28 11 28 0 28 0 28 0 28 0 28 0 28 0 27 2 28 1 27 5 28 6 28 0 28 0 27 5 28 6 27 3 28 3 28 0 29 0 29 0 29 0 29 0 28 6 29 5 29 0 28 11 29 10 28 11 29 10 29 0 29 0 28 11 29 10 29 0 29 0 29 0 29 0 29 0 29 0 28 3 29 3 29 0 28 3 29 3 29 0 29 0 28 3 29 3 29 0 28 6 29 5 28 6 29 5 28 6 29 5 29 0 29 0 29 0 29 0 29 0 29 0 29 0 29 0 29 0 29 0 29 0 29 0 29 0 28 11 29 10 28 11 29 10 9 14 10 13 9 14 10 13 9 2 10 1 9 2 10 1 9 0 9 3 10 3 9 3 10 3 9 3 10 3 9 0 9 0 9 3 11 3 9 3 11 3 9 3 11 3 16 0 16 0 16 0 16 0 16 0 16 0 16 0 16 0 16 0 16 0 16 0 16 0 16 0 16 0 16 0 16 0 16 0 16 0 16 0 16 0 16 0 16 0 16 0 16 0 16 0 16 0 16 0 16 0 16 0 16 0 16 0 16 0 16 0 16 0 16 0 16 0 16 0 16 0 16 0 16 0 16 0 16 0 16 0 16 0 16 0 16 0 16 0 16 0 16 0 16 0 16 0 16 0 16 0 16 0 16 0 16 0 16 0 16 0 16 0 16 0 16 0 16 0 16 0 16 0 16 0 16 0 16 0 16 0 16 0 16 0 16 0 16 0 16 0 16 0 16 0 16 0 16 0 16 0 16 0 16 0 16 0 16 0 16 0 16 0 16 0 16 0 16 0 16 0 16 0 16 0 16 0 16 0 16 0 16 0 16 11 22 10 16 6 22 5 16 0 16 1 22 2 16 0 16 0 16 0 16 0 16 0 16 0 16 0 16 0 16 0 16 0 16 0 16 0 16 0 16 0 16 0</v>
                </vertex_weights>
            </skin>
        </controller>
        <controller id="controller1">
            <skin source="#mesh1">
                <bind_shape_matrix>1 0 0 0 0 1 0 0 0 0 1 0 0 0 0 1</bind_shape_matrix>
                <source id="joints1">
                    <Name_array id="JointArr1" count="35">jointnode-1 jointnode0 jointnode1 jointnode2 jointnode3 jointnode4 jointnode5 jointnode6 jointnode7 jointnode8 jointnode9 jointnode10 jointnode11 jointnode12 jointnode13 jointnode14 jointnode15 jointnode16 jointnode17 jointnode18 jointnode19 jointnode20 jointnode21 jointnode22 jointnode23 jointnode24 jointnode25 jointnode26 jointnode27 jointnode28 jointnode29 jointnode30 jointnode31 jointnode32 jointnode33</Name_array>
                    <technique_common>
                        <accessor source="#JointArr1" count="35">
                            <param name="JOINT" type="Name" />
                        </accessor>
                    </technique_common>
                </source>
                <source id="matrices1">
                    <float_array id="MatArr1" count="560">1 0 0 0 0 1 0 0 0 0 1 0 0 0 0 1 1 0 0 0 0 1 0 0 0 0 1 0 0 0 0 1 1 0 0 0 0 1 0 -125.14652252197266 0 0 1 0 0 0 0 1 1 0 0 0 0 1 0 0 0 0 1 -100 0 0 0 1 1 0 0 -100 0 1 0 0 0 0 1 0 0 0 0 1 1 0 0 100 0 1 0 0 0 0 1 0 0 0 0 1 1 0 0 0 0 1 0 -93 0 0 1 0 0 0 0 1 0.00004793836256601856 -0.9999999988509567 -4.386559881474326e-18 137.49999984200656 0.00004793836251091911 2.2980866055094973e-9 -0.9999999988509567 2.499999681140483 0.9999999977019134 0.00004793836251091911 0.00004793836256601856 -0.006711370751666425 0 0 0 1 0.00004782332063778632 -0.9999971262495844 0.0023969158313184714 124.99964171829647 -0.0000480531290230205 0.0023969135332384717 0.9999971262440761 -0.29961511597924 -0.9999999977019134 -0.00004793836251091881 -0.00004793836256589609 37.00671137075166 0 0 0 1 0.00004782332063778632 -0.9999971262495844 0.0023969158313184714 67.49964171829649 -0.0000480531290230205 0.0023969135332384717 0.9999971262440761 -1.4008841227083664 -0.9999999977019134 -0.00004793836251091881 -0.00004793836256589609 37.00671137075167 0 0 0 1 0.00004793836256601826 -0.9999999988509566 -4.826125313346229e-18 22.49968605221886 -0.000047938362510796644 -2.298086605503612e-9 0.9999999988509567 0.008468729012002334 -0.9999999977019135 -0.00004793836251091881 -0.000047938362565896096 37.00671137075167 0 0 0 1 -0.00004793606436910788 -0.00004794066059752197 0.9999999977019134 -39.991171702366906 -0.00004794066059753787 0.9999999977018031 0.00004793836251092393 -7.501603172127032 -0.9999999977019135 -0.00004793836251091881 -0.0000479383625658961 35.13171232442598 0 0 0 1 0.000047818713241344304 -0.999996891845205 0.0024927922697969397 124.99961051507236 -0.00004805771394552241 0.002492789971717479 0.9999968918394764 -0.31159775878161794 -0.9999999977019135 -0.00004793836251091882 -0.00004793836256589611 -36.993288629248326 0 0 0 1 0.000047823320637786314 -0.9999971262495845 0.002396915831318472 67.4996982663124 -0.00004805312902302051 0.0023969135332384717 0.9999971262440762 -1.3894651377945462 -0.9999999977019134 -0.000047938362510918806 -0.0000479383625658961 -36.99328762924834 0 0 0 1 0.00004793836256601825 -0.9999999988509567 -4.392444444352028e-18 22.499672397940877 -0.00004793836251079665 -2.2980866059372924e-9 0.9999999988509568 0.00751876100357246 -0.9999999977019135 -0.000047938362510918806 -0.00004793836256589611 -36.99328662924834 0 0 0 1 -0.000047936064369107886 -0.00004794066059752241 0.9999999977019135 -39.9921216710288 -0.000047940660597537865 0.9999999977018033 0.0000479383625109235 -7.501589563388977 -0.9999999977019135 -0.000047938362510918806 -0.000047938362565896116 -35.11828758292266 0 0 0 1 -0.00005985138241861646 0.9563793183791726 0.2921277045992067 -169.10735071738054 -0.000031843134712522794 -0.2921277067970492 0.9563793190505073 43.52902644002957 0.9999999977019134 0.00004793836251091912 0.000047938362566018563 -0.0067103707516689495 0 0 0 1 -0.00006286484824986218 0.39096106701218797 0.9204072142963148 -131.02548316433774 0.000025380781316995434 -0.9204072151947772 0.3909610691273635 261.89485037402295 0.9999999977019134 0.00004793836251091911 0.00004793836256601855 -0.006712370751663898 0 0 0 1 -0.000046248387799145025 -0.03465249956091137 0.9993994207198982 -22.428114625968526 0.00004957075581145842 -0.9993994206402635 -0.0346524972642049 300.43190337194613 0.9999999977019135 0.00004793836251091911 0.00004793836256601856 -0.006712370751663897 0 0 0 1 -0.000046248387799145025 -0.03465249956091137 0.9993994207198982 -22.428114625968526 0.00004957075581145842 -0.9993994206402635 -0.0346524972642049 300.43190337194613 0.9999999977019135 0.00004793836251091911 0.00004793836256601856 -0.006712370751663897 0 0 0 1 -0.00006775419710921674 0.6821265105339799 0.7312341752380732 -270.3094310614369 0.000002354140995087586 -0.731234176805659 0.6821265122144193 218.10085174198656 0.9999999977019135 0.00004793836251091911 0.000047938362566018563 -0.006715370751770011 0 0 0 1 0.9999999936836929 0.00009378562097094944 0.00006194248632959119 -30.01906052704241 -0.00005865078281781707 -0.0347004099718957 0.9993977577060438 1.0126899731265935 0.00009587856897378355 -0.9993977550265158 -0.0347004042521171 266.93915247579366 0 0 0 1 0.9999904334021903 -0.00005592806259605305 0.004373782819382028 -70.69834848500153 0.004373089457045055 0.034700491639343446 -0.999388188827839 -14.160184056744546 -0.00009587856897378297 0.9993977550265157 0.03470040425211697 -267.7417984571054 0 0 0 1 0.9999857810149835 -0.00008919772679454296 0.005331961329483986 -151.7585257098971 0.005331845379752623 0.034700422068410994 -0.9993835360526612 -15.259258167252806 -0.00009587856897378304 0.9993977550265158 0.034700404252116984 -242.72273641486908 0 0 0 1 0.999999993683693 0.00009378562097094944 0.00006194248632959146 -242.28429248805037 -0.00009587575724112339 0.999399417358999 0.034652494720188234 -242.72335168201582 -0.00005865537901202659 -0.03465250044009527 0.9993994200382528 12.974749529682699 0 0 0 1 0.999999993683693 0.00009378562097094944 0.00006194248632959146 -242.28429248805037 -0.00009587575724112339 0.999399417358999 0.034652494720188234 -242.72335168201582 -0.00005865537901202659 -0.03465250044009527 0.9993994200382528 12.974749529682699 0 0 0 1 -0.9999999994220473 -0.000002091103940722262 -0.000033934238692279426 -30.005635970857227 -0.00003384123995686916 -0.034700408782566826 0.9993977588953725 1.0126898065980399 -0.0000032673765463212217 0.9993977594661446 0.03470040869174603 -266.9391530974257 0 0 0 1 -0.9999999994220474 -0.000002091103940722262 -0.000033934238692279426 -71.27516722085724 0.00003384123995686916 0.03470040878256695 -0.9993977588953725 -13.85502836860979 0.000003267376546321226 -0.9993977594661446 -0.034700408691746155 267.7417990787375 0 0 0 1 -0.9999999994220474 -0.000002091103940722262 -0.000033934238692279426 -152.35004972818143 0.00003384123995686916 0.03470040878256695 -0.9993977588953725 -14.663736380713825 0.000003267376546321226 -0.9993977594661446 -0.034700408691746155 242.7247569187033 0 0 0 1 -0.9999999994220475 -0.0000020911039407222634 -0.000033934238692279426 -242.80396818521277 -0.0000032657542489361342 0.9993994217985709 0.03465249915976031 -242.7257384483803 0.00003384139655066564 0.03465249925055375 -0.9993994212277945 -13.397428471178142 0 0 0 1 -0.9999999994220475 -0.0000020911039407222634 -0.000033934238692279426 -242.27099418046726 -0.0000032657542489361342 0.9993994217985709 0.03465249915976031 -242.7233234483849 0.00003384139655066564 0.03465249925055375 -0.9993994212277945 -12.973660457462397 0 0 0 1 -0.00006427199705984874 0.445379870536635 0.8953417039264285 -137.70007198479982 0.000021570433460599227 -0.8953417049499499 0.44537987259420786 176.44104759866502 0.9999999977019134 0.000047938362510919104 0.00004793836256601856 -0.006711370751666423 0 0 0 1 0.00004779105963328499 -0.9999952923803331 0.003068050388614358 171.67179959198486 0.00004808521420215516 -0.003068048090538508 -0.9999952923732826 63.12624299439393 0.9999999977019135 0.00004793836251091912 0.000047938362566018563 -0.00671037075166895 0 0 0 1 0.000052472350985840505 -0.9950328951539136 -0.09954664639390615 146.79719605285698 0.00004292814447140837 0.09954664868057798 -0.9950328953826806 49.20017729711827 0.9999999977019134 0.00004793836251091912 0.000047938362566018563 -0.006710370751668951 0 0 0 1 0.000049842592355824644 -0.9991777227959721 -0.04054473805528654 116.99467960913536 -0.00004595529559233823 -0.040544740351483574 0.9991777228891477 -55.421607256246794 -0.9999999977019136 -0.000047938362510924085 -0.000047938362565896205 0.006710370751662164 0 0 0 1</float_array>
                    <technique_common>
                        <accessor source="#MatArr1" count="35" stride="16">
                            <param type="float4x4" />
                        </accessor>
                    </technique_common>
                </source>
                <source id="weights1">
                    <float_array id="WeightArr1" count="15">1 0.8999999761581421 0.10000000149011612 0.5 0.6000000238418579 0.20000000298023224 0.800000011920929 0.15000000596046448 0.8500000238418579 0.4000000059604645 0.25 0.75 0.05000000074505806 0.30000001192092896 0.699999988079071</float_array>
                    <technique_common>
                        <accessor source="#WeightArr1" count="1">
                            <param type="float" />
                        </accessor>
                    </technique_common>
                </source>
                <joints>
                    <input semantic="JOINT" source="#joints1" />
                    <input semantic="INV_BIND_MATRIX" source="#matrices1" />
                </joints>
                <vertex_weights count="422">
                    <input semantic="JOINT" offset="0" source="#joints1" />
                    <input semantic="WEIGHT" offset="1" source="#weights1" />
                    <vcount>1 1 1 1 1 1 1 1 1 1 1 1 1 1 1 1 1 1 1 1 1 1 1 1 1 1 1 1 1 1 1 1 1 1 1 1 1 1 1 1 1 1 1 1 1 1 1 1 1 1 1 1 1 1 1 1 1 1 1 1 1 1 1 1 1 1 1 1 1 1 1 1 1 1 1 1 1 1 1 1 1 1 1 1 1 1 1 1 1 1 1 1 1 1 1 1 1 1 1 1 1 1 1 1 1 1 1 1 1 1 1 1 1 1 1 1 1 1 1 1 1 1 1 1 1 1 1 1 1 1 1 1 1 1 1 1 1 1 1 1 1 1 1 1 1 1 1 1 1 1 1 1 1 1 1 1 1 1 1 1 1 1 1 1 1 1 1 1 1 1 1 1 1 1 1 1 1 1 1 1 1 1 1 1 1 1 1 1 1 1 1 1 1 1 1 1 1 1 1 1 1 1 1 1 1 1 1 1 1 1 1 1 1 1 1 1 1 1 1 1 1 1 1 1 1 1 1 1 1 1 1 1 1 1 1 1 1 1 1 1 1 1 1 1 1 1 1 1 1 1 1 1 1 1 1 1 1 1 1 1 1 1 1 1 1 1 1 1 1 1 1 1 1 1 1 1 1 1 1 1 1 1 1 1 1 1 1 1 1 1 1 1 1 1 1 1 1 1 1 1 1 1 1 1 1 1 1 1 1 1 1 1 1 1 1 1 1 1 1 1 1 1 1 1 1 1 1 1 1 1 1 1 1 1 1 1 1 1 1 1 1 1 1 1 1 1 1 1 1 1 1 1 1 1 1 1 1 1 1 1 1 1 1 1 1 1 1 1 1 1 1 1 1 1 1 1 1 1 1 1 1 1 1 1 1 1 1 1 1 1 1 1 1 1 1 1 1 1 1 1 1 1 1 1 1 1 1 1 1 1 1 1 1 1 1 1 1 1 1 1 1 1</vcount>
                    <v>10 0 10 0 10 0 10 0 10 0 10 0 10 0 10 0 10 0 14 0 14 0 14 0 14 0 14 0 14 0 14 0 14 0 14 0 16 0 16 0 16 0 16 0 16 0 16 0 16 0 16 0 16 0 16 0 16 0 16 0 16 0 16 0 16 0 16 0 16 0 16 0 16 0 16 0 16 0 16 0 16 0 16 0 16 0 16 0 16 0 16 0 16 0 16 0 16 0 16 0 16 0 16 0 16 0 16 0 16 0 16 0 16 0 16 0 16 0 16 0 16 0 16 0 16 0 16 0 16 0 16 0 14 0 14 0 14 0 14 0 14 0 14 0 14 0 14 0 14 0 14 0 14 0 14 0 14 0 14 0 14 0 14 0 14 0 14 0 14 0 14 0 14 0 14 0 14 0 14 0 14 0 14 0 14 0 14 0 14 0 14 0 14 0 14 0 14 0 14 0 14 0 14 0 14 0 14 0 14 0 14 0 14 0 14 0 14 0 14 0 14 0 14 0 14 0 14 0 14 0 14 0 14 0 14 0 14 0 14 0 14 0 14 0 14 0 14 0 14 0 14 0 14 0 14 0 14 0 14 0 14 0 14 0 14 0 14 0 14 0 14 0 14 0 14 0 14 0 14 0 14 0 14 0 14 0 14 0 14 0 14 0 14 0 14 0 14 0 14 0 14 0 14 0 14 0 14 0 14 0 14 0 14 0 14 0 14 0 14 0 14 0 14 0 14 0 14 0 14 0 14 0 14 0 14 0 14 0 14 0 14 0 14 0 14 0 14 0 14 0 14 0 14 0 14 0 14 0 14 0 14 0 14 0 14 0 10 0 10 0 10 0 10 0 10 0 10 0 10 0 10 0 10 0 10 0 10 0 10 0 10 0 10 0 10 0 10 0 10 0 10 0 10 0 10 0 10 0 10 0 10 0 10 0 10 0 10 0 10 0 10 0 10 0 10 0 10 0 10 0 10 0 10 0 10 0 10 0 10 0 10 0 10 0 10 0 10 0 10 0 10 0 10 0 10 0 10 0 10 0 10 0 10 0 10 0 10 0 10 0 10 0 10 0 10 0 10 0 10 0 10 0 10 0 10 0 10 0 10 0 10 0 10 0 10 0 10 0 14 0 14 0 14 0 14 0 14 0 14 0 14 0 10 0 10 0 14 0 14 0 14 0 14 0 14 0 14 0 14 0 14 0 14 0 14 0 14 0 14 0 14 0 14 0 14 0 14 0 14 0 14 0 14 0 14 0 14 0 14 0 14 0 16 0 16 0 16 0 16 0 16 0 10 0 10 0 10 0 10 0 10 0 10 0 10 0 10 0 10 0 10 0 10 0 10 0 10 0 10 0 10 0 10 0 10 0 16 0 16 0 16 0 16 0 16 0 16 0 16 0 16 0 16 0 16 0 16 0 16 0 16 0 16 0 16 0 16 0 16 0 16 0 16 0 16 0 16 0 16 0 16 0 16 0 16 0 16 0 10 0 10 0 10 0 10 0 10 0 10 0 10 0 10 0 10 0 10 0 10 0 10 0 10 0 10 0 10 0 10 0 10 0 10 0 10 0 10 0 10 0 10 0 16 0 16 0 16 0 16 0 16 0 16 0 16 0 16 0 16 0 16 0 16 0 16 0 16 0 16 0 16 0 16 0 16 0 16 0 16 0 16 0 16 0 16 0 16 0 16 0 16 0 16 0 16 0 16 0 16 0 16 0 16 0 10 0 10 0 10 0 10 0 10 0 10 0 10 0 10 0 10 0 10 0 10 0 10 0 10 0 10 0 10 0 10 0 10 0 10 0 10 0 10 0 10 0 10 0 10 0 10 0 10 0 10 0 10 0 10 0 10 0 10 0 10 0 10 0 10 0 10 0 10 0 10 0 10 0 10 0 10 0 10 0</v>
                </vertex_weights>
            </skin>
        </controller>
        <controller id="controller2">
            <skin source="#mesh2">
                <bind_shape_matrix>1 0 0 0 0 1 0 0 0 0 1 0 0 0 0 1</bind_shape_matrix>
                <source id="joints2">
                    <Name_array id="JointArr2" count="35">jointnode-1 jointnode0 jointnode1 jointnode2 jointnode3 jointnode4 jointnode5 jointnode6 jointnode7 jointnode8 jointnode9 jointnode10 jointnode11 jointnode12 jointnode13 jointnode14 jointnode15 jointnode16 jointnode17 jointnode18 jointnode19 jointnode20 jointnode21 jointnode22 jointnode23 jointnode24 jointnode25 jointnode26 jointnode27 jointnode28 jointnode29 jointnode30 jointnode31 jointnode32 jointnode33</Name_array>
                    <technique_common>
                        <accessor source="#JointArr2" count="35">
                            <param name="JOINT" type="Name" />
                        </accessor>
                    </technique_common>
                </source>
                <source id="matrices2">
                    <float_array id="MatArr2" count="560">1 0 0 0 0 1 0 0 0 0 1 0 0 0 0 1 1 0 0 0 0 1 0 0 0 0 1 0 0 0 0 1 1 0 0 0 0 1 0 -125.14652252197266 0 0 1 0 0 0 0 1 1 0 0 0 0 1 0 0 0 0 1 -100 0 0 0 1 1 0 0 -100 0 1 0 0 0 0 1 0 0 0 0 1 1 0 0 100 0 1 0 0 0 0 1 0 0 0 0 1 1 0 0 0 0 1 0 -93 0 0 1 0 0 0 0 1 0.00004793836256601856 -0.9999999988509567 -4.386559881474326e-18 137.49999984200656 0.00004793836251091911 2.2980866055094973e-9 -0.9999999988509567 2.499999681140483 0.9999999977019134 0.00004793836251091911 0.00004793836256601856 -0.006711370751666425 0 0 0 1 0.00004782332063778632 -0.9999971262495844 0.0023969158313184714 124.99964171829647 -0.0000480531290230205 0.0023969135332384717 0.9999971262440761 -0.29961511597924 -0.9999999977019134 -0.00004793836251091881 -0.00004793836256589609 37.00671137075166 0 0 0 1 0.00004782332063778632 -0.9999971262495844 0.0023969158313184714 67.49964171829649 -0.0000480531290230205 0.0023969135332384717 0.9999971262440761 -1.4008841227083664 -0.9999999977019134 -0.00004793836251091881 -0.00004793836256589609 37.00671137075167 0 0 0 1 0.00004793836256601826 -0.9999999988509566 -4.826125313346229e-18 22.49968605221886 -0.000047938362510796644 -2.298086605503612e-9 0.9999999988509567 0.008468729012002334 -0.9999999977019135 -0.00004793836251091881 -0.000047938362565896096 37.00671137075167 0 0 0 1 -0.00004793606436910788 -0.00004794066059752197 0.9999999977019134 -39.991171702366906 -0.00004794066059753787 0.9999999977018031 0.00004793836251092393 -7.501603172127032 -0.9999999977019135 -0.00004793836251091881 -0.0000479383625658961 35.13171232442598 0 0 0 1 0.000047818713241344304 -0.999996891845205 0.0024927922697969397 124.99961051507236 -0.00004805771394552241 0.002492789971717479 0.9999968918394764 -0.31159775878161794 -0.9999999977019135 -0.00004793836251091882 -0.00004793836256589611 -36.993288629248326 0 0 0 1 0.000047823320637786314 -0.9999971262495845 0.002396915831318472 67.4996982663124 -0.00004805312902302051 0.0023969135332384717 0.9999971262440762 -1.3894651377945462 -0.9999999977019134 -0.000047938362510918806 -0.0000479383625658961 -36.99328762924834 0 0 0 1 0.00004793836256601825 -0.9999999988509567 -4.392444444352028e-18 22.499672397940877 -0.00004793836251079665 -2.2980866059372924e-9 0.9999999988509568 0.00751876100357246 -0.9999999977019135 -0.000047938362510918806 -0.00004793836256589611 -36.99328662924834 0 0 0 1 -0.000047936064369107886 -0.00004794066059752241 0.9999999977019135 -39.9921216710288 -0.000047940660597537865 0.9999999977018033 0.0000479383625109235 -7.501589563388977 -0.9999999977019135 -0.000047938362510918806 -0.000047938362565896116 -35.11828758292266 0 0 0 1 -0.00005985138241861646 0.9563793183791726 0.2921277045992067 -169.10735071738054 -0.000031843134712522794 -0.2921277067970492 0.9563793190505073 43.52902644002957 0.9999999977019134 0.00004793836251091912 0.000047938362566018563 -0.0067103707516689495 0 0 0 1 -0.00006286484824986218 0.39096106701218797 0.9204072142963148 -131.02548316433774 0.000025380781316995434 -0.9204072151947772 0.3909610691273635 261.89485037402295 0.9999999977019134 0.00004793836251091911 0.00004793836256601855 -0.006712370751663898 0 0 0 1 -0.000046248387799145025 -0.03465249956091137 0.9993994207198982 -22.428114625968526 0.00004957075581145842 -0.9993994206402635 -0.0346524972642049 300.43190337194613 0.9999999977019135 0.00004793836251091911 0.00004793836256601856 -0.006712370751663897 0 0 0 1 -0.000046248387799145025 -0.03465249956091137 0.9993994207198982 -22.428114625968526 0.00004957075581145842 -0.9993994206402635 -0.0346524972642049 300.43190337194613 0.9999999977019135 0.00004793836251091911 0.00004793836256601856 -0.006712370751663897 0 0 0 1 -0.00006775419710921674 0.6821265105339799 0.7312341752380732 -270.3094310614369 0.000002354140995087586 -0.731234176805659 0.6821265122144193 218.10085174198656 0.9999999977019135 0.00004793836251091911 0.000047938362566018563 -0.006715370751770011 0 0 0 1 0.9999999936836929 0.00009378562097094944 0.00006194248632959119 -30.01906052704241 -0.00005865078281781707 -0.0347004099718957 0.9993977577060438 1.0126899731265935 0.00009587856897378355 -0.9993977550265158 -0.0347004042521171 266.93915247579366 0 0 0 1 0.9999904334021903 -0.00005592806259605305 0.004373782819382028 -70.69834848500153 0.004373089457045055 0.034700491639343446 -0.999388188827839 -14.160184056744546 -0.00009587856897378297 0.9993977550265157 0.03470040425211697 -267.7417984571054 0 0 0 1 0.9999857810149835 -0.00008919772679454296 0.005331961329483986 -151.7585257098971 0.005331845379752623 0.034700422068410994 -0.9993835360526612 -15.259258167252806 -0.00009587856897378304 0.9993977550265158 0.034700404252116984 -242.72273641486908 0 0 0 1 0.999999993683693 0.00009378562097094944 0.00006194248632959146 -242.28429248805037 -0.00009587575724112339 0.999399417358999 0.034652494720188234 -242.72335168201582 -0.00005865537901202659 -0.03465250044009527 0.9993994200382528 12.974749529682699 0 0 0 1 0.999999993683693 0.00009378562097094944 0.00006194248632959146 -242.28429248805037 -0.00009587575724112339 0.999399417358999 0.034652494720188234 -242.72335168201582 -0.00005865537901202659 -0.03465250044009527 0.9993994200382528 12.974749529682699 0 0 0 1 -0.9999999994220473 -0.000002091103940722262 -0.000033934238692279426 -30.005635970857227 -0.00003384123995686916 -0.034700408782566826 0.9993977588953725 1.0126898065980399 -0.0000032673765463212217 0.9993977594661446 0.03470040869174603 -266.9391530974257 0 0 0 1 -0.9999999994220474 -0.000002091103940722262 -0.000033934238692279426 -71.27516722085724 0.00003384123995686916 0.03470040878256695 -0.9993977588953725 -13.85502836860979 0.000003267376546321226 -0.9993977594661446 -0.034700408691746155 267.7417990787375 0 0 0 1 -0.9999999994220474 -0.000002091103940722262 -0.000033934238692279426 -152.35004972818143 0.00003384123995686916 0.03470040878256695 -0.9993977588953725 -14.663736380713825 0.000003267376546321226 -0.9993977594661446 -0.034700408691746155 242.7247569187033 0 0 0 1 -0.9999999994220475 -0.0000020911039407222634 -0.000033934238692279426 -242.80396818521277 -0.0000032657542489361342 0.9993994217985709 0.03465249915976031 -242.7257384483803 0.00003384139655066564 0.03465249925055375 -0.9993994212277945 -13.397428471178142 0 0 0 1 -0.9999999994220475 -0.0000020911039407222634 -0.000033934238692279426 -242.27099418046726 -0.0000032657542489361342 0.9993994217985709 0.03465249915976031 -242.7233234483849 0.00003384139655066564 0.03465249925055375 -0.9993994212277945 -12.973660457462397 0 0 0 1 -0.00006427199705984874 0.445379870536635 0.8953417039264285 -137.70007198479982 0.000021570433460599227 -0.8953417049499499 0.44537987259420786 176.44104759866502 0.9999999977019134 0.000047938362510919104 0.00004793836256601856 -0.006711370751666423 0 0 0 1 0.00004779105963328499 -0.9999952923803331 0.003068050388614358 171.67179959198486 0.00004808521420215516 -0.003068048090538508 -0.9999952923732826 63.12624299439393 0.9999999977019135 0.00004793836251091912 0.000047938362566018563 -0.00671037075166895 0 0 0 1 0.000052472350985840505 -0.9950328951539136 -0.09954664639390615 146.79719605285698 0.00004292814447140837 0.09954664868057798 -0.9950328953826806 49.20017729711827 0.9999999977019134 0.00004793836251091912 0.000047938362566018563 -0.006710370751668951 0 0 0 1 0.000049842592355824644 -0.9991777227959721 -0.04054473805528654 116.99467960913536 -0.00004595529559233823 -0.040544740351483574 0.9991777228891477 -55.421607256246794 -0.9999999977019136 -0.000047938362510924085 -0.000047938362565896205 0.006710370751662164 0 0 0 1</float_array>
                    <technique_common>
                        <accessor source="#MatArr2" count="35" stride="16">
                            <param type="float4x4" />
                        </accessor>
                    </technique_common>
                </source>
                <source id="weights2">
                    <float_array id="WeightArr2" count="15">1 0.8999999761581421 0.10000000149011612 0.5 0.6000000238418579 0.20000000298023224 0.800000011920929 0.15000000596046448 0.8500000238418579 0.4000000059604645 0.25 0.75 0.05000000074505806 0.30000001192092896 0.699999988079071</float_array>
                    <technique_common>
                        <accessor source="#WeightArr2" count="1">
                            <param type="float" />
                        </accessor>
                    </technique_common>
                </source>
                <joints>
                    <input semantic="JOINT" source="#joints2" />
                    <input semantic="INV_BIND_MATRIX" source="#matrices2" />
                </joints>
                <vertex_weights count="424">
                    <input semantic="JOINT" offset="0" source="#joints2" />
                    <input semantic="WEIGHT" offset="1" source="#weights2" />
                    <vcount>1 1 1 1 1 1 1 1 1 1 1 1 1 1 1 1 1 1 1 1 1 1 1 1 1 1 1 1 1 1 1 1 1 1 1 1 1 1 1 1 1 1 1 1 1 1 1 1 1 1 1 1 1 1 1 1 1 1 1 1 1 1 1 1 1 1 1 1 1 1 1 1 1 1 1 1 1 1 1 1 1 1 1 1 1 1 1 1 1 1 1 1 1 1 1 1 1 1 1 1 1 1 1 1 1 1 1 1 1 1 1 1 1 1 1 1 1 1 1 1 1 1 1 1 1 1 1 1 1 1 1 1 1 1 1 1 1 1 1 1 1 1 1 1 1 1 1 1 1 1 1 1 1 1 1 1 1 1 1 1 1 1 1 1 1 1 1 1 1 2 2 2 2 2 2 2 2 2 2 2 2 2 2 2 2 2 2 2 2 2 2 2 2 2 2 2 2 2 2 2 2 2 2 2 2 2 2 2 2 2 2 2 2 2 2 2 2 2 2 2 2 2 2 2 2 2 2 2 2 2 2 2 2 2 2 2 2 2 2 2 2 2 2 2 2 2 2 2 2 2 2 2 2 2 2 2 2 1 1 1 1 1 1 2 2 2 2 2 2 2 2 2 2 2 2 2 2 2 2 2 2 2 2 2 2 2 2 1 1 1 1 1 1 1 1 1 1 1 1 1 1 1 1 1 1 1 1 1 1 1 1 1 1 1 1 1 1 1 1 1 1 1 1 1 1 1 1 1 1 1 1 1 1 1 1 1 1 1 1 1 1 1 1 1 1 1 1 1 1 1 1 2 1 1 1 1 1 1 1 1 1 1 1 1 1 1 1 1 1 1 1 1 1 1 1 1 1 1 1 1 1 1 1 1 1 1 1 1 1 1 1 1 1 1 1 1 1 1 1 1 1 1 1 1 1 1 1 1 1 1 1 1 1 1 1 1 1 1 1 1 1 1 1 1</vcount>
                    <v>7 0 7 0 7 0 7 0 7 0 7 0 7 0 7 0 7 0 7 0 7 0 7 0 7 0 7 0 7 0 7 0 7 0 7 0 7 0 7 0 7 0 7 0 7 0 7 0 7 0 7 0 7 0 7 0 7 0 7 0 7 0 7 0 7 0 7 0 7 0 7 0 7 0 7 0 7 0 7 0 7 0 7 0 7 0 7 0 7 0 7 0 7 0 7 0 7 0 7 0 7 0 7 0 7 0 7 0 7 0 7 0 7 0 7 0 7 0 7 0 7 0 7 0 7 0 7 0 7 0 7 0 7 0 7 0 7 0 7 0 7 0 7 0 7 0 7 0 7 0 7 0 7 0 7 0 7 0 7 0 7 0 7 0 7 0 7 0 7 0 7 0 7 0 7 0 7 0 7 0 7 0 7 0 7 0 7 0 7 0 7 0 7 0 7 0 7 0 7 0 7 0 7 0 7 0 7 0 7 0 7 0 7 0 7 0 7 0 7 0 7 0 7 0 7 0 7 0 7 0 7 0 7 0 7 0 7 0 7 0 7 0 7 0 7 0 7 0 7 0 7 0 7 0 7 0 7 0 7 0 7 0 7 0 7 0 7 0 7 0 7 0 7 0 7 0 7 0 7 0 7 0 7 0 7 0 7 0 7 0 7 0 7 0 7 0 7 0 7 0 7 0 7 0 7 0 7 0 7 0 7 0 7 0 7 0 7 0 7 0 7 0 7 0 7 0 7 0 7 0 7 0 7 0 7 0 7 0 7 1 16 2 7 1 16 2 7 1 16 2 7 1 16 2 7 1 16 2 7 1 16 2 7 1 16 2 7 1 16 2 7 1 16 2 7 1 16 2 7 1 16 2 7 1 16 2 7 1 16 2 7 1 16 2 7 1 16 2 7 1 16 2 7 1 16 2 7 1 16 2 7 1 16 2 7 1 16 2 7 1 16 2 7 1 16 2 7 1 16 2 7 1 16 2 7 1 16 2 7 1 16 2 7 1 16 2 7 1 16 2 7 1 16 2 7 1 16 2 7 1 16 2 7 1 16 2 7 1 16 2 7 1 16 2 7 1 16 2 7 1 16 2 7 1 16 2 7 1 16 2 7 1 16 2 7 1 16 2 7 1 16 2 7 1 16 2 7 1 16 2 7 1 16 2 7 1 16 2 7 1 16 2 7 1 16 2 7 1 16 2 7 1 16 2 7 1 16 2 7 1 16 2 7 1 16 2 7 1 16 2 7 1 16 2 7 1 16 2 7 1 16 2 7 1 16 2 7 1 16 2 7 1 16 2 7 1 16 2 7 1 16 2 7 1 16 2 7 1 16 2 7 1 16 2 7 1 16 2 7 1 16 2 7 1 16 2 7 1 16 2 7 1 16 2 7 1 16 2 7 1 16 2 7 1 16 2 7 1 16 2 7 1 16 2 7 1 16 2 7 1 16 2 7 1 16 2 7 1 16 2 7 1 16 2 7 1 16 2 7 1 16 2 7 1 16 2 7 1 16 2 7 1 16 2 7 1 16 2 7 1 16 2 7 1 16 2 7 1 16 2 7 0 7 0 7 0 7 0 7 0 7 0 7 1 16 2 7 1 16 2 7 1 16 2 7 1 16 2 7 1 16 2 7 1 16 2 7 1 16 2 7 1 16 2 7 1 16 2 7 1 16 2 7 1 16 2 7 1 16 2 7 1 16 2 7 1 16 2 7 1 16 2 7 1 16 2 7 1 16 2 7 1 16 2 7 1 16 2 7 1 16 2 7 1 16 2 7 1 16 2 7 1 16 2 7 1 16 2 7 0 7 0 7 0 7 0 7 0 7 0 7 0 7 0 7 0 7 0 7 0 7 0 7 0 7 0 7 0 7 0 7 0 7 0 7 0 7 0 7 0 7 0 7 0 7 0 7 0 7 0 7 0 7 0 7 0 7 0 7 0 7 0 7 0 7 0 7 0 7 0 7 0 7 0 7 0 7 0 7 0 7 0 7 0 7 0 7 0 7 0 7 0 7 0 7 0 7 0 7 0 7 0 7 0 7 0 7 0 7 0 7 0 7 0 7 0 7 0 7 0 7 0 7 0 7 0 7 1 16 2 7 0 7 0 7 0 7 0 7 0 7 0 7 0 7 0 7 0 7 0 7 0 7 0 7 0 7 0 7 0 7 0 7 0 7 0 7 0 7 0 7 0 7 0 7 0 7 0 7 0 7 0 7 0 7 0 7 0 7 0 7 0 7 0 7 0 7 0 7 0 7 0 7 0 7 0 7 0 7 0 7 0 7 0 7 0 7 0 7 0 7 0 7 0 7 0 7 0 7 0 7 0 7 0 7 0 7 0 7 0 7 0 7 0 7 0 7 0 7 0 7 0 7 0 7 0 7 0 7 0 7 0 7 0 7 0 7 0 7 0 7 0 7 0</v>
                </vertex_weights>
            </skin>
        </controller>
        <controller id="controller3">
            <skin source="#mesh3">
                <bind_shape_matrix>1 0 0 0 0 1 0 0 0 0 1 0 0 0 0 1</bind_shape_matrix>
                <source id="joints3">
                    <Name_array id="JointArr3" count="35">jointnode-1 jointnode0 jointnode1 jointnode2 jointnode3 jointnode4 jointnode5 jointnode6 jointnode7 jointnode8 jointnode9 jointnode10 jointnode11 jointnode12 jointnode13 jointnode14 jointnode15 jointnode16 jointnode17 jointnode18 jointnode19 jointnode20 jointnode21 jointnode22 jointnode23 jointnode24 jointnode25 jointnode26 jointnode27 jointnode28 jointnode29 jointnode30 jointnode31 jointnode32 jointnode33</Name_array>
                    <technique_common>
                        <accessor source="#JointArr3" count="35">
                            <param name="JOINT" type="Name" />
                        </accessor>
                    </technique_common>
                </source>
                <source id="matrices3">
                    <float_array id="MatArr3" count="560">1 0 0 0 0 1 0 0 0 0 1 0 0 0 0 1 1 0 0 0 0 1 0 0 0 0 1 0 0 0 0 1 1 0 0 0 0 1 0 -125.14652252197266 0 0 1 0 0 0 0 1 1 0 0 0 0 1 0 0 0 0 1 -100 0 0 0 1 1 0 0 -100 0 1 0 0 0 0 1 0 0 0 0 1 1 0 0 100 0 1 0 0 0 0 1 0 0 0 0 1 1 0 0 0 0 1 0 -93 0 0 1 0 0 0 0 1 0.00004793836256601856 -0.9999999988509567 -4.386559881474326e-18 137.49999984200656 0.00004793836251091911 2.2980866055094973e-9 -0.9999999988509567 2.499999681140483 0.9999999977019134 0.00004793836251091911 0.00004793836256601856 -0.006711370751666425 0 0 0 1 0.00004782332063778632 -0.9999971262495844 0.0023969158313184714 124.99964171829647 -0.0000480531290230205 0.0023969135332384717 0.9999971262440761 -0.29961511597924 -0.9999999977019134 -0.00004793836251091881 -0.00004793836256589609 37.00671137075166 0 0 0 1 0.00004782332063778632 -0.9999971262495844 0.0023969158313184714 67.49964171829649 -0.0000480531290230205 0.0023969135332384717 0.9999971262440761 -1.4008841227083664 -0.9999999977019134 -0.00004793836251091881 -0.00004793836256589609 37.00671137075167 0 0 0 1 0.00004793836256601826 -0.9999999988509566 -4.826125313346229e-18 22.49968605221886 -0.000047938362510796644 -2.298086605503612e-9 0.9999999988509567 0.008468729012002334 -0.9999999977019135 -0.00004793836251091881 -0.000047938362565896096 37.00671137075167 0 0 0 1 -0.00004793606436910788 -0.00004794066059752197 0.9999999977019134 -39.991171702366906 -0.00004794066059753787 0.9999999977018031 0.00004793836251092393 -7.501603172127032 -0.9999999977019135 -0.00004793836251091881 -0.0000479383625658961 35.13171232442598 0 0 0 1 0.000047818713241344304 -0.999996891845205 0.0024927922697969397 124.99961051507236 -0.00004805771394552241 0.002492789971717479 0.9999968918394764 -0.31159775878161794 -0.9999999977019135 -0.00004793836251091882 -0.00004793836256589611 -36.993288629248326 0 0 0 1 0.000047823320637786314 -0.9999971262495845 0.002396915831318472 67.4996982663124 -0.00004805312902302051 0.0023969135332384717 0.9999971262440762 -1.3894651377945462 -0.9999999977019134 -0.000047938362510918806 -0.0000479383625658961 -36.99328762924834 0 0 0 1 0.00004793836256601825 -0.9999999988509567 -4.392444444352028e-18 22.499672397940877 -0.00004793836251079665 -2.2980866059372924e-9 0.9999999988509568 0.00751876100357246 -0.9999999977019135 -0.000047938362510918806 -0.00004793836256589611 -36.99328662924834 0 0 0 1 -0.000047936064369107886 -0.00004794066059752241 0.9999999977019135 -39.9921216710288 -0.000047940660597537865 0.9999999977018033 0.0000479383625109235 -7.501589563388977 -0.9999999977019135 -0.000047938362510918806 -0.000047938362565896116 -35.11828758292266 0 0 0 1 -0.00005985138241861646 0.9563793183791726 0.2921277045992067 -169.10735071738054 -0.000031843134712522794 -0.2921277067970492 0.9563793190505073 43.52902644002957 0.9999999977019134 0.00004793836251091912 0.000047938362566018563 -0.0067103707516689495 0 0 0 1 -0.00006286484824986218 0.39096106701218797 0.9204072142963148 -131.02548316433774 0.000025380781316995434 -0.9204072151947772 0.3909610691273635 261.89485037402295 0.9999999977019134 0.00004793836251091911 0.00004793836256601855 -0.006712370751663898 0 0 0 1 -0.000046248387799145025 -0.03465249956091137 0.9993994207198982 -22.428114625968526 0.00004957075581145842 -0.9993994206402635 -0.0346524972642049 300.43190337194613 0.9999999977019135 0.00004793836251091911 0.00004793836256601856 -0.006712370751663897 0 0 0 1 -0.000046248387799145025 -0.03465249956091137 0.9993994207198982 -22.428114625968526 0.00004957075581145842 -0.9993994206402635 -0.0346524972642049 300.43190337194613 0.9999999977019135 0.00004793836251091911 0.00004793836256601856 -0.006712370751663897 0 0 0 1 -0.00006775419710921674 0.6821265105339799 0.7312341752380732 -270.3094310614369 0.000002354140995087586 -0.731234176805659 0.6821265122144193 218.10085174198656 0.9999999977019135 0.00004793836251091911 0.000047938362566018563 -0.006715370751770011 0 0 0 1 0.9999999936836929 0.00009378562097094944 0.00006194248632959119 -30.01906052704241 -0.00005865078281781707 -0.0347004099718957 0.9993977577060438 1.0126899731265935 0.00009587856897378355 -0.9993977550265158 -0.0347004042521171 266.93915247579366 0 0 0 1 0.9999904334021903 -0.00005592806259605305 0.004373782819382028 -70.69834848500153 0.004373089457045055 0.034700491639343446 -0.999388188827839 -14.160184056744546 -0.00009587856897378297 0.9993977550265157 0.03470040425211697 -267.7417984571054 0 0 0 1 0.9999857810149835 -0.00008919772679454296 0.005331961329483986 -151.7585257098971 0.005331845379752623 0.034700422068410994 -0.9993835360526612 -15.259258167252806 -0.00009587856897378304 0.9993977550265158 0.034700404252116984 -242.72273641486908 0 0 0 1 0.999999993683693 0.00009378562097094944 0.00006194248632959146 -242.28429248805037 -0.00009587575724112339 0.999399417358999 0.034652494720188234 -242.72335168201582 -0.00005865537901202659 -0.03465250044009527 0.9993994200382528 12.974749529682699 0 0 0 1 0.999999993683693 0.00009378562097094944 0.00006194248632959146 -242.28429248805037 -0.00009587575724112339 0.999399417358999 0.034652494720188234 -242.72335168201582 -0.00005865537901202659 -0.03465250044009527 0.9993994200382528 12.974749529682699 0 0 0 1 -0.9999999994220473 -0.000002091103940722262 -0.000033934238692279426 -30.005635970857227 -0.00003384123995686916 -0.034700408782566826 0.9993977588953725 1.0126898065980399 -0.0000032673765463212217 0.9993977594661446 0.03470040869174603 -266.9391530974257 0 0 0 1 -0.9999999994220474 -0.000002091103940722262 -0.000033934238692279426 -71.27516722085724 0.00003384123995686916 0.03470040878256695 -0.9993977588953725 -13.85502836860979 0.000003267376546321226 -0.9993977594661446 -0.034700408691746155 267.7417990787375 0 0 0 1 -0.9999999994220474 -0.000002091103940722262 -0.000033934238692279426 -152.35004972818143 0.00003384123995686916 0.03470040878256695 -0.9993977588953725 -14.663736380713825 0.000003267376546321226 -0.9993977594661446 -0.034700408691746155 242.7247569187033 0 0 0 1 -0.9999999994220475 -0.0000020911039407222634 -0.000033934238692279426 -242.80396818521277 -0.0000032657542489361342 0.9993994217985709 0.03465249915976031 -242.7257384483803 0.00003384139655066564 0.03465249925055375 -0.9993994212277945 -13.397428471178142 0 0 0 1 -0.9999999994220475 -0.0000020911039407222634 -0.000033934238692279426 -242.27099418046726 -0.0000032657542489361342 0.9993994217985709 0.03465249915976031 -242.7233234483849 0.00003384139655066564 0.03465249925055375 -0.9993994212277945 -12.973660457462397 0 0 0 1 -0.00006427199705984874 0.445379870536635 0.8953417039264285 -137.70007198479982 0.000021570433460599227 -0.8953417049499499 0.44537987259420786 176.44104759866502 0.9999999977019134 0.000047938362510919104 0.00004793836256601856 -0.006711370751666423 0 0 0 1 0.00004779105963328499 -0.9999952923803331 0.003068050388614358 171.67179959198486 0.00004808521420215516 -0.003068048090538508 -0.9999952923732826 63.12624299439393 0.9999999977019135 0.00004793836251091912 0.000047938362566018563 -0.00671037075166895 0 0 0 1 0.000052472350985840505 -0.9950328951539136 -0.09954664639390615 146.79719605285698 0.00004292814447140837 0.09954664868057798 -0.9950328953826806 49.20017729711827 0.9999999977019134 0.00004793836251091912 0.000047938362566018563 -0.006710370751668951 0 0 0 1 0.000049842592355824644 -0.9991777227959721 -0.04054473805528654 116.99467960913536 -0.00004595529559233823 -0.040544740351483574 0.9991777228891477 -55.421607256246794 -0.9999999977019136 -0.000047938362510924085 -0.000047938362565896205 0.006710370751662164 0 0 0 1</float_array>
                    <technique_common>
                        <accessor source="#MatArr3" count="35" stride="16">
                            <param type="float4x4" />
                        </accessor>
                    </technique_common>
                </source>
                <source id="weights3">
                    <float_array id="WeightArr3" count="15">1 0.8999999761581421 0.10000000149011612 0.5 0.6000000238418579 0.20000000298023224 0.800000011920929 0.15000000596046448 0.8500000238418579 0.4000000059604645 0.25 0.75 0.05000000074505806 0.30000001192092896 0.699999988079071</float_array>
                    <technique_common>
                        <accessor source="#WeightArr3" count="1">
                            <param type="float" />
                        </accessor>
                    </technique_common>
                </source>
                <joints>
                    <input semantic="JOINT" source="#joints3" />
                    <input semantic="INV_BIND_MATRIX" source="#matrices3" />
                </joints>
                <vertex_weights count="326">
                    <input semantic="JOINT" offset="0" source="#joints3" />
                    <input semantic="WEIGHT" offset="1" source="#weights3" />
                    <vcount>1 1 1 1 1 1 1 1 1 1 1 1 1 1 1 1 1 1 1 1 1 1 1 1 1 1 1 1 1 1 1 1 1 1 1 1 1 1 1 1 1 1 1 1 1 1 1 1 1 1 1 1 1 1 1 1 1 1 1 1 1 1 1 1 1 1 1 1 1 1 1 1 1 1 1 1 1 1 1 1 1 1 1 1 1 1 1 1 1 1 1 1 1 1 1 1 1 1 1 1 1 1 1 1 1 1 1 1 1 1 1 1 1 1 1 1 1 1 1 1 1 1 1 1 1 1 1 1 1 1 1 1 1 1 1 1 1 1 1 1 1 1 1 1 1 1 1 1 1 1 1 1 1 1 1 1 1 1 1 1 1 1 1 1 1 1 1 1 1 1 1 1 1 1 1 1 1 1 1 1 1 1 1 1 1 1 1 1 1 1 1 1 1 1 1 1 1 1 1 1 1 1 1 1 1 1 1 1 1 1 1 1 1 1 1 1 1 1 1 1 1 1 1 1 1 1 1 1 1 1 1 1 1 1 1 1 1 1 1 1 1 1 1 1 1 1 1 1 1 1 1 1 1 1 1 1 1 1 1 1 1 1 1 1 1 1 1 1 1 1 1 1 1 1 1 1 1 1 1 1 1 1 1 1 1 1 1 1 1 1 1 1 1 1 1 1 1 1 1 1 1 1 1 1 1 1 1 1 1 1 1 1 1 1 1 1 1 1 1 1 1 1 1 1 1 1</vcount>
                    <v>25 0 25 0 25 0 25 0 25 0 25 0 25 0 25 0 25 0 25 0 25 0 25 0 25 0 25 0 25 0 25 0 25 0 25 0 25 0 25 0 25 0 25 0 25 0 25 0 25 0 25 0 25 0 25 0 25 0 25 0 25 0 25 0 25 0 25 0 25 0 25 0 25 0 25 0 25 0 25 0 25 0 25 0 25 0 25 0 25 0 25 0 25 0 25 0 25 0 25 0 25 0 25 0 25 0 25 0 25 0 25 0 25 0 25 0 25 0 25 0 25 0 25 0 25 0 25 0 25 0 25 0 25 0 25 0 25 0 25 0 25 0 25 0 25 0 25 0 25 0 25 0 25 0 25 0 25 0 25 0 25 0 25 0 25 0 25 0 25 0 25 0 25 0 25 0 25 0 25 0 25 0 25 0 25 0 25 0 25 0 25 0 25 0 25 0 25 0 25 0 25 0 25 0 25 0 25 0 25 0 25 0 25 0 25 0 25 0 25 0 25 0 25 0 25 0 25 0 25 0 25 0 25 0 25 0 25 0 25 0 25 0 25 0 25 0 25 0 25 0 25 0 25 0 25 0 25 0 25 0 25 0 25 0 25 0 25 0 25 0 25 0 25 0 25 0 25 0 25 0 25 0 25 0 25 0 25 0 25 0 25 0 25 0 25 0 25 0 25 0 25 0 25 0 25 0 25 0 25 0 25 0 25 0 25 0 25 0 25 0 25 0 25 0 25 0 25 0 25 0 25 0 25 0 25 0 25 0 25 0 25 0 25 0 25 0 25 0 25 0 25 0 25 0 25 0 25 0 25 0 25 0 25 0 25 0 25 0 25 0 25 0 25 0 25 0 25 0 25 0 25 0 25 0 25 0 25 0 25 0 25 0 25 0 25 0 25 0 25 0 25 0 25 0 25 0 25 0 25 0 25 0 25 0 25 0 25 0 25 0 25 0 25 0 25 0 25 0 25 0 25 0 25 0 25 0 25 0 25 0 25 0 25 0 25 0 25 0 25 0 25 0 25 0 25 0 25 0 25 0 25 0 25 0 25 0 25 0 25 0 25 0 25 0 25 0 25 0 25 0 25 0 25 0 25 0 25 0 25 0 25 0 25 0 25 0 25 0 25 0 25 0 25 0 25 0 25 0 25 0 25 0 25 0 25 0 25 0 25 0 25 0 25 0 25 0 25 0 25 0 25 0 25 0 25 0 25 0 25 0 25 0 25 0 25 0 25 0 25 0 25 0 25 0 25 0 25 0 25 0 25 0 25 0 25 0 25 0 25 0 25 0 25 0 25 0 25 0 25 0 25 0 25 0 25 0 25 0 25 0 25 0 25 0 25 0 25 0 25 0 25 0 25 0 25 0 25 0 25 0 25 0 25 0 25 0 25 0 25 0 25 0 25 0 25 0 25 0 25 0 25 0 25 0 25 0 25 0 25 0 25 0 25 0 25 0 25 0 25 0 25 0</v>
                </vertex_weights>
            </skin>
        </controller>
        <controller id="controller4">
            <skin source="#mesh4">
                <bind_shape_matrix>1 0 0 0 0 1 0 0 0 0 1 0 0 0 0 1</bind_shape_matrix>
                <source id="joints4">
                    <Name_array id="JointArr4" count="35">jointnode-1 jointnode0 jointnode1 jointnode2 jointnode3 jointnode4 jointnode5 jointnode6 jointnode7 jointnode8 jointnode9 jointnode10 jointnode11 jointnode12 jointnode13 jointnode14 jointnode15 jointnode16 jointnode17 jointnode18 jointnode19 jointnode20 jointnode21 jointnode22 jointnode23 jointnode24 jointnode25 jointnode26 jointnode27 jointnode28 jointnode29 jointnode30 jointnode31 jointnode32 jointnode33</Name_array>
                    <technique_common>
                        <accessor source="#JointArr4" count="35">
                            <param name="JOINT" type="Name" />
                        </accessor>
                    </technique_common>
                </source>
                <source id="matrices4">
                    <float_array id="MatArr4" count="560">1 0 0 0 0 1 0 0 0 0 1 0 0 0 0 1 1 0 0 0 0 1 0 0 0 0 1 0 0 0 0 1 1 0 0 0 0 1 0 -125.14652252197266 0 0 1 0 0 0 0 1 1 0 0 0 0 1 0 0 0 0 1 -100 0 0 0 1 1 0 0 -100 0 1 0 0 0 0 1 0 0 0 0 1 1 0 0 100 0 1 0 0 0 0 1 0 0 0 0 1 1 0 0 0 0 1 0 -93 0 0 1 0 0 0 0 1 0.00004793836256601856 -0.9999999988509567 -4.386559881474326e-18 137.49999984200656 0.00004793836251091911 2.2980866055094973e-9 -0.9999999988509567 2.499999681140483 0.9999999977019134 0.00004793836251091911 0.00004793836256601856 -0.006711370751666425 0 0 0 1 0.00004782332063778632 -0.9999971262495844 0.0023969158313184714 124.99964171829647 -0.0000480531290230205 0.0023969135332384717 0.9999971262440761 -0.29961511597924 -0.9999999977019134 -0.00004793836251091881 -0.00004793836256589609 37.00671137075166 0 0 0 1 0.00004782332063778632 -0.9999971262495844 0.0023969158313184714 67.49964171829649 -0.0000480531290230205 0.0023969135332384717 0.9999971262440761 -1.4008841227083664 -0.9999999977019134 -0.00004793836251091881 -0.00004793836256589609 37.00671137075167 0 0 0 1 0.00004793836256601826 -0.9999999988509566 -4.826125313346229e-18 22.49968605221886 -0.000047938362510796644 -2.298086605503612e-9 0.9999999988509567 0.008468729012002334 -0.9999999977019135 -0.00004793836251091881 -0.000047938362565896096 37.00671137075167 0 0 0 1 -0.00004793606436910788 -0.00004794066059752197 0.9999999977019134 -39.991171702366906 -0.00004794066059753787 0.9999999977018031 0.00004793836251092393 -7.501603172127032 -0.9999999977019135 -0.00004793836251091881 -0.0000479383625658961 35.13171232442598 0 0 0 1 0.000047818713241344304 -0.999996891845205 0.0024927922697969397 124.99961051507236 -0.00004805771394552241 0.002492789971717479 0.9999968918394764 -0.31159775878161794 -0.9999999977019135 -0.00004793836251091882 -0.00004793836256589611 -36.993288629248326 0 0 0 1 0.000047823320637786314 -0.9999971262495845 0.002396915831318472 67.4996982663124 -0.00004805312902302051 0.0023969135332384717 0.9999971262440762 -1.3894651377945462 -0.9999999977019134 -0.000047938362510918806 -0.0000479383625658961 -36.99328762924834 0 0 0 1 0.00004793836256601825 -0.9999999988509567 -4.392444444352028e-18 22.499672397940877 -0.00004793836251079665 -2.2980866059372924e-9 0.9999999988509568 0.00751876100357246 -0.9999999977019135 -0.000047938362510918806 -0.00004793836256589611 -36.99328662924834 0 0 0 1 -0.000047936064369107886 -0.00004794066059752241 0.9999999977019135 -39.9921216710288 -0.000047940660597537865 0.9999999977018033 0.0000479383625109235 -7.501589563388977 -0.9999999977019135 -0.000047938362510918806 -0.000047938362565896116 -35.11828758292266 0 0 0 1 -0.00005985138241861646 0.9563793183791726 0.2921277045992067 -169.10735071738054 -0.000031843134712522794 -0.2921277067970492 0.9563793190505073 43.52902644002957 0.9999999977019134 0.00004793836251091912 0.000047938362566018563 -0.0067103707516689495 0 0 0 1 -0.00006286484824986218 0.39096106701218797 0.9204072142963148 -131.02548316433774 0.000025380781316995434 -0.9204072151947772 0.3909610691273635 261.89485037402295 0.9999999977019134 0.00004793836251091911 0.00004793836256601855 -0.006712370751663898 0 0 0 1 -0.000046248387799145025 -0.03465249956091137 0.9993994207198982 -22.428114625968526 0.00004957075581145842 -0.9993994206402635 -0.0346524972642049 300.43190337194613 0.9999999977019135 0.00004793836251091911 0.00004793836256601856 -0.006712370751663897 0 0 0 1 -0.000046248387799145025 -0.03465249956091137 0.9993994207198982 -22.428114625968526 0.00004957075581145842 -0.9993994206402635 -0.0346524972642049 300.43190337194613 0.9999999977019135 0.00004793836251091911 0.00004793836256601856 -0.006712370751663897 0 0 0 1 -0.00006775419710921674 0.6821265105339799 0.7312341752380732 -270.3094310614369 0.000002354140995087586 -0.731234176805659 0.6821265122144193 218.10085174198656 0.9999999977019135 0.00004793836251091911 0.000047938362566018563 -0.006715370751770011 0 0 0 1 0.9999999936836929 0.00009378562097094944 0.00006194248632959119 -30.01906052704241 -0.00005865078281781707 -0.0347004099718957 0.9993977577060438 1.0126899731265935 0.00009587856897378355 -0.9993977550265158 -0.0347004042521171 266.93915247579366 0 0 0 1 0.9999904334021903 -0.00005592806259605305 0.004373782819382028 -70.69834848500153 0.004373089457045055 0.034700491639343446 -0.999388188827839 -14.160184056744546 -0.00009587856897378297 0.9993977550265157 0.03470040425211697 -267.7417984571054 0 0 0 1 0.9999857810149835 -0.00008919772679454296 0.005331961329483986 -151.7585257098971 0.005331845379752623 0.034700422068410994 -0.9993835360526612 -15.259258167252806 -0.00009587856897378304 0.9993977550265158 0.034700404252116984 -242.72273641486908 0 0 0 1 0.999999993683693 0.00009378562097094944 0.00006194248632959146 -242.28429248805037 -0.00009587575724112339 0.999399417358999 0.034652494720188234 -242.72335168201582 -0.00005865537901202659 -0.03465250044009527 0.9993994200382528 12.974749529682699 0 0 0 1 0.999999993683693 0.00009378562097094944 0.00006194248632959146 -242.28429248805037 -0.00009587575724112339 0.999399417358999 0.034652494720188234 -242.72335168201582 -0.00005865537901202659 -0.03465250044009527 0.9993994200382528 12.974749529682699 0 0 0 1 -0.9999999994220473 -0.000002091103940722262 -0.000033934238692279426 -30.005635970857227 -0.00003384123995686916 -0.034700408782566826 0.9993977588953725 1.0126898065980399 -0.0000032673765463212217 0.9993977594661446 0.03470040869174603 -266.9391530974257 0 0 0 1 -0.9999999994220474 -0.000002091103940722262 -0.000033934238692279426 -71.27516722085724 0.00003384123995686916 0.03470040878256695 -0.9993977588953725 -13.85502836860979 0.000003267376546321226 -0.9993977594661446 -0.034700408691746155 267.7417990787375 0 0 0 1 -0.9999999994220474 -0.000002091103940722262 -0.000033934238692279426 -152.35004972818143 0.00003384123995686916 0.03470040878256695 -0.9993977588953725 -14.663736380713825 0.000003267376546321226 -0.9993977594661446 -0.034700408691746155 242.7247569187033 0 0 0 1 -0.9999999994220475 -0.0000020911039407222634 -0.000033934238692279426 -242.80396818521277 -0.0000032657542489361342 0.9993994217985709 0.03465249915976031 -242.7257384483803 0.00003384139655066564 0.03465249925055375 -0.9993994212277945 -13.397428471178142 0 0 0 1 -0.9999999994220475 -0.0000020911039407222634 -0.000033934238692279426 -242.27099418046726 -0.0000032657542489361342 0.9993994217985709 0.03465249915976031 -242.7233234483849 0.00003384139655066564 0.03465249925055375 -0.9993994212277945 -12.973660457462397 0 0 0 1 -0.00006427199705984874 0.445379870536635 0.8953417039264285 -137.70007198479982 0.000021570433460599227 -0.8953417049499499 0.44537987259420786 176.44104759866502 0.9999999977019134 0.000047938362510919104 0.00004793836256601856 -0.006711370751666423 0 0 0 1 0.00004779105963328499 -0.9999952923803331 0.003068050388614358 171.67179959198486 0.00004808521420215516 -0.003068048090538508 -0.9999952923732826 63.12624299439393 0.9999999977019135 0.00004793836251091912 0.000047938362566018563 -0.00671037075166895 0 0 0 1 0.000052472350985840505 -0.9950328951539136 -0.09954664639390615 146.79719605285698 0.00004292814447140837 0.09954664868057798 -0.9950328953826806 49.20017729711827 0.9999999977019134 0.00004793836251091912 0.000047938362566018563 -0.006710370751668951 0 0 0 1 0.000049842592355824644 -0.9991777227959721 -0.04054473805528654 116.99467960913536 -0.00004595529559233823 -0.040544740351483574 0.9991777228891477 -55.421607256246794 -0.9999999977019136 -0.000047938362510924085 -0.000047938362565896205 0.006710370751662164 0 0 0 1</float_array>
                    <technique_common>
                        <accessor source="#MatArr4" count="35" stride="16">
                            <param type="float4x4" />
                        </accessor>
                    </technique_common>
                </source>
                <source id="weights4">
                    <float_array id="WeightArr4" count="15">1 0.8999999761581421 0.10000000149011612 0.5 0.6000000238418579 0.20000000298023224 0.800000011920929 0.15000000596046448 0.8500000238418579 0.4000000059604645 0.25 0.75 0.05000000074505806 0.30000001192092896 0.699999988079071</float_array>
                    <technique_common>
                        <accessor source="#WeightArr4" count="1">
                            <param type="float" />
                        </accessor>
                    </technique_common>
                </source>
                <joints>
                    <input semantic="JOINT" source="#joints4" />
                    <input semantic="INV_BIND_MATRIX" source="#matrices4" />
                </joints>
                <vertex_weights count="326">
                    <input semantic="JOINT" offset="0" source="#joints4" />
                    <input semantic="WEIGHT" offset="1" source="#weights4" />
                    <vcount>1 1 1 1 1 1 1 1 1 1 1 1 1 1 1 1 1 1 1 1 1 1 1 1 1 1 1 1 1 1 1 1 1 1 1 1 1 1 1 1 1 1 1 1 1 1 1 1 1 1 1 1 1 1 1 1 1 1 1 1 1 1 1 1 1 1 1 1 1 1 1 1 1 1 1 1 1 1 1 1 1 1 1 1 1 1 1 1 1 1 1 1 1 1 1 1 1 1 1 1 1 1 1 1 1 1 1 1 1 1 1 1 1 1 1 1 1 1 1 1 1 1 1 1 1 1 1 1 1 1 1 1 1 1 1 1 1 1 1 1 1 1 1 1 1 1 1 1 1 1 1 1 1 1 1 1 1 1 1 1 1 1 1 1 1 1 1 1 1 1 1 1 1 1 1 1 1 1 1 1 1 1 1 1 1 1 1 1 1 1 1 1 1 1 1 1 1 1 1 1 1 1 1 1 1 1 1 1 1 1 1 1 1 1 1 1 1 1 1 1 1 1 1 1 1 1 1 1 1 1 1 1 1 1 1 1 1 1 1 1 1 1 1 1 1 1 1 1 1 1 1 1 1 1 1 1 1 1 1 1 1 1 1 1 1 1 1 1 1 1 1 1 1 1 1 1 1 1 1 1 1 1 1 1 1 1 1 1 1 1 1 1 1 1 1 1 1 1 1 1 1 1 1 1 1 1 1 1 1 1 1 1 1 1 1 1 1 1 1 1 1 1 1 1 1 1</vcount>
                    <v>30 0 30 0 30 0 30 0 30 0 30 0 30 0 30 0 30 0 30 0 30 0 30 0 30 0 30 0 30 0 30 0 30 0 30 0 30 0 30 0 30 0 30 0 30 0 30 0 30 0 30 0 30 0 30 0 30 0 30 0 30 0 30 0 30 0 30 0 30 0 30 0 30 0 30 0 30 0 30 0 30 0 30 0 30 0 30 0 30 0 30 0 30 0 30 0 30 0 30 0 30 0 30 0 30 0 30 0 30 0 30 0 30 0 30 0 30 0 30 0 30 0 30 0 30 0 30 0 30 0 30 0 30 0 30 0 30 0 30 0 30 0 30 0 30 0 30 0 30 0 30 0 30 0 30 0 30 0 30 0 30 0 30 0 30 0 30 0 30 0 30 0 30 0 30 0 30 0 30 0 30 0 30 0 30 0 30 0 30 0 30 0 30 0 30 0 30 0 30 0 30 0 30 0 30 0 30 0 30 0 30 0 30 0 30 0 30 0 30 0 30 0 30 0 30 0 30 0 30 0 30 0 30 0 30 0 30 0 30 0 30 0 30 0 30 0 30 0 30 0 30 0 30 0 30 0 30 0 30 0 30 0 30 0 30 0 30 0 30 0 30 0 30 0 30 0 30 0 30 0 30 0 30 0 30 0 30 0 30 0 30 0 30 0 30 0 30 0 30 0 30 0 30 0 30 0 30 0 30 0 30 0 30 0 30 0 30 0 30 0 30 0 30 0 30 0 30 0 30 0 30 0 30 0 30 0 30 0 30 0 30 0 30 0 30 0 30 0 30 0 30 0 30 0 30 0 30 0 30 0 30 0 30 0 30 0 30 0 30 0 30 0 30 0 30 0 30 0 30 0 30 0 30 0 30 0 30 0 30 0 30 0 30 0 30 0 30 0 30 0 30 0 30 0 30 0 30 0 30 0 30 0 30 0 30 0 30 0 30 0 30 0 30 0 30 0 30 0 30 0 30 0 30 0 30 0 30 0 30 0 30 0 30 0 30 0 30 0 30 0 30 0 30 0 30 0 30 0 30 0 30 0 30 0 30 0 30 0 30 0 30 0 30 0 30 0 30 0 30 0 30 0 30 0 30 0 30 0 30 0 30 0 30 0 30 0 30 0 30 0 30 0 30 0 30 0 30 0 30 0 30 0 30 0 30 0 30 0 30 0 30 0 30 0 30 0 30 0 30 0 30 0 30 0 30 0 30 0 30 0 30 0 30 0 30 0 30 0 30 0 30 0 30 0 30 0 30 0 30 0 30 0 30 0 30 0 30 0 30 0 30 0 30 0 30 0 30 0 30 0 30 0 30 0 30 0 30 0 30 0 30 0 30 0 30 0 30 0 30 0 30 0 30 0 30 0 30 0 30 0 30 0 30 0 30 0 30 0 30 0 30 0 30 0 30 0 30 0 30 0 30 0 30 0 30 0 30 0 30 0 30 0 30 0 30 0 30 0 30 0 30 0</v>
                </vertex_weights>
            </skin>
        </controller>
    </library_controllers>
    <library_visual_scenes>
        <visual_scene id="VisualSceneNode">
            <node id="node0" name="m0" type="NODE">
                <instance_controller url="#controller0">
                    <skeleton>#jointnode-1</skeleton>
                    <bind_material>
                        <technique_common>
                            <instance_material symbol="Material1" target="#mat2">
                                <bind_vertex_input semantic="UVSET0" input_semantic="TEXCOORD" input_set="0"></bind_vertex_input>
                            </instance_material>
                        </technique_common>
                    </bind_material>
                </instance_controller>
            </node>
            <node id="node1" name="m1" type="NODE">
                <instance_controller url="#controller1">
                    <skeleton>#jointnode-1</skeleton>
                    <bind_material>
                        <technique_common>
                            <instance_material symbol="Material1" target="#mat0">
                                <bind_vertex_input semantic="UVSET0" input_semantic="TEXCOORD" input_set="0"></bind_vertex_input>
                            </instance_material>
                        </technique_common>
                    </bind_material>
                </instance_controller>
            </node>
            <node id="node2" name="m2" type="NODE">
                <instance_controller url="#controller2">
                    <skeleton>#jointnode-1</skeleton>
                    <bind_material>
                        <technique_common>
                            <instance_material symbol="Material1" target="#mat1">
                                <bind_vertex_input semantic="UVSET0" input_semantic="TEXCOORD" input_set="0"></bind_vertex_input>
                            </instance_material>
                        </technique_common>
                    </bind_material>
                </instance_controller>
            </node>
            <node id="node3" name="m3" type="NODE">
                <instance_controller url="#controller3">
                    <skeleton>#jointnode-1</skeleton>
                    <bind_material>
                        <technique_common>
                            <instance_material symbol="Material1" target="#mat3">
                                <bind_vertex_input semantic="UVSET0" input_semantic="TEXCOORD" input_set="0"></bind_vertex_input>
                            </instance_material>
                        </technique_common>
                    </bind_material>
                </instance_controller>
            </node>
            <node id="node4" name="m4" type="NODE">
                <instance_controller url="#controller4">
                    <skeleton>#jointnode-1</skeleton>
                    <bind_material>
                        <technique_common>
                            <instance_material symbol="Material1" target="#mat4">
                                <bind_vertex_input semantic="UVSET0" input_semantic="TEXCOORD" input_set="0"></bind_vertex_input>
                            </instance_material>
                        </technique_common>
                    </bind_material>
                </instance_controller>
            </node>
            <node id="jointnode-1" name="root" sid="jointnode-1" type="JOINT">
                <node id="jointnode0" name="world_root" sid="jointnode0" type="JOINT">
                    <node id="jointnode1" name="ColPos" sid="jointnode1" type="JOINT">
                        <translate>0 125.14652252197266 0</translate>
                    </node>
                    <node id="jointnode2" name="FaceVisiblity" sid="jointnode2" type="JOINT">
                        <translate>0 0 100</translate>
                    </node>
                    <node id="jointnode3" name="LHandVisiblity" sid="jointnode3" type="JOINT">
                        <translate>100 0 0</translate>
                    </node>
                    <node id="jointnode4" name="RHandVisiblity" sid="jointnode4" type="JOINT">
                        <translate>-100 0 0</translate>
                    </node>
                    <node id="jointnode5" name="RotCenter" sid="jointnode5" type="JOINT">
                        <translate>0 93 0</translate>
                    </node>
                    <node id="jointnode6" name="hip" sid="jointnode6" type="JOINT">
                        <translate>0 137.5 2.5</translate>
                        <rotate>0 0 1 -89.99725333414716</rotate>
                        <rotate>1 0 0 -89.99725333414716</rotate>
                        <node id="jointnode7" name="legL1" sid="jointnode7" type="JOINT">
                            <translate>12.499999046325684 2.4999990463256836 37</translate>
                            <rotate>0 0 1 -0.13733329264198738</rotate>
                            <rotate>1 0 0 180</rotate>
                            <node id="jointnode8" name="legL2" sid="jointnode8" type="JOINT">
                                <translate>57.5 1.101269006729126 0</translate>
                                <node id="jointnode9" name="footL" sid="jointnode9" type="JOINT">
                                    <translate>45 -1.3554229736328125 0</translate>
                                    <rotate>0 0 1 -0.13733329264198738</rotate>
                                    <node id="jointnode10" name="toeL" sid="jointnode10" type="JOINT">
                                        <translate>15 40 1.8749990463256836</translate>
                                        <rotate>0 0 1 89.99725333414716</rotate>
                                    </node>
                                </node>
                            </node>
                        </node>
                        <node id="jointnode11" name="legR1" sid="jointnode11" type="JOINT">
                            <translate>12.500000953674316 2.5000009536743164 -37</translate>
                            <rotate>0 0 1 -0.14282662434766685</rotate>
                            <rotate>1 0 0 180</rotate>
                            <node id="jointnode12" name="legR2" sid="jointnode12" type="JOINT">
                                <translate>57.50004577636719 1.0843390226364136 -9.999999974752427e-7</translate>
                                <rotate>0 0 1 -0.005493331705679495</rotate>
                                <node id="jointnode13" name="footR" sid="jointnode13" type="JOINT">
                                    <translate>45.00007247924805 -1.3430540561676025 -9.999999974752427e-7</translate>
                                    <rotate>0 0 1 -0.13733329264198738</rotate>
                                    <node id="jointnode14" name="toeR" sid="jointnode14" type="JOINT">
                                        <translate>15 40 -1.8749990463256836</translate>
                                        <rotate>0 0 1 89.99725333414716</rotate>
                                    </node>
                                </node>
                            </node>
                        </node>
                        <node id="jointnode15" name="spin" sid="jointnode15" type="JOINT">
                            <translate>-36.946807861328125 -5.270681858062744 -9.999999974752427e-7</translate>
                            <rotate>0 0 1 -163.014618366039</rotate>
                            <node id="jointnode16" name="neck" sid="jointnode16" type="JOINT">
                                <translate>115.73766326904297 -24.44087791442871 0.0000019999999949504854</translate>
                                <rotate>0 0 1 50.00030518509476</rotate>
                                <node id="jointnode17" name="head" sid="jointnode17" type="JOINT">
                                    <translate>16.270000457763672 -0.9100000262260437 0</translate>
                                    <rotate>0 0 1 25.00015259254738</rotate>
                                    <node id="jointnode18" name="Head00" sid="jointnode18" type="JOINT">
                                    </node>
                                    <node id="jointnode19" name="hair1" sid="jointnode19" type="JOINT">
                                        <translate>14.51375961303711 -44.92366409301758 0.000003000000106112566</translate>
                                        <rotate>0 0 1 -44.99588000122074</rotate>
                                    </node>
                                </node>
                            </node>
                            <node id="jointnode20" name="shoulderL" sid="jointnode20" type="JOINT">
                                <translate>88.47932434082031 -26.5236873626709 30.000001907348633</translate>
                                <rotate>0 1 0 -89.99725333414716</rotate>
                                <rotate>1 0 0 -14.99679555650502</rotate>
                                <node id="jointnode21" name="armL1" sid="jointnode21" type="JOINT">
                                    <translate>40.739723205566406 -12.842338562011719 -0.8026459813117981</translate>
                                    <rotate>0 0 1 0.24719992675557725</rotate>
                                    <rotate>1 0 0 180</rotate>
                                    <node id="jointnode22" name="armL2" sid="jointnode22" type="JOINT">
                                        <translate>81.07473754882812 0.9535660147666931 -25.019062042236328</translate>
                                        <rotate>0 0 1 -0.054933317056794946</rotate>
                                        <node id="jointnode23" name="wristL" sid="jointnode23" type="JOINT">
                                            <translate>90.45391845703125 -0.9954410195350647 -0.000007000000096013537</translate>
                                            <rotate>0 0 1 0.3021332438123722</rotate>
                                            <rotate>1 0 0 89.99725333414716</rotate>
                                            <node id="jointnode24" name="LHand00" sid="jointnode24" type="JOINT">
                                            </node>
                                        </node>
                                    </node>
                                </node>
                            </node>
                            <node id="jointnode25" name="shoulderR" sid="jointnode25" type="JOINT">
                                <translate>88.47932434082031 -26.5236873626709 -29.999998092651367</translate>
                                <rotate>0 1 0 89.99725333414716</rotate>
                                <rotate>1 0 0 14.99679555650502</rotate>
                                <node id="jointnode26" name="armR1" sid="jointnode26" type="JOINT">
                                    <translate>41.26953125 -12.842338562011719 0.8026459813117981</translate>
                                    <rotate>1 0 0 180</rotate>
                                    <node id="jointnode27" name="armR2" sid="jointnode27" type="JOINT">
                                        <translate>81.07488250732422 0.8087080121040344 25.01704216003418</translate>
                                        <node id="jointnode28" name="wristR" sid="jointnode28" type="JOINT">
                                            <translate>90.45391845703125 -1.2546720504760742 -0.0003389999910723418</translate>
                                            <rotate>1 0 0 -89.99725333414716</rotate>
                                            <node id="jointnode29" name="RHand00" sid="jointnode29" type="JOINT">
                                                <translate>-0.5329740047454834 -0.00241499999538064 -0.423768013715744</translate>
                                            </node>
                                        </node>
                                    </node>
                                </node>
                            </node>
                            <node id="jointnode30" name="tie1" sid="jointnode30" type="JOINT">
                                <translate>53.689998626708984 22.219539642333984 9.999999974752427e-7</translate>
                                <rotate>0 0 1 46.566972869045074</rotate>
                                <node id="jointnode31" name="tie2" sid="jointnode31" type="JOINT">
                                    <translate>-5.107291221618652 50.44388961791992 -9.999999974752427e-7</translate>
                                    <rotate>0 0 1 116.27185888241218</rotate>
                                    <node id="jointnode32" name="tie3" sid="jointnode32" type="JOINT">
                                        <translate>30.69717025756836 -0.8755390048027039 0</translate>
                                        <rotate>0 0 1 5.888851588488418</rotate>
                                        <node id="jointnode33" name="tie4" sid="jointnode33" type="JOINT">
                                            <translate>26.730558395385742 0.7924079895019531 0</translate>
                                            <rotate>0 0 1 -3.389385662404248</rotate>
                                            <rotate>1 0 0 180</rotate>
                                        </node>
                                    </node>
                                </node>
                            </node>
                        </node>
                    </node>
                </node>
            </node>
        </visual_scene>
    </library_visual_scenes>
    <scene>
        <instance_visual_scene url="#VisualSceneNode"></instance_visual_scene>
    </scene>
</COLLADA>
