<?xml version="1.0"?>
<COLLADA xmlns="http://www.collada.org/2005/11/COLLADASchema" version="1.4.1">
    <asset>
        <contributor>
            <authoring_tool>J3D Ripoff Exporter</authoring_tool>
        </contributor>
        <created>2024-08-02T13:54:44.881Z</created>
        <modified>2024-08-02T13:54:44.881Z</modified>
		<unit meter="0.01" name="centimeter" ></unit>
        <up_axis>Y_UP</up_axis>
    </asset>
    <library_images>
        <image id="tex0">
            <init_from>donkey_all.png</init_from>
        </image>
        <image id="tex1">
            <init_from>Tie.png</init_from>
        </image>
        <image id="tex2">
            <init_from>DonkeyMabuta.png</init_from>
        </image>
        <image id="tex3">
            <init_from>FurBodyColor.png</init_from>
        </image>
        <image id="tex4">
            <init_from>donkey_eye_ball.png</init_from>
        </image>
    </library_images>
    <library_effects>
        <effect id="effect0">
            <profile_COMMON>
                <newparam sid="surface0">
                    <surface type="2D">
                        <init_from>tex4</init_from>
                    </surface>
                </newparam>
                <newparam sid="sampler0">
                    <sampler2D>
                        <source>surface0</source>
                    </sampler2D>
                </newparam>
                <technique sid="COMMON">
                    <blinn>
                        <diffuse>
                            <texture texture="sampler0" texcoord="UVSET0"></texture>
                        </diffuse>
                    </blinn>
                </technique>
            </profile_COMMON>
        </effect>
        <effect id="effect1">
            <profile_COMMON>
                <newparam sid="surface1">
                    <surface type="2D">
                        <init_from>tex4</init_from>
                    </surface>
                </newparam>
                <newparam sid="sampler1">
                    <sampler2D>
                        <source>surface1</source>
                    </sampler2D>
                </newparam>
                <technique sid="COMMON">
                    <blinn>
                        <diffuse>
                            <texture texture="sampler1" texcoord="UVSET0"></texture>
                        </diffuse>
                    </blinn>
                </technique>
            </profile_COMMON>
        </effect>
        <effect id="effect2">
            <profile_COMMON>
                <newparam sid="surface2">
                    <surface type="2D">
                        <init_from>tex3</init_from>
                    </surface>
                </newparam>
                <newparam sid="sampler2">
                    <sampler2D>
                        <source>surface2</source>
                    </sampler2D>
                </newparam>
                <technique sid="COMMON">
                    <blinn>
                        <diffuse>
                            <texture texture="sampler2" texcoord="UVSET0"></texture>
                        </diffuse>
                    </blinn>
                </technique>
            </profile_COMMON>
        </effect>
        <effect id="effect3">
            <profile_COMMON>
                <newparam sid="surface3">
                    <surface type="2D">
                        <init_from>tex2</init_from>
                    </surface>
                </newparam>
                <newparam sid="sampler3">
                    <sampler2D>
                        <source>surface3</source>
                    </sampler2D>
                </newparam>
                <technique sid="COMMON">
                    <blinn>
                        <diffuse>
                            <texture texture="sampler3" texcoord="UVSET0"></texture>
                        </diffuse>
                    </blinn>
                </technique>
            </profile_COMMON>
        </effect>
        <effect id="effect4">
            <profile_COMMON>
                <newparam sid="surface4">
                    <surface type="2D">
                        <init_from>tex1</init_from>
                    </surface>
                </newparam>
                <newparam sid="sampler4">
                    <sampler2D>
                        <source>surface4</source>
                    </sampler2D>
                </newparam>
                <technique sid="COMMON">
                    <blinn>
                        <diffuse>
                            <texture texture="sampler4" texcoord="UVSET0"></texture>
                        </diffuse>
                    </blinn>
                </technique>
            </profile_COMMON>
        </effect>
        <effect id="effect5">
            <profile_COMMON>
                <newparam sid="surface5">
                    <surface type="2D">
                        <init_from>tex0</init_from>
                    </surface>
                </newparam>
                <newparam sid="sampler5">
                    <sampler2D>
                        <source>surface5</source>
                    </sampler2D>
                </newparam>
                <technique sid="COMMON">
                    <blinn>
                        <diffuse>
                            <texture texture="sampler5" texcoord="UVSET0"></texture>
                        </diffuse>
                    </blinn>
                </technique>
            </profile_COMMON>
        </effect>
        <effect id="effect6">
            <profile_COMMON>
                <newparam sid="surface6">
                    <surface type="2D">
                        <init_from>tex0</init_from>
                    </surface>
                </newparam>
                <newparam sid="sampler6">
                    <sampler2D>
                        <source>surface6</source>
                    </sampler2D>
                </newparam>
                <technique sid="COMMON">
                    <blinn>
                        <diffuse>
                            <texture texture="sampler6" texcoord="UVSET0"></texture>
                        </diffuse>
                    </blinn>
                </technique>
            </profile_COMMON>
        </effect>
        <effect id="effect7">
            <profile_COMMON>
                <newparam sid="surface7">
                    <surface type="2D">
                        <init_from>tex0</init_from>
                    </surface>
                </newparam>
                <newparam sid="sampler7">
                    <sampler2D>
                        <source>surface7</source>
                    </sampler2D>
                </newparam>
                <technique sid="COMMON">
                    <blinn>
                        <diffuse>
                            <texture texture="sampler7" texcoord="UVSET0"></texture>
                        </diffuse>
                    </blinn>
                </technique>
            </profile_COMMON>
        </effect>
        <effect id="effect8">
            <profile_COMMON>
                <newparam sid="surface8">
                    <surface type="2D">
                        <init_from>tex0</init_from>
                    </surface>
                </newparam>
                <newparam sid="sampler8">
                    <sampler2D>
                        <source>surface8</source>
                    </sampler2D>
                </newparam>
                <technique sid="COMMON">
                    <blinn>
                        <diffuse>
                            <texture texture="sampler8" texcoord="UVSET0"></texture>
                        </diffuse>
                    </blinn>
                </technique>
            </profile_COMMON>
        </effect>
        <effect id="effect9">
            <profile_COMMON>
                <newparam sid="surface9">
                    <surface type="2D">
                        <init_from>tex0</init_from>
                    </surface>
                </newparam>
                <newparam sid="sampler9">
                    <sampler2D>
                        <source>surface9</source>
                    </sampler2D>
                </newparam>
                <technique sid="COMMON">
                    <blinn>
                        <diffuse>
                            <texture texture="sampler9" texcoord="UVSET0"></texture>
                        </diffuse>
                    </blinn>
                </technique>
            </profile_COMMON>
        </effect>
    </library_effects>
    <library_materials>
        <material id="mat0" name="DonkeyEyeL">
            <instance_effect url="#effect0"></instance_effect>
        </material>
        <material id="mat1" name="DonkeyEyeR">
            <instance_effect url="#effect1"></instance_effect>
        </material>
        <material id="mat2" name="FurDonkey">
            <instance_effect url="#effect2"></instance_effect>
        </material>
        <material id="mat3" name="Mabuta">
            <instance_effect url="#effect3"></instance_effect>
        </material>
        <material id="mat4" name="Tie">
            <instance_effect url="#effect4"></instance_effect>
        </material>
        <material id="mat5" name="donkeyMatting">
            <instance_effect url="#effect5"></instance_effect>
        </material>
        <material id="mat6" name="donkey_All">
            <instance_effect url="#effect6"></instance_effect>
        </material>
        <material id="mat7" name="donkey_All(2)">
            <instance_effect url="#effect7"></instance_effect>
        </material>
        <material id="mat8" name="donkey_All(3)">
            <instance_effect url="#effect8"></instance_effect>
        </material>
        <material id="mat9" name="donkey_All(4)">
            <instance_effect url="#effect9"></instance_effect>
        </material>
    </library_materials>
    <library_geometries>
        <geometry id="mesh0">
            <mesh>
                <source id="points0">
                    <float_array id="pointarray0" count="1401">12.891468760461974 103.54749295689055 18.852180436666295 5.90747353822852 97.5393456486918 16.93778311936459 6.141397991985744 102.14091936793449 21.7346693494065 0.0007730060974312131 102.14062499642719 21.73437497789887 0.00007490369291523222 110.40624997245887 28.031249970663488 -6.139851979790881 102.1403306249199 21.73408060639124 -6.859300080543647 110.40592114525353 28.030921143457764 -17.695047674784057 112.11633919922203 22.358526692874378 -17.203125 122.875 31.6953125 -24.3203125 125.390625 24.1875 -22.9609375 136.1015625 30.890625 -29.015625 137.5 26.4296875 -23.743665237250184 139.2000099921692 31.62462827651122 -34.024933562193 142.76090726924684 28.44549864397946 -26.244096951057454 141.91367117070877 37.9164490982348 -36.97072848687452 146.01540217453234 35.25429931656288 -28.33052026222069 147.29697485563773 42.66712460564252 -39.221129673734055 152.39854884096403 37.23985084479998 -29.51875829564158 160.55485202432376 44.80465627950053 -40.36996688043603 160.09688995779965 37.87938446717463 -38.08928739025349 175.1978868813256 34.67940019746689 -44.83819296237436 159.4128533240878 27.634213217291776 -42.57335708658294 174.5127364706591 28.995664416837673 17.695577243885218 112.11803576783275 22.360223261487057 6.859449887929477 110.40657879966422 28.031578797869212 17.203125 122.875 31.6953125 6.9296875 121.2109375 34.796875 15.421875 134.5 36.2109375 5.734375 133.0625 39.015625 14.1953125 138.3828125 36.265625 4.5390625 140.2890625 39.75 13.873190660652625 140.7582720070491 36.98542912308111 4.380562561631731 144.57484554216498 42.35934901838456 14.099304883219425 144.72677882390312 42.36805424019392 4.1926379773301115 150.72419445691682 45.06687062167545 14.72396110019217 148.94087018750875 45.32534805960264 15.051480636547504 160.3495113138282 46.54676698449925 29.5124915686995 160.55768188578574 44.80748614096573 27.168201673974032 175.62700001086353 41.000324460596524 38.08258743469694 175.20153843628248 34.68305175242794 22.57414573486877 187.3449618000136 35.66406892896295 34.16821450180756 183.9571590800345 32.40291082223779 20.91633329035814 204.7498551535902 50.85187624713352 19.877067446944515 203.01514382626698 56.828305779346515 21.408615180338277 201.05448348419876 52.578285190598336 24.924099731877384 201.64047715523458 54.922231807402376 30.111802317259247 203.2660063595273 49.07099590094466 29.91628982083041 206.22687643661737 50.28206597769562 34.807142125220395 207.57115264594745 44.196427357410684 33.83823632722998 209.31322141612753 45.7042769312728 35.79118266122511 214.7040198096086 44.04056648244676 31.783373549665587 212.80530254448297 45.86840834229177 35.876837390669515 219.59460060287503 45.0486175483879 28.861152881033302 215.28149799982336 50.60276198385955 31.290649742305433 217.97686554489778 51.88425766502312 27.76747069169352 210.15626767422245 54.31340135863956 25.470417055169033 211.25759421903038 56.93834405128303 25.283287842086416 204.51544531220645 55.94582435569168 23.12684871969148 205.51520074258718 58.891081420191334 22.650429291720688 202.96051100233507 58.46124860801741 20.525373110504926 205.35890543001915 57.23469921898203 -34.17553534113259 183.95388279257168 32.399634534771195 -22.582104161358252 187.3427970833315 35.661904212278344 -27.17554820113933 175.62439486047583 40.997719310205845 -11.644676636243792 184.86744301883954 39.64961741210266 -13.402249615235679 175.2052696769497 44.31526949462055 -1.534935353844348 174.18524824029333 42.69160198387462 -15.057894294258544 160.34806791969447 46.54532359036387 -3.276578071164194 160.03693648677253 45.47559809910371 -4.197987003387507 150.72379222409387 45.066468388852044 -0.002694171686720851 151.51305133635458 44.68769347651996 -4.385062418224106 144.5744253324561 42.3589288086752 -0.0024248016473650768 147.34947010941107 43.23218334219772 -4.5390625 140.2890625 39.75 0 140.2890625 39.9609375 0 133.0625 39.015625 -33.01237116768624 34.949438037012186 37.15375271026032 -33.53597155527419 38.58421931635452 36.916800980293466 -29.668743294215155 35.371408963907385 39.27951613113171 -29.69234271846632 39.87545896011876 38.15322433349421 -25.543784481635697 38.69451636076968 36.815781020528604 -29.684368590423656 42.00078411118572 32.65631918740527 -26.106156811027127 40.77045918506764 32.07658701281497 -27.16852465708675 43.91539068019192 26.17485752659589 -25.30888247936858 37.72599053000742 26.79098753174682 -24.020123152229246 44.041074155329994 26.80018797595767 -24.04376313741372 41.91647325795995 33.14865300192082 -20.30141826081215 44.55162001615798 27.230790840750544 -20.301647045153814 42.96702876042383 33.587850925245526 -16.551575654631417 41.91683242116032 33.149012165121604 -16.551803305092076 40.5270556002704 39.2876049213147 -14.676398325249215 38.06704202488265 33.299780241883724 -15.62192084541088 36.302225242355604 39.44559748907861 -27.70898387113669 220.2635757120272 41.95185155835896 -28.467150278762027 221.65387711111376 47.944069380583386 -33.420089897781516 223.42734757762494 42.30329196453371 -33.19387867743986 222.91917027980708 50.139215963861616 -36.912299851922484 221.71613817614804 44.48273003023197 -35.888787444406866 219.59116027632797 45.0451772218369 -35.80256717424625 214.70058772246762 44.03713439530182 -31.794751304226374 212.80225471327896 45.865360511084276 -33.84926351721829 209.3099765882151 45.70103210335664 -29.92746004164347 206.22400762523586 50.27919716631084 -34.81785771477533 207.56781493745763 44.19308964891705 -30.122572544316938 203.26311882222296 49.06810836363699 -25.700530149665916 202.59159100885813 46.24797563897798 -21.41950972123898 201.05243037401686 52.57623208041407 -23.88821256221986 208.3886483906026 44.256152924533524 -20.9274166134813 204.74784923273393 50.84987032627491 33.630555033258226 36.080038545875965 -11.957087334631545 32.38042489328032 33.454581089319944 -6.61695424304747 37.380165190156724 36.08722925435882 -3.831924379833124 35.184711681966604 33.4619219784244 1.734725426163961 39.62193286325234 36.09488698382742 4.918164999513667 35.809409558805456 33.46738541810913 8.031617356743137 41.433849049551995 35.57093346228369 17.620629279910133 39.75415304132897 33.477807825264975 19.891156946501788 41.68344445219763 37.60640500496913 24.045012865288893 37.628871791188445 34.5667401579267 24.68892819992342 39.81623990795401 33.460053121838754 28.546820201465685 35.82401598300147 33.485472975979235 29.28103785069853 37.87068782079353 33.48909496457459 33.51550203179966 34.41744331825087 34.53513569596747 34.96213314939113 38.0032657585084 35.371610694422046 36.525990096023584 34.6594396491803 38.400257676506726 35.08483254371239 -6.34712508389502 41.863363245257574 5.5712995384211315 -2.4094498045541495 37.049562443580626 6.72894100056261 -7.081201290964344 35.87310099026783 5.328670180417976 -1.6590820401789494 33.460989086420525 2.6459412937884035 -6.54954396122201 34.34697444612125 -1.6421251313980791 -0.5884902808790285 33.455906530522455 -3.1743073602753995 -5.533653464602047 36.165537913307986 -8.998931272087589 0.2709820100509753 36.08684268215552 -7.834702790660611 -5.2995758681276985 42.415522110535775 -9.045030980809559 0.7628585848172653 40.93332294915682 -6.195221758381441 -0.20628040013143814 43.45821218854931 -0.6058847109632639 5.707786027471488 41.660005634263484 1.1106750832118435 -1.058008825357508 41.75772059590231 4.55578619090799 4.543572696137687 40.19901060726836 5.7179740343537535 2.3796585537663444 35.665166335785415 7.1569566161887614 41.19089827772089 34.779954093354974 34.35343281921831 41.182925706101194 37.560424572315114 34.91207517122736 41.847345402980125 36.47016050131268 28.551201302148904 40.683049373310595 39.57158436246323 30.32117858072069 40.05825426899558 40.70205906942941 24.916525328891677 41.91022293316856 39.83568033782066 17.290465654796215 39.50377726499848 43.31109539495971 17.896596765931065 38.137238885716194 42.73983749020087 4.927053036751486 32.04320996271932 47.64534334713322 5.839622258178309 35.89546665232111 42.82718007046343 -3.822908257780295 30.79373702010573 48.34519403072814 -5.85476869676763 32.145825053357804 43.47499149749548 -11.947188101485743 25.755329468219056 43.89199673678367 -15.064109237096293 25.755661170001794 36.98197420791642 -15.073425722061863 33.2535364254317 36.96536132627372 29.285867247440684 35.128337642668946 40.076319758365415 30.321630996293912 33.89430236790739 37.72731282323787 25.583869499752602 35.75350629038798 41.96185689776307 24.918112156801026 32.3080769376165 43.14773592912067 26.169630804463097 31.745800345105927 45.33194351585249 19.305195446622257 27.0033524846126 43.917484190423764 26.17047234328453 23.854879004657256 44.0428538026019 26.795497987978493 25.144244664296792 37.72789460827251 26.78657249815553 23.87811364788725 41.91814014517192 33.15182934002411 25.753290972964137 38.06834726483413 33.302689710193164 23.877885626604957 40.52825226411019 39.29826854008916 24.79995595640201 36.303412446091016 39.44854953222678 20.135783553450363 36.260132686054305 41.7841944689404 -34.6684509700852 36.91966292563798 31.633106037530233 -33.223344294671215 40.77011799875321 32.07624582650015 -32.47317517881193 43.14513372041313 26.173488935693484 -31.910449487968272 45.32925719177054 19.301348102006518 -23.598063572072274 46.8554119812766 20.155399906240785 -13.91046288613819 46.47435905459457 18.43659656387615 -16.754493848215144 43.9514221463819 26.800406036099453 -13.848230412681525 43.67156049934019 26.800140159558484 -15.301062081063646 37.561469717776774 26.791228512847425 23.8774123280106 208.39093819644938 44.25844273038295 25.690094732233977 202.594054591269 46.2504392213917 30.596355186649124 207.01638725332586 41.61026140709432 37.09589187315163 216.03229274544037 42.25944269926034 36.90019997845 221.71967662653083 44.486268480618854 33.18112117002464 222.92235218861873 50.14239787267691 29.46235434231436 219.38292490683398 54.03267493608905 23.220454884100544 211.42940742529828 55.97730693158163 6.184124850115026 41.86386238383642 5.5727776858093945 6.918798632535439 35.873675820563065 5.33036229091362 2.2468001430557067 37.049662379981 6.7301571418399115 1.497167903003982 33.46109578554493 2.647171110993148 -2.5422164778193395 35.664799055457834 7.15774683104353 -3.1825679407112997 33.46174107515398 3.654757188846797 -8.088774326189718 34.65968964216975 1.5467692698972013 -4.2526015566594655 33.45667424777932 -2.1577820916611827 -5.494712688061851 35.868164292242 -6.162389795413183 0.42713466189666566 33.456022216882204 -3.1731806533474636 -0.43214304444759977 36.086965061821104 -7.833722030169913 5.37259645324714 36.16623913793417 -8.997395993121494 5.137924057969513 42.41620109041443 -9.043667982937107 9.44304252364597 36.73853738285621 -12.35579366684138 9.47395157066309 43.01427391602748 -11.51920854341159 37.99534800648959 38.51582757864266 35.577342587570335 37.87832790020437 40.271458738601225 30.329852827416843 22.75381008907584 49.27456831408571 11.247606692381948 26.4649478213477 50.5100785405068 5.8354051365354955 20.269635335585065 50.509781547370295 5.835108143398663 -12.675665302048246 48.4299220751457 7.6659378757769145 -17.378540407016555 50.50327427959927 0.3795198547913645 -12.714078265939124 48.44295734840743 -5.8965004775449525 -20.432968505181 50.4983592059305 -5.026864936905403 -23.026339496666303 48.547977255048565 -10.98277044153186 -26.72203099072819 50.498057718572525 -5.027166424263725 -30.956262797826227 48.34211696409008 -5.858449785290478 -29.269164629994872 50.502690480319814 0.36332487135511116 -32.206789859350344 47.64237060040338 5.835803316796239 -26.62880202966287 50.50764083326128 5.83218967894912 -22.91806478251302 49.27259005162702 11.244716848083371 -20.433489543900237 50.50793782639778 5.832486672085952 -8.167246869159081 36.06486882544134 7.391374403456547 -15.924974188168546 34.898955471736954 6.780030171187429 -4.792484432814528 37.0035758110795 11.408435580919434 -15.92511521686671 33.46780961693284 11.153051597323481 -5.894075529647081 33.47215640228802 15.53633553847919 -15.300656300389365 33.47773082929031 22.410333820705134 -5.042806162739616 33.4775860601994 21.64573820144518 -6.550928993135155 35.6161774064164 25.96071011826463 -2.160424983137098 38.13639659695926 25.964567374302327 -5.926126366895876 33.486521108578245 32.207636716749164 -2.1763252320287294 37.06719215371831 32.7754959879376 -6.301402995365766 33.491411865798256 37.973231071389904 -3.981309968176457 36.377969773352106 39.66501357595344 -8.989208905497106 36.25936553690545 41.586470630766094 27.630044440733812 33.46119578951898 1.3124891398533094 15.762525694887236 34.900350476223096 6.782593683997003 28.879722074730477 33.46705322023767 8.031285158871295 15.76238466853504 33.46912091898794 11.155649875434463 25.12903335740234 33.47923885617371 22.40553965449947 15.136845880365245 33.47875984706707 22.405060645392272 20.136564674424545 34.967645368219465 26.782404497126382 15.136440108408726 37.5624143016999 26.78585791782839 17.41761609356333 33.487191248693236 32.405148885408316 14.511103498799656 38.06780833277435 33.302150778132756 17.417381450394426 33.491261247474625 37.295763556714675 15.456205977874756 36.30296452201631 39.44810160815155 4.629390508068456 37.003814476665596 11.409881772656371 5.7309244058710505 33.47242189991282 15.537972423842351 4.879068782283564 33.47765276469478 21.647293958449843 6.386572858719285 35.61630570868573 25.962359634174362 1.9958268918090314 38.136103605319875 25.96573552996014 5.761375491083982 33.486469927267805 32.209278016357416 2.0111766478378845 37.066770172532316 32.77669198932229 6.1360988661668525 33.49128608163082 37.97490881660456 3.8155669088983477 36.37758878347505 39.66639985101944 8.82329295018105 36.259427843440946 41.58834007870166 -15.924613670243444 33.45858933334638 0.6999491132728091 -27.791830381115577 33.45855794513119 1.3087539071468264 -29.042152747522497 33.46442436289884 8.027429512058774 -35.346538105546216 33.45856790485169 1.7302658390829382 -35.97184023159747 33.46409216502738 8.027097314186932 -39.784316909813455 36.091168774248146 4.91334272865714 -41.59740072619067 35.567284989921916 17.61561933485667 -42.07415184500378 39.83198029368354 17.28551227407947 -41.847807237966755 37.60285596638401 24.040027062556007 -19.888557461670636 203.01323752732029 56.82639948039762 -24.935275153541458 201.6380869784413 54.91984163060632 -22.66207060414726 202.9583387952838 58.459076400963646 -25.294837041680672 204.5130206797151 55.94339972319754 -23.138776173986106 205.51298284428418 58.88886352188576 -25.482707827736267 211.25515160965307 56.93590144190292 -23.23267000914615 211.42718053855228 55.97508004483307 -29.475145522242155 219.38009953959352 54.029849568845336 -26.3266050384998 218.65375613782828 52.6080906728348 -15.926413181039331 38.072241523861464 33.60441438512633 -14.051642272426012 41.78324882363616 34.67237080063159 -8.8326002392097 43.76662833215502 26.59739352441473 -7.050893094901776 44.32799228819346 16.519923580460663 -9.011437454973311 46.42881608815179 6.218059677988385 -5.432831900598027 45.47598385229324 -2.8533585125907095 -9.635423333932122 43.01313181117382 -11.520972666016204 -25.29284377742645 33.47725182018365 22.409854811597935 -20.300937489068694 34.966221055533225 26.78723350935026 -17.582386085857618 33.48613526347215 32.410202488895735 -17.582620358665604 33.4902923892394 37.293004260175124 -20.301718250412325 36.258989519210246 41.78124039889072 24.3203125 125.390625 24.1875 22.9609375 136.1015625 30.890625 29.015625 137.5 26.4296875 23.74070965362661 139.20228631535156 31.62690459969618 34.02194128142939 142.76416932500828 28.44876069974467 26.24027792832891 141.91618718570365 37.91896511323258 36.966771343210695 146.01894661721047 35.25784375924508 28.32572960757834 147.2996908634887 42.66984061349664 39.21637014600978 152.40230900627344 37.24361101011373 -31.30310011384871 217.97386490301938 51.88125702314128 -28.873221986288105 215.27873030842528 50.59999429245829 -27.82601252505768 207.73187817008477 51.16999519179141 12.511834612370402 48.43098707176328 7.667865563921039 13.745787030196361 46.475336075423925 18.438690609759952 6.886606848729763 44.32834863923044 16.521411223262195 8.667401612148216 43.766962284785436 26.59906646627975 3.6519115047623503 41.58119445376626 25.970717730421722 3.667181960020289 41.10274719901558 33.84501161305034 5.479419821528699 39.83843424137477 40.57765185952744 -0.0038720841202987515 181.83077114900408 38.941368461239804 -0.0036543561930204357 174.46627483796388 41.76403406445649 -0.003114755118802278 160.09066701368798 44.8834986896282 3.2702969137905207 160.0372503332396 45.475911945571134 20.270156364366116 50.50041115691202 -5.024244383961849 17.215209481518073 50.50492969156011 0.3818479915036068 12.55154663591687 48.444286149723084 -5.894570790408098 8.847937472652626 46.42955776365227 6.219683883305967 3.269618967363732 41.137328917013804 15.548188872707835 2.4177491131709403 41.2127555073736 21.88416681674645 1.12889909975783 37.012484521095246 21.65188029296986 42.567267717756536 174.51681797280474 28.999745918987994 44.83368183155191 159.41715204693855 27.63851194014747 40.36440793402938 160.10076023153547 37.88325474091489 -15.299026173948526 36.979711275564696 -15.076386099269765 -15.29935788371463 43.88973471354517 -15.066903989496726 -25.916213649549306 36.979202304981484 -15.076895069853567 -25.916545359315414 43.88922574296194 -15.067412960080528 -33.7913197519052 36.076571267164255 -11.961333667068171 -32.30729974717176 43.47166750871969 -11.951114867204996 -37.54170958520681 36.083558235920634 -3.8365309371141176 -36.05765813765183 42.82365225578617 -3.827210947945784 -38.300260901849235 42.73626247188386 4.92253235596897 -33.417791853307435 33.47596394759644 21.34750358987381 -29.683695753175606 34.51519103139337 26.10644649600199 -27.32451358963038 33.48460401475971 31.159738210931646 -24.668434430340028 36.57514111666245 31.633086160064906 -25.832693446513733 35.00490878622233 37.30261365891753 -14.121981398646872 36.518189180878764 40.492853230108125 -12.614392419983549 40.518834007898036 41.154962604618575 -8.832930670557447 42.40365412741811 34.85320530697448 -3.8328199178682962 41.103031294614766 33.84375343951908 -3.816840366551732 41.58132910776882 25.96947335163115 -12.176430344928477 33.49161578020812 38.54326068039527 -12.176166085201068 33.48692654234269 33.03546028239211 -11.550968714312958 35.61664276313397 26.78859360686079 -38.16861095739947 35.36865354319272 36.521302214631284 -41.355978420867416 34.776649610601 34.34842537441328 -41.34832599624266 37.557131844548096 34.907135061548864 -42.01203128923827 36.46668201923735 28.546172060612896 -40.84820232945557 39.568251755286695 30.316335098508553 -40.22299743300713 40.698682870597054 24.911769435457252 -39.66809752879872 43.307638046423776 17.89195732949137 5.270293034080918 45.47655651770536 -2.8520554826791003 0.04371955829505151 43.458240869967455 -0.6050341793742677 -0.9246414603272316 40.933366192660785 -6.19440417824676 -5.87033898742662 41.659434574286664 1.1110018831535684 -6.526233451980283 39.53483235079736 -4.180939444856293 -9.065369437350089 38.57685797328753 -1.6901731515071399 0 121.2109375 34.796875 -5.734375 133.0625 39.015625 -14.1953125 138.3828125 36.265625 -13.87680927557547 140.75694171748944 36.984098833519916 -38.16090371221568 38.512853318439795 35.572730918558726 -38.04354881626856 40.268395278583455 30.325295026986787 -35.91837080769212 41.95890023725316 24.921611666293686 7.94211882766865 38.58359608409954 5.067484695051519 8.903380568979856 38.57768135367971 -1.690267182903038 6.36439156719129 39.535364632456634 -4.181253692383677 5.3334123418927195 35.8685593179856 -6.162890594520833 33.25408296102764 33.478756846783256 21.35177982384757 -15.299036405760594 33.44800701027647 -11.331245010032376 -25.916223506513376 33.44749114859938 -11.339566463788113 -32.54144989948022 33.45133577764001 -6.621144219590629 23.433186301748826 46.85728480061731 20.15841379508672 20.136083539319504 44.553041316308466 27.233544607240365 11.386533490147805 35.61722806802551 26.78291009353857 12.011336119639894 33.4874522095607 33.029888398674856 12.011071490123536 33.49204233598188 38.54550175002038 29.519430991221316 34.51753453195815 26.11034028861629 31.7145510334028 33.48683636219016 31.155836894107317 34.503425759230325 36.92237807990003 31.637420661627647 32.847005572014474 34.95188874547448 37.1579563481881 13.683021415699836 43.67237145135567 26.802296277491386 13.885859560038949 41.78392849847262 34.674592486271685 8.667071186774582 42.40382991760333 34.85491179059558 12.448109423555126 40.51925169009772 41.157077461054804 -6.9296875 121.2109375 34.796875 -15.421875 134.5 36.2109375 29.10583520387409 50.50548622607563 0.36679304093072096 26.559218849913307 50.500712644269996 -5.023942896603526 22.872097853246284 48.55039266868825 -10.979854717836895 15.13814199261827 43.89148776620044 -15.064618207680091 15.138473694401013 36.98146523733321 -15.073934692645665 -14.103820051967352 144.72542681227293 42.36670222856218 -14.729163832121998 148.93945825292542 45.3239361250177 26.314019840527486 218.6562796431923 52.610614178201736 28.454724590426576 221.6566058525923 47.94679812206506 33.408034948641664 223.4305512085071 42.30649559541955 33.0579074461359 40.77268568001078 32.08032963601097 29.518758168599806 42.00300122950567 32.660034250823 25.940719962491816 40.77234449369635 32.079988449696145 24.50344234453862 36.57689754955966 31.63645028616476 33.37028018599897 38.58672437080848 36.92096765625984 29.526409043093476 39.87757164753407 38.15699166877788 25.378092296405093 38.69625708330473 36.81917878649342 29.503133463283945 35.37349828155129 39.28338929561455 -27.341533452878082 215.96677525380423 40.764163178304045 -33.39621944588127 217.0368503091741 39.66236173805955 -29.54426967514251 207.01350421024298 41.60737836400815 -27.779404180654947 210.15360484799237 54.310738532406425 -26.584022023363882 209.51307610257533 53.49826512508414 -22.808948573846525 33.48588471062433 32.409951936047634 -22.80918284665451 33.4900418363916 37.29275370732703 22.643943938383334 33.49151180032243 37.296014109562776 22.644178581552236 33.48744180154104 32.40539943825641 25.755651312378358 33.45019175965622 -11.336012069610076 -39.9806367901226 33.45676898902762 28.541913563284748 -37.79300491469295 34.56359189905213 24.68425822672635 -39.91772174179397 33.474363713688064 19.886257637365063 8.004628051456598 36.06550819814919 7.393166250424477 15.762886205591911 33.46010107551085 0.7025465073708907 6.387955956585785 34.347632168624486 -1.6404481120907235 15.138463461936723 33.4496895303611 -11.328708556361242 -38.03556389080005 33.48609262172451 33.51078207917451 -35.98848573412486 33.48258568609492 29.2765145069569 -34.58255841174392 34.53249228047977 34.95776919524036 -33.418340682365546 36.96272758377948 29.289486231281202 -34.824937084274225 38.39759380201011 35.08053799903148 3.0205570936747943 33.462102374084466 3.653975959524246 4.091148478126716 33.45702670928024 -2.158460211367623 7.926850686190437 34.66048104660453 1.5464873767749507 27.814612347075347 207.73454549053633 51.17266251224604 26.57222785447845 209.51562432615754 53.500813348669276 4.629188894828585 41.20382817004368 11.415544469741093 0.8951161319112052 41.75773212505359 4.556759671144169 -4.706427321584854 40.19846296113481 5.718447944983886 -8.104756176893382 38.58273525326382 5.067671429491081 11.636573310253882 184.86855908384175 39.650733477106144 13.394625323182781 175.20655427525762 44.316554092929934 1.527564639117762 174.18539505152853 42.69174879510997 27.159863543869864 33.48661801792967 31.15561854984657 25.66730832638546 35.00666827613651 37.30612762629591 -29.668469421380085 33.20838176103297 35.72952311590473 -31.871388204344775 33.48437939361645 31.15170775835531 -34.05882435960395 37.724540102145184 25.57963323179708 15.761088637548927 38.07312183457094 33.60690467342876 16.5892579671321 43.95251170288917 26.80283408448636 27.697266001534945 220.26623179692507 41.954507643259866 27.33034142148121 215.9693961339671 40.76678405846994 33.385030400649626 217.04005169294553 39.665563121834644 -4.7926860509068065 41.20359005703001 11.414198947206957 -3.433505988320935 41.137300374461674 15.546971655268038 -2.3551823581598206 37.00733115839691 15.533543545460516 16.385698518651992 40.52788659931434 39.2900968933879 16.385926165104944 41.917780981971546 33.151470176823324 20.13585475896044 42.96832833018175 33.59064334469325 -5.645582052724823 39.83867352403777 40.57618889451722 -1.292975866585108 37.01277781940051 21.650768803596804 -2.582250852306993 41.212930111527555 21.883032386324977 29.503407330377474 33.21053937776084 35.73344775054186 -37.107232956323166 216.0287355691347 42.255885522950585 -24.965670823938133 36.3017773182809 39.44514956500338 -25.918585799413695 38.06650309282287 33.299241309823316 -35.29353908621101 40.07351978360049 30.317332183598367 -24.043991162710878 40.526703088471265 39.29505824094795 -9.603832373085273 36.737381569169884 -12.357705127847185 0.0012216792093073746 97.53906251264846 16.976562483365804 -5.9050264346253325 97.53877937678465 16.93721684745678 -20.537126795129893 205.35693696100856 57.23273074996918 13.956145432739465 36.51876454288886 40.4952084700936 2.191692597701414 37.00725702702351 15.534756386528084 40.334198384414485 148.69934019585835 27.58075333526933 -40.33767643019456 148.69547291827018 27.576886057676724 -12.889781180290479 103.54625704598206 18.850944525756397</float_array>
                    <technique_common>
                        <accessor count="467" source="#pointarray0" stride="3">
                            <param name="X" type="float"/>
                            <param name="Y" type="float"/>
                            <param name="Z" type="float"/>
                        </accessor>
                    </technique_common>
                </source>
                <source id="uvs0">
                    <float_array id="uvarray0" count="566">0.087158203125 0.5501708984375 -0.00048828125 0.527587890625 0.0723876953125 0.5850830078125 0.000732421875 0.591796875 0.0604248046875 0.615478515625 0.17431640625 0.58544921875 0.18603515625 0.65869140625 0.24267578125 0.6385498046875 0.2197265625 0.7235107421875 0.2701416015625 0.7193603515625 0.2237548828125 0.7369384765625 0.3197021484375 0.746826171875 0.2313232421875 0.7596435546875 0.329345703125 0.7752685546875 0.2344970703125 0.7796630859375 0.3314208984375 0.79541015625 0.23779296875 0.7998046875 0.33349609375 0.8154296875 0.31591796875 0.913330078125 0.398681640625 0.8291015625 0.3758544921875 0.9208984375 0.0594482421875 0.633056640625 0.1435546875 0.70556640625 0.04248046875 0.721923828125 0.122314453125 0.7288818359375 0.0391845703125 0.7396240234375 0.11962890625 0.746826171875 0.039306640625 0.760009765625 0.122314453125 0.76806640625 0.0413818359375 0.781982421875 0.1221923828125 0.783203125 0.121826171875 0.8133544921875 0.2255859375 0.9090576171875 0.1876220703125 0.9835205078125 0.284912109375 0.977783203125 0.6077880859375 0.5057373046875 0.5712890625 0.5194091796875 0.604736328125 0.5162353515625 0.5992431640625 0.5316162109375 0.6875 0.5625 0.66552734375 0.5706787109375 0.7061767578125 0.58544921875 0.692626953125 0.5916748046875 0.6875 0.6083984375 0.66552734375 0.604248046875 0.6436767578125 0.627197265625 0.5999755859375 0.604248046875 0.5687255859375 0.61669921875 0.5765380859375 0.5833740234375 0.551513671875 0.57763671875 0.5843505859375 0.550048828125 0.5614013671875 0.542236328125 0.578125 0.5308837890625 0.54150390625 0.5283203125 0.075439453125 0.974609375 0.104248046875 0.9080810546875 0.01513671875 0.908447265625 0.02734375 0.828125 0.000732421875 0.7930908203125 0.000732421875 0.7733154296875 0.000732421875 0.7396240234375 0.000732421875 0.721923828125 0.0531005859375 0.4774169921875 0.0655517578125 0.4774169921875 0.078125 0.489501953125 0.090576171875 0.4774169921875 0.10302734375 0.4774169921875 0.078125 0.4674072265625 0.090576171875 0.4674072265625 0.090576171875 0.4573974609375 0.10302734375 0.4593505859375 0.11865234375 0.4593505859375 0.11865234375 0.469482421875 0.13427734375 0.46142578125 0.13427734375 0.469482421875 0.14990234375 0.469482421875 0.14990234375 0.4814453125 0.16552734375 0.469482421875 0.16552734375 0.4814453125 0.6436767578125 0.666748046875 0.543701171875 0.6541748046875 0.6436767578125 0.658447265625 0.559326171875 0.63134765625 0.6436767578125 0.6409912109375 0.71240234375 0.558349609375 0.7457275390625 0.56103515625 0.0556640625 0.3553466796875 0.058837890625 0.3817138671875 0.0338134765625 0.3817138671875 0.0494384765625 0.40185546875 0.027587890625 0.4058837890625 0.0400390625 0.411865234375 0.0181884765625 0.4339599609375 0.0213623046875 0.447998046875 0.0087890625 0.4560546875 0.0306396484375 0.4560546875 0.0228271484375 0.4661865234375 0.0384521484375 0.4661865234375 0.0228271484375 0.47412109375 0.0384521484375 0.47412109375 0.0306396484375 0.4842529296875 0.0526123046875 0.47412109375 0.74169921875 0.17919921875 0.7431640625 0.19873046875 0.734619140625 0.178955078125 0.730712890625 0.190185546875 0.7266845703125 0.1793212890625 0.7166748046875 0.190185546875 0.7164306640625 0.1793212890625 0.70263671875 0.19873046875 0.6845703125 0.183837890625 0.6815185546875 0.204345703125 0.66748046875 0.204345703125 0.66748046875 0.2322998046875 0.6534423828125 0.204345703125 0.6534423828125 0.23095703125 0.634033203125 0.19873046875 0.634033203125 0.2244873046875 0.00927734375 0.4735107421875 0.0186767578125 0.4735107421875 0.00927734375 0.4654541015625 0.0186767578125 0.4654541015625 0.00927734375 0.455322265625 0.0186767578125 0.455322265625 0.00341796875 0.435302734375 0.02490234375 0.437255859375 0.02490234375 0.4091796875 0.0625 0.3890380859375 0.02490234375 0.3809814453125 0.10302734375 0.376953125 0.0625 0.3629150390625 0.10302734375 0.3585205078125 0.043701171875 0.3585205078125 0.10302734375 0.3443603515625 0.0531005859375 0.4735107421875 0.0531005859375 0.4654541015625 0.043701171875 0.4654541015625 0.0531005859375 0.4573974609375 0.043701171875 0.455322265625 0.0655517578125 0.4573974609375 0.10302734375 0.4412841796875 0.10302734375 0.469482421875 0.11865234375 0.4814453125 0.10302734375 0.4814453125 0.13427734375 0.4935302734375 0.0531005859375 0.4674072265625 0.0655517578125 0.4674072265625 0.1328125 0.4412841796875 0.1624755859375 0.4412841796875 0.14990234375 0.4593505859375 0.184326171875 0.4593505859375 0.16552734375 0.46142578125 0.72802734375 0.581298828125 0.7061767578125 0.612548828125 0.546875 0.61669921875 0.512451171875 0.5745849609375 0.7431640625 0.2244873046875 0.730712890625 0.2159423828125 0.7236328125 0.236572265625 0.7166748046875 0.2159423828125 0.70263671875 0.2247314453125 0.70263671875 0.1741943359375 0.6865234375 0.1741943359375 0.03125 0.4835205078125 0.043701171875 0.4735107421875 0.03125 0.4654541015625 0.10302734375 0.4212646484375 0.0625 0.4091796875 0.139892578125 0.4212646484375 0.140625 0.4212646484375 0.1781005859375 0.4091796875 0.1781005859375 0.3890380859375 0.140625 0.376953125 0.21630859375 0.40771484375 0.1650390625 0.411865234375 0.2275390625 0.421875 0.1650390625 0.421875 0.2275390625 0.4339599609375 0.1650390625 0.447998046875 0.2275390625 0.447998046875 0.215087890625 0.4600830078125 0.2401123046875 0.4600830078125 0.215087890625 0.47216796875 0.2401123046875 0.47216796875 0.215087890625 0.4862060546875 0.2401123046875 0.4862060546875 0.2044677734375 0.4971923828125 0.090087890625 0.395751953125 0.0806884765625 0.4139404296875 0.10888671875 0.447998046875 0.1337890625 0.4600830078125 0.1650390625 0.4600830078125 0.144775390625 0.4700927734375 0.1650390625 0.4700927734375 0.144775390625 0.482177734375 0.1650390625 0.482177734375 0.1337890625 0.4942626953125 0.223388671875 0.3997802734375 0.2103271484375 0.3980712890625 0.1650390625 0.40185546875 0.0029296875 0.4339599609375 0.5062255859375 0.63134765625 0.16552734375 0.471435546875 0.184326171875 0.471435546875 0.203125 0.46142578125 0.2093505859375 0.437255859375 0.203125 0.4151611328125 0.203125 0.401123046875 0.203125 0.3719482421875 0.63720703125 0.5853271484375 0.2218017578125 0.4593505859375 0.2218017578125 0.471435546875 0.2406005859375 0.471435546875 0.2218017578125 0.4854736328125 0.2406005859375 0.4854736328125 0.205810546875 0.4976806640625 0.000732421875 0.9569091796875 0.000732421875 0.9136962890625 0.000732421875 0.8353271484375 0.231201171875 0.4332275390625 0.231201171875 0.4473876953125 0.2464599609375 0.4473876953125 0.2406005859375 0.46142578125 0.16552734375 0.3443603515625 0.16552734375 0.3585205078125 0.00341796875 0.375 0.00341796875 0.4091796875 0.0579833984375 0.447998046875 0.0775146484375 0.4581298828125 0.1025390625 0.4600830078125 0.0869140625 0.4681396484375 0.1025390625 0.4681396484375 0.0869140625 0.4781494140625 0.1025390625 0.4781494140625 0.0775146484375 0.490234375 0.16552734375 0.4854736328125 0.184326171875 0.4854736328125 0.203125 0.471435546875 0.1900634765625 0.4862060546875 0.1900634765625 0.47216796875 0.1900634765625 0.4600830078125 0.6534423828125 0.1741943359375 0.6815185546875 0.23095703125 0.6815185546875 0.2440185546875 0.000732421875 0.633056640625 0.6534423828125 0.2440185546875 0.0526123046875 0.4661865234375 0.0526123046875 0.4581298828125 0.2119140625 0.384765625 0.1650390625 0.369384765625 0.1025390625 0.369384765625 0.0682373046875 0.4681396484375 0.0526123046875 0.4681396484375 0.0526123046875 0.4781494140625 0.10302734375 0.4674072265625 0.7406005859375 0.6187744140625 0.72802734375 0.61669921875 0.5921630859375 0.5771484375 0.1229248046875 0.4700927734375 0.1229248046875 0.482177734375 0.0087890625 0.4661865234375 0.2119140625 0.3717041015625 0.2030029296875 0.359130859375 0.0087890625 0.47412109375 0.7166748046875 0.2440185546875 0.2340087890625 0.4097900390625 0.231201171875 0.4212646484375 0.246826171875 0.4150390625 0.64794921875 0.1875 0.0682373046875 0.4781494140625 0.1025390625 0.482177734375 0.1025390625 0.4700927734375 0.2464599609375 0.4332275390625 0.2459716796875 0.4339599609375 0.2459716796875 0.447998046875 0.1650390625 0.3472900390625 0.1025390625 0.3472900390625 0.1650390625 0.4862060546875 0.1650390625 0.47216796875 0.64892578125 0.186279296875 0.203125 0.3544921875 0.730712890625 0.2440185546875 0.38671875 0.77490234375</float_array>
                    <technique_common>
                        <accessor count="283" source="#uvarray0" stride="2">
                            <param name="S" type="float"/>
                            <param name="T" type="float"/>
                        </accessor>
                    </technique_common>
                </source>
                <vertices id="vertices0">
                    <input semantic="POSITION" source="#points0"/>
                </vertices>
                <polylist count="868" material="Material1">
                    <input offset="0" semantic="VERTEX" source="#vertices0"/>
                    <input offset="1" semantic="TEXCOORD" source="#uvs0" set="0"/>
                    <vcount>3 3 3 3 3 3 3 3 3 3 3 3 3 3 3 3 3 3 3 3 3 3 3 3 3 3 3 3 3 3 3 3 3 3 3 3 3 3 3 3 3 3 3 3 3 3 3 3 3 3 3 3 3 3 3 3 3 3 3 3 3 3 3 3 3 3 3 3 3 3 3 3 3 3 3 3 3 3 3 3 3 3 3 3 3 3 3 3 3 3 3 3 3 3 3 3 3 3 3 3 3 3 3 3 3 3 3 3 3 3 3 3 3 3 3 3 3 3 3 3 3 3 3 3 3 3 3 3 3 3 3 3 3 3 3 3 3 3 3 3 3 3 3 3 3 3 3 3 3 3 3 3 3 3 3 3 3 3 3 3 3 3 3 3 3 3 3 3 3 3 3 3 3 3 3 3 3 3 3 3 3 3 3 3 3 3 3 3 3 3 3 3 3 3 3 3 3 3 3 3 3 3 3 3 3 3 3 3 3 3 3 3 3 3 3 3 3 3 3 3 3 3 3 3 3 3 3 3 3 3 3 3 3 3 3 3 3 3 3 3 3 3 3 3 3 3 3 3 3 3 3 3 3 3 3 3 3 3 3 3 3 3 3 3 3 3 3 3 3 3 3 3 3 3 3 3 3 3 3 3 3 3 3 3 3 3 3 3 3 3 3 3 3 3 3 3 3 3 3 3 3 3 3 3 3 3 3 3 3 3 3 3 3 3 3 3 3 3 3 3 3 3 3 3 3 3 3 3 3 3 3 3 3 3 3 3 3 3 3 3 3 3 3 3 3 3 3 3 3 3 3 3 3 3 3 3 3 3 3 3 3 3 3 3 3 3 3 3 3 3 3 3 3 3 3 3 3 3 3 3 3 3 3 3 3 3 3 3 3 3 3 3 3 3 3 3 3 3 3 3 3 3 3 3 3 3 3 3 3 3 3 3 3 3 3 3 3 3 3 3 3 3 3 3 3 3 3 3 3 3 3 3 3 3 3 3 3 3 3 3 3 3 3 3 3 3 3 3 3 3 3 3 3 3 3 3 3 3 3 3 3 3 3 3 3 3 3 3 3 3 3 3 3 3 3 3 3 3 3 3 3 3 3 3 3 3 3 3 3 3 3 3 3 3 3 3 3 3 3 3 3 3 3 3 3 3 3 3 3 3 3 3 3 3 3 3 3 3 3 3 3 3 3 3 3 3 3 3 3 3 3 3 3 3 3 3 3 3 3 3 3 3 3 3 3 3 3 3 3 3 3 3 3 3 3 3 3 3 3 3 3 3 3 3 3 3 3 3 3 3 3 3 3 3 3 3 3 3 3 3 3 3 3 3 3 3 3 3 3 3 3 3 3 3 3 3 3 3 3 3 3 3 3 3 3 3 3 3 3 3 3 3 3 3 3 3 3 3 3 3 3 3 3 3 3 3 3 3 3 3 3 3 3 3 3 3 3 3 3 3 3 3 3 3 3 3 3 3 3 3 3 3 3 3 3 3 3 3 3 3 3 3 3 3 3 3 3 3 3 3 3 3 3 3 3 3 3 3 3 3 3 3 3 3 3 3 3 3 3 3 3 3 3 3 3 3 3 3 3 3 3 3 3 3 3 3 3 3 3 3 3 3 3 3 3 3 3 3 3 3 3 3 3 3 3 3 3 3 3 3 3 3 3 3 3 3 3 3 3 3 3 3 3 3 3 3 3 3 3 3 3 3 3 3 3 3 3 3 3 3 3 3 3 3 3 3 3 3 3 3 3 3 3 3 3 3 3 3 3 3 3 3 3 3 3 3 3 3 3 3 3 3 3 3 3 3 3 3 3 3 3 3 3 3 3 3 3 3 3 3 3 3 3 3 3 3 3 3 3 3 3 3 3 3 3 3 3 3 3 3 3 3 3 3 3 3 3 3 3 3 3 3 3 3 3 3 3 3 3 3 3 3 3 3 3 3 3 3 3 3 3 3 3 3 3 3 3 3</vcount>
                    <p>2 2 1 1 0 0 3 2 1 1 2 2 4 3 3 2 2 2 5 2 3 2 4 3 6 4 5 2 4 3 7 5 5 2 6 4 8 6 7 5 6 4 9 7 7 5 8 6 10 8 9 7 8 6 11 9 9 7 10 8 12 10 11 9 10 8 13 11 11 9 12 10 14 12 13 11 12 10 15 13 13 11 14 12 16 14 15 13 14 12 17 15 15 13 16 14 18 16 17 15 16 14 19 17 17 15 18 16 20 18 19 17 18 16 21 19 19 17 20 18 22 20 21 19 20 18 23 5 2 2 0 0 24 4 2 2 23 5 25 6 24 4 23 5 26 21 24 4 25 6 27 22 26 21 25 6 28 23 26 21 27 22 29 24 28 23 27 22 30 25 28 23 29 24 31 26 30 25 29 24 32 27 30 25 31 26 33 28 32 27 31 26 34 29 32 27 33 28 35 30 34 29 33 28 36 31 34 29 35 30 37 16 36 31 35 30 38 32 36 31 37 16 39 18 38 32 37 16 40 33 38 32 39 18 41 34 40 33 39 18 44 37 43 36 42 35 45 38 43 36 44 37 46 39 45 38 44 37 47 40 45 38 46 39 48 41 47 40 46 39 49 42 47 40 48 41 50 43 49 42 48 41 51 44 49 42 50 43 52 45 51 44 50 43 53 46 51 44 52 45 54 47 53 46 52 45 55 48 53 46 54 47 56 49 55 48 54 47 57 50 55 48 56 49 58 51 57 50 56 49 59 52 57 50 58 51 60 53 59 52 58 51 43 36 59 52 60 53 20 18 61 34 22 20 62 33 61 34 20 18 63 32 62 33 20 18 64 54 62 33 63 32 65 55 64 54 63 32 66 56 64 54 65 55 67 31 66 56 65 55 68 57 66 56 67 31 69 29 68 57 67 31 70 58 68 57 69 29 71 27 70 58 69 29 72 59 70 58 71 27 73 25 72 59 71 27 74 60 72 59 73 25 75 61 74 60 73 25 30 25 74 60 75 61 28 23 30 25 75 61 78 64 77 63 76 62 79 65 77 63 78 64 80 66 79 65 78 64 81 67 79 65 80 66 82 68 81 67 80 66 83 69 81 67 82 68 84 70 83 69 82 68 85 71 83 69 84 70 86 72 85 71 84 70 87 73 85 71 86 72 88 74 87 73 86 72 89 75 87 73 88 74 90 76 89 75 88 74 91 77 89 75 90 76 92 78 91 77 90 76 95 81 94 80 93 79 96 82 94 80 95 81 97 83 96 82 95 81 98 45 96 82 97 83 99 43 98 45 97 83 100 44 98 45 99 43 101 42 100 44 99 43 102 40 100 44 101 42 103 41 102 40 101 42 104 39 102 40 103 41 105 84 104 39 103 41 106 37 104 39 105 84 107 85 106 37 105 84 108 35 106 37 107 85 111 88 110 87 109 86 112 89 110 87 111 88 113 90 112 89 111 88 114 91 112 89 113 90 115 92 114 91 113 90 116 93 114 91 115 92 117 94 116 93 115 92 118 95 116 93 117 94 119 96 118 95 117 94 120 97 118 95 119 96 121 98 120 97 119 96 122 99 120 97 121 98 123 100 122 99 121 98 124 101 122 99 123 100 127 104 126 103 125 102 128 105 126 103 127 104 129 106 128 105 127 104 130 107 128 105 129 106 131 108 130 107 129 106 132 109 130 107 131 108 133 110 132 109 131 108 134 111 132 109 133 110 135 112 134 111 133 110 136 113 134 111 135 112 137 114 136 113 135 112 138 115 136 113 137 114 126 116 138 115 137 114 139 117 138 115 126 116 142 120 141 119 140 118 143 121 141 119 142 120 117 122 143 121 142 120 144 123 143 121 117 122 145 124 144 123 117 122 146 125 144 123 145 124 147 126 146 125 145 124 148 127 146 125 147 126 149 128 148 127 147 126 150 129 148 127 149 128 151 130 150 129 149 128 152 131 150 129 151 130 109 132 152 131 151 130 153 133 152 131 109 132 155 136 154 135 124 134 156 137 154 135 155 136 157 138 156 137 155 136 158 139 156 137 157 138 159 140 158 139 157 138 160 69 158 139 159 140 161 71 160 69 159 140 162 70 160 69 161 71 163 72 162 70 161 71 164 141 162 70 163 72 165 142 164 141 163 72 166 143 164 141 165 142 167 144 166 143 165 142 77 63 168 145 76 62 169 146 168 145 77 63 81 67 169 146 77 63 170 139 169 146 81 67 83 69 170 139 81 67 171 140 170 139 83 69 85 71 171 140 83 69 172 147 171 140 85 71 87 73 172 147 85 71 173 148 172 147 87 73 174 149 173 148 87 73 175 150 173 148 174 149 176 151 175 150 174 149 177 85 44 37 42 35 178 84 44 37 177 85 179 152 178 84 177 85 48 41 178 84 179 152 180 153 48 41 179 152 50 43 48 41 180 153 181 83 50 43 180 153 52 45 50 43 181 83 182 82 52 45 181 83 54 47 52 45 182 82 183 154 54 47 182 82 56 49 54 47 183 154 184 155 56 49 183 154 187 103 186 104 185 102 188 105 186 104 187 103 189 156 188 105 187 103 190 157 188 105 189 156 191 158 190 157 189 156 192 159 190 157 191 158 193 160 192 159 191 158 194 107 192 159 193 160 195 109 194 107 193 160 196 108 194 107 195 109 197 110 196 108 195 109 198 161 196 108 197 110 199 162 198 161 197 110 141 119 123 163 140 118 200 164 123 163 141 119 143 121 200 164 141 119 201 165 200 164 143 121 144 123 201 165 143 121 157 138 201 165 144 123 146 125 157 138 144 123 159 140 157 138 146 125 148 127 159 140 146 125 202 166 159 140 148 127 203 167 202 166 148 127 204 168 202 166 203 167 207 171 206 170 205 169 208 171 206 170 207 171 209 172 208 171 207 171 210 172 208 171 209 172 211 129 210 172 209 172 212 127 210 172 211 129 213 127 212 127 211 129 214 167 212 127 213 127 215 166 214 167 213 127 216 168 214 167 215 166 205 169 216 168 215 166 206 170 216 168 205 169 219 175 218 174 217 173 220 176 218 174 219 175 221 177 220 176 219 175 222 178 220 176 221 177 223 179 222 178 221 177 224 180 222 178 223 179 225 181 224 180 223 179 226 182 224 180 225 181 227 183 226 182 225 181 228 184 226 182 227 183 229 185 228 184 227 183 230 186 228 184 229 185 233 188 232 174 231 187 234 176 232 174 233 188 235 189 234 176 233 188 236 178 234 176 235 189 237 190 236 178 235 189 238 191 236 178 237 190 239 192 238 191 237 190 240 193 238 191 239 192 241 194 240 193 239 192 242 195 240 193 241 194 167 196 242 195 241 194 234 176 243 175 232 174 244 177 243 175 234 176 236 178 244 177 234 176 245 179 244 177 236 178 246 180 245 179 236 178 247 181 245 179 246 180 248 182 247 181 246 180 249 183 247 181 248 182 250 184 249 183 248 182 251 185 249 183 250 184 252 186 251 185 250 184 217 173 127 198 125 197 253 199 127 198 217 173 218 174 253 199 217 173 254 187 253 199 218 174 255 188 254 187 218 174 256 89 254 187 255 188 257 91 256 89 255 188 258 90 256 89 257 91 259 92 258 90 257 91 260 200 258 90 259 92 261 94 260 200 259 92 262 36 106 37 108 35 263 38 106 37 262 36 264 52 263 38 262 36 265 50 263 38 264 52 266 51 265 50 264 52 267 49 265 50 266 51 268 155 267 49 266 51 269 154 267 49 268 155 270 201 269 154 268 155 94 80 269 154 270 201 272 203 176 151 271 202 175 150 176 151 272 203 273 204 175 150 272 203 173 148 175 150 273 204 274 205 173 148 273 204 205 169 173 148 274 205 275 206 205 169 274 205 207 171 205 169 275 206 276 207 207 171 275 206 277 208 207 171 276 207 220 176 255 188 218 174 278 189 255 188 220 176 222 178 278 189 220 176 279 190 278 189 222 178 176 191 279 190 222 178 280 192 279 190 176 191 91 193 280 192 176 191 281 194 280 192 91 193 92 195 281 194 91 193 282 196 281 194 92 195 283 7 25 6 23 5 284 8 25 6 283 7 285 9 284 8 283 7 286 10 284 8 285 9 287 11 286 10 285 9 288 12 286 10 287 11 289 13 288 12 287 11 290 14 288 12 289 13 291 15 290 14 289 13 96 82 269 154 94 80 292 47 269 154 96 82 98 45 292 47 96 82 293 46 292 47 98 45 100 44 293 46 98 45 294 209 293 46 100 44 102 40 294 209 100 44 265 50 294 209 102 40 263 38 265 50 102 40 297 205 296 148 295 169 298 204 296 148 297 205 299 210 298 204 297 205 300 211 298 204 299 210 249 212 300 211 299 210 301 213 300 211 249 212 251 214 301 213 249 212 252 215 301 213 251 214 66 56 302 216 64 54 303 217 302 216 66 56 68 57 303 217 66 56 304 218 303 217 68 57 70 58 304 218 68 57 305 57 304 218 70 58 34 29 305 57 70 58 36 31 305 57 34 29 308 171 307 170 306 171 295 169 307 170 308 171 309 206 295 169 308 171 297 205 295 169 309 206 310 219 297 205 309 206 311 220 297 205 310 219 312 221 311 220 310 219 247 222 311 220 312 221 39 18 313 20 41 34 314 19 313 20 39 18 315 17 314 19 39 18 291 15 314 19 315 17 37 16 291 15 315 17 290 14 291 15 37 16 35 30 290 14 37 16 33 28 290 14 35 30 318 133 317 224 316 223 319 131 317 224 318 133 320 132 319 131 318 133 321 130 319 131 320 132 322 225 321 130 320 132 323 128 321 130 322 225 258 226 323 128 322 225 324 126 323 128 258 226 278 189 325 227 255 188 326 228 325 227 278 189 84 229 326 228 278 189 327 230 326 228 84 229 328 231 327 230 84 229 329 232 327 230 328 231 80 233 329 232 328 231 78 234 329 232 80 233 331 236 271 202 330 235 272 203 271 202 331 236 332 237 272 203 331 236 273 204 272 203 332 237 333 211 273 204 332 237 334 210 273 204 333 211 227 212 334 210 333 211 225 222 334 210 227 212 335 238 228 184 230 186 226 182 228 184 335 238 336 239 226 182 335 238 224 180 226 182 336 239 337 240 224 180 336 239 222 178 224 180 337 240 176 191 222 178 337 240 340 119 339 118 338 163 341 120 339 118 340 119 342 121 341 120 340 119 261 122 341 120 342 121 343 123 261 122 342 121 260 124 261 122 343 123 344 125 260 124 343 123 197 110 345 241 199 162 346 112 345 241 197 110 347 111 346 112 197 110 348 113 346 112 347 111 349 242 348 113 347 111 350 243 348 113 349 242 193 160 350 243 349 242 75 61 351 244 28 23 352 23 351 244 75 61 73 25 352 23 75 61 353 24 352 23 73 25 354 26 353 24 73 25 10 8 353 24 354 26 12 10 10 8 354 26 355 164 340 119 338 163 342 121 340 119 355 164 356 165 342 121 355 164 343 123 342 121 356 165 357 138 343 123 356 165 344 125 343 123 357 138 171 140 344 125 357 138 358 245 138 115 139 117 136 113 138 115 358 245 359 243 136 113 358 245 360 242 136 113 359 243 361 160 360 242 359 243 132 109 360 242 361 160 130 107 132 109 361 160 154 246 122 99 124 101 120 97 122 99 154 246 156 247 120 97 154 246 118 95 120 97 156 247 362 227 118 95 156 247 116 93 118 95 362 227 114 91 116 93 362 227 253 199 129 248 127 198 363 249 129 248 253 199 254 187 363 249 253 199 364 250 363 249 254 187 365 87 364 250 254 187 320 86 364 250 365 87 322 88 320 86 365 87 295 169 204 168 307 170 202 166 204 168 295 169 296 148 202 166 295 169 366 147 202 166 296 148 367 73 366 147 296 148 161 71 366 147 367 73 163 72 161 71 367 73 368 240 236 178 238 191 246 180 236 178 368 240 369 239 246 180 368 240 248 182 246 180 369 239 370 238 248 182 369 239 250 184 248 182 370 238 252 186 250 184 370 238 362 227 235 189 233 188 371 228 235 189 362 227 156 247 371 228 362 227 372 251 371 228 156 247 373 252 372 251 156 247 374 253 372 251 373 252 298 204 375 150 296 148 376 203 375 150 298 204 377 237 376 203 298 204 378 236 376 203 377 237 301 213 378 236 377 237 252 215 378 236 301 213 351 244 6 4 4 3 379 21 6 4 351 244 352 23 379 21 351 244 380 22 379 21 352 23 353 24 380 22 352 23 10 8 380 22 353 24 150 129 382 172 381 127 383 172 382 172 150 129 152 131 383 172 150 129 384 224 383 172 152 131 153 133 384 224 152 131 385 223 384 224 153 133 71 27 354 26 73 25 386 28 354 26 71 27 69 29 386 28 71 27 387 30 386 28 69 29 67 31 387 30 69 29 18 16 387 30 67 31 183 154 388 201 184 155 389 80 388 201 183 154 182 82 389 80 183 154 390 81 389 80 182 82 181 83 390 81 182 82 180 153 390 81 181 83 158 139 391 146 156 137 392 67 391 146 158 139 160 69 392 67 158 139 393 68 392 67 160 69 162 70 393 68 160 69 394 254 393 68 162 70 391 146 373 145 156 137 395 63 373 145 391 146 392 67 395 63 391 146 396 65 395 63 392 67 397 66 396 65 392 67 398 64 396 65 397 66 399 255 95 81 93 79 400 256 95 81 399 255 107 85 400 256 399 255 401 152 400 256 107 85 105 84 401 152 107 85 103 41 401 152 105 84 292 47 267 49 269 154 402 48 267 49 292 47 293 46 402 48 292 47 403 257 402 48 293 46 294 209 403 257 293 46 265 50 403 257 294 209 279 190 84 229 278 189 404 258 84 229 279 190 280 192 404 258 279 190 405 259 404 258 280 192 281 194 405 259 280 192 282 196 405 259 281 194 239 192 406 259 241 194 407 258 406 259 239 192 237 190 407 258 239 192 162 229 407 258 237 190 235 189 162 229 237 190 371 228 162 229 235 189 110 87 408 250 109 86 231 187 408 250 110 87 112 89 231 187 110 87 233 188 231 187 112 89 114 91 233 188 112 89 362 227 233 188 114 91 261 94 409 96 341 260 410 95 409 96 261 94 411 93 410 95 261 94 325 227 410 95 411 93 257 91 325 227 411 93 255 188 325 227 257 91 186 198 412 173 185 197 413 199 412 173 186 198 414 248 413 199 186 198 415 249 413 199 414 248 196 261 415 249 414 248 198 262 415 249 196 261 409 96 339 263 341 260 416 98 339 263 409 96 417 97 416 98 409 96 418 99 416 98 417 97 419 246 418 99 417 97 420 101 418 99 419 246 128 105 139 156 126 103 421 157 139 156 128 105 422 159 421 157 128 105 423 158 421 157 422 159 361 160 423 158 422 159 359 264 423 158 361 160 51 44 47 40 49 42 424 209 47 40 51 44 53 46 424 209 51 44 425 257 424 209 53 46 55 48 425 257 53 46 57 50 425 257 55 48 345 207 308 171 199 208 309 206 308 171 345 207 185 265 309 206 345 207 426 266 309 206 185 265 412 267 426 266 185 265 243 267 426 266 412 267 427 114 187 116 185 268 428 115 187 116 427 114 348 113 428 115 427 114 429 245 428 115 348 113 350 243 429 245 348 113 430 54 38 32 40 33 431 55 38 32 430 54 432 56 431 55 430 54 36 31 431 55 432 56 305 57 36 31 432 56 433 230 162 229 371 228 394 231 162 229 433 230 434 232 394 231 433 230 397 233 394 231 434 232 398 234 397 233 434 232 435 269 329 232 78 234 327 230 329 232 435 269 436 251 327 230 435 269 326 228 327 230 436 251 437 247 326 228 436 251 238 151 376 203 438 202 375 150 376 203 238 151 439 149 375 150 238 151 296 148 375 150 439 149 367 73 296 148 439 149 406 259 167 196 241 194 166 270 167 196 406 259 407 258 166 270 406 259 164 271 166 270 407 258 162 229 164 271 407 258 213 127 171 140 215 166 344 125 171 140 213 127 324 126 344 125 213 127 260 124 344 125 324 126 258 226 260 124 324 126 390 81 440 79 389 80 441 255 440 79 390 81 442 256 441 255 390 81 177 85 441 255 442 256 179 152 177 85 442 256 275 206 125 265 276 207 443 266 125 265 275 206 444 219 443 266 275 206 219 267 443 266 444 219 445 272 219 267 444 219 446 76 240 77 242 78 447 75 240 77 446 76 448 74 447 75 446 76 367 73 447 75 448 74 163 72 367 73 448 74 231 187 415 249 408 250 413 199 415 249 231 187 232 174 413 199 231 187 412 173 413 199 232 174 243 175 412 173 232 174 230 215 331 236 330 235 449 213 331 236 230 215 229 214 449 213 230 215 227 212 449 213 229 214 33 28 288 12 290 14 286 10 288 12 33 28 31 26 286 10 33 28 284 8 286 10 31 26 445 273 221 177 219 175 223 179 221 177 445 273 450 274 223 179 445 273 225 181 223 179 450 274 334 210 274 205 273 204 451 220 274 205 334 210 225 222 451 220 334 210 450 221 451 220 225 222 24 4 4 3 2 2 351 244 4 3 24 4 26 21 351 244 24 4 28 23 351 244 26 21 372 251 433 230 371 228 452 269 433 230 372 251 374 253 452 269 372 251 398 234 452 269 374 253 99 43 103 41 101 42 453 153 103 41 99 43 97 83 453 153 99 43 95 81 453 153 97 83 385 275 415 249 198 262 408 250 415 249 385 275 153 276 408 250 385 275 109 86 408 250 153 276 454 270 405 259 282 196 404 258 405 259 454 270 455 271 404 258 454 270 84 229 404 258 455 271 383 172 306 171 382 172 308 171 306 171 383 172 384 224 308 171 383 172 199 208 308 171 384 224 456 136 356 165 355 164 357 138 356 165 456 136 437 137 357 138 456 136 170 139 357 138 437 137 420 134 355 164 338 163 456 136 355 164 420 134 419 135 456 136 420 134 437 137 456 136 419 135 200 164 124 134 123 163 155 136 124 134 200 164 201 165 155 136 200 164 157 138 155 136 201 165 90 76 282 144 92 78 457 142 282 144 90 76 88 74 457 142 90 76 86 72 457 142 88 74 457 142 454 143 282 144 455 141 454 143 457 142 86 72 455 141 457 142 84 70 455 141 86 72 76 253 435 269 78 234 436 251 435 269 76 253 168 252 436 251 76 253 437 247 436 251 168 252 330 277 335 238 230 186 336 239 335 238 330 277 271 278 336 239 330 277 176 191 336 239 271 278 276 241 133 110 277 162 135 112 133 110 276 241 137 114 135 112 276 241 363 249 131 261 129 248 458 262 131 261 363 249 316 275 458 262 363 249 63 32 67 31 65 55 18 16 67 31 63 32 20 18 18 16 63 32 386 28 12 10 354 26 14 12 12 10 386 28 16 14 14 12 386 28 3 2 459 1 1 1 460 1 459 1 3 2 5 2 460 1 3 2 414 106 194 107 196 108 188 105 194 107 414 106 186 104 188 105 414 106 57 50 424 209 425 257 47 40 424 209 57 50 45 38 47 40 57 50 427 114 346 112 348 113 345 241 346 112 427 114 185 279 345 241 427 114 461 53 264 52 262 36 266 51 264 52 461 53 268 155 266 51 461 53 453 153 401 152 103 41 400 256 401 152 453 153 95 81 400 256 453 153 417 97 437 247 419 246 410 95 437 247 417 97 409 96 410 95 417 97 447 75 238 151 240 77 439 149 238 151 447 75 367 73 439 149 447 75 378 236 438 202 376 203 462 235 438 202 378 236 252 215 462 235 378 236 89 75 174 149 87 73 176 151 174 149 89 75 91 77 176 151 89 75 215 166 173 148 205 169 172 147 173 148 215 166 171 140 172 147 215 166 317 224 458 280 316 223 277 208 458 280 317 224 207 171 277 208 317 224 364 250 316 275 363 249 318 276 316 275 364 250 320 86 318 276 364 250 395 63 374 62 373 145 398 64 374 62 395 63 396 65 398 64 395 63 299 210 247 222 249 212 311 220 247 222 299 210 297 205 311 220 299 210 284 8 27 22 25 6 29 24 27 22 284 8 31 26 29 24 284 8 366 147 159 140 202 166 161 71 159 140 366 147 265 50 402 48 403 257 267 49 402 48 265 50 263 38 104 39 106 37 102 40 104 39 263 38 151 130 111 225 109 132 149 128 111 225 151 130 149 128 113 226 111 225 147 126 113 226 149 128 426 266 310 219 309 206 243 267 310 219 426 266 310 219 463 272 312 221 243 267 463 272 310 219 45 38 59 52 43 36 57 50 59 52 45 38 165 142 448 74 446 76 163 72 448 74 165 142 238 191 369 239 368 240 438 278 369 239 238 191 178 84 46 39 44 37 48 41 46 39 178 84 167 144 446 76 242 78 165 142 446 76 167 144 180 153 442 256 390 81 179 152 442 256 180 153 58 51 184 155 60 53 56 49 184 155 58 51 148 127 381 127 203 167 150 129 381 127 148 127 370 238 462 277 252 186 369 239 462 277 370 238 300 211 377 237 298 204 301 213 377 237 300 211 198 280 384 224 385 223 199 208 384 224 198 280 393 68 397 66 392 67 394 254 397 66 393 68 213 127 323 128 324 126 211 129 323 128 213 127 319 131 211 129 209 172 321 130 211 129 319 131 317 224 209 172 207 171 319 131 209 172 317 224 169 146 437 137 168 145 170 139 437 137 169 146 328 254 82 68 80 66 84 70 82 68 328 254 259 92 411 93 261 94 257 91 411 93 259 92 325 227 437 247 410 95 326 228 437 247 325 227 416 98 338 100 339 263 418 99 338 100 416 98 450 221 444 219 451 220 445 272 444 219 450 221 274 205 444 219 275 206 451 220 444 219 274 205 217 267 443 266 219 267 125 265 443 266 217 267 333 211 449 213 227 212 332 237 449 213 333 211 429 281 191 158 189 156 350 264 191 158 429 281 349 242 195 109 193 160 347 111 195 109 349 242 428 115 189 117 187 116 429 245 189 117 428 115 188 105 192 159 194 107 190 157 192 159 188 105 322 88 256 89 258 90 365 87 256 89 322 88 358 281 423 158 359 264 139 156 423 158 358 281 360 242 134 111 136 113 132 109 134 111 360 242 422 159 130 107 361 160 128 105 130 107 422 159 458 161 133 110 131 108 277 162 133 110 458 161 379 21 8 6 6 4 380 22 8 6 379 21 145 200 115 92 113 90 117 94 115 92 145 200 387 30 16 14 386 28 18 16 16 14 387 30 121 98 140 263 123 100 119 96 140 263 121 98 303 217 305 57 432 56 304 218 305 57 303 217 302 216 432 56 430 54 303 217 432 56 302 216 119 96 142 260 140 263 117 94 142 260 119 96 32 27 70 58 72 59 34 29 70 58 32 27 30 25 72 59 74 60 32 27 72 59 30 25 291 15 464 282 314 19 289 13 464 282 291 15 244 177 463 273 243 175 245 179 463 273 244 177 15 13 465 282 13 11 17 15 465 282 15 13 21 19 17 15 19 17 465 282 17 15 21 19 466 0 5 2 7 5 460 1 5 2 466 0 312 274 245 179 247 181 463 273 245 179 312 274 452 269 434 232 433 230 398 234 434 232 452 269 126 116 137 114 125 268 147 126 145 124 113 226 256 89 365 87 254 187 139 156 421 157 423 158 125 279 137 114 276 241 8 6 380 22 10 8 195 109 347 111 197 110 191 158 350 264 193 160 331 236 449 213 332 237 38 32 431 55 36 31 37 16 315 17 39 18 418 99 420 101 338 100 287 11 464 282 289 13 77 63 79 65 81 67 337 240 336 239 176 191 321 130 323 128 211 129 369 239 438 278 462 277 171 140 357 138 170 139</p>
                </polylist>
            </mesh>
        </geometry>
        <geometry id="mesh1">
            <mesh>
                <source id="points1">
                    <float_array id="pointarray1" count="156">-0.007362526814392731 214.27873810964883 79.30445513383415 -0.007440052978809594 215.2708956444557 79.92950269624188 1.9535289094263126 213.34124110358823 81.20294169138937 2.078435652876273 214.56777513571487 81.92175648143069 5.148738786288223 213.91944437302638 82.76562258021356 5.601730827765487 216.05224787820958 83.40637154435068 9.039455159348002 213.075931822109 81.70326864485375 9.73462533728932 215.31030494269405 82.43778408758757 11.922400229886861 212.2089735337605 79.80492777497862 12.805073027859477 214.6699316255786 80.25821306783699 13.25847217461587 211.74821243839926 77.46121972643203 14.430223575589448 214.17794899439212 77.6098298790997 13.719523897035858 211.56865265466908 75.25810821415949 15.188187748347 213.78749328400608 74.83640998784084 13.555520194099564 211.5452649684426 74.0549742284814 14.867953894511883 213.71724071072953 73.26607876552669 11.586797542977735 210.27951225895953 74.75013167624216 11.735176994950942 210.3028999452219 75.93763991291925 11.430431073069977 210.41220715458036 77.04700554740836 10.258430990584237 210.8495468546841 79.21884533768217 7.945823510950695 211.56811296096882 80.7422064324158 4.562914018749573 212.51321160627964 81.82021458017937 -0.00751158821242135 216.49744540739886 80.19518649502923 2.140827788257149 216.38025715365802 82.35934636485499 2.218856531286397 218.59120813170813 82.15633109922973 5.78128911106991 219.01320671956725 83.14089710138087 2.367226611698207 220.5834308332112 81.57049621863352 5.8906142905815635 221.55234636798127 81.64102406658498 2.6093980025210737 221.69285451983848 80.79712351210404 5.906242281666186 222.6149010478195 80.5160757527174 2.9688288012287956 221.91950091464795 79.40652660418412 5.929754306206973 222.83373719063746 78.7426498668651 10.148529780787396 218.86502464370446 82.18016184355629 13.133029859466937 218.34964308669822 80.08653019620048 14.812883636918242 217.6779826937457 77.28970351550903 15.48491330706227 217.02970100083883 74.7115796449892 15.149076175477193 216.70164454252813 72.94592281497788 13.953388035727096 220.72484195818905 76.75855838189784 12.429810472664656 221.45903905520709 78.94602055050653 12.984605824985296 222.0138876033143 76.14138623857286 11.375126339632214 222.7559290361068 77.57884466372055 12.359649267223153 222.28735169620737 74.96168188795329 10.765791785830139 223.0293908817455 76.46164106199424 9.554713482564168 221.69319046303815 80.73495645915644 8.84378159596022 222.94322192285773 79.36779480407185 8.718857993165104 223.20111719509927 77.51623867514067 -0.015375775080966719 217.7630790188456 80.00774679293171 -0.007589495089430898 218.84122985936224 79.47654885221812 -0.007599609834731734 219.54437845354022 78.98439506001034 0.00023423613735824422 219.66159329441095 78.42190105359835 14.383169536268987 220.3108742158651 75.21168413448962 14.094194297166311 219.9593682723354 73.74290342735144</float_array>
                    <technique_common>
                        <accessor count="52" source="#pointarray1" stride="3">
                            <param name="X" type="float"/>
                            <param name="Y" type="float"/>
                            <param name="Z" type="float"/>
                        </accessor>
                    </technique_common>
                </source>
                <source id="uvs1">
                    <float_array id="uvarray1" count="104">-0.4189453125 0.2056884765625 -0.4189453125 0.26416015625 -0.12451171875 0.1048583984375 -0.12158203125 0.2091064453125 0.25634765625 0.1102294921875 0.2843017578125 0.3433837890625 0.7781982421875 0.0203857421875 0.8018798828125 0.27734375 1.2119140625 -0.0147705078125 1.2318115234375 0.23583984375 1.5535888671875 -0.0216064453125 1.5899658203125 0.231201171875 1.8173828125 -0.0189208984375 1.845947265625 0.2213134765625 2.0472412109375 -0.0147705078125 2.077392578125 0.2265625 2.01708984375 -0.1817626953125 1.788818359375 -0.184814453125 1.5172119140625 -0.2000732421875 1.192138671875 -0.1910400390625 0.7545166015625 -0.162109375 0.2283935546875 -0.048583984375 -0.4189453125 0.3970947265625 -0.11865234375 0.3878173828125 -0.0885009765625 0.7242431640625 0.3076171875 0.7362060546875 -0.0684814453125 0.9228515625 0.3204345703125 1.055419921875 -0.0517578125 1.08837890625 0.3216552734375 1.1385498046875 -0.0484619140625 1.28759765625 0.3218994140625 1.3212890625 0.838134765625 0.6846923828125 1.255126953125 0.636474609375 1.6009521484375 0.610107421875 1.8511962890625 0.601806640625 2.095458984375 0.597412109375 1.5352783203125 1.0162353515625 1.218994140625 1.0391845703125 1.4884033203125 1.2115478515625 1.19189453125 1.2271728515625 1.4498291015625 1.4166259765625 1.147216796875 1.4307861328125 0.82080078125 1.0736083984375 0.802978515625 1.2447509765625 0.771484375 1.4449462890625 -0.4189453125 0.7122802734375 -0.4189453125 0.9000244140625 -0.4189453125 1.0565185546875 -0.4189453125 1.2537841796875 1.70556640625 0.9971923828125 1.9185791015625 0.993408203125</float_array>
                    <technique_common>
                        <accessor count="52" source="#uvarray1" stride="2">
                            <param name="S" type="float"/>
                            <param name="T" type="float"/>
                        </accessor>
                    </technique_common>
                </source>
                <vertices id="vertices1">
                    <input semantic="POSITION" source="#points1"/>
                </vertices>
                <polylist count="79" material="Material1">
                    <input offset="0" semantic="VERTEX" source="#vertices1"/>
                    <input offset="1" semantic="TEXCOORD" source="#uvs1" set="0"/>
                    <vcount>3 3 3 3 3 3 3 3 3 3 3 3 3 3 3 3 3 3 3 3 3 3 3 3 3 3 3 3 3 3 3 3 3 3 3 3 3 3 3 3 3 3 3 3 3 3 3 3 3 3 3 3 3 3 3 3 3 3 3 3 3 3 3 3 3 3 3 3 3 3 3 3 3 3 3 3 3 3 3</vcount>
                    <p>2 2 1 1 0 0 3 3 1 1 2 2 4 4 3 3 2 2 5 5 3 3 4 4 6 6 5 5 4 4 7 7 5 5 6 6 8 8 7 7 6 6 9 9 7 7 8 8 10 10 9 9 8 8 11 11 9 9 10 10 12 12 11 11 10 10 13 13 11 11 12 12 14 14 13 13 12 12 15 15 13 13 14 14 12 12 16 16 14 14 17 17 16 16 12 12 10 10 17 17 12 12 18 18 17 17 10 10 8 8 18 18 10 10 19 19 18 18 8 8 6 6 19 19 8 8 20 20 19 19 6 6 4 4 20 20 6 6 21 21 20 20 4 4 2 2 21 21 4 4 3 3 22 22 1 1 23 23 22 22 3 3 5 5 23 23 3 3 24 24 23 23 5 5 25 25 24 24 5 5 26 26 24 24 25 25 27 27 26 26 25 25 28 28 26 26 27 27 29 29 28 28 27 27 30 30 28 28 29 29 31 31 30 30 29 29 7 7 25 25 5 5 32 32 25 25 7 7 9 9 32 32 7 7 33 33 32 32 9 9 11 11 33 33 9 9 34 34 33 33 11 11 13 13 34 34 11 11 35 35 34 34 13 13 15 15 35 35 13 13 36 36 35 35 15 15 37 37 34 34 35 35 38 38 34 34 37 37 39 39 38 38 37 37 40 40 38 38 39 39 41 41 40 40 39 39 42 42 40 40 41 41 38 38 33 33 34 34 32 32 33 33 38 38 43 43 32 32 38 38 25 25 32 32 43 43 27 27 25 25 43 43 43 43 29 29 27 27 44 44 29 29 43 43 38 38 44 44 43 43 40 40 44 44 38 38 45 45 40 40 42 42 44 44 40 40 45 45 31 31 44 44 45 45 29 29 44 44 31 31 26 26 46 46 24 24 47 47 46 46 26 26 48 48 47 47 26 26 28 28 48 48 26 26 49 49 48 48 28 28 30 30 49 49 28 28 50 50 39 39 37 37 41 41 39 39 50 50 51 51 41 41 50 50 23 23 46 46 22 22 24 24 46 46 23 23 35 35 50 50 37 37 36 36 50 50 35 35 36 36 51 51 50 50</p>
                </polylist>
            </mesh>
        </geometry>
        <geometry id="mesh2">
            <mesh>
                <source id="points2">
                    <float_array id="pointarray2" count="156">-0.00751158821242135 216.49744540739886 80.19518649502923 -2.1404222019400763 216.387864792062 82.35132900327667 -0.015375775080966719 217.7630790188456 80.00774679293171 -2.2420809584619823 218.5909942816691 82.15611724919047 -2.3827730028494707 220.57539062600722 81.57026813689288 -5.914075804081027 221.61428084498533 81.63264866536124 -5.921883065688171 222.62214652685748 80.51550910629115 -9.593721726104874 221.62195889485213 80.75747264369701 -9.101530862620356 222.90329728136942 79.40599516249281 -12.359249348505331 221.379724584713 78.9682659582023 -11.374873233549907 222.74702593837767 77.57775369145372 -12.99195624081781 222.0126427039808 76.13232846471949 -12.327851050543336 222.28616784334648 74.9683109096095 -14.054243138146141 219.95801888233444 73.7415540373489 -13.522604743600743 211.52834113843335 74.06930039843472 -15.21024893282966 213.7938496562807 74.81151561109485 -13.725788539892436 211.56733697132924 75.25679253081815 -14.47602598351689 214.1843765251557 77.59281953536117 -13.257151640947418 211.74694244636504 77.436511110841 -12.757427662360783 214.66089257759563 80.2804247688716 -11.913536091762767 212.19220625252018 79.7959718701457 -9.749749617933897 215.309370893662 82.43685003855447 -9.054294799070995 213.07506443736236 81.70240126010609 -5.617019146452853 216.05171006970517 83.40583373584563 -10.749833539189686 223.02054620885974 76.47623426360781 -8.984267715008954 223.16901628912882 77.56226351813432 -5.898370666610972 222.8331701696934 78.74208284592036 -2.6171644854319243 221.6847910924722 80.80468508471954 -0.007599609834731734 219.54437845354022 78.98439506001034 -0.007440052978809594 215.2708956444557 79.92950269624188 -2.085626463053848 214.56757589191363 81.91374436311078 -5.1637611900127585 213.918950008663 82.7651282158496 -7.960426452495366 211.56735044139015 80.74144391283625 -10.280628466103472 210.82512661839627 79.17879710519169 -14.835171037227765 213.7158167915556 73.26465484635109 -15.50727299821349 217.0282164097287 74.68665643032199 -14.858992792931138 217.68437164901837 77.31171896887187 -12.937282955049914 218.3327671950335 80.1087171790169 -15.116548754969779 216.70019365802528 72.94447193047334 -14.382455397625115 220.30949523890604 75.21030515752894 -13.952860402032188 220.7000670528505 76.74940697843006 -10.171782672514766 218.8640505211975 82.17918772104822 -5.812460862286649 219.0126509341769 83.14034131598987 -0.007362526814392731 214.27873810964883 79.30445513383415 -1.9605335815788327 213.3410534698412 81.20275405764214 -4.577710960244479 212.51277341968483 81.81977639358405 -2.9452336851801766 221.91921740417592 79.40624309371177 0.00023423613735824422 219.66159329441095 78.42190105359835 -0.007589495089430898 218.84122985936224 79.47654885221812 -11.553825905769276 210.2627786843983 74.7333966035699 -11.73357145307792 210.2939635154039 75.91307698500819 -11.374254876484956 210.40330255883123 77.02247445356619</float_array>
                    <technique_common>
                        <accessor count="52" source="#pointarray2" stride="3">
                            <param name="X" type="float"/>
                            <param name="Y" type="float"/>
                            <param name="Z" type="float"/>
                        </accessor>
                    </technique_common>
                </source>
                <source id="uvs2">
                    <float_array id="uvarray2" count="104">1.4417724609375 0.3995361328125 1.13037109375 0.39013671875 1.4417724609375 0.7200927734375 1.11376953125 0.7322998046875 1.1077880859375 0.934326171875 0.6748046875 1.0037841796875 0.673583984375 1.238525390625 0.1328125 1.0794677734375 0.1513671875 1.26025390625 -0.2508544921875 1.052490234375 -0.226318359375 1.238525390625 -0.55078125 1.220947265625 -0.521240234375 1.419677734375 -1.2603759765625 1.048095703125 -1.28857421875 -0.0843505859375 -0.968505859375 0.1707763671875 -0.9395751953125 -0.084228515625 -0.6353759765625 0.1734619140625 -0.6036376953125 -0.083740234375 -0.2763671875 0.176513671875 -0.2412109375 -0.083251953125 0.175537109375 0.2061767578125 0.21435546875 -0.04443359375 0.7122802734375 0.3448486328125 -0.2000732421875 1.4404296875 0.155029296875 1.461181640625 0.67333984375 1.416015625 1.110107421875 1.18603515625 1.4417724609375 1.153564453125 1.4417724609375 0.2650146484375 1.1334228515625 0.2091064453125 0.7413330078125 0.1083984375 0.253173828125 -0.2208251953125 -0.2059326171875 -0.2686767578125 -1.31689453125 0.1702880859375 -0.993896484375 0.6326904296875 -0.638427734375 0.6470947265625 -0.284912109375 0.664306640625 -1.3438720703125 0.6298828125 -0.9267578125 1.0484619140625 -0.5841064453125 1.05029296875 0.121826171875 0.692138671875 0.6881103515625 0.744384765625 1.4417724609375 0.2049560546875 1.1363525390625 0.1024169921875 0.770263671875 -0.0537109375 1.106689453125 1.3817138671875 1.4417724609375 1.347412109375 1.4417724609375 0.9111328125 -1.26025390625 -0.2645263671875 -0.91064453125 -0.264892578125 -0.57177734375 -0.2666015625</float_array>
                    <technique_common>
                        <accessor count="52" source="#uvarray2" stride="2">
                            <param name="S" type="float"/>
                            <param name="T" type="float"/>
                        </accessor>
                    </technique_common>
                </source>
                <vertices id="vertices2">
                    <input semantic="POSITION" source="#points2"/>
                </vertices>
                <polylist count="79" material="Material1">
                    <input offset="0" semantic="VERTEX" source="#vertices2"/>
                    <input offset="1" semantic="TEXCOORD" source="#uvs2" set="0"/>
                    <vcount>3 3 3 3 3 3 3 3 3 3 3 3 3 3 3 3 3 3 3 3 3 3 3 3 3 3 3 3 3 3 3 3 3 3 3 3 3 3 3 3 3 3 3 3 3 3 3 3 3 3 3 3 3 3 3 3 3 3 3 3 3 3 3 3 3 3 3 3 3 3 3 3 3 3 3 3 3 3 3</vcount>
                    <p>2 2 1 1 0 0 3 3 1 1 2 2 4 4 3 3 2 2 5 5 3 3 4 4 6 6 5 5 4 4 7 7 5 5 6 6 8 8 7 7 6 6 9 9 7 7 8 8 10 10 9 9 8 8 11 11 9 9 10 10 12 12 11 11 10 10 13 13 11 11 12 12 16 16 15 15 14 14 17 17 15 15 16 16 18 18 17 17 16 16 19 19 17 17 18 18 20 20 19 19 18 18 21 21 19 19 20 20 22 22 21 21 20 20 23 23 21 21 22 22 10 10 24 24 12 12 25 25 24 24 10 10 8 8 25 25 10 10 26 26 25 25 8 8 6 6 26 26 8 8 27 27 26 26 6 6 4 4 27 27 6 6 28 28 27 27 4 4 1 1 29 29 0 0 30 30 29 29 1 1 23 23 30 30 1 1 31 31 30 30 23 23 22 22 31 31 23 23 32 32 31 31 22 22 33 33 32 32 22 22 15 15 34 34 14 14 35 35 34 34 15 15 17 17 35 35 15 15 36 36 35 35 17 17 37 37 36 36 17 17 9 9 36 36 37 37 7 7 9 9 37 37 35 35 38 38 34 34 13 13 38 38 35 35 39 39 13 13 35 35 11 11 13 13 39 39 40 40 11 11 39 39 9 9 11 11 40 40 36 36 9 9 40 40 19 19 37 37 17 17 41 41 37 37 19 19 21 21 41 41 19 19 42 42 41 41 21 21 23 23 42 42 21 21 1 1 42 42 23 23 30 30 43 43 29 29 44 44 43 43 30 30 31 31 44 44 30 30 45 45 44 44 31 31 32 32 45 45 31 31 27 27 46 46 26 26 47 47 46 46 27 27 28 28 47 47 27 27 39 39 36 36 40 40 35 35 36 36 39 39 48 48 4 4 2 2 28 28 4 4 48 48 49 49 16 16 14 14 50 50 16 16 49 49 50 50 18 18 16 16 51 51 18 18 50 50 51 51 20 20 18 18 33 33 20 20 51 51 3 3 42 42 1 1 5 5 42 42 3 3 5 5 41 41 42 42 7 7 41 41 5 5 7 7 37 37 41 41 33 33 22 22 20 20</p>
                </polylist>
            </mesh>
        </geometry>
        <geometry id="mesh3">
            <mesh>
                <source id="points3">
                    <float_array id="pointarray3" count="423">-6.620408352114088 157.35304872565897 49.854855935070134 -6.870231202500819 157.2338604084005 46.27867006955591 -19.160095012961335 173.8508708927486 46.39736300349141 -18.61299674653969 172.4513635753461 43.139532178970796 -28.56657163535503 185.41862940895305 39.556523916913456 -27.13670190711158 184.23913830847192 36.934780519695195 -35.597944820195835 198.0153102559376 29.529156584144758 -33.652477640696844 196.88782613995454 27.430101037079147 -34.83244368674922 211.59885766942432 18.48779682187171 -32.91822014726325 210.44219115920225 16.285252078957335 -28.129216913116384 221.47012245614883 6.493843185329233 -27.019724856370328 218.98306930946742 6.539131736305629 -16.113515836325874 227.26718123462325 -0.8896105595593355 -15.410300121902802 224.43528413897104 0.05000648478966285 -0.004030501223726784 228.14401339872148 -4.067273941163491 -0.003967320571776226 225.26753444636665 -2.508750976087878 15.402199807287403 224.4367612397659 0.05148358558621835 11.956153139219564 230.93973512806298 8.863178567705512 22.7998915393269 224.50955408192686 15.535854591438405 24.33106482774127 226.45409946237703 15.191595503644363 30.206126681913663 216.76150119275223 23.59418993889558 34.82380615317468 211.60219687598794 18.49113602843918 35.589555016209125 198.0187228681188 29.532569196329902 33.64439720464911 196.89105224194412 27.433327139072436 27.128922968181314 184.24173971367503 36.937381924901295 22.120694665100487 190.81542054980943 39.037163209445524 15.136672977995323 179.6848877797009 42.797211748891606 23.808083015090904 191.10902439067024 41.07267286737174 15.980299851218264 179.80319148740378 45.24738783907903 19.152406065347034 173.83839827038847 46.389178622441555 7.207719610128706 157.32130659695514 49.825468221152065 6.973521399561789 157.209925983488 46.248988802818 -6.831622886659168 165.0970127745646 47.889855649017996 -15.988451241668587 179.81596821875107 45.255876329116404 -23.81691687546272 191.10674132615566 41.07038980285455 -31.090552838484495 202.65268287841462 33.664062045190555 -30.215748179231635 216.75860466700493 23.59129341314493 -24.340810060406547 226.4517662123892 15.18926225365386 -12.942314437955856 232.69728059056195 7.731853006637919 -0.00471885380028717 233.47230135044424 4.96355549099951 16.10523408963265 227.2687257487404 -0.8880660454404219 27.011525019461182 218.9856594791168 6.541721905958006 27.924976620788467 216.0550270897287 22.21581775650137 31.081322018639153 202.65566329629632 33.667042463075695 28.558428233366772 185.42136788791146 39.559262395875024 18.605754485324457 172.43196826038783 43.1350148657825 6.410732575437367 164.51076585193647 44.97302788366168 6.78556638276875 165.0586307864633 47.89197994397328 -15.144578269811802 179.70461566704907 42.80206163447021 -22.12930523320918 190.81329927726833 39.035041936902 -28.887326757324086 202.20032840134817 32.007956995911535 -27.934398250841852 216.05234928276036 22.21313994952993 -22.80948335585881 224.50736764317423 15.533668152683259 -11.965721805805895 230.9385883525473 8.862031792188512 -0.004690118809018318 231.52608612825247 6.310355343702033 12.932685502581153 232.69852099569192 7.733093411769306 28.12078295761624 221.47281898904004 6.496539718223552 32.909904701458025 210.4453468517219 16.288407771480603 28.878298109925506 202.20309759082008 32.010726185386616 -6.901767973174423 164.56330484657235 44.931294817444076 5.918712524781108 164.09002179552027 41.90073493368743 8.426286900141573 163.70809237698012 47.27095325773354 6.207533435943329 166.02854265703908 45.001800088262435 6.504198962463916 165.62977775491282 49.77022114763381 -6.612782416976481 166.06062740046266 45.039043069815264 -6.253644831045937 165.58509643713708 50.46707724878574 -8.612778760222076 163.71467880814512 47.30861544683258 -5.878609329572821 161.97200959450862 53.339617073293795 -8.13597222610522 158.79839618341603 47.1343399398287 -4.565668000847727 154.4200230028587 51.68549639223973 -6.471696165897559 154.58332490419525 46.894599418753785 -3.9402731198149774 151.0921267688664 46.776156838727175 -3.9480251538828806 154.43662108019225 42.17033555477962 0.08322744594821371 149.63565642702406 46.91726066523701 3.5597573055287306 154.32412017969864 42.90984664728988 4.114418160634325 151.06703192026075 46.72277718955103 6.489245463421035 154.55065829842627 46.84174926902574 5.2624576404215535 154.38985493173774 51.7027586533938 8.02809561736864 158.7800255305292 47.04201996518608 6.590141665772352 161.93416115587172 53.35730022354328 -0.0075183277492438545 216.17711081048674 80.6561086387132 -4.7965235168739335 215.89567505207896 79.74180307833487 -0.007676758015566465 219.77868753459325 80.3594062924042 -5.281069309175852 220.50507700922043 78.69512582648602 -5.523687894857491 228.37219894782473 79.8204913539148 -10.249784476463887 222.0830743000961 76.39027579077174 -10.656456572176475 229.6064308838746 77.67186697414171 -13.757540429060487 224.30963193406694 72.98396437757243 -14.414191550374987 231.442353781371 74.21864985053664 -16.500001345506067 232.44242944022147 70.55453530089132 -17.585112995179728 216.29399160529292 69.47558411565248 -14.085300998776951 215.48924529688247 74.20227581365835 -12.944517191101545 210.68454095116482 75.69428766107282 -9.804221407278053 215.69241485640987 77.55405327955076 -9.397834325371697 212.28615812164907 78.10078446320648 -4.702666023667217 213.33316419619672 80.06199722976632 -0.007386491722578271 213.5989940562128 80.48411004801736 4.687958954752314 213.3336143673822 80.0624474009523 14.827470687045896 109.97795697576248 43.69266071583392 14.75705757415108 112.17362917911612 43.59578220791044 -0.0004224206530109762 110.13977791431344 38.692827703994126 11.264214828263208 125.36572654708287 44.07202532287588 -0.0012127329030872562 125.46812350530097 39.85049053730175 7.8181911569210065 139.1244140390533 45.14829225235005 -0.0020078323791715576 139.1661124105481 42.73837216365922 4.989215274233193 154.392649660658 47.62943608141738 -0.00288739717234416 154.57675869239486 45.675553069170405 -4.667032542710236 154.34534502731856 47.63073898774438 -7.822432253691575 139.12248704574688 45.11631464738311 -11.267042456540683 125.3539734606057 44.23466018179612 -14.7585666592973 112.17323072221816 43.57877537525861 -14.828774781827006 109.9849513860928 43.589724778270444 9.383415631467365 212.28705846402 78.10168480557843 9.789528547693811 215.69335414870028 77.55499257184228 12.930482749435464 210.68578135629477 75.69552806620422 14.070948562017044 215.49059468686548 74.21143807816138 17.571136174991246 216.30348906379555 69.48508232321193 13.734647382260588 224.3109502390539 72.97746980804249 16.25026411872441 228.38938309283026 69.07153591059732 16.5156239532653 232.41276103168383 70.57955401776522 18.828367749322393 232.07716210805705 65.8296487818509 10.218965476533059 222.0762426639353 76.39906915459407 5.265805666586517 220.50558260913755 78.69563142640371 5.616937453969076 228.38835913471792 79.79758866632604 -0.008093237836460347 227.45051382722835 81.37539906719508 0.4109266416032511 153.13017720660838 52.30508536945454 -14.070856796900811 107.79752636488425 43.57675790230398 -6.414054037296451 96.15640594809037 43.68761363287981 0.00014317527149740458 96.24425393770719 40.789952784544624 0.00042213311125398724 87.53158718094897 43.683525507524976 6.414067582653169 96.15660294709855 43.75853984985051 -16.58567517849782 228.42687149166522 69.06996368211256 -18.85132266066497 232.2003588015424 65.7653484717691 -6.706289663504618 164.12123299638884 41.9145664139405 14.069763303169545 107.79041285794005 43.6874335452493 4.781601461114706 215.8961342117074 79.74226223796381 -19.24164652850711 225.05186101850643 66.6321745594651 10.702919127667021 229.6230813154461 77.64164165671338 14.460805012583695 231.48279900335308 74.25128594327619 19.266170752115574 224.92089302214112 66.66526419405675 0.32507603208725233 154.07388798408914 49.54882454664702</float_array>
                    <technique_common>
                        <accessor count="141" source="#pointarray3" stride="3">
                            <param name="X" type="float"/>
                            <param name="Y" type="float"/>
                            <param name="Z" type="float"/>
                        </accessor>
                    </technique_common>
                </source>
                <source id="uvs3">
                    <float_array id="uvarray3" count="160">0.6688232421875 0.277587890625 0.6688232421875 0.263427734375 0.675048828125 0.277587890625 0.675048828125 0.263427734375 0.6812744140625 0.277587890625 0.6812744140625 0.263427734375 0.6876220703125 0.277587890625 0.6876220703125 0.263427734375 0.69384765625 0.277587890625 0.69384765625 0.263427734375 0.70166015625 0.277587890625 0.70166015625 0.263427734375 0.71728515625 0.277587890625 0.71728515625 0.263427734375 0.7235107421875 0.277587890625 0.7235107421875 0.263427734375 0.71728515625 0.320068359375 0.70166015625 0.320068359375 0.70166015625 0.305908203125 0.69384765625 0.305908203125 0.6812744140625 0.320068359375 0.675048828125 0.320068359375 0.6812744140625 0.305908203125 0.675048828125 0.305908203125 0.6688232421875 0.305908203125 0.6876220703125 0.305908203125 0.71728515625 0.305908203125 0.7235107421875 0.305908203125 0.69384765625 0.320068359375 0.6688232421875 0.320068359375 0.6876220703125 0.320068359375 0.7235107421875 0.320068359375 0.7032470703125 0.305908203125 0.721923828125 0.3087158203125 0.706298828125 0.31787109375 0.7047119140625 0.312255859375 0.7188720703125 0.304443359375 0.69384765625 0.2796630859375 0.70947265625 0.2803955078125 0.6890869140625 0.268310546875 0.66259765625 0.263427734375 0.5062255859375 0.7677001953125 0.592529296875 0.7626953125 0.5062255859375 0.78759765625 0.59375 0.78759765625 0.59375 0.8209228515625 0.6690673828125 0.7950439453125 0.6624755859375 0.8292236328125 0.7630615234375 0.8084716796875 0.7562255859375 0.85009765625 0.7999267578125 0.862548828125 0.7999267578125 0.7625732421875 0.736572265625 0.7496337890625 0.7169189453125 0.71044921875 0.66455078125 0.753662109375 0.6522216796875 0.72607421875 0.58740234375 0.74169921875 0.5062255859375 0.7479248046875 0.7235107421875 0.279296875 0.72314453125 0.2808837890625 0.66259765625 0.279296875 0.7100830078125 0.2901611328125 0.66259765625 0.2901611328125 0.6925048828125 0.3050537109375 0.66259765625 0.3050537109375 0.67822265625 0.320068359375 0.66259765625 0.320068359375 0.828125 0.85009765625 0.8624267578125 0.875 0.5062255859375 0.8167724609375 0.66259765625 0.277587890625 0.721923828125 0.2777099609375 0.6895751953125 0.26953125 0.66259765625 0.26953125 0.8153076171875 0.855712890625 0.856201171875 0.8375244140625 0.7464599609375 0.3140869140625 0.7291259765625 0.3140869140625 0.7288818359375 0.331787109375 0.7119140625 0.3140869140625</float_array>
                    <technique_common>
                        <accessor count="80" source="#uvarray3" stride="2">
                            <param name="S" type="float"/>
                            <param name="T" type="float"/>
                        </accessor>
                    </technique_common>
                </source>
                <vertices id="vertices3">
                    <input semantic="POSITION" source="#points3"/>
                </vertices>
                <polylist count="230" material="Material1">
                    <input offset="0" semantic="VERTEX" source="#vertices3"/>
                    <input offset="1" semantic="TEXCOORD" source="#uvs3" set="0"/>
                    <vcount>3 3 3 3 3 3 3 3 3 3 3 3 3 3 3 3 3 3 3 3 3 3 3 3 3 3 3 3 3 3 3 3 3 3 3 3 3 3 3 3 3 3 3 3 3 3 3 3 3 3 3 3 3 3 3 3 3 3 3 3 3 3 3 3 3 3 3 3 3 3 3 3 3 3 3 3 3 3 3 3 3 3 3 3 3 3 3 3 3 3 3 3 3 3 3 3 3 3 3 3 3 3 3 3 3 3 3 3 3 3 3 3 3 3 3 3 3 3 3 3 3 3 3 3 3 3 3 3 3 3 3 3 3 3 3 3 3 3 3 3 3 3 3 3 3 3 3 3 3 3 3 3 3 3 3 3 3 3 3 3 3 3 3 3 3 3 3 3 3 3 3 3 3 3 3 3 3 3 3 3 3 3 3 3 3 3 3 3 3 3 3 3 3 3 3 3 3 3 3 3 3 3 3 3 3 3 3 3 3 3 3 3 3 3 3 3 3 3 3 3 3 3 3 3 3 3 3 3 3 3</vcount>
                    <p>2 2 1 1 0 0 3 3 1 1 2 2 4 4 3 3 2 2 5 5 3 3 4 4 6 6 5 5 4 4 7 7 5 5 6 6 8 8 7 7 6 6 9 9 7 7 8 8 10 10 9 9 8 8 11 11 9 9 10 10 12 12 11 11 10 10 13 13 11 11 12 12 14 14 13 13 12 12 15 15 13 13 14 14 16 13 15 15 14 14 17 16 15 15 16 13 18 17 17 16 16 13 19 18 17 16 18 17 20 19 19 18 18 17 21 8 19 18 20 19 22 6 21 8 20 19 23 7 21 8 22 6 24 5 23 7 22 6 25 20 23 7 24 5 26 21 25 20 24 5 27 22 25 20 26 21 28 23 27 22 26 21 29 2 27 22 28 23 30 0 29 2 28 23 31 1 29 2 30 0 33 23 0 0 32 24 2 2 0 0 33 23 34 22 2 2 33 23 4 4 2 2 34 22 35 25 4 4 34 22 6 6 4 4 35 25 36 19 6 6 35 25 8 8 6 6 36 19 37 18 8 8 36 19 10 10 8 8 37 18 38 26 10 10 37 18 12 12 10 10 38 26 39 27 12 12 38 26 14 14 12 12 39 27 40 12 14 14 39 27 16 13 14 14 40 12 41 11 16 13 40 12 18 17 16 13 41 11 42 28 18 17 41 11 20 19 18 17 42 28 43 25 20 19 42 28 22 6 20 19 43 25 44 4 22 6 43 25 24 5 22 6 44 4 45 3 24 5 44 4 26 21 24 5 45 3 46 29 26 21 45 3 47 24 26 21 46 29 49 20 33 23 48 21 34 22 33 23 49 20 50 30 34 22 49 20 35 25 34 22 50 30 51 28 35 25 50 30 36 19 35 25 51 28 52 17 36 19 51 28 37 18 36 19 52 17 53 16 37 18 52 17 38 26 37 18 53 16 54 31 38 26 53 16 39 27 38 26 54 31 55 26 39 27 54 31 40 12 39 27 55 26 56 10 40 12 55 26 41 11 40 12 56 10 57 9 41 11 56 10 42 28 41 11 57 9 58 30 42 28 57 9 43 25 42 28 58 30 27 22 43 25 58 30 44 4 43 25 27 22 29 2 44 4 27 22 45 3 44 4 29 2 31 1 45 3 29 2 46 29 45 3 31 1 3 3 59 29 1 1 48 21 59 29 3 3 5 5 48 21 3 3 49 20 48 21 5 5 7 7 49 20 5 5 50 30 49 20 7 7 9 9 50 30 7 7 51 28 50 30 9 9 11 11 51 28 9 9 52 17 51 28 11 11 13 13 52 17 11 11 53 16 52 17 13 13 15 15 53 16 13 13 54 31 53 16 15 15 17 16 54 31 15 15 55 26 54 31 17 16 19 18 55 26 17 16 56 10 55 26 19 18 21 8 56 10 19 18 57 9 56 10 21 8 23 7 57 9 21 8 58 30 57 9 23 7 25 20 58 30 23 7 27 22 58 30 25 20 62 34 61 33 60 32 63 35 61 33 62 34 64 34 63 35 62 34 65 35 63 35 64 34 66 33 65 35 64 34 67 32 65 35 66 33 68 36 67 32 66 33 69 37 67 32 68 36 70 38 69 37 68 36 71 39 69 37 70 38 72 37 71 39 70 38 73 40 71 39 72 37 74 37 73 40 72 37 75 39 73 40 74 37 76 38 75 39 74 37 77 37 75 39 76 38 78 36 77 37 76 38 79 32 77 37 78 36 61 33 79 32 78 36 63 35 79 32 61 33 82 43 81 42 80 41 83 44 81 42 82 43 84 45 83 44 82 43 85 46 83 44 84 45 86 47 85 46 84 45 87 48 85 46 86 47 88 49 87 48 86 47 89 50 87 48 88 49 92 53 91 52 90 51 93 54 91 52 92 53 94 55 93 54 92 53 81 42 93 54 94 55 95 56 81 42 94 55 80 41 81 42 95 56 96 57 80 41 95 56 97 56 80 41 96 57 100 60 99 59 98 58 101 61 99 59 100 60 102 62 101 61 100 60 103 63 101 61 102 62 104 64 103 63 102 62 105 65 103 63 104 64 106 66 105 65 104 64 104 64 107 65 106 66 108 63 107 65 104 64 102 62 108 63 104 64 109 61 108 63 102 62 100 60 109 61 102 62 110 59 109 61 100 60 111 58 110 59 100 60 114 53 113 54 112 55 115 52 113 54 114 53 116 51 115 52 114 53 117 48 115 52 116 51 118 67 117 48 116 51 119 50 117 48 118 67 120 68 119 50 118 67 121 46 113 54 115 52 122 44 113 54 121 46 123 45 122 44 121 46 82 43 122 44 123 45 124 69 82 43 123 45 84 45 82 43 124 69 77 37 73 40 75 39 125 70 73 40 77 37 79 32 125 70 77 37 67 32 125 70 79 32 65 35 67 32 79 32 100 60 126 71 111 58 127 72 126 71 100 60 128 73 127 72 100 60 129 40 127 72 128 73 130 72 129 40 128 73 87 48 90 51 91 52 131 74 90 51 87 48 89 50 131 74 87 48 132 68 131 74 89 50 68 36 72 37 70 38 133 32 72 37 68 36 66 33 133 32 68 36 64 34 133 32 66 33 78 36 60 32 61 33 74 37 60 32 78 36 76 38 74 37 78 36 100 60 130 72 128 73 134 71 130 72 100 60 98 58 134 71 100 60 135 42 113 54 122 44 112 55 113 54 135 42 97 56 112 55 135 42 133 32 74 37 72 37 60 32 74 37 133 32 62 34 60 32 133 32 135 42 80 41 97 56 82 43 80 41 135 42 122 44 82 43 135 42 69 37 125 70 67 32 73 40 125 70 69 37 71 39 73 40 69 37 131 74 136 75 90 51 132 68 136 75 131 74 85 46 91 52 93 54 87 48 91 52 85 46 83 44 93 54 81 42 85 46 93 54 83 44 117 48 121 46 115 52 137 47 121 46 117 48 138 49 117 48 119 50 137 47 117 48 138 49 118 67 139 75 120 68 116 51 139 75 118 67 28 23 47 24 30 0 26 21 47 24 28 23 59 29 33 23 32 24 48 21 33 23 59 29 0 0 59 29 32 24 1 1 59 29 0 0 106 78 140 77 105 76 107 79 140 77 106 78 64 34 62 34 133 32 63 35 65 35 79 32 123 45 121 46 137 47</p>
                </polylist>
            </mesh>
        </geometry>
        <geometry id="mesh4">
            <mesh>
                <source id="points4">
                    <float_array id="pointarray4" count="60">14.75705757415108 112.17362917911612 43.59578220791044 -0.0007674269796039527 109.9159755576774 46.11350344811716 11.264214828263208 125.36572654708287 44.07202532287588 -0.0015356556664651347 125.25797536622939 46.79684628425123 7.8181911569210065 139.1244140390533 45.14829225235005 -0.0022395910338170177 139.05544689201074 47.68355103857566 4.989215274233193 154.392649660658 47.62943608141738 0.32507603208725233 154.07388798408914 49.54882454664702 -14.070856796900811 107.79752636488425 43.57675790230398 -6.414054037296451 96.15640594809037 43.68761363287981 -0.000060402606600877366 96.10882801163146 45.17203768535198 0.00042213311125398724 87.53158718094897 43.683525507524976 6.414067582653169 96.15660294709855 43.75853984985051 14.827470687045896 109.97795697576248 43.69266071583392 14.069763303169545 107.79041285794005 43.6874335452493 -4.667032542710236 154.34534502731856 47.63073898774438 -7.822432253691575 139.12248704574688 45.11631464738311 -11.267042456540683 125.3539734606057 44.23466018179612 -14.7585666592973 112.17323072221816 43.57877537525861 -14.828774781827006 109.9849513860928 43.589724778270444</float_array>
                    <technique_common>
                        <accessor count="20" source="#pointarray4" stride="3">
                            <param name="X" type="float"/>
                            <param name="Y" type="float"/>
                            <param name="Z" type="float"/>
                        </accessor>
                    </technique_common>
                </source>
                <source id="uvs4">
                    <float_array id="uvarray4" count="40">0.8804931640625 0.3323974609375 0.5040283203125 0.30078125 0.7913818359375 0.5233154296875 0.5040283203125 0.5230712890625 0.6851806640625 0.8267822265625 0.5040283203125 0.82666015625 0.517333984375 0.955810546875 0.5001220703125 0.955810546875 0.1451416015625 0.26904296875 0.3404541015625 0.1005859375 0.5040283203125 0.100341796875 0.5040283203125 -0.00537109375 0.6676025390625 0.1005859375 0.88232421875 0.30078125 0.8629150390625 0.26904296875 0.4827880859375 0.955810546875 0.3228759765625 0.8267822265625 0.2166748046875 0.5233154296875 0.1275634765625 0.3323974609375 0.125732421875 0.30078125</float_array>
                    <technique_common>
                        <accessor count="20" source="#uvarray4" stride="2">
                            <param name="S" type="float"/>
                            <param name="T" type="float"/>
                        </accessor>
                    </technique_common>
                </source>
                <vertices id="vertices4">
                    <input semantic="POSITION" source="#points4"/>
                </vertices>
                <polylist count="22" material="Material1">
                    <input offset="0" semantic="VERTEX" source="#vertices4"/>
                    <input offset="1" semantic="TEXCOORD" source="#uvs4" set="0"/>
                    <vcount>3 3 3 3 3 3 3 3 3 3 3 3 3 3 3 3 3 3 3 3 3 3</vcount>
                    <p>2 2 1 1 0 0 3 3 1 1 2 2 4 4 3 3 2 2 5 5 3 3 4 4 6 6 5 5 4 4 7 7 5 5 6 6 9 9 1 1 8 8 10 10 1 1 9 9 11 11 10 10 9 9 12 12 10 10 11 11 1 1 13 13 0 0 14 14 13 13 1 1 12 12 14 14 1 1 15 15 5 5 7 7 16 16 5 5 15 15 16 16 3 3 5 5 17 17 3 3 16 16 17 17 1 1 3 3 18 18 1 1 17 17 19 19 1 1 18 18 8 8 1 1 19 19 10 10 12 12 1 1</p>
                </polylist>
            </mesh>
        </geometry>
        <geometry id="mesh5">
            <mesh>
                <source id="points5">
                    <float_array id="pointarray5" count="2220">18.972518524664697 217.03724356644847 7.321477168588186 20.340461002131995 211.6653940885168 -3.0555284151579283 25.730328477709094 212.16758880623917 12.244585681341329 27.683167329498097 209.76046085740836 1.888061692868217 32.14457948238113 204.23780597462104 16.242445896537806 34.675133932741296 202.83004362264967 16.372194183104877 40.31655042947308 190.2752653539104 22.863518368633777 42.4921875 190.59375 23.078125 47.41134603692889 178.97121503012448 23.190987629056544 47.5078125 191.546875 24.40625 49.9921875 179.2578125 23.8515625 54.05101663810939 192.23737240713837 24.166455659222244 54.867091511031 179.9718771618471 23.61415202642148 58.86607459331664 192.89413262358352 23.57820306958476 70.94648458602799 181.35640360963026 21.543984278734154 71.67299388431505 194.17680974170494 21.282769514887054 80.90162964767151 181.39644663166493 21.103160455446943 81.15785174449678 194.25583743099432 21.191457889774373 88.65286966151828 194.78763054701375 22.988431014933795 81.53526899346842 202.38926883222877 15.107896394477317 88.62952215291062 204.02258235524283 16.95004809930849 88.734375 210.1640625 1.8828125 99.43369216664894 212.7906327728779 2.273933711102586 99.64594451968614 207.26110221443494 -15.45228185457691 118.01609223249453 208.45038410262572 -15.97919694278163 117.93917373936054 197.0137217983858 -24.7933348123745 131.0078125 207.421875 -15.453125 131.0234375 196.9375 -23.6484375 137.5390625 204.6171875 -12.8671875 137.546875 195.28125 -20.421875 141.5 199.984375 -7.171875 141.5 188.75 -13.9765625 137.5390625 171.3125 16.484375 137.5390625 166.328125 1.90625 130.6796875 162.3984375 2.296875 137.5390625 171.3125 -13.28125 130.7578125 167.84375 -15.7109375 130.921875 179.546875 -23.6953125 117.888655743008 166.90352338148847 -16.25732218751235 117.8706678212829 178.7402793785935 -24.811086556270272 99.60459327227451 168.11269380345274 -15.800030299301621 99.72872748307542 180.17591251941695 -23.173310533527495 88.96875 170.671875 -14.0859375 88.921875 181.0859375 -19.9296875 80.76613316928756 173.25117378164907 -12.039158889277127 81.091414979541 181.72042319024774 -16.9275921888784 70.99169594700572 181.6804512427325 -17.37022179585874 81.37262248222277 193.38453529319668 -17.167428678674614 71.30479768465023 193.7586438186991 -17.766130379726437 81.19965978340518 202.6730632375035 -11.76098923894516 72.16623449041373 203.461230201416 -11.3004281633582 81.35057542193928 207.4217718471644 1.8574460988475263 72.70776844390512 208.2412254624445 2.3197190713754807 72.4252232780933 203.17746156399218 15.224368980958989 117.54867881021116 161.1282863081324 2.178070242085193 99.40727826921854 163.25157080306823 2.2377679636693673 88.875 166.5546875 1.859375 80.76049888634539 169.59359373521573 1.82778455201883 70.61577246240324 172.20329994289733 -11.599286139660878 55.078125 180.3828125 -19.796875 59.156851003677204 193.56237050441717 -19.68649972379792 61.75585620248692 202.05407905650566 -12.135177229216836 31.031536027520463 178.51343543332058 -25.84910741127146 41.96073743889847 179.0840910825515 -18.684330698857284 34.52191721925655 192.4114131591064 -17.621001717194325 39.3515625 192.6171875 -18.2265625 37.3046875 201.4296875 -11.796875 46.25 193.296875 -19.390625 45.4375 200.7890625 -12.8359375 54.0234375 193.2578125 -19.9765625 53.53125 201.15625 -13.1328125 63.05968152042199 206.95126068726483 2.2461359311739457 61.89154253961984 202.11391552329388 15.77975188773097 70.72545703987898 172.42731181970402 15.112408513322716 80.77993605052941 173.25637947345948 15.164287442799619 88.45214745995757 180.81888120943628 22.782886286274803 88.47780203436265 171.01478110706708 16.680428914465047 99.1995569327864 180.14768781446077 26.238629932372806 99.2974614541826 168.57032926139496 18.339486446010998 117.25786353312327 178.8054170768383 28.561410695104076 117.37027828506068 166.90005472846477 19.412295203353906 130.65625 179.7109375 27.3203125 130.6015625 167.8359375 18.5234375 141.5078125 176.9765625 10.5078125 141.5 188.7578125 17.5625 137.5625 182 24.28125 137.5546875 195.296875 24.3125 130.734375 196.734375 27.296875 137.53125 204.6328125 16.25 130.8203125 207.5078125 18.4921875 130.9765625 213.484375 2.3125 117.66858993400692 214.87815672010754 3.6526609449340937 20.843367556835766 178.3731623606106 -30.39435278348374 24.889313631704038 191.21217714122727 -23.855683791582912 29.121961424994677 203.2382382883349 -9.37028941472278 31.200198203123385 202.65258652929566 -10.307720175205233 29.605162399358072 208.59659597010898 1.716191070882339 37.921875 201.6484375 16.609375 137.5546875 181.9921875 -20.4296875 99.7664041135052 195.31654179707726 -23.17946298530219 88.9296875 193.9296875 -19.34375 141.5 177.0078125 -7.0390625 51.623214219780834 173.12846567712302 16.893806524362823 56.6240548606843 172.7305061688944 16.82420110262344 70.54007737931792 168.42071856591633 2.2126507387801193 141.5078125 200.015625 10.6640625 137.53125 209.8046875 1.984375 99.26074640120588 195.81175904312647 26.209215503122564 99.15300479157881 206.59374871855556 18.38925621703558 117.29517113616689 196.9772948212365 28.571173639739044 117.46755153834745 208.41568209691866 19.48712866889246 53.738996649675585 200.83961870022904 16.728347701298286 53.76301333776945 205.70038838929162 2.205344247655473 45.078125 204.828125 2.296875 52.53848500283056 169.76278007805476 2.1279139540978074 56.3125 172.5546875 -12.9140625 49.09375279716933 173.17013755755963 -12.809467294745605 47.765625 179.8984375 -20.2578125 57.14875724125463 169.17725809141547 2.3260156260447076 37.95287681220276 167.6873246708156 -22.508277982218562 24.828288802575678 166.61200024533733 -30.02775138391185 35.9296875 205.4765625 1.921875 45.7890625 200.109375 17.03125 88.9453125 204.625 -13.8515625 42.567267717756536 174.51681797280474 28.999745918987994 44.83368183155191 159.41715204693855 27.63851194014747 47.61542054695205 158.38740229952057 18.47373310192671 48.73342018633139 158.64525678158196 1.2746072332708842 28.347442988120587 197.72135848393611 28.213513028727064 34.16821450180756 183.9571590800345 32.40291082223779 44.54654619740975 160.78504499284193 -13.924047959298807 21.700719146390412 204.01280811101637 -13.825372524607658 28.324064139110476 206.23526945451147 18.476134254786334 -12.889781180290479 103.54625704598206 18.850944525756397 -5.9050264346253325 97.53877937678465 16.93721684745678 -4.787492133101304 95.07008294671253 12.171645409072122 0.0015894563343294083 95.07031252744238 11.773437489344419 -3.4119262388723826 93.42952388720403 2.007648835999598 0.002149735946255588 93.55468755255976 1.6015625010323435 0.002609644611513382 94.97656257624082 -9.414062486310227 3.416198745435995 93.42985121633555 2.007976165131492 7.322911266753556 94.77378849928107 -8.984024063009237 4.439599540275205 94.24240027742755 1.9611502271032915 8.0078125 96.453125 -8.078125 4.5703125 91.2578125 2.0234375 9.03125 91.9375 -8.78125 4.885600267862211 81.13251433828133 0.7145474180958538 10.807893478527657 80.83759377740566 -7.714172820185507 5.299792705341853 78.71307951889611 0.42349066097378474 10.854838577770447 79.08204390318868 -7.42089932027835 6.370300051963386 75.15565508616697 -0.08355751616498885 11.363210484476147 70.22988245314306 -10.238004569487554 8.292522291380793 68.16346691004277 -0.3347331466980208 28.665458638936627 119.2513741541809 -8.373625879283424 32.27536227901835 110.52535948598748 -10.67493375704024 30.14156759369176 119.91550741719027 0.423319894597062 34.32162294717466 111.2170182924261 1.4485415657431522 26.93033086082361 118.59504097424221 7.985665958821372 31.688426386268453 108.87919190809696 11.797798341345995 25.985200825521417 105.4608800693697 17.313546032331956 35.73580417906359 96.99519692344998 13.193669250313206 28.64968244974942 95.0836449913104 18.947927101019697 30.29875144113359 82.54466815713474 18.313996865450736 15.869104514167715 81.86856638175419 18.143048541996702 30.3671875 75.0703125 16.453125 16.1640625 74.703125 16.2578125 17.1015625 69.2578125 13.171875 7.010374974553013 76.7356570463979 9.811152048337055 8.7421875 71.625 7.1875 10.737513181436965 66.83783817124396 7.6998348496161295 -25.54498512115528 115.91283789043695 -15.337162154861904 -19.13850518154469 115.21002000578748 -19.430605045022823 -20.943546971858176 122.13180848299314 -18.96194155932513 -11.013710436331513 121.89009700281946 -21.828653043071068 -23.03125 131.4453125 -20.90625 -11.84375 131.0234375 -25.609375 -12.8671875 140.7578125 -28.875 0 140.9453125 -29.2578125 0.0009193794621367796 152.41461592492558 -31.592981851434438 12.8671875 140.7578125 -28.875 14.657193628121338 152.25823422535024 -31.941727497154055 25.484375 140.5703125 -23.515625 30.16472463814657 152.05418888271566 -25.865024071608577 35.90625 141.15625 -12.9296875 39.93765317742183 150.8528773561355 -14.04626220935991 40.40625 141.078125 0.5703125 44.46826124740888 149.4533847670217 0.7441847270749833 42.905040570895885 147.1869226345218 18.043970525257507 6.283508293200518 81.54556620145868 11.34646759589337 6.0625 91.6796875 11.9375 15.423230719910036 93.08849887002717 18.63176031278092 15.078125 99.515625 18.0703125 13.751013040829767 101.86003416009693 17.008471635815173 22.188135506834257 113.33700113512026 13.407313619887672 22.234893656967852 114.50887837797595 14.67294086554416 28.828627163002356 121.25138197851085 8.274819466474408 31.06328903900562 123.11867660668767 0.4233640877750524 19.63575880209312 65.77540217977294 12.765323562345365 29.8203125 69.546875 13.390625 36.8125 72.0078125 7.359375 37.416605677284494 77.03735725110892 9.913452807547866 39.737271937760745 78.8654040993589 0.7060311927107279 39.987084302215095 82.12324847521468 1.3622988116557926 35.409521731555756 79.03978947985269 -7.286805225367818 35.659426909460656 81.6882021880995 -7.957205659471276 23.12847295130362 79.546676269849 -11.991748852855771 23.058121093061537 81.11363945510011 -12.737697752422577 35.5625 131.140625 0.515625 32.2578125 131.3125 -11.296875 28.891934250133747 122.37638501464161 -9.686115016740034 23.03125 131.4453125 -20.90625 20.94707793187354 122.13381665096018 -18.95993339135578 11.017539513038766 121.89115314486853 -21.827596901020794 19.142744730481677 115.21185514622735 -19.428769904580854 10.135064456197805 114.6332983321197 -21.60888922185785 8.862010840543375 104.49261229236183 -19.476137770817125 0.002638482532150868 105.14843758931119 -20.18749997393108 0.0028058922828729086 98.03125008915858 -16.562499978096362 -8.856739118737401 104.49176288450109 -19.476987178678833 -7.848787674705495 97.99181119657413 -15.875376369936163 27.924828798477204 65.61081873899437 12.773928895101557 35.073437952330515 67.1040040425916 7.700366291897149 39.22184137918147 75.48874115170301 0.02659804125097187 37.589381308436515 68.43502039348677 -0.2714760493857211 34.10538662914855 70.38117823453626 -10.15133663060646 23.324166523301482 74.94823311071607 -15.34250395575484 7.854337289207364 97.99256397867293 -15.874623587836496 13.846418786713354 99.47722623095422 -15.147773833014412 16.28374125936275 105.75078057941118 -17.71796948030226 20.00241896875448 106.38377134745882 -16.84279121052188 25.548764761426856 115.91528724114647 -15.334712804149564 11.84375 131.0234375 -25.609375 0.0019935617480798936 121.85937507759633 -23.445312470187712 0.002326508656864011 114.42187508501125 -22.953124970753258 -10.130560497230034 114.63232683124194 -21.60986072273672 -7.31771369960102 94.77308665169244 -8.984725910598677 -13.841081149658374 99.47589893754221 -15.14910112642795 -16.278758665805807 105.74921958648193 -17.719530473233306 -19.997580939322052 106.3818538129584 -16.844708745024505 -28.88931561707994 122.37361507613281 -9.688884955252034 -32.2578125 131.3125 -11.296875 -25.484375 140.5703125 -23.515625 -35.90625 141.15625 -12.9296875 -30.163400223214175 152.05129685118982 -25.867916103137734 -39.9373466390185 150.84904827942995 -14.050091286069843 5.735941597530339 95.35183742321789 11.969024885667833 4.7906328448873365 95.07054210634095 12.172104568701071 12.891468760461974 103.54749295689055 18.852180436666295 37.517823989790614 82.5663349386329 11.564272434012981 38.330041079517606 97.91876523993551 2.113423356194771 17.695577243885218 112.11803576783275 22.360223261487057 24.3203125 125.390625 24.1875 31.6640625 128.203125 16.3515625 29.015625 137.5 26.4296875 37.96875 139.34375 17.3125 34.02194128142939 142.76416932500828 28.44876069974467 15.734375 99.8046875 -14.28125 21.698193663031407 93.9729102938141 -14.0732769996205 21.3515625 104.140625 -15.4609375 26.455003523790605 114.00908068255852 -13.19404436246816 -34.024933562193 142.76090726924684 28.44549864397946 -29.015625 137.5 26.4296875 -37.96875 139.34375 17.3125 -31.6640625 128.203125 16.3515625 -35.5625 131.140625 0.515625 -31.06171081822575 123.1156984359167 0.42038591700065897 0 131.2421875 -26.71875 -42.90745923189955 147.18280892378885 18.039856814519837 -40.40625 141.078125 0.5703125 -44.46923854820504 149.4491212489059 0.7399212089542975 5.90747353822852 97.5393456486918 16.93778311936459 0.0012216792093073746 97.53906251264846 16.976562483365804 34.88535506876027 96.53434002769055 -9.570957402277982 -14.655306304516 152.25682903209915 -31.943132690406763 -26.929044015402887 118.59245904399886 7.98308402857506 -30.139682267776706 119.91261763277517 0.4204301101786494 -28.662666229318376 119.24862593774259 -8.376374095724884 -13.74898689597285 101.85871585512788 17.007153330844616 -22.233856240839106 114.50674661891804 14.670809106483816 -22.186864391188152 113.33487387028384 13.405186355048821 -24.3203125 125.390625 24.1875 -28.827622704498587 121.24861803229734 8.27205552025773 -17.695047674784057 112.11633919922203 22.358526692874378 -8.796875 98.1640625 -8.0859375 -16.114639980674763 101.14423924019964 -14.286570845425445 -9.505087733619341 91.93950599374786 -8.77891562004861 -21.614305879584034 93.9694651714207 -14.081449304397339 -22.72312888457592 81.11022356361312 -12.736943024430952 -34.489644798331284 96.53009658192252 -9.57281216648544 -35.24682302976738 81.68404012262343 -7.957710434083554 -39.536352782591365 82.11954734263497 1.3535267337117627 -35.004540724057634 79.03571529815846 -7.287032488410821 -39.293978035585845 78.86168313169549 0.7054075384637715 -38.793783233446064 75.4849842725807 0.018534342823849137 -36.3984375 72.0078125 7.3515625 -34.739063040711166 67.1008566721711 7.70002181429333 -27.582984730353456 65.60845424662837 12.774233844927753 -31.879270675913048 59.149147186606115 6.945588574726508 -23.19976552433869 58.60007859725775 11.29888330160535 -22.996293680170115 53.36025185668552 9.303508781504704 -15.464844654348363 53.32566547140483 5.186753669561842 -16.847434614311034 49.86273970949239 4.007401245060551 -13.144257558640735 53.38678960540169 -0.6023586563953445 -14.980017429539881 49.87622059805835 -0.79724203153408 -16.2688723874272 49.890663847106964 -5.1411004602403105 -18.22192768597894 45.85679156894152 -2.561302394106633 -23.182722444784176 45.82443768273092 -5.506784784761626 -23.013197777562695 104.83472587644812 -15.46798065443161 -31.904325030630424 110.52125919704653 -10.677880886518208 -33.95181440560611 111.21388410233727 1.4453318282962138 -38.47464564351954 97.90901640948971 2.1032827571432215 -31.311573536941403 108.87730279365755 11.795065487324598 -35.31888328667476 96.99305554803163 13.191689678466439 -25.811674164496214 105.46005688814415 17.31167792275652 -28.428442583340836 95.08272537016151 18.946800757013843 -14.913054184493923 100.89994357191887 18.065758934067325 -15.068956881994396 93.0888234921099 18.632099683820883 -5.209356163586744 95.04144741131034 11.971435329953493 -5.271693419179066 91.68508794736542 11.932923913681032 -3.90625 93.8046875 1.9609375 -3.9352603475839234 91.26043955174407 2.0199533877577416 -37.08373852662881 82.56386736873235 11.563506238496052 -29.92781113944185 82.54353687594516 18.313921797031135 -36.98964398195916 77.03472131994644 9.905413606669274 -29.9921875 75.0703125 16.453125 -29.453125 69.546875 13.390625 -19.528304764479792 65.77382104007108 12.76641596006062 -12.769897938884096 59.16513871976477 6.977718961373077 -10.386779042412646 60.18235590844459 -0.4308511726576749 -4.887837354263446 81.13211444300464 0.7170263466394093 -10.778043703618533 80.83579999134638 -7.720044297288748 -5.3017699246636925 78.7126120283109 0.4261618612887319 -10.817036489046206 79.08029359830371 -7.418794126127125 -6.364074711710835 75.1550172744333 -0.08845995365215531 -11.324290604073962 70.22865056060927 -10.236013112648722 -8.191853818093431 68.16272206563895 -0.33249489078156236 -27.565871719542997 45.7713291514317 1.571275537520409 -27.60473456656027 45.841096430017004 -2.663278799851648 -31.206579653127466 49.87044273714392 -0.7980080416364119 -29.167309857785472 49.89004551713427 -5.141718790213715 -32.64426219345294 53.47587343244879 -0.5956945425017661 -30.378326109927347 53.45535298218414 -7.0643051685992475 -31.456706965960976 61.09974942121319 -9.371565707519512 -23.159557290738565 60.58753958839736 -14.588716248648314 -33.69930148054771 70.37776627905724 -10.159316903777254 -23.15202048207055 69.10089087299421 -17.351112869386334 -22.98833413631194 74.945752407188 -15.349343902555063 -6.271179369498839 81.54605232297308 11.348773551365415 -15.810583134332868 81.86878727046702 18.14440672090619 -16.109375 74.703125 16.2578125 -17.0390625 69.2578125 13.171875 -10.629675047208764 66.83699429824836 7.693993931979187 -8.7265625 71.625 7.1875 -6.997437699858938 76.73592632521957 9.813849512109915 -29.17555886861283 49.84714876113003 4.0068458491365035 -30.167972592850255 53.3949415570808 5.178070242373609 -13.433265686203342 61.13034909205341 -9.480147562296679 -14.972071843520016 53.42095950017132 -7.118170905290475 -23.16719009748202 53.470656723967366 -11.220256669015436 -23.221815561874084 49.81634587636293 -8.86001867558907 -35.25396668852028 60.146258292111966 -0.3928978258934226 -37.2543692918689 68.43146023510221 -0.2798414548514305 -23.36283774637916 45.646419809024025 3.5952170999480706 -23.144445318569208 49.56000786396592 7.140638344003478 -18.261176184891408 45.73645441356497 1.4389925301604067 -26.453125 114 -13.1953125 -22.793402036641393 79.54332516304584 -11.990850634003442 -42.57335708658294 174.5127364706591 28.995664416837673 -44.83819296237436 159.4128533240878 27.634213217291776 -47.4173036021584 178.96666909993127 23.186441698858083 -47.6189542341911 158.38283691952836 18.469167721929246 -51.62800780952111 173.12351598260034 16.88885682983446 -48.73532958967699 158.64058428931102 1.2699347409945598 -52.54154018782537 169.75774271370298 2.1228765897402297 -44.5472035978451 160.780773984357 -13.928318967788645 -49.095702552911774 173.16543051584352 -12.814174336467122 -37.95337301335811 167.6836858494863 -22.511916803552065 -41.96269100804219 179.08006793080625 -18.688353850607175 -31.0318562300428 178.49488970256428 -25.85034577735584 -34.52525058527182 192.40810315093825 -17.62431172536628 -24.891936253894336 191.20979070961855 -23.85807022319438 -29.12712393245533 203.2354459225587 -9.373081780502183 -21.70553075385827 204.01072728646864 -13.827453349157778 -20.347038904364602 211.6634435963921 -3.0574789072848194 -11.853843415405057 204.82112280796133 -17.241521721653285 -11.018824366781038 213.71796726980472 -6.979320144762825 -0.0021837909811482045 205.0222221565381 -19.468080067169883 -0.0031391536436156165 214.32217744907734 -8.839055527010826 11.01242558258924 213.71902341185375 -6.978264002712551 -0.0040590381777762105 221.7053162458664 2.9667074913762947 10.324080741482973 220.20566593224177 4.158547419299063 -22.582104161358252 187.3427970833315 35.661904212278344 -34.17553534113259 183.95388279257168 32.399634534771195 -28.355680672621897 197.72484208429432 28.22109434088333 -40.32356045856223 190.2713995990329 22.859652613751805 -32.15229385807155 204.23860556030795 16.24566590764728 -34.68272535780607 202.8267187204404 16.368869280891786 -27.690034593355072 209.75780635677512 1.8854071922319158 -29.611901579601554 208.59375720102264 1.7133523017927161 -31.205214663316486 202.64959491598415 -10.31071178852016 -37.3046875 201.4296875 -11.796875 -39.3515625 192.6171875 -18.2265625 -47.765625 179.8984375 -20.2578125 -55.078125 180.3828125 -19.796875 -56.3125 172.5546875 -12.9140625 -70.6191814764634 172.19653026219117 -11.604095388295466 -70.5415410294757 168.41395608247075 2.20804477404103 22.15916279787482 218.1152394179415 24.094197681252854 24.651483047491368 211.8808654872089 27.559518139625432 23.511236869815736 200.31532628874015 31.264443724502193 22.57414573486877 187.3449618000136 35.66406892896295 13.073864788957248 194.32308340351938 34.58777759868627 11.636573310253882 184.86855908384175 39.650733477106144 -0.0041762521785610645 190.96981494257415 36.18902712631413 -0.0038720841202987515 181.83077114900408 38.941368461239804 -11.644676636243792 184.86744301883954 39.64961741210266 -12.501073373769374 190.6516916214722 -28.261585111628133 -0.0010031425476116015 190.45961179477675 -29.533937772246013 12.498926568778462 190.65289008053497 -28.26038665256399 -0.00027934695461377906 178.62877637058526 -32.80156531692141 11.796571074328858 178.61863018661273 -32.278138632851885 11.609691301350516 166.85867525377742 -33.456202826578256 24.578125 211.640625 28.703125 22.8203125 220.34375 26.2890625 19.046875 228.4375 23.3671875 17.54968804731218 223.26452222514098 21.025502624830406 9.9296875 233.4453125 21.4921875 9.440269853355918 227.0113135345173 18.179353682347923 0 235.40625 20.671875 -0.005056085459568138 228.56545893082316 16.905090799298204 -13.082385150933423 194.32182951572497 34.58652371089041 -23.52001302210238 200.31307168762834 31.262189123387778 -24.66101683918424 211.87850152670757 27.55715417912141 -28.332185730688554 206.2325534466605 18.473418246932223 -22.168962100255307 218.1131144002158 24.09207266352475 -25.738421404011262 212.1651214786437 12.242118353743026 -18.98060638811574 217.03542415578383 7.319657757921434 -24.82796108330996 166.60961980602391 -30.030131823228004 -71.306497488346 193.75180829119205 -17.77392814782496 -59.15799167151615 193.5566991599534 -19.687577740443093 -54.0234375 193.2578125 -19.9765625 -61.75983620753946 202.04815878538957 -12.139980991666663 -53.53125 201.15625 -13.1328125 -63.07285523409455 206.94521511271287 2.24325445674653 -53.765625 205.6953125 2.1953125 -61.901453068363416 202.10798219086945 15.774082358541218 -53.745234574446506 200.8344673883277 16.719562542763647 -56.62800465580744 172.72507806949602 16.81832752921482 -54.87044522356897 179.96661748179432 23.608146818525757 -49.99545268009267 179.26347621656458 23.850441060769406 -47.5078125 191.546875 24.40625 -42.4921875 190.59375 23.078125 -37.921875 201.6484375 16.609375 -11.797178871450662 178.61749914087224 -32.27926967859367 -11.609058645290787 166.85756218492287 -33.45731589543407 -20.844132347362752 178.37116393012343 -30.39635121397319 -46.25 193.296875 -19.390625 -45.4375 200.7890625 -12.8359375 -35.9296875 205.4765625 1.921875 -10.332169211047175 220.20467570544116 4.157557192497316 0.0002551235627102357 167.08680656416942 -32.408714673663496 11.84928153012311 204.8222590969602 -17.240385432653092 -45.078125 204.828125 2.296875 -45.7890625 200.109375 17.03125 -54.057985014843325 192.2321905702647 24.164039194719095 -24.578125 211.640625 28.703125 -22.8203125 220.34375 26.2890625 -19.046875 228.4375 23.3671875 -57.15092144231285 169.1717792228884 2.3257806890177295 40.334198384414485 148.69934019585835 27.58075333526933 -17.559686872003432 223.26283913919468 21.023819538882204 -9.45035510323179 227.01040794888803 18.17844809671758 -9.9296875 233.4453125 21.4921875 -70.99399186836165 181.6736456556591 -17.37663758145709 -40.33767643019456 148.69547291827018 27.576886057676724 -0.006253764905955856 243.45312056387718 27.00116620595372 -9.381200930280285 241.60107269048848 27.750628021206765 -22.35743978670859 231.74092657249844 30.858908296610295 -25.09939430769954 224.47505477600328 33.2646785329368 -25.5 215.8359375 36.140625 -23.265625 207.3984375 38.7890625 -21.08393441082136 211.24007267366812 49.943924062826255 -17.6953125 203.6640625 52.2109375 -18.4140625 215.046875 59 -16.0703125 209.3828125 61.40625 -15.69423520044589 213.84890532656013 66.64743253134141 -12.4296875 204.28125 63.90625 -11.014584767970101 209.76295921085864 71.50683598357715 -7.015625 201.515625 65.1875 -6.522380788529483 207.2083810710384 73.71786635907384 -0.296875 199.3671875 66.6640625 -0.2723860397233826 205.8648610251198 75.17122655332582 22.34568511055976 231.74306956711007 30.861051291224364 23.86840580142614 234.28160995401697 43.27530851229355 20.58689325359239 240.92213344692874 42.111407057905055 21.836593293555538 237.06233335409934 52.22846944549027 19.516061316134333 242.60133067736626 51.26768624930279 15.4532965501676 243.35090708429783 56.040964942506974 12.687412373125651 249.67113081099882 55.12707285050541 10.093614094016145 244.12381724757006 61.68137008720971 6.062091064656798 250.16270296176933 61.33771633924294 4.749673110788719 244.17806018500505 65.61080402918319 -0.32085774011477775 250.43571125708226 63.907735959902325 -0.008168963386245924 244.0840480206667 66.32150895158725 -4.765951867307641 244.1697911470058 65.6181599911655 -0.008060707605289512 238.6151440987701 69.53218428128827 -6.258003391756756 237.9820589520803 68.96935433181989 -5.437763157696208 234.8178118110162 73.64111696554643 -13.710865839578426 235.76310784825472 65.71107818545629 -11.062571393940825 233.387977883492 71.07046628128613 16.949441062811104 49.86425191290951 4.0142444793111265 18.363824854036704 45.7381331492269 1.4382574920244897 15.090295751769414 49.877646285926275 -0.7905782714801735 18.332760849592738 45.858543627306844 -2.5620441100930043 16.37956615941825 49.89227769132604 -5.142126393503736 23.29384068984163 45.82674058412192 -5.499237926316869 23.325060449546807 49.81869730088931 -8.860376960281458 27.71557892577597 45.84375003010233 -2.6631205678211156 29.270190754379403 49.892914372667235 -5.133695960500006 31.316858453595977 49.87342417498145 -0.7897884120643419 32.75417591100954 53.47898843289279 -0.5874234886804648 29.277566751829838 49.84984294569408 4.014871423175672 30.277340528179394 53.39770841119403 5.186106404529039 23.253993207524037 49.56204538571971 7.140280779148956 23.097457352986286 53.36223289914723 9.303045751490213 15.574218909600997 53.32700376653409 5.185569344905135 13.246368510769306 53.38801606448676 -0.6037678939352671 -0.2976883622013604 255.3689589006398 64.63012871987763 -6.41446504005471 250.13867259935694 61.22774210996222 -5.9928621185058075 257.1812110754669 59.92339337898135 -12.515721184334168 250.0761834750784 54.8993216294418 -7.781751466880298 259.52965515348467 53.96289984545094 -14.484110160822318 249.96706990626893 47.477347024588205 -4.3677096620167175 262.4414072657099 51.48301443113075 -13.100981584965274 249.83463343795293 41.016469462389225 -4.984228928363155 256.2880220781017 43.634355433297664 -7.241759410650784 253.3193035511716 40.7200423871465 -4.405993077614699 256.30378640428205 41.30625890205067 -7.452395424370226 250.51477298885823 37.23552283102943 -3.351195476962431 256.31957282701546 38.993810216393676 -0.007008417855067558 250.94491253620873 35.25152535019488 -0.06992376670558353 257.0229105545404 37.837751223464146 9.368799026630592 241.60197153478555 27.75152686550487 18.142346999916356 238.16483781913334 28.884595159008263 13.109964094169865 249.75776944199302 40.92397222684516 14.703401757303334 249.71065623328082 47.48654636641856 6.608903147701847 260.3260096296461 52.54947149469231 7.765080099048117 257.12142074743576 57.277919487632424 8.3270551809245 265.60643373128937 59.74278854936746 9.163052563499644 262.00989155831405 62.09021308575311 8.912751690834428 267.9815808478909 62.39475173199228 9.29541856978347 266.6000016195592 66.81402191365876 5.59206424056022 268.96392238927365 69.23375875088371 7.428034106380157 263.27893433917563 74.24367991716527 4.874284599312946 255.36392686549928 62.591919738377314 7.030219449093839 259.0041737097119 65.52584766704334 9.990974208279342 261.35195566743425 66.99020298134258 8.319124665555522 258.4513488576698 69.35968780376149 10.217343411553259 261.1304858641744 71.24387655506351 10.061306368927601 255.5950270577821 72.33701147225715 10.240872577733246 256.9593910795365 73.50280494023714 9.764508741412342 251.04266073672198 75.27536423682682 8.725135836305768 257.16346157668215 75.62960137749619 -0.3475356027928991 180.67830613958412 38.33152635971099 -0.328125 181.9765625 47.875 10.113356719727763 183.00384457868495 36.94889704566868 8.8828125 184.625 46.890625 18.214677775387294 190.2081907315044 34.781497202203795 16.08132949072484 191.80462396885568 44.31977385813422 20.135737564245566 200.4612039062219 41.49225820616345 23.260521063707507 207.43803417654067 39.03180496418412 17.6953125 203.6640625 52.2109375 21.07231511794306 211.2108417026525 49.98500596625957 18.4140625 215.046875 59 22.282322669906527 224.3746633427038 56.2200700658936 19.58679072347394 223.35864096809996 61.81364215677139 21.094474371619643 227.75723276352772 60.102987796656954 15.08261671155285 53.42248654438677 -7.119406003576941 23.27031054083488 53.47306650431625 -11.21289555874929 30.488862374426187 53.45835607645486 -7.06406400239379 31.55891902016839 61.10289894439522 -9.371405021814242 35.355408911850795 60.14961850324006 -0.38453683173956854 4.639223619871816 269.8651519677821 62.4002969049985 -1.3057191905788856 267.6779174472107 56.87547803815794 2.9912532490735373 267.17559810381096 55.3454005198128 1.6166589577141937 263.44169126691486 50.616110491299715 0.41406136986844966 258.6085574095275 44.38472545581003 -1.648645751675394 264.5929132991571 42.720850967899544 -3.984483998431371 263.4522208905927 41.7909968093225 -5.156575859214564 269.47567410997203 40.29122938873143 -3.4297081151815725 262.9288732792596 40.47068581043055 -1.859364161466205 263.0852375088971 39.65826858087686 -18.15452791667028 238.1630978063816 28.882855146254514 -20.60060665175517 240.92015898562283 42.109432596596875 -19.538625719578206 242.5916459596171 51.26581365701507 -15.468578004234843 243.34161224026252 56.03948222393356 -10.11732335950146 244.11503549380305 61.68821333342363 -18.07785710154844 237.99757686179498 59.38285095645984 0.897440343965227 257.5343307549452 66.2987755972149 -2.1729404978945555 260.35172896967003 64.90684959888588 -4.797768940721983 263.36312105249397 58.31662846749462 -2.1575438105160587 265.6771951517058 64.34401286350067 1.303232635710714 270.18530446729426 63.19567050738339 7.430417790464695 250.5076743210734 37.22842341419055 3.219054834858302 257.6245756685759 38.986375231016765 4.242362753680586 257.9838873687446 41.33019151539759 0.14830002676521792 264.16336212726884 41.67404151103545 -0.3125 187.6171875 57.5546875 7.8515625 190.6328125 56.390625 13.8125 196.4296875 54.328125 16.0703125 209.28125 61.40625 15.68076435295114 213.85040901814747 66.65674909744897 17.516619813587898 218.1006187445511 64.11797835316213 -23.881594088840227 234.2793208972071 43.273019455481034 -21.850906606046806 237.06023904688715 52.22637513827568 -23.600695729838776 230.88038227465321 54.00724499794814 -20.616665286172694 232.8412122713383 59.234044556120566 -22.295802227649084 224.3725263403875 56.217933063574854 -21.108650156857507 227.74739711484034 60.10096427343084 -19.60070918646979 223.35676238351908 61.81176357218835 20.60208836435943 232.788501854453 59.21258039392724 23.586804161720263 230.88264436613417 54.009507089431715 25.892107353815085 226.84411446089672 45.20473646656829 25.088105576965233 224.47746068257177 33.26708443950807 -25.904767527151215 226.84163140352604 45.20225340919477 -24.607677911216552 220.28690646196858 47.280126353497494 -20.140625 200.4296875 41.609375 -16.265625 191.78125 44.5 -13.9765625 196.4296875 54.328125 7.047300060220426 253.38248854528604 40.720730377553004 5.070463042644061 256.26506995423756 43.564523815158736 2.1784959688228844 258.77701630873247 69.11084026818354 4.084541533482072 259.72688517611226 72.42560853443926 6.975231707699193 256.0862552729238 74.70683501250444 10.48822204767189 60.183313956131 -0.43268768133921665 12.87072777043242 59.16620199448933 6.983948548543654 23.300235515755368 58.60204030151185 11.298314364256136 13.535485007284066 61.13179140846552 -9.47390315150704 23.27013085273042 60.59001283567173 -14.581526452983809 23.4964180436106 69.10340795405207 -17.3519294126112 25.49464360788942 215.56327835047296 36.17292658222948 24.595446975710406 220.2892651792115 47.28248507074311 0.8422422325458062 265.45580666072266 69.02871258247 6.241996579517162 237.9826581816117 68.96995356135196 5.421611817348007 234.81833239167162 73.6416375462024 13.695384097439636 235.76442165900227 65.71239199620535 11.046803555249918 233.38903777072562 71.07152616852098 18.086205315343413 237.99931050773296 59.38458460239981 -10.12101823377189 183.002874575881 36.94792704286364 -9.171875 184.625 46.890625 -8.125 190.6328125 56.390625 -0.28129197145918106 263.4759040779143 40.36930045789434 -4.203332340136745 230.50522005666983 76.789406898039 -0.00803482724858146 229.95069210081448 77.65676892164738 -0.008097764913793812 234.6461667642896 74.27418151501409 31.980104945527533 59.152043205746736 6.95365066423422 6.258868807597595 207.20899340869778 73.72629157125242 10.844790181795164 209.76400711350163 71.50788388622135 6.765625 201.4609375 65.1875 12.2578125 204.1953125 63.8984375 -18.222822140876175 190.20644397742043 34.7797504481178 7.867026191341614 231.4512025723978 74.88378085016994 4.187292640580872 230.50562228949275 76.78980913086241 27.67631640134823 45.7739165416552 1.579244621847358 23.473100395535983 45.64856542516594 3.602786415119056 -7.882973772463521 231.45044754318826 74.88302582095953 -17.53025473133494 218.09112615477045 64.11629788884315 -141.5078125 176.9765625 10.5078125 -141.5 188.7578125 17.5625 -137.5390625 171.3125 16.484375 -137.5625 182 24.28125 -130.65625 179.7109375 27.3203125 -130.734375 196.734375 27.296875 -117.3056713690145 196.96603837359527 28.56187988389155 -130.8203125 207.5078125 18.4921875 -117.47814101033308 208.40440917123948 19.477194378810147 -117.68027185057689 214.86686462177204 3.6420562737566575 -99.43934373652927 212.78108894813528 2.2656399824044215 -118.02650473122695 208.4390581732126 -15.983248804521626 -99.65101293497021 207.25153820797226 -15.461264890244852 -117.94087929263311 197.00240405362672 -24.804740670605344 -99.76750178663428 195.30696637456822 -23.18886838316403 -99.72840729979664 180.16634076255758 -23.182543613309964 -88.921875 181.0859375 -19.9296875 -88.96875 170.671875 -14.0859375 -80.76760486265272 173.2434313712706 -12.049668078371468 -80.760279340853 169.5858510836682 1.8249815703270205 -70.72950586011514 172.42053157205746 15.106859808579985 -70.95631142143787 181.34960219062958 21.53739539184395 -58.8704652685481 192.88848888277022 23.57799363410946 -71.67507325265993 194.16993817601127 21.28078655096421 -72.43268509391059 203.1705181611128 15.219122566137692 -81.16725726616158 194.2480574035197 21.17889429264755 -81.54205463261377 202.38145201621194 15.101535764132782 -88.65455829944715 194.779120408268 22.980528504256593 -88.63671142219721 204.01407441409017 16.94233234685499 -99.26877849037135 195.80223172417564 26.20136493743787 -99.15882870378267 206.5842316657801 18.381981306103253 -88.875 166.5546875 1.859375 -99.60439121788013 168.10313392662044 -15.808811518571122 -99.40804148764867 163.24202972599423 2.2296114058776744 -117.89388392126833 166.89221055888686 -16.268604759501684 -117.54872740495662 161.11700591761465 2.168030811087299 -130.7578125 167.84375 -15.7109375 -130.6796875 162.3984375 2.296875 -137.5390625 171.3125 -13.28125 -137.5390625 166.328125 1.90625 -141.5 177.0078125 -7.0390625 -81.09557024743735 181.71264895398275 -16.931680238469298 -81.37683074087658 193.37673416143127 -17.17275939512458 -88.9296875 193.9296875 -19.34375 -81.20516275160263 202.66527930430573 -11.773425193930924 -88.9453125 204.625 -13.8515625 -81.35409211153176 207.41397269242725 1.852024884608444 -88.734375 210.1640625 1.8828125 -141.5 188.75 -13.9765625 -137.5546875 181.9921875 -20.4296875 -137.546875 195.28125 -20.421875 -131.0234375 196.9375 -23.6484375 -137.5390625 204.6171875 -12.8671875 -131.0078125 207.421875 -15.453125 -130.9765625 213.484375 2.3125 -130.6015625 167.8359375 18.5234375 -117.37657549268154 166.88879127875947 19.40280768035675 -117.25877384784785 178.7941642870846 28.552281815499672 -99.29943466249667 168.56079859213776 18.331590520496945 -99.20622401807205 180.1381664079023 26.23105537232097 -88.48065267817006 171.00628780287494 16.673398460602314 -88.45941054352707 180.81039028461507 22.775883966848138 -80.78419637511783 173.24863564502067 15.153456973332707 -141.5 199.984375 -7.171875 -137.53125 209.8046875 1.984375 -137.53125 204.6328125 16.25 -117.87836382462889 178.72896824358975 -24.82217539890109 -130.921875 179.546875 -23.6953125 -72.71348483679161 208.23425511295923 2.3133480267346767 -72.17393070351224 203.45431161419293 -11.304278669478776 -80.90160843517182 181.3886903871874 21.099545790876583 -141.5078125 200.015625 10.6640625 -137.5546875 195.296875 24.3125</float_array>
                    <technique_common>
                        <accessor count="740" source="#pointarray5" stride="3">
                            <param name="X" type="float"/>
                            <param name="Y" type="float"/>
                            <param name="Z" type="float"/>
                        </accessor>
                    </technique_common>
                </source>
                <source id="uvs5">
                    <float_array id="uvarray5" count="1076">0.5501708984375 0.6607666015625 0.5518798828125 0.6298828125 0.57470703125 0.6607666015625 0.5777587890625 0.6298828125 0.5972900390625 0.64990234375 0.60791015625 0.6419677734375 0.6041259765625 0.6715087890625 0.619140625 0.654541015625 0.616943359375 0.679931640625 0.65283203125 0.6571044921875 0.65283203125 0.6776123046875 0.6890869140625 0.655517578125 0.6971435546875 0.6776123046875 0.7071533203125 0.65673828125 0.7421875 0.6776123046875 0.741943359375 0.65625 0.7874755859375 0.6806640625 0.7874755859375 0.6590576171875 0.8045654296875 0.6588134765625 0.7874755859375 0.6397705078125 0.8045654296875 0.6405029296875 0.8050537109375 0.611572265625 0.840576171875 0.611572265625 0.840576171875 0.58642578125 0.8878173828125 0.586181640625 0.8878173828125 0.5599365234375 0.9227294921875 0.5858154296875 0.9227294921875 0.5601806640625 0.949462890625 0.5855712890625 0.949462890625 0.5621337890625 0.9705810546875 0.5853271484375 0.9705810546875 0.549560546875 0.949462890625 0.471923828125 0.949462890625 0.48681640625 0.9227294921875 0.471923828125 0.949462890625 0.5015869140625 0.9227294921875 0.5015869140625 0.9227294921875 0.52685546875 0.8878173828125 0.50146484375 0.8878173828125 0.52685546875 0.840576171875 0.50146484375 0.840576171875 0.52685546875 0.8056640625 0.50146484375 0.8087158203125 0.525634765625 0.7796630859375 0.50146484375 0.7745361328125 0.5252685546875 0.741943359375 0.525390625 0.77587890625 0.55810546875 0.741943359375 0.55810546875 0.778564453125 0.5849609375 0.741943359375 0.585693359375 0.788330078125 0.611572265625 0.741943359375 0.6114501953125 0.741943359375 0.63623046875 0.8878173828125 0.471923828125 0.840576171875 0.471923828125 0.806640625 0.471923828125 0.790771484375 0.471923828125 0.741943359375 0.5013427734375 0.691162109375 0.524169921875 0.71240234375 0.5562744140625 0.7174072265625 0.5860595703125 0.5770263671875 0.5234375 0.619140625 0.5244140625 0.5919189453125 0.5535888671875 0.619140625 0.55615234375 0.619140625 0.5882568359375 0.65283203125 0.55615234375 0.65283203125 0.5882568359375 0.6890869140625 0.55615234375 0.6868896484375 0.5882568359375 0.718017578125 0.61328125 0.712890625 0.63720703125 0.7421875 0.6954345703125 0.78759765625 0.6954345703125 0.8045654296875 0.6795654296875 0.8045654296875 0.696533203125 0.840576171875 0.6795654296875 0.840576171875 0.6986083984375 0.8878173828125 0.6771240234375 0.8878173828125 0.69873046875 0.9227294921875 0.6768798828125 0.9227294921875 0.69873046875 0.949462890625 0.69873046875 0.9227294921875 0.7227783203125 0.9705810546875 0.69873046875 0.9705810546875 0.66748046875 0.949462890625 0.67626953125 0.949462890625 0.6575927734375 0.9227294921875 0.6578369140625 0.949462890625 0.6378173828125 0.9227294921875 0.6375732421875 0.9227294921875 0.611572265625 0.8878173828125 0.611572265625 0.550537109375 0.523681640625 0.5599365234375 0.5592041015625 0.574462890625 0.5899658203125 0.58544921875 0.5875244140625 0.59375 0.6221923828125 0.619140625 0.6373291015625 0.949462890625 0.53662109375 0.840576171875 0.558837890625 0.807373046875 0.5587158203125 0.9705810546875 0.471923828125 0.9705810546875 0.5015869140625 0.6561279296875 0.6954345703125 0.6964111328125 0.6954345703125 0.7421875 0.7227783203125 0.7879638671875 0.7227783203125 0.9705810546875 0.637939453125 0.949462890625 0.6116943359375 0.840576171875 0.6583251953125 0.84130859375 0.638916015625 0.8878173828125 0.6575927734375 0.8878173828125 0.63720703125 0.6868896484375 0.63671875 0.6868896484375 0.6134033203125 0.65283203125 0.6134033203125 0.6766357421875 0.4715576171875 0.69775390625 0.5013427734375 0.65380859375 0.5013427734375 0.65283203125 0.52490234375 0.741943359375 0.471923828125 0.7086181640625 0.471923828125 0.6480712890625 0.498046875 0.6016845703125 0.4910888671875 0.560791015625 0.488525390625 0.619140625 0.6134033203125 0.65283203125 0.63720703125 0.8045654296875 0.5845947265625 0.7701416015625 0.4697265625 0.7413330078125 0.468994140625 0.7711181640625 0.44189453125 0.7288818359375 0.4437255859375 0.7078857421875 0.4703369140625 0.67724609375 0.450927734375 0.589111328125 0.6717529296875 0.6011962890625 0.69287109375 0.6561279296875 0.7227783203125 0.6964111328125 0.7227783203125 0.6124267578125 0.693115234375 0.6298828125 0.466552734375 0.5548095703125 0.5943603515625 0.8878173828125 0.7227783203125 0.840576171875 0.7227783203125 0.8048095703125 0.7227783203125 0.5836181640625 0.661865234375 0.5321044921875 0.17333984375 0.5115966796875 0.1802978515625 0.5159912109375 0.1988525390625 0.501708984375 0.1988525390625 0.5179443359375 0.2137451171875 0.5008544921875 0.2138671875 0.5015869140625 0.2406005859375 0.529296875 0.240966796875 0.5283203125 0.21044921875 0.5430908203125 0.240966796875 0.52880859375 0.2113037109375 0.562744140625 0.233642578125 0.5316162109375 0.1820068359375 0.566650390625 0.19140625 0.5316162109375 0.159912109375 0.5665283203125 0.1488037109375 0.53173828125 0.14892578125 0.5675048828125 0.1190185546875 0.5316162109375 0.1190185546875 0.646240234375 0.3282470703125 0.6405029296875 0.2791748046875 0.684326171875 0.3216552734375 0.683837890625 0.2623291015625 0.7176513671875 0.304931640625 0.720703125 0.251953125 0.7459716796875 0.2471923828125 0.720703125 0.2152099609375 0.744140625 0.21044921875 0.7410888671875 0.16943359375 0.7640380859375 0.167236328125 0.740234375 0.1591796875 0.7640380859375 0.157958984375 0.7640380859375 0.1488037109375 0.7908935546875 0.1605224609375 0.7918701171875 0.1488037109375 0.8115234375 0.148681640625 0.7950439453125 0.1190185546875 0.811767578125 0.1190185546875 0.5970458984375 0.3319091796875 0.5728759765625 0.3360595703125 0.5791015625 0.3675537109375 0.5389404296875 0.366943359375 0.5799560546875 0.393310546875 0.538818359375 0.393798828125 0.5391845703125 0.4228515625 0.5018310546875 0.4229736328125 0.5018310546875 0.4515380859375 0.5396728515625 0.4517822265625 0.5823974609375 0.4205322265625 0.5848388671875 0.44775390625 0.6298828125 0.409912109375 0.6298828125 0.4371337890625 0.677490234375 0.3974609375 0.677490234375 0.4263916015625 0.729248046875 0.41650390625 0.811279296875 0.16064453125 0.810791015625 0.184326171875 0.7899169921875 0.1722412109375 0.79052734375 0.2110595703125 0.7664794921875 0.20849609375 0.768310546875 0.2430419921875 0.7655029296875 0.2718505859375 0.7464599609375 0.287109375 0.7474365234375 0.3011474609375 0.71533203125 0.3236083984375 0.6776123046875 0.3372802734375 0.7640380859375 0.1190185546875 0.7392578125 0.1488037109375 0.714599609375 0.148681640625 0.71630859375 0.1617431640625 0.6778564453125 0.16748046875 0.67724609375 0.18603515625 0.640380859375 0.1488037109375 0.638671875 0.19580078125 0.5999755859375 0.1488037109375 0.600341796875 0.1988525390625 0.677490234375 0.3709716796875 0.6298828125 0.3826904296875 0.630859375 0.340576171875 0.5380859375 0.3360595703125 0.535888671875 0.309814453125 0.50244140625 0.3096923828125 0.5015869140625 0.271484375 0.5323486328125 0.2696533203125 0.7392578125 0.1190185546875 0.71142578125 0.1190185546875 0.678466796875 0.1488037109375 0.678466796875 0.1190185546875 0.642333984375 0.1190185546875 0.5999755859375 0.1339111328125 0.556640625 0.28515625 0.561767578125 0.3095703125 0.5750732421875 0.3094482421875 0.5018310546875 0.3663330078125 0.502197265625 0.3367919921875 0.810791015625 0.22021484375 0.810791015625 0.2274169921875 0.7904052734375 0.2386474609375 0.792724609375 0.271484375 0.764892578125 0.2890625 0.7181396484375 0.1748046875 0.6820068359375 0.2288818359375 0.7716064453125 0.2960205078125 0.7720947265625 0.3267822265625 0.729248046875 0.3206787109375 0.7716064453125 0.3499755859375 0.7291259765625 0.3614501953125 0.7711181640625 0.3734130859375 0.7291259765625 0.3858642578125 0.771240234375 0.3978271484375 0.560791015625 0.27490234375 0.59912109375 0.248291015625 0.59814453125 0.2955322265625 0.630615234375 0.3170166015625 0.605712890625 0.323486328125 0.581787109375 0.301513671875 0.56298828125 0.277099609375 0.5018310546875 0.394287109375 0.501708984375 0.1802978515625 0.639892578125 0.2437744140625 0.6810302734375 0.3240966796875 0.6373291015625 0.3306884765625 0.7049560546875 0.333251953125 0.8116455078125 0.2584228515625 0.716552734375 0.08349609375 0.752197265625 0.08349609375 0.751708984375 0.048095703125 0.78466796875 0.048095703125 0.78271484375 0.022705078125 0.5316162109375 0.048095703125 0.5484619140625 0.0228271484375 0.5654296875 0.0228271484375 0.565673828125 0.0106201171875 0.599609375 0.0106201171875 0.7877197265625 0.08349609375 0.811279296875 0.08349609375 0.8109130859375 0.048095703125 0.5316162109375 0.0831298828125 0.720703125 0.0106201171875 0.64453125 0.0106201171875 0.68212890625 0.0228271484375 0.644775390625 0.022705078125 0.678466796875 0.048095703125 0.6435546875 0.048095703125 0.642333984375 0.0831298828125 0.5999755859375 0.0831298828125 0.5999755859375 0.1190185546875 0.7196044921875 0.0228271484375 0.7183837890625 0.048095703125 0.5675048828125 0.0831298828125 0.5662841796875 0.048095703125 0.5999755859375 0.048095703125 0.599609375 0.0228271484375 0.678466796875 0.0831298828125 0.751708984375 0.0106201171875 0.751708984375 0.0228271484375 0.7811279296875 0.0106201171875 0.5316162109375 0.0228271484375 0.5316162109375 0.0106201171875 0.53125 0.5963134765625 0.521484375 0.6298828125 0.5018310546875 0.5963134765625 0.5018310546875 0.6298828125 0.5018310546875 0.6607666015625 0.5220947265625 0.6607666015625 0.5892333984375 0.6920166015625 0.5545654296875 0.7274169921875 0.56689453125 0.7274169921875 0.5615234375 0.74560546875 0.58935546875 0.7274169921875 0.58837890625 0.74560546875 0.61181640625 0.7274169921875 0.6156005859375 0.74560546875 0.6318359375 0.7274169921875 0.65283203125 0.74560546875 0.6529541015625 0.7274169921875 0.6812744140625 0.74560546875 0.6812744140625 0.7274169921875 0.5311279296875 0.55810546875 0.5018310546875 0.55908203125 0.5018310546875 0.5240478515625 0.5286865234375 0.523681640625 0.5281982421875 0.491455078125 0.6805419921875 0.7799072265625 0.6492919921875 0.8016357421875 0.673095703125 0.7991943359375 0.6539306640625 0.8228759765625 0.6741943359375 0.819091796875 0.6746826171875 0.8402099609375 0.6820068359375 0.8238525390625 0.6951904296875 0.8402099609375 0.6937255859375 0.828125 0.7130126953125 0.840087890625 0.7130126953125 0.828125 0.54638671875 0.74560546875 0.5313720703125 0.74560546875 0.525634765625 0.7274169921875 0.502197265625 0.74560546875 0.502197265625 0.7274169921875 0.5018310546875 0.4920654296875 0.3271484375 0.7799072265625 0.335693359375 0.803466796875 0.3515625 0.806396484375 0.3375244140625 0.819580078125 0.352294921875 0.822265625 0.3330078125 0.8402099609375 0.771240234375 0.4130859375 0.32568359375 0.8238525390625 0.3138427734375 0.828125 0.3123779296875 0.8402099609375 0.2945556640625 0.840087890625 0.2945556640625 0.828125 0.29541015625 0.8685302734375 0.327392578125 0.8685302734375 0.3624267578125 0.84033203125 0.366455078125 0.8245849609375 0.3668212890625 0.808837890625 0.3681640625 0.7958984375 0.4010009765625 0.79833984375 0.4027099609375 0.7847900390625 0.4364013671875 0.80078125 0.4390869140625 0.7884521484375 0.4517822265625 0.7969970703125 0.439697265625 0.7686767578125 0.4549560546875 0.7698974609375 0.4404296875 0.754638671875 0.458251953125 0.755615234375 0.4417724609375 0.7452392578125 0.4647216796875 0.74560546875 0.645263671875 0.84033203125 0.6170654296875 0.8404541015625 0.617919921875 0.868408203125 0.583251953125 0.841064453125 0.58251953125 0.8685302734375 0.5635986328125 0.8685302734375 0.5726318359375 0.8914794921875 0.544677734375 0.8685302734375 0.53955078125 0.8914794921875 0.517822265625 0.86865234375 0.503173828125 0.8914794921875 0.5030517578125 0.86865234375 0.4884033203125 0.86865234375 0.503173828125 0.8519287109375 0.486572265625 0.8519287109375 0.4884033203125 0.8385009765625 0.45751953125 0.8427734375 0.4727783203125 0.83203125 0.49169921875 0.906005859375 0.468505859375 0.8914794921875 0.4471435546875 0.9080810546875 0.435302734375 0.8914794921875 0.41796875 0.9134521484375 0.403076171875 0.8914794921875 0.3951416015625 0.9176025390625 0.3619384765625 0.8914794921875 0.3724365234375 0.917724609375 0.35107421875 0.904541015625 0.3438720703125 0.921875 0.3302001953125 0.8914794921875 0.313232421875 0.915283203125 0.294189453125 0.8914794921875 0.295166015625 0.915283203125 0.68017578125 0.8685302734375 0.6444091796875 0.8685302734375 0.645751953125 0.8914794921875 0.604736328125 0.8914794921875 0.5877685546875 0.918701171875 0.5625 0.9134521484375 0.570068359375 0.93701171875 0.5418701171875 0.93701171875 0.551513671875 0.9478759765625 0.546142578125 0.9586181640625 0.56591796875 0.9586181640625 0.54052734375 0.97705078125 0.533447265625 0.9080810546875 0.5159912109375 0.93701171875 0.5157470703125 0.9586181640625 0.5001220703125 0.9769287109375 0.5213623046875 0.9769287109375 0.5006103515625 0.9864501953125 0.51123046875 0.986572265625 0.5009765625 0.99609375 0.5224609375 0.986572265625 0.6807861328125 0.740966796875 0.6246337890625 0.7442626953125 0.6806640625 0.7523193359375 0.6251220703125 0.7559814453125 0.6806640625 0.7672119140625 0.625732421875 0.768798828125 0.6275634765625 0.7850341796875 0.6287841796875 0.796875 0.6005859375 0.7877197265625 0.604248046875 0.7999267578125 0.5716552734375 0.80078125 0.5819091796875 0.81884765625 0.5618896484375 0.8162841796875 0.5694580078125 0.824951171875 0.413818359375 0.9478759765625 0.4288330078125 0.93701171875 0.4012451171875 0.9371337890625 0.3753662109375 0.9371337890625 0.3438720703125 0.9376220703125 0.320068359375 0.9383544921875 0.320068359375 0.930419921875 0.2962646484375 0.9390869140625 0.3048095703125 0.9271240234375 0.2957763671875 0.9271240234375 0.36328125 0.8685302734375 0.3897705078125 0.868408203125 0.42529296875 0.8685302734375 0.4443359375 0.8685302734375 0.46337890625 0.8685302734375 0.4443359375 0.844970703125 0.4847412109375 0.9368896484375 0.46923828125 0.93701171875 0.4490966796875 0.93701171875 0.4493408203125 0.94775390625 0.4276123046875 0.9478759765625 0.4312744140625 0.9586181640625 0.712158203125 0.8685302734375 0.71337890625 0.8914794921875 0.677490234375 0.8914794921875 0.6943359375 0.915283203125 0.673828125 0.92236328125 0.6925048828125 0.9306640625 0.6925048828125 0.938232421875 0.711181640625 0.9390869140625 0.5894775390625 0.7440185546875 0.591552734375 0.7557373046875 0.592041015625 0.767578125 0.5689697265625 0.79345703125 0.5565185546875 0.7969970703125 0.5584716796875 0.8018798828125 0.3907470703125 0.8404541015625 0.4228515625 0.841064453125 0.4244384765625 0.8299560546875 0.435791015625 0.8343505859375 0.4261474609375 0.81884765625 0.4385986328125 0.824951171875 0.4462890625 0.8162841796875 0.572265625 0.8343505859375 0.58251953125 0.8299560546875 0.612548828125 0.8272705078125 0.637939453125 0.825439453125 0.395263671875 0.8272705078125 0.3997802734375 0.81396484375 0.3665771484375 0.7838134765625 0.36767578125 0.766845703125 0.40478515625 0.767578125 0.656494140625 0.904541015625 0.645263671875 0.9149169921875 0.673828125 0.9373779296875 0.623291015625 0.9366455078125 0.5948486328125 0.9371337890625 0.58154296875 0.9478759765625 0.4718017578125 0.9586181640625 0.4788818359375 0.9769287109375 0.489990234375 0.986572265625 0.4818115234375 0.986572265625 0.630615234375 0.806396484375 0.608154296875 0.81396484375 0.4544677734375 0.9586181640625 0.462646484375 0.97705078125 0.5196533203125 0.8519287109375 0.5177001953125 0.8385009765625 0.5517578125 0.8427734375 0.5333251953125 0.83203125 0.563720703125 0.844970703125 0.3304443359375 0.740478515625 0.3287353515625 0.751953125 0.3681640625 0.7435302734375 0.3677978515625 0.75390625 0.4110107421875 0.75390625 0.7122802734375 0.915283203125 0.7027587890625 0.9271240234375 0.7117919921875 0.9271240234375 0.4896240234375 0.8226318359375 0.503173828125 0.8204345703125 0.503173828125 0.8385009765625 0.550048828125 0.755615234375 0.55322265625 0.7698974609375 0.567626953125 0.754638671875 0.568359375 0.7686767578125 0.54345703125 0.74560546875 0.5662841796875 0.7452392578125 0.41845703125 0.7440185546875 0.3280029296875 0.76708984375 0.52490234375 0.8272705078125 0.5166015625 0.8226318359375 0.481201171875 0.8272705078125 0.4498291015625 0.8018798828125</float_array>
                    <technique_common>
                        <accessor count="538" source="#uvarray5" stride="2">
                            <param name="S" type="float"/>
                            <param name="T" type="float"/>
                        </accessor>
                    </technique_common>
                </source>
                <vertices id="vertices5">
                    <input semantic="POSITION" source="#points5"/>
                </vertices>
                <polylist count="1404" material="Material1">
                    <input offset="0" semantic="VERTEX" source="#vertices5"/>
                    <input offset="1" semantic="TEXCOORD" source="#uvs5" set="0"/>
                    <vcount>3 3 3 3 3 3 3 3 3 3 3 3 3 3 3 3 3 3 3 3 3 3 3 3 3 3 3 3 3 3 3 3 3 3 3 3 3 3 3 3 3 3 3 3 3 3 3 3 3 3 3 3 3 3 3 3 3 3 3 3 3 3 3 3 3 3 3 3 3 3 3 3 3 3 3 3 3 3 3 3 3 3 3 3 3 3 3 3 3 3 3 3 3 3 3 3 3 3 3 3 3 3 3 3 3 3 3 3 3 3 3 3 3 3 3 3 3 3 3 3 3 3 3 3 3 3 3 3 3 3 3 3 3 3 3 3 3 3 3 3 3 3 3 3 3 3 3 3 3 3 3 3 3 3 3 3 3 3 3 3 3 3 3 3 3 3 3 3 3 3 3 3 3 3 3 3 3 3 3 3 3 3 3 3 3 3 3 3 3 3 3 3 3 3 3 3 3 3 3 3 3 3 3 3 3 3 3 3 3 3 3 3 3 3 3 3 3 3 3 3 3 3 3 3 3 3 3 3 3 3 3 3 3 3 3 3 3 3 3 3 3 3 3 3 3 3 3 3 3 3 3 3 3 3 3 3 3 3 3 3 3 3 3 3 3 3 3 3 3 3 3 3 3 3 3 3 3 3 3 3 3 3 3 3 3 3 3 3 3 3 3 3 3 3 3 3 3 3 3 3 3 3 3 3 3 3 3 3 3 3 3 3 3 3 3 3 3 3 3 3 3 3 3 3 3 3 3 3 3 3 3 3 3 3 3 3 3 3 3 3 3 3 3 3 3 3 3 3 3 3 3 3 3 3 3 3 3 3 3 3 3 3 3 3 3 3 3 3 3 3 3 3 3 3 3 3 3 3 3 3 3 3 3 3 3 3 3 3 3 3 3 3 3 3 3 3 3 3 3 3 3 3 3 3 3 3 3 3 3 3 3 3 3 3 3 3 3 3 3 3 3 3 3 3 3 3 3 3 3 3 3 3 3 3 3 3 3 3 3 3 3 3 3 3 3 3 3 3 3 3 3 3 3 3 3 3 3 3 3 3 3 3 3 3 3 3 3 3 3 3 3 3 3 3 3 3 3 3 3 3 3 3 3 3 3 3 3 3 3 3 3 3 3 3 3 3 3 3 3 3 3 3 3 3 3 3 3 3 3 3 3 3 3 3 3 3 3 3 3 3 3 3 3 3 3 3 3 3 3 3 3 3 3 3 3 3 3 3 3 3 3 3 3 3 3 3 3 3 3 3 3 3 3 3 3 3 3 3 3 3 3 3 3 3 3 3 3 3 3 3 3 3 3 3 3 3 3 3 3 3 3 3 3 3 3 3 3 3 3 3 3 3 3 3 3 3 3 3 3 3 3 3 3 3 3 3 3 3 3 3 3 3 3 3 3 3 3 3 3 3 3 3 3 3 3 3 3 3 3 3 3 3 3 3 3 3 3 3 3 3 3 3 3 3 3 3 3 3 3 3 3 3 3 3 3 3 3 3 3 3 3 3 3 3 3 3 3 3 3 3 3 3 3 3 3 3 3 3 3 3 3 3 3 3 3 3 3 3 3 3 3 3 3 3 3 3 3 3 3 3 3 3 3 3 3 3 3 3 3 3 3 3 3 3 3 3 3 3 3 3 3 3 3 3 3 3 3 3 3 3 3 3 3 3 3 3 3 3 3 3 3 3 3 3 3 3 3 3 3 3 3 3 3 3 3 3 3 3 3 3 3 3 3 3 3 3 3 3 3 3 3 3 3 3 3 3 3 3 3 3 3 3 3 3 3 3 3 3 3 3 3 3 3 3 3 3 3 3 3 3 3 3 3 3 3 3 3 3 3 3 3 3 3 3 3 3 3 3 3 3 3 3 3 3 3 3 3 3 3 3 3 3 3 3 3 3 3 3 3 3 3 3 3 3 3 3 3 3 3 3 3 3 3 3 3 3 3 3 3 3 3 3 3 3 3 3 3 3 3 3 3 3 3 3 3 3 3 3 3 3 3 3 3 3 3 3 3 3 3 3 3 3 3 3 3 3 3 3 3 3 3 3 3 3 3 3 3 3 3 3 3 3 3 3 3 3 3 3 3 3 3 3 3 3 3 3 3 3 3 3 3 3 3 3 3 3 3 3 3 3 3 3 3 3 3 3 3 3 3 3 3 3 3 3 3 3 3 3 3 3 3 3 3 3 3 3 3 3 3 3 3 3 3 3 3 3 3 3 3 3 3 3 3 3 3 3 3 3 3 3 3 3 3 3 3 3 3 3 3 3 3 3 3 3 3 3 3 3 3 3 3 3 3 3 3 3 3 3 3 3 3 3 3 3 3 3 3 3 3 3 3 3 3 3 3 3 3 3 3 3 3 3 3 3 3 3 3 3 3 3 3 3 3 3 3 3 3 3 3 3 3 3 3 3 3 3 3 3 3 3 3 3 3 3 3 3 3 3 3 3 3 3 3 3 3 3 3 3 3 3 3 3 3 3 3 3 3 3 3 3 3 3 3 3 3 3 3 3 3 3 3 3 3 3 3 3 3 3 3 3 3 3 3 3 3 3 3 3 3 3 3 3 3 3 3 3 3 3 3 3 3 3 3 3 3 3 3 3 3 3 3 3 3 3 3 3 3 3 3 3 3 3 3 3 3 3 3 3 3 3 3 3 3 3 3 3 3 3 3 3 3 3 3 3 3 3 3 3 3 3 3 3 3 3 3 3 3 3 3 3 3 3 3 3 3 3 3 3 3 3 3 3 3 3 3 3 3 3 3 3 3 3 3 3 3 3 3 3 3 3 3 3 3 3 3 3 3 3 3 3 3 3 3 3 3 3 3 3 3 3 3 3 3 3 3 3 3 3 3 3 3 3 3 3 3 3 3 3 3 3 3 3 3 3 3 3 3 3 3 3 3 3 3 3 3 3 3 3 3 3 3 3 3 3 3 3 3 3 3 3 3 3 3 3 3 3 3 3 3 3 3 3 3 3 3 3 3 3 3 3 3 3 3 3 3 3 3 3 3 3 3 3 3 3 3 3 3 3 3 3 3 3 3 3 3 3 3 3 3 3 3 3 3 3 3 3 3 3 3 3 3 3 3 3 3 3 3 3 3 3 3 3 3 3 3 3 3 3 3 3 3 3 3 3 3 3 3 3 3 3 3 3 3 3 3 3 3 3 3 3 3 3 3 3</vcount>
                    <p>2 2 1 1 0 0 3 3 1 1 2 2 4 4 3 3 2 2 5 5 3 3 4 4 6 6 5 5 4 4 7 7 5 5 6 6 8 8 7 7 6 6 9 9 7 7 8 8 10 10 9 9 8 8 11 11 9 9 10 10 12 12 11 11 10 10 13 13 11 11 12 12 14 14 13 13 12 12 15 15 13 13 14 14 16 16 15 15 14 14 17 17 15 15 16 16 18 18 17 17 16 16 19 19 17 17 18 18 20 20 19 19 18 18 21 21 19 19 20 20 22 22 21 21 20 20 23 23 21 21 22 22 24 24 23 23 22 22 25 25 23 23 24 24 26 26 25 25 24 24 27 27 25 25 26 26 28 28 27 27 26 26 29 29 27 27 28 28 30 30 29 29 28 28 31 31 29 29 30 30 34 34 33 33 32 32 35 35 33 33 34 34 36 36 35 35 34 34 37 37 35 35 36 36 38 38 37 37 36 36 39 39 37 37 38 38 40 40 39 39 38 38 41 41 39 39 40 40 42 42 41 41 40 40 43 43 41 41 42 42 44 44 43 43 42 42 45 45 43 43 44 44 46 46 45 45 44 44 47 47 45 45 46 46 48 48 47 47 46 46 49 49 47 47 48 48 50 50 49 49 48 48 51 51 49 49 50 50 52 52 51 51 50 50 53 53 51 51 52 52 54 54 36 36 34 34 38 38 36 36 54 54 55 55 38 38 54 54 40 40 38 38 55 55 56 56 40 40 55 55 42 42 40 40 56 56 57 57 42 42 56 56 44 44 42 42 57 57 58 58 44 44 57 57 46 46 44 44 58 58 59 59 46 46 58 58 48 48 46 46 59 59 60 60 48 48 59 59 50 50 48 48 60 60 61 61 50 50 60 60 52 52 50 50 61 61 64 64 63 63 62 62 65 65 63 63 64 64 66 66 65 65 64 64 67 67 65 65 66 66 68 68 67 67 66 66 69 69 67 67 68 68 70 70 69 69 68 68 61 61 69 69 70 70 71 71 61 61 70 70 52 52 61 61 71 71 72 72 52 52 71 71 53 53 52 52 72 72 13 13 53 53 72 72 15 15 53 53 13 13 73 73 14 14 12 12 16 16 14 14 73 73 74 74 16 16 73 73 75 75 16 16 74 74 76 76 75 75 74 74 77 77 75 75 76 76 78 78 77 77 76 76 79 79 77 77 78 78 80 80 79 79 78 78 81 81 79 79 80 80 82 82 81 81 80 80 32 83 81 81 82 82 34 84 32 83 82 82 84 86 32 83 83 85 85 87 32 83 84 86 86 88 85 87 84 86 87 89 85 87 86 88 88 90 87 89 86 88 89 91 87 89 88 90 90 92 89 91 88 90 91 93 89 91 90 92 24 24 91 93 90 92 22 22 91 93 24 24 93 95 62 62 92 94 64 64 62 62 93 95 94 96 64 64 93 95 95 97 64 64 94 96 3 3 95 97 94 96 96 98 95 97 3 3 5 5 96 98 3 3 97 99 96 98 5 5 7 7 97 99 5 5 9 9 97 99 7 7 37 37 98 100 35 35 27 27 98 100 37 37 39 39 27 27 37 37 25 25 27 27 39 39 41 41 25 25 39 39 99 101 25 25 41 41 43 43 99 101 41 41 100 102 99 101 43 43 47 47 100 102 43 43 49 49 100 102 47 47 33 33 83 103 32 32 101 104 83 103 33 33 35 35 101 104 33 33 31 31 101 104 35 35 98 100 31 31 35 35 29 29 31 31 98 100 27 27 29 29 98 100 102 105 10 10 8 8 12 12 10 10 102 105 103 106 12 12 102 105 73 73 12 12 103 106 104 107 73 73 103 106 57 108 73 73 104 107 105 109 86 88 84 86 88 90 86 88 105 109 106 110 88 90 105 109 90 92 88 90 106 110 28 28 90 92 106 110 26 26 90 92 28 28 107 111 20 20 18 18 108 112 20 20 107 111 109 113 108 112 107 111 110 114 108 112 109 113 89 91 110 114 109 113 91 93 110 114 89 91 72 72 11 11 13 13 111 115 11 11 72 72 112 116 111 115 72 72 113 117 111 115 112 116 70 70 113 117 112 116 68 68 113 117 70 70 116 120 115 119 114 118 59 59 115 119 116 120 117 121 59 59 116 120 69 69 59 59 117 121 67 67 69 69 117 121 104 122 58 58 57 57 115 119 58 58 104 122 118 123 115 119 104 122 114 118 115 119 118 123 119 125 63 63 116 124 62 62 63 63 119 125 120 126 62 62 119 125 92 94 62 62 120 126 97 99 121 127 96 98 122 128 121 127 97 99 9 9 122 128 97 99 11 11 122 128 9 9 75 75 18 18 16 16 107 111 18 18 75 75 77 77 107 111 75 75 79 79 107 111 77 77 123 129 51 51 21 21 49 49 51 51 123 129 100 102 49 49 123 129 22 22 110 114 91 93 108 112 110 114 22 22 20 20 108 112 22 22 121 127 66 66 96 98 68 68 66 66 121 127 113 117 68 68 121 127 109 113 87 89 89 91 81 81 87 89 109 113 79 79 81 81 109 113 122 128 113 117 121 127 111 115 113 117 122 128 11 11 111 115 122 128 125 132 8 131 124 130 126 133 8 131 125 132 126 133 102 134 8 131 127 135 102 134 126 133 128 136 6 6 4 4 129 137 6 6 128 136 23 23 123 129 21 21 100 102 123 129 23 23 114 138 103 106 102 105 118 139 103 106 114 138 19 19 51 51 53 53 21 21 51 51 19 19 63 63 117 121 116 120 65 65 117 121 63 63 129 137 8 8 6 6 124 140 8 8 129 137 60 60 69 69 61 61 59 59 69 69 60 60 127 135 114 118 102 134 130 141 114 118 127 135 99 101 23 23 25 25 100 102 23 23 99 101 130 141 116 124 114 118 119 125 116 124 130 141 131 142 94 96 93 95 1 1 94 96 131 142 85 87 81 81 32 83 87 89 81 81 85 87 82 82 54 143 34 84 80 80 54 143 82 82 80 80 55 144 54 143 78 78 55 144 80 80 112 116 71 71 70 70 72 72 71 71 112 116 30 30 106 110 105 109 28 28 106 110 30 30 95 97 66 66 64 64 96 98 66 66 95 97 78 78 56 145 55 144 76 76 56 145 78 78 76 76 57 108 56 145 74 74 57 108 76 76 17 17 53 53 15 15 19 19 53 53 17 17 43 43 45 45 47 47 4 4 2 2 132 146 79 79 109 113 107 111 65 65 67 67 117 121 59 59 58 58 115 119 90 92 26 26 24 24 73 73 57 108 74 74 103 106 118 139 104 107 1 1 3 3 94 96 135 149 134 148 133 147 136 150 134 148 135 149 137 151 136 150 135 149 138 152 136 150 137 151 139 153 138 152 137 151 140 151 138 152 139 153 141 154 140 151 139 153 142 155 140 151 141 154 143 156 142 155 141 154 144 157 142 155 143 156 145 158 144 157 143 156 146 159 144 157 145 158 147 160 146 159 145 158 148 161 146 159 147 160 149 162 148 161 147 160 150 163 148 161 149 162 151 164 150 163 149 162 152 165 150 163 151 164 155 168 154 167 153 166 156 169 154 167 155 168 157 170 156 169 155 168 158 171 156 169 157 170 159 172 158 171 157 170 160 173 158 171 159 172 161 174 160 173 159 172 162 175 160 173 161 174 163 176 162 175 161 174 164 177 162 175 163 176 165 178 164 177 163 176 166 179 164 177 165 178 167 180 166 179 165 178 168 181 166 179 167 180 150 182 168 181 167 180 169 183 168 181 150 182 152 184 169 183 150 182 172 187 171 186 170 185 173 188 171 186 172 187 174 189 173 188 172 187 175 190 173 188 174 189 176 191 175 190 174 189 177 192 175 190 176 191 178 193 177 192 176 191 179 191 177 192 178 193 180 194 179 191 178 193 181 195 179 191 180 194 182 196 181 195 180 194 183 197 181 195 182 196 184 198 183 197 182 196 185 199 183 197 184 198 186 200 185 199 184 198 187 201 185 199 186 200 167 180 148 202 150 182 146 203 148 202 167 180 188 204 146 203 167 180 189 205 146 203 188 204 163 176 189 205 188 204 190 206 189 205 163 176 161 174 190 206 163 176 191 207 190 206 161 174 159 172 191 207 161 174 192 208 191 207 159 172 193 209 192 208 159 172 194 210 192 208 193 209 157 170 194 210 193 209 195 211 194 210 157 170 196 212 195 211 157 170 197 213 168 181 169 183 166 179 168 181 197 213 198 214 166 179 197 213 164 177 166 179 198 214 199 215 164 177 198 214 200 216 164 177 199 215 201 217 200 216 199 215 202 218 200 216 201 217 203 219 202 218 201 217 204 220 202 218 203 219 205 221 204 220 203 219 206 222 204 220 205 221 149 162 206 222 205 221 147 160 206 222 149 162 207 223 183 197 185 199 208 224 183 197 207 223 209 225 208 224 207 223 210 189 208 224 209 225 211 187 210 189 209 225 212 188 210 189 211 187 213 186 212 188 211 187 214 226 212 188 213 186 215 227 214 226 213 186 216 228 214 226 215 227 217 229 216 228 215 227 218 227 216 228 217 229 219 230 218 227 217 229 220 231 198 214 197 213 199 215 198 214 220 231 221 232 199 215 220 231 222 233 199 215 221 232 223 234 222 233 221 232 203 219 222 233 223 234 224 235 203 219 223 234 205 221 203 219 224 235 225 236 205 221 224 235 149 162 205 221 225 236 151 164 149 162 225 236 217 229 139 153 219 230 226 230 139 153 217 229 215 227 226 230 217 229 227 237 226 230 215 227 228 238 227 237 215 227 229 239 227 237 228 238 213 186 229 239 228 238 230 185 229 239 213 186 211 187 230 185 213 186 209 225 230 185 211 187 210 189 179 191 181 195 231 190 179 191 210 189 212 188 231 190 210 189 232 240 231 190 212 188 233 241 232 240 212 188 173 188 232 240 233 241 234 226 173 188 233 241 171 186 173 188 234 226 218 227 171 186 234 226 235 154 139 153 137 151 219 230 139 153 235 154 236 237 219 230 235 154 218 227 219 230 236 237 237 238 218 227 236 237 171 186 218 227 237 238 238 239 171 186 237 238 170 185 171 186 238 239 239 225 172 187 170 185 174 189 172 187 239 225 240 224 174 189 239 225 241 195 174 189 240 224 242 197 241 195 240 224 243 196 241 195 242 197 244 198 243 196 242 197 189 205 144 242 146 203 142 243 144 242 189 205 245 244 142 243 189 205 246 245 142 243 245 244 192 208 246 245 245 244 247 246 246 245 192 208 194 210 247 246 192 208 200 216 162 175 164 177 248 247 162 175 200 216 202 218 248 247 200 216 160 173 248 247 202 218 249 248 160 173 202 218 158 171 160 173 249 248 156 169 158 171 249 248 194 251 250 250 247 249 251 252 250 250 194 251 252 253 251 252 194 251 253 254 251 252 252 253 254 255 253 254 252 253 255 256 253 254 254 255 187 201 255 256 254 255 256 257 145 158 143 156 257 258 145 158 256 257 258 259 257 258 256 257 154 167 257 258 258 259 259 260 154 167 258 259 153 166 154 167 259 260 258 262 230 185 259 261 229 239 230 185 258 262 256 263 229 239 258 262 227 237 229 239 256 263 143 156 227 237 256 263 141 154 227 237 143 156 262 255 261 254 260 256 263 253 261 254 262 255 264 223 263 253 262 255 265 212 263 253 264 223 239 225 265 212 264 223 231 190 177 192 179 191 266 264 177 192 231 190 232 240 266 264 231 190 175 190 266 264 232 240 173 188 175 190 232 240 267 201 262 255 260 256 268 199 262 255 267 201 269 200 268 199 267 201 244 198 268 199 269 200 264 223 240 224 239 225 242 197 240 224 264 223 268 199 242 197 264 223 244 198 242 197 268 199 254 255 185 199 187 201 207 223 185 199 254 255 252 253 207 223 254 255 196 212 207 223 252 253 270 148 246 149 247 147 136 150 246 149 270 148 271 265 136 150 270 148 134 148 136 150 271 265 272 266 202 218 204 220 249 248 202 218 272 266 156 169 249 248 272 266 272 266 257 258 154 167 206 222 257 258 272 266 204 220 206 222 272 266 176 191 273 194 178 193 241 195 273 194 176 191 174 189 241 195 176 191 265 212 275 267 274 170 276 268 275 267 265 212 239 225 276 268 265 212 278 210 277 208 133 246 279 209 277 208 278 210 274 170 279 209 278 210 245 244 191 207 192 208 190 206 191 207 245 244 189 205 190 206 245 244 263 253 280 252 261 254 278 251 280 252 263 253 281 269 278 251 263 253 196 212 209 225 207 223 153 268 209 225 196 212 153 268 230 185 209 225 259 261 230 185 153 268 214 226 233 241 212 188 216 228 233 241 214 226 234 226 216 228 218 227 233 241 216 228 234 226 208 224 181 195 183 197 210 189 181 195 208 224 226 230 141 154 139 153 227 237 141 154 226 230 282 250 278 251 133 249 280 252 278 251 282 250 281 211 274 170 278 210 265 212 274 170 281 211 155 267 196 212 157 170 153 268 196 212 155 267 136 150 140 151 246 149 138 152 140 151 136 150 188 204 165 178 163 176 167 180 165 178 188 204 195 269 252 253 194 251 196 212 252 253 195 269 201 217 222 233 203 219 199 215 222 233 201 217 145 158 206 222 147 160 257 258 206 222 145 158 272 266 154 167 156 169 236 237 238 239 237 238 264 223 262 255 268 199 263 253 265 212 281 269 157 170 193 209 159 172 213 186 228 238 215 227 160 173 162 175 248 247 241 195 243 196 273 194 175 190 177 192 266 264 246 245 140 270 142 243 285 158 284 257 283 156 286 258 284 257 285 158 287 222 286 258 285 158 288 266 286 258 287 222 289 220 288 266 287 222 290 218 288 266 289 220 291 219 290 218 289 220 292 217 290 218 291 219 293 233 292 217 291 219 294 215 292 217 293 233 295 232 294 215 293 233 296 231 294 215 295 232 297 271 296 231 295 232 298 272 296 231 297 271 299 273 298 272 297 271 300 274 298 272 299 273 301 275 300 274 299 273 302 276 300 274 301 275 303 277 302 276 301 275 304 278 302 276 303 277 305 279 304 278 303 277 306 280 304 278 305 279 286 258 307 259 284 257 308 167 307 259 286 258 288 266 308 167 286 258 309 169 308 167 288 266 310 248 309 169 288 266 311 171 309 169 310 248 312 173 311 171 310 248 313 172 311 171 312 173 314 174 313 172 312 173 315 207 313 172 314 174 316 206 315 207 314 174 317 244 315 207 316 206 318 205 317 244 316 206 319 243 317 244 318 205 320 242 319 243 318 205 290 218 310 248 288 266 312 173 310 248 290 218 321 247 312 173 290 218 322 175 312 173 321 247 323 216 322 175 321 247 324 177 322 175 323 216 294 215 324 177 323 216 325 214 324 177 294 215 296 231 325 214 294 215 326 213 325 214 296 231 298 272 326 213 296 231 327 281 326 213 298 272 300 274 327 281 298 272 328 282 327 281 300 274 302 283 328 282 300 274 319 155 235 154 137 151 283 156 235 154 319 155 320 157 283 156 319 155 285 158 283 156 320 157 329 159 285 158 320 157 330 160 285 158 329 159 331 161 330 160 329 159 332 162 330 160 331 161 333 163 332 162 331 161 334 164 332 162 333 163 335 165 334 164 333 163 328 284 334 164 335 165 338 287 337 286 336 285 339 288 337 286 338 287 340 289 339 288 338 287 341 290 339 288 340 289 342 291 341 290 340 289 343 292 341 290 342 291 344 235 343 292 342 291 345 293 343 292 344 235 346 236 345 293 344 235 334 164 345 293 346 236 332 162 334 164 346 236 318 205 329 203 320 242 347 204 329 203 318 205 348 176 347 204 318 205 349 178 347 204 348 176 324 177 349 178 348 176 350 179 349 178 324 177 325 214 350 179 324 177 326 213 350 179 325 214 351 183 326 213 327 281 352 181 326 213 351 183 333 182 352 181 351 183 353 180 352 181 333 182 331 202 353 180 333 182 329 203 353 180 331 202 354 294 338 287 336 285 340 289 338 287 354 294 355 295 340 289 354 294 297 271 340 289 355 295 299 273 297 271 355 295 357 297 356 296 302 276 358 298 356 296 357 297 359 299 358 298 357 297 339 288 358 298 359 299 337 286 339 288 359 299 135 245 319 243 137 270 317 244 319 243 135 245 277 208 317 244 135 245 315 207 317 244 277 208 313 172 315 207 277 208 360 300 342 291 340 289 344 235 342 291 360 300 361 234 344 235 360 300 291 219 344 235 361 234 293 233 291 219 361 234 238 239 307 262 170 185 284 263 307 262 238 239 236 237 284 263 238 239 283 156 284 263 236 237 235 154 283 156 236 237 362 301 354 294 336 285 363 302 354 294 362 301 364 303 363 302 362 301 301 275 363 302 364 303 334 164 343 292 345 293 356 296 343 292 334 164 328 284 356 296 334 164 302 276 356 296 328 284 309 169 275 168 308 167 274 170 275 168 309 169 311 171 274 170 309 169 313 172 274 170 311 171 359 299 306 280 337 286 304 278 306 280 359 299 357 297 304 278 359 299 302 276 304 278 357 297 170 185 276 268 239 225 365 261 276 268 170 185 307 262 365 261 170 185 366 221 291 219 289 220 344 235 291 219 366 221 346 236 344 235 366 221 348 176 322 175 324 177 314 174 322 175 348 176 316 206 314 174 348 176 308 167 365 260 307 259 276 166 365 260 308 167 275 168 276 166 308 167 350 179 353 180 349 178 352 181 353 180 350 179 326 213 352 181 350 179 351 183 335 184 333 182 328 282 335 184 351 183 327 281 328 282 351 183 361 234 295 232 293 233 360 300 295 232 361 234 287 222 366 221 289 220 332 162 366 221 287 222 297 271 360 300 340 289 295 232 360 300 297 271 341 290 358 298 339 288 343 292 358 298 341 290 347 204 353 180 329 203 349 178 353 180 347 204 299 273 363 302 301 275 355 295 363 302 299 273 279 209 313 172 277 208 274 170 313 172 279 209 290 218 323 216 321 247 292 217 323 216 290 218 330 160 287 222 285 158 332 162 287 222 330 160 364 305 303 277 301 304 305 279 303 277 364 305 363 302 355 295 354 294 348 176 318 205 316 206 292 217 294 215 323 216 346 236 366 221 332 162 277 208 135 245 133 246 312 173 322 175 314 174 358 298 343 292 356 296 369 131 368 132 367 130 370 133 368 132 369 131 371 134 370 133 369 131 372 135 370 133 371 134 373 118 372 135 371 134 374 141 372 135 373 118 375 124 374 141 373 118 376 125 374 141 375 124 377 63 376 125 375 124 378 62 376 125 377 63 379 64 378 62 377 63 380 95 378 62 379 64 381 96 380 95 379 64 382 142 380 95 381 96 383 1 382 142 381 96 384 306 382 142 383 1 385 307 384 306 383 1 386 308 384 306 385 307 387 309 386 308 385 307 388 307 386 308 387 309 389 310 388 307 387 309 390 311 388 307 389 310 393 136 392 137 391 312 394 6 392 137 393 136 395 4 394 6 393 136 396 5 394 6 395 4 397 3 396 5 395 4 398 98 396 5 397 3 399 97 398 98 397 3 400 66 398 98 399 97 379 64 400 66 399 97 401 65 400 66 379 64 377 63 401 65 379 64 402 121 401 65 377 63 375 120 402 121 377 63 403 59 402 121 375 120 404 119 403 59 375 120 405 58 403 59 404 119 406 122 405 58 404 119 407 315 2 314 0 313 132 316 2 314 407 315 408 317 132 316 407 315 128 318 132 316 408 317 409 319 128 318 408 317 410 320 128 318 409 319 411 321 410 320 409 319 412 322 410 320 411 321 413 323 412 322 411 321 414 324 412 322 413 323 415 322 414 324 413 323 384 306 380 95 382 142 416 325 380 95 384 306 386 308 416 325 384 306 417 326 416 325 386 308 418 325 417 326 386 308 419 327 417 326 418 325 420 328 419 327 418 325 421 329 419 327 420 328 92 94 421 329 420 328 120 126 421 329 92 94 408 332 422 331 409 330 423 333 422 331 408 332 407 334 423 333 408 332 424 335 423 333 407 334 425 336 424 335 407 334 426 337 424 335 425 336 427 338 426 337 425 336 428 339 426 337 427 338 429 340 428 339 427 338 430 321 415 322 413 323 391 320 415 322 430 321 431 319 391 320 430 321 393 318 391 320 431 319 432 317 393 318 431 319 433 316 393 318 432 317 434 315 433 316 432 317 435 314 433 316 434 315 436 313 435 314 434 315 370 133 267 201 368 132 269 200 267 201 370 133 372 135 269 200 370 133 244 198 269 200 372 135 374 141 244 198 372 135 243 196 244 198 374 141 376 125 243 196 374 141 437 126 243 196 376 125 439 60 403 59 438 48 440 69 403 59 439 60 441 61 440 69 439 60 442 70 440 69 441 61 443 71 442 70 441 61 444 116 442 70 443 71 445 72 444 116 443 71 446 115 444 116 445 72 371 105 448 12 447 106 449 10 448 12 371 105 369 8 449 10 371 105 450 9 449 10 369 8 451 7 450 9 369 8 452 99 450 9 451 7 396 5 452 99 451 7 398 98 452 99 396 5 419 327 416 325 417 326 453 328 416 325 419 327 454 329 453 328 419 327 455 94 453 328 454 329 437 126 455 94 454 329 378 62 455 94 437 126 376 125 378 62 437 126 440 69 402 121 403 59 456 67 402 121 440 69 457 68 456 67 440 69 400 66 456 67 457 68 458 127 400 66 457 68 398 98 400 66 458 127 452 99 398 98 458 127 0 313 425 341 407 315 427 342 425 341 0 313 390 343 427 342 0 313 429 344 427 342 390 343 389 345 429 344 390 343 459 343 429 344 389 345 421 329 178 193 460 346 180 194 178 193 421 329 120 126 180 194 421 329 182 196 180 194 120 126 119 125 182 196 120 126 130 141 182 196 119 125 418 325 92 94 420 328 93 95 92 94 418 325 461 306 93 95 418 325 131 142 93 95 461 306 1 1 131 142 461 306 454 329 178 193 273 194 460 346 178 193 454 329 419 327 460 346 454 329 421 329 460 346 419 327 462 117 458 127 457 68 463 128 458 127 462 117 446 115 463 128 462 117 464 11 463 128 446 115 442 70 457 68 440 69 462 117 457 68 442 70 444 116 462 117 442 70 446 115 462 117 444 116 465 349 432 348 431 347 434 350 432 348 465 349 466 351 434 350 465 349 467 352 434 350 466 351 404 119 468 123 406 122 373 118 468 123 404 119 375 120 373 118 404 119 186 200 126 133 187 201 127 135 126 133 186 200 184 198 127 135 186 200 187 201 469 353 255 256 125 132 469 353 187 201 126 133 125 132 187 201 385 307 389 310 387 309 459 311 389 310 385 307 383 1 459 311 385 307 397 3 383 1 381 96 435 2 383 1 397 3 395 4 435 2 397 3 450 9 463 128 464 11 452 99 463 128 450 9 456 67 401 65 402 121 400 66 401 65 456 67 472 356 471 355 470 354 428 357 471 355 472 356 470 341 436 313 434 315 471 342 436 313 470 341 473 46 403 59 405 58 438 48 403 59 473 46 459 343 471 342 429 344 436 313 471 342 459 343 433 146 395 4 393 136 435 2 395 4 433 146 467 352 470 354 434 350 472 356 470 354 467 352 386 308 461 306 418 325 388 307 461 306 386 308 388 307 1 1 461 306 390 311 1 1 388 307 399 97 381 96 379 64 397 3 381 96 399 97 474 353 267 201 260 256 368 132 267 201 474 353 437 126 273 194 243 196 454 329 273 194 437 126 130 141 184 198 182 196 127 135 184 198 130 141 380 95 455 94 378 62 416 325 455 94 380 95 373 138 447 106 468 139 371 105 447 106 373 138 449 10 464 11 448 12 450 9 464 11 449 10 436 0 383 1 435 2 459 311 383 1 436 0 392 137 369 8 367 140 394 6 369 8 392 137 394 6 451 7 369 8 396 5 451 7 394 6 463 128 452 99 458 127 453 328 455 94 416 325 129 137 128 136 410 312 390 311 0 0 1 1 471 355 428 357 429 358 4 4 132 146 128 136 472 356 475 359 428 357 476 360 475 359 472 356 467 352 476 360 472 356 477 361 476 360 467 352 466 351 477 361 467 352 478 362 477 361 466 351 465 349 478 362 466 351 479 363 478 362 465 349 480 364 479 363 465 349 481 365 479 363 480 364 482 366 481 365 480 364 483 367 481 365 482 366 484 368 483 367 482 366 485 369 483 367 484 368 486 370 485 369 484 368 487 371 485 369 486 370 488 372 487 371 486 370 489 373 487 371 488 372 490 374 489 373 488 372 491 375 489 373 490 374 494 378 493 377 492 376 495 379 493 377 494 378 496 380 495 379 494 378 497 381 495 379 496 380 498 382 497 381 496 380 499 383 497 381 498 382 500 384 499 383 498 382 501 385 499 383 500 384 502 386 501 385 500 384 503 387 501 385 502 386 504 388 503 387 502 386 505 389 503 387 504 388 506 390 505 389 504 388 507 391 505 389 506 390 508 392 507 391 506 390 509 393 507 391 508 392 512 277 511 305 510 304 513 279 511 305 512 277 514 278 513 279 512 277 515 280 513 279 514 278 516 299 515 280 514 278 517 286 515 280 516 299 518 288 517 286 516 299 519 287 517 286 518 288 520 289 519 287 518 288 521 294 519 287 520 289 522 295 521 294 520 289 523 302 521 294 522 295 524 273 523 302 522 295 510 275 523 302 524 273 525 274 510 275 524 273 526 276 510 275 525 274 527 394 502 386 500 384 528 395 502 386 527 394 529 396 528 395 527 394 530 397 528 395 529 396 531 398 530 397 529 396 532 399 530 397 531 398 533 400 532 399 531 398 534 401 532 399 533 400 535 402 534 401 533 400 536 403 534 401 535 402 537 404 536 403 535 402 538 405 536 403 537 404 539 406 538 405 537 404 540 407 538 405 539 406 541 408 540 407 539 406 542 409 424 335 426 337 492 376 424 335 542 409 543 410 492 376 542 409 494 378 492 376 543 410 544 411 494 378 543 410 545 412 494 378 544 411 546 413 545 412 544 411 547 414 545 412 546 413 548 415 547 414 546 413 549 416 547 414 548 415 550 417 549 416 548 415 551 418 549 416 550 417 552 419 551 418 550 417 553 420 551 418 552 419 545 412 496 380 494 378 498 382 496 380 545 412 547 414 498 382 545 412 554 421 498 382 547 414 549 416 554 421 547 414 555 422 554 421 549 416 556 423 555 422 549 416 557 424 555 422 556 423 558 425 557 424 556 423 559 426 557 424 558 425 560 427 559 426 558 425 561 428 559 426 560 427 562 429 561 428 560 427 565 432 564 431 563 430 566 433 564 431 565 432 567 434 566 433 565 432 568 435 566 433 567 434 409 330 568 435 567 434 569 436 568 435 409 330 570 437 569 436 409 330 571 438 569 436 570 437 572 439 571 438 570 437 573 440 571 438 572 439 574 441 573 440 572 439 575 442 573 440 574 441 576 443 575 442 574 441 526 276 512 277 510 275 514 278 512 277 526 276 577 297 514 278 526 276 516 299 514 278 577 297 578 298 516 299 577 297 518 288 516 299 578 298 579 290 518 288 578 298 520 289 518 288 579 290 580 291 520 289 579 290 581 300 520 289 580 291 224 235 581 300 580 291 223 234 581 300 224 235 584 446 583 445 582 444 533 400 583 445 584 446 585 447 533 400 584 446 535 402 533 400 585 447 586 448 535 402 585 447 537 404 535 402 586 448 587 449 537 404 586 448 588 450 537 404 587 449 589 451 588 450 587 449 590 452 588 450 589 451 591 453 590 452 589 451 541 408 590 452 591 453 476 360 540 407 475 359 538 405 540 407 476 360 592 454 538 405 476 360 534 401 538 405 592 454 593 455 534 401 592 454 532 399 534 401 593 455 594 456 532 399 593 455 530 397 532 399 594 456 595 457 530 397 594 456 596 458 530 397 595 457 597 459 596 458 595 457 508 392 596 458 597 459 554 421 500 384 498 382 527 394 500 384 554 421 598 460 527 394 554 421 529 396 527 394 598 460 599 461 529 396 598 460 600 462 529 396 599 461 601 463 600 462 599 461 583 445 600 462 601 463 602 464 583 445 601 463 582 444 583 445 602 464 552 465 582 444 602 464 475 466 426 337 428 339 542 409 426 337 475 466 540 467 542 409 475 466 603 468 542 409 540 467 604 469 603 468 540 467 605 470 603 468 604 469 606 471 605 470 604 469 587 472 605 470 606 471 589 473 587 472 606 471 566 433 607 474 564 431 608 475 607 474 566 433 568 435 608 475 566 433 609 476 608 475 568 435 571 438 609 476 568 435 610 477 609 476 571 438 573 440 610 477 571 438 611 478 610 477 573 440 612 479 611 478 573 440 477 361 592 454 476 360 593 455 592 454 477 361 613 480 593 455 477 361 614 481 593 455 613 480 615 482 614 481 613 480 616 483 614 481 615 482 617 484 616 483 615 482 618 485 616 483 617 484 619 486 618 485 617 484 574 441 620 487 576 443 621 488 620 487 574 441 622 489 621 488 574 441 493 377 621 488 622 489 623 490 493 377 622 489 492 376 493 377 623 490 423 333 492 376 623 490 424 335 492 376 423 333 478 362 613 480 477 361 624 491 613 480 478 362 479 363 624 491 478 362 625 492 624 491 479 363 481 365 625 492 479 363 617 484 625 492 481 365 483 367 617 484 481 365 619 486 617 484 483 367 431 347 480 364 465 349 626 493 480 364 431 347 627 494 626 493 431 347 482 366 626 493 627 494 628 495 482 366 627 494 484 368 482 366 628 495 486 370 484 368 628 495 603 468 543 410 542 409 544 411 543 410 603 468 629 496 544 411 603 468 630 497 544 411 629 496 605 470 630 497 629 496 586 498 630 497 605 470 587 472 586 498 605 470 585 499 630 497 586 498 546 413 630 497 585 499 584 500 546 413 585 499 548 415 546 413 584 500 582 501 548 415 584 500 550 417 548 415 582 501 552 419 550 417 582 501 555 422 598 460 554 421 631 502 598 460 555 422 557 424 631 502 555 422 632 503 631 502 557 424 633 504 632 503 557 424 562 505 632 503 633 504 561 428 562 505 633 504 525 274 634 282 526 283 635 281 634 282 525 274 636 272 635 281 525 274 197 213 635 281 636 272 220 231 197 213 636 272 151 164 634 284 152 165 637 296 634 284 151 164 638 292 637 296 151 164 578 298 637 296 638 292 579 290 578 298 638 292 638 292 580 291 579 290 224 235 580 291 638 292 639 293 224 235 638 292 225 236 224 235 639 293 151 164 225 236 639 293 623 490 422 331 423 333 640 506 422 331 623 490 641 507 640 506 623 490 570 437 640 506 641 507 572 439 570 437 641 507 631 502 599 461 598 460 642 508 599 461 631 502 632 503 642 508 631 502 553 509 642 508 632 503 562 505 553 509 632 503 505 389 501 385 503 387 643 510 501 385 505 389 644 511 643 510 505 389 645 512 643 510 644 511 646 513 645 512 644 511 645 512 501 385 643 510 499 383 501 385 645 512 647 514 499 383 645 512 497 381 499 383 647 514 495 379 497 381 647 514 564 517 648 516 563 515 649 518 648 516 564 517 650 519 649 518 564 517 628 495 649 518 650 519 486 370 628 495 650 519 551 418 556 423 549 416 558 425 556 423 551 418 553 420 558 425 551 418 562 429 558 425 553 420 541 520 604 469 540 467 651 521 604 469 541 520 591 522 651 521 541 520 589 473 651 521 591 522 653 524 507 391 652 523 654 525 507 391 653 524 644 511 654 525 653 524 505 389 654 525 644 511 655 271 220 231 636 272 221 232 220 231 655 271 581 300 221 232 655 271 223 234 221 232 581 300 524 273 636 272 525 274 655 271 636 272 524 273 522 295 655 271 524 273 520 289 655 271 522 295 596 458 528 395 530 397 504 388 528 395 596 458 508 392 504 388 596 458 506 390 504 388 508 392 658 528 657 527 656 526 659 529 657 527 658 528 608 475 659 529 658 528 609 476 659 529 608 475 490 531 656 526 491 530 658 528 656 526 490 531 607 474 658 528 490 531 608 475 658 528 607 474 539 406 590 452 541 408 588 450 590 452 539 406 537 404 588 450 539 406 624 491 615 482 613 480 617 484 615 482 624 491 625 492 617 484 624 491 607 532 650 519 564 517 488 372 650 519 607 532 490 374 488 372 607 532 531 398 583 445 533 400 600 462 583 445 531 398 529 396 600 462 531 398 627 494 649 518 628 495 660 533 649 518 627 494 431 347 660 533 627 494 495 379 621 488 493 377 620 487 621 488 495 379 647 514 620 487 495 379 644 511 661 534 646 513 662 535 661 534 644 511 653 524 662 535 644 511 642 508 601 463 599 461 602 464 601 463 642 508 552 465 602 464 642 508 169 183 635 281 197 213 634 282 635 281 169 183 152 184 634 282 169 183 641 507 574 441 572 439 622 489 574 441 641 507 623 490 622 489 641 507 610 477 659 529 609 476 611 478 659 529 610 477 521 294 664 301 663 285 523 302 664 301 521 294 577 297 637 296 578 298 526 276 637 296 577 297 665 536 507 391 509 393 652 523 507 391 665 536 519 287 663 285 517 286 521 294 663 285 519 287 511 303 523 302 510 275 664 301 523 302 511 303 633 504 559 426 561 428 557 424 559 426 633 504 422 331 570 437 409 330 640 506 570 437 422 331 666 537 483 367 485 369 619 486 483 367 666 537 597 459 614 481 616 483 595 457 614 481 597 459 606 471 651 521 589 473 604 469 651 521 606 471 614 481 594 456 593 455 595 457 594 456 614 481 507 391 654 525 505 389 603 468 605 470 629 496 538 405 534 401 536 403 504 388 502 386 528 395 659 529 611 478 657 527 562 429 560 427 558 425 660 533 648 516 649 518 655 271 520 289 581 300 575 442 612 479 573 440 553 509 552 465 642 508 638 292 151 164 639 293 480 364 626 493 482 366 544 411 630 497 546 413 571 438 568 435 569 436 650 519 488 372 486 370 637 296 526 276 634 284 669 83 668 86 667 85 670 87 668 86 669 83 671 81 670 87 669 83 672 89 670 87 671 81 673 113 672 89 671 81 674 91 672 89 673 113 675 114 674 91 673 113 676 93 674 91 675 114 677 22 676 93 675 114 678 24 676 93 677 22 679 23 678 24 677 22 680 25 678 24 679 23 681 101 680 25 679 23 682 41 680 25 681 101 683 43 682 41 681 101 684 42 682 41 683 43 685 44 684 42 683 43 686 57 684 42 685 44 405 58 686 57 685 44 406 122 686 57 405 58 447 106 406 107 468 139 687 73 406 107 447 106 448 12 687 73 447 106 688 14 687 73 448 12 689 13 688 14 448 12 690 15 688 14 689 13 691 53 690 15 689 13 692 17 690 15 691 53 693 19 692 17 691 53 694 18 692 17 693 19 695 20 694 18 693 19 696 111 694 18 695 20 697 112 696 111 695 20 673 113 696 111 697 112 675 114 673 113 697 112 698 56 684 42 686 57 699 40 684 42 698 56 700 55 699 40 698 56 701 38 699 40 700 55 702 54 701 38 700 55 703 36 701 38 702 54 704 34 703 36 702 54 705 35 703 36 704 34 706 33 705 35 704 34 707 104 705 35 706 33 667 103 707 104 706 33 685 44 473 46 405 58 708 45 473 46 685 44 683 43 708 45 685 44 709 47 708 45 683 43 710 102 709 47 683 43 711 49 709 47 710 102 712 129 711 49 710 102 713 51 711 49 712 129 714 21 713 51 712 129 693 19 713 51 714 21 695 20 693 19 714 21 715 31 705 35 707 104 716 100 705 35 715 31 717 29 716 100 715 31 718 27 716 100 717 29 719 28 718 27 717 29 720 26 718 27 719 28 721 92 720 26 719 28 678 24 720 26 721 92 676 93 678 24 721 92 722 82 669 83 704 84 671 81 669 83 722 82 723 80 671 81 722 82 724 79 671 81 723 80 725 78 724 79 723 80 726 77 724 79 725 78 727 76 726 77 725 78 728 75 726 77 727 76 729 74 728 75 727 76 702 143 722 82 704 84 723 80 722 82 702 143 700 144 723 80 702 143 725 78 723 80 700 144 698 145 725 78 700 144 727 76 725 78 698 145 686 108 727 76 698 145 729 74 727 76 686 108 730 30 717 29 715 31 719 28 717 29 730 30 731 110 719 28 730 30 721 92 719 28 731 110 732 90 721 92 731 110 674 91 721 92 732 90 672 89 674 91 732 90 680 25 720 26 678 24 718 27 720 26 680 25 733 39 718 27 680 25 734 37 718 27 733 39 701 38 734 37 733 39 703 36 734 37 701 38 736 50 713 51 735 52 711 49 713 51 736 50 438 48 711 49 736 50 709 47 711 49 438 48 473 46 709 47 438 48 708 45 709 47 473 46 687 73 686 108 406 107 729 74 686 108 687 73 737 16 729 74 687 73 728 75 729 74 737 16 694 18 728 75 737 16 696 111 728 75 694 18 738 109 731 110 730 30 732 90 731 110 738 109 739 88 732 90 738 109 672 89 732 90 739 88 670 87 672 89 739 88 724 79 673 113 671 81 696 111 673 113 724 79 726 77 696 111 724 79 728 75 696 111 726 77 441 61 735 52 443 71 736 50 735 52 441 61 439 60 736 50 441 61 438 48 736 50 439 60 691 53 713 51 693 19 735 52 713 51 691 53 445 72 735 52 691 53 443 71 735 52 445 72 714 21 677 22 695 20 679 23 677 22 714 21 712 129 679 23 714 21 710 102 679 23 712 129 737 16 692 17 694 18 690 15 692 17 737 16 688 14 690 15 737 16 464 11 689 13 448 12 445 72 689 13 464 11 446 115 445 72 464 11 733 39 699 40 701 38 682 41 699 40 733 39 680 25 682 41 733 39 734 37 716 100 718 27 705 35 716 100 734 37 703 36 705 35 734 37 697 112 677 22 675 114 695 20 677 22 697 112 710 102 681 101 679 23 683 43 681 101 710 102 739 88 668 86 670 87 738 109 668 86 739 88 669 32 706 33 704 34 667 103 706 33 669 32 687 73 688 14 737 16 682 41 684 42 699 40 689 13 445 72 691 53 676 93 721 92 674 91</p>
                </polylist>
            </mesh>
        </geometry>
        <geometry id="mesh6">
            <mesh>
                <source id="points6">
                    <float_array id="pointarray6" count="291">-0.007358781198927339 214.14592298819917 79.3591362668947 -0.0074408016207350245 215.19276615019834 80.02324895084188 2.0550925335203067 213.16155098201295 81.35918794584572 2.187806908158511 214.45058351583234 82.11706860646339 5.422171792336058 213.77100837088477 83.0078160719523 5.898594592247696 216.01318650122633 83.67982140283141 9.516018408151526 212.88063355384634 81.88296962710531 10.250243220953895 215.23219379953582 82.66436756010054 12.547407719573764 211.96681187589314 79.89088362618558 13.47694802681816 214.56058359090753 80.3676150329146 13.961611779740512 211.4826230183529 77.42217819955545 15.195856438950974 214.04517469565178 77.5786102151666 14.438294494168549 211.29525710172376 75.10187956207068 15.992890976237039 213.6312900995673 74.66456607326782 14.274293412735775 211.2718720372522 73.84405807651827 15.649224116497727 213.55322802265385 73.00829585307731 -14.233518647178483 211.25488004490168 73.8505032096118 -15.608588311669111 213.55172957430693 73.00679740472867 -16.00710782675859 213.63757007009465 74.63178242025599 -16.319765131907552 217.04381107411072 74.50693072985224 -15.233830616654373 214.05152919531622 77.56152684032882 -15.64024279135121 217.73121144428342 77.26480876424459 -13.616979441894989 218.4186672427569 80.21025121538074 -13.007700330146418 221.6218791264424 79.00730898315271 -10.101552951147989 221.8797406834409 80.89027315880114 -9.585924213504091 223.22358356419767 79.46848729746156 -6.234404038434501 222.93462555281846 80.64050910600386 -6.210887519887678 223.1534661900733 78.77333322036698 -2.7578085858193675 221.9425901088921 80.94531570217322 -3.093687289617459 222.19264479140554 79.46874908586344 0.0002259964081341671 219.81784254497904 78.43753354393156 -0.007608598529053543 219.692814080517 79.02346467577128 -2.50779135402046 220.77850101890763 81.74995938166451 -6.218784651094459 221.87206974929916 81.8201464178196 -10.710860526299282 218.9733895666895 82.39010462204828 -13.429302660314045 214.55148012574995 80.38976231677451 -13.952449532609046 211.4812859875149 77.39740254516052 -14.452330439438294 211.29387213246935 75.10049459281467 -12.350736854549945 209.95018954728195 75.79584341950725 -12.155363685809599 209.9268209615866 74.55366416176797 12.196198009191486 209.93580046106305 74.56264441030063 12.352386216105803 209.96699765099822 75.82046589585303 12.032012298256726 210.07630111502846 76.99233078116161 10.797505849298341 210.53707007542093 79.27354369859178 8.367705252247022 211.29468931847492 80.8750260479613 4.8051026426999375 212.29446385344428 82.01552820328592 -0.007516082146639869 216.48181516392498 80.30456074574096 2.250193051064537 216.36462690993284 82.57810085857376 2.33602942506658 218.68495363678645 82.36727871074335 6.0859586338069525 219.13039646581618 83.39872982478511 2.4922086344531986 220.78655358523866 81.74238694801375 6.203093316650285 221.8101652337896 81.82073890601941 2.750003526950883 221.95847951890488 80.93776798674065 6.210909182037915 222.91959716075655 80.64110496486983 3.1250626960913146 222.1929429080974 79.46904720255564 6.2422374514939625 223.15406317249392 78.7739302027883 -0.0075977346032067745 218.95060186281958 79.53905409533289 -0.015382890841877715 217.81776202428298 80.10149941434545 -2.359283064143185 218.6847285511937 82.36705362515036 -2.2576194386120285 216.37222368730153 82.57007263596019 -6.11716671268562 219.13762396796824 83.39814520147287 -5.913905380606156 216.01262022931917 83.6792551309236 -10.26538173189942 215.23121031406745 82.66338407463104 -9.530856548077107 212.87972047784788 81.8820565511058 -12.538528973739666 211.95779717168173 79.88186817291789 -10.819678979448154 210.52041065556807 79.2334441570726 -11.97579827403282 210.06733921797337 76.95992951149493 10.67976442454321 218.9744149982251 82.39113005358503 13.820520869479946 218.4356086751516 80.1881297732944 15.594133260371002 217.7327098926842 77.2428685890917 16.297421544134323 217.04537393959635 74.5241193443766 15.953776781145555 216.70169622670363 72.67252389100739 -15.91341064562089 216.70016856591707 72.67099623021906 -14.796427641226485 220.12986953877834 73.5071516980401 -15.140269394747401 220.49696640091304 75.05402781804061 -13.679464479505722 222.2860521147015 76.03074611547464 -14.687242142323099 220.91097271845842 76.67906938585499 14.687756292060874 220.9358180332669 76.68829119879277 13.086046613488874 221.7090686415009 78.98512649455779 13.664285083119564 222.29517542928346 76.03205730459449 11.976675354759438 223.07627224597394 77.53982635698829 13.008080772396344 222.5764531458396 74.7976643305452 11.336092673459877 223.36536021525777 76.36793450635076 10.054694380668604 221.95883306448997 80.86780566166004 -2.195005581769406 214.45037341097787 82.1168585016087 -5.437203182708157 213.77048779022937 83.00729549129633 -2.06209495701804 213.16135361078602 81.35899057461859 -8.382294709260027 211.29388635090288 80.87422308038832 -4.812084835198933 212.2940028212236 82.01506717106469 9.304700368367664 223.2713660224013 79.43033263029243 9.179780510505761 223.5448907890439 77.4850272506136 -12.976294167889312 222.57520749745123 74.7964186821554 -11.31234514892074 223.3486483626773 76.39028552825155 -11.97644921562189 223.05949859788393 77.54648983434261 -9.453032320995382 223.50493281539497 77.53100715139233 15.140980535663665 220.4984180344528 75.05547945158204 14.836384790674748 220.13129008728617 73.50857224654958</float_array>
                    <technique_common>
                        <accessor count="97" source="#pointarray6" stride="3">
                            <param name="X" type="float"/>
                            <param name="Y" type="float"/>
                            <param name="Z" type="float"/>
                        </accessor>
                    </technique_common>
                </source>
                <source id="uvs6">
                    <float_array id="uvarray6" count="190">0.973876953125 -0.85888671875 0.9739990234375 -0.74462890625 0.8358154296875 -0.85888671875 0.8359375 -0.7442626953125 0.6719970703125 -0.7445068359375 0.672119140625 -0.61669921875 0.5198974609375 -0.744873046875 0.519775390625 -0.61669921875 0.3760986328125 -0.7449951171875 0.3758544921875 -0.616943359375 0.2353515625 -0.7451171875 0.2354736328125 -0.6170654296875 0.1171875 -0.7451171875 0.116943359375 -0.6173095703125 0.0201416015625 -0.7449951171875 0.020263671875 -0.6171875 0.0201416015625 -0.7451171875 0.0201416015625 -0.6173095703125 0.1170654296875 -0.6171875 0.1170654296875 -0.4140625 0.2353515625 -0.6170654296875 0.2353515625 -0.4139404296875 0.375732421875 -0.413818359375 0.3760986328125 -0.254150390625 0.519775390625 -0.25390625 0.519775390625 -0.1373291015625 0.6724853515625 -0.1370849609375 0.672607421875 0.015869140625 0.8363037109375 -0.1375732421875 0.8365478515625 0.015869140625 0.973876953125 0.0159912109375 0.9739990234375 -0.138427734375 0.8365478515625 -0.2537841796875 0.672607421875 -0.2540283203125 0.519775390625 -0.4136962890625 0.1173095703125 -0.7451171875 0.11767578125 -0.8592529296875 0.02001953125 -0.8592529296875 0.02001953125 -0.859130859375 0.1175537109375 -0.859130859375 0.2353515625 -0.859130859375 0.376220703125 -0.8590087890625 0.5198974609375 -0.8590087890625 0.6717529296875 -0.85888671875 0.9739990234375 -0.6165771484375 0.8360595703125 -0.6165771484375 0.8363037109375 -0.4139404296875 0.6727294921875 -0.413818359375 0.8367919921875 -0.25390625 0.6728515625 -0.254150390625 0.8370361328125 -0.137451171875 0.6728515625 -0.136962890625 0.8372802734375 0.015869140625 0.6729736328125 0.015869140625 0.973876953125 -0.2535400390625 0.973876953125 -0.4139404296875 0.83642578125 -0.413818359375 0.836181640625 -0.616455078125 0.6724853515625 -0.413818359375 0.6722412109375 -0.61669921875 0.5198974609375 -0.6168212890625 0.5198974609375 -0.7447509765625 0.3760986328125 -0.744873046875 0.3763427734375 -0.859130859375 0.519775390625 -0.413818359375 0.375732421875 -0.4139404296875 0.2354736328125 -0.4141845703125 0.1170654296875 -0.4141845703125 0.0201416015625 -0.414306640625 0.0201416015625 -0.4141845703125 0.0198974609375 -0.2540283203125 0.1185302734375 -0.2540283203125 0.2352294921875 -0.1375732421875 0.2353515625 -0.25390625 0.3759765625 -0.2542724609375 0.2352294921875 -0.1373291015625 0.376220703125 -0.136962890625 0.2352294921875 0.015869140625 0.3765869140625 0.015869140625 0.519775390625 -0.254150390625 0.973876953125 -0.8587646484375 0.8360595703125 -0.74462890625 0.973876953125 -0.7447509765625 0.973876953125 -0.6163330078125 0.671875 -0.7445068359375 0.8359375 -0.85888671875 0.52001953125 -0.859130859375 0.671630859375 -0.85888671875 0.519775390625 -0.1368408203125 0.5198974609375 0.0157470703125 0.2352294921875 0.0159912109375 0.37646484375 0.015869140625 0.9739990234375 -0.1383056640625 0.9739990234375 -0.4140625 0.9739990234375 -0.253662109375</float_array>
                    <technique_common>
                        <accessor count="95" source="#uvarray6" stride="2">
                            <param name="S" type="float"/>
                            <param name="T" type="float"/>
                        </accessor>
                    </technique_common>
                </source>
                <vertices id="vertices6">
                    <input semantic="POSITION" source="#points6"/>
                </vertices>
                <polylist count="158" material="Material1">
                    <input offset="0" semantic="VERTEX" source="#vertices6"/>
                    <input offset="1" semantic="TEXCOORD" source="#uvs6" set="0"/>
                    <vcount>3 3 3 3 3 3 3 3 3 3 3 3 3 3 3 3 3 3 3 3 3 3 3 3 3 3 3 3 3 3 3 3 3 3 3 3 3 3 3 3 3 3 3 3 3 3 3 3 3 3 3 3 3 3 3 3 3 3 3 3 3 3 3 3 3 3 3 3 3 3 3 3 3 3 3 3 3 3 3 3 3 3 3 3 3 3 3 3 3 3 3 3 3 3 3 3 3 3 3 3 3 3 3 3 3 3 3 3 3 3 3 3 3 3 3 3 3 3 3 3 3 3 3 3 3 3 3 3 3 3 3 3 3 3 3 3 3 3 3 3 3 3 3 3 3 3 3 3 3 3 3 3 3 3 3 3 3 3</vcount>
                    <p>2 2 1 1 0 0 3 3 1 1 2 2 4 4 3 3 2 2 5 5 3 3 4 4 6 6 5 5 4 4 7 7 5 5 6 6 8 8 7 7 6 6 9 9 7 7 8 8 10 10 9 9 8 8 11 11 9 9 10 10 12 12 11 11 10 10 13 13 11 11 12 12 14 14 13 13 12 12 15 15 13 13 14 14 18 18 17 17 16 16 19 19 17 17 18 18 20 20 19 19 18 18 21 21 19 19 20 20 22 22 21 21 20 20 23 23 21 21 22 22 24 24 23 23 22 22 25 25 23 23 24 24 26 26 25 25 24 24 27 27 25 25 26 26 28 28 27 27 26 26 29 29 27 27 28 28 30 30 29 29 28 28 28 28 31 31 30 30 32 32 31 31 28 28 26 26 32 32 28 28 33 33 32 32 26 26 24 24 33 33 26 26 34 34 33 33 24 24 22 22 34 34 24 24 35 9 34 34 22 22 20 20 35 9 22 22 36 10 35 9 20 20 37 35 36 10 20 20 38 36 36 10 37 35 39 37 38 36 37 35 12 12 40 38 14 14 41 39 40 38 12 12 10 10 41 39 12 12 42 40 41 39 10 10 8 8 42 40 10 10 43 41 42 40 8 8 6 6 43 41 8 8 44 42 43 41 6 6 4 4 44 42 6 6 45 43 44 42 4 4 2 2 45 43 4 4 3 3 46 44 1 1 47 45 46 44 3 3 5 5 47 45 3 3 48 46 47 45 5 5 49 47 48 46 5 5 50 48 48 46 49 47 51 49 50 48 49 47 52 50 50 48 51 49 53 51 52 50 51 49 54 52 52 50 53 51 55 53 54 52 53 51 32 32 56 54 31 31 57 55 56 54 32 32 58 56 57 55 32 32 59 57 57 55 58 56 60 58 59 57 58 56 61 59 59 57 60 58 62 60 61 59 60 58 63 61 61 59 62 60 64 62 63 61 62 60 65 63 63 61 64 62 66 40 65 63 64 62 7 7 49 47 5 5 67 64 49 47 7 7 9 9 67 64 7 7 68 65 67 64 9 9 11 11 68 65 9 9 69 66 68 65 11 11 13 13 69 66 11 11 70 67 69 66 13 13 15 15 70 67 13 13 71 68 70 67 15 15 19 19 72 69 17 17 73 70 72 69 19 19 74 71 73 70 19 19 75 72 73 70 74 71 76 73 75 72 74 71 23 23 75 72 76 73 21 21 23 23 76 73 77 73 69 66 70 67 78 74 69 66 77 73 79 75 78 74 77 73 80 76 78 74 79 75 81 77 80 76 79 75 82 78 80 76 81 77 33 33 58 56 32 32 60 58 58 56 33 33 34 34 60 58 33 33 62 60 60 58 34 34 35 9 62 60 34 34 78 74 68 65 69 66 67 64 68 65 78 74 83 79 67 64 78 74 49 47 67 64 83 79 51 49 49 47 83 79 1 82 84 81 0 80 59 57 84 81 1 82 46 83 59 57 1 82 57 55 59 57 46 83 85 84 61 59 63 61 84 81 61 59 85 84 86 85 84 81 85 84 0 80 84 81 86 85 87 86 63 61 65 63 85 84 63 61 87 86 88 87 85 84 87 86 86 85 85 84 88 87 83 79 53 51 51 49 89 88 53 51 83 79 78 74 89 88 83 79 80 76 89 88 78 74 90 89 80 76 82 78 89 88 80 76 90 89 55 53 89 88 90 89 53 51 89 88 55 53 93 76 92 91 91 90 94 89 92 91 93 76 25 25 94 89 93 76 27 27 94 89 25 25 75 72 91 90 73 70 93 76 91 90 75 72 23 23 93 76 75 72 25 25 93 76 23 23 95 71 79 75 77 73 81 77 79 75 95 71 96 70 81 77 95 71 52 50 31 92 50 48 30 30 31 92 52 50 54 52 30 30 52 50 50 48 57 93 48 46 56 94 57 93 50 48 31 92 56 94 50 48 70 67 95 71 77 73 71 68 95 71 70 67 64 62 35 9 36 10 62 60 35 9 64 62 66 40 36 10 38 36 64 62 36 10 66 40 18 18 37 35 20 20 16 16 37 35 18 18 74 71 21 21 76 73 19 19 21 21 74 71 47 45 57 93 46 44 48 46 57 93 47 45 84 81 59 57 61 59 39 37 37 35 16 16 71 68 96 70 95 71</p>
                </polylist>
            </mesh>
        </geometry>
        <geometry id="mesh7">
            <mesh>
                <source id="points7">
                    <float_array id="pointarray7" count="1410">-13.817825116605574 193.45098997288767 57.63091956879838 -5.888092322565949 193.95143939720853 56.1860111775355 -6.091433029433501 192.873037243209 61.764074743689505 -0.005215792692917411 193.12362075637665 55.67844099214457 -0.005388054844935659 191.36555170297498 61.02991921319337 6.080441942594475 192.8736207429652 61.76465824344636 -0.005661421073057763 187.2010161730578 70.89690707218006 5.306767032454262 188.2168729965535 71.37377293103545 -0.0059804653746732325 180.64569534705092 84.10753032083468 9.619064070381766 182.31815647057263 81.50650938050279 11.517569742813178 178.46656850658556 83.93610324530499 14.963043233198333 186.49852972485485 72.54602843909532 18.385075525815473 184.26436895695318 71.4992103683068 16.307052362805727 191.21001665585496 62.42913121414985 19.393146407157975 188.98365190910525 61.390109913568146 13.807174819909783 193.45231427015202 57.632243866064265 16.307345969943206 191.4837609005471 56.030706837000004 5.877532650395625 193.95200342200496 56.186575202332556 6.98708067451148 192.33496461412727 54.19436336321112 -0.005035275155772467 191.3190272691633 53.71741698288738 -6.997294293351215 192.334294226089 54.19369297517212 -0.0049547513714710365 189.9752933773172 53.38141506648477 -15.676945436945145 190.17756109902112 55.5916110148579 -10.762815527123799 187.77931161051853 56.58391910752122 -12.739467520768715 186.16186231782623 60.068121821023446 -0.004985061351109557 184.63125686924383 59.35772138212544 -11.669372215278775 182.19275614036076 68.56798285514218 -0.005238207819707076 181.17771314547238 68.09193082489504 -0.0056928218419863875 174.73944985506157 84.01349718509654 11.658711165002524 181.44379692516026 70.18625270976808 11.02557661451694 177.4198141108469 80.92821697208113 17.66641204275686 183.02998684524997 70.92880424000312 26.08871463586484 197.63308077172275 47.406470499955596 19.502871521966714 198.3203923934631 44.749937744624404 28.128456175710234 181.28932406294257 49.585472251651616 18.261552578564533 179.3749806877089 45.57709498702804 24.144267727698608 172.24201088528972 54.741097543015414 15.535109592072331 170.32766076551013 52.13121807264978 14.941160384628082 164.78810501515127 61.82623655338024 -0.003990665887439206 163.60780593424903 59.63796355231101 13.38615981457795 162.873563116517 70.27138274777714 -0.004402981389575542 161.52916894775126 70.31755140585857 11.424571048454352 165.97452897739282 80.75581240337777 -0.005120540727161045 165.091122116404 81.72397216006246 10.298839999845208 171.67714235013398 90.30290684925403 -0.00600776667475286 172.54371713025378 92.77901692526592 11.126254906602952 180.02843478828504 96.76428439359339 -0.006751188702293918 180.92618803378167 99.90441876719653 5.055373525634568 186.26224873236376 102.39710474553598 -0.007146310827125092 186.1682316997523 102.904670062187 -0.007434314640733539 188.98057850789655 106.10011738148846 -5.100865964652329 186.18364360020445 102.25598912667975 -6.19487625165841 188.72251508331317 105.14668340595135 -12.23354287807304 185.9646767605171 99.64626171080778 -12.554088701671283 188.25360030298404 102.22448108353422 -18.491240022815635 187.11298468266057 96.09132928390548 -18.631960909989843 190.45679235390645 94.74773283956094 -23.178489107802008 189.5271891371846 88.44278281661097 29.665894039295107 192.1007914376715 72.66418931229687 28.89990577423819 192.389467791727 79.95322894992005 28.24377972539442 194.5693522943779 75.18767699197097 26.837238356067466 196.99879746696783 78.83616354550435 26.423133894972768 200.91298580315816 75.79726883675715 23.43846043699542 198.28741839338676 84.64856241216312 20.31309302841043 204.9825346281018 85.61748356487156 19.96933593512794 200.3182249455795 90.429743487481 11.445487619153672 202.16905674037412 97.14817363327786 19.75842729480938 195.38831985173888 94.7576220443898 12.109596204709215 197.0517018328327 101.30421014820594 12.554855904716595 195.83286194587163 103.62448556554642 6.031331902263901 197.53566935007245 103.72581698742464 6.4140668853458145 196.32461462207908 106.55390228196894 -0.007788257832954729 197.73064403165924 104.73334934530233 -0.007874387490596529 196.54300096147938 107.7176674116385 -5.992104820852836 197.4804035936106 103.7643004817995 -6.3749944614750405 196.2614996628264 106.5923486990165 -12.523269037436254 195.78478249451354 103.67015611407925 -6.43739033773152 193.55053332989664 107.13127824372543 -12.593478911748608 193.0894400379566 104.2247110332707 27.42373688336936 191.14754359707192 72.98434863351169 28.50155217217167 190.45193970686458 80.14061696847045 24.962581812706933 189.30336963174753 79.36695475917342 22.42314706576021 189.14661813368735 87.28870053210042 15.016931098840775 202.95945932163409 72.76557017061097 12.914732701062386 203.12279297823096 85.86703975992495 -0.006526976011373118 205.53696711422901 70.61653606764524 -0.007131043383488227 205.11446776300156 83.63995331371957 -12.929015741688058 203.1528070673943 85.80330235108487 -0.007562829680051419 202.33265259394932 95.42888245805656 -6.20276516442943 191.91790398141546 103.54527371316239 -0.007509229212247484 192.12909203155223 104.5143308160713 -0.007769889246572639 193.80078650115988 108.28003595436739 30.783040702456034 195.08532223539237 70.53157343938831 29.697175869001118 192.70241610926138 71.39859465120041 30.955094352015077 192.21037130587453 69.6798813579591 29.41597756048384 190.5773524436015 72.44535429710979 30.447366879303075 189.05403067648376 71.06251820562488 26.58007380342995 183.7487978725478 78.5698910037024 31.049188176081223 185.06975231465222 69.64829354238263 27.244632549972806 176.15521193542168 75.81174631216868 31.799471312501463 181.64021950434847 67.17160258824325 30.62811576951138 176.82795210521277 61.1478782209474 33.041999582805545 186.4924149568784 55.21095724012711 31.768265064713102 195.65655871314522 52.242585510591184 -13.976520054926624 236.83342970981562 65.25017926191664 -16.469052092355113 237.41893125381398 71.851650364242 -17.374762437705016 237.99758023100685 60.01569716166676 -19.117318445068793 238.62215813103904 67.07814358929707 -21.070221732189125 237.73161853187605 63.34363227316049 -21.32035953228739 234.3563069259131 69.59345848223332 -23.29656587259608 233.23151442621253 63.28862231289446 -20.812213333002834 229.8955136315164 67.09326898163928 -23.32759076206536 225.47355362769457 66.3507489109548 -21.03855747667737 225.10642904539503 67.32740354025118 -22.053958872084362 219.56727592264747 68.20208931725477 -18.77268377297398 216.2782381420689 70.96771393638083 -20.256999967956684 215.18442335319466 70.83477784559514 -15.389822943898423 210.55942447624784 75.67853944453623 -16.905341203534917 209.63753936936644 74.37373509777579 23.44838038711137 168.74123485548787 70.23308389100151 19.846016826388226 171.44351565248206 84.24085328918758 21.384642627328518 177.52156909852192 87.2724684377173 16.64173831025905 184.91941707210606 94.82728325663112 12.313332814660754 185.93460274850833 99.66306194969168 12.774032120401513 188.3016876190322 102.26476001939456 5.758241230574951 188.785583601972 105.24100941512361 5.91439721453876 192.27785199345192 103.70993431876204 -0.00751185125438816 192.2462825275742 104.45183643399177 28.493655367276812 199.65542124439511 72.69574529380446 27.352924363561872 204.59299726656045 69.96936481604044 21.461878796875688 208.10808780855967 75.22706345034622 24.45450446266164 206.5695331765936 67.62557062824848 18.96244842183567 207.24912143550418 64.20346493274235 25.98608477540876 205.08549076481896 62.21932288778333 21.111469399885173 204.81219110604974 54.469076097929985 27.15852603327558 201.64844845352007 53.844214296677315 19.82275557330088 202.53111864451364 49.476717454467504 9.307469911332278 198.96047021772415 45.968229705750005 -0.0039742569523689 178.63979298736095 44.26368416115558 -0.0038629876083610334 169.35039642223052 51.23198884269527 -17.605576788846243 178.81079236128716 44.92691110895072 -15.558640336471537 170.32617018205082 52.12972748918875 -24.176047283586534 172.41938798080207 54.61378976056728 -14.949464546680673 164.78667210753437 61.824803645761676 -23.4734945050581 168.73898549763445 70.23083453314551 -13.395090123876418 162.87227926724603 70.27009889850468 -11.434803899012824 165.97343313638729 80.75471656237099 5.617261425020057 222.27120236076212 79.15667041984634 -0.007755411523651563 221.60682151926574 80.17199393015404 -0.007940419906924142 222.72387755441798 82.91423497999163 -5.523340704057167 222.09880790475728 78.85144061782002 -6.5235478055642995 223.19235528034343 82.07800760462652 -12.26569710100128 224.864073358941 79.60906248618343 -12.351920740768719 229.55932067901222 80.88272094914667 -16.335911855813567 226.77813024584987 75.6558341281737 -16.390894858309025 231.5046211986585 77.09355808690752 -19.29702838915542 233.0671732623075 73.10130617890714 -13.664454097418652 235.89546566063888 75.24233677747716 -11.226761609187228 235.77076902981742 71.35182264388162 23.26622577004378 230.2417073795123 60.196961009442056 23.17995419916728 233.85873007537595 63.54869278408248 21.180169537315464 234.78076875026505 58.13457861297729 20.835994838484275 238.2726824569129 63.501917031581215 17.375237482436475 237.99924608910408 60.01736301976592 18.81234949241075 238.91303329943787 67.19716323332206 16.405928356094197 237.85019585010323 71.82980943648036 21.10147529579701 234.98333044721574 69.80645957844962 19.124813189776727 233.5533800304833 73.31410878034094 19.50011019014853 228.69408706426333 71.97795630981668 16.328125851334327 226.9437417530035 76.00897035392437 14.461113252566799 225.81096034642002 73.49320154461785 10.70323598263392 223.63092341759378 77.02416690247513 26.384009651099035 190.3342900340683 87.66394733890209 26.39955112800717 192.38899325983957 87.3515465870114 20.703826319668536 191.59920754493186 96.74186071511122 20.399039192103476 194.02108441274814 96.398212210403 12.625270655580566 193.13752585611053 104.18685972605218 6.468858134319523 193.6136535323898 107.10064994443674 -5.318232943128568 188.21636365145181 71.37326358593317 -16.317947562219196 191.20845266677804 62.427567225071144 -14.9744566980027 186.4970945701272 72.54459328436602 -18.396174389658025 184.2626057240571 71.49744713540868 -11.52935014722791 179.10607444328116 84.23190412568647 -17.677337876020147 183.02829252374997 70.92710991850119 -11.036923334781523 177.418756470724 80.92715933195701 -21.1948341105595 234.83342373841873 58.1559873464389 -23.288473608457835 230.5597914941179 60.12443210937188 -24.16331066964275 224.2314841114399 63.05377429662168 -22.98345536786886 218.08297621001392 65.70197359679668 -20.834976658791394 213.95792265584993 68.96750383612246 -21.678688100895524 217.78622929915048 64.33483441281963 -19.475508410571983 213.80182359125865 67.17849901607634 -21.576902270493893 189.86324386262865 87.59912569912743 -17.366299587929536 190.8006558347404 93.64624749289464 -12.741692079178723 191.6911527306124 100.94338688615679 -11.327586141124096 191.85533432956439 99.87315004134487 -5.718339608908286 192.12111250145517 102.28749417367719 -0.006734353738692616 184.74670052744528 95.73272691630939 -0.007451931963903755 192.418225692806 103.02996967666544 5.7035256268247565 192.34041079600956 102.27242720621484 12.75830336792677 191.75487366056714 100.97586231047806 12.179592122712853 225.09960824148953 79.8602455894163 6.593613448035192 223.45859561291167 82.35989915409795 6.82770605268031 228.12261053552993 83.58669647435183 -0.008225061510762398 227.3410017471533 84.2347688173656 5.780722806522676 232.02107649374358 81.9462081773589 -0.008338552506715885 231.1145066550352 82.82869971301207 4.7651824400814045 233.3024238725999 78.89934591798837 -0.0004275654276737822 232.53654869498877 79.35220575787918 16.205012335973645 199.67869023119766 63.921719819988226 -0.005785444835351606 201.1468732169502 59.53820061373086 -0.004916907214893631 185.70950171841758 56.85777307141774 -16.216862589518076 199.67713597960065 63.92016556838942 -16.43480023753002 186.6460631657741 60.005467894080994 -27.810609907473932 192.30122927054248 71.23956872075219 -27.490310884734214 191.1058613411646 72.71608927129175 -29.482455684728738 190.5901588178908 72.34096905172868 -0.007811126565645138 202.9964986103777 99.9445392817481 -11.429513826207796 202.15233290314913 97.19395129408956 -12.08571698850933 197.0114768275059 101.35773589182497 -19.694703233000975 195.5973705274826 94.661990838393 -20.366594703482438 194.29257179471102 96.31033358143506 -26.19419538055149 192.37084962337707 87.29433707984396 -20.741498070503056 191.9019108455715 96.68520100103943 -26.20193222310129 190.55833801693177 87.52862481650484 -29.716909711049652 192.16826920788253 72.41134596874171 -28.396887818933394 190.5273382123711 80.11445559578259 -27.529341550916737 190.8480664450582 72.30982504052396 -26.17805205914406 189.59779827675473 79.25514239330306 -15.029943832108902 202.958018923648 72.76412977262325 -23.170612942662654 189.511627433856 87.13028244510875 -18.889723600650946 190.41776543554772 93.74771861015763 -12.86661905014434 191.4412077883266 99.6699314121973 22.81321200915321 227.75730279788672 60.36088269012512 24.172630089997057 224.18692738085102 63.032651695261634 23.289596631127477 225.4054725086621 66.42329279176329 22.039790652047973 219.57720220480144 68.2042034739476 21.05519579755888 225.00688295292974 67.36066657688868 18.758565391739044 216.2878494541825 70.97732599755139 19.266143413578867 224.92086568098316 67.23557669274611 17.57110883645454 216.30346172263762 70.05539482190133 -28.269989807546494 181.145980058531 49.90307436083827 -31.841143121016305 195.95036528182817 52.637987912095575 -33.2939467532276 186.59079330052512 55.29371957244655 -33.23990605733916 195.64527066466349 59.7316562507698 -33.427139005840225 188.63738027762622 61.16881131596729 -32.09934769918194 190.8872180951372 65.87992033459457 -31.122693047838236 185.12926852579918 69.71562862048356 -30.94330967397132 191.94179959625188 69.2472138155799 -30.52138597633812 188.99641481652398 71.17678034168371 -11.139370042228713 180.02736741068227 96.7632170159894 -16.631693120693132 184.79282199828447 94.82568219022512 -23.240869626521594 186.15995670069736 89.31761840099746 -27.38112162804254 189.1055849376384 78.59099862432387 22.89929109046976 223.33536151490685 61.82942482900611 21.672873924978326 217.78830712753256 64.3447251157226 22.969669901027384 218.0851795021151 65.69636401438191 20.82127287097843 213.95991921372683 68.97731326852013 20.242999564434403 215.1941773568584 70.8367197237975 15.375801985399505 210.56089932993194 75.68001429822203 -30.817210071264167 176.81718015971833 61.43399475809605 -27.411591858136845 176.09792715114247 75.33256106050568 -19.880544833279778 171.433799100682 84.23113598833048 -21.40441865069337 177.48826748646775 87.27822820203355 -28.303092148364673 194.50414152992894 75.18496323122761 -28.72509634066076 192.45701896703497 79.92703237249718 -26.475256278229214 196.95718262393396 78.76329345911938 -23.561530844176048 198.8711394935704 83.8807123997663 -19.968164722308682 200.36318690526463 90.39658119630859 -19.983794239798573 205.48061447137962 85.37338826840536 -11.624836845418857 209.47297647696172 90.09273037124245 -30.70129108807928 194.94959898000837 69.76299461407314 -28.443828398785154 199.7464623531668 72.2633327984948 -30.95135402236914 199.03565744645334 66.98974100900917 -27.2486245293718 204.68414773459597 69.59175180162391 -29.498294579383355 202.53582934728286 64.85716595861244 -24.318929181324997 206.80158503878363 67.31074374578989 -25.72483799955316 204.93458181822064 62.06058683462124 -18.975061978000173 207.46605277337372 64.20165675762931 -21.122907750275044 204.85704145916287 54.467053698259264 -0.0048686507993363935 197.49136480744662 44.06927537464144 -9.317530045865857 198.9595773657224 45.96733685374721 -19.504940888389957 198.31852242280672 44.74806777396588 -26.098784495130943 197.61495398846512 47.403967967622286 -32.09897090916093 181.63715144891438 67.27010190154557 -26.732428695664552 183.76967816039698 78.59858641323169 -31.85736507201708 195.34817618383113 65.69264579513667 -31.599529376882685 200.4187673266758 60.138213729489586 -27.05247351191957 202.23175308578615 54.55258110035089 -19.83349433556562 202.52921758882536 49.47481639877701 -10.53171312523717 233.94232567647165 78.68770582184673 -6.851959319419306 227.91884211387992 83.32821845564526 -5.836445940534003 231.7549005779909 81.82063853507228 31.759794543396833 200.86708758196312 60.758459920313975 29.485950327968826 203.71827104978638 66.39130012173499 -11.452320258370772 194.6604162102466 91.52171602036825 -0.007251588845339479 195.606078873316 95.66293499712637 -13.233600955167418 192.88677759236313 93.93560810892247 -0.0072897784528206415 193.5512546722481 98.514398992219 -0.007317114511876725 193.0121389893166 99.62374814789602 13.813256758490123 192.27083985962872 94.91343760262014 -0.0070201035113092 186.02772617719057 100.41247582658202 13.837002131423644 184.96611117735728 95.79590104938933 -19.538934618181795 228.59847870452296 71.70264284749122 -14.41386346164978 225.72365772775697 73.09337570561136 -10.65612248968373 223.5049099714388 76.80438697721958 12.257430233423749 229.8261141754494 81.11828841537685 16.327827725952897 231.94368331383242 77.22796004293612 13.70272697174431 236.20928621241345 75.06397619678518 11.07010921992346 235.80308528366737 71.4075805175076 -22.56787259461169 179.6451736719793 72.4267133000077 -22.37297359079887 189.91088666399457 70.78658978399208 -23.551890688558583 178.59855823038015 66.02817843991296 -23.349164951913302 188.46582922885625 64.48959869774109 -27.450312075898474 178.55932307814345 65.73111468329259 -27.24759570126305 188.3172044699509 64.49721719716214 -26.09133705090981 179.7231065427181 72.91092313625478 -25.888636781878677 189.93411855153033 71.55985987246413 7.827781670865102 234.34959512145707 75.78235542186054 10.382334345674963 234.1620737674417 78.78246889405894 22.157782670532068 199.63174368117012 71.36731543883216 22.36136160927254 189.92861720485737 71.6012350238497 23.13467210884272 199.28053811293347 64.89859541517453 23.338234567693846 189.98366463197834 65.07003447529547 27.236635727194905 191.069804744722 64.7421484188254 26.260120796066026 189.96819018893675 64.85142379666439 25.876909823347667 191.06938863789347 72.06239573579107 25.001967878071287 189.9521636888307 71.96855023379992 18.58688451736739 187.138200396277 96.07748287209624 22.212436915088965 183.2637408528929 88.4290334050826 -19.014253227157536 190.2932238686892 84.06020664782973 -22.373013287923992 189.92647271217194 71.59909053116179 -21.44401562206947 190.37897410586987 85.5366567888992 -25.013657006988478 189.94976602166827 71.9661525666347 -22.248779898029984 191.51172555568073 86.00542251759713 -25.888715057690444 191.0669070785966 72.05991417649138 -22.046012212516704 200.3321133167617 84.63866758955699 -25.685994183842322 199.69192615966483 71.86502488279679 33.44755221891776 195.85156071815163 60.39892537627721 33.650940523257205 189.1171359198191 61.64079977599242 32.07223164874945 196.04649606269686 66.8910563090705 32.18186769775522 191.17152865831696 66.3205153541223 -23.349265325014233 189.98142650967864 65.06779635299318 -26.27112908321261 189.9656719268311 64.84890553455585 -27.247739147595286 191.0671928530021 64.73953652710247 -27.044998797638346 199.2390846878932 64.59150051122964 11.336474059681185 191.87985718394538 99.89767514289173 12.57182691837722 183.0210945685011 88.3582471393954 17.3055753324274 190.79450507313462 93.65572173127283 21.641859614345396 189.83407618582473 87.38244603766346 18.547727628141335 190.44295006181616 94.74170192388144 27.079819117665114 189.0300703314461 78.6014181472889 27.43931059834529 186.45195544902833 78.74974928370597 23.2121301681885 189.50596878618143 88.58563058333333 23.423193515456802 186.1153172014038 89.35110315256183 -5.89059444050062 211.37164729560465 90.96028377378249 -0.007835886078039025 212.23910444630832 91.21841985713726 5.875030532460955 211.37221132040105 90.96084779857955 -0.007705205044227493 216.5128775211113 84.21862473481994 5.601715475112087 215.645963047257 84.13291456772122 27.431560618725573 191.06942646249814 72.82809526320464 25.30637300463826 189.8112641532645 77.99980808482718 16.424574686956287 186.64763839040472 60.007043118713426 15.143077555728203 178.7797651352611 73.03004202767107 -0.005195869010750482 176.77129423967747 71.61515708838806 -0.0077313523927860445 201.7855828362725 99.4913562324286 13.812844767001794 201.17710482061685 94.6013645543794 -0.007399505376579504 193.1761269561938 101.17844350921082 13.813158261913406 192.91139706706608 96.32753080988398 -0.007301755430938299 192.01991928146552 100.29557558250795 13.219498897678074 191.7629666872617 95.58525979397363 11.438373611767597 191.47392966049543 93.27266055189672 -21.788088521613787 207.9810410667535 74.67029662514469 -26.08467811208553 201.3948672592886 75.30258741947941 20.75809869725175 229.83500307354265 67.16557129804262 22.03211268618795 200.33422634989674 84.64078062269446 22.235594999741068 191.51385806377553 86.00755502569437 21.430984279400064 190.38102946316252 85.5387121461942 19.001371685479263 190.29504627550153 84.06202905464413 -13.827780169477654 201.17577977431557 94.60003950807662 -13.827466674566043 192.9100720207648 96.3262057635812 -13.233626041530353 191.7616985677659 95.5839916744764 -0.0071785441550535 191.88722363713094 97.85806922129578 -19.40372850368345 188.9817920504472 61.38825005490798 -16.317653955081717 191.4821969114702 56.0291428479213 -11.452251335627764 191.4728323214161 93.2715632128161 12.72928242070189 186.1630832479964 60.069342751195045 10.75280942343143 187.78034303434944 56.58495053135329 15.666804491024203 190.17906366707106 55.59311358290956 12.273732406996611 213.13849211489466 83.67998918710053 9.383410013959823 212.28705284597382 78.21887230530913 -0.007441551411717526 215.36464864053153 79.867007190607 25.673380698129385 199.69438824400189 71.86748696713668 6.226921183217298 191.9810017128192 103.50681006826576 12.891191518123552 191.45025357751612 99.70241657399848 -0.005864730643333501 177.58316426756704 84.75582100810931 -15.153797374646956 178.7783127526844 73.02858964509272 -10.326159578256252 171.67615399594357 90.29410562054407 26.0805378291947 179.7256075769747 72.91342417051428 22.43914959235805 182.5919946944417 85.968074563186 25.87698809915943 189.9366001108272 71.56234143176383 22.235601361150678 192.6232926125153 84.76542071016992 22.36140130639766 189.91303115668 70.78873427667999 19.00133197779718 192.60761743210503 82.57776491551866 -22.827412136923762 227.74730273561462 60.350881878795654 -22.91320880424915 223.33316533867435 61.82722865277106 -12.288767536556637 213.1373146288655 83.67881170107002 -9.397839942879239 212.28615250360292 78.21797196293718 -14.725518139002906 209.55965069701216 71.6238358495606 -5.6170344991062535 215.64542523875258 84.13237675921617 -18.606766615724602 187.7474829698611 60.810104083203015 -9.630935885380065 182.3172336570943 81.50558656702341 -0.0058939328491820625 175.66116792218673 87.28697887075184 23.338334940794777 188.46806735115598 64.49183682004337 27.236779173527136 188.3198163616708 64.49982908888506 27.440312797958118 178.56195444482313 65.73374604997531 -19.01429293483962 192.6057950252927 82.57594250870426 -22.248773536620373 192.6211601044205 84.76328820207267 -22.451475304479402 182.58984271138712 85.96592258012895 30.954772620318707 199.99167259947998 68.60994188080207 -22.115715322331944 183.4256588588968 88.8331662513085 -27.52162640059786 186.39463096458974 78.79398692462023 27.52535143637184 191.65543737007263 71.39062784961392 -5.92152752402326 192.01165959859986 103.70935418967132 16.89153371879694 209.6391595362119 74.37535526462314 14.71198179334717 209.56106188255853 71.62524703510863 19.46199075090936 213.81150231669454 67.18817849056926 -12.584420027627974 182.9808272427682 88.33360181742368 -17.585140333716442 216.29396426413496 70.04589661434184 -19.241673867043822 225.0518336773484 67.20248705815447 -13.827060305001945 184.96478500750064 95.79457487953117 -13.827368177989326 192.26951481332745 94.91211255631735 27.03312607808544 199.24167710465338 64.59409292799276 -7.890970165442547 234.33321396860242 75.8362886415614 -4.797302182560732 233.11447182955825 78.76606601925859 18.5963582987794 187.74926642675388 60.81188754009784 -25.592063629499446 189.8322635381446 77.95830672072142 11.438304689024589 194.66151354932595 91.52281335944886 13.21952398404101 192.88804571185892 93.9368762284197 -29.72469487156138 191.9651614370422 72.0441483575872 18.579025564421155 190.38049650440294 93.80420042796207 18.8284666305975 229.2177489119145 66.62638670626431 16.515864779495264 227.53776815907935 70.4308828185891 -0.0004006021455349694 232.7006460264979 78.62565112443646 -4.305073488816044 233.15360099581855 77.86765398857838 13.976604880834675 236.83476973685515 65.25151928895774 -12.944459143523597 210.6845990043085 74.48335016385566 12.930540797013412 210.68583940943847 74.48459056898706 11.609538101186535 209.47409029485317 90.09384418913518 -16.499750782442565 227.60651067815598 70.16367847486406 -18.85122377938987 229.34094560539984 66.56208639618252 -11.327612022737584 200.793236935666 91.47514100976016 -0.007532865043592555 201.3326346184998 95.80383451883228 -18.811529737156192 200.08236387476228 82.64662316018602 18.79784517641421 200.08416680661483 82.64842609204065 11.313012925232298 200.7943222901547 91.47622636425012 4.265226256783861 233.5212042106955 77.7665199379272 7.304401844032301 234.5918268173999 74.33702944251753 -0.006814498857159276 185.18414134968688 96.96712288650629 -11.451888786392846 184.34785331182974 92.83372165298864 -19.21699357790445 182.29321527320414 84.0363759035036 11.438736161002513 184.3489506509091 92.83481899206926 19.204881333798753 182.29505715497623 84.0382177852778 23.541859203215896 178.60081582763965 66.03043603717504 22.557127301687157 179.6473368905876 72.42887651861848 -7.031543486599424 234.3879969732866 74.70351996282423 -22.17034222759806 199.62961866344446 71.36519042110406 -23.14657778479896 199.27831946559354 64.89637676783204 -10.125178513508803 235.62239782057182 71.07061833577977 10.257632816112313 235.63118669013562 71.08722082891805</float_array>
                    <technique_common>
                        <accessor count="470" source="#pointarray7" stride="3">
                            <param name="X" type="float"/>
                            <param name="Y" type="float"/>
                            <param name="Z" type="float"/>
                        </accessor>
                    </technique_common>
                </source>
                <source id="uvs7">
                    <float_array id="uvarray7" count="670">0.5181884765625 0.329345703125 0.548095703125 0.3330078125 0.547607421875 0.322021484375 0.562744140625 0.3330078125 0.562744140625 0.3248291015625 0.577880859375 0.322021484375 0.562744140625 0.29638671875 0.579833984375 0.29638671875 0.562744140625 0.265625 0.5986328125 0.2779541015625 0.605712890625 0.2669677734375 0.6109619140625 0.29638671875 0.6220703125 0.29638671875 0.6153564453125 0.3175048828125 0.625244140625 0.3175048828125 0.6072998046875 0.329345703125 0.6153564453125 0.330810546875 0.577392578125 0.3330078125 0.5853271484375 0.3353271484375 0.562744140625 0.3353271484375 0.5401611328125 0.3353271484375 0.562744140625 0.334716796875 0.51220703125 0.3304443359375 0.528076171875 0.326171875 0.521728515625 0.3175048828125 0.562744140625 0.3175048828125 0.525146484375 0.29638671875 0.562744140625 0.2554931640625 0.600341796875 0.29638671875 0.6038818359375 0.269775390625 0.61962890625 0.29638671875 0.3936767578125 0.4971923828125 0.3375244140625 0.49462890625 0.39208984375 0.4749755859375 0.32177734375 0.4781494140625 0.3721923828125 0.46142578125 0.3155517578125 0.46142578125 0.3131103515625 0.4395751953125 0.254150390625 0.447509765625 0.311767578125 0.426025390625 0.254150390625 0.4266357421875 0.3125 0.4114990234375 0.254150390625 0.407958984375 0.3104248046875 0.3916015625 0.254150390625 0.3892822265625 0.317138671875 0.3770751953125 0.254150390625 0.3746337890625 0.2886962890625 0.3603515625 0.254150390625 0.359130859375 0.254150390625 0.3497314453125 0.2901611328125 0.3509521484375 0.3232421875 0.361572265625 0.326171875 0.3521728515625 0.3763427734375 0.3641357421875 0.384521484375 0.3555908203125 0.4395751953125 0.3704833984375 0.9881591796875 0.59375 0.96240234375 0.5792236328125 0.96240234375 0.59375 0.9453125 0.5838623046875 0.93115234375 0.5916748046875 0.9202880859375 0.5673828125 0.887451171875 0.5625 0.895263671875 0.55078125 0.828125 0.5313720703125 0.89990234375 0.5438232421875 0.8311767578125 0.52294921875 0.83740234375 0.5146484375 0.79296875 0.517822265625 0.796142578125 0.510498046875 0.7548828125 0.5125732421875 0.7548828125 0.50634765625 0.79931640625 0.5042724609375 0.84375 0.5084228515625 0.1719970703125 0.265869140625 0.1671142578125 0.27783203125 0.157958984375 0.248046875 0.145263671875 0.2548828125 0.12451171875 0.241943359375 0.07861328125 0.28759765625 0.072021484375 0.266357421875 0.0052490234375 0.2921142578125 0.00537109375 0.268798828125 0.00537109375 0.2274169921875 0.03271484375 0.21533203125 0.0057373046875 0.212158203125 0.0340576171875 0.204345703125 0.00537109375 0.2020263671875 0.4979248046875 0.4654541015625 0.4879150390625 0.461669921875 0.498291015625 0.4508056640625 0.4833984375 0.44775390625 0.498291015625 0.436767578125 0.47900390625 0.43505859375 0.457763671875 0.4083251953125 0.4639892578125 0.436767578125 0.4249267578125 0.417724609375 0.4561767578125 0.440673828125 0.4189453125 0.4437255859375 0.4345703125 0.46142578125 0.4405517578125 0.488525390625 0.856201171875 1 0.8143310546875 0.970703125 0.96240234375 1 0.88818359375 0.9752197265625 0.93115234375 0.9666748046875 0.8624267578125 0.92919921875 0.947021484375 0.916748046875 0.8812255859375 0.8875732421875 0.9124755859375 0.8375244140625 0.86865234375 0.8375244140625 0.8779296875 0.7933349609375 0.8125 0.7584228515625 0.8311767578125 0.75 0.731201171875 0.7000732421875 0.74365234375 0.6917724609375 0.3721923828125 0.42919921875 0.3656005859375 0.4072265625 0.38427734375 0.3968505859375 0.3677978515625 0.3719482421875 0.2918701171875 0.3394775390625 0.254150390625 0.3382568359375 0.9879150390625 0.5948486328125 0.9561767578125 0.60009765625 0.93115234375 0.6083984375 0.887451171875 0.59375 0.90625 0.61669921875 0.86865234375 0.612548828125 0.9124755859375 0.627197265625 0.875 0.6334228515625 0.918701171875 0.6375732421875 0.86865234375 0.6514892578125 0.9249267578125 0.6500244140625 0.8720703125 0.666748046875 0.2935791015625 0.49609375 0.254150390625 0.4808349609375 0.254150390625 0.464111328125 0.59375 0.8209228515625 0.5062255859375 0.8167724609375 0.5062255859375 0.854248046875 0.5914306640625 0.862548828125 0.6624755859375 0.870849609375 0.657470703125 0.91259765625 0.729248046875 0.8792724609375 0.724609375 0.9215087890625 0.8065185546875 0.9302978515625 0.7210693359375 0.948486328125 0.718505859375 0.9615478515625 0.97705078125 0.8948974609375 1 0.9500732421875 0.8026123046875 0.88818359375 0.7562255859375 0.85009765625 0.6624755859375 0.8292236328125 0.98876953125 0.5928955078125 0.9749755859375 0.5771484375 0.9501953125 0.5567626953125 0.9375 0.5594482421875 0.925537109375 0.5362548828125 0.9124755859375 0.5396728515625 0.545654296875 0.29638671875 0.5101318359375 0.3175048828125 0.5145263671875 0.29638671875 0.50341796875 0.29638671875 0.519775390625 0.2669677734375 0.505859375 0.29638671875 0.5216064453125 0.269775390625 0.9561767578125 0.8375244140625 0.913818359375 0.779541015625 0.8499755859375 0.737548828125 0.9375 0.7708740234375 0.86865234375 0.72509765625 0.1448974609375 0.2412109375 0.1380615234375 0.24853515625 0.116455078125 0.22607421875 0.106689453125 0.2330322265625 0.0789794921875 0.2127685546875 0.0740966796875 0.2215576171875 0.039794921875 0.2169189453125 0.0050048828125 0.2435302734375 0.0054931640625 0.2122802734375 0.0428466796875 0.20556640625 0.58740234375 0.9041748046875 0.5062255859375 0.896240234375 0.5855712890625 0.9202880859375 0.5062255859375 0.9105224609375 0.583984375 0.92919921875 0.5062255859375 0.920166015625 0.0806884765625 0.294677734375 0.005615234375 0.3038330078125 0.005615234375 0.3155517578125 0.080810546875 0.294921875 0.0850830078125 0.3089599609375 0.1722412109375 0.2847900390625 0.1751708984375 0.291748046875 0.18310546875 0.287353515625 0.755126953125 0.5245361328125 0.1473388671875 0.25390625 0.1265869140625 0.2412109375 0.11279296875 0.23388671875 0.0714111328125 0.2203369140625 0.117919921875 0.226318359375 0.074951171875 0.2117919921875 0.99365234375 0.875 0.856201171875 0.8375244140625 0.7999267578125 0.7625732421875 0.4691162109375 0.46142578125 0.462646484375 0.4510498046875 0.4715576171875 0.4476318359375 0.4638671875 0.4365234375 0.4786376953125 0.4345703125 0.4979248046875 0.4364013671875 0.426513671875 0.3759765625 0.48095703125 0.402587890625 0.981201171875 0.8375244140625 0.8302001953125 0.550537109375 0.9892578125 0.595458984375 0.9901123046875 0.6063232421875 0.96875 0.6146240234375 0.9375 0.6177978515625 0.254150390625 0.4912109375 0.9866943359375 0.61572265625 0.981201171875 0.625 0.9437255859375 0.627197265625 0.9561767578125 0.6375732421875 0.654541015625 0.93359375 0.5855712890625 0.9200439453125 0.5050048828125 0.168701171875 0.6246337890625 0.168701171875 0.5050048828125 0.17138671875 0.6246337890625 0.17138671875 0.6246337890625 0.1724853515625 0.5050048828125 0.1724853515625 0.6246337890625 0.251953125 0.5050048828125 0.2481689453125 0.7183837890625 0.96142578125 0.6246337890625 0.21728515625 0.562744140625 0.212158203125 0.562744140625 0.17138671875 0.562744140625 0.2119140625 0.562744140625 0.1724853515625 0.6246337890625 0.2177734375 0.6519775390625 0.9462890625 0.506103515625 0.2200927734375 0.506103515625 0.1790771484375 0.562744140625 0.21484375 0.562744140625 0.1790771484375 0.562744140625 0.1861572265625 0.506103515625 0.1861572265625 0.3294677734375 0.3406982421875 0.4124755859375 0.38232421875 0.506103515625 0.168701171875 0.6246337890625 0.1790771484375 0.6246337890625 0.1861572265625 0.6246337890625 0.219482421875 0.506103515625 0.220458984375 0.4775390625 0.458984375 0.4716796875 0.44775390625 0.562744140625 0.168701171875 0.6246337890625 0.220458984375 0.562744140625 0.214599609375 0.0831298828125 0.2764892578125 0.4703369140625 0.4051513671875 0.4356689453125 0.19775390625 0.343017578125 0.251708984375 0.261474609375 0.17578125 0.262939453125 0.251708984375 0.2646484375 0.314697265625 0.3436279296875 0.3148193359375 0.1817626953125 0.2847900390625 0.1715087890625 0.263427734375 0.16943359375 0.2830810546875 0.1595458984375 0.27294921875 0.0908203125 0.300537109375 0.0870361328125 0.2884521484375 0.005615234375 0.299072265625 0.500244140625 0.2315673828125 0.625244140625 0.227783203125 0.506103515625 0.227783203125 0.625244140625 0.2315673828125 0.500244140625 0.3175048828125 0.5101318359375 0.330810546875 0.506103515625 0.219482421875 0.603759765625 0.3175048828125 0.597412109375 0.326171875 0.61328125 0.3304443359375 0.8299560546875 0.5655517578125 0.80615234375 0.5833740234375 0.787109375 0.5635986328125 0.7567138671875 0.572998046875 0.0714111328125 0.221923828125 0.005615234375 0.2869873046875 0.5050048828125 0.2177734375 0.6246337890625 0.2239990234375 0.840576171875 0.5980224609375 0.7564697265625 0.5631103515625 0.5028076171875 0.3175048828125 0.52685546875 0.2779541015625 0.562744140625 0.251953125 0.1419677734375 0.2362060546875 0.0050048828125 0.201904296875 0.7562255859375 0.683349609375 0.5841064453125 0.9290771484375 0.6226806640625 0.3175048828125 0.7548828125 0.5 0.1798095703125 0.2802734375 0.173828125 0.268798828125 0.005615234375 0.311279296875 0.111083984375 0.235107421875 0.5050048828125 0.2239990234375 0.6246337890625 0.2481689453125 0.8624267578125 0.875 0.7999267578125 0.862548828125 0.4403076171875 0.2669677734375 0.440673828125 0.3228759765625 0.5062255859375 0.9324951171875 0.5828857421875 0.93798828125 0.7169189453125 0.71044921875 0.506103515625 0.225341796875 0.625244140625 0.228759765625 0.506103515625 0.2178955078125 0.6246337890625 0.225341796875 0.6246337890625 0.2200927734375 0.6246337890625 0.2178955078125 0.500244140625 0.228759765625 0.5819091796875 0.93798828125 0.6492919921875 0.9549560546875 0.6246337890625 0.2491455078125 0.5050048828125 0.2457275390625 0.843505859375 0.6673583984375 0.6246337890625 0.2457275390625 0.5050048828125 0.2225341796875 0.6246337890625 0.2225341796875 0.5050048828125 0.21728515625 0.718017578125 0.9718017578125 0.18017578125 0.281005859375</float_array>
                    <technique_common>
                        <accessor count="335" source="#uvarray7" stride="2">
                            <param name="S" type="float"/>
                            <param name="T" type="float"/>
                        </accessor>
                    </technique_common>
                </source>
                <vertices id="vertices7">
                    <input semantic="POSITION" source="#points7"/>
                </vertices>
                <polylist count="838" material="Material1">
                    <input offset="0" semantic="VERTEX" source="#vertices7"/>
                    <input offset="1" semantic="TEXCOORD" source="#uvs7" set="0"/>
                    <vcount>3 3 3 3 3 3 3 3 3 3 3 3 3 3 3 3 3 3 3 3 3 3 3 3 3 3 3 3 3 3 3 3 3 3 3 3 3 3 3 3 3 3 3 3 3 3 3 3 3 3 3 3 3 3 3 3 3 3 3 3 3 3 3 3 3 3 3 3 3 3 3 3 3 3 3 3 3 3 3 3 3 3 3 3 3 3 3 3 3 3 3 3 3 3 3 3 3 3 3 3 3 3 3 3 3 3 3 3 3 3 3 3 3 3 3 3 3 3 3 3 3 3 3 3 3 3 3 3 3 3 3 3 3 3 3 3 3 3 3 3 3 3 3 3 3 3 3 3 3 3 3 3 3 3 3 3 3 3 3 3 3 3 3 3 3 3 3 3 3 3 3 3 3 3 3 3 3 3 3 3 3 3 3 3 3 3 3 3 3 3 3 3 3 3 3 3 3 3 3 3 3 3 3 3 3 3 3 3 3 3 3 3 3 3 3 3 3 3 3 3 3 3 3 3 3 3 3 3 3 3 3 3 3 3 3 3 3 3 3 3 3 3 3 3 3 3 3 3 3 3 3 3 3 3 3 3 3 3 3 3 3 3 3 3 3 3 3 3 3 3 3 3 3 3 3 3 3 3 3 3 3 3 3 3 3 3 3 3 3 3 3 3 3 3 3 3 3 3 3 3 3 3 3 3 3 3 3 3 3 3 3 3 3 3 3 3 3 3 3 3 3 3 3 3 3 3 3 3 3 3 3 3 3 3 3 3 3 3 3 3 3 3 3 3 3 3 3 3 3 3 3 3 3 3 3 3 3 3 3 3 3 3 3 3 3 3 3 3 3 3 3 3 3 3 3 3 3 3 3 3 3 3 3 3 3 3 3 3 3 3 3 3 3 3 3 3 3 3 3 3 3 3 3 3 3 3 3 3 3 3 3 3 3 3 3 3 3 3 3 3 3 3 3 3 3 3 3 3 3 3 3 3 3 3 3 3 3 3 3 3 3 3 3 3 3 3 3 3 3 3 3 3 3 3 3 3 3 3 3 3 3 3 3 3 3 3 3 3 3 3 3 3 3 3 3 3 3 3 3 3 3 3 3 3 3 3 3 3 3 3 3 3 3 3 3 3 3 3 3 3 3 3 3 3 3 3 3 3 3 3 3 3 3 3 3 3 3 3 3 3 3 3 3 3 3 3 3 3 3 3 3 3 3 3 3 3 3 3 3 3 3 3 3 3 3 3 3 3 3 3 3 3 3 3 3 3 3 3 3 3 3 3 3 3 3 3 3 3 3 3 3 3 3 3 3 3 3 3 3 3 3 3 3 3 3 3 3 3 3 3 3 3 3 3 3 3 3 3 3 3 3 3 3 3 3 3 3 3 3 3 3 3 3 3 3 3 3 3 3 3 3 3 3 3 3 3 3 3 3 3 3 3 3 3 3 3 3 3 3 3 3 3 3 3 3 3 3 3 3 3 3 3 3 3 3 3 3 3 3 3 3 3 3 3 3 3 3 3 3 3 3 3 3 3 3 3 3 3 3 3 3 3 3 3 3 3 3 3 3 3 3 3 3 3 3 3 3 3 3 3 3 3 3 3 3 3 3 3 3 3 3 3 3 3 3 3 3 3 3 3 3 3 3 3 3 3 3 3 3 3 3 3 3 3 3 3 3 3 3 3 3 3 3 3 3 3 3 3 3 3 3 3 3 3 3 3 3 3 3 3 3 3 3 3 3 3 3 3 3 3 3 3 3 3 3 3 3 3 3 3 3 3 3 3 3 3 3 3 3 3 3 3 3 3 3 3 3 3 3 3 3 3 3 3 3 3 3 3 3 3 3 3 3 3 3 3 3 3 3 3 3 3 3 3 3 3 3 3 3 3 3 3 3 3 3 3 3 3</vcount>
                    <p>2 2 1 1 0 0 3 3 1 1 2 2 4 4 3 3 2 2 5 5 3 3 4 4 6 6 5 5 4 4 7 7 5 5 6 6 8 8 7 7 6 6 9 9 7 7 8 8 10 10 9 9 8 8 11 11 9 9 10 10 12 12 11 11 10 10 13 13 11 11 12 12 14 14 13 13 12 12 15 15 13 13 14 14 16 16 15 15 14 14 17 17 15 15 16 16 18 18 17 17 16 16 3 3 17 17 18 18 19 19 3 3 18 18 20 20 3 3 19 19 21 21 20 20 19 19 22 22 20 20 21 21 23 23 22 22 21 21 24 24 22 22 23 23 25 25 24 24 23 23 26 26 24 24 25 25 27 6 26 26 25 25 28 27 26 26 27 6 29 28 28 27 27 6 30 29 28 27 29 28 31 30 30 29 29 28 10 10 30 29 31 30 12 12 10 10 31 30 34 33 33 32 32 31 35 34 33 32 34 33 36 35 35 34 34 33 37 36 35 34 36 35 38 37 37 36 36 35 39 38 37 36 38 37 40 39 39 38 38 37 41 40 39 38 40 39 42 41 41 40 40 39 43 42 41 40 42 41 44 43 43 42 42 41 45 44 43 42 44 43 46 45 45 44 44 43 47 46 45 44 46 45 48 47 47 46 46 45 49 48 47 46 48 47 50 49 49 48 48 47 51 47 49 48 50 49 52 50 51 47 50 49 53 51 51 47 52 50 54 52 53 51 52 50 55 53 53 51 54 52 56 54 55 53 54 52 57 55 55 53 56 54 60 58 59 57 58 56 61 59 59 57 60 58 62 60 61 59 60 58 63 61 61 59 62 60 64 62 63 61 62 60 65 63 63 61 64 62 66 64 65 63 64 62 67 65 65 63 66 64 68 66 67 65 66 64 69 67 67 65 68 66 70 68 69 67 68 66 71 69 69 67 70 68 72 70 71 69 70 68 73 71 71 69 72 70 74 68 73 71 72 70 75 69 73 71 74 68 76 67 75 69 74 68 77 72 75 69 76 67 78 73 77 72 76 67 80 76 79 75 58 74 81 77 79 75 80 76 82 78 81 77 80 76 83 79 81 77 82 78 84 80 83 79 82 78 85 81 83 79 84 80 86 82 85 81 84 80 87 80 85 81 86 82 88 83 87 80 86 82 89 84 87 80 88 83 90 85 89 84 88 83 77 86 89 84 90 85 91 87 77 86 90 85 93 90 92 89 58 88 94 91 92 89 93 90 95 92 94 91 93 90 96 93 94 91 95 92 97 94 96 93 95 92 98 95 96 93 97 94 99 96 98 95 97 94 100 97 98 95 99 96 101 98 100 97 99 96 102 99 100 97 101 98 34 33 102 99 101 98 103 100 102 99 34 33 32 31 103 100 34 33 106 103 105 102 104 101 107 104 105 102 106 103 108 105 107 104 106 103 109 106 107 104 108 105 110 107 109 106 108 105 111 108 109 106 110 107 112 109 111 108 110 107 113 110 111 108 112 109 114 111 113 110 112 109 115 112 113 110 114 111 116 113 115 112 114 111 117 114 115 112 116 113 118 115 117 114 116 113 101 98 36 35 34 33 119 116 36 35 101 98 99 96 119 116 101 98 120 117 119 116 99 96 121 118 120 117 99 96 46 45 120 117 121 118 122 119 46 45 121 118 123 51 46 45 122 119 124 52 123 51 122 119 125 50 123 51 124 52 126 120 125 50 124 52 127 121 125 50 126 120 128 123 60 58 58 122 62 60 60 58 128 123 129 124 62 60 128 123 130 125 62 60 129 124 131 126 130 125 129 124 132 127 130 125 131 126 133 128 132 127 131 126 134 129 132 127 133 128 135 130 134 129 133 128 136 131 134 129 135 130 32 132 136 131 135 130 33 133 136 131 32 132 35 34 137 134 33 32 138 135 137 134 35 34 139 136 138 135 35 34 140 34 138 135 139 136 141 36 140 34 139 136 142 35 140 34 141 36 143 37 142 35 141 36 144 116 142 35 143 37 145 39 144 116 143 37 146 41 144 116 145 39 41 40 146 41 145 39 43 42 146 41 41 40 149 139 148 138 147 137 150 137 148 138 149 139 151 140 150 137 149 139 152 141 150 137 151 140 153 142 152 141 151 140 154 143 152 141 153 142 155 144 154 143 153 142 156 145 154 143 155 144 157 146 156 145 155 144 105 102 156 145 157 146 158 147 105 102 157 146 104 101 105 102 158 147 161 149 160 107 159 148 162 105 160 107 161 149 163 103 162 105 161 149 164 104 162 105 163 103 165 102 164 104 163 103 166 106 164 104 165 102 167 145 166 106 165 102 168 150 166 106 167 145 169 143 168 150 167 145 170 151 168 150 169 143 171 152 170 151 169 143 59 57 80 154 58 153 172 155 80 154 59 57 173 156 172 155 59 57 174 157 172 155 173 156 175 158 174 157 173 156 176 73 174 157 175 158 69 67 176 73 175 158 177 72 176 73 69 67 71 69 177 72 69 67 73 71 177 72 71 69 2 2 6 6 4 4 178 159 6 6 2 2 179 160 178 159 2 2 180 161 178 159 179 160 181 162 180 161 179 160 182 163 180 161 181 162 183 164 182 163 181 162 184 165 182 163 183 164 26 26 184 165 183 164 28 27 184 165 26 26 185 149 108 105 106 103 110 107 108 105 185 149 186 148 110 107 185 149 112 109 110 107 186 148 187 166 112 109 186 148 114 111 112 109 187 166 188 167 114 111 187 166 189 168 114 111 188 167 190 169 189 168 188 167 191 170 189 168 190 169 56 173 192 172 57 171 193 174 192 172 56 173 194 175 193 174 56 173 195 176 193 174 194 175 196 177 195 176 194 175 197 178 195 176 196 177 198 179 197 178 196 177 199 177 197 178 198 179 126 180 199 177 198 179 200 175 199 177 126 180 201 141 171 152 169 143 147 137 171 152 201 141 202 140 147 137 201 141 149 139 147 137 202 140 203 181 149 139 202 140 204 182 149 139 203 181 205 183 204 182 203 181 206 184 204 182 205 183 207 185 206 184 205 183 208 186 206 184 207 185 83 79 79 75 81 77 209 187 79 75 83 79 210 188 209 187 83 79 211 189 209 187 210 188 212 190 211 189 210 188 213 191 211 189 212 190 214 192 213 191 212 190 215 193 213 191 214 192 216 194 215 193 214 192 217 195 72 70 70 68 74 68 72 70 217 195 218 64 74 68 217 195 219 66 74 68 218 64 220 65 219 66 218 64 221 158 219 66 220 65 222 156 221 158 220 65 223 157 221 158 222 156 224 155 223 157 222 156 227 75 226 76 225 74 228 196 226 76 227 75 229 79 228 196 227 75 230 197 228 196 229 79 87 80 230 197 229 79 231 198 230 197 87 80 232 199 231 198 87 80 223 200 231 198 232 199 78 201 223 200 232 199 159 148 233 202 161 149 234 166 233 202 159 148 235 109 234 166 159 148 236 111 234 166 235 109 237 110 236 111 235 109 238 112 236 111 237 110 239 203 238 112 237 110 240 204 238 112 239 203 243 99 242 100 241 33 244 205 242 100 243 99 245 206 244 205 243 99 246 207 244 205 245 206 247 208 246 207 245 206 248 91 246 207 247 208 249 209 248 91 247 208 216 210 248 91 249 209 51 47 47 46 49 48 250 45 47 46 51 47 53 51 250 45 51 47 251 119 250 45 53 51 55 53 251 119 53 51 252 211 251 119 55 53 57 55 252 211 55 53 253 212 252 211 57 55 234 166 254 213 233 202 255 169 254 213 234 166 256 167 255 169 234 166 257 168 255 169 256 167 236 111 257 168 256 167 258 113 257 168 236 111 238 112 258 113 236 111 259 114 258 113 238 112 142 35 241 33 140 34 260 98 241 33 142 35 144 116 260 98 142 35 261 96 260 98 144 116 262 117 261 96 144 116 263 118 261 96 262 117 250 45 263 118 262 117 251 119 263 118 250 45 265 57 264 58 225 56 266 59 264 58 265 57 222 156 266 59 265 57 267 61 266 59 222 156 268 63 267 61 222 156 269 62 267 61 268 63 218 64 269 62 268 63 270 214 269 62 218 64 272 123 271 216 225 215 273 217 271 216 272 123 274 124 273 217 272 123 275 218 273 217 274 124 276 126 275 218 274 124 277 128 275 218 276 126 278 127 277 128 276 126 279 129 277 128 278 127 138 135 280 219 137 134 281 134 280 219 138 135 140 34 281 134 138 135 282 32 281 134 140 34 241 33 282 32 140 34 283 31 282 32 241 33 242 100 283 31 241 33 260 98 243 99 241 33 284 97 243 99 260 98 261 96 284 97 260 98 247 208 284 97 261 96 285 94 247 208 261 96 249 209 247 208 285 94 216 92 249 209 285 94 273 217 286 220 271 216 244 221 286 220 273 217 287 222 244 221 273 217 242 223 244 221 287 222 288 130 242 223 287 222 283 132 242 223 288 130 289 131 283 132 288 130 153 142 157 146 155 144 290 224 157 146 153 142 291 181 290 224 153 142 292 225 290 224 291 181 204 182 292 225 291 181 206 184 292 225 204 182 135 130 103 223 32 132 293 222 103 223 135 130 133 128 293 222 135 130 294 218 293 222 133 128 131 126 294 218 133 128 129 124 294 218 131 126 297 228 296 227 295 226 298 229 296 227 297 228 299 230 298 229 297 228 300 231 298 229 299 230 301 232 300 231 299 230 302 233 300 231 301 232 109 106 105 102 107 104 156 145 105 102 109 106 303 150 156 145 109 106 154 143 156 145 303 150 304 151 154 143 303 150 305 152 154 143 304 151 169 143 306 142 201 141 307 144 306 142 169 143 167 145 307 144 169 143 308 146 307 144 167 145 165 102 308 146 167 145 309 234 308 146 165 102 312 236 311 229 310 235 313 237 311 229 312 236 314 238 313 237 312 236 315 239 313 237 314 238 316 240 315 239 314 238 317 230 315 239 316 240 205 183 318 241 207 185 319 224 318 241 205 183 203 181 319 224 205 183 306 142 319 224 203 181 202 140 306 142 203 181 201 141 306 142 202 140 322 244 321 243 320 242 323 245 321 243 322 244 324 246 323 245 322 244 325 245 323 245 324 246 326 247 325 245 324 246 327 243 325 245 326 247 124 52 200 248 126 120 328 53 200 248 124 52 122 119 328 53 124 52 329 249 328 53 122 119 121 118 329 249 122 119 99 96 329 249 121 118 332 251 331 250 330 227 333 243 331 250 332 251 334 252 333 243 332 251 335 247 333 243 334 252 336 253 335 247 334 252 337 254 335 247 336 253 338 205 102 99 103 100 339 206 102 99 338 205 340 255 339 206 338 205 341 256 339 206 340 255 92 89 341 256 340 255 94 91 341 256 92 89 333 251 342 257 331 227 343 245 342 257 333 251 335 252 343 245 333 251 344 246 343 245 335 252 337 258 344 246 335 252 345 259 344 246 337 258 346 176 197 178 199 177 347 260 197 178 346 176 348 174 347 260 346 176 349 172 347 260 348 174 350 173 349 172 348 174 353 55 352 261 351 212 354 211 352 261 353 55 350 54 354 211 353 55 328 53 354 211 350 54 200 248 328 53 350 54 217 264 355 263 218 262 356 265 355 263 217 264 357 263 356 265 217 264 358 266 356 265 357 263 359 267 358 266 357 263 360 270 351 269 95 268 361 271 351 269 360 270 362 272 361 271 360 270 363 273 361 271 362 272 364 274 363 273 362 272 367 247 366 276 365 275 368 252 366 276 367 247 369 243 368 252 367 247 370 251 368 252 369 243 371 227 370 251 369 243 274 124 372 125 276 126 373 60 372 125 274 124 272 123 373 60 274 124 264 58 373 60 272 123 225 122 264 58 272 123 166 106 162 105 164 104 160 107 162 105 166 106 374 108 160 107 166 106 235 109 160 107 374 108 237 110 235 109 374 108 368 247 375 253 366 277 376 252 375 253 368 247 370 243 376 252 368 247 377 251 376 252 370 243 378 227 377 251 370 243 380 247 365 278 379 277 367 252 365 278 380 247 381 243 367 252 380 247 369 251 367 252 381 243 382 227 369 251 381 243 0 0 179 160 2 2 383 279 179 160 0 0 384 280 383 279 0 0 22 22 383 279 384 280 20 20 22 22 384 280 334 247 379 276 336 281 380 252 379 276 334 247 332 243 380 252 334 247 381 251 380 252 332 243 385 227 381 251 332 243 25 25 29 28 27 6 386 282 29 28 25 25 387 283 386 282 25 25 388 284 386 282 387 283 21 21 388 284 387 283 288 130 279 129 289 131 277 128 279 129 288 130 287 222 277 128 288 130 275 218 277 128 287 222 273 217 275 218 287 222 130 125 64 62 62 60 389 285 64 62 130 125 390 286 389 285 130 125 359 287 389 285 390 286 391 288 359 287 390 286 376 247 392 258 375 281 326 252 392 258 376 247 377 243 326 252 376 247 327 251 326 252 377 243 321 227 327 251 377 243 84 80 88 83 86 82 393 84 88 83 84 80 394 289 393 84 84 80 177 86 393 84 394 289 176 201 177 86 394 289 363 273 347 260 349 172 395 290 347 260 363 273 364 274 395 290 363 273 396 273 395 290 364 274 146 41 262 117 144 116 397 43 262 117 146 41 43 42 397 43 146 41 45 44 397 43 43 42 400 231 399 292 398 291 401 230 399 292 400 231 402 226 401 230 400 231 403 227 401 230 402 226 404 202 186 148 185 149 187 166 186 148 404 202 405 213 187 166 404 202 190 169 187 166 405 213 97 94 329 249 99 96 352 261 329 249 97 94 95 92 352 261 97 94 351 212 352 261 95 92 406 285 269 62 270 214 372 125 269 62 406 285 407 286 372 125 406 285 408 293 372 125 407 286 409 287 407 286 406 285 391 288 407 286 409 287 358 294 391 288 409 287 359 287 391 288 358 294 383 279 181 162 179 160 410 295 181 162 383 279 22 22 410 295 383 279 24 24 410 295 22 22 182 163 8 8 411 296 412 297 8 8 182 163 184 165 412 297 182 163 28 27 412 297 184 165 178 159 8 8 6 6 411 296 8 8 178 159 180 161 411 296 178 159 182 163 411 296 180 161 400 230 413 257 402 227 414 239 413 257 400 230 398 240 414 239 400 230 415 238 414 239 398 240 317 231 416 227 311 226 417 230 416 227 317 231 316 291 417 230 317 231 418 292 417 230 316 291 92 216 128 123 58 215 419 217 128 123 92 216 340 220 419 217 92 216 338 221 419 217 340 220 18 18 21 21 19 19 388 284 21 21 18 18 16 16 388 284 18 18 14 14 388 284 16 16 420 249 285 94 261 96 421 261 285 94 420 249 252 211 421 261 420 249 253 212 421 261 252 211 246 207 286 255 244 205 271 89 286 255 246 207 248 91 271 89 246 207 225 88 271 89 248 91 230 197 226 76 228 196 224 298 226 76 230 197 231 198 224 298 230 197 223 200 224 298 231 198 362 191 209 187 211 189 422 192 209 187 362 191 360 193 422 192 362 191 95 194 422 192 360 193 423 180 196 177 194 175 198 179 196 177 423 180 127 299 198 179 423 180 126 180 198 179 127 299 424 115 258 113 259 114 257 168 258 113 424 115 425 300 257 168 424 115 426 170 257 168 425 300 395 290 197 178 347 260 427 260 197 178 395 290 396 273 427 260 395 290 192 172 427 260 396 273 429 203 115 112 428 204 113 110 115 112 429 203 111 108 113 110 429 203 299 230 430 233 301 232 431 231 430 233 299 230 297 228 431 231 299 230 324 246 392 254 326 247 432 259 392 254 324 246 322 244 432 259 324 246 290 224 158 147 157 146 433 241 158 147 290 224 434 301 433 241 290 224 435 302 14 14 12 12 388 284 14 14 435 302 386 282 388 284 435 302 410 295 183 164 181 162 26 26 183 164 410 295 24 24 26 26 410 295 1 1 384 280 0 0 20 20 384 280 1 1 3 3 20 20 1 1 373 60 269 62 372 125 267 61 269 62 373 60 266 59 267 61 373 60 412 297 10 10 8 8 30 29 10 10 412 297 28 27 30 29 412 297 349 172 361 271 363 273 353 171 361 271 349 172 350 173 353 171 349 172 436 271 192 172 396 273 57 171 192 172 436 271 253 269 57 171 436 271 298 229 437 226 296 227 438 228 437 226 298 229 300 231 438 228 298 229 419 217 129 124 128 123 294 218 129 124 419 217 293 222 294 218 419 217 393 84 90 85 88 83 91 87 90 85 393 84 177 86 91 87 393 84 91 303 75 69 77 72 73 71 75 69 91 303 177 72 73 71 91 303 85 81 210 188 83 79 229 79 210 188 85 81 87 80 229 79 85 81 227 75 214 192 212 190 439 304 214 192 227 75 225 305 439 304 227 75 364 274 213 272 396 273 211 306 213 272 364 274 362 272 211 306 364 274 440 307 84 80 82 78 394 289 84 80 440 307 176 201 394 289 440 307 346 176 350 173 348 174 200 175 350 173 346 176 199 177 200 175 346 176 401 231 302 309 399 308 300 230 302 309 401 231 438 229 300 230 401 231 374 108 239 203 237 110 441 310 239 203 374 108 442 311 441 310 374 108 119 116 38 37 36 35 40 39 38 37 119 116 42 41 40 39 119 116 355 263 270 312 218 262 406 313 270 312 355 263 409 267 406 313 355 263 120 117 42 41 119 116 44 43 42 41 120 117 46 45 44 43 120 117 39 38 141 36 139 136 143 37 141 36 39 38 145 39 143 37 39 38 250 45 45 44 47 46 397 43 45 44 250 45 262 117 397 43 250 45 168 150 374 108 166 106 442 311 374 108 168 150 170 151 442 311 168 150 444 315 208 186 443 314 434 301 208 186 444 315 445 101 165 102 163 103 309 234 165 102 445 101 344 246 342 245 343 245 345 259 342 245 344 246 425 293 130 125 132 127 390 286 130 125 425 293 446 316 115 112 117 114 428 204 115 112 446 316 447 316 238 112 240 204 259 114 238 112 447 316 31 30 435 302 12 12 29 28 435 302 31 30 25 25 21 21 387 283 23 23 21 21 25 25 17 17 5 5 15 15 3 3 5 5 17 17 13 13 5 5 7 7 15 15 5 5 13 13 11 11 7 7 9 9 13 13 7 7 11 11 263 118 420 249 261 96 251 119 420 249 263 118 216 92 421 261 253 212 285 94 421 261 216 92 439 90 248 91 216 210 225 88 248 91 439 90 284 97 245 206 243 99 247 208 245 206 284 97 174 200 440 307 82 78 176 201 440 307 174 200 193 174 427 260 192 172 195 176 427 260 193 174 389 313 357 263 448 312 359 267 357 263 389 313 358 266 355 263 356 265 409 267 355 263 358 266 66 262 357 263 217 264 448 312 357 263 66 262 309 234 319 224 308 146 318 241 319 224 309 234 292 225 434 301 290 224 206 184 434 301 292 225 151 140 291 181 153 142 149 139 291 181 151 140 307 144 319 224 306 142 308 146 319 224 307 144 111 108 303 150 109 106 449 311 303 150 111 108 305 152 152 141 154 143 150 137 152 141 305 152 450 310 111 108 429 203 449 311 111 108 450 310 116 113 189 168 118 115 114 111 189 168 116 113 408 300 189 168 191 170 118 115 189 168 408 300 416 226 297 229 295 227 417 231 297 229 416 226 451 317 382 251 385 243 452 318 382 251 451 317 453 319 385 251 330 243 451 320 385 251 453 319 454 319 321 251 378 243 320 321 321 251 454 319 455 317 378 251 371 243 454 322 378 251 455 317 452 323 371 251 382 243 455 320 371 251 452 323 448 214 64 62 389 285 66 64 64 62 448 214 125 50 50 49 48 47 127 121 50 49 125 50 61 59 173 156 59 57 63 61 173 156 61 59 65 63 173 156 63 61 67 65 173 156 65 63 221 158 78 73 76 67 223 157 78 73 221 158 67 65 175 158 173 156 69 67 175 158 67 65 341 256 98 95 100 97 94 91 98 95 341 256 52 50 423 120 194 248 50 49 423 120 52 50 54 52 194 248 56 54 52 50 194 248 54 52 338 221 293 222 419 217 103 223 293 222 338 221 123 51 48 47 46 45 125 50 48 47 123 51 37 36 139 136 35 34 39 38 139 136 37 36 339 206 100 97 102 99 341 256 100 97 339 206 66 64 70 68 68 66 217 195 70 68 66 64 220 65 268 63 222 156 218 64 268 63 220 65 172 298 82 78 80 76 174 200 82 78 172 298 229 79 212 190 210 188 227 75 212 190 229 79 219 66 76 67 74 68 221 158 76 67 219 66 436 271 213 272 215 270 396 273 213 272 436 271 253 269 215 270 216 268 436 271 215 270 253 269 422 192 79 75 209 187 93 304 79 75 422 192 456 324 208 186 207 185 443 314 208 186 456 324 207 185 457 325 456 324 318 241 457 325 207 185 459 327 296 229 458 326 295 228 296 229 459 327 282 133 289 131 281 328 283 132 289 131 282 133 460 330 295 229 459 329 416 228 295 229 460 330 310 332 416 229 460 331 311 228 416 229 310 332 403 226 438 229 401 231 437 227 438 229 403 226 321 250 325 245 327 243 323 257 325 245 321 250 226 154 265 57 225 153 224 155 265 57 226 154 278 127 372 125 408 293 276 126 372 125 278 127 89 84 232 199 87 80 77 86 232 199 89 84 461 327 296 229 437 228 458 326 296 229 461 327 462 330 437 229 403 228 461 329 437 229 462 330 463 236 402 229 413 237 464 235 402 229 463 236 415 238 413 237 414 239 463 236 413 237 415 238 464 332 403 229 402 228 462 331 403 229 464 332 465 325 434 301 444 315 433 241 434 301 465 325 466 242 330 251 331 243 453 322 330 251 466 242 331 251 467 244 466 321 342 245 467 244 331 251 354 211 329 249 352 261 328 53 329 249 354 211 313 257 317 230 311 227 315 239 317 230 313 257 417 231 431 230 297 229 418 308 431 230 417 231 252 211 420 249 251 119 33 133 137 328 136 131 309 234 457 325 318 241 465 325 468 333 158 147 469 333 457 325 309 234 468 333 104 101 158 147 445 101 469 333 309 234 29 28 386 282 435 302 465 325 158 147 433 241 50 49 127 121 423 120 418 308 430 309 431 230 342 245 345 259 467 244 382 227 381 243 385 250 234 166 236 111 256 167 257 168 426 170 255 169 159 148 160 107 235 109 321 227 377 243 378 250 370 243 371 250 378 227 371 227 369 243 382 250 385 227 332 243 330 250 361 271 353 171 351 269 187 166 190 169 188 167 303 150 449 311 304 151 93 304 58 305 79 75 94 91 96 93 98 95 149 139 204 182 291 181 373 60 264 58 266 59 206 184 208 186 434 301 77 86 78 201 232 199 39 38 41 40 145 39 216 194 214 192 439 334 95 194 93 334 422 192 427 260 195 176 197 178 265 57 224 155 222 156</p>
                </polylist>
            </mesh>
        </geometry>
        <geometry id="mesh8">
            <mesh>
                <source id="points8">
                    <float_array id="pointarray8" count="981">153.90996753467917 188.71703758026135 30.815821300609837 150.9345008487143 180.25683829173371 25.869142573584288 149.83170201252636 190.33150617942843 30.622683862226378 146.6838164953207 184.80623452772073 30.104260286608636 142.2691180730429 192.55511194025564 28.54030293607784 136.4885100755309 185.82097947674959 28.417756275936057 135.33930877370685 196.38355484891605 24.57913094519126 130.30964583160304 180.93552929089623 22.404649411048496 127.84061421753087 186.11514799752985 18.982092606425386 128.880845343014 176.28418866520076 14.969965451027806 125.18545080133795 181.52479238821394 8.144993932326754 128.88184876175194 174.76143435909913 0.7206742387268332 125.16282461001971 181.4746497002026 -5.220634386370133 129.1871281134365 176.28548479682664 -11.46673386361506 129.18669311026684 185.12173792550513 -18.057716294061343 135.75778393700458 173.6963392395595 -13.11177394233337 135.7575952292399 181.64912817265633 -22.404361121484424 143.1173421919144 173.1893279351905 -15.35588532534032 142.88282567577073 181.14213227192147 -25.43051786744668 152.29686417194455 175.32303370477075 -15.944291591929968 150.60161996098154 180.59441638860292 -25.30820335426556 153.7030890490321 175.64817060208367 -16.035597395378026 153.95320499408322 179.4774790640102 -23.93696095330102 156.42944745934474 177.78123753619894 -15.984549367772651 156.60939272779547 179.325324789521 -22.66727675812297 158.64035214697734 181.31605933574838 -20.96080882245771 158.72604053961575 186.56704371220275 -25.03320802417723 161.99950254186254 185.82590996029222 -24.28148354990768 161.7717737351553 173.51466583251255 14.271036188579794 156.86572136557666 171.3915453460256 14.311263355347037 163.0771549241193 165.39988890176062 15.448850884629936 157.13990900014954 162.768865565571 15.346803981173968 157.63985380398313 159.98584808713446 20.607638049873792 150.24147302338326 159.5789154622574 20.302484610262965 157.25647205206732 162.26052999492768 26.48819251897704 150.74871752622312 161.76226921600534 26.304963439954975 151.27934769058692 167.40912441618678 27.75760987979217 145.95164069934086 164.69703267371898 25.065752208537035 148.55211321601416 175.20891727902813 26.71172552949702 143.30272256530867 169.99836044763344 24.75100277916789 142.34916074992736 175.5436510549731 23.32933613605218 141.38121302939726 168.96245464664227 20.312556066102776 142.27915396323337 175.81812658323165 17.834814005629365 143.19383040170842 170.43548517623512 16.067423707439303 148.40432989123963 175.79852960243323 14.95080777518456 145.82716322010717 165.17481549840565 15.661080419862769 152.50672357705818 167.7856956101391 13.691296220985485 150.5931223143567 162.35188129004507 14.533888964579782 152.92912690820077 177.5470417657735 -10.307428256900327 147.72552556414269 180.5526479063152 -7.108379522556572 145.92927312767628 174.91583260113737 -8.622039350526862 143.87438602153566 174.4584149161316 -4.600310413580775 146.73467739235355 168.09096715436016 -9.841067903467062 145.22664167131458 167.2273018480072 -4.7935442285540875 149.67260883479187 160.6972834746103 -5.443588982553237 147.11694569254055 167.67413346449845 -0.17231514581288954 150.64082415650148 162.8197650817428 0.10188351062846612 155.42150544503454 167.898268890109 1.5953841625256289 158.41454560754607 160.3728838863265 -0.7813584267381066 160.60127733084732 166.87296609343645 1.7987725643441643 166.1409131859957 162.66894150366966 -1.1362508555812152 164.67897762600344 171.46398156296604 1.6672074800556627 171.4761665637086 169.6873948150152 -0.7598111972771742 173.42799467963388 183.3375700285339 -0.58638276336589 172.67190916819638 168.73309023791194 -6.396503353334737 174.56112890209016 183.754369808115 -6.568325452905931 173.11615588736947 183.5208920751868 -11.829361162929944 170.62287850334738 194.75344439750654 -11.311004376479389 163.63164669891233 185.58176462108952 -12.82514715223556 150.86400115092448 177.20957992862355 33.72992946415822 154.24749294036232 173.27967555114358 28.611195401265956 154.62341241544812 168.4660186444401 20.892237571456 152.33430390449666 167.90713079855283 22.5272288405869 147.00688783587154 161.5489035862652 20.70863385608385 145.6004186600903 162.22911659132035 23.278112759278066 140.89720859466544 160.72536826401202 27.03556923452045 143.46029573482693 155.9522815298858 24.76049514657903 145.70216222105705 155.58658544966053 30.651237697046515 147.8668264189377 151.7580746629162 26.659778659335398 154.32746411093606 153.58670720577788 28.772756110208892 155.43735710549743 151.25111099153895 23.836773778848155 158.8426348327191 159.12234234650245 27.65610649395666 160.1477657893445 157.79224931446038 22.38502791052305 158.99110210574833 163.21565503510843 20.770374424775447 159.71881586836543 155.90359094479936 13.112255543758781 158.7965275425627 160.73791245693127 12.411650428517698 157.63308958208748 156.70596594849454 8.359043311984312 145.8899584119887 181.90365144327868 -15.35530023909207 144.18744695329988 176.71374624740994 -17.417370466397394 145.83557537980198 181.6905909729039 -20.06781357631995 146.16418822271908 177.17114001488602 -21.093791631689168 151.62503940182444 179.35534327318157 -23.07382607640658 147.5866502417644 171.1181624186574 -21.368214725824597 154.31318989669668 172.71342880763876 -23.480232275123047 150.93081923100698 167.47244383650823 -22.617406417711 157.0793995812307 165.96989931963356 -22.637419927201556 150.13382135154168 165.42055507988317 -17.376928058372215 156.49336976105496 163.77585658172856 -17.681310642900304 157.1725134871517 166.3655261807203 -12.714739425954031 164.86820332355572 165.8282297020771 -18.12758187085381 162.859875734223 167.87934726775393 -12.795573655479517 170.32842421057293 173.58813071371242 -18.3706303545974 168.67959258142213 174.67446229707562 -13.536302932690795 170.22552754276302 184.6683591171439 -13.566199272392378 164.30436949821652 175.83177187145304 -11.64744902749501 162.39478820867532 185.5492041627042 28.378681511963638 158.75391793916162 187.55975416664984 29.30277691843957 167.6675418946686 193.552881801988 27.211414684059275 161.682726794718 197.60461514052844 28.176091505850245 163.2762400753748 201.58612521247304 25.881066120421213 149.4479907246023 204.71308223939982 23.05694418792149 164.54210412478494 204.53196732596916 17.319565273356837 149.44813030600923 207.62825501483132 16.191459185664357 164.542444947333 202.5414641366811 14.780407451720999 149.44833368269713 209.13165407952695 10.473562715959677 164.53450199183143 205.55799173638138 12.231332925339725 165.73028615669864 206.52339507511743 2.9080141798282546 172.21530522301074 196.83473033827423 7.366534615861677 171.06743648861638 194.61068877743816 1.4147964265978774 157.37337569298973 166.31296252271423 24.863393907945927 156.76393230434246 162.96103744496273 31.231164971146235 154.27894046297976 168.30290050710903 33.11017730296358 148.92764605895348 163.8843097664681 35.567454972597304 144.87218105558622 172.37457029812498 35.19183605230236 143.21723922104465 160.21751250257685 32.49974720067597 139.74009880390943 166.54454295143225 32.19515321726969 136.2786456148347 173.44041687407577 29.971056266419705 136.03735151775695 167.8953763623505 23.826244825331546 166.5845267258393 170.33617625533404 15.04304919708804 166.42149108252966 160.14949554700448 13.93551978114832 160.78799607929128 166.66922287294742 15.062836116628901 157.97626183449952 159.2854198845777 13.904499996115675 153.01460859420342 166.17083648823882 15.011561904974096 151.4997750748158 158.62466400523584 13.680640014989821 146.5931798920516 162.8594005453825 12.786796985974288 150.99257655134872 155.8623972092703 7.820320929294861 145.04672960182106 161.6305939663069 7.667894930107813 146.632881480366 162.64661476109313 2.528977026200949 141.8430183303083 167.89670148840096 7.596908267638187 143.9135054045907 168.82132322029656 3.2603589311380032 143.6629296042401 174.00091731306256 4.712935829401762 149.80382763424768 173.0875820676178 1.6156064576751041 142.80397062765365 172.14243400591107 0.7213887831854833 152.29570342985915 175.64713583586317 2.783848244659455 153.8268829957612 176.0433475854218 3.332397117228117 152.38138814678456 173.3413018251905 10.573586357302096 153.88911761132724 173.7476583642857 11.315103044671877 153.2321325120393 175.2197789454146 21.19716489279247 156.51396302722839 175.34243352581024 11.386431639450208 156.0992028800599 176.6317805069943 20.933343103014337 157.31799537979154 180.18688264937816 14.677337296657317 157.2630399138555 181.29377869470744 17.38910570536877 164.0205963173997 186.18989097634875 13.987404568840764 147.72529311271967 179.9430426254056 -2.3045026739404477 151.9908909584335 181.62948674330244 -4.487758100390177 155.58502894207288 179.47684756496116 -7.55483181656991 155.71753955710537 179.16175292859293 -2.060307861817802 157.17121758522896 173.67754383441059 -2.6597017936886553 160.72579342350357 175.01851546708667 -2.903173003254972 164.5852571141567 174.1556038146399 -3.024856476629762 158.64025577030182 170.76284933862578 -2.8831903748542755 158.43034698811604 173.46541142683557 -24.150260259480014 162.77458876833654 167.47357560530617 -22.941691663250907 163.60979635772742 176.25888817002783 -24.56622002805613 168.78958384849207 174.66480520920726 -23.733171414721237 170.26521254270756 184.38446108342123 -23.43808515540758 171.46018507621304 184.99372424343056 -18.755952745928536 169.29505571680653 196.37868093400212 -18.857100080638542 168.31838673408794 194.36741630931934 -13.951786854321501 128.90205949963894 197.0331959689079 19.409242570961503 125.52011977302571 190.4518280468637 15.224348114507391 125.1213724078365 198.27244204012035 8.145792973802596 123.4736537621935 190.64494325921206 8.145327871365527 123.45882494209624 190.62526031805896 -5.017173523374228 125.51394115553065 190.45312540271948 -11.852213783382634 129.80287939353872 195.74523314191336 -18.05716980474791 136.37341682599074 196.14215447550015 -22.40362914288725 140.9810145515109 180.19467112738948 31.952132514338263 132.81765423223686 176.96453036222235 25.360079026495637 132.03756419764431 171.51106391480778 14.655083366738717 135.8426980979689 167.5810142716118 13.395749609956283 135.7568841344537 174.38630104402125 0.7210711148998246 157.10704600612908 171.6244938751639 28.245663615798165 162.59217025109288 164.54617003251585 26.88471780506828 164.90517248815254 162.982607453765 21.00431386731929 169.63111427108683 169.26974898467645 21.472087944603505 168.0219492477277 170.81362965310493 15.581440057262489 169.11433039415945 185.3574835770907 15.551734480700809 168.23852786061792 193.89880895124904 15.511466117784808 149.59666057743362 199.10661128980558 27.962152960884875 137.33902906861294 204.00127865046332 17.317898314648012 129.13631033044518 203.04606934923964 12.076732719987419 125.11434252900179 198.27306308316105 -4.823738233425851 164.58573526598227 175.27325480218977 -12.693552539930996 171.0236668952894 170.20585643626777 -11.931688270036636 165.77429263728652 163.06548072174655 -11.150316130310065 167.2819922072699 161.13570120182152 -6.265161582396557 158.32131732796924 158.10827631065743 -5.8900661989878955 165.73066143781566 204.16726690128434 0.3688388316459248 149.44861363398263 209.8225531785668 4.755627298373894 149.44907327833445 209.82291835827257 -2.8615598996075216 137.3393206999354 207.4752077789788 7.0602527235580785 137.34005796947574 207.47579352722687 -5.157715542004115 129.44230976719876 203.01666934692332 -9.61699949325789 147.5942643866459 151.6774883561279 12.278508833468742 151.1258072503512 151.11941829177766 8.297445317024547 149.23459055873056 157.11140593687745 8.744493445298042 154.28105374591797 161.44859770050928 8.795787144260107 153.08504992608007 165.64278094791666 13.701384633987335 152.66277663587226 167.26754635805023 17.763936909540377 156.8572650250477 175.34210999327559 18.810670839561162 159.216501101855 176.76420339195647 18.892131377687846 155.224376497746 176.17477052492634 18.76998722647766 159.2787280628803 176.52022411670228 23.79759202054689 155.2788022588205 175.9409565010967 23.472322892773626 158.03138299616032 177.00975208858537 -20.96105202053016 160.71859902734386 179.6912304204715 -20.442792578955924 157.6873499969484 179.5182763317188 -20.18907754403021 160.7574142071031 179.8637067808661 -16.613875847018797 157.72618390680503 179.68061056282465 -16.65469253726352 158.54678069032184 173.95236007355666 -12.419761533878702 154.51564528924848 172.2355364881626 -11.638055868440551 164.12303365678284 185.7843151921166 0.12411052362447084 174.15448685623758 182.55549286187772 1.800342250949952 166.63231391535783 170.0220380813073 0.41803751345230067 172.55440083753305 166.84362043198047 1.8705861930695997 166.4613099954748 159.94695998519674 1.7175441359429504 173.89788925048964 165.82783824727386 7.791712115501037 167.8986108866818 158.11867547124967 7.8722305088164015 149.44948340643586 209.13256751569764 -8.579561528591176 137.16882564918043 206.05430652156105 -13.587481238801342 149.94214263545666 207.78210634923406 -14.28740885080957 150.4351400989516 203.9028184053896 -21.65084608266919 163.34099781452437 204.55377176926544 -16.165661280946853 162.3807661619152 201.2328997051584 -22.676034462532062 167.81897801620633 193.9920295778098 -23.163553426262133 149.81090467518038 173.34092374497234 13.4070248828286 151.77177198835 176.1342305565706 10.208058480837654 153.76436413013863 171.73675445122507 10.370467892669767 157.93603324711455 174.2660795694137 9.83255965182565 157.95194850832564 174.16474154932365 5.180993410704028 162.81875795890247 175.11965886024822 9.954770208154873 162.84249954728892 175.00817555189087 5.089922710106674 158.1471859059834 171.6254477805215 10.391039528630333 158.16315456172677 171.50383816141712 4.886347347637768 169.1832467787686 196.20406773221254 21.747570932460487 166.37935437465802 192.61901054432053 14.170667619257818 170.97294753921966 194.73197697927924 13.47026488320028 145.8989273924094 170.8943721047319 -17.326139933293415 147.6720801554045 171.48341961054666 -13.52756732403629 146.2418566552915 177.49580896400403 -14.035177867753102 151.74148850129623 179.8219901326993 -11.566765815643066 155.46092482121244 178.36027644093224 -20.656454893881154 153.62463504838655 182.0265041561509 -20.544671190370572 155.51530846625826 178.5733373982133 -15.95409780625058 153.6790171233908 182.24972087609638 -15.832157366294169 161.9428642069765 172.79291102434138 28.398355184430724 168.16973352968472 170.21386108012916 27.34235732472643 169.36369724169808 184.63585639748567 27.1704645406707 170.80929148133757 185.25579406453272 21.53386293302615 152.69335418456666 174.12299682638746 18.200986150833103 149.9038544212174 178.72351211150226 18.261975877639404 152.76336097126054 173.84852129812896 23.695508281255922 149.98167370786237 178.44903731951536 23.75649847952764 160.13335341178663 167.38142872402048 -12.68404330691724 158.04792567169602 160.76942359130967 -10.80557995106427 154.8519632629873 168.56918980647885 -12.217117574787627 150.17268941389807 163.32806021656845 -10.887182499158794 159.98227224684655 180.1365189920977 11.204058269842823 160.00617352293168 180.0150055428947 3.708741639243194 160.83577017140533 166.41601635346956 0.5597023492519477 166.49744531901553 192.02047576819507 0.13470902369635596 170.8566688492019 194.17405241688166 -0.7180496528893041 165.73059258626657 206.52363852825465 -2.170110618826021 171.8958240585958 196.59159239081637 -6.029589617434784 164.55934887494865 205.52864264638384 -11.0772599466327 156.42831245916295 177.20138622559068 3.728703350237974 156.4131125561384 177.26266454558248 -3.4111381385096964 157.35014627596655 180.02508918089998 0.0015507248319024391 159.0221501568445 180.9597940683549 -3.593615948952568 158.76467568816605 180.94988132027117 -9.179569272679592 158.40618839900017 171.0169969060386 -8.3777233797479 156.92152460116597 173.9316894423739 -8.144079491915818 160.52293207772354 175.23200300261385 -7.605518601090916 157.32513587460085 181.00906730179014 24.52893931224165 155.83290148564342 179.69863511934386 27.35222384694028 152.93446745358503 179.75930676358593 27.199708110401584 150.7245296470637 174.80327172976575 18.37355620355239 158.5082179279647 155.64982134015995 7.881701752792212 158.01616115077215 158.22975935883142 1.6864834556351442 151.8580669595442 157.68939243533657 33.08920989279244 143.6703984483499 174.12252914098187 10.21762942479058 147.47500559334605 176.7636464928743 7.425016969802962 151.7643031442401 176.0126187286513 4.703364885448831 148.4833965385961 168.90267527403284 10.116107111379026 146.12415400237 174.46859964826746 -0.7712680465065014 153.20197581649893 176.21603159570975 1.524555248098472 150.5538402638871 190.97415746097846 -26.526458575554035 150.69611427082484 148.1535265107767 13.01993328940901 144.86706626131232 153.75891344752182 19.560475057253353 149.0938920591299 149.62561789250958 21.652719389745045 145.60681612444316 178.80423348447545 20.841407864163887 151.04747436337013 166.92355338208563 -12.938519769314416 144.2644975950517 163.98616647576503 20.261710233083797 156.36658302279514 177.39497572563596 -9.342384403099725 164.5363199171185 202.552961076766 -13.200060173480972 166.54506372997145 192.34609513471167 -12.692615809759403 153.7881452858331 171.61514556839228 4.865776183142619 153.07802174080658 165.84654353718466 0.38655067742067795 149.56181818083866 183.7627182449218 -18.005770701965034 143.9207775620912 169.0138778542657 11.913493309632072 156.4927608683501 150.0634092780245 13.82271836245726 164.37459456842575 174.37925660159163 -7.930327051028783 160.5064285206087 195.52500958320817 -24.7381398913508 151.55519803349176 158.37132821805437 1.8892253615596704 147.0464793041097 160.46252745032572 13.639834400893216 145.8195194761231 162.07706077491028 17.702337628659674 158.6947008590524 181.5290925393718 -15.67954550778055 157.36650694731196 180.28975739296783 -12.602341424435819 155.85878953082425 187.9887044346322 -26.201281596884257 156.9272724246008 175.0676349519233 24.295036720386673 175.4119288848522 182.79908531545 7.559023362920559 174.13812792618538 182.72757746478902 13.693317862892169 172.51460192157685 167.10711394127588 13.662002276279102 142.5689627558608 166.91104894202707 19.378154422494166 142.63199152282513 166.53566555763518 11.202359254989114 158.08576602834705 177.22281255896013 -16.24853868330228</float_array>
                    <technique_common>
                        <accessor count="327" source="#pointarray8" stride="3">
                            <param name="X" type="float"/>
                            <param name="Y" type="float"/>
                            <param name="Z" type="float"/>
                        </accessor>
                    </technique_common>
                </source>
                <source id="uvs8">
                    <float_array id="uvarray8" count="868">0.762451171875 0.4276123046875 0.785888671875 0.40576171875 0.76318359375 0.4049072265625 0.7650146484375 0.3974609375 0.7740478515625 0.3875732421875 0.7691650390625 0.377197265625 0.7850341796875 0.3809814453125 0.7947998046875 0.3690185546875 0.8052978515625 0.3631591796875 0.81982421875 0.3656005859375 0.844482421875 0.3568115234375 0.871337890625 0.3656005859375 0.892822265625 0.356689453125 0.9154052734375 0.3663330078125 0.9393310546875 0.3663330078125 0.926513671875 0.382080078125 0.955078125 0.382080078125 0.9295654296875 0.388916015625 0.9659423828125 0.388427734375 0.931640625 0.410888671875 0.965576171875 0.4068603515625 0.9305419921875 0.4249267578125 0.9642333984375 0.4290771484375 0.942138671875 0.439208984375 0.962646484375 0.4365234375 0.94677734375 0.442626953125 0.9644775390625 0.4410400390625 0.9617919921875 0.4456787109375 0.6708984375 0.467529296875 0.6708984375 0.4757080078125 0.680419921875 0.4716796875 0.680419921875 0.479736328125 0.6947021484375 0.4771728515625 0.6947021484375 0.4837646484375 0.708984375 0.479736328125 0.708984375 0.4837646484375 0.7186279296875 0.4837646484375 0.708984375 0.48779296875 0.7186279296875 0.48779296875 0.708984375 0.4959716796875 0.708984375 0.5009765625 0.6947021484375 0.4959716796875 0.680419921875 0.5009765625 0.680419921875 0.4959716796875 0.6708984375 0.48779296875 0.680419921875 0.48779296875 0.6708984375 0.4837646484375 0.680419921875 0.4837646484375 0.5628662109375 0.48583984375 0.5723876953125 0.4990234375 0.5723876953125 0.492919921875 0.586669921875 0.492919921875 0.5723876953125 0.48583984375 0.586669921875 0.4884033203125 0.586669921875 0.4818115234375 0.6009521484375 0.48583984375 0.6009521484375 0.4818115234375 0.610595703125 0.4818115234375 0.6009521484375 0.4776611328125 0.610595703125 0.47412109375 0.6009521484375 0.4705810546875 0.610595703125 0.466552734375 0.6009521484375 0.466552734375 0.6009521484375 0.4625244140625 0.586669921875 0.466552734375 0.586669921875 0.4599609375 0.5723876953125 0.4625244140625 0.5723876953125 0.4573974609375 0.5628662109375 0.464599609375 0.7308349609375 0.3951416015625 0.6541748046875 0.394287109375 0.6318359375 0.400634765625 0.6500244140625 0.400634765625 0.6500244140625 0.4061279296875 0.66943359375 0.400634765625 0.66943359375 0.4061279296875 0.6876220703125 0.400634765625 0.6876220703125 0.4061279296875 0.7001953125 0.4034423828125 0.7001953125 0.4097900390625 0.7154541015625 0.4097900390625 0.7154541015625 0.4124755859375 0.7308349609375 0.4097900390625 0.7308349609375 0.4124755859375 0.743408203125 0.4124755859375 0.7308349609375 0.421630859375 0.74072265625 0.421630859375 0.7308349609375 0.42626953125 0.5533447265625 0.4959716796875 0.5390625 0.4898681640625 0.5247802734375 0.4959716796875 0.5247802734375 0.4898681640625 0.5152587890625 0.4837646484375 0.5247802734375 0.4837646484375 0.5152587890625 0.479736328125 0.5247802734375 0.479736328125 0.5247802734375 0.4757080078125 0.5390625 0.479736328125 0.5390625 0.47314453125 0.5533447265625 0.4757080078125 0.5390625 0.47216796875 0.5533447265625 0.4696044921875 0.5390625 0.465576171875 0.5533447265625 0.465576171875 0.5533447265625 0.4615478515625 0.5628662109375 0.465576171875 0.5628662109375 0.4635009765625 0.716552734375 0.45361328125 0.7197265625 0.4468994140625 0.7088623046875 0.4530029296875 0.713623046875 0.435546875 0.703857421875 0.4371337890625 0.6942138671875 0.4073486328125 0.673828125 0.4405517578125 0.670166015625 0.4072265625 0.664794921875 0.4405517578125 0.6500244140625 0.4071044921875 0.6558837890625 0.4404296875 0.623046875 0.4437255859375 0.638671875 0.4603271484375 0.620849609375 0.4569091796875 0.743408203125 0.4063720703125 0.7308349609375 0.4034423828125 0.743408203125 0.400634765625 0.7308349609375 0.400634765625 0.7154541015625 0.400634765625 0.7154541015625 0.394287109375 0.7001953125 0.400634765625 0.7001953125 0.3951416015625 0.7001953125 0.38330078125 0.6917724609375 0.38330078125 0.66455078125 0.467529296875 0.655029296875 0.4716796875 0.66455078125 0.4757080078125 0.655029296875 0.479736328125 0.66455078125 0.4837646484375 0.655029296875 0.4837646484375 0.655029296875 0.48779296875 0.6407470703125 0.4837646484375 0.6407470703125 0.4903564453125 0.62646484375 0.48779296875 0.6407470703125 0.4959716796875 0.62646484375 0.4959716796875 0.62646484375 0.5009765625 0.616943359375 0.48779296875 0.871337890625 0.38818359375 0.8638916015625 0.410888671875 0.8687744140625 0.4251708984375 0.835693359375 0.408935546875 0.8330078125 0.42529296875 0.7972412109375 0.4254150390625 0.8358154296875 0.4373779296875 0.7982177734375 0.4390869140625 0.8177490234375 0.4404296875 0.8082275390625 0.44287109375 0.8212890625 0.447509765625 0.8521728515625 0.4918212890625 0.82470703125 0.4918212890625 0.83837890625 0.4901123046875 0.830810546875 0.4857177734375 0.8460693359375 0.4857177734375 0.8460693359375 0.4769287109375 0.861328125 0.4769287109375 0.8460693359375 0.4725341796875 0.861328125 0.4703369140625 0.8460693359375 0.468017578125 0.861328125 0.463623046875 0.8460693359375 0.463623046875 0.5152587890625 0.47265625 0.5247802734375 0.4696044921875 0.5152587890625 0.465576171875 0.5247802734375 0.465576171875 0.5247802734375 0.4615478515625 0.5390625 0.458984375 0.5390625 0.454345703125 0.5533447265625 0.4573974609375 0.8037109375 0.3656005859375 0.81884765625 0.3575439453125 0.844482421875 0.3565673828125 0.844482421875 0.3526611328125 0.8922119140625 0.3526611328125 0.9168701171875 0.3575439453125 0.9393310546875 0.3677978515625 0.955078125 0.383544921875 0.752197265625 0.3837890625 0.765869140625 0.38330078125 0.782470703125 0.375 0.7877197265625 0.3826904296875 0.8209228515625 0.3731689453125 0.825439453125 0.3817138671875 0.871337890625 0.382080078125 0.7186279296875 0.4757080078125 0.708984375 0.4716796875 0.6947021484375 0.47412109375 0.6947021484375 0.467529296875 0.680419921875 0.467529296875 0.680419921875 0.4635009765625 0.6708984375 0.465576171875 0.680419921875 0.45849609375 0.7213134765625 0.4307861328125 0.7139892578125 0.408203125 0.699951171875 0.3775634765625 0.67431640625 0.3831787109375 0.681884765625 0.3590087890625 0.6561279296875 0.3594970703125 0.6424560546875 0.347900390625 0.5968017578125 0.34765625 0.5628662109375 0.466552734375 0.5723876953125 0.466552734375 0.5723876953125 0.4705810546875 0.586669921875 0.47314453125 0.586669921875 0.4752197265625 0.6141357421875 0.4437255859375 0.6300048828125 0.406982421875 0.6031494140625 0.4068603515625 0.6383056640625 0.3829345703125 0.5953369140625 0.3828125 0.579833984375 0.3599853515625 0.5501708984375 0.36083984375 0.6876220703125 0.421630859375 0.6778564453125 0.42626953125 0.66943359375 0.421630859375 0.6416015625 0.42626953125 0.6500244140625 0.421630859375 0.6318359375 0.421630859375 0.6500244140625 0.41796875 0.6318359375 0.4124755859375 0.6500244140625 0.4124755859375 0.919189453125 0.462646484375 0.934326171875 0.4610595703125 0.919189453125 0.464599609375 0.934326171875 0.464599609375 0.919189453125 0.4715576171875 0.934326171875 0.468994140625 0.934326171875 0.4742431640625 0.9495849609375 0.468994140625 0.9495849609375 0.4742431640625 0.96484375 0.4715576171875 0.96484375 0.4786376953125 0.7698974609375 0.4610595703125 0.78515625 0.459228515625 0.7698974609375 0.4627685546875 0.78515625 0.4627685546875 0.7698974609375 0.468994140625 0.78515625 0.46630859375 0.78515625 0.4715576171875 0.8004150390625 0.46630859375 0.8004150390625 0.4715576171875 0.8155517578125 0.468994140625 0.8155517578125 0.47509765625 0.62646484375 0.45849609375 0.616943359375 0.465576171875 0.62646484375 0.4635009765625 0.616943359375 0.467529296875 0.62646484375 0.467529296875 0.62646484375 0.4716796875 0.6407470703125 0.467529296875 0.6407470703125 0.47412109375 0.5831298828125 0.40673828125 0.560302734375 0.382080078125 0.5576171875 0.4080810546875 0.53173828125 0.409423828125 0.55615234375 0.4365234375 0.52392578125 0.4339599609375 0.540771484375 0.451416015625 0.5220947265625 0.4486083984375 0.9130859375 0.482177734375 0.8978271484375 0.4892578125 0.9130859375 0.4786376953125 0.8978271484375 0.4786376953125 0.8978271484375 0.4742431640625 0.882568359375 0.4742431640625 0.8978271484375 0.468994140625 0.882568359375 0.468994140625 0.8978271484375 0.464599609375 0.882568359375 0.464599609375 0.692626953125 0.45458984375 0.6756591796875 0.455078125 0.666015625 0.45458984375 0.6563720703125 0.4576416015625 0.667724609375 0.461669921875 0.5390625 0.486328125 0.5533447265625 0.4837646484375 0.5533447265625 0.4898681640625 0.5628662109375 0.4837646484375 0.7698974609375 0.47509765625 0.78515625 0.47509765625 0.78515625 0.48388671875 0.8004150390625 0.47509765625 0.8004150390625 0.48388671875 0.8155517578125 0.4786376953125 0.7186279296875 0.467529296875 0.708984375 0.467529296875 0.708984375 0.4635009765625 0.6947021484375 0.4610595703125 0.6947021484375 0.45849609375 0.919189453125 0.4786376953125 0.934326171875 0.4786376953125 0.934326171875 0.4892578125 0.9495849609375 0.4786376953125 0.9495849609375 0.4892578125 0.96484375 0.482177734375 0.5628662109375 0.47412109375 0.5723876953125 0.4776611328125 0.5628662109375 0.4818115234375 0.5723876953125 0.4818115234375 0.9130859375 0.462646484375 0.9130859375 0.464599609375 0.8978271484375 0.4610595703125 0.882568359375 0.4610595703125 0.8673095703125 0.464599609375 0.8673095703125 0.4715576171875 0.61376953125 0.4630126953125 0.613525390625 0.4564208984375 0.6075439453125 0.4556884765625 0.605224609375 0.443603515625 0.589599609375 0.4591064453125 0.573974609375 0.4400634765625 0.8572998046875 0.4373779296875 0.8863525390625 0.4373779296875 0.8739013671875 0.4405517578125 0.886962890625 0.443603515625 0.87353515625 0.44775390625 0.861328125 0.4619140625 0.8460693359375 0.460205078125 0.830810546875 0.460205078125 0.830810546875 0.463623046875 0.8155517578125 0.463623046875 0.8155517578125 0.4703369140625 0.8155517578125 0.4803466796875 0.8155517578125 0.4769287109375 0.830810546875 0.4769287109375 0.830810546875 0.4725341796875 0.771240234375 0.44482421875 0.7879638671875 0.44189453125 0.7679443359375 0.4390869140625 0.7777099609375 0.436279296875 0.7781982421875 0.426025390625 0.8074951171875 0.4071044921875 0.6407470703125 0.4771728515625 0.62646484375 0.479736328125 0.616943359375 0.4757080078125 0.7154541015625 0.4034423828125 0.9039306640625 0.49365234375 0.8902587890625 0.4918212890625 0.882568359375 0.4892578125 0.87646484375 0.49365234375 0.8673095703125 0.482177734375 0.85009765625 0.3985595703125 0.6009521484375 0.4990234375 0.6009521484375 0.492919921875 0.610595703125 0.48583984375 0.969970703125 0.40673828125 0.7001953125 0.42626953125 0.7001953125 0.421630859375 0.6876220703125 0.4124755859375 0.7001953125 0.4124755859375 0.9556884765625 0.49365234375 0.9420166015625 0.4918212890625 0.92822265625 0.49365234375 0.919189453125 0.482177734375 0.5628662109375 0.479736328125 0.5533447265625 0.479736328125 0.6947021484375 0.4903564453125 0.90771484375 0.437255859375 0.9072265625 0.4429931640625 0.57275390625 0.4564208984375 0.5665283203125 0.43994140625 0.564453125 0.4520263671875 0.55517578125 0.453125 0.5628662109375 0.4591064453125 0.882568359375 0.4786376953125 0.8673095703125 0.4786376953125 0.806396484375 0.4892578125 0.792724609375 0.4874267578125 0.779052734375 0.4892578125 0.7698974609375 0.4786376953125 0.655029296875 0.5009765625 0.655029296875 0.4959716796875 0.66455078125 0.48779296875 0.7154541015625 0.421630859375 0.830810546875 0.468017578125 0.517578125 0.4332275390625 0.5145263671875 0.40966796875 0.5294189453125 0.379638671875 0.616943359375 0.4837646484375 0.62646484375 0.4837646484375 0.66943359375 0.41796875 0.66943359375 0.4124755859375 0.9293212890625 0.4434814453125 0.9222412109375 0.4405517578125 0.919921875 0.447021484375 0.5150146484375 0.4490966796875 0.512939453125 0.4425048828125 0.5107421875 0.433349609375 0.9130859375 0.4715576171875 0.96484375 0.4627685546875 0.96484375 0.464599609375 0.9495849609375 0.4610595703125 0.9495849609375 0.464599609375 0.6407470703125 0.4610595703125 0.6407470703125 0.45849609375 0.8572998046875 0.4439697265625 0.8369140625 0.4439697265625 0.66455078125 0.465576171875 0.655029296875 0.4635009765625 0.655029296875 0.467529296875 0.8038330078125 0.3875732421875 0.8333740234375 0.3802490234375 0.8155517578125 0.4610595703125 0.8155517578125 0.4627685546875 0.8004150390625 0.459228515625 0.8004150390625 0.4627685546875 0.610595703125 0.464599609375 0.6009521484375 0.4573974609375 0.586669921875 0.4573974609375 0.655029296875 0.45849609375 0.7186279296875 0.465576171875 0.708984375 0.45849609375 0.7208251953125 0.4085693359375 0.716552734375 0.3829345703125 0.5628662109375 0.47265625 0.7154541015625 0.3792724609375 0.5247802734375 0.4573974609375 0.6318359375 0.4061279296875 0.5152587890625 0.4635009765625 0.96875 0.4293212890625 0.8914794921875 0.3565673828125 0.6680908203125 0.3861083984375 0.7308349609375 0.38330078125 0.6834716796875 0.38330078125 0.861328125 0.4803466796875 0.8673095703125 0.462646484375 0.8155517578125 0.4619140625</float_array>
                    <technique_common>
                        <accessor count="434" source="#uvarray8" stride="2">
                            <param name="S" type="float"/>
                            <param name="T" type="float"/>
                        </accessor>
                    </technique_common>
                </source>
                <vertices id="vertices8">
                    <input semantic="POSITION" source="#points8"/>
                </vertices>
                <polylist count="650" material="Material1">
                    <input offset="0" semantic="VERTEX" source="#vertices8"/>
                    <input offset="1" semantic="TEXCOORD" source="#uvs8" set="0"/>
                    <vcount>3 3 3 3 3 3 3 3 3 3 3 3 3 3 3 3 3 3 3 3 3 3 3 3 3 3 3 3 3 3 3 3 3 3 3 3 3 3 3 3 3 3 3 3 3 3 3 3 3 3 3 3 3 3 3 3 3 3 3 3 3 3 3 3 3 3 3 3 3 3 3 3 3 3 3 3 3 3 3 3 3 3 3 3 3 3 3 3 3 3 3 3 3 3 3 3 3 3 3 3 3 3 3 3 3 3 3 3 3 3 3 3 3 3 3 3 3 3 3 3 3 3 3 3 3 3 3 3 3 3 3 3 3 3 3 3 3 3 3 3 3 3 3 3 3 3 3 3 3 3 3 3 3 3 3 3 3 3 3 3 3 3 3 3 3 3 3 3 3 3 3 3 3 3 3 3 3 3 3 3 3 3 3 3 3 3 3 3 3 3 3 3 3 3 3 3 3 3 3 3 3 3 3 3 3 3 3 3 3 3 3 3 3 3 3 3 3 3 3 3 3 3 3 3 3 3 3 3 3 3 3 3 3 3 3 3 3 3 3 3 3 3 3 3 3 3 3 3 3 3 3 3 3 3 3 3 3 3 3 3 3 3 3 3 3 3 3 3 3 3 3 3 3 3 3 3 3 3 3 3 3 3 3 3 3 3 3 3 3 3 3 3 3 3 3 3 3 3 3 3 3 3 3 3 3 3 3 3 3 3 3 3 3 3 3 3 3 3 3 3 3 3 3 3 3 3 3 3 3 3 3 3 3 3 3 3 3 3 3 3 3 3 3 3 3 3 3 3 3 3 3 3 3 3 3 3 3 3 3 3 3 3 3 3 3 3 3 3 3 3 3 3 3 3 3 3 3 3 3 3 3 3 3 3 3 3 3 3 3 3 3 3 3 3 3 3 3 3 3 3 3 3 3 3 3 3 3 3 3 3 3 3 3 3 3 3 3 3 3 3 3 3 3 3 3 3 3 3 3 3 3 3 3 3 3 3 3 3 3 3 3 3 3 3 3 3 3 3 3 3 3 3 3 3 3 3 3 3 3 3 3 3 3 3 3 3 3 3 3 3 3 3 3 3 3 3 3 3 3 3 3 3 3 3 3 3 3 3 3 3 3 3 3 3 3 3 3 3 3 3 3 3 3 3 3 3 3 3 3 3 3 3 3 3 3 3 3 3 3 3 3 3 3 3 3 3 3 3 3 3 3 3 3 3 3 3 3 3 3 3 3 3 3 3 3 3 3 3 3 3 3 3 3 3 3 3 3 3 3 3 3 3 3 3 3 3 3 3 3 3 3 3 3 3 3 3 3 3 3 3 3 3 3 3 3 3 3 3 3 3 3 3 3 3 3 3 3 3 3 3 3 3 3 3 3 3 3 3 3 3 3 3 3 3 3 3 3 3 3 3 3 3 3 3 3 3 3 3 3 3 3 3 3 3 3 3 3 3 3 3 3 3 3 3 3 3 3 3 3 3</vcount>
                    <p>2 2 1 1 0 0 3 3 1 1 2 2 4 4 3 3 2 2 5 5 3 3 4 4 6 6 5 5 4 4 7 7 5 5 6 6 8 8 7 7 6 6 9 9 7 7 8 8 10 10 9 9 8 8 11 11 9 9 10 10 12 12 11 11 10 10 13 13 11 11 12 12 14 14 13 13 12 12 15 15 13 13 14 14 16 16 15 15 14 14 17 17 15 15 16 16 18 18 17 17 16 16 19 19 17 17 18 18 20 20 19 19 18 18 21 21 19 19 20 20 22 22 21 21 20 20 23 23 21 21 22 22 24 24 23 23 22 22 25 25 23 23 24 24 26 26 25 25 24 24 27 27 25 25 26 26 30 30 29 29 28 28 31 31 29 29 30 30 32 32 31 31 30 30 33 33 31 31 32 32 34 34 33 33 32 32 35 35 33 33 34 34 36 36 35 35 34 34 37 37 35 35 36 36 38 38 37 37 36 36 39 39 37 37 38 38 40 40 39 39 38 38 41 41 39 39 40 40 42 42 41 41 40 40 43 43 41 41 42 42 44 44 43 43 42 42 45 45 43 43 44 44 46 46 45 45 44 44 47 47 45 45 46 46 31 31 47 47 46 46 33 33 47 47 31 31 50 50 49 49 48 48 51 51 49 49 50 50 52 52 51 51 50 50 53 53 51 51 52 52 54 54 53 53 52 52 55 55 53 53 54 54 56 56 55 55 54 54 57 57 55 55 56 56 58 58 57 57 56 56 59 59 57 57 58 58 60 60 59 59 58 58 61 61 59 59 60 60 62 62 61 61 60 60 63 63 61 61 62 62 64 64 63 63 62 62 65 65 63 63 64 64 66 66 65 65 64 64 67 67 65 65 66 66 68 68 67 67 66 66 70 71 1 70 69 69 71 72 1 70 70 71 72 73 71 72 70 71 73 74 71 72 72 73 74 75 73 74 72 73 75 76 73 74 74 75 76 77 75 76 74 75 77 78 75 76 76 77 78 79 77 78 76 77 79 80 77 78 78 79 80 81 79 80 78 79 81 82 79 80 80 81 82 83 81 82 80 81 83 84 81 82 82 83 84 85 83 84 82 83 85 86 83 84 84 85 86 87 85 86 84 85 89 90 88 89 87 88 90 91 88 89 89 90 91 92 90 91 89 90 92 93 90 91 91 92 93 94 92 93 91 92 94 95 92 93 93 94 95 96 94 95 93 94 96 97 94 95 95 96 97 98 96 97 95 96 98 99 96 97 97 98 99 100 98 99 97 98 100 101 98 99 99 100 101 102 100 101 99 100 102 103 100 101 101 102 103 104 102 103 101 102 104 105 102 103 103 104 68 106 104 105 103 104 107 109 106 108 105 107 108 110 106 108 107 109 109 111 108 110 107 109 110 112 108 110 109 111 111 113 110 112 109 111 112 114 110 112 111 113 113 115 112 114 111 113 114 116 112 114 113 115 115 117 114 116 113 115 116 118 114 116 115 117 117 119 116 118 115 117 118 120 116 118 117 119 119 121 81 82 83 84 120 122 81 82 119 121 70 123 120 122 119 121 121 124 120 122 70 123 69 69 121 124 70 123 122 125 121 124 69 69 123 126 122 125 69 69 124 127 122 125 123 126 125 128 124 127 123 126 75 76 124 127 125 128 126 129 75 76 125 128 127 130 75 76 126 129 130 133 129 132 128 131 131 134 129 132 130 133 132 135 131 134 130 133 133 136 131 134 132 135 134 137 133 136 132 135 135 138 133 136 134 137 136 139 135 138 134 137 137 140 135 138 136 139 138 141 137 140 136 139 139 142 137 140 138 141 140 143 139 142 138 141 141 144 139 142 140 143 19 19 142 145 17 17 143 146 142 145 19 19 144 147 143 146 19 19 145 148 143 146 144 147 146 149 145 148 144 147 147 150 145 148 146 149 148 151 147 150 146 149 149 152 147 150 148 151 150 153 149 152 148 151 151 154 149 152 150 153 152 155 151 154 150 153 154 158 49 157 153 156 155 159 49 157 154 158 156 160 155 159 154 158 157 161 155 159 156 160 57 162 157 161 156 160 158 163 157 161 57 162 59 164 158 163 57 162 159 165 158 163 59 164 61 166 159 165 59 164 160 167 159 165 61 166 161 168 95 96 93 94 162 169 95 96 161 168 163 170 162 169 161 168 164 171 162 169 163 170 165 172 164 171 163 170 101 102 164 171 165 172 166 173 101 102 165 172 103 104 101 102 166 173 167 174 103 104 166 173 168 175 103 104 167 174 169 176 8 8 6 6 170 177 8 8 169 176 171 178 170 177 169 176 172 179 170 177 171 178 173 180 172 179 171 178 12 12 172 179 173 180 174 181 12 12 173 180 14 14 12 12 174 181 175 182 14 14 174 181 176 183 14 14 175 182 5 5 177 184 3 3 126 185 177 184 5 5 178 186 126 185 5 5 127 187 126 185 178 186 179 188 127 187 178 186 180 189 127 187 179 188 181 190 180 189 179 188 142 145 180 189 181 190 15 15 142 145 181 190 17 17 142 145 15 15 34 34 182 191 36 36 183 192 182 191 34 34 184 193 183 192 34 34 185 194 183 192 184 193 30 30 185 194 184 193 186 195 185 194 30 30 28 28 186 195 30 30 187 196 186 195 28 28 152 197 187 196 28 28 188 198 187 196 152 197 108 110 0 199 106 108 189 200 0 199 108 110 110 112 189 200 108 110 6 201 189 200 110 112 190 202 6 201 110 112 169 203 6 201 190 202 191 204 169 203 190 202 171 205 169 203 191 204 192 206 171 205 191 204 66 66 193 207 68 68 194 208 193 207 66 66 64 64 194 208 66 66 195 209 194 208 64 64 196 210 195 209 64 64 197 211 195 209 196 210 58 58 197 211 196 210 54 54 197 211 58 58 56 56 54 54 58 58 198 212 116 118 118 120 199 213 116 118 198 212 200 214 199 213 198 212 201 215 199 213 200 214 202 216 201 215 200 214 191 204 201 215 202 216 203 217 191 204 202 216 192 206 191 204 203 217 175 218 192 206 203 217 206 221 205 220 204 219 86 222 205 220 206 221 207 223 86 222 206 221 85 224 86 222 207 223 208 225 85 224 207 223 83 226 85 224 208 225 209 227 83 226 208 225 72 73 83 226 209 227 74 75 72 73 209 227 28 230 151 229 152 228 210 231 151 229 28 230 29 232 210 231 28 230 211 233 210 231 29 232 212 234 211 233 29 232 213 235 211 233 212 234 214 236 213 235 212 234 182 237 213 235 214 236 36 238 182 237 214 236 163 241 25 240 27 239 215 242 25 240 163 241 161 243 215 242 163 241 216 244 215 242 161 243 217 245 216 244 161 243 218 246 216 244 217 245 219 247 218 246 217 245 220 248 218 246 219 247 221 249 220 248 219 247 223 252 222 251 118 250 224 253 222 251 223 252 225 254 224 253 223 252 226 255 224 253 225 254 227 256 226 255 225 254 228 257 226 255 227 256 129 132 228 257 227 256 131 134 228 257 129 132 229 258 202 216 200 214 230 259 202 216 229 258 231 260 230 259 229 258 232 261 230 259 231 260 233 262 232 261 231 260 234 263 232 261 233 262 167 264 234 263 233 262 235 265 234 263 167 264 132 268 237 267 236 266 238 269 237 267 132 268 239 270 238 269 132 268 240 271 238 269 239 270 241 272 240 271 239 270 242 273 240 271 241 272 243 274 242 273 241 272 244 275 242 273 243 274 245 276 109 111 107 109 111 113 109 111 245 276 188 277 111 113 245 276 113 115 111 113 188 277 246 278 113 115 188 277 247 279 113 115 246 278 152 280 247 279 246 278 96 97 92 93 94 95 248 281 92 93 96 97 249 282 248 281 96 97 88 89 248 281 249 282 250 283 88 89 249 282 87 88 88 89 250 283 251 284 87 88 250 283 93 285 217 245 161 243 252 286 217 245 93 285 253 287 252 286 93 285 254 288 252 286 253 287 255 289 254 288 253 287 221 249 254 288 255 289 251 290 221 249 255 289 183 192 256 291 182 191 257 292 256 291 183 192 185 194 257 292 183 192 258 293 257 292 185 194 259 294 258 293 185 194 245 295 258 293 259 294 188 198 245 295 259 294 46 296 212 234 29 232 260 297 212 234 46 296 261 298 260 297 46 296 262 299 260 297 261 298 263 300 262 299 261 298 36 238 262 299 263 300 38 301 36 238 263 300 195 209 193 207 194 208 264 302 193 207 195 209 265 303 264 302 195 209 266 304 264 302 265 303 267 305 266 304 265 303 52 52 266 304 267 305 54 54 52 52 267 305 268 308 128 307 152 306 243 274 128 307 268 308 269 309 243 274 268 308 244 275 243 274 269 309 224 310 244 275 269 309 270 311 244 275 224 310 271 313 118 120 222 312 198 212 118 120 271 313 272 314 198 212 271 313 273 315 198 212 272 314 274 316 273 315 272 314 275 317 273 315 274 316 144 147 148 151 146 149 276 318 148 151 144 147 277 319 276 318 144 147 278 320 276 318 277 319 279 321 278 320 277 319 222 322 278 320 279 321 279 324 61 166 222 323 160 167 61 166 279 324 280 325 160 167 279 324 281 326 160 167 280 325 193 327 281 326 280 325 264 328 281 326 193 327 155 159 48 329 49 157 266 330 48 329 155 159 282 331 266 330 155 159 283 332 266 330 282 331 157 161 283 332 282 331 158 163 283 332 157 161 106 335 284 334 105 333 285 336 284 334 106 335 0 0 285 336 106 335 286 337 285 336 0 0 1 1 286 337 0 0 287 338 286 337 1 1 135 138 131 134 133 136 288 339 131 134 135 138 289 340 288 339 135 138 226 255 288 339 289 340 270 341 226 255 289 340 224 253 226 255 270 341 77 78 124 127 75 76 122 125 124 127 77 78 290 342 122 125 77 78 120 122 122 125 290 342 79 80 120 122 290 342 81 82 120 122 79 80 237 267 291 343 236 266 292 344 291 343 237 267 293 345 292 344 237 267 140 346 292 344 293 345 141 347 140 346 293 345 287 338 147 150 286 337 145 148 147 150 287 338 294 348 145 148 287 338 143 146 145 148 294 348 142 145 143 146 294 348 51 51 153 349 49 49 295 350 153 349 51 51 55 55 295 350 51 51 296 351 295 350 55 55 57 57 296 351 55 55 176 183 16 16 14 14 18 18 16 16 176 183 297 352 18 18 176 183 20 20 18 18 297 352 22 22 20 20 297 352 298 354 204 219 205 353 299 355 204 219 298 354 300 356 299 355 298 354 78 79 299 355 300 356 80 81 78 79 300 356 263 300 40 357 38 301 301 358 40 357 263 300 261 298 301 358 263 300 42 359 301 358 261 298 44 360 42 359 261 298 249 282 251 284 250 283 221 361 251 284 249 282 302 362 221 361 249 282 98 99 221 361 302 362 96 97 98 99 302 362 37 37 33 33 35 35 303 363 33 33 37 37 41 41 303 363 37 37 45 45 303 363 41 41 43 43 45 45 41 41 21 21 144 147 19 19 277 319 144 147 21 21 304 364 277 319 21 21 279 321 277 319 304 364 280 365 279 321 304 364 67 366 275 317 274 316 305 367 275 317 67 366 306 368 305 367 67 366 168 369 305 367 306 368 68 370 168 369 306 368 238 269 293 345 237 267 307 371 293 345 238 269 240 271 307 371 238 269 308 372 307 371 240 271 270 311 308 372 240 271 255 289 87 373 251 290 309 374 87 373 255 289 253 287 309 374 255 289 89 375 309 374 253 287 91 376 89 375 253 287 138 141 291 377 140 143 310 378 291 377 138 141 134 137 310 378 138 141 236 379 310 378 134 137 132 135 236 379 134 137 298 354 80 81 300 356 311 380 80 81 298 354 205 353 311 380 298 354 86 87 311 380 205 353 159 165 283 332 158 163 312 381 283 332 159 165 160 167 312 381 159 165 281 326 312 381 160 167 273 315 200 214 198 212 229 258 200 214 273 315 275 317 229 258 273 315 305 367 229 258 275 317 305 367 231 260 229 258 233 262 231 260 305 367 168 369 233 262 305 367 167 264 233 262 168 369 313 382 234 263 235 265 232 261 234 263 313 382 297 383 232 261 313 382 176 384 232 261 297 383 289 340 308 385 270 341 314 386 308 385 289 340 135 138 314 386 289 340 137 140 314 386 135 138 299 355 315 387 204 219 316 388 315 387 299 355 74 75 316 388 299 355 209 227 316 388 74 75 7 7 178 186 5 5 179 188 178 186 7 7 9 9 179 188 7 7 11 11 179 188 9 9 317 389 23 23 25 25 318 390 23 23 317 389 68 391 318 390 317 389 280 365 318 390 68 391 26 393 235 265 27 392 313 382 235 265 26 393 319 394 313 382 26 393 297 383 313 382 319 394 130 395 239 270 132 268 241 272 239 270 130 395 128 307 241 272 130 395 243 274 241 272 128 307 284 398 256 397 105 396 320 399 256 397 284 398 151 229 320 399 284 398 210 231 320 399 151 229 223 252 227 256 225 254 321 400 227 256 223 252 118 250 321 400 223 252 117 401 321 400 118 250 269 402 278 320 222 322 276 318 278 320 269 402 268 403 276 318 269 402 148 151 276 318 268 403 128 131 322 405 152 404 323 406 322 405 128 131 129 132 323 406 128 131 227 256 323 406 129 132 324 407 294 348 287 338 325 408 294 348 324 407 180 189 325 408 324 407 142 145 325 408 180 189 317 411 104 410 68 409 326 412 104 410 317 411 25 240 326 412 317 411 215 242 326 412 25 240 264 328 312 381 281 326 283 332 312 381 264 328 266 330 283 332 264 328 63 63 222 413 61 61 272 414 222 413 63 63 274 415 272 414 63 63 262 299 212 234 260 297 214 236 212 234 262 299 36 238 214 236 262 299 322 405 247 416 152 404 117 401 247 416 322 405 321 400 117 401 322 405 258 293 256 291 257 292 105 417 256 291 258 293 107 418 105 417 258 293 304 364 318 390 280 365 23 23 318 390 304 364 21 21 23 23 304 364 189 200 2 419 0 199 4 420 2 419 189 200 6 201 4 420 189 200 315 387 206 221 204 219 207 223 206 221 315 387 208 225 207 223 315 387 162 169 97 98 95 96 99 100 97 98 162 169 101 102 99 100 162 169 254 288 217 245 252 286 219 247 217 245 254 288 221 249 219 247 254 288 220 421 98 99 100 101 221 361 98 99 220 421 76 77 299 355 78 79 74 75 299 355 76 77 88 89 92 93 248 281 90 91 92 93 88 89 177 422 123 126 69 69 126 129 123 126 177 422 235 423 166 173 165 172 167 174 166 173 235 423 119 424 72 73 70 71 83 226 72 73 119 424 84 85 311 380 86 87 82 83 311 380 84 85 27 425 165 172 163 170 235 423 165 172 27 425 104 105 100 101 102 103 220 421 100 101 104 105 141 144 137 140 139 142 308 385 137 140 141 144 308 372 293 345 307 371 141 347 293 345 308 372 242 273 270 311 240 271 244 275 270 311 242 273 322 405 227 256 321 400 323 406 227 256 322 405 228 257 288 339 226 255 131 134 288 339 228 257 316 388 208 225 315 387 209 227 208 225 316 388 32 32 184 193 34 34 30 30 184 193 32 32 259 294 187 196 188 198 185 194 187 196 259 294 45 45 33 33 303 363 47 47 33 33 45 45 24 24 319 426 26 26 22 22 319 426 24 24 285 336 147 150 149 152 286 337 147 150 285 336 190 202 201 215 191 204 114 116 201 215 190 202 114 116 199 213 201 215 116 118 199 213 114 116 11 11 181 190 179 188 13 13 181 190 11 11 284 334 149 152 151 154 285 336 149 152 284 334 150 153 268 403 152 155 148 151 268 403 150 153 176 384 230 259 232 261 175 218 230 259 176 384 170 177 10 10 8 8 172 179 10 10 170 177 203 217 230 259 175 218 202 216 230 259 203 217 174 181 192 427 175 182 173 180 192 427 174 181 112 114 190 202 110 112 114 116 190 202 112 114 52 52 48 48 266 304 50 50 48 48 52 52 274 415 65 65 67 67 63 63 65 65 274 415 197 211 265 303 195 209 54 54 265 303 197 211 71 72 287 428 1 70 73 74 287 428 71 72 3 429 69 69 1 70 177 422 69 69 3 429 127 130 73 74 75 76 324 430 73 74 127 130 256 397 213 235 182 237 320 399 213 235 256 397 153 156 156 160 154 158 296 431 156 160 153 156 320 399 211 233 213 235 210 231 211 233 320 399 216 244 326 412 215 242 218 246 326 412 216 244 218 246 104 410 326 412 220 248 104 410 218 246 196 210 60 60 58 58 64 64 60 60 196 210 115 117 247 279 117 119 113 115 247 279 115 117 68 106 103 104 168 175 246 278 188 277 152 280 101 102 162 169 164 171 42 359 40 357 301 358 96 97 302 362 249 282 224 310 269 309 222 432 140 346 291 343 292 344 193 327 280 325 68 433 325 408 142 145 294 348 180 189 324 407 127 187 181 190 13 13 15 15 173 180 171 178 192 427 122 125 120 122 121 124 79 80 290 342 77 78 126 129 125 128 123 126 73 74 324 430 287 428 156 160 296 431 57 162 155 159 157 161 282 331 64 64 62 62 60 60 311 380 82 83 80 81 55 55 51 51 53 53 54 54 267 305 265 303 310 378 236 379 291 377 137 140 308 385 314 386 134 137 138 141 136 139 295 350 296 351 153 349 272 314 271 313 222 312 31 31 46 46 29 29 68 370 306 368 67 366 258 293 245 295 107 418 185 194 186 195 187 196 37 37 39 39 41 41 261 298 46 296 44 360 253 287 93 285 91 376 89 375 87 373 309 374 22 22 297 352 319 426 12 12 10 10 172 179</p>
                </polylist>
            </mesh>
        </geometry>
        <geometry id="mesh9">
            <mesh>
                <source id="points9">
                    <float_array id="pointarray9" count="981">-150.9409688476771 180.24236198543483 25.854553128812725 -149.83503551087708 190.3272918962484 30.607142404533437 -146.69487137313655 184.79216561987994 30.096165238805852 -142.2744552908771 192.54146668753827 28.528392521653945 -136.50112144771603 185.80788899906878 28.40086451092293 -135.34061219773758 196.3705741614623 24.571391700455415 -130.3113449820827 180.9331876206603 22.392570089357807 -127.85356777380738 186.10288651333144 18.97804747082364 -128.888504573115 176.27182742218156 14.966811358256539 -125.19169106351241 181.51278579698277 8.138646896764797 -128.88603243832753 174.74907309638297 0.7175117604168619 -125.1649681478254 181.46264534755176 -5.227010399861308 -129.18634934025377 176.2730942932654 -11.469642676877013 -129.18464651572017 185.10934794307508 -18.070785728846705 -135.75818307662374 173.68331866275378 -13.119168854699952 -135.7589635747775 181.63610761861636 -22.41175926758322 -143.11963569942117 173.17560156744304 -15.367085198789926 -142.8789508017687 181.12842843088555 -25.441930095494957 -152.29986671864245 175.30842638263002 -15.947570141753669 -150.6053965840002 180.59012802359234 -25.312947501582514 -153.70620105557006 175.6334283252164 -16.03766246535029 -153.9478868110234 179.4728695533136 -23.94897711445037 -156.43272847358534 177.7662340912994 -15.994417970487746 -156.61077583994557 179.32046035149426 -22.676994193296625 -158.64826552646477 181.30084371191828 -20.968767500813833 -158.73016873068903 186.5518203533347 -25.05125425426915 -162.00290973484277 185.82052870247685 -24.296704997583596 -150.8711968747552 177.2052661278604 33.72543994289953 -140.99002512547955 180.18114903858094 31.94927173508702 -144.87765354628294 172.36067529252114 35.182174800941624 -136.28871921640823 173.42734610229235 29.964138016114358 -139.7397870414597 166.5311405141252 32.18105694395956 -140.9007900935586 160.71185482267097 27.022472841720738 -143.22385924055848 160.20377589666344 32.49881412030703 -145.70994131814712 155.57261088277494 30.64229287845983 -148.9397999950732 163.88018232434905 35.551143729186435 -151.87175433380094 157.67482706412773 33.08558343096277 -156.77192391117276 162.94600174612503 31.22160941944224 -154.32885645874114 153.57190490862988 28.771247296864647 -158.84552964888255 159.10710719924424 27.648338423527612 -155.44279347954355 151.23620269185625 23.82606807345788 -160.15509020625274 157.7768894243159 22.368231628039943 -156.49891139830086 150.04839974157352 13.812919768283097 -159.72613870811253 155.88827178343786 13.10524144710362 -157.63677921535464 156.69084697547368 8.350224087738788 -158.80491921847596 160.7226817861684 12.403841173730441 -162.3996037088555 185.5336284831048 28.363824313790143 -158.75813036819034 187.54452788443058 29.284777876699994 -157.33283010388735 180.99397769542298 24.519864848639976 -155.83803433182473 179.68368871828562 27.341860585075946 -156.10176759809505 176.61680859615646 20.92320454381747 -153.24213827357076 175.20508168879988 21.194715604781635 -156.51682931090807 175.3375781085934 11.376647690496158 -153.89188399098632 173.73289812100222 11.313209789892802 -153.82895479337964 176.0285938283768 3.320289871567269 -152.38475594486872 173.32668628075672 10.570392338419124 -152.29821111824455 175.63252902751856 2.770419929057561 -148.48673459144447 168.8884338363977 10.109549342389823 -142.80791585192318 172.1287376417752 0.7099268547777231 -142.6419798025109 166.5219856656047 11.190758970024469 -135.8508966016557 167.56798592752796 13.378290181913894 -142.5797447657081 166.89737505911575 19.366503951849143 -136.04439223929703 167.8823292915114 23.808956718458774 -152.9352911699731 177.5425299752624 -10.31015544130601 -145.9337331911571 174.9018363346001 -8.630807981746221 -147.72921978540398 180.53847922537247 -7.115598264646222 -143.87533265040122 174.44461584441194 -4.610853723676053 -147.72479298844434 179.92887444208725 -2.3218797026379443 -146.12960921343662 174.45458464436967 -0.7798642652281553 -153.20561501467134 176.20133732789716 1.522065709170326 -147.12123164322827 167.66002321321986 -0.18005550006465043 -155.42429382158687 167.88336214200461 1.5846528490978393 -150.6444063086727 162.80531667014117 0.09718335871885175 -158.41084902701814 160.35768995544657 -0.7895140481586931 -149.67296029865787 160.68292802116986 -5.44912992856434 -158.32181170630506 158.0930913524786 -5.898300558582836 -158.0451045927122 160.7542648860904 -10.814055372167365 -165.77980833853908 163.04958099137622 -11.162273250591452 -160.14059949646068 167.36606984480431 -12.690710752971178 -164.5859421255561 175.2574690979479 -12.706540845790673 -148.41197983297334 175.79445242951135 14.93403202651047 -152.51468979543915 167.771068527086 13.678059682981125 -145.8331723089016 165.16082896299278 15.65223544121651 -150.59983135359118 162.34759363796118 14.529157150658511 -150.24293839450286 159.56450530338049 20.297446489131605 -157.14596349231573 162.75379386012062 15.337564327662477 -157.64891399877712 159.97072838625326 20.598834809393097 -163.0833716189279 165.3842473944161 15.44473461144794 -164.91418462839417 162.96679098195276 20.991623664823745 -169.64032436061802 169.25347894026228 21.463476077253343 -162.60406229186205 164.53057501125443 26.880193138146417 -168.17396939302617 170.2078875101609 27.332482828405308 -161.95425119419517 172.77737876047837 28.383114136332956 -169.36946503853764 184.6297681785334 27.161621605610367 -167.67413073275958 193.53680006997268 27.201108415769614 -145.8427495949519 181.6766037149338 -20.076665428792317 -144.19185712678936 176.69991717308983 -17.427645886839095 -145.89308668824842 181.8998152007816 -15.36410641421434 -146.24342266346048 177.49193896665727 -14.043681262923474 -151.74114569087828 179.80743607540052 -11.570524837499306 -147.6804430911919 171.4692561196516 -13.53483057201057 -154.52245677773337 172.23087295694228 -11.649570266991665 -151.05489013947007 166.90906597840313 -12.94287103253358 -157.17188656034784 166.35045195444442 -12.734125286209137 -150.13711997126993 165.4061558788045 -17.39222963868259 -156.48895829661487 163.76084708534526 -17.691131870466208 -157.07947503435113 165.95483358748038 -22.646733441893034 -162.77506895093708 167.46811955713946 -22.946090124615914 -158.4324466984596 173.4603722657082 -24.158406361373213 -163.61253050637933 176.25335241939737 -24.580052683499893 -147.0160055174935 161.5348038223904 20.700811873030254 -145.59957247551299 162.2151518070585 23.269069036434875 -152.34246989693233 167.8925202219113 22.513847456986973 -152.66716945012303 167.2529038021225 17.760989712850026 -158.9925188310224 163.200405654876 20.762730167237603 -153.09280158583283 165.63825462311857 13.68864742751661 -154.2926354209369 161.43380038121117 8.784082937560783 -149.2379803060799 157.10724871618373 8.738583860248823 -151.1368288519502 151.10492382628095 8.28301777764888 -147.59409315825405 151.66333280703637 12.261025312596882 -164.0222564326825 186.18431509994056 13.984097984182625 -161.77197351416933 173.4991495804757 14.26578743643936 -157.26910988721718 181.27869508113386 17.379973129478763 -156.8615373401145 175.33722159414125 18.801187571407866 -156.93459844513333 175.052583556034 24.28561852152497 -159.2286511921399 176.74893231023034 18.884690689315814 -159.28662184038944 176.5049470495897 23.79020318003507 -155.22876442593594 176.15988257857026 18.75909455416794 -155.28692262398573 175.9260633051021 23.46148262603369 -152.77108889185007 173.83386951460568 23.68249720172607 -151.29075617909655 167.40477081817178 27.75348013962088 -149.98197905746133 178.43465248287782 23.741080267960665 -148.5573612375253 175.19466914110052 26.705235843765184 -142.34954936795324 175.52999822807556 23.317488057272076 -158.03107104802208 176.99459494001695 -20.969543754720718 -158.08141751795463 177.21780691274256 -16.2671409854301 -160.7180962030542 179.6758153695113 -20.448965503069196 -160.7614458582591 179.8482884660131 -16.630165721045092 -157.6944252853562 179.5031521721885 -20.197859000363458 -157.7302249726215 179.66548266513732 -16.66344178607602 -155.5186395653965 178.55842167825966 -15.964755154110481 -153.68259651079774 182.2349813652486 -15.844398962303405 -166.63632717956722 170.00605592767357 0.40682427440130553 -166.47104759774362 159.93099427160357 1.7061892037957525 -160.84712043421135 166.40059000213145 0.553650424129579 -158.01794208435183 158.2247598989897 1.6779906691412179 -153.08164783064427 165.84201746584833 0.3839542005531591 -151.55682002721653 158.3567925572434 1.8751569217210533 -146.64215734749703 162.64270672912969 2.5309814855273274 -150.99664321301594 155.8479150359352 7.815928043500689 -145.05148359721386 161.6166823817671 7.658371981662953 -146.6014466766062 162.84534051564376 12.778613867169742 -141.84843613651094 167.8830973310623 7.58462143152696 -143.9225770592022 169.00007427912374 11.902997840872004 -143.67415165468833 174.10874957593245 10.206918975977281 -149.81183785255251 173.33671161438627 13.391456005119831 -167.82220203874658 193.97593354222784 -23.173753506777643 -160.50334861607232 195.5096153342595 -24.754656395766922 -162.38425707826312 201.21732504574362 -22.68077043884252 -150.43800712070922 203.88839013621424 -21.66588997774564 -163.3391987064645 204.53810540982806 -16.179727066670473 -149.9468407901595 207.76772533898736 -14.30287334435861 -164.53957247478786 202.53717950386283 -13.202932344876608 -149.45718922199103 209.11823326163912 -8.585289684083719 -164.5688771423826 205.52301556638037 -11.090261327137778 -165.7403425035268 206.5178990008667 -2.182097362237725 -171.90013628122298 196.57510501563874 -6.0362635567575715 -170.8561661786027 194.15766476327167 -0.7256224541394709 -156.87349702576668 171.37649991738226 14.301788233315152 -168.02076609808884 170.79751407556154 15.571427556747556 -169.12238073267676 185.35141933445084 15.542673544036091 -170.8121788773637 185.2495676282195 21.516106080931262 -169.1870010545984 196.18784104454176 21.7284113549072 -154.2858242758393 168.28810325936288 33.09847723443091 -154.2587365247033 173.27503756152828 28.599470785802122 -157.3793709587432 166.30802460312768 24.854360171452885 -155.85624128353876 187.97375576552395 -26.211652361043747 -150.55186111788936 190.95971788791167 -26.541406552349656 -136.37617518341727 196.12907475515075 -22.410494659184565 -137.17274008943278 206.04115038140253 -13.593655623342041 -129.8018516172761 195.73278397599512 -18.069706626989788 -129.45031263110795 203.0042542118104 -9.619679294983143 -125.1177557275966 198.26106330472638 -4.830154788071296 -129.141231187543 203.03368397536752 12.063638980751207 -125.12921925335446 198.26044152128088 8.139392082285278 -128.90788874211827 197.0208330680454 19.395950665992594 -160.6037898734606 166.86771850334839 1.7925111496089863 -166.1455621494811 162.65300654761023 -1.1478881718701461 -164.6820521109378 171.44818685800155 1.6543083845187854 -171.48116224140773 169.6709478084485 -0.7668443125378102 -173.42633746365271 183.3209356577646 -0.5917377710184208 -172.6738641799842 168.72668476189585 -6.402509383067491 -174.56468241345814 183.74778344445133 -6.582856185517718 -173.1242272170157 183.50428815082745 -11.845137297195645 -170.6237596038137 194.7472354725557 -11.318781645716083 -163.63295676317787 185.56607043236195 -12.83895779849395 -158.55442994699325 173.94730967414813 -12.42779706602005 -162.8672742080194 167.87388346240695 -12.810044085716148 -164.31153988791954 175.81601315031952 -11.660673249913325 -168.68046765107178 174.6684399657699 -13.545757939065417 -170.2273869103418 184.6520321289995 -13.574319924585428 -170.3255627627355 173.5717944164698 -18.388824838384963 -171.45874089515365 184.97727879437815 -18.763013276761697 -170.2677505090666 184.36813033107927 -23.446175125745768 -157.11063256735684 171.60942523068573 28.236398775630516 -157.268488912003 162.24544704512797 26.479063680754976 -150.75303463144962 161.74781082294476 26.29021193542245 -145.95730118459258 164.68303415295722 25.057018310850804 -144.2664233775205 163.98248614859048 20.251515517391727 -141.3913860712358 168.94889473822656 20.299880525753544 -143.19999471242758 170.42175133277576 16.0563067512512 -142.2843101362408 175.81463673957722 17.8229080746642 -164.12100168068292 185.768573792498 0.11072629975660586 -174.15850732611764 182.5387887536145 1.7956203835695281 -172.5568534510768 166.8270699539545 1.8644822525537714 -173.89514396830458 165.81115931032426 7.776608921434883 -167.9028616865131 158.11272806145695 7.862113848521821 -166.42851785945646 160.13353360381765 13.924133171187233 -157.97541376361835 159.27026794931402 13.89597504871896 -160.79467791817027 166.6538015352729 15.046588557563565 -153.02128040077375 166.15616066763388 14.998762986001804 -164.58482618600823 174.1398181190292 -3.037841677740486 -160.72533238626158 175.00309966777868 -2.9093322245505435 -157.17823160420096 173.66246915490885 -2.6689212172924703 -155.72456322461287 179.14681772956078 -2.070781402847606 -155.5890115741035 179.46192511126074 -7.565424839943432 -151.99243498235688 181.61490919508373 -4.501453428106358 -166.5915753664015 170.32019861561446 15.031803730730516 -162.8228358368089 175.10404213606864 9.950426633274924 -157.94013650279416 174.2509314380269 9.82400279287235 -153.76776206641537 171.72200667932816 10.358310923160342 -151.77572346018803 176.11967350440818 10.204338805737091 -151.7729928953167 175.99806241028872 4.699640804462229 -147.48142054863192 176.74950180100586 7.417590746285745 -143.67142108981693 173.98713848181296 4.702220974702419 -149.60313202855573 199.0922632811674 27.946409944703838 -149.4592235579865 204.69874800038286 23.051231438441224 -137.34732844937182 203.98810603919276 17.3118879662755 -149.45775458603563 207.624077032629 16.185742636802377 -149.45522364607632 209.11731985185398 10.467840900608671 -164.544999188671 202.52568233875593 14.767395540822791 -164.53953592346775 205.54221020758646 12.228471613646287 -170.98370227406815 194.71557856798043 13.452652576522237 -172.22370626497812 196.81821223476544 7.360145812983772 -125.52110791741026 190.43978927561952 15.21828799197215 -123.4807696295959 190.63310090483176 8.137504524951403 -123.4616717290949 190.61341945320797 -5.0250191924493475 -125.51485604247453 190.44108734586112 -11.85829079533282 -172.51472701061414 167.0905677196102 13.645710593951362 -174.13972445559497 182.71087536349947 13.678428434186289 -175.4188250206093 182.7822609872215 7.545235374719278 -171.07295710283248 194.59428136174662 1.3972557056586925 -165.73565416841598 206.50749931233344 2.896024794551619 -165.73799436511314 204.1513711209299 0.356850513346044 -149.45269135687906 209.80821895143188 4.749900699803949 -149.45191133725646 209.8085841232915 -2.8672904785173827 -137.34900157276627 207.462035654766 7.0440832856347075 -137.34464729597406 207.46262090889041 -5.163737975372792 -154.8511099235632 168.55433778175995 -12.228349566473751 -150.17799038594583 163.3136567752377 -10.892289678113492 -146.7395434441132 168.07689411621578 -9.859297936108447 -145.22706057025007 167.21337303601618 -4.802921238717435 -150.7027764122509 148.13907328186752 13.005132959468664 -144.87642789011008 153.74501907874077 19.55080640173731 -147.0459673187564 160.4484239400241 13.63203469377539 -145.82346989929948 162.06307498121674 17.69348502856838 -154.31464081424397 172.69862851636026 -23.491931833250263 -150.93882704917598 167.45796766796727 -22.621861903873487 -147.58611878267496 171.10400717845656 -21.37556322839031 -145.90269973872236 170.89053505808647 -17.334938580057226 -159.9935765295221 180.12117492817634 11.187118051507243 -158.1505537573824 171.6102793955888 10.382664436794961 -162.8429520509558 174.99255657781106 5.085594210387746 -157.9600558246626 174.14959190495057 5.172452007913671 -171.0227276118794 170.18945291347836 -11.939122064852333 -167.29091928565214 161.11965676035092 -6.275812494652104 -159.02285571455334 180.94454174009607 -3.601244460870885 -158.6471917392085 170.74763417848177 -2.9012985916649345 -164.37841808394163 174.3736473862394 -7.943491698488936 -160.52655859062236 175.21660717159503 -7.622007345830051 -168.7914442162374 174.64861611659984 -23.742535415013023 -164.87219262255246 165.81241694950504 -18.140325225097726 -143.47319385457396 155.94867837745062 24.749618554234562 -147.87769086877455 151.7540491221935 26.642547107822615 -169.29480160595736 196.36244370424308 -18.87618411161913 -168.3215103453358 194.35127230339202 -13.96155218428651 -166.54690751664359 192.34027756735588 -12.703911478455412 -155.46048061587248 178.34536596863327 -20.66716464930389 -153.6322500408652 182.01176939252292 -20.546801731594016 -156.36409553123582 177.37997829566302 -9.352309756887763 -156.42111932711148 177.2476626061347 -3.421011136312588 -156.43015245990472 177.19653905597096 3.7188412918300733 -161.68887431729405 197.58910774159216 28.160620986505236 -153.91297788411947 188.70227566868795 30.803798241808202 -154.63304201619454 168.4613446370787 20.880832581177753 -150.73694222358907 174.78881562165296 18.35878789925207 -152.94755131578265 179.74463850802078 27.18685109238684 -152.69802776975212 174.10835130309715 18.198065764715153 -149.9167304320339 178.70913425788584 18.256656043746347 -158.6902650143923 181.51387169647498 -15.68746644983375 -157.36710987273017 180.2746639980666 -12.611402491431788 -158.77020047426436 180.94480996785882 -9.187417391210111 -157.35547302332213 180.00999729266303 -0.007514749049262637 -160.00830877866005 179.99965923514563 3.691810399501779 -151.62677806381564 179.34080092827418 -23.087844795233543 -149.56741055081002 183.75852961836833 -18.011407318248317 -145.61747573437228 178.79026800373424 20.832379203758663 -163.28474945276326 201.570464874749 25.866971824440217 -164.55046149716563 204.51618504362995 17.316715751935163 -168.24743295846017 193.8826724693675 15.501649720468281 -132.04504525320894 171.4984002355431 14.644496638795781 -135.76103825301504 174.37328048204918 0.7136847610652612 -149.80708931299262 173.0732139296312 1.6101843869426493 -143.9149406523664 168.8176766329218 3.2498536663541246 -143.30916440425418 169.9846161164965 24.739983727464534 -146.1640014156234 177.1672775073652 -21.10236665900758 -132.82423361391224 176.95179174815456 25.35016912611248 -149.10105005064344 149.6113178937408 21.64669688811379 -158.5122177681252 155.63461838854488 7.873637755495335 -166.38929433198965 192.6132087443273 14.159247835219174 -157.32629908121146 180.18195002462684 14.66825354279663 -158.41007752950986 171.00180423777175 -8.396038716479405 -158.1712606825223 171.48866826101903 4.877988073909897 -151.50687169636842 158.61013359988894 13.666533808715602 -166.5038142750077 192.00450645726326 0.1233814008060965 -153.79628148822565 171.60039553127493 4.853641773071875 -156.9254830245254 173.91663875428787 -8.153519522412774</float_array>
                    <technique_common>
                        <accessor count="327" source="#pointarray9" stride="3">
                            <param name="X" type="float"/>
                            <param name="Y" type="float"/>
                            <param name="Z" type="float"/>
                        </accessor>
                    </technique_common>
                </source>
                <source id="uvs9">
                    <float_array id="uvarray9" count="868">0.785888671875 0.40576171875 0.76318359375 0.4049072265625 0.7650146484375 0.3974609375 0.7740478515625 0.3875732421875 0.7691650390625 0.377197265625 0.7850341796875 0.3809814453125 0.7947998046875 0.3690185546875 0.8052978515625 0.3631591796875 0.81982421875 0.3656005859375 0.844482421875 0.3568115234375 0.871337890625 0.3656005859375 0.892822265625 0.356689453125 0.9154052734375 0.3663330078125 0.9393310546875 0.3663330078125 0.926513671875 0.382080078125 0.955078125 0.382080078125 0.9295654296875 0.388916015625 0.9659423828125 0.388427734375 0.931640625 0.410888671875 0.965576171875 0.4068603515625 0.9305419921875 0.4249267578125 0.9642333984375 0.4290771484375 0.942138671875 0.439208984375 0.962646484375 0.4365234375 0.94677734375 0.442626953125 0.9644775390625 0.4410400390625 0.9617919921875 0.4456787109375 0.6541748046875 0.394287109375 0.7308349609375 0.38330078125 0.7308349609375 0.3951416015625 0.7154541015625 0.3792724609375 0.7154541015625 0.394287109375 0.7001953125 0.38330078125 0.7001953125 0.3951416015625 0.6876220703125 0.400634765625 0.7001953125 0.400634765625 0.7001953125 0.4034423828125 0.7154541015625 0.400634765625 0.7154541015625 0.4034423828125 0.7308349609375 0.4034423828125 0.7154541015625 0.4097900390625 0.7308349609375 0.4097900390625 0.7154541015625 0.4124755859375 0.7308349609375 0.4124755859375 0.7154541015625 0.421630859375 0.7308349609375 0.421630859375 0.7308349609375 0.42626953125 0.74072265625 0.421630859375 0.771240234375 0.44482421875 0.7679443359375 0.4390869140625 0.7879638671875 0.44189453125 0.7777099609375 0.436279296875 0.7982177734375 0.4390869140625 0.7972412109375 0.4254150390625 0.8358154296875 0.4373779296875 0.8330078125 0.42529296875 0.8687744140625 0.4251708984375 0.835693359375 0.408935546875 0.8638916015625 0.410888671875 0.85009765625 0.3985595703125 0.871337890625 0.38818359375 0.8333740234375 0.3802490234375 0.825439453125 0.3817138671875 0.8038330078125 0.3875732421875 0.7877197265625 0.3826904296875 0.5628662109375 0.48583984375 0.5723876953125 0.492919921875 0.5723876953125 0.4990234375 0.586669921875 0.492919921875 0.6009521484375 0.4990234375 0.6009521484375 0.492919921875 0.610595703125 0.48583984375 0.6009521484375 0.48583984375 0.610595703125 0.4818115234375 0.6009521484375 0.4818115234375 0.6009521484375 0.4776611328125 0.586669921875 0.4818115234375 0.586669921875 0.4752197265625 0.5723876953125 0.4776611328125 0.5723876953125 0.4705810546875 0.5628662109375 0.47412109375 0.5628662109375 0.466552734375 0.6708984375 0.48779296875 0.6708984375 0.4837646484375 0.680419921875 0.48779296875 0.680419921875 0.4837646484375 0.6947021484375 0.4837646484375 0.680419921875 0.479736328125 0.6947021484375 0.4771728515625 0.680419921875 0.4716796875 0.6947021484375 0.47412109375 0.6947021484375 0.467529296875 0.708984375 0.4716796875 0.708984375 0.467529296875 0.7186279296875 0.467529296875 0.708984375 0.4635009765625 0.7186279296875 0.465576171875 0.708984375 0.45849609375 0.5247802734375 0.4959716796875 0.5390625 0.4898681640625 0.5533447265625 0.4959716796875 0.5533447265625 0.4898681640625 0.5628662109375 0.4837646484375 0.5533447265625 0.4837646484375 0.5628662109375 0.479736328125 0.5533447265625 0.479736328125 0.5533447265625 0.4757080078125 0.5390625 0.479736328125 0.5390625 0.47314453125 0.5247802734375 0.4757080078125 0.5247802734375 0.4696044921875 0.5152587890625 0.47265625 0.5152587890625 0.465576171875 0.6917724609375 0.38330078125 0.66943359375 0.400634765625 0.66943359375 0.4061279296875 0.6500244140625 0.4061279296875 0.6500244140625 0.4124755859375 0.6318359375 0.4124755859375 0.6500244140625 0.41796875 0.6318359375 0.421630859375 0.6500244140625 0.421630859375 0.6416015625 0.42626953125 0.66943359375 0.421630859375 0.6778564453125 0.42626953125 0.6876220703125 0.421630859375 0.919189453125 0.462646484375 0.919189453125 0.464599609375 0.934326171875 0.4610595703125 0.934326171875 0.464599609375 0.9495849609375 0.464599609375 0.934326171875 0.468994140625 0.9495849609375 0.468994140625 0.934326171875 0.4742431640625 0.9495849609375 0.4742431640625 0.9495849609375 0.4786376953125 0.96484375 0.4786376953125 0.9495849609375 0.4892578125 0.96484375 0.482177734375 0.9556884765625 0.49365234375 0.7698974609375 0.4610595703125 0.7698974609375 0.4627685546875 0.78515625 0.459228515625 0.78515625 0.4627685546875 0.8004150390625 0.4627685546875 0.78515625 0.46630859375 0.8004150390625 0.46630859375 0.78515625 0.4715576171875 0.8004150390625 0.4715576171875 0.8004150390625 0.47509765625 0.8155517578125 0.47509765625 0.8004150390625 0.48388671875 0.8155517578125 0.4786376953125 0.806396484375 0.4892578125 0.616943359375 0.467529296875 0.62646484375 0.4716796875 0.616943359375 0.4757080078125 0.62646484375 0.479736328125 0.616943359375 0.4837646484375 0.62646484375 0.4837646484375 0.62646484375 0.48779296875 0.6407470703125 0.4837646484375 0.6407470703125 0.4903564453125 0.655029296875 0.48779296875 0.6407470703125 0.4959716796875 0.655029296875 0.4959716796875 0.655029296875 0.5009765625 0.66455078125 0.48779296875 0.5150146484375 0.4490966796875 0.512939453125 0.4425048828125 0.5220947265625 0.4486083984375 0.517578125 0.4332275390625 0.52392578125 0.4339599609375 0.53173828125 0.409423828125 0.55615234375 0.4365234375 0.5576171875 0.4080810546875 0.5665283203125 0.43994140625 0.5831298828125 0.40673828125 0.573974609375 0.4400634765625 0.605224609375 0.443603515625 0.589599609375 0.4591064453125 0.6075439453125 0.4556884765625 0.6708984375 0.4757080078125 0.6708984375 0.467529296875 0.680419921875 0.467529296875 0.680419921875 0.4635009765625 0.6947021484375 0.4610595703125 0.6947021484375 0.45849609375 0.7308349609375 0.400634765625 0.743408203125 0.400634765625 0.743408203125 0.4063720703125 0.743408203125 0.4124755859375 0.5107421875 0.433349609375 0.5145263671875 0.40966796875 0.5294189453125 0.379638671875 0.560302734375 0.382080078125 0.5501708984375 0.36083984375 0.579833984375 0.3599853515625 0.5968017578125 0.34765625 0.6561279296875 0.3594970703125 0.6424560546875 0.347900390625 0.681884765625 0.3590087890625 0.610595703125 0.47412109375 0.6009521484375 0.4705810546875 0.610595703125 0.466552734375 0.6009521484375 0.466552734375 0.6009521484375 0.4625244140625 0.586669921875 0.466552734375 0.586669921875 0.4599609375 0.5723876953125 0.4625244140625 0.5723876953125 0.4573974609375 0.5628662109375 0.464599609375 0.5628662109375 0.47265625 0.5533447265625 0.4696044921875 0.5628662109375 0.465576171875 0.5533447265625 0.465576171875 0.5533447265625 0.4615478515625 0.5390625 0.465576171875 0.5390625 0.458984375 0.5247802734375 0.4615478515625 0.5247802734375 0.4573974609375 0.5152587890625 0.4635009765625 0.7186279296875 0.4757080078125 0.7186279296875 0.4837646484375 0.708984375 0.479736328125 0.708984375 0.4837646484375 0.708984375 0.48779296875 0.6947021484375 0.4903564453125 0.6947021484375 0.4959716796875 0.680419921875 0.4959716796875 0.680419921875 0.5009765625 0.616943359375 0.465576171875 0.62646484375 0.4635009765625 0.62646484375 0.467529296875 0.6407470703125 0.467529296875 0.6407470703125 0.47412109375 0.655029296875 0.4716796875 0.655029296875 0.479736328125 0.66455078125 0.4757080078125 0.66455078125 0.4837646484375 0.861328125 0.463623046875 0.8460693359375 0.468017578125 0.861328125 0.4703369140625 0.8460693359375 0.4725341796875 0.861328125 0.4769287109375 0.8460693359375 0.4769287109375 0.8460693359375 0.4857177734375 0.830810546875 0.4857177734375 0.83837890625 0.4901123046875 0.82470703125 0.4918212890625 0.8521728515625 0.4918212890625 0.9130859375 0.464599609375 0.8978271484375 0.468994140625 0.9130859375 0.4715576171875 0.8978271484375 0.4742431640625 0.9130859375 0.4786376953125 0.8978271484375 0.4786376953125 0.8978271484375 0.4892578125 0.882568359375 0.4892578125 0.8902587890625 0.4918212890625 0.87646484375 0.49365234375 0.9039306640625 0.49365234375 0.716552734375 0.3829345703125 0.7139892578125 0.408203125 0.699951171875 0.3775634765625 0.6942138671875 0.4073486328125 0.67431640625 0.3831787109375 0.670166015625 0.4072265625 0.6500244140625 0.4071044921875 0.664794921875 0.4405517578125 0.6558837890625 0.4404296875 0.6563720703125 0.4576416015625 0.638671875 0.4603271484375 0.8037109375 0.3656005859375 0.81884765625 0.3575439453125 0.844482421875 0.3526611328125 0.8922119140625 0.3526611328125 0.9168701171875 0.3575439453125 0.8914794921875 0.3565673828125 0.9393310546875 0.3677978515625 0.66455078125 0.467529296875 0.655029296875 0.467529296875 0.655029296875 0.4635009765625 0.6407470703125 0.4610595703125 0.62646484375 0.45849609375 0.620849609375 0.4569091796875 0.623046875 0.4437255859375 0.6141357421875 0.4437255859375 0.6300048828125 0.406982421875 0.6031494140625 0.4068603515625 0.6383056640625 0.3829345703125 0.5953369140625 0.3828125 0.5628662109375 0.4818115234375 0.5723876953125 0.4818115234375 0.5723876953125 0.48583984375 0.586669921875 0.4884033203125 0.7001953125 0.42626953125 0.7001953125 0.421630859375 0.6876220703125 0.4124755859375 0.66943359375 0.41796875 0.66943359375 0.4124755859375 0.5152587890625 0.479736328125 0.5247802734375 0.479736328125 0.5247802734375 0.4837646484375 0.5390625 0.486328125 0.9130859375 0.462646484375 0.8978271484375 0.4610595703125 0.8978271484375 0.464599609375 0.882568359375 0.468994140625 0.882568359375 0.4742431640625 0.8673095703125 0.4715576171875 0.8673095703125 0.4786376953125 0.5723876953125 0.466552734375 0.586669921875 0.47314453125 0.861328125 0.4619140625 0.8460693359375 0.460205078125 0.8460693359375 0.463623046875 0.830810546875 0.468017578125 0.830810546875 0.4725341796875 0.8155517578125 0.4703369140625 0.8155517578125 0.4769287109375 0.5247802734375 0.465576171875 0.5390625 0.47216796875 0.6876220703125 0.4061279296875 0.7001953125 0.4097900390625 0.540771484375 0.451416015625 0.55517578125 0.453125 0.564453125 0.4520263671875 0.57275390625 0.4564208984375 0.5628662109375 0.4591064453125 0.7698974609375 0.468994140625 0.7698974609375 0.47509765625 0.78515625 0.47509765625 0.78515625 0.48388671875 0.90771484375 0.437255859375 0.8863525390625 0.4373779296875 0.8572998046875 0.4373779296875 0.8369140625 0.4439697265625 0.716552734375 0.45361328125 0.7088623046875 0.4530029296875 0.7197265625 0.4468994140625 0.713623046875 0.435546875 0.7213134765625 0.4307861328125 0.7208251953125 0.4085693359375 0.6318359375 0.400634765625 0.6500244140625 0.400634765625 0.6680908203125 0.3861083984375 0.6834716796875 0.38330078125 0.762451171875 0.4276123046875 0.7781982421875 0.426025390625 0.8074951171875 0.4071044921875 0.919189453125 0.4715576171875 0.919189453125 0.4786376953125 0.934326171875 0.4786376953125 0.934326171875 0.4892578125 0.9293212890625 0.4434814453125 0.9222412109375 0.4405517578125 0.9072265625 0.4429931640625 0.886962890625 0.443603515625 0.8739013671875 0.4405517578125 0.8572998046875 0.4439697265625 0.7698974609375 0.4786376953125 0.779052734375 0.4892578125 0.792724609375 0.4874267578125 0.919189453125 0.482177734375 0.92822265625 0.49365234375 0.9420166015625 0.4918212890625 0.703857421875 0.4371337890625 0.673828125 0.4405517578125 0.692626953125 0.45458984375 0.6756591796875 0.455078125 0.8209228515625 0.3731689453125 0.871337890625 0.382080078125 0.616943359375 0.48779296875 0.62646484375 0.4959716796875 0.62646484375 0.5009765625 0.7186279296875 0.48779296875 0.708984375 0.4959716796875 0.708984375 0.5009765625 0.5152587890625 0.4837646484375 0.5247802734375 0.4898681640625 0.782470703125 0.375 0.7001953125 0.4124755859375 0.6407470703125 0.4771728515625 0.666015625 0.45458984375 0.667724609375 0.461669921875 0.6708984375 0.465576171875 0.680419921875 0.45849609375 0.96875 0.4293212890625 0.969970703125 0.40673828125 0.8082275390625 0.44287109375 0.8177490234375 0.4404296875 0.8212890625 0.447509765625 0.8155517578125 0.4619140625 0.8155517578125 0.463623046875 0.830810546875 0.460205078125 0.830810546875 0.463623046875 0.8673095703125 0.462646484375 0.8673095703125 0.464599609375 0.882568359375 0.4610595703125 0.882568359375 0.464599609375 0.655029296875 0.4837646484375 0.96484375 0.464599609375 0.96484375 0.4715576171875 0.61376953125 0.4630126953125 0.613525390625 0.4564208984375 0.882568359375 0.4786376953125 0.955078125 0.383544921875 0.5533447265625 0.4573974609375 0.5390625 0.454345703125 0.9130859375 0.482177734375 0.861328125 0.4803466796875 0.655029296875 0.45849609375 0.6407470703125 0.45849609375 0.8155517578125 0.4627685546875 0.8155517578125 0.468994140625 0.830810546875 0.4769287109375 0.8155517578125 0.4610595703125 0.8004150390625 0.459228515625 0.96484375 0.4627685546875 0.9495849609375 0.4610595703125 0.8673095703125 0.482177734375 0.6318359375 0.4061279296875 0.765869140625 0.38330078125 0.66455078125 0.465576171875 0.8155517578125 0.4803466796875 0.844482421875 0.3565673828125 0.87353515625 0.44775390625 0.919921875 0.447021484375 0.752197265625 0.3837890625 0.5628662109375 0.4635009765625 0.586669921875 0.4573974609375 0.610595703125 0.464599609375 0.6009521484375 0.4573974609375</float_array>
                    <technique_common>
                        <accessor count="434" source="#uvarray9" stride="2">
                            <param name="S" type="float"/>
                            <param name="T" type="float"/>
                        </accessor>
                    </technique_common>
                </source>
                <vertices id="vertices9">
                    <input semantic="POSITION" source="#points9"/>
                </vertices>
                <polylist count="650" material="Material1">
                    <input offset="0" semantic="VERTEX" source="#vertices9"/>
                    <input offset="1" semantic="TEXCOORD" source="#uvs9" set="0"/>
                    <vcount>3 3 3 3 3 3 3 3 3 3 3 3 3 3 3 3 3 3 3 3 3 3 3 3 3 3 3 3 3 3 3 3 3 3 3 3 3 3 3 3 3 3 3 3 3 3 3 3 3 3 3 3 3 3 3 3 3 3 3 3 3 3 3 3 3 3 3 3 3 3 3 3 3 3 3 3 3 3 3 3 3 3 3 3 3 3 3 3 3 3 3 3 3 3 3 3 3 3 3 3 3 3 3 3 3 3 3 3 3 3 3 3 3 3 3 3 3 3 3 3 3 3 3 3 3 3 3 3 3 3 3 3 3 3 3 3 3 3 3 3 3 3 3 3 3 3 3 3 3 3 3 3 3 3 3 3 3 3 3 3 3 3 3 3 3 3 3 3 3 3 3 3 3 3 3 3 3 3 3 3 3 3 3 3 3 3 3 3 3 3 3 3 3 3 3 3 3 3 3 3 3 3 3 3 3 3 3 3 3 3 3 3 3 3 3 3 3 3 3 3 3 3 3 3 3 3 3 3 3 3 3 3 3 3 3 3 3 3 3 3 3 3 3 3 3 3 3 3 3 3 3 3 3 3 3 3 3 3 3 3 3 3 3 3 3 3 3 3 3 3 3 3 3 3 3 3 3 3 3 3 3 3 3 3 3 3 3 3 3 3 3 3 3 3 3 3 3 3 3 3 3 3 3 3 3 3 3 3 3 3 3 3 3 3 3 3 3 3 3 3 3 3 3 3 3 3 3 3 3 3 3 3 3 3 3 3 3 3 3 3 3 3 3 3 3 3 3 3 3 3 3 3 3 3 3 3 3 3 3 3 3 3 3 3 3 3 3 3 3 3 3 3 3 3 3 3 3 3 3 3 3 3 3 3 3 3 3 3 3 3 3 3 3 3 3 3 3 3 3 3 3 3 3 3 3 3 3 3 3 3 3 3 3 3 3 3 3 3 3 3 3 3 3 3 3 3 3 3 3 3 3 3 3 3 3 3 3 3 3 3 3 3 3 3 3 3 3 3 3 3 3 3 3 3 3 3 3 3 3 3 3 3 3 3 3 3 3 3 3 3 3 3 3 3 3 3 3 3 3 3 3 3 3 3 3 3 3 3 3 3 3 3 3 3 3 3 3 3 3 3 3 3 3 3 3 3 3 3 3 3 3 3 3 3 3 3 3 3 3 3 3 3 3 3 3 3 3 3 3 3 3 3 3 3 3 3 3 3 3 3 3 3 3 3 3 3 3 3 3 3 3 3 3 3 3 3 3 3 3 3 3 3 3 3 3 3 3 3 3 3 3 3 3 3 3 3 3 3 3 3 3 3 3 3 3 3 3 3 3 3 3 3 3 3 3 3 3 3 3 3 3 3 3 3 3 3 3 3 3 3 3 3 3 3 3 3 3 3 3 3 3 3 3 3 3 3 3 3 3 3 3 3 3 3 3 3 3 3 3 3 3 3 3 3 3 3 3 3 3 3</vcount>
                    <p>2 2 1 1 0 0 3 3 1 1 2 2 4 4 3 3 2 2 5 5 3 3 4 4 6 6 5 5 4 4 7 7 5 5 6 6 8 8 7 7 6 6 9 9 7 7 8 8 10 10 9 9 8 8 11 11 9 9 10 10 12 12 11 11 10 10 13 13 11 11 12 12 14 14 13 13 12 12 15 15 13 13 14 14 16 16 15 15 14 14 17 17 15 15 16 16 18 18 17 17 16 16 19 19 17 17 18 18 20 20 19 19 18 18 21 21 19 19 20 20 22 22 21 21 20 20 23 23 21 21 22 22 24 24 23 23 22 22 25 25 23 23 24 24 26 26 25 25 24 24 27 29 2 28 0 27 28 30 2 28 27 29 29 31 28 30 27 29 30 32 28 30 29 31 31 33 30 32 29 31 32 34 30 32 31 33 33 35 32 34 31 33 34 36 32 34 33 35 35 37 34 36 33 35 36 38 34 36 35 37 37 39 36 38 35 37 38 40 36 38 37 39 39 41 38 40 37 39 40 42 38 40 39 41 41 43 40 42 39 41 42 44 40 42 41 43 43 45 42 44 41 43 44 46 42 44 43 45 45 47 44 46 43 45 48 50 47 49 46 48 49 51 47 49 48 50 50 52 49 51 48 50 51 53 49 51 50 52 52 54 51 53 50 52 53 55 51 53 52 54 54 56 53 55 52 54 55 57 53 55 54 56 56 58 55 57 54 56 57 59 55 57 56 58 58 60 57 59 56 58 59 61 57 59 58 60 60 62 59 61 58 60 61 63 59 61 60 62 62 64 61 63 60 62 65 67 64 66 63 65 66 68 64 66 65 67 67 69 66 68 65 67 68 70 66 68 67 69 69 71 68 70 67 69 70 72 68 70 69 71 71 73 70 72 69 71 72 74 70 72 71 73 73 75 72 74 71 73 74 76 72 74 73 75 75 77 74 76 73 75 76 78 74 76 75 77 77 79 76 78 75 77 78 80 76 78 77 79 79 81 78 80 77 79 82 84 81 83 80 82 83 85 81 83 82 84 84 86 83 85 82 84 85 87 83 85 84 86 86 88 85 87 84 86 87 89 85 87 86 88 88 90 87 89 86 88 89 91 87 89 88 90 90 92 89 91 88 90 91 93 89 91 90 92 92 94 91 93 90 92 93 95 91 93 92 94 46 96 93 95 92 94 94 97 93 95 46 96 97 100 96 99 95 98 98 101 96 99 97 100 99 102 98 101 97 100 100 103 98 101 99 102 101 104 100 103 99 102 102 105 100 103 101 104 103 106 102 105 101 104 104 107 102 105 103 106 105 108 104 107 103 106 106 109 104 107 105 108 107 110 106 109 105 108 108 111 106 109 107 110 109 112 108 111 107 110 32 34 62 113 30 32 110 114 62 113 32 34 111 115 110 114 32 34 112 116 110 114 111 115 113 117 112 116 111 115 114 118 112 116 113 117 115 119 114 118 113 117 45 120 114 118 115 119 116 121 45 120 115 119 44 122 45 120 116 121 117 123 44 122 116 121 118 124 44 122 117 123 119 125 118 124 117 123 122 128 121 127 120 126 123 129 121 127 122 128 124 130 123 129 122 128 125 131 123 129 124 130 126 132 125 131 124 130 127 133 125 131 126 132 128 134 127 133 126 132 129 135 127 133 128 134 130 136 129 135 128 134 131 137 129 135 130 136 132 138 131 137 130 136 133 139 131 137 132 138 24 142 109 141 26 140 134 143 109 141 24 142 135 144 134 143 24 142 136 145 134 143 135 144 137 146 136 145 135 144 138 147 136 145 137 146 139 148 138 147 137 146 140 149 138 147 139 148 101 150 140 149 139 148 141 151 140 149 101 150 99 152 141 151 101 150 97 153 141 151 99 152 144 156 143 155 142 154 145 157 143 155 144 156 146 158 145 157 144 156 147 159 145 157 146 158 148 160 147 159 146 158 149 161 147 159 148 160 150 162 149 161 148 160 151 163 149 161 150 162 152 164 151 163 150 162 153 165 151 163 152 164 154 166 153 165 152 164 155 167 153 165 154 166 156 170 25 169 26 168 157 171 25 169 156 170 158 172 157 171 156 170 159 173 157 171 158 172 160 174 159 173 158 172 161 175 159 173 160 174 162 176 161 175 160 174 163 177 161 175 162 176 164 178 163 177 162 176 165 179 163 177 164 178 166 180 165 179 164 178 167 181 165 179 166 180 85 87 81 83 83 85 168 182 81 83 85 87 87 89 168 182 85 87 121 183 168 182 87 89 169 184 121 183 87 89 170 185 121 183 169 184 89 91 170 185 169 184 171 186 170 185 89 91 93 95 171 186 89 91 172 187 171 186 93 95 94 97 172 187 93 95 29 31 33 35 31 33 35 37 33 35 29 31 27 29 35 37 29 31 173 188 35 37 27 29 174 189 173 188 27 29 37 39 173 188 174 189 175 190 37 39 174 189 39 41 37 39 175 190 114 191 39 41 175 190 41 43 39 41 114 191 43 45 41 43 114 191 157 171 176 192 25 169 177 193 176 192 157 171 159 173 177 193 157 171 178 194 177 193 159 173 179 195 178 194 159 173 180 196 178 194 179 195 181 197 180 196 179 195 182 198 180 196 181 197 183 199 182 198 181 197 184 200 182 198 183 199 185 201 184 200 183 199 186 202 73 75 71 73 187 203 73 75 186 202 188 204 187 203 186 202 189 205 187 203 188 204 190 206 189 205 188 204 191 207 189 205 190 206 192 208 191 207 190 206 193 209 191 207 192 208 194 210 193 209 192 208 195 211 193 209 194 210 196 212 103 106 101 104 197 213 103 106 196 212 198 214 197 213 196 212 199 215 197 213 198 214 200 216 199 215 198 214 201 217 199 215 200 216 202 218 201 217 200 216 203 219 201 217 202 218 156 220 203 219 202 218 26 221 203 219 156 220 205 224 130 223 204 222 206 225 130 223 205 224 84 86 206 225 205 224 207 226 206 225 84 86 208 227 207 226 84 86 209 228 207 226 208 227 82 84 209 228 208 227 210 229 209 228 82 84 80 82 210 229 82 84 211 230 210 229 80 82 142 154 213 232 212 231 214 233 213 232 142 154 143 155 214 233 142 154 215 234 214 233 143 155 216 235 215 234 143 155 217 236 215 234 216 235 218 237 217 236 216 235 219 238 217 236 218 237 220 239 219 238 218 237 186 242 221 241 188 240 222 243 221 241 186 242 71 244 222 243 186 242 223 245 222 243 71 244 224 246 223 245 71 244 225 247 223 245 224 246 226 248 225 247 224 246 65 249 225 247 226 248 67 250 65 249 226 248 219 253 228 252 227 251 229 254 228 252 219 253 220 255 229 254 219 253 230 256 229 254 220 255 231 257 230 256 220 255 232 258 230 256 231 257 233 259 232 258 231 257 234 260 232 258 233 259 154 261 234 260 233 259 5 264 235 263 3 262 236 265 235 263 5 264 237 266 236 265 5 264 238 267 236 265 237 266 239 268 238 267 237 266 240 269 238 267 239 268 241 270 240 269 239 268 242 271 240 269 241 270 243 272 242 271 241 270 7 7 185 273 5 5 244 274 185 273 7 7 9 9 244 274 7 7 245 275 244 274 9 9 11 11 245 275 9 9 246 276 245 275 11 11 247 277 246 276 11 11 182 278 246 276 247 277 180 279 182 278 247 277 227 280 217 236 219 238 248 281 217 236 227 280 249 282 248 281 227 280 215 234 248 281 249 282 250 283 215 234 249 282 213 232 215 234 250 283 251 284 213 232 250 283 212 231 213 232 251 284 252 286 251 285 243 272 253 287 251 285 252 286 254 288 253 287 252 286 255 289 253 287 254 288 256 290 255 289 254 288 257 291 255 289 256 290 183 199 257 291 256 290 181 197 257 291 183 199 258 292 76 78 78 80 259 293 76 78 258 292 260 294 259 293 258 292 74 76 259 293 260 294 261 295 74 76 260 294 70 72 74 76 261 295 66 68 70 72 261 295 68 70 70 72 66 68 118 296 42 44 44 46 262 297 42 44 118 296 119 125 262 297 118 296 263 298 262 297 119 125 264 299 263 298 119 125 265 300 263 298 264 299 115 119 265 300 264 299 113 117 265 300 115 119 266 301 106 109 108 111 267 302 106 109 266 301 268 303 267 302 266 301 104 107 267 302 268 303 269 304 104 107 268 303 100 103 104 107 269 304 96 99 100 103 269 304 98 101 100 103 96 99 227 251 270 306 120 305 271 307 270 306 227 251 228 252 271 307 227 251 272 308 271 307 228 252 273 309 272 308 228 252 144 310 272 308 273 309 146 311 144 310 273 309 79 81 193 209 195 211 274 312 193 209 79 81 77 79 274 312 79 81 191 207 274 312 77 79 275 313 191 207 77 79 187 203 191 207 275 313 73 75 187 203 275 313 188 240 276 315 212 314 277 316 276 315 188 240 221 241 277 316 188 240 278 317 277 316 221 241 279 318 278 317 221 241 78 319 278 317 279 318 258 320 78 319 279 318 109 112 203 219 26 221 280 321 203 219 109 112 107 110 280 321 109 112 201 217 280 321 107 110 281 322 201 217 107 110 197 213 201 217 281 322 103 106 197 213 281 322 111 115 265 300 113 117 263 298 265 300 111 115 282 323 263 298 111 115 283 324 263 298 282 323 34 36 283 324 282 323 38 40 283 324 34 36 36 38 38 40 34 36 284 325 158 172 156 170 160 174 158 172 284 325 285 326 160 174 284 325 162 176 160 174 285 326 286 327 162 176 285 326 194 328 162 176 286 327 195 329 194 328 286 327 138 147 108 330 136 145 266 331 108 330 138 147 287 332 266 331 138 147 288 333 266 331 287 332 140 149 288 333 287 332 141 151 288 333 140 149 20 20 289 334 22 22 290 335 289 334 20 20 54 56 290 335 20 20 291 336 290 335 54 56 52 54 291 336 54 56 270 337 291 336 52 54 47 340 94 339 46 338 292 341 94 339 47 340 293 342 292 341 47 340 235 263 292 341 293 342 1 343 235 263 293 342 3 262 235 263 1 343 0 27 174 344 27 29 294 345 174 344 0 27 295 346 294 345 0 27 110 114 294 345 295 346 61 347 110 114 295 346 62 113 110 114 61 347 49 51 293 348 47 49 296 349 293 348 49 51 51 53 296 349 49 51 295 350 296 349 51 53 55 57 295 350 51 53 57 59 295 350 55 57 127 133 168 351 125 131 81 352 168 351 127 133 297 353 81 352 127 133 298 354 81 352 297 353 129 135 298 354 297 353 131 137 298 354 129 135 22 22 299 355 24 24 300 356 299 355 22 22 289 334 300 356 22 22 301 357 300 356 289 334 276 358 301 357 289 334 290 335 276 358 289 334 302 359 276 358 290 335 291 336 302 359 290 335 303 360 302 359 291 336 270 337 303 360 291 336 288 333 304 361 266 331 95 362 304 361 288 333 305 363 95 362 288 333 97 153 95 362 305 363 141 151 97 153 305 363 298 354 80 364 81 352 211 365 80 364 298 354 306 366 211 365 298 354 133 139 211 365 306 366 131 137 133 139 306 366 236 265 292 341 235 263 307 367 292 341 236 265 308 368 307 367 236 265 172 369 307 367 308 368 309 370 172 369 308 368 310 371 8 8 6 6 10 10 8 8 310 371 311 372 10 10 310 371 12 12 10 10 311 372 14 14 12 12 311 372 312 373 148 160 146 158 313 374 148 160 312 373 234 375 313 374 312 373 152 164 313 374 234 375 154 166 152 164 234 375 207 226 130 223 206 225 132 376 130 223 207 226 314 377 132 376 207 226 133 378 132 376 314 377 209 228 133 378 314 377 304 379 268 303 266 301 315 380 268 303 304 379 95 98 315 380 304 379 96 99 315 380 95 98 256 290 237 266 183 199 239 268 237 266 256 290 254 288 239 268 256 290 252 286 239 268 254 288 316 381 6 6 4 4 310 371 6 6 316 381 62 64 310 371 316 381 60 62 310 371 62 64 262 297 40 42 42 44 317 382 40 42 262 297 263 298 317 382 262 297 283 324 317 382 263 298 149 161 145 157 147 159 318 383 145 157 149 161 218 237 318 383 149 161 216 235 318 383 218 237 90 92 204 222 92 94 205 224 204 222 90 92 88 90 205 224 90 92 86 88 205 224 88 90 240 269 309 370 308 368 319 384 309 370 240 269 242 271 319 384 240 269 120 385 319 384 242 271 170 185 120 386 121 183 309 387 120 386 170 185 171 186 309 387 170 185 172 187 309 387 171 186 176 388 23 23 25 25 21 21 23 23 176 388 177 389 21 21 176 388 19 19 21 21 177 389 122 390 50 52 48 50 320 391 50 52 122 390 120 392 320 391 122 390 270 337 320 391 120 392 301 395 79 394 195 393 321 396 79 394 301 395 277 316 321 396 301 395 278 317 321 396 277 316 303 399 142 398 212 397 322 400 142 398 303 399 271 307 322 400 303 399 272 308 322 400 271 307 323 401 151 163 220 239 149 161 151 163 323 401 218 237 149 161 323 401 204 403 126 132 92 402 128 134 126 132 204 403 130 136 128 134 204 403 324 405 212 404 251 285 167 181 212 404 324 405 253 287 167 181 324 405 0 0 296 349 295 350 293 348 296 349 0 0 1 1 293 348 0 0 325 406 273 309 230 256 146 311 273 309 325 406 232 258 146 311 325 406 13 13 247 277 11 11 180 279 247 277 13 13 178 407 180 279 13 13 284 409 200 216 285 408 202 218 200 216 284 409 156 220 202 218 284 409 231 257 154 261 233 259 155 410 154 261 231 257 220 255 155 410 231 257 224 246 67 250 226 248 69 411 67 250 224 246 71 244 69 411 224 246 243 413 249 282 242 412 250 283 249 282 243 413 251 284 250 283 243 413 196 415 137 146 198 414 139 148 137 146 196 415 101 150 139 148 196 415 326 416 279 318 223 245 258 320 279 318 326 416 225 247 258 320 326 416 198 414 299 418 195 417 135 144 299 418 198 414 137 146 135 144 198 414 92 402 48 420 46 419 124 130 48 420 92 402 126 132 124 130 92 402 18 18 54 56 20 20 56 58 54 56 18 18 58 60 56 58 18 18 222 243 279 318 221 241 223 245 279 318 222 243 60 62 311 372 310 371 58 60 311 372 60 62 96 99 268 303 315 380 269 304 268 303 96 99 312 421 232 258 234 260 146 311 232 258 312 421 117 123 264 299 119 125 116 121 264 299 117 123 175 422 112 116 114 118 174 344 112 116 175 422 316 381 30 423 62 64 4 4 30 423 316 381 294 345 112 116 174 344 110 114 112 116 294 345 123 129 168 351 121 127 125 131 168 351 123 129 282 323 32 34 34 36 111 115 32 34 282 323 161 175 179 195 159 173 163 177 179 195 161 175 283 324 40 42 317 382 38 40 40 42 283 324 120 424 249 282 227 280 242 412 249 282 120 424 164 178 194 328 166 180 162 176 194 328 164 178 63 425 225 247 65 249 258 320 225 247 63 425 155 167 151 163 153 165 220 239 151 163 155 167 321 396 78 319 79 394 278 317 78 319 321 396 143 155 318 383 216 235 145 157 318 383 143 155 152 164 148 160 313 374 150 162 148 160 152 164 211 230 209 228 210 229 133 378 209 228 211 230 15 15 178 407 13 13 17 17 178 407 15 15 17 17 177 389 178 407 19 19 177 389 17 17 16 16 58 60 18 18 14 14 58 60 16 16 184 426 246 276 182 278 245 275 246 276 184 426 212 427 302 359 303 360 276 358 302 359 212 427 238 267 308 368 236 265 240 269 308 368 238 267 195 428 300 356 301 357 299 355 300 356 195 428 244 274 184 426 185 273 245 275 184 426 244 274 105 108 281 322 107 110 103 106 281 322 105 108 28 429 4 4 2 2 30 423 4 4 28 429 241 270 252 286 243 272 239 268 252 286 241 270 179 195 257 291 181 197 163 177 257 291 179 195 163 177 255 289 257 291 165 179 255 289 163 177 165 179 253 287 255 289 167 181 253 287 165 179 195 430 200 216 198 214 285 408 200 216 195 430 229 254 273 309 228 252 230 256 273 309 229 254 134 143 108 330 109 141 136 145 108 330 134 143 66 68 260 294 64 66 261 295 260 294 66 68 322 400 144 310 142 398 272 308 144 310 322 400 94 339 307 367 172 369 292 341 307 367 94 339 75 77 275 313 77 79 73 75 275 313 75 77 185 201 237 266 5 264 183 199 237 266 185 201 192 208 166 431 194 210 190 206 166 431 192 208 212 432 190 206 188 204 167 433 190 206 212 432 63 65 260 294 258 292 64 66 260 294 63 65 320 391 52 54 50 52 270 337 52 54 320 391 57 59 61 63 295 350 59 61 61 63 57 59 201 217 203 219 280 321 207 226 209 228 314 377 201 217 197 213 199 215 104 107 100 103 102 105 232 258 325 406 230 256 89 91 169 184 87 89 104 107 106 109 267 302 225 247 326 416 223 245 220 239 218 237 323 401 84 86 82 84 208 227 84 86 205 224 86 88 271 307 303 399 270 306 124 130 122 128 48 420 195 329 286 327 285 326 129 135 297 353 127 133 277 316 301 395 276 315 135 144 24 142 299 418 140 149 287 332 138 147 319 384 120 385 309 370 55 57 51 53 53 55 141 151 305 363 288 333 131 137 306 366 298 354 253 287 324 405 251 285 190 206 167 433 166 431 191 207 193 209 274 312 74 76 76 78 259 293 74 76 70 72 72 74 191 207 187 203 189 205 58 60 14 14 311 372 35 37 173 188 37 39 116 121 115 119 264 299 114 191 45 47 43 45 215 234 217 236 248 281 215 234 213 232 214 233 89 91 91 93 93 95</p>
                </polylist>
            </mesh>
        </geometry>
    </library_geometries>
    <library_controllers>
        <controller id="controller0">
            <skin source="#mesh0">
                <bind_shape_matrix>1 0 0 0 0 1 0 0 0 0 1 0 0 0 0 1</bind_shape_matrix>
                <source id="joints0">
                    <Name_array id="JointArr0" count="35">jointnode-1 jointnode0 jointnode1 jointnode2 jointnode3 jointnode4 jointnode5 jointnode6 jointnode7 jointnode8 jointnode9 jointnode10 jointnode11 jointnode12 jointnode13 jointnode14 jointnode15 jointnode16 jointnode17 jointnode18 jointnode19 jointnode20 jointnode21 jointnode22 jointnode23 jointnode24 jointnode25 jointnode26 jointnode27 jointnode28 jointnode29 jointnode30 jointnode31 jointnode32 jointnode33</Name_array>
                    <technique_common>
                        <accessor source="#JointArr0" count="35">
                            <param name="JOINT" type="Name" />
                        </accessor>
                    </technique_common>
                </source>
                <source id="matrices0">
                    <float_array id="MatArr0" count="560">1 0 0 0 0 1 0 0 0 0 1 0 0 0 0 1 1 0 0 0 0 1 0 0 0 0 1 0 0 0 0 1 1 0 0 0 0 1 0 -125.14652252197266 0 0 1 0 0 0 0 1 1 0 0 0 0 1 0 0 0 0 1 -100 0 0 0 1 1 0 0 -100 0 1 0 0 0 0 1 0 0 0 0 1 1 0 0 100 0 1 0 0 0 0 1 0 0 0 0 1 1 0 0 0 0 1 0 -93 0 0 1 0 0 0 0 1 0.00004793836256601856 -0.9999999988509567 -4.386559881474326e-18 137.49999984200656 0.00004793836251091911 2.2980866055094973e-9 -0.9999999988509567 2.499999681140483 0.9999999977019134 0.00004793836251091911 0.00004793836256601856 -0.006711370751666425 0 0 0 1 0.00005977914990645416 -1.2499963891855828 0.0029961447445020534 139.842604523877 -0.0000480531290230205 0.0023969135332384717 0.9999971262440761 -0.26815321788404406 -0.9999999977019134 -0.000047938362510918826 -0.00004793836256589609 23.006711370751667 0 0 0 0.9999999999999999 0.0000747239362695943 -1.562495463198982 0.0037451808748200236 121.55261678912775 -0.00004805312902302051 0.0023969135332384726 0.9999971262440763 -1.406376269908886 -0.9999999977019136 -0.00004793836251091885 -0.00004793836256589611 23.006711370751667 0 0 0 1.0000000000000002 0.00007483890092293256 -1.562496719963759 0.0013482611704661014 78.45885878688625 -0.00004787388399924245 -0.0013482634685601407 1.0000032305287878 0.13238138555252843 -0.9999999977019135 -0.000047938362510918826 -0.000047938362565896096 23.00671137075167 0 0 0 1.0000000000000002 -0.00004787029628986681 -0.00142316700128074 1.0000032940131738 -21.114576476401865 -0.00007484119583254802 1.5624966535348395 -0.0013003226514846284 -63.45987105802692 -0.9999999977019135 -0.00004793836251091881 -0.00004793836256589611 21.13171232442599 0 0 0 1.0000000000000002 0.000059773390660987444 -1.2499960961801129 0.003115990290814301 139.84257174407125 -0.0000480577139455224 0.002492789971717479 0.9999968918394763 -0.27887933756356337 -0.9999999977019133 -0.000047938362510918806 -0.00004793836256589611 -22.993288629248333 0 0 0 0.9999999999999999 0.00007472249638965266 -1.5624953885113206 0.0037751422555853805 121.552681227219 -0.00004805198284770083 0.0023729444282688823 0.9999971859942618 -1.392146031221422 -0.9999999977019135 -0.00004793836251091882 -0.0000479383625658961 -22.993289629248334 0 0 0 1.0000000000000002 0.0000748374582998414 -1.5624965878243853 0.0013782223219480259 78.45884623889046 -0.00004787274127848633 -0.0013722323256558768 1.0000033620937097 0.13426163637655197 -0.9999999977019135 -0.00004793836251091882 -0.000047938362565896116 -22.993288629248337 0 0 0 1.0000000000000002 -0.000047869153638268976 -0.0014471358520143892 1.0000034270143838 -21.112696226181534 -0.00007483975315467835 1.5624965202464383 -0.0013302837966251188 -63.459858419895006 -0.9999999977019136 -0.00004793836251091881 -0.00004793836256589611 -21.118289582922657 0 0 0 1.0000000000000002 -0.000058713617795048536 0.965915484345868 0.25885763201729006 -143.11967803810631 -0.00003389519569432086 -0.2588576342370475 0.9659154849407453 35.76671231838945 0.9999999977019135 0.00004793836251091912 0.000047938362566018563 -0.006711370751666425 0 0 0 1 -0.00006370548882742022 0.42257722554517396 0.9063269191589503 -116.19191223827727 0.000023190168153741 -0.9063269201300692 0.42257722762799177 173.13238977585212 0.9999999977019134 0.00004793836251091912 0.000047938362566018563 -0.006711370751666426 0 0 0 1 -0.00004793606436923036 -0.000047940660597482686 0.9999999977019136 -39.40355764025924 0.00004794066059753818 -0.9999999977018035 -0.00004793836251077582 209.49347719587743 0.9999999977019134 0.00004793836251091912 0.00004793836256601857 -0.006711370751666425 0 0 0 1 -0.00004793606436923036 -0.000047940660597482686 0.9999999977019136 -39.40355764025924 0.00004794066059753818 -0.9999999977018035 -0.00004793836251077582 209.49347719587743 0.9999999977019134 0.00004793836251091912 0.00004793836256601857 -0.006711370751666425 0 0 0 1 -0.00006779508197298451 0.7070220298179067 0.7071915191488048 -218.01519126841586 8.125002052705607e-9 -0.7071915207736028 0.7070220314430941 141.7904625057773 0.9999999977019134 0.000047938362510919124 0.00004793836256601857 -0.0067143707517725365 0 0 0 1 0.9999999937382356 0.00009424276915255065 0.00006034757352756114 -12.515549502784342 -0.00006033853753039688 -0.00009587990486030716 0.9999999935831527 -12.483467005891493 0.00009424855466745052 -0.9999999909626723 -0.00009587421778905237 187.50021837966287 0 0 0 1 0.9999904261750173 0.0000938282239882645 0.004374786231528593 -47.525822031855874 0.004374777196284624 0.00009628561718526283 -0.9999904259809506 2.2784409400427292 -0.00009424855466744996 0.9999999909626722 0.00009587421778892991 -188.12521837966284 0 0 0 1 0.9999857721696648 0.00009373586538076876 0.005333542146341052 -88.0268516763412 0.005333533111287301 0.00009637553234538999 -0.9999857719669354 1.027748157438637 -0.00009424855466744996 0.9999999909626722 0.00009587421778892991 -188.12522737966313 0 0 0 1 0.9999999937382353 0.00009424276915255061 0.00006034757352756166 -128.5155489471808 -0.00007249666575798176 0.7692307931459514 0.000036873736291330664 -144.71162233301388 -0.00004641773676601565 -0.00003687811105831405 0.7692307951614961 -1.9169375423935475 0 0 0 1 0.9999999937382353 0.00009424276915255061 0.00006034757352756166 -128.5155489471808 -0.00007249666575798176 0.7692307931459514 0.000036873736291330664 -144.71162233301388 -0.00004641773676601565 -0.00003687811105831405 0.7692307951614961 -1.9169375423935475 0 0 0 1 -0.9999999993675048 -0.0000016339557591210803 -0.000035529151494309486 -12.502124853947798 -0.00003552899466944897 -0.00009587871553144504 0.9999999947724816 -12.483467172421195 -0.000001637362239988157 0.9999999954023013 0.00009587865741798285 -187.50021900129923 0 0 0 1 -0.9999999993675048 -0.0000016339557591210805 -0.00003552915149430949 -47.50212485394781 0.00003552899466944897 0.0000958787155315675 -0.9999999947724816 2.4834662187468526 0.0000016373622399881615 -0.9999999954023013 -0.00009587865741810531 188.1252200145782 0 0 0 1 -0.9999995738142501 -0.0000017258803666283716 0.0009232379646178906 -88.00352584704014 -0.0009232381258482362 0.00009587710488101992 -0.9999995692193793 1.4190569782819378 0.000001637362239988161 -0.9999999954023012 -0.00009587865741810531 188.12521801457817 0 0 0 1 -0.99999957381425 -0.0000017258803666283712 0.0009232379646178905 -128.50352584704012 -0.000001293554479846088 0.7692307965609475 0.00003687716703945549 -144.7116243771236 -0.0007101831385839245 0.000036875957064338 -0.7692304687279764 1.8523926814300622 0 0 0 0.9999999999999999 -0.99999957381425 -0.0000017258803666283712 0.0009232379646178905 -128.50352584704012 -0.000001293554479846088 0.7692307965609475 0.00003687716703945549 -144.7116243771236 -0.0007101831385839245 0.000036875957064338 -0.7692304687279764 1.8523926814300622 0 0 0 0.9999999999999999 -0.00006497993935398544 0.47609605501609975 0.8793932807201308 -119.11936308336595 0.000019333408579237113 -0.8793932818142407 0.4760960570370218 166.93468174770567 0.9999999977019134 0.00004793836251091911 0.000047938362566018563 -0.0067133707516613735 0 0 0 1 0.00004609846769127282 -0.9992902085644959 0.03767063766460643 159.9495393562524 0.00004971020501120493 -0.037670635368150955 -0.9992902084779256 48.7942628054608 0.9999999977019134 0.00004793836251091911 0.000047938362566018563 -0.006712370751663897 0 0 0 1 0.00005095541360545738 -0.9978817226805179 -0.06505432302090859 136.88854397071228 0.00004471821809996589 0.06505432531412722 -0.9978817228300183 35.721019584148294 0.9999999977019135 0.00004793836251091912 0.00004793836256601857 -0.006712370751663898 0 0 0 1 0.000048222476669046967 -0.999982331199505 -0.0059443219459814406 110.71939702179397 -0.0000476525544921875 -0.005944324244027465 0.9999823312131657 -41.631187516710916 -0.9999999977019137 -0.00004793836251091985 -0.00004793836256589611 0.0067123707516588 0 0 0 1</float_array>
                    <technique_common>
                        <accessor source="#MatArr0" count="35" stride="16">
                            <param type="float4x4" />
                        </accessor>
                    </technique_common>
                </source>
                <source id="weights0">
                    <float_array id="WeightArr0" count="4">1 0.75 0.25 0.5</float_array>
                    <technique_common>
                        <accessor source="#WeightArr0" count="1">
                            <param type="float" />
                        </accessor>
                    </technique_common>
                </source>
                <joints>
                    <input semantic="JOINT" source="#joints0" />
                    <input semantic="INV_BIND_MATRIX" source="#matrices0" />
                </joints>
                <vertex_weights count="467">
                    <input semantic="JOINT" offset="0" source="#joints0" />
                    <input semantic="WEIGHT" offset="1" source="#weights0" />
                    <vcount>1 1 1 1 1 1 1 1 2 2 2 2 1 1 1 1 1 1 1 1 1 1 1 1 1 2 2 2 2 2 2 1 1 1 1 1 1 1 1 1 1 1 1 1 1 1 1 1 1 1 1 1 1 1 1 1 1 1 1 1 1 1 1 1 1 1 1 1 1 1 1 1 1 2 2 2 1 1 1 1 1 1 1 1 1 1 1 1 1 1 1 1 1 1 1 1 1 1 1 1 1 1 1 1 1 1 1 1 1 1 1 1 1 1 1 1 1 1 1 1 1 1 1 1 1 1 1 1 1 1 1 1 1 1 1 1 1 1 1 1 1 1 1 1 1 1 1 1 1 1 1 1 1 1 1 1 1 1 1 1 1 1 1 1 1 1 1 1 1 1 1 1 1 1 1 1 1 1 1 1 1 1 1 1 1 1 1 1 1 1 1 1 1 1 1 1 1 1 1 1 1 1 1 1 1 1 1 1 1 1 1 1 1 1 1 1 1 1 1 1 1 1 1 1 1 1 1 1 1 1 1 1 1 1 1 1 1 1 1 1 1 1 1 1 1 1 1 1 1 1 1 1 1 1 1 1 1 1 1 1 1 1 1 1 1 1 1 1 1 1 1 1 1 1 1 1 1 1 1 1 1 1 1 2 2 2 1 1 1 1 1 1 1 1 1 1 1 1 1 1 1 1 1 1 1 1 1 1 1 1 1 1 1 1 1 1 1 1 1 1 1 1 1 1 1 1 1 1 1 1 1 1 1 1 1 1 1 1 1 1 1 1 1 1 1 1 1 1 1 1 1 2 2 2 1 1 1 1 1 1 1 1 1 1 1 1 1 1 1 1 1 1 1 1 1 1 1 1 1 2 2 1 1 1 1 1 1 1 1 1 1 1 1 1 1 1 1 1 1 1 1 1 1 1 1 1 1 1 1 1 1 1 1 1 1 1 1 1 1 1 1 1 1 1 1 1 1 1 1 1 1 1 1 1 1 1 1 1 1 1 1 1 1 1 1 1 1 1 1 1 1 1 1 1 1 1 1 1 1 1 1 1 1 1 1 1 1</vcount>
                    <v>7 0 7 0 7 0 7 0 7 0 7 0 7 0 7 0 7 1 16 2 7 1 16 2 7 3 16 3 7 3 16 3 16 0 16 0 16 0 16 0 16 0 16 0 16 0 16 0 16 0 16 0 16 0 7 0 7 0 7 1 16 2 7 1 16 2 7 3 16 3 7 3 16 3 7 2 16 1 7 2 16 1 16 0 16 0 16 0 16 0 16 0 16 0 16 0 16 0 16 0 16 0 16 0 18 0 18 0 18 0 18 0 18 0 18 0 18 0 18 0 18 0 18 0 18 0 18 0 18 0 18 0 18 0 18 0 18 0 18 0 18 0 16 0 16 0 16 0 16 0 16 0 16 0 16 0 16 0 16 0 16 0 16 0 16 0 7 2 16 1 7 2 16 1 7 3 16 3 15 0 15 0 15 0 15 0 15 0 15 0 15 0 15 0 15 0 15 0 15 0 15 0 15 0 15 0 15 0 15 0 15 0 18 0 18 0 18 0 18 0 18 0 18 0 18 0 18 0 18 0 18 0 18 0 18 0 18 0 18 0 18 0 18 0 10 0 10 0 10 0 10 0 10 0 10 0 10 0 10 0 11 0 11 0 11 0 11 0 11 0 11 0 11 0 11 0 14 0 14 0 14 0 14 0 14 0 14 0 14 0 14 0 14 0 14 0 14 0 14 0 14 0 14 0 14 0 11 0 11 0 11 0 11 0 11 0 10 0 10 0 10 0 10 0 10 0 10 0 10 0 10 0 10 0 11 0 11 0 11 0 11 0 11 0 10 0 11 0 11 0 11 0 11 0 11 0 11 0 11 0 11 0 15 0 15 0 15 0 14 0 14 0 14 0 15 0 15 0 15 0 18 0 18 0 18 0 18 0 18 0 18 0 18 0 18 0 10 0 10 0 10 0 10 0 10 0 10 0 10 0 10 0 10 0 10 0 10 0 10 0 10 0 10 0 10 0 11 0 11 0 10 0 10 0 10 0 14 0 14 0 14 0 14 0 14 0 14 0 14 0 14 0 14 0 14 0 14 0 14 0 14 0 14 0 14 0 14 0 14 0 15 0 14 0 15 0 15 0 15 0 15 0 15 0 15 0 15 0 10 0 10 0 10 0 10 0 11 0 11 0 11 0 11 0 11 0 11 0 11 0 11 0 10 0 10 0 10 0 11 0 11 0 11 0 11 0 11 0 11 0 11 0 14 0 14 0 14 0 14 0 14 0 14 0 14 0 14 0 15 0 18 0 18 0 18 0 18 0 18 0 18 0 18 0 18 0 18 0 15 0 15 0 15 0 14 0 14 0 14 0 14 0 15 0 15 0 15 0 15 0 15 0 7 1 16 2 7 3 16 3 7 3 16 3 16 0 16 0 16 0 16 0 16 0 16 0 18 0 18 0 18 0 10 0 10 0 10 0 11 0 11 0 11 0 11 0 16 0 16 0 16 0 16 0 10 0 10 0 10 0 10 0 10 0 10 0 10 0 16 0 16 0 16 0 14 0 14 0 14 0 14 0 14 0 14 0 14 0 14 0 14 0 14 0 15 0 15 0 15 0 15 0 15 0 15 0 15 0 15 0 15 0 15 0 15 0 15 0 15 0 15 0 15 0 15 0 15 0 15 0 14 0 10 0 10 0 10 0 10 0 10 0 10 0 7 1 16 2 7 3 16 3 7 2 16 1 16 0 15 0 15 0 15 0 14 0 14 0 14 0 14 0 10 0 14 0 14 0 14 0 10 0 11 0 11 0 11 0 11 0 11 0 11 0 11 0 11 0 11 0 11 0 11 0 11 0 7 1 16 2 7 3 16 3 10 0 10 0 10 0 10 0 10 0 16 0 16 0 18 0 18 0 18 0 11 0 11 0 11 0 11 0 11 0 11 0 11 0 11 0 18 0 18 0 18 0 18 0 18 0 15 0 15 0 11 0 11 0 10 0 15 0 15 0 14 0 10 0 10 0 10 0 10 0 15 0 15 0 15 0 15 0 15 0 14 0 14 0 14 0 18 0 18 0 10 0 10 0 10 0 10 0 16 0 16 0 16 0 11 0 11 0 15 0 15 0 15 0 11 0 11 0 18 0 18 0 18 0 14 0 14 0 14 0 11 0 11 0 11 0 15 0 14 0 14 0 11 0 18 0 15 0 15 0 15 0 15 0 14 0 7 0 7 0 18 0 11 0 10 0 16 0 16 0 7 0</v>
                </vertex_weights>
            </skin>
        </controller>
        <controller id="controller1">
            <skin source="#mesh1">
                <bind_shape_matrix>1 0 0 0 0 1 0 0 0 0 1 0 0 0 0 1</bind_shape_matrix>
                <source id="joints1">
                    <Name_array id="JointArr1" count="35">jointnode-1 jointnode0 jointnode1 jointnode2 jointnode3 jointnode4 jointnode5 jointnode6 jointnode7 jointnode8 jointnode9 jointnode10 jointnode11 jointnode12 jointnode13 jointnode14 jointnode15 jointnode16 jointnode17 jointnode18 jointnode19 jointnode20 jointnode21 jointnode22 jointnode23 jointnode24 jointnode25 jointnode26 jointnode27 jointnode28 jointnode29 jointnode30 jointnode31 jointnode32 jointnode33</Name_array>
                    <technique_common>
                        <accessor source="#JointArr1" count="35">
                            <param name="JOINT" type="Name" />
                        </accessor>
                    </technique_common>
                </source>
                <source id="matrices1">
                    <float_array id="MatArr1" count="560">1 0 0 0 0 1 0 0 0 0 1 0 0 0 0 1 1 0 0 0 0 1 0 0 0 0 1 0 0 0 0 1 1 0 0 0 0 1 0 -125.14652252197266 0 0 1 0 0 0 0 1 1 0 0 0 0 1 0 0 0 0 1 -100 0 0 0 1 1 0 0 -100 0 1 0 0 0 0 1 0 0 0 0 1 1 0 0 100 0 1 0 0 0 0 1 0 0 0 0 1 1 0 0 0 0 1 0 -93 0 0 1 0 0 0 0 1 0.00004793836256601856 -0.9999999988509567 -4.386559881474326e-18 137.49999984200656 0.00004793836251091911 2.2980866055094973e-9 -0.9999999988509567 2.499999681140483 0.9999999977019134 0.00004793836251091911 0.00004793836256601856 -0.006711370751666425 0 0 0 1 0.00005977914990645416 -1.2499963891855828 0.0029961447445020534 139.842604523877 -0.0000480531290230205 0.0023969135332384717 0.9999971262440761 -0.26815321788404406 -0.9999999977019134 -0.000047938362510918826 -0.00004793836256589609 23.006711370751667 0 0 0 0.9999999999999999 0.0000747239362695943 -1.562495463198982 0.0037451808748200236 121.55261678912775 -0.00004805312902302051 0.0023969135332384726 0.9999971262440763 -1.406376269908886 -0.9999999977019136 -0.00004793836251091885 -0.00004793836256589611 23.006711370751667 0 0 0 1.0000000000000002 0.00007483890092293256 -1.562496719963759 0.0013482611704661014 78.45885878688625 -0.00004787388399924245 -0.0013482634685601407 1.0000032305287878 0.13238138555252843 -0.9999999977019135 -0.000047938362510918826 -0.000047938362565896096 23.00671137075167 0 0 0 1.0000000000000002 -0.00004787029628986681 -0.00142316700128074 1.0000032940131738 -21.114576476401865 -0.00007484119583254802 1.5624966535348395 -0.0013003226514846284 -63.45987105802692 -0.9999999977019135 -0.00004793836251091881 -0.00004793836256589611 21.13171232442599 0 0 0 1.0000000000000002 0.000059773390660987444 -1.2499960961801129 0.003115990290814301 139.84257174407125 -0.0000480577139455224 0.002492789971717479 0.9999968918394763 -0.27887933756356337 -0.9999999977019133 -0.000047938362510918806 -0.00004793836256589611 -22.993288629248333 0 0 0 0.9999999999999999 0.00007472249638965266 -1.5624953885113206 0.0037751422555853805 121.552681227219 -0.00004805198284770083 0.0023729444282688823 0.9999971859942618 -1.392146031221422 -0.9999999977019135 -0.00004793836251091882 -0.0000479383625658961 -22.993289629248334 0 0 0 1.0000000000000002 0.0000748374582998414 -1.5624965878243853 0.0013782223219480259 78.45884623889046 -0.00004787274127848633 -0.0013722323256558768 1.0000033620937097 0.13426163637655197 -0.9999999977019135 -0.00004793836251091882 -0.000047938362565896116 -22.993288629248337 0 0 0 1.0000000000000002 -0.000047869153638268976 -0.0014471358520143892 1.0000034270143838 -21.112696226181534 -0.00007483975315467835 1.5624965202464383 -0.0013302837966251188 -63.459858419895006 -0.9999999977019136 -0.00004793836251091881 -0.00004793836256589611 -21.118289582922657 0 0 0 1.0000000000000002 -0.000058713617795048536 0.965915484345868 0.25885763201729006 -143.11967803810631 -0.00003389519569432086 -0.2588576342370475 0.9659154849407453 35.76671231838945 0.9999999977019135 0.00004793836251091912 0.000047938362566018563 -0.006711370751666425 0 0 0 1 -0.00006370548882742022 0.42257722554517396 0.9063269191589503 -116.19191223827727 0.000023190168153741 -0.9063269201300692 0.42257722762799177 173.13238977585212 0.9999999977019134 0.00004793836251091912 0.000047938362566018563 -0.006711370751666426 0 0 0 1 -0.00004793606436923036 -0.000047940660597482686 0.9999999977019136 -39.40355764025924 0.00004794066059753818 -0.9999999977018035 -0.00004793836251077582 209.49347719587743 0.9999999977019134 0.00004793836251091912 0.00004793836256601857 -0.006711370751666425 0 0 0 1 -0.00004793606436923036 -0.000047940660597482686 0.9999999977019136 -39.40355764025924 0.00004794066059753818 -0.9999999977018035 -0.00004793836251077582 209.49347719587743 0.9999999977019134 0.00004793836251091912 0.00004793836256601857 -0.006711370751666425 0 0 0 1 -0.00006779508197298451 0.7070220298179067 0.7071915191488048 -218.01519126841586 8.125002052705607e-9 -0.7071915207736028 0.7070220314430941 141.7904625057773 0.9999999977019134 0.000047938362510919124 0.00004793836256601857 -0.0067143707517725365 0 0 0 1 0.9999999937382356 0.00009424276915255065 0.00006034757352756114 -12.515549502784342 -0.00006033853753039688 -0.00009587990486030716 0.9999999935831527 -12.483467005891493 0.00009424855466745052 -0.9999999909626723 -0.00009587421778905237 187.50021837966287 0 0 0 1 0.9999904261750173 0.0000938282239882645 0.004374786231528593 -47.525822031855874 0.004374777196284624 0.00009628561718526283 -0.9999904259809506 2.2784409400427292 -0.00009424855466744996 0.9999999909626722 0.00009587421778892991 -188.12521837966284 0 0 0 1 0.9999857721696648 0.00009373586538076876 0.005333542146341052 -88.0268516763412 0.005333533111287301 0.00009637553234538999 -0.9999857719669354 1.027748157438637 -0.00009424855466744996 0.9999999909626722 0.00009587421778892991 -188.12522737966313 0 0 0 1 0.9999999937382353 0.00009424276915255061 0.00006034757352756166 -128.5155489471808 -0.00007249666575798176 0.7692307931459514 0.000036873736291330664 -144.71162233301388 -0.00004641773676601565 -0.00003687811105831405 0.7692307951614961 -1.9169375423935475 0 0 0 1 0.9999999937382353 0.00009424276915255061 0.00006034757352756166 -128.5155489471808 -0.00007249666575798176 0.7692307931459514 0.000036873736291330664 -144.71162233301388 -0.00004641773676601565 -0.00003687811105831405 0.7692307951614961 -1.9169375423935475 0 0 0 1 -0.9999999993675048 -0.0000016339557591210803 -0.000035529151494309486 -12.502124853947798 -0.00003552899466944897 -0.00009587871553144504 0.9999999947724816 -12.483467172421195 -0.000001637362239988157 0.9999999954023013 0.00009587865741798285 -187.50021900129923 0 0 0 1 -0.9999999993675048 -0.0000016339557591210805 -0.00003552915149430949 -47.50212485394781 0.00003552899466944897 0.0000958787155315675 -0.9999999947724816 2.4834662187468526 0.0000016373622399881615 -0.9999999954023013 -0.00009587865741810531 188.1252200145782 0 0 0 1 -0.9999995738142501 -0.0000017258803666283716 0.0009232379646178906 -88.00352584704014 -0.0009232381258482362 0.00009587710488101992 -0.9999995692193793 1.4190569782819378 0.000001637362239988161 -0.9999999954023012 -0.00009587865741810531 188.12521801457817 0 0 0 1 -0.99999957381425 -0.0000017258803666283712 0.0009232379646178905 -128.50352584704012 -0.000001293554479846088 0.7692307965609475 0.00003687716703945549 -144.7116243771236 -0.0007101831385839245 0.000036875957064338 -0.7692304687279764 1.8523926814300622 0 0 0 0.9999999999999999 -0.99999957381425 -0.0000017258803666283712 0.0009232379646178905 -128.50352584704012 -0.000001293554479846088 0.7692307965609475 0.00003687716703945549 -144.7116243771236 -0.0007101831385839245 0.000036875957064338 -0.7692304687279764 1.8523926814300622 0 0 0 0.9999999999999999 -0.00006497993935398544 0.47609605501609975 0.8793932807201308 -119.11936308336595 0.000019333408579237113 -0.8793932818142407 0.4760960570370218 166.93468174770567 0.9999999977019134 0.00004793836251091911 0.000047938362566018563 -0.0067133707516613735 0 0 0 1 0.00004609846769127282 -0.9992902085644959 0.03767063766460643 159.9495393562524 0.00004971020501120493 -0.037670635368150955 -0.9992902084779256 48.7942628054608 0.9999999977019134 0.00004793836251091911 0.000047938362566018563 -0.006712370751663897 0 0 0 1 0.00005095541360545738 -0.9978817226805179 -0.06505432302090859 136.88854397071228 0.00004471821809996589 0.06505432531412722 -0.9978817228300183 35.721019584148294 0.9999999977019135 0.00004793836251091912 0.00004793836256601857 -0.006712370751663898 0 0 0 1 0.000048222476669046967 -0.999982331199505 -0.0059443219459814406 110.71939702179397 -0.0000476525544921875 -0.005944324244027465 0.9999823312131657 -41.631187516710916 -0.9999999977019137 -0.00004793836251091985 -0.00004793836256589611 0.0067123707516588 0 0 0 1</float_array>
                    <technique_common>
                        <accessor source="#MatArr1" count="35" stride="16">
                            <param type="float4x4" />
                        </accessor>
                    </technique_common>
                </source>
                <source id="weights1">
                    <float_array id="WeightArr1" count="4">1 0.75 0.25 0.5</float_array>
                    <technique_common>
                        <accessor source="#WeightArr1" count="1">
                            <param type="float" />
                        </accessor>
                    </technique_common>
                </source>
                <joints>
                    <input semantic="JOINT" source="#joints1" />
                    <input semantic="INV_BIND_MATRIX" source="#matrices1" />
                </joints>
                <vertex_weights count="52">
                    <input semantic="JOINT" offset="0" source="#joints1" />
                    <input semantic="WEIGHT" offset="1" source="#weights1" />
                    <vcount>1 1 1 1 1 1 1 1 1 1 1 1 1 1 1 1 1 1 1 1 1 1 1 1 1 1 1 1 1 1 1 1 1 1 1 1 1 1 1 1 1 1 1 1 1 1 1 1 1 1 1 1</vcount>
                    <v>18 0 18 0 18 0 18 0 18 0 18 0 18 0 18 0 18 0 18 0 18 0 18 0 18 0 18 0 18 0 18 0 18 0 18 0 18 0 18 0 18 0 18 0 18 0 18 0 18 0 18 0 18 0 18 0 18 0 18 0 18 0 18 0 18 0 18 0 18 0 18 0 18 0 18 0 18 0 18 0 18 0 18 0 18 0 18 0 18 0 18 0 18 0 18 0 18 0 18 0 18 0 18 0</v>
                </vertex_weights>
            </skin>
        </controller>
        <controller id="controller2">
            <skin source="#mesh2">
                <bind_shape_matrix>1 0 0 0 0 1 0 0 0 0 1 0 0 0 0 1</bind_shape_matrix>
                <source id="joints2">
                    <Name_array id="JointArr2" count="35">jointnode-1 jointnode0 jointnode1 jointnode2 jointnode3 jointnode4 jointnode5 jointnode6 jointnode7 jointnode8 jointnode9 jointnode10 jointnode11 jointnode12 jointnode13 jointnode14 jointnode15 jointnode16 jointnode17 jointnode18 jointnode19 jointnode20 jointnode21 jointnode22 jointnode23 jointnode24 jointnode25 jointnode26 jointnode27 jointnode28 jointnode29 jointnode30 jointnode31 jointnode32 jointnode33</Name_array>
                    <technique_common>
                        <accessor source="#JointArr2" count="35">
                            <param name="JOINT" type="Name" />
                        </accessor>
                    </technique_common>
                </source>
                <source id="matrices2">
                    <float_array id="MatArr2" count="560">1 0 0 0 0 1 0 0 0 0 1 0 0 0 0 1 1 0 0 0 0 1 0 0 0 0 1 0 0 0 0 1 1 0 0 0 0 1 0 -125.14652252197266 0 0 1 0 0 0 0 1 1 0 0 0 0 1 0 0 0 0 1 -100 0 0 0 1 1 0 0 -100 0 1 0 0 0 0 1 0 0 0 0 1 1 0 0 100 0 1 0 0 0 0 1 0 0 0 0 1 1 0 0 0 0 1 0 -93 0 0 1 0 0 0 0 1 0.00004793836256601856 -0.9999999988509567 -4.386559881474326e-18 137.49999984200656 0.00004793836251091911 2.2980866055094973e-9 -0.9999999988509567 2.499999681140483 0.9999999977019134 0.00004793836251091911 0.00004793836256601856 -0.006711370751666425 0 0 0 1 0.00005977914990645416 -1.2499963891855828 0.0029961447445020534 139.842604523877 -0.0000480531290230205 0.0023969135332384717 0.9999971262440761 -0.26815321788404406 -0.9999999977019134 -0.000047938362510918826 -0.00004793836256589609 23.006711370751667 0 0 0 0.9999999999999999 0.0000747239362695943 -1.562495463198982 0.0037451808748200236 121.55261678912775 -0.00004805312902302051 0.0023969135332384726 0.9999971262440763 -1.406376269908886 -0.9999999977019136 -0.00004793836251091885 -0.00004793836256589611 23.006711370751667 0 0 0 1.0000000000000002 0.00007483890092293256 -1.562496719963759 0.0013482611704661014 78.45885878688625 -0.00004787388399924245 -0.0013482634685601407 1.0000032305287878 0.13238138555252843 -0.9999999977019135 -0.000047938362510918826 -0.000047938362565896096 23.00671137075167 0 0 0 1.0000000000000002 -0.00004787029628986681 -0.00142316700128074 1.0000032940131738 -21.114576476401865 -0.00007484119583254802 1.5624966535348395 -0.0013003226514846284 -63.45987105802692 -0.9999999977019135 -0.00004793836251091881 -0.00004793836256589611 21.13171232442599 0 0 0 1.0000000000000002 0.000059773390660987444 -1.2499960961801129 0.003115990290814301 139.84257174407125 -0.0000480577139455224 0.002492789971717479 0.9999968918394763 -0.27887933756356337 -0.9999999977019133 -0.000047938362510918806 -0.00004793836256589611 -22.993288629248333 0 0 0 0.9999999999999999 0.00007472249638965266 -1.5624953885113206 0.0037751422555853805 121.552681227219 -0.00004805198284770083 0.0023729444282688823 0.9999971859942618 -1.392146031221422 -0.9999999977019135 -0.00004793836251091882 -0.0000479383625658961 -22.993289629248334 0 0 0 1.0000000000000002 0.0000748374582998414 -1.5624965878243853 0.0013782223219480259 78.45884623889046 -0.00004787274127848633 -0.0013722323256558768 1.0000033620937097 0.13426163637655197 -0.9999999977019135 -0.00004793836251091882 -0.000047938362565896116 -22.993288629248337 0 0 0 1.0000000000000002 -0.000047869153638268976 -0.0014471358520143892 1.0000034270143838 -21.112696226181534 -0.00007483975315467835 1.5624965202464383 -0.0013302837966251188 -63.459858419895006 -0.9999999977019136 -0.00004793836251091881 -0.00004793836256589611 -21.118289582922657 0 0 0 1.0000000000000002 -0.000058713617795048536 0.965915484345868 0.25885763201729006 -143.11967803810631 -0.00003389519569432086 -0.2588576342370475 0.9659154849407453 35.76671231838945 0.9999999977019135 0.00004793836251091912 0.000047938362566018563 -0.006711370751666425 0 0 0 1 -0.00006370548882742022 0.42257722554517396 0.9063269191589503 -116.19191223827727 0.000023190168153741 -0.9063269201300692 0.42257722762799177 173.13238977585212 0.9999999977019134 0.00004793836251091912 0.000047938362566018563 -0.006711370751666426 0 0 0 1 -0.00004793606436923036 -0.000047940660597482686 0.9999999977019136 -39.40355764025924 0.00004794066059753818 -0.9999999977018035 -0.00004793836251077582 209.49347719587743 0.9999999977019134 0.00004793836251091912 0.00004793836256601857 -0.006711370751666425 0 0 0 1 -0.00004793606436923036 -0.000047940660597482686 0.9999999977019136 -39.40355764025924 0.00004794066059753818 -0.9999999977018035 -0.00004793836251077582 209.49347719587743 0.9999999977019134 0.00004793836251091912 0.00004793836256601857 -0.006711370751666425 0 0 0 1 -0.00006779508197298451 0.7070220298179067 0.7071915191488048 -218.01519126841586 8.125002052705607e-9 -0.7071915207736028 0.7070220314430941 141.7904625057773 0.9999999977019134 0.000047938362510919124 0.00004793836256601857 -0.0067143707517725365 0 0 0 1 0.9999999937382356 0.00009424276915255065 0.00006034757352756114 -12.515549502784342 -0.00006033853753039688 -0.00009587990486030716 0.9999999935831527 -12.483467005891493 0.00009424855466745052 -0.9999999909626723 -0.00009587421778905237 187.50021837966287 0 0 0 1 0.9999904261750173 0.0000938282239882645 0.004374786231528593 -47.525822031855874 0.004374777196284624 0.00009628561718526283 -0.9999904259809506 2.2784409400427292 -0.00009424855466744996 0.9999999909626722 0.00009587421778892991 -188.12521837966284 0 0 0 1 0.9999857721696648 0.00009373586538076876 0.005333542146341052 -88.0268516763412 0.005333533111287301 0.00009637553234538999 -0.9999857719669354 1.027748157438637 -0.00009424855466744996 0.9999999909626722 0.00009587421778892991 -188.12522737966313 0 0 0 1 0.9999999937382353 0.00009424276915255061 0.00006034757352756166 -128.5155489471808 -0.00007249666575798176 0.7692307931459514 0.000036873736291330664 -144.71162233301388 -0.00004641773676601565 -0.00003687811105831405 0.7692307951614961 -1.9169375423935475 0 0 0 1 0.9999999937382353 0.00009424276915255061 0.00006034757352756166 -128.5155489471808 -0.00007249666575798176 0.7692307931459514 0.000036873736291330664 -144.71162233301388 -0.00004641773676601565 -0.00003687811105831405 0.7692307951614961 -1.9169375423935475 0 0 0 1 -0.9999999993675048 -0.0000016339557591210803 -0.000035529151494309486 -12.502124853947798 -0.00003552899466944897 -0.00009587871553144504 0.9999999947724816 -12.483467172421195 -0.000001637362239988157 0.9999999954023013 0.00009587865741798285 -187.50021900129923 0 0 0 1 -0.9999999993675048 -0.0000016339557591210805 -0.00003552915149430949 -47.50212485394781 0.00003552899466944897 0.0000958787155315675 -0.9999999947724816 2.4834662187468526 0.0000016373622399881615 -0.9999999954023013 -0.00009587865741810531 188.1252200145782 0 0 0 1 -0.9999995738142501 -0.0000017258803666283716 0.0009232379646178906 -88.00352584704014 -0.0009232381258482362 0.00009587710488101992 -0.9999995692193793 1.4190569782819378 0.000001637362239988161 -0.9999999954023012 -0.00009587865741810531 188.12521801457817 0 0 0 1 -0.99999957381425 -0.0000017258803666283712 0.0009232379646178905 -128.50352584704012 -0.000001293554479846088 0.7692307965609475 0.00003687716703945549 -144.7116243771236 -0.0007101831385839245 0.000036875957064338 -0.7692304687279764 1.8523926814300622 0 0 0 0.9999999999999999 -0.99999957381425 -0.0000017258803666283712 0.0009232379646178905 -128.50352584704012 -0.000001293554479846088 0.7692307965609475 0.00003687716703945549 -144.7116243771236 -0.0007101831385839245 0.000036875957064338 -0.7692304687279764 1.8523926814300622 0 0 0 0.9999999999999999 -0.00006497993935398544 0.47609605501609975 0.8793932807201308 -119.11936308336595 0.000019333408579237113 -0.8793932818142407 0.4760960570370218 166.93468174770567 0.9999999977019134 0.00004793836251091911 0.000047938362566018563 -0.0067133707516613735 0 0 0 1 0.00004609846769127282 -0.9992902085644959 0.03767063766460643 159.9495393562524 0.00004971020501120493 -0.037670635368150955 -0.9992902084779256 48.7942628054608 0.9999999977019134 0.00004793836251091911 0.000047938362566018563 -0.006712370751663897 0 0 0 1 0.00005095541360545738 -0.9978817226805179 -0.06505432302090859 136.88854397071228 0.00004471821809996589 0.06505432531412722 -0.9978817228300183 35.721019584148294 0.9999999977019135 0.00004793836251091912 0.00004793836256601857 -0.006712370751663898 0 0 0 1 0.000048222476669046967 -0.999982331199505 -0.0059443219459814406 110.71939702179397 -0.0000476525544921875 -0.005944324244027465 0.9999823312131657 -41.631187516710916 -0.9999999977019137 -0.00004793836251091985 -0.00004793836256589611 0.0067123707516588 0 0 0 1</float_array>
                    <technique_common>
                        <accessor source="#MatArr2" count="35" stride="16">
                            <param type="float4x4" />
                        </accessor>
                    </technique_common>
                </source>
                <source id="weights2">
                    <float_array id="WeightArr2" count="4">1 0.75 0.25 0.5</float_array>
                    <technique_common>
                        <accessor source="#WeightArr2" count="1">
                            <param type="float" />
                        </accessor>
                    </technique_common>
                </source>
                <joints>
                    <input semantic="JOINT" source="#joints2" />
                    <input semantic="INV_BIND_MATRIX" source="#matrices2" />
                </joints>
                <vertex_weights count="52">
                    <input semantic="JOINT" offset="0" source="#joints2" />
                    <input semantic="WEIGHT" offset="1" source="#weights2" />
                    <vcount>1 1 1 1 1 1 1 1 1 1 1 1 1 1 1 1 1 1 1 1 1 1 1 1 1 1 1 1 1 1 1 1 1 1 1 1 1 1 1 1 1 1 1 1 1 1 1 1 1 1 1 1</vcount>
                    <v>18 0 18 0 18 0 18 0 18 0 18 0 18 0 18 0 18 0 18 0 18 0 18 0 18 0 18 0 18 0 18 0 18 0 18 0 18 0 18 0 18 0 18 0 18 0 18 0 18 0 18 0 18 0 18 0 18 0 18 0 18 0 18 0 18 0 18 0 18 0 18 0 18 0 18 0 18 0 18 0 18 0 18 0 18 0 18 0 18 0 18 0 18 0 18 0 18 0 18 0 18 0 18 0</v>
                </vertex_weights>
            </skin>
        </controller>
        <controller id="controller3">
            <skin source="#mesh3">
                <bind_shape_matrix>1 0 0 0 0 1 0 0 0 0 1 0 0 0 0 1</bind_shape_matrix>
                <source id="joints3">
                    <Name_array id="JointArr3" count="35">jointnode-1 jointnode0 jointnode1 jointnode2 jointnode3 jointnode4 jointnode5 jointnode6 jointnode7 jointnode8 jointnode9 jointnode10 jointnode11 jointnode12 jointnode13 jointnode14 jointnode15 jointnode16 jointnode17 jointnode18 jointnode19 jointnode20 jointnode21 jointnode22 jointnode23 jointnode24 jointnode25 jointnode26 jointnode27 jointnode28 jointnode29 jointnode30 jointnode31 jointnode32 jointnode33</Name_array>
                    <technique_common>
                        <accessor source="#JointArr3" count="35">
                            <param name="JOINT" type="Name" />
                        </accessor>
                    </technique_common>
                </source>
                <source id="matrices3">
                    <float_array id="MatArr3" count="560">1 0 0 0 0 1 0 0 0 0 1 0 0 0 0 1 1 0 0 0 0 1 0 0 0 0 1 0 0 0 0 1 1 0 0 0 0 1 0 -125.14652252197266 0 0 1 0 0 0 0 1 1 0 0 0 0 1 0 0 0 0 1 -100 0 0 0 1 1 0 0 -100 0 1 0 0 0 0 1 0 0 0 0 1 1 0 0 100 0 1 0 0 0 0 1 0 0 0 0 1 1 0 0 0 0 1 0 -93 0 0 1 0 0 0 0 1 0.00004793836256601856 -0.9999999988509567 -4.386559881474326e-18 137.49999984200656 0.00004793836251091911 2.2980866055094973e-9 -0.9999999988509567 2.499999681140483 0.9999999977019134 0.00004793836251091911 0.00004793836256601856 -0.006711370751666425 0 0 0 1 0.00005977914990645416 -1.2499963891855828 0.0029961447445020534 139.842604523877 -0.0000480531290230205 0.0023969135332384717 0.9999971262440761 -0.26815321788404406 -0.9999999977019134 -0.000047938362510918826 -0.00004793836256589609 23.006711370751667 0 0 0 0.9999999999999999 0.0000747239362695943 -1.562495463198982 0.0037451808748200236 121.55261678912775 -0.00004805312902302051 0.0023969135332384726 0.9999971262440763 -1.406376269908886 -0.9999999977019136 -0.00004793836251091885 -0.00004793836256589611 23.006711370751667 0 0 0 1.0000000000000002 0.00007483890092293256 -1.562496719963759 0.0013482611704661014 78.45885878688625 -0.00004787388399924245 -0.0013482634685601407 1.0000032305287878 0.13238138555252843 -0.9999999977019135 -0.000047938362510918826 -0.000047938362565896096 23.00671137075167 0 0 0 1.0000000000000002 -0.00004787029628986681 -0.00142316700128074 1.0000032940131738 -21.114576476401865 -0.00007484119583254802 1.5624966535348395 -0.0013003226514846284 -63.45987105802692 -0.9999999977019135 -0.00004793836251091881 -0.00004793836256589611 21.13171232442599 0 0 0 1.0000000000000002 0.000059773390660987444 -1.2499960961801129 0.003115990290814301 139.84257174407125 -0.0000480577139455224 0.002492789971717479 0.9999968918394763 -0.27887933756356337 -0.9999999977019133 -0.000047938362510918806 -0.00004793836256589611 -22.993288629248333 0 0 0 0.9999999999999999 0.00007472249638965266 -1.5624953885113206 0.0037751422555853805 121.552681227219 -0.00004805198284770083 0.0023729444282688823 0.9999971859942618 -1.392146031221422 -0.9999999977019135 -0.00004793836251091882 -0.0000479383625658961 -22.993289629248334 0 0 0 1.0000000000000002 0.0000748374582998414 -1.5624965878243853 0.0013782223219480259 78.45884623889046 -0.00004787274127848633 -0.0013722323256558768 1.0000033620937097 0.13426163637655197 -0.9999999977019135 -0.00004793836251091882 -0.000047938362565896116 -22.993288629248337 0 0 0 1.0000000000000002 -0.000047869153638268976 -0.0014471358520143892 1.0000034270143838 -21.112696226181534 -0.00007483975315467835 1.5624965202464383 -0.0013302837966251188 -63.459858419895006 -0.9999999977019136 -0.00004793836251091881 -0.00004793836256589611 -21.118289582922657 0 0 0 1.0000000000000002 -0.000058713617795048536 0.965915484345868 0.25885763201729006 -143.11967803810631 -0.00003389519569432086 -0.2588576342370475 0.9659154849407453 35.76671231838945 0.9999999977019135 0.00004793836251091912 0.000047938362566018563 -0.006711370751666425 0 0 0 1 -0.00006370548882742022 0.42257722554517396 0.9063269191589503 -116.19191223827727 0.000023190168153741 -0.9063269201300692 0.42257722762799177 173.13238977585212 0.9999999977019134 0.00004793836251091912 0.000047938362566018563 -0.006711370751666426 0 0 0 1 -0.00004793606436923036 -0.000047940660597482686 0.9999999977019136 -39.40355764025924 0.00004794066059753818 -0.9999999977018035 -0.00004793836251077582 209.49347719587743 0.9999999977019134 0.00004793836251091912 0.00004793836256601857 -0.006711370751666425 0 0 0 1 -0.00004793606436923036 -0.000047940660597482686 0.9999999977019136 -39.40355764025924 0.00004794066059753818 -0.9999999977018035 -0.00004793836251077582 209.49347719587743 0.9999999977019134 0.00004793836251091912 0.00004793836256601857 -0.006711370751666425 0 0 0 1 -0.00006779508197298451 0.7070220298179067 0.7071915191488048 -218.01519126841586 8.125002052705607e-9 -0.7071915207736028 0.7070220314430941 141.7904625057773 0.9999999977019134 0.000047938362510919124 0.00004793836256601857 -0.0067143707517725365 0 0 0 1 0.9999999937382356 0.00009424276915255065 0.00006034757352756114 -12.515549502784342 -0.00006033853753039688 -0.00009587990486030716 0.9999999935831527 -12.483467005891493 0.00009424855466745052 -0.9999999909626723 -0.00009587421778905237 187.50021837966287 0 0 0 1 0.9999904261750173 0.0000938282239882645 0.004374786231528593 -47.525822031855874 0.004374777196284624 0.00009628561718526283 -0.9999904259809506 2.2784409400427292 -0.00009424855466744996 0.9999999909626722 0.00009587421778892991 -188.12521837966284 0 0 0 1 0.9999857721696648 0.00009373586538076876 0.005333542146341052 -88.0268516763412 0.005333533111287301 0.00009637553234538999 -0.9999857719669354 1.027748157438637 -0.00009424855466744996 0.9999999909626722 0.00009587421778892991 -188.12522737966313 0 0 0 1 0.9999999937382353 0.00009424276915255061 0.00006034757352756166 -128.5155489471808 -0.00007249666575798176 0.7692307931459514 0.000036873736291330664 -144.71162233301388 -0.00004641773676601565 -0.00003687811105831405 0.7692307951614961 -1.9169375423935475 0 0 0 1 0.9999999937382353 0.00009424276915255061 0.00006034757352756166 -128.5155489471808 -0.00007249666575798176 0.7692307931459514 0.000036873736291330664 -144.71162233301388 -0.00004641773676601565 -0.00003687811105831405 0.7692307951614961 -1.9169375423935475 0 0 0 1 -0.9999999993675048 -0.0000016339557591210803 -0.000035529151494309486 -12.502124853947798 -0.00003552899466944897 -0.00009587871553144504 0.9999999947724816 -12.483467172421195 -0.000001637362239988157 0.9999999954023013 0.00009587865741798285 -187.50021900129923 0 0 0 1 -0.9999999993675048 -0.0000016339557591210805 -0.00003552915149430949 -47.50212485394781 0.00003552899466944897 0.0000958787155315675 -0.9999999947724816 2.4834662187468526 0.0000016373622399881615 -0.9999999954023013 -0.00009587865741810531 188.1252200145782 0 0 0 1 -0.9999995738142501 -0.0000017258803666283716 0.0009232379646178906 -88.00352584704014 -0.0009232381258482362 0.00009587710488101992 -0.9999995692193793 1.4190569782819378 0.000001637362239988161 -0.9999999954023012 -0.00009587865741810531 188.12521801457817 0 0 0 1 -0.99999957381425 -0.0000017258803666283712 0.0009232379646178905 -128.50352584704012 -0.000001293554479846088 0.7692307965609475 0.00003687716703945549 -144.7116243771236 -0.0007101831385839245 0.000036875957064338 -0.7692304687279764 1.8523926814300622 0 0 0 0.9999999999999999 -0.99999957381425 -0.0000017258803666283712 0.0009232379646178905 -128.50352584704012 -0.000001293554479846088 0.7692307965609475 0.00003687716703945549 -144.7116243771236 -0.0007101831385839245 0.000036875957064338 -0.7692304687279764 1.8523926814300622 0 0 0 0.9999999999999999 -0.00006497993935398544 0.47609605501609975 0.8793932807201308 -119.11936308336595 0.000019333408579237113 -0.8793932818142407 0.4760960570370218 166.93468174770567 0.9999999977019134 0.00004793836251091911 0.000047938362566018563 -0.0067133707516613735 0 0 0 1 0.00004609846769127282 -0.9992902085644959 0.03767063766460643 159.9495393562524 0.00004971020501120493 -0.037670635368150955 -0.9992902084779256 48.7942628054608 0.9999999977019134 0.00004793836251091911 0.000047938362566018563 -0.006712370751663897 0 0 0 1 0.00005095541360545738 -0.9978817226805179 -0.06505432302090859 136.88854397071228 0.00004471821809996589 0.06505432531412722 -0.9978817228300183 35.721019584148294 0.9999999977019135 0.00004793836251091912 0.00004793836256601857 -0.006712370751663898 0 0 0 1 0.000048222476669046967 -0.999982331199505 -0.0059443219459814406 110.71939702179397 -0.0000476525544921875 -0.005944324244027465 0.9999823312131657 -41.631187516710916 -0.9999999977019137 -0.00004793836251091985 -0.00004793836256589611 0.0067123707516588 0 0 0 1</float_array>
                    <technique_common>
                        <accessor source="#MatArr3" count="35" stride="16">
                            <param type="float4x4" />
                        </accessor>
                    </technique_common>
                </source>
                <source id="weights3">
                    <float_array id="WeightArr3" count="4">1 0.75 0.25 0.5</float_array>
                    <technique_common>
                        <accessor source="#WeightArr3" count="1">
                            <param type="float" />
                        </accessor>
                    </technique_common>
                </source>
                <joints>
                    <input semantic="JOINT" source="#joints3" />
                    <input semantic="INV_BIND_MATRIX" source="#matrices3" />
                </joints>
                <vertex_weights count="141">
                    <input semantic="JOINT" offset="0" source="#joints3" />
                    <input semantic="WEIGHT" offset="1" source="#weights3" />
                    <vcount>1 1 1 1 1 1 1 1 1 1 1 1 1 1 1 1 1 1 1 1 1 1 1 1 1 1 1 1 1 1 1 1 1 1 1 1 1 1 1 1 1 1 1 1 1 1 1 1 1 1 1 1 1 1 1 1 1 1 1 1 1 1 1 1 1 1 1 1 1 1 1 1 1 1 1 1 1 1 1 1 1 1 1 1 1 1 1 1 1 1 1 1 1 1 1 1 1 1 1 1 1 1 1 1 1 1 1 1 1 1 1 1 1 1 1 1 1 1 1 1 1 1 1 1 1 1 1 1 1 1 1 1 1 1 1 1 1 1 1 1 1</vcount>
                    <v>32 0 32 0 31 0 31 0 31 0 31 0 31 0 31 0 16 0 16 0 16 0 16 0 16 0 16 0 16 0 16 0 16 0 16 0 16 0 16 0 16 0 16 0 31 0 31 0 31 0 31 0 31 0 31 0 31 0 31 0 32 0 32 0 32 0 31 0 31 0 31 0 16 0 16 0 16 0 16 0 16 0 16 0 16 0 31 0 31 0 31 0 32 0 32 0 31 0 31 0 31 0 16 0 16 0 16 0 16 0 16 0 16 0 16 0 31 0 32 0 32 0 31 0 32 0 32 0 32 0 32 0 32 0 32 0 32 0 32 0 32 0 32 0 32 0 32 0 32 0 32 0 32 0 32 0 32 0 32 0 18 0 18 0 18 0 18 0 18 0 18 0 18 0 18 0 18 0 18 0 18 0 18 0 18 0 18 0 18 0 18 0 18 0 18 0 34 0 33 0 34 0 33 0 33 0 32 0 32 0 32 0 32 0 32 0 32 0 33 0 33 0 34 0 18 0 18 0 18 0 18 0 18 0 18 0 18 0 18 0 18 0 18 0 18 0 18 0 18 0 32 0 34 0 34 0 34 0 34 0 34 0 18 0 18 0 32 0 34 0 18 0 18 0 18 0 18 0 18 0 32 0</v>
                </vertex_weights>
            </skin>
        </controller>
        <controller id="controller4">
            <skin source="#mesh4">
                <bind_shape_matrix>1 0 0 0 0 1 0 0 0 0 1 0 0 0 0 1</bind_shape_matrix>
                <source id="joints4">
                    <Name_array id="JointArr4" count="35">jointnode-1 jointnode0 jointnode1 jointnode2 jointnode3 jointnode4 jointnode5 jointnode6 jointnode7 jointnode8 jointnode9 jointnode10 jointnode11 jointnode12 jointnode13 jointnode14 jointnode15 jointnode16 jointnode17 jointnode18 jointnode19 jointnode20 jointnode21 jointnode22 jointnode23 jointnode24 jointnode25 jointnode26 jointnode27 jointnode28 jointnode29 jointnode30 jointnode31 jointnode32 jointnode33</Name_array>
                    <technique_common>
                        <accessor source="#JointArr4" count="35">
                            <param name="JOINT" type="Name" />
                        </accessor>
                    </technique_common>
                </source>
                <source id="matrices4">
                    <float_array id="MatArr4" count="560">1 0 0 0 0 1 0 0 0 0 1 0 0 0 0 1 1 0 0 0 0 1 0 0 0 0 1 0 0 0 0 1 1 0 0 0 0 1 0 -125.14652252197266 0 0 1 0 0 0 0 1 1 0 0 0 0 1 0 0 0 0 1 -100 0 0 0 1 1 0 0 -100 0 1 0 0 0 0 1 0 0 0 0 1 1 0 0 100 0 1 0 0 0 0 1 0 0 0 0 1 1 0 0 0 0 1 0 -93 0 0 1 0 0 0 0 1 0.00004793836256601856 -0.9999999988509567 -4.386559881474326e-18 137.49999984200656 0.00004793836251091911 2.2980866055094973e-9 -0.9999999988509567 2.499999681140483 0.9999999977019134 0.00004793836251091911 0.00004793836256601856 -0.006711370751666425 0 0 0 1 0.00005977914990645416 -1.2499963891855828 0.0029961447445020534 139.842604523877 -0.0000480531290230205 0.0023969135332384717 0.9999971262440761 -0.26815321788404406 -0.9999999977019134 -0.000047938362510918826 -0.00004793836256589609 23.006711370751667 0 0 0 0.9999999999999999 0.0000747239362695943 -1.562495463198982 0.0037451808748200236 121.55261678912775 -0.00004805312902302051 0.0023969135332384726 0.9999971262440763 -1.406376269908886 -0.9999999977019136 -0.00004793836251091885 -0.00004793836256589611 23.006711370751667 0 0 0 1.0000000000000002 0.00007483890092293256 -1.562496719963759 0.0013482611704661014 78.45885878688625 -0.00004787388399924245 -0.0013482634685601407 1.0000032305287878 0.13238138555252843 -0.9999999977019135 -0.000047938362510918826 -0.000047938362565896096 23.00671137075167 0 0 0 1.0000000000000002 -0.00004787029628986681 -0.00142316700128074 1.0000032940131738 -21.114576476401865 -0.00007484119583254802 1.5624966535348395 -0.0013003226514846284 -63.45987105802692 -0.9999999977019135 -0.00004793836251091881 -0.00004793836256589611 21.13171232442599 0 0 0 1.0000000000000002 0.000059773390660987444 -1.2499960961801129 0.003115990290814301 139.84257174407125 -0.0000480577139455224 0.002492789971717479 0.9999968918394763 -0.27887933756356337 -0.9999999977019133 -0.000047938362510918806 -0.00004793836256589611 -22.993288629248333 0 0 0 0.9999999999999999 0.00007472249638965266 -1.5624953885113206 0.0037751422555853805 121.552681227219 -0.00004805198284770083 0.0023729444282688823 0.9999971859942618 -1.392146031221422 -0.9999999977019135 -0.00004793836251091882 -0.0000479383625658961 -22.993289629248334 0 0 0 1.0000000000000002 0.0000748374582998414 -1.5624965878243853 0.0013782223219480259 78.45884623889046 -0.00004787274127848633 -0.0013722323256558768 1.0000033620937097 0.13426163637655197 -0.9999999977019135 -0.00004793836251091882 -0.000047938362565896116 -22.993288629248337 0 0 0 1.0000000000000002 -0.000047869153638268976 -0.0014471358520143892 1.0000034270143838 -21.112696226181534 -0.00007483975315467835 1.5624965202464383 -0.0013302837966251188 -63.459858419895006 -0.9999999977019136 -0.00004793836251091881 -0.00004793836256589611 -21.118289582922657 0 0 0 1.0000000000000002 -0.000058713617795048536 0.965915484345868 0.25885763201729006 -143.11967803810631 -0.00003389519569432086 -0.2588576342370475 0.9659154849407453 35.76671231838945 0.9999999977019135 0.00004793836251091912 0.000047938362566018563 -0.006711370751666425 0 0 0 1 -0.00006370548882742022 0.42257722554517396 0.9063269191589503 -116.19191223827727 0.000023190168153741 -0.9063269201300692 0.42257722762799177 173.13238977585212 0.9999999977019134 0.00004793836251091912 0.000047938362566018563 -0.006711370751666426 0 0 0 1 -0.00004793606436923036 -0.000047940660597482686 0.9999999977019136 -39.40355764025924 0.00004794066059753818 -0.9999999977018035 -0.00004793836251077582 209.49347719587743 0.9999999977019134 0.00004793836251091912 0.00004793836256601857 -0.006711370751666425 0 0 0 1 -0.00004793606436923036 -0.000047940660597482686 0.9999999977019136 -39.40355764025924 0.00004794066059753818 -0.9999999977018035 -0.00004793836251077582 209.49347719587743 0.9999999977019134 0.00004793836251091912 0.00004793836256601857 -0.006711370751666425 0 0 0 1 -0.00006779508197298451 0.7070220298179067 0.7071915191488048 -218.01519126841586 8.125002052705607e-9 -0.7071915207736028 0.7070220314430941 141.7904625057773 0.9999999977019134 0.000047938362510919124 0.00004793836256601857 -0.0067143707517725365 0 0 0 1 0.9999999937382356 0.00009424276915255065 0.00006034757352756114 -12.515549502784342 -0.00006033853753039688 -0.00009587990486030716 0.9999999935831527 -12.483467005891493 0.00009424855466745052 -0.9999999909626723 -0.00009587421778905237 187.50021837966287 0 0 0 1 0.9999904261750173 0.0000938282239882645 0.004374786231528593 -47.525822031855874 0.004374777196284624 0.00009628561718526283 -0.9999904259809506 2.2784409400427292 -0.00009424855466744996 0.9999999909626722 0.00009587421778892991 -188.12521837966284 0 0 0 1 0.9999857721696648 0.00009373586538076876 0.005333542146341052 -88.0268516763412 0.005333533111287301 0.00009637553234538999 -0.9999857719669354 1.027748157438637 -0.00009424855466744996 0.9999999909626722 0.00009587421778892991 -188.12522737966313 0 0 0 1 0.9999999937382353 0.00009424276915255061 0.00006034757352756166 -128.5155489471808 -0.00007249666575798176 0.7692307931459514 0.000036873736291330664 -144.71162233301388 -0.00004641773676601565 -0.00003687811105831405 0.7692307951614961 -1.9169375423935475 0 0 0 1 0.9999999937382353 0.00009424276915255061 0.00006034757352756166 -128.5155489471808 -0.00007249666575798176 0.7692307931459514 0.000036873736291330664 -144.71162233301388 -0.00004641773676601565 -0.00003687811105831405 0.7692307951614961 -1.9169375423935475 0 0 0 1 -0.9999999993675048 -0.0000016339557591210803 -0.000035529151494309486 -12.502124853947798 -0.00003552899466944897 -0.00009587871553144504 0.9999999947724816 -12.483467172421195 -0.000001637362239988157 0.9999999954023013 0.00009587865741798285 -187.50021900129923 0 0 0 1 -0.9999999993675048 -0.0000016339557591210805 -0.00003552915149430949 -47.50212485394781 0.00003552899466944897 0.0000958787155315675 -0.9999999947724816 2.4834662187468526 0.0000016373622399881615 -0.9999999954023013 -0.00009587865741810531 188.1252200145782 0 0 0 1 -0.9999995738142501 -0.0000017258803666283716 0.0009232379646178906 -88.00352584704014 -0.0009232381258482362 0.00009587710488101992 -0.9999995692193793 1.4190569782819378 0.000001637362239988161 -0.9999999954023012 -0.00009587865741810531 188.12521801457817 0 0 0 1 -0.99999957381425 -0.0000017258803666283712 0.0009232379646178905 -128.50352584704012 -0.000001293554479846088 0.7692307965609475 0.00003687716703945549 -144.7116243771236 -0.0007101831385839245 0.000036875957064338 -0.7692304687279764 1.8523926814300622 0 0 0 0.9999999999999999 -0.99999957381425 -0.0000017258803666283712 0.0009232379646178905 -128.50352584704012 -0.000001293554479846088 0.7692307965609475 0.00003687716703945549 -144.7116243771236 -0.0007101831385839245 0.000036875957064338 -0.7692304687279764 1.8523926814300622 0 0 0 0.9999999999999999 -0.00006497993935398544 0.47609605501609975 0.8793932807201308 -119.11936308336595 0.000019333408579237113 -0.8793932818142407 0.4760960570370218 166.93468174770567 0.9999999977019134 0.00004793836251091911 0.000047938362566018563 -0.0067133707516613735 0 0 0 1 0.00004609846769127282 -0.9992902085644959 0.03767063766460643 159.9495393562524 0.00004971020501120493 -0.037670635368150955 -0.9992902084779256 48.7942628054608 0.9999999977019134 0.00004793836251091911 0.000047938362566018563 -0.006712370751663897 0 0 0 1 0.00005095541360545738 -0.9978817226805179 -0.06505432302090859 136.88854397071228 0.00004471821809996589 0.06505432531412722 -0.9978817228300183 35.721019584148294 0.9999999977019135 0.00004793836251091912 0.00004793836256601857 -0.006712370751663898 0 0 0 1 0.000048222476669046967 -0.999982331199505 -0.0059443219459814406 110.71939702179397 -0.0000476525544921875 -0.005944324244027465 0.9999823312131657 -41.631187516710916 -0.9999999977019137 -0.00004793836251091985 -0.00004793836256589611 0.0067123707516588 0 0 0 1</float_array>
                    <technique_common>
                        <accessor source="#MatArr4" count="35" stride="16">
                            <param type="float4x4" />
                        </accessor>
                    </technique_common>
                </source>
                <source id="weights4">
                    <float_array id="WeightArr4" count="4">1 0.75 0.25 0.5</float_array>
                    <technique_common>
                        <accessor source="#WeightArr4" count="1">
                            <param type="float" />
                        </accessor>
                    </technique_common>
                </source>
                <joints>
                    <input semantic="JOINT" source="#joints4" />
                    <input semantic="INV_BIND_MATRIX" source="#matrices4" />
                </joints>
                <vertex_weights count="20">
                    <input semantic="JOINT" offset="0" source="#joints4" />
                    <input semantic="WEIGHT" offset="1" source="#weights4" />
                    <vcount>1 1 1 1 1 1 1 1 1 1 1 1 1 1 1 1 1 1 1 1</vcount>
                    <v>33 0 34 0 33 0 33 0 32 0 32 0 32 0 32 0 34 0 34 0 34 0 34 0 34 0 34 0 34 0 32 0 32 0 33 0 33 0 34 0</v>
                </vertex_weights>
            </skin>
        </controller>
        <controller id="controller5">
            <skin source="#mesh5">
                <bind_shape_matrix>1 0 0 0 0 1 0 0 0 0 1 0 0 0 0 1</bind_shape_matrix>
                <source id="joints5">
                    <Name_array id="JointArr5" count="35">jointnode-1 jointnode0 jointnode1 jointnode2 jointnode3 jointnode4 jointnode5 jointnode6 jointnode7 jointnode8 jointnode9 jointnode10 jointnode11 jointnode12 jointnode13 jointnode14 jointnode15 jointnode16 jointnode17 jointnode18 jointnode19 jointnode20 jointnode21 jointnode22 jointnode23 jointnode24 jointnode25 jointnode26 jointnode27 jointnode28 jointnode29 jointnode30 jointnode31 jointnode32 jointnode33</Name_array>
                    <technique_common>
                        <accessor source="#JointArr5" count="35">
                            <param name="JOINT" type="Name" />
                        </accessor>
                    </technique_common>
                </source>
                <source id="matrices5">
                    <float_array id="MatArr5" count="560">1 0 0 0 0 1 0 0 0 0 1 0 0 0 0 1 1 0 0 0 0 1 0 0 0 0 1 0 0 0 0 1 1 0 0 0 0 1 0 -125.14652252197266 0 0 1 0 0 0 0 1 1 0 0 0 0 1 0 0 0 0 1 -100 0 0 0 1 1 0 0 -100 0 1 0 0 0 0 1 0 0 0 0 1 1 0 0 100 0 1 0 0 0 0 1 0 0 0 0 1 1 0 0 0 0 1 0 -93 0 0 1 0 0 0 0 1 0.00004793836256601856 -0.9999999988509567 -4.386559881474326e-18 137.49999984200656 0.00004793836251091911 2.2980866055094973e-9 -0.9999999988509567 2.499999681140483 0.9999999977019134 0.00004793836251091911 0.00004793836256601856 -0.006711370751666425 0 0 0 1 0.00005977914990645416 -1.2499963891855828 0.0029961447445020534 139.842604523877 -0.0000480531290230205 0.0023969135332384717 0.9999971262440761 -0.26815321788404406 -0.9999999977019134 -0.000047938362510918826 -0.00004793836256589609 23.006711370751667 0 0 0 0.9999999999999999 0.0000747239362695943 -1.562495463198982 0.0037451808748200236 121.55261678912775 -0.00004805312902302051 0.0023969135332384726 0.9999971262440763 -1.406376269908886 -0.9999999977019136 -0.00004793836251091885 -0.00004793836256589611 23.006711370751667 0 0 0 1.0000000000000002 0.00007483890092293256 -1.562496719963759 0.0013482611704661014 78.45885878688625 -0.00004787388399924245 -0.0013482634685601407 1.0000032305287878 0.13238138555252843 -0.9999999977019135 -0.000047938362510918826 -0.000047938362565896096 23.00671137075167 0 0 0 1.0000000000000002 -0.00004787029628986681 -0.00142316700128074 1.0000032940131738 -21.114576476401865 -0.00007484119583254802 1.5624966535348395 -0.0013003226514846284 -63.45987105802692 -0.9999999977019135 -0.00004793836251091881 -0.00004793836256589611 21.13171232442599 0 0 0 1.0000000000000002 0.000059773390660987444 -1.2499960961801129 0.003115990290814301 139.84257174407125 -0.0000480577139455224 0.002492789971717479 0.9999968918394763 -0.27887933756356337 -0.9999999977019133 -0.000047938362510918806 -0.00004793836256589611 -22.993288629248333 0 0 0 0.9999999999999999 0.00007472249638965266 -1.5624953885113206 0.0037751422555853805 121.552681227219 -0.00004805198284770083 0.0023729444282688823 0.9999971859942618 -1.392146031221422 -0.9999999977019135 -0.00004793836251091882 -0.0000479383625658961 -22.993289629248334 0 0 0 1.0000000000000002 0.0000748374582998414 -1.5624965878243853 0.0013782223219480259 78.45884623889046 -0.00004787274127848633 -0.0013722323256558768 1.0000033620937097 0.13426163637655197 -0.9999999977019135 -0.00004793836251091882 -0.000047938362565896116 -22.993288629248337 0 0 0 1.0000000000000002 -0.000047869153638268976 -0.0014471358520143892 1.0000034270143838 -21.112696226181534 -0.00007483975315467835 1.5624965202464383 -0.0013302837966251188 -63.459858419895006 -0.9999999977019136 -0.00004793836251091881 -0.00004793836256589611 -21.118289582922657 0 0 0 1.0000000000000002 -0.000058713617795048536 0.965915484345868 0.25885763201729006 -143.11967803810631 -0.00003389519569432086 -0.2588576342370475 0.9659154849407453 35.76671231838945 0.9999999977019135 0.00004793836251091912 0.000047938362566018563 -0.006711370751666425 0 0 0 1 -0.00006370548882742022 0.42257722554517396 0.9063269191589503 -116.19191223827727 0.000023190168153741 -0.9063269201300692 0.42257722762799177 173.13238977585212 0.9999999977019134 0.00004793836251091912 0.000047938362566018563 -0.006711370751666426 0 0 0 1 -0.00004793606436923036 -0.000047940660597482686 0.9999999977019136 -39.40355764025924 0.00004794066059753818 -0.9999999977018035 -0.00004793836251077582 209.49347719587743 0.9999999977019134 0.00004793836251091912 0.00004793836256601857 -0.006711370751666425 0 0 0 1 -0.00004793606436923036 -0.000047940660597482686 0.9999999977019136 -39.40355764025924 0.00004794066059753818 -0.9999999977018035 -0.00004793836251077582 209.49347719587743 0.9999999977019134 0.00004793836251091912 0.00004793836256601857 -0.006711370751666425 0 0 0 1 -0.00006779508197298451 0.7070220298179067 0.7071915191488048 -218.01519126841586 8.125002052705607e-9 -0.7071915207736028 0.7070220314430941 141.7904625057773 0.9999999977019134 0.000047938362510919124 0.00004793836256601857 -0.0067143707517725365 0 0 0 1 0.9999999937382356 0.00009424276915255065 0.00006034757352756114 -12.515549502784342 -0.00006033853753039688 -0.00009587990486030716 0.9999999935831527 -12.483467005891493 0.00009424855466745052 -0.9999999909626723 -0.00009587421778905237 187.50021837966287 0 0 0 1 0.9999904261750173 0.0000938282239882645 0.004374786231528593 -47.525822031855874 0.004374777196284624 0.00009628561718526283 -0.9999904259809506 2.2784409400427292 -0.00009424855466744996 0.9999999909626722 0.00009587421778892991 -188.12521837966284 0 0 0 1 0.9999857721696648 0.00009373586538076876 0.005333542146341052 -88.0268516763412 0.005333533111287301 0.00009637553234538999 -0.9999857719669354 1.027748157438637 -0.00009424855466744996 0.9999999909626722 0.00009587421778892991 -188.12522737966313 0 0 0 1 0.9999999937382353 0.00009424276915255061 0.00006034757352756166 -128.5155489471808 -0.00007249666575798176 0.7692307931459514 0.000036873736291330664 -144.71162233301388 -0.00004641773676601565 -0.00003687811105831405 0.7692307951614961 -1.9169375423935475 0 0 0 1 0.9999999937382353 0.00009424276915255061 0.00006034757352756166 -128.5155489471808 -0.00007249666575798176 0.7692307931459514 0.000036873736291330664 -144.71162233301388 -0.00004641773676601565 -0.00003687811105831405 0.7692307951614961 -1.9169375423935475 0 0 0 1 -0.9999999993675048 -0.0000016339557591210803 -0.000035529151494309486 -12.502124853947798 -0.00003552899466944897 -0.00009587871553144504 0.9999999947724816 -12.483467172421195 -0.000001637362239988157 0.9999999954023013 0.00009587865741798285 -187.50021900129923 0 0 0 1 -0.9999999993675048 -0.0000016339557591210805 -0.00003552915149430949 -47.50212485394781 0.00003552899466944897 0.0000958787155315675 -0.9999999947724816 2.4834662187468526 0.0000016373622399881615 -0.9999999954023013 -0.00009587865741810531 188.1252200145782 0 0 0 1 -0.9999995738142501 -0.0000017258803666283716 0.0009232379646178906 -88.00352584704014 -0.0009232381258482362 0.00009587710488101992 -0.9999995692193793 1.4190569782819378 0.000001637362239988161 -0.9999999954023012 -0.00009587865741810531 188.12521801457817 0 0 0 1 -0.99999957381425 -0.0000017258803666283712 0.0009232379646178905 -128.50352584704012 -0.000001293554479846088 0.7692307965609475 0.00003687716703945549 -144.7116243771236 -0.0007101831385839245 0.000036875957064338 -0.7692304687279764 1.8523926814300622 0 0 0 0.9999999999999999 -0.99999957381425 -0.0000017258803666283712 0.0009232379646178905 -128.50352584704012 -0.000001293554479846088 0.7692307965609475 0.00003687716703945549 -144.7116243771236 -0.0007101831385839245 0.000036875957064338 -0.7692304687279764 1.8523926814300622 0 0 0 0.9999999999999999 -0.00006497993935398544 0.47609605501609975 0.8793932807201308 -119.11936308336595 0.000019333408579237113 -0.8793932818142407 0.4760960570370218 166.93468174770567 0.9999999977019134 0.00004793836251091911 0.000047938362566018563 -0.0067133707516613735 0 0 0 1 0.00004609846769127282 -0.9992902085644959 0.03767063766460643 159.9495393562524 0.00004971020501120493 -0.037670635368150955 -0.9992902084779256 48.7942628054608 0.9999999977019134 0.00004793836251091911 0.000047938362566018563 -0.006712370751663897 0 0 0 1 0.00005095541360545738 -0.9978817226805179 -0.06505432302090859 136.88854397071228 0.00004471821809996589 0.06505432531412722 -0.9978817228300183 35.721019584148294 0.9999999977019135 0.00004793836251091912 0.00004793836256601857 -0.006712370751663898 0 0 0 1 0.000048222476669046967 -0.999982331199505 -0.0059443219459814406 110.71939702179397 -0.0000476525544921875 -0.005944324244027465 0.9999823312131657 -41.631187516710916 -0.9999999977019137 -0.00004793836251091985 -0.00004793836256589611 0.0067123707516588 0 0 0 1</float_array>
                    <technique_common>
                        <accessor source="#MatArr5" count="35" stride="16">
                            <param type="float4x4" />
                        </accessor>
                    </technique_common>
                </source>
                <source id="weights5">
                    <float_array id="WeightArr5" count="4">1 0.75 0.25 0.5</float_array>
                    <technique_common>
                        <accessor source="#WeightArr5" count="1">
                            <param type="float" />
                        </accessor>
                    </technique_common>
                </source>
                <joints>
                    <input semantic="JOINT" source="#joints5" />
                    <input semantic="INV_BIND_MATRIX" source="#matrices5" />
                </joints>
                <vertex_weights count="740">
                    <input semantic="JOINT" offset="0" source="#joints5" />
                    <input semantic="WEIGHT" offset="1" source="#weights5" />
                    <vcount>1 1 1 1 1 1 1 2 1 2 2 1 1 1 1 1 1 1 1 1 1 2 1 1 1 1 2 2 2 2 2 2 2 2 2 2 2 2 1 1 1 1 2 2 1 1 1 1 1 1 1 1 1 1 1 1 2 1 1 2 1 1 1 1 1 2 2 2 2 2 2 1 1 1 1 1 1 1 1 1 1 2 2 2 2 2 2 2 2 2 2 1 1 1 1 1 1 2 2 1 2 2 1 1 1 2 2 1 1 1 1 1 1 2 1 2 1 2 1 1 1 2 2 2 1 1 1 1 1 1 1 1 1 1 1 1 1 1 1 1 1 1 1 2 2 2 1 1 1 1 1 1 1 1 1 1 1 1 1 1 1 1 1 1 2 2 2 1 2 1 1 1 1 1 2 2 2 2 1 2 1 2 1 2 1 2 1 1 1 2 1 2 1 1 1 1 1 1 2 2 1 1 1 1 1 1 1 2 2 1 2 1 1 1 1 1 1 1 1 1 1 1 1 1 1 1 1 1 1 1 1 2 1 1 1 1 1 1 1 1 2 2 2 1 1 1 1 1 1 1 1 2 2 2 2 1 2 1 2 1 1 2 2 2 2 1 2 1 2 1 1 1 1 1 1 1 1 1 1 1 2 1 1 2 1 1 1 1 1 1 1 1 1 1 2 1 1 1 1 1 1 1 1 1 1 1 1 1 1 1 1 1 1 1 1 1 1 1 1 2 1 1 1 1 2 2 1 1 1 1 1 1 1 1 1 1 1 1 1 1 1 1 1 1 1 1 1 1 1 2 2 1 2 1 1 1 1 1 1 1 1 1 1 1 1 2 1 1 1 1 1 1 1 1 1 1 1 1 1 1 1 1 1 1 1 1 1 1 1 1 1 1 1 1 1 1 1 1 1 1 2 2 2 2 2 1 1 1 1 1 1 1 1 1 1 1 1 1 1 1 1 1 2 2 2 1 2 1 2 1 1 1 1 1 1 1 1 1 1 1 2 1 2 1 2 1 1 1 1 1 2 2 2 1 1 1 2 2 2 1 1 1 2 2 1 2 2 2 1 1 1 1 2 1 1 1 1 1 1 2 2 1 2 2 2 1 2 1 2 1 2 1 1 1 1 1 1 1 1 1 1 1 1 1 1 1 1 1 1 1 1 1 1 1 1 1 1 1 1 1 1 1 1 1 1 1 1 1 1 1 1 1 1 1 1 1 1 1 1 1 1 1 1 1 1 1 1 1 1 1 1 1 1 1 1 1 1 1 1 1 1 1 1 1 2 1 2 1 1 1 1 2 1 2 1 1 1 1 1 1 1 1 1 1 1 1 1 1 1 1 1 1 1 1 1 1 1 1 1 1 1 1 1 1 1 1 1 2 2 2 2 1 1 1 1 1 1 1 1 1 1 1 1 1 1 1 2 2 2 1 1 1 1 1 1 1 1 1 1 1 1 1 1 1 1 1 1 1 1 2 2 1 1 1 1 1 1 1 2 2 1 1 1 1 1 1 1 2 2 2 2 2 2 1 2 1 1 1 1 1 1 1 1 2 2 1 1 1 1 1 1 1 1 1 1 1 1 1 2 1 1 1 1 2 2 2 2 2 1 1 2 1 2 1 2 2 2 2 2 2 2 2 2 1 1 1 1 1 1 1 2 2 2 1 2 1 1 1 2 2</vcount>
                    <v>16 0 16 0 16 0 21 0 16 0 21 0 21 0 21 1 22 2 21 0 21 3 22 3 21 3 22 3 22 0 22 0 22 0 22 0 22 0 22 0 22 0 23 0 22 0 23 0 22 3 23 3 23 0 23 0 23 0 23 0 23 1 24 2 23 1 24 2 23 3 24 3 23 3 24 3 23 3 24 3 23 3 24 3 23 3 24 3 23 3 24 3 23 1 24 2 23 3 24 3 23 1 24 2 23 1 24 2 23 0 23 0 23 0 23 0 22 3 23 3 22 3 23 3 22 0 22 0 22 0 22 0 22 0 22 0 22 0 22 0 22 0 22 0 23 0 23 0 22 3 23 3 22 0 22 0 21 2 22 1 22 0 22 0 21 0 21 0 21 0 21 1 22 2 21 1 22 2 21 3 22 3 21 3 22 3 21 2 22 1 21 2 22 1 22 0 22 0 22 0 22 0 23 0 23 0 23 0 23 0 23 0 23 0 23 1 24 2 23 1 24 2 23 3 24 3 23 3 24 3 23 3 24 3 23 3 24 3 23 1 24 2 23 3 24 3 23 1 24 2 23 1 24 2 23 0 16 0 16 0 21 0 21 0 21 0 21 1 22 2 23 3 24 3 23 0 22 3 23 3 23 3 24 3 21 0 22 0 22 0 23 3 24 3 23 3 24 3 23 0 23 0 23 0 23 0 22 0 22 0 21 3 22 3 21 0 21 2 22 1 21 0 21 3 22 3 22 0 16 0 16 0 21 1 22 2 21 3 22 3 22 3 23 3 16 0 16 0 16 0 16 0 16 0 16 0 16 0 16 0 16 0 7 0 7 0 7 0 7 0 7 0 7 0 7 0 7 0 7 0 7 0 7 3 8 3 7 3 8 3 7 3 8 3 8 0 8 0 8 0 8 0 8 0 9 0 9 0 7 0 8 0 7 0 8 0 7 0 8 0 8 0 8 0 8 0 8 0 8 0 8 1 9 2 8 1 9 2 8 2 9 1 8 0 8 3 9 3 9 0 7 0 7 0 7 0 7 0 7 1 16 2 7 1 16 2 7 3 16 3 7 3 16 3 16 0 7 3 16 3 16 0 7 3 16 3 16 0 7 3 16 3 16 0 7 3 16 3 16 0 16 0 8 0 7 3 8 3 8 0 7 3 8 3 7 0 7 0 7 0 7 0 7 0 9 0 8 2 9 1 8 3 9 3 8 0 8 0 8 0 8 0 8 0 8 0 8 0 7 1 16 2 7 1 16 2 7 0 7 1 16 2 7 0 7 0 7 0 7 0 7 0 7 0 7 0 7 0 7 0 9 0 9 0 8 0 9 0 9 0 9 0 7 0 7 0 7 0 7 0 7 0 7 1 16 2 7 0 7 0 7 0 7 0 7 0 7 0 7 0 7 0 7 1 16 2 7 3 16 3 7 3 16 3 16 0 16 0 7 0 7 0 7 0 8 0 8 0 7 0 7 1 16 2 7 1 16 2 7 3 16 3 7 3 16 3 16 0 7 3 8 3 8 0 7 3 8 3 7 0 16 0 7 3 16 3 7 3 16 3 7 1 16 2 7 1 16 2 7 0 7 1 16 2 16 0 7 3 16 3 16 0 7 0 7 0 8 0 16 0 7 0 7 0 7 0 7 0 7 0 7 0 7 1 16 2 7 0 7 0 7 2 12 1 12 0 12 0 12 0 12 0 12 0 12 0 12 0 12 0 12 0 12 0 12 3 13 3 13 0 13 0 13 0 13 0 13 0 13 0 13 0 13 0 13 0 13 0 13 0 13 0 12 0 12 0 12 0 12 0 12 0 12 0 12 0 12 0 12 0 12 0 12 0 12 0 7 3 12 3 12 0 12 0 12 0 12 0 12 1 13 2 12 2 13 1 13 0 13 0 13 0 12 0 12 0 12 0 12 0 12 0 13 0 13 0 13 0 13 0 13 0 13 0 13 0 13 0 13 0 13 0 13 0 13 0 13 0 12 0 12 0 12 1 13 2 12 2 13 1 13 0 12 3 13 3 12 0 13 0 13 0 13 0 13 0 13 0 13 0 13 0 13 0 13 0 13 0 13 0 7 1 12 2 12 0 16 0 16 0 26 0 16 0 26 0 16 0 26 0 16 0 26 0 16 0 26 0 16 0 26 0 16 0 26 0 16 0 16 0 16 0 16 0 16 0 16 0 16 0 16 0 16 0 16 0 16 0 31 0 26 0 31 0 26 0 26 0 26 0 26 0 26 1 27 2 26 1 27 2 26 3 27 3 26 2 27 1 26 2 27 1 27 0 27 0 16 0 16 0 31 0 16 0 31 0 16 0 31 0 16 0 16 0 16 0 16 0 16 0 16 0 16 0 16 0 16 3 18 3 16 3 18 3 16 3 18 3 16 0 16 3 18 3 16 0 16 3 18 3 16 0 31 0 31 0 16 0 16 0 16 0 16 0 16 0 16 0 27 0 27 0 26 2 27 1 27 0 26 2 27 1 27 0 26 2 27 1 27 0 27 0 27 0 27 0 26 0 26 3 27 3 26 1 27 2 26 1 27 2 16 0 16 0 16 0 26 3 27 3 26 3 27 3 26 1 27 2 16 0 16 0 16 0 26 3 27 3 26 3 27 3 27 0 16 3 18 3 16 3 18 3 16 3 18 3 27 0 16 0 16 0 16 0 16 3 18 3 27 0 16 0 18 0 18 0 18 0 18 0 16 1 18 2 16 1 18 2 18 0 16 3 18 3 16 2 18 1 16 2 18 1 18 0 16 2 18 1 18 0 16 2 18 1 18 0 16 2 18 1 18 0 18 0 18 0 18 0 18 0 18 0 18 0 18 0 18 0 18 0 18 0 18 0 18 0 18 0 18 0 18 0 18 0 18 0 18 0 9 0 9 0 9 0 9 0 9 0 9 0 9 0 9 0 9 0 9 0 9 0 9 0 9 0 9 0 9 0 9 0 9 0 20 0 18 0 20 0 18 0 20 0 18 0 20 0 18 0 18 0 18 0 18 0 18 0 18 0 18 0 18 0 18 0 18 0 18 0 18 0 20 0 20 0 20 0 20 0 20 0 20 0 20 0 20 0 20 0 20 0 20 0 20 0 20 0 20 0 20 0 20 0 20 0 31 0 16 1 18 2 31 0 16 1 18 2 31 0 18 0 18 0 18 0 16 3 18 3 18 0 16 2 18 1 18 0 18 0 18 0 9 0 9 0 9 0 9 0 9 0 20 0 20 0 20 0 20 0 18 0 18 0 18 0 18 0 18 0 18 0 18 0 18 0 18 0 18 0 18 0 18 0 20 0 20 0 20 0 20 0 20 0 18 0 18 0 18 0 18 0 16 3 18 3 16 3 18 3 16 3 18 3 16 2 18 1 18 0 18 0 18 0 18 0 18 0 18 0 18 0 18 0 18 0 18 0 18 0 18 0 18 0 18 0 18 0 16 1 18 2 16 1 18 2 16 3 18 3 18 0 18 0 20 0 20 0 20 0 9 0 9 0 9 0 9 0 9 0 9 0 18 0 18 0 20 0 18 0 18 0 18 0 18 0 18 0 31 0 16 1 18 2 16 3 18 3 18 0 18 0 18 0 18 0 9 0 18 0 18 0 16 2 18 1 16 2 18 1 31 0 18 0 18 0 9 0 9 0 18 0 18 0 28 3 29 3 28 3 29 3 28 3 29 3 28 3 29 3 28 1 29 2 28 1 29 2 28 0 28 1 29 2 28 0 28 0 28 0 28 0 28 0 28 0 28 0 28 0 27 3 28 3 27 3 28 3 27 0 27 0 27 0 27 0 27 0 27 0 27 0 27 0 27 0 28 0 28 0 28 0 28 0 27 3 28 3 28 0 28 0 28 0 28 0 28 1 29 2 28 1 29 2 28 3 29 3 28 3 29 3 28 3 29 3 27 0 27 0 27 3 28 3 27 0 27 3 28 3 27 0 27 3 28 3 28 3 29 3 28 3 29 3 28 3 29 3 28 1 29 2 28 3 29 3 28 1 29 2 28 1 29 2 28 1 29 2 28 0 28 0 28 0 28 0 28 0 28 0 27 0 28 3 29 3 28 3 29 3 28 3 29 3 28 0 28 1 29 2 27 0 27 0 27 0 28 3 29 3 28 3 29 3</v>
                </vertex_weights>
            </skin>
        </controller>
        <controller id="controller6">
            <skin source="#mesh6">
                <bind_shape_matrix>1 0 0 0 0 1 0 0 0 0 1 0 0 0 0 1</bind_shape_matrix>
                <source id="joints6">
                    <Name_array id="JointArr6" count="35">jointnode-1 jointnode0 jointnode1 jointnode2 jointnode3 jointnode4 jointnode5 jointnode6 jointnode7 jointnode8 jointnode9 jointnode10 jointnode11 jointnode12 jointnode13 jointnode14 jointnode15 jointnode16 jointnode17 jointnode18 jointnode19 jointnode20 jointnode21 jointnode22 jointnode23 jointnode24 jointnode25 jointnode26 jointnode27 jointnode28 jointnode29 jointnode30 jointnode31 jointnode32 jointnode33</Name_array>
                    <technique_common>
                        <accessor source="#JointArr6" count="35">
                            <param name="JOINT" type="Name" />
                        </accessor>
                    </technique_common>
                </source>
                <source id="matrices6">
                    <float_array id="MatArr6" count="560">1 0 0 0 0 1 0 0 0 0 1 0 0 0 0 1 1 0 0 0 0 1 0 0 0 0 1 0 0 0 0 1 1 0 0 0 0 1 0 -125.14652252197266 0 0 1 0 0 0 0 1 1 0 0 0 0 1 0 0 0 0 1 -100 0 0 0 1 1 0 0 -100 0 1 0 0 0 0 1 0 0 0 0 1 1 0 0 100 0 1 0 0 0 0 1 0 0 0 0 1 1 0 0 0 0 1 0 -93 0 0 1 0 0 0 0 1 0.00004793836256601856 -0.9999999988509567 -4.386559881474326e-18 137.49999984200656 0.00004793836251091911 2.2980866055094973e-9 -0.9999999988509567 2.499999681140483 0.9999999977019134 0.00004793836251091911 0.00004793836256601856 -0.006711370751666425 0 0 0 1 0.00005977914990645416 -1.2499963891855828 0.0029961447445020534 139.842604523877 -0.0000480531290230205 0.0023969135332384717 0.9999971262440761 -0.26815321788404406 -0.9999999977019134 -0.000047938362510918826 -0.00004793836256589609 23.006711370751667 0 0 0 0.9999999999999999 0.0000747239362695943 -1.562495463198982 0.0037451808748200236 121.55261678912775 -0.00004805312902302051 0.0023969135332384726 0.9999971262440763 -1.406376269908886 -0.9999999977019136 -0.00004793836251091885 -0.00004793836256589611 23.006711370751667 0 0 0 1.0000000000000002 0.00007483890092293256 -1.562496719963759 0.0013482611704661014 78.45885878688625 -0.00004787388399924245 -0.0013482634685601407 1.0000032305287878 0.13238138555252843 -0.9999999977019135 -0.000047938362510918826 -0.000047938362565896096 23.00671137075167 0 0 0 1.0000000000000002 -0.00004787029628986681 -0.00142316700128074 1.0000032940131738 -21.114576476401865 -0.00007484119583254802 1.5624966535348395 -0.0013003226514846284 -63.45987105802692 -0.9999999977019135 -0.00004793836251091881 -0.00004793836256589611 21.13171232442599 0 0 0 1.0000000000000002 0.000059773390660987444 -1.2499960961801129 0.003115990290814301 139.84257174407125 -0.0000480577139455224 0.002492789971717479 0.9999968918394763 -0.27887933756356337 -0.9999999977019133 -0.000047938362510918806 -0.00004793836256589611 -22.993288629248333 0 0 0 0.9999999999999999 0.00007472249638965266 -1.5624953885113206 0.0037751422555853805 121.552681227219 -0.00004805198284770083 0.0023729444282688823 0.9999971859942618 -1.392146031221422 -0.9999999977019135 -0.00004793836251091882 -0.0000479383625658961 -22.993289629248334 0 0 0 1.0000000000000002 0.0000748374582998414 -1.5624965878243853 0.0013782223219480259 78.45884623889046 -0.00004787274127848633 -0.0013722323256558768 1.0000033620937097 0.13426163637655197 -0.9999999977019135 -0.00004793836251091882 -0.000047938362565896116 -22.993288629248337 0 0 0 1.0000000000000002 -0.000047869153638268976 -0.0014471358520143892 1.0000034270143838 -21.112696226181534 -0.00007483975315467835 1.5624965202464383 -0.0013302837966251188 -63.459858419895006 -0.9999999977019136 -0.00004793836251091881 -0.00004793836256589611 -21.118289582922657 0 0 0 1.0000000000000002 -0.000058713617795048536 0.965915484345868 0.25885763201729006 -143.11967803810631 -0.00003389519569432086 -0.2588576342370475 0.9659154849407453 35.76671231838945 0.9999999977019135 0.00004793836251091912 0.000047938362566018563 -0.006711370751666425 0 0 0 1 -0.00006370548882742022 0.42257722554517396 0.9063269191589503 -116.19191223827727 0.000023190168153741 -0.9063269201300692 0.42257722762799177 173.13238977585212 0.9999999977019134 0.00004793836251091912 0.000047938362566018563 -0.006711370751666426 0 0 0 1 -0.00004793606436923036 -0.000047940660597482686 0.9999999977019136 -39.40355764025924 0.00004794066059753818 -0.9999999977018035 -0.00004793836251077582 209.49347719587743 0.9999999977019134 0.00004793836251091912 0.00004793836256601857 -0.006711370751666425 0 0 0 1 -0.00004793606436923036 -0.000047940660597482686 0.9999999977019136 -39.40355764025924 0.00004794066059753818 -0.9999999977018035 -0.00004793836251077582 209.49347719587743 0.9999999977019134 0.00004793836251091912 0.00004793836256601857 -0.006711370751666425 0 0 0 1 -0.00006779508197298451 0.7070220298179067 0.7071915191488048 -218.01519126841586 8.125002052705607e-9 -0.7071915207736028 0.7070220314430941 141.7904625057773 0.9999999977019134 0.000047938362510919124 0.00004793836256601857 -0.0067143707517725365 0 0 0 1 0.9999999937382356 0.00009424276915255065 0.00006034757352756114 -12.515549502784342 -0.00006033853753039688 -0.00009587990486030716 0.9999999935831527 -12.483467005891493 0.00009424855466745052 -0.9999999909626723 -0.00009587421778905237 187.50021837966287 0 0 0 1 0.9999904261750173 0.0000938282239882645 0.004374786231528593 -47.525822031855874 0.004374777196284624 0.00009628561718526283 -0.9999904259809506 2.2784409400427292 -0.00009424855466744996 0.9999999909626722 0.00009587421778892991 -188.12521837966284 0 0 0 1 0.9999857721696648 0.00009373586538076876 0.005333542146341052 -88.0268516763412 0.005333533111287301 0.00009637553234538999 -0.9999857719669354 1.027748157438637 -0.00009424855466744996 0.9999999909626722 0.00009587421778892991 -188.12522737966313 0 0 0 1 0.9999999937382353 0.00009424276915255061 0.00006034757352756166 -128.5155489471808 -0.00007249666575798176 0.7692307931459514 0.000036873736291330664 -144.71162233301388 -0.00004641773676601565 -0.00003687811105831405 0.7692307951614961 -1.9169375423935475 0 0 0 1 0.9999999937382353 0.00009424276915255061 0.00006034757352756166 -128.5155489471808 -0.00007249666575798176 0.7692307931459514 0.000036873736291330664 -144.71162233301388 -0.00004641773676601565 -0.00003687811105831405 0.7692307951614961 -1.9169375423935475 0 0 0 1 -0.9999999993675048 -0.0000016339557591210803 -0.000035529151494309486 -12.502124853947798 -0.00003552899466944897 -0.00009587871553144504 0.9999999947724816 -12.483467172421195 -0.000001637362239988157 0.9999999954023013 0.00009587865741798285 -187.50021900129923 0 0 0 1 -0.9999999993675048 -0.0000016339557591210805 -0.00003552915149430949 -47.50212485394781 0.00003552899466944897 0.0000958787155315675 -0.9999999947724816 2.4834662187468526 0.0000016373622399881615 -0.9999999954023013 -0.00009587865741810531 188.1252200145782 0 0 0 1 -0.9999995738142501 -0.0000017258803666283716 0.0009232379646178906 -88.00352584704014 -0.0009232381258482362 0.00009587710488101992 -0.9999995692193793 1.4190569782819378 0.000001637362239988161 -0.9999999954023012 -0.00009587865741810531 188.12521801457817 0 0 0 1 -0.99999957381425 -0.0000017258803666283712 0.0009232379646178905 -128.50352584704012 -0.000001293554479846088 0.7692307965609475 0.00003687716703945549 -144.7116243771236 -0.0007101831385839245 0.000036875957064338 -0.7692304687279764 1.8523926814300622 0 0 0 0.9999999999999999 -0.99999957381425 -0.0000017258803666283712 0.0009232379646178905 -128.50352584704012 -0.000001293554479846088 0.7692307965609475 0.00003687716703945549 -144.7116243771236 -0.0007101831385839245 0.000036875957064338 -0.7692304687279764 1.8523926814300622 0 0 0 0.9999999999999999 -0.00006497993935398544 0.47609605501609975 0.8793932807201308 -119.11936308336595 0.000019333408579237113 -0.8793932818142407 0.4760960570370218 166.93468174770567 0.9999999977019134 0.00004793836251091911 0.000047938362566018563 -0.0067133707516613735 0 0 0 1 0.00004609846769127282 -0.9992902085644959 0.03767063766460643 159.9495393562524 0.00004971020501120493 -0.037670635368150955 -0.9992902084779256 48.7942628054608 0.9999999977019134 0.00004793836251091911 0.000047938362566018563 -0.006712370751663897 0 0 0 1 0.00005095541360545738 -0.9978817226805179 -0.06505432302090859 136.88854397071228 0.00004471821809996589 0.06505432531412722 -0.9978817228300183 35.721019584148294 0.9999999977019135 0.00004793836251091912 0.00004793836256601857 -0.006712370751663898 0 0 0 1 0.000048222476669046967 -0.999982331199505 -0.0059443219459814406 110.71939702179397 -0.0000476525544921875 -0.005944324244027465 0.9999823312131657 -41.631187516710916 -0.9999999977019137 -0.00004793836251091985 -0.00004793836256589611 0.0067123707516588 0 0 0 1</float_array>
                    <technique_common>
                        <accessor source="#MatArr6" count="35" stride="16">
                            <param type="float4x4" />
                        </accessor>
                    </technique_common>
                </source>
                <source id="weights6">
                    <float_array id="WeightArr6" count="4">1 0.75 0.25 0.5</float_array>
                    <technique_common>
                        <accessor source="#WeightArr6" count="1">
                            <param type="float" />
                        </accessor>
                    </technique_common>
                </source>
                <joints>
                    <input semantic="JOINT" source="#joints6" />
                    <input semantic="INV_BIND_MATRIX" source="#matrices6" />
                </joints>
                <vertex_weights count="97">
                    <input semantic="JOINT" offset="0" source="#joints6" />
                    <input semantic="WEIGHT" offset="1" source="#weights6" />
                    <vcount>1 1 1 1 1 1 1 1 1 1 1 1 1 1 1 1 1 1 1 1 1 1 1 1 1 1 1 1 1 1 1 1 1 1 1 1 1 1 1 1 1 1 1 1 1 1 1 1 1 1 1 1 1 1 1 1 1 1 1 1 1 1 1 1 1 1 1 1 1 1 1 1 1 1 1 1 1 1 1 1 1 1 1 1 1 1 1 1 1 1 1 1 1 1 1 1 1</vcount>
                    <v>18 0 18 0 18 0 18 0 18 0 18 0 18 0 18 0 18 0 18 0 18 0 18 0 18 0 18 0 18 0 18 0 18 0 18 0 18 0 18 0 18 0 18 0 18 0 18 0 18 0 18 0 18 0 18 0 18 0 18 0 18 0 18 0 18 0 18 0 18 0 18 0 18 0 18 0 18 0 18 0 18 0 18 0 18 0 18 0 18 0 18 0 18 0 18 0 18 0 18 0 18 0 18 0 18 0 18 0 18 0 18 0 18 0 18 0 18 0 18 0 18 0 18 0 18 0 18 0 18 0 18 0 18 0 18 0 18 0 18 0 18 0 18 0 18 0 18 0 18 0 18 0 18 0 18 0 18 0 18 0 18 0 18 0 18 0 18 0 18 0 18 0 18 0 18 0 18 0 18 0 18 0 18 0 18 0 18 0 18 0 18 0 18 0</v>
                </vertex_weights>
            </skin>
        </controller>
        <controller id="controller7">
            <skin source="#mesh7">
                <bind_shape_matrix>1 0 0 0 0 1 0 0 0 0 1 0 0 0 0 1</bind_shape_matrix>
                <source id="joints7">
                    <Name_array id="JointArr7" count="35">jointnode-1 jointnode0 jointnode1 jointnode2 jointnode3 jointnode4 jointnode5 jointnode6 jointnode7 jointnode8 jointnode9 jointnode10 jointnode11 jointnode12 jointnode13 jointnode14 jointnode15 jointnode16 jointnode17 jointnode18 jointnode19 jointnode20 jointnode21 jointnode22 jointnode23 jointnode24 jointnode25 jointnode26 jointnode27 jointnode28 jointnode29 jointnode30 jointnode31 jointnode32 jointnode33</Name_array>
                    <technique_common>
                        <accessor source="#JointArr7" count="35">
                            <param name="JOINT" type="Name" />
                        </accessor>
                    </technique_common>
                </source>
                <source id="matrices7">
                    <float_array id="MatArr7" count="560">1 0 0 0 0 1 0 0 0 0 1 0 0 0 0 1 1 0 0 0 0 1 0 0 0 0 1 0 0 0 0 1 1 0 0 0 0 1 0 -125.14652252197266 0 0 1 0 0 0 0 1 1 0 0 0 0 1 0 0 0 0 1 -100 0 0 0 1 1 0 0 -100 0 1 0 0 0 0 1 0 0 0 0 1 1 0 0 100 0 1 0 0 0 0 1 0 0 0 0 1 1 0 0 0 0 1 0 -93 0 0 1 0 0 0 0 1 0.00004793836256601856 -0.9999999988509567 -4.386559881474326e-18 137.49999984200656 0.00004793836251091911 2.2980866055094973e-9 -0.9999999988509567 2.499999681140483 0.9999999977019134 0.00004793836251091911 0.00004793836256601856 -0.006711370751666425 0 0 0 1 0.00005977914990645416 -1.2499963891855828 0.0029961447445020534 139.842604523877 -0.0000480531290230205 0.0023969135332384717 0.9999971262440761 -0.26815321788404406 -0.9999999977019134 -0.000047938362510918826 -0.00004793836256589609 23.006711370751667 0 0 0 0.9999999999999999 0.0000747239362695943 -1.562495463198982 0.0037451808748200236 121.55261678912775 -0.00004805312902302051 0.0023969135332384726 0.9999971262440763 -1.406376269908886 -0.9999999977019136 -0.00004793836251091885 -0.00004793836256589611 23.006711370751667 0 0 0 1.0000000000000002 0.00007483890092293256 -1.562496719963759 0.0013482611704661014 78.45885878688625 -0.00004787388399924245 -0.0013482634685601407 1.0000032305287878 0.13238138555252843 -0.9999999977019135 -0.000047938362510918826 -0.000047938362565896096 23.00671137075167 0 0 0 1.0000000000000002 -0.00004787029628986681 -0.00142316700128074 1.0000032940131738 -21.114576476401865 -0.00007484119583254802 1.5624966535348395 -0.0013003226514846284 -63.45987105802692 -0.9999999977019135 -0.00004793836251091881 -0.00004793836256589611 21.13171232442599 0 0 0 1.0000000000000002 0.000059773390660987444 -1.2499960961801129 0.003115990290814301 139.84257174407125 -0.0000480577139455224 0.002492789971717479 0.9999968918394763 -0.27887933756356337 -0.9999999977019133 -0.000047938362510918806 -0.00004793836256589611 -22.993288629248333 0 0 0 0.9999999999999999 0.00007472249638965266 -1.5624953885113206 0.0037751422555853805 121.552681227219 -0.00004805198284770083 0.0023729444282688823 0.9999971859942618 -1.392146031221422 -0.9999999977019135 -0.00004793836251091882 -0.0000479383625658961 -22.993289629248334 0 0 0 1.0000000000000002 0.0000748374582998414 -1.5624965878243853 0.0013782223219480259 78.45884623889046 -0.00004787274127848633 -0.0013722323256558768 1.0000033620937097 0.13426163637655197 -0.9999999977019135 -0.00004793836251091882 -0.000047938362565896116 -22.993288629248337 0 0 0 1.0000000000000002 -0.000047869153638268976 -0.0014471358520143892 1.0000034270143838 -21.112696226181534 -0.00007483975315467835 1.5624965202464383 -0.0013302837966251188 -63.459858419895006 -0.9999999977019136 -0.00004793836251091881 -0.00004793836256589611 -21.118289582922657 0 0 0 1.0000000000000002 -0.000058713617795048536 0.965915484345868 0.25885763201729006 -143.11967803810631 -0.00003389519569432086 -0.2588576342370475 0.9659154849407453 35.76671231838945 0.9999999977019135 0.00004793836251091912 0.000047938362566018563 -0.006711370751666425 0 0 0 1 -0.00006370548882742022 0.42257722554517396 0.9063269191589503 -116.19191223827727 0.000023190168153741 -0.9063269201300692 0.42257722762799177 173.13238977585212 0.9999999977019134 0.00004793836251091912 0.000047938362566018563 -0.006711370751666426 0 0 0 1 -0.00004793606436923036 -0.000047940660597482686 0.9999999977019136 -39.40355764025924 0.00004794066059753818 -0.9999999977018035 -0.00004793836251077582 209.49347719587743 0.9999999977019134 0.00004793836251091912 0.00004793836256601857 -0.006711370751666425 0 0 0 1 -0.00004793606436923036 -0.000047940660597482686 0.9999999977019136 -39.40355764025924 0.00004794066059753818 -0.9999999977018035 -0.00004793836251077582 209.49347719587743 0.9999999977019134 0.00004793836251091912 0.00004793836256601857 -0.006711370751666425 0 0 0 1 -0.00006779508197298451 0.7070220298179067 0.7071915191488048 -218.01519126841586 8.125002052705607e-9 -0.7071915207736028 0.7070220314430941 141.7904625057773 0.9999999977019134 0.000047938362510919124 0.00004793836256601857 -0.0067143707517725365 0 0 0 1 0.9999999937382356 0.00009424276915255065 0.00006034757352756114 -12.515549502784342 -0.00006033853753039688 -0.00009587990486030716 0.9999999935831527 -12.483467005891493 0.00009424855466745052 -0.9999999909626723 -0.00009587421778905237 187.50021837966287 0 0 0 1 0.9999904261750173 0.0000938282239882645 0.004374786231528593 -47.525822031855874 0.004374777196284624 0.00009628561718526283 -0.9999904259809506 2.2784409400427292 -0.00009424855466744996 0.9999999909626722 0.00009587421778892991 -188.12521837966284 0 0 0 1 0.9999857721696648 0.00009373586538076876 0.005333542146341052 -88.0268516763412 0.005333533111287301 0.00009637553234538999 -0.9999857719669354 1.027748157438637 -0.00009424855466744996 0.9999999909626722 0.00009587421778892991 -188.12522737966313 0 0 0 1 0.9999999937382353 0.00009424276915255061 0.00006034757352756166 -128.5155489471808 -0.00007249666575798176 0.7692307931459514 0.000036873736291330664 -144.71162233301388 -0.00004641773676601565 -0.00003687811105831405 0.7692307951614961 -1.9169375423935475 0 0 0 1 0.9999999937382353 0.00009424276915255061 0.00006034757352756166 -128.5155489471808 -0.00007249666575798176 0.7692307931459514 0.000036873736291330664 -144.71162233301388 -0.00004641773676601565 -0.00003687811105831405 0.7692307951614961 -1.9169375423935475 0 0 0 1 -0.9999999993675048 -0.0000016339557591210803 -0.000035529151494309486 -12.502124853947798 -0.00003552899466944897 -0.00009587871553144504 0.9999999947724816 -12.483467172421195 -0.000001637362239988157 0.9999999954023013 0.00009587865741798285 -187.50021900129923 0 0 0 1 -0.9999999993675048 -0.0000016339557591210805 -0.00003552915149430949 -47.50212485394781 0.00003552899466944897 0.0000958787155315675 -0.9999999947724816 2.4834662187468526 0.0000016373622399881615 -0.9999999954023013 -0.00009587865741810531 188.1252200145782 0 0 0 1 -0.9999995738142501 -0.0000017258803666283716 0.0009232379646178906 -88.00352584704014 -0.0009232381258482362 0.00009587710488101992 -0.9999995692193793 1.4190569782819378 0.000001637362239988161 -0.9999999954023012 -0.00009587865741810531 188.12521801457817 0 0 0 1 -0.99999957381425 -0.0000017258803666283712 0.0009232379646178905 -128.50352584704012 -0.000001293554479846088 0.7692307965609475 0.00003687716703945549 -144.7116243771236 -0.0007101831385839245 0.000036875957064338 -0.7692304687279764 1.8523926814300622 0 0 0 0.9999999999999999 -0.99999957381425 -0.0000017258803666283712 0.0009232379646178905 -128.50352584704012 -0.000001293554479846088 0.7692307965609475 0.00003687716703945549 -144.7116243771236 -0.0007101831385839245 0.000036875957064338 -0.7692304687279764 1.8523926814300622 0 0 0 0.9999999999999999 -0.00006497993935398544 0.47609605501609975 0.8793932807201308 -119.11936308336595 0.000019333408579237113 -0.8793932818142407 0.4760960570370218 166.93468174770567 0.9999999977019134 0.00004793836251091911 0.000047938362566018563 -0.0067133707516613735 0 0 0 1 0.00004609846769127282 -0.9992902085644959 0.03767063766460643 159.9495393562524 0.00004971020501120493 -0.037670635368150955 -0.9992902084779256 48.7942628054608 0.9999999977019134 0.00004793836251091911 0.000047938362566018563 -0.006712370751663897 0 0 0 1 0.00005095541360545738 -0.9978817226805179 -0.06505432302090859 136.88854397071228 0.00004471821809996589 0.06505432531412722 -0.9978817228300183 35.721019584148294 0.9999999977019135 0.00004793836251091912 0.00004793836256601857 -0.006712370751663898 0 0 0 1 0.000048222476669046967 -0.999982331199505 -0.0059443219459814406 110.71939702179397 -0.0000476525544921875 -0.005944324244027465 0.9999823312131657 -41.631187516710916 -0.9999999977019137 -0.00004793836251091985 -0.00004793836256589611 0.0067123707516588 0 0 0 1</float_array>
                    <technique_common>
                        <accessor source="#MatArr7" count="35" stride="16">
                            <param type="float4x4" />
                        </accessor>
                    </technique_common>
                </source>
                <source id="weights7">
                    <float_array id="WeightArr7" count="4">1 0.75 0.25 0.5</float_array>
                    <technique_common>
                        <accessor source="#WeightArr7" count="1">
                            <param type="float" />
                        </accessor>
                    </technique_common>
                </source>
                <joints>
                    <input semantic="JOINT" source="#joints7" />
                    <input semantic="INV_BIND_MATRIX" source="#matrices7" />
                </joints>
                <vertex_weights count="470">
                    <input semantic="JOINT" offset="0" source="#joints7" />
                    <input semantic="WEIGHT" offset="1" source="#weights7" />
                    <vcount>1 1 1 1 1 1 1 1 1 1 1 1 1 1 1 1 1 1 1 1 1 1 1 1 1 1 1 1 1 1 1 1 1 1 1 1 1 1 1 1 1 1 1 1 1 1 1 1 1 1 1 1 1 1 1 1 1 1 1 1 1 1 1 1 1 1 1 1 1 1 1 1 1 1 1 1 1 1 1 1 1 1 1 1 1 1 1 1 1 1 1 1 1 1 1 1 1 1 1 1 1 1 1 1 1 1 1 1 1 1 1 1 1 1 1 1 1 1 1 1 1 1 1 1 1 1 1 1 1 1 1 1 1 1 1 1 1 1 1 1 1 1 1 1 1 1 1 1 1 1 1 1 1 1 1 1 1 1 1 1 1 1 1 1 1 1 1 1 1 1 1 1 1 1 1 1 1 1 1 1 1 1 1 1 1 1 1 1 1 1 1 1 1 1 1 1 1 1 1 1 1 1 1 1 1 1 1 1 1 1 1 1 1 1 1 1 1 1 1 1 1 1 1 1 1 1 1 1 1 1 1 1 1 1 1 1 1 1 1 1 1 1 1 1 1 1 1 1 1 1 1 1 1 1 1 1 1 1 1 1 1 1 1 1 1 1 1 1 1 1 1 1 1 1 1 1 1 1 1 1 1 1 1 1 1 1 1 1 1 1 1 1 1 1 1 1 1 1 1 1 1 1 1 1 1 1 1 1 1 1 1 1 1 1 1 1 1 1 1 1 1 1 1 1 1 1 1 1 1 1 1 1 1 1 1 1 1 1 1 1 1 1 1 1 1 1 1 1 1 1 1 1 1 1 1 1 1 1 1 1 1 1 1 1 1 1 1 1 1 1 1 1 1 1 1 1 1 1 1 1 1 1 1 1 1 1 1 1 1 1 1 1 1 1 1 1 1 1 1 1 1 1 1 1 1 1 1 1 1 1 1 1 1 1 1 1 1 1 1 1 1 1 1 1 1 1 1 1 1 1 1 1 1 1 1 1 1 1 1 1 1 1 1 1 1 1 1 1 1 1 1 1 1 1 1 1 1 1 1 1 1 1 1 1 1 1 1 1 1 1</vcount>
                    <v>19 0 19 0 19 0 19 0 19 0 19 0 19 0 19 0 19 0 19 0 19 0 19 0 19 0 19 0 19 0 19 0 19 0 19 0 19 0 19 0 19 0 19 0 19 0 19 0 19 0 19 0 19 0 19 0 19 0 19 0 19 0 19 0 19 0 19 0 19 0 19 0 19 0 19 0 19 0 19 0 19 0 19 0 19 0 19 0 19 0 19 0 19 0 19 0 19 0 19 0 19 0 19 0 19 0 19 0 19 0 19 0 19 0 19 0 19 0 19 0 19 0 19 0 19 0 19 0 19 0 19 0 19 0 19 0 19 0 19 0 19 0 19 0 19 0 19 0 19 0 19 0 19 0 19 0 19 0 19 0 19 0 19 0 19 0 19 0 19 0 19 0 19 0 19 0 19 0 19 0 19 0 19 0 19 0 19 0 19 0 19 0 19 0 19 0 19 0 19 0 19 0 19 0 19 0 19 0 19 0 19 0 19 0 19 0 19 0 19 0 19 0 19 0 19 0 19 0 19 0 19 0 19 0 19 0 19 0 19 0 19 0 19 0 19 0 19 0 19 0 19 0 19 0 19 0 19 0 19 0 19 0 19 0 19 0 19 0 19 0 19 0 19 0 19 0 19 0 19 0 19 0 19 0 19 0 19 0 19 0 19 0 19 0 19 0 19 0 19 0 19 0 19 0 19 0 19 0 19 0 19 0 19 0 19 0 19 0 19 0 19 0 19 0 19 0 19 0 19 0 19 0 19 0 19 0 19 0 19 0 19 0 19 0 19 0 19 0 19 0 19 0 19 0 19 0 19 0 19 0 19 0 19 0 19 0 19 0 19 0 19 0 19 0 19 0 19 0 19 0 19 0 19 0 19 0 19 0 19 0 19 0 19 0 19 0 19 0 19 0 19 0 19 0 19 0 19 0 19 0 19 0 19 0 19 0 19 0 19 0 19 0 19 0 19 0 19 0 19 0 19 0 19 0 19 0 19 0 19 0 19 0 19 0 19 0 19 0 19 0 19 0 19 0 19 0 19 0 19 0 19 0 19 0 19 0 19 0 19 0 19 0 19 0 19 0 19 0 19 0 19 0 19 0 19 0 19 0 19 0 19 0 19 0 19 0 19 0 19 0 19 0 19 0 19 0 19 0 19 0 19 0 19 0 19 0 19 0 19 0 19 0 19 0 19 0 19 0 19 0 19 0 19 0 19 0 19 0 19 0 19 0 19 0 19 0 19 0 19 0 19 0 19 0 19 0 19 0 19 0 19 0 19 0 19 0 19 0 19 0 19 0 19 0 19 0 19 0 19 0 19 0 19 0 19 0 19 0 19 0 19 0 19 0 19 0 19 0 19 0 19 0 19 0 19 0 19 0 19 0 19 0 19 0 19 0 19 0 19 0 19 0 19 0 19 0 19 0 19 0 19 0 19 0 19 0 19 0 19 0 19 0 19 0 19 0 19 0 19 0 19 0 19 0 19 0 19 0 19 0 19 0 19 0 19 0 19 0 19 0 19 0 19 0 19 0 19 0 19 0 19 0 19 0 19 0 19 0 19 0 19 0 19 0 19 0 19 0 19 0 19 0 19 0 19 0 19 0 19 0 19 0 19 0 19 0 19 0 19 0 19 0 19 0 19 0 19 0 19 0 19 0 19 0 19 0 19 0 19 0 19 0 19 0 19 0 19 0 19 0 19 0 19 0 19 0 19 0 19 0 19 0 19 0 19 0 19 0 19 0 19 0 19 0 19 0 19 0 19 0 19 0 19 0 19 0 19 0 19 0 19 0 19 0 19 0 19 0 19 0 19 0 19 0 19 0 19 0 19 0 19 0 19 0 19 0 19 0 19 0 19 0 19 0 19 0 19 0 19 0 19 0 19 0 19 0 19 0 19 0 19 0 19 0 19 0 19 0 19 0 19 0 19 0 19 0 19 0 19 0 19 0 19 0 19 0 19 0 19 0 19 0 19 0 19 0 19 0 19 0 19 0 19 0 19 0 19 0 19 0 19 0 19 0 19 0 19 0 19 0 19 0 19 0 19 0 19 0 19 0 19 0 19 0 19 0 19 0 19 0 19 0 19 0 19 0 19 0 19 0 19 0 19 0 19 0 19 0 19 0</v>
                </vertex_weights>
            </skin>
        </controller>
        <controller id="controller8">
            <skin source="#mesh8">
                <bind_shape_matrix>1 0 0 0 0 1 0 0 0 0 1 0 0 0 0 1</bind_shape_matrix>
                <source id="joints8">
                    <Name_array id="JointArr8" count="35">jointnode-1 jointnode0 jointnode1 jointnode2 jointnode3 jointnode4 jointnode5 jointnode6 jointnode7 jointnode8 jointnode9 jointnode10 jointnode11 jointnode12 jointnode13 jointnode14 jointnode15 jointnode16 jointnode17 jointnode18 jointnode19 jointnode20 jointnode21 jointnode22 jointnode23 jointnode24 jointnode25 jointnode26 jointnode27 jointnode28 jointnode29 jointnode30 jointnode31 jointnode32 jointnode33</Name_array>
                    <technique_common>
                        <accessor source="#JointArr8" count="35">
                            <param name="JOINT" type="Name" />
                        </accessor>
                    </technique_common>
                </source>
                <source id="matrices8">
                    <float_array id="MatArr8" count="560">1 0 0 0 0 1 0 0 0 0 1 0 0 0 0 1 1 0 0 0 0 1 0 0 0 0 1 0 0 0 0 1 1 0 0 0 0 1 0 -125.14652252197266 0 0 1 0 0 0 0 1 1 0 0 0 0 1 0 0 0 0 1 -100 0 0 0 1 1 0 0 -100 0 1 0 0 0 0 1 0 0 0 0 1 1 0 0 100 0 1 0 0 0 0 1 0 0 0 0 1 1 0 0 0 0 1 0 -93 0 0 1 0 0 0 0 1 0.00004793836256601856 -0.9999999988509567 -4.386559881474326e-18 137.49999984200656 0.00004793836251091911 2.2980866055094973e-9 -0.9999999988509567 2.499999681140483 0.9999999977019134 0.00004793836251091911 0.00004793836256601856 -0.006711370751666425 0 0 0 1 0.00005977914990645416 -1.2499963891855828 0.0029961447445020534 139.842604523877 -0.0000480531290230205 0.0023969135332384717 0.9999971262440761 -0.26815321788404406 -0.9999999977019134 -0.000047938362510918826 -0.00004793836256589609 23.006711370751667 0 0 0 0.9999999999999999 0.0000747239362695943 -1.562495463198982 0.0037451808748200236 121.55261678912775 -0.00004805312902302051 0.0023969135332384726 0.9999971262440763 -1.406376269908886 -0.9999999977019136 -0.00004793836251091885 -0.00004793836256589611 23.006711370751667 0 0 0 1.0000000000000002 0.00007483890092293256 -1.562496719963759 0.0013482611704661014 78.45885878688625 -0.00004787388399924245 -0.0013482634685601407 1.0000032305287878 0.13238138555252843 -0.9999999977019135 -0.000047938362510918826 -0.000047938362565896096 23.00671137075167 0 0 0 1.0000000000000002 -0.00004787029628986681 -0.00142316700128074 1.0000032940131738 -21.114576476401865 -0.00007484119583254802 1.5624966535348395 -0.0013003226514846284 -63.45987105802692 -0.9999999977019135 -0.00004793836251091881 -0.00004793836256589611 21.13171232442599 0 0 0 1.0000000000000002 0.000059773390660987444 -1.2499960961801129 0.003115990290814301 139.84257174407125 -0.0000480577139455224 0.002492789971717479 0.9999968918394763 -0.27887933756356337 -0.9999999977019133 -0.000047938362510918806 -0.00004793836256589611 -22.993288629248333 0 0 0 0.9999999999999999 0.00007472249638965266 -1.5624953885113206 0.0037751422555853805 121.552681227219 -0.00004805198284770083 0.0023729444282688823 0.9999971859942618 -1.392146031221422 -0.9999999977019135 -0.00004793836251091882 -0.0000479383625658961 -22.993289629248334 0 0 0 1.0000000000000002 0.0000748374582998414 -1.5624965878243853 0.0013782223219480259 78.45884623889046 -0.00004787274127848633 -0.0013722323256558768 1.0000033620937097 0.13426163637655197 -0.9999999977019135 -0.00004793836251091882 -0.000047938362565896116 -22.993288629248337 0 0 0 1.0000000000000002 -0.000047869153638268976 -0.0014471358520143892 1.0000034270143838 -21.112696226181534 -0.00007483975315467835 1.5624965202464383 -0.0013302837966251188 -63.459858419895006 -0.9999999977019136 -0.00004793836251091881 -0.00004793836256589611 -21.118289582922657 0 0 0 1.0000000000000002 -0.000058713617795048536 0.965915484345868 0.25885763201729006 -143.11967803810631 -0.00003389519569432086 -0.2588576342370475 0.9659154849407453 35.76671231838945 0.9999999977019135 0.00004793836251091912 0.000047938362566018563 -0.006711370751666425 0 0 0 1 -0.00006370548882742022 0.42257722554517396 0.9063269191589503 -116.19191223827727 0.000023190168153741 -0.9063269201300692 0.42257722762799177 173.13238977585212 0.9999999977019134 0.00004793836251091912 0.000047938362566018563 -0.006711370751666426 0 0 0 1 -0.00004793606436923036 -0.000047940660597482686 0.9999999977019136 -39.40355764025924 0.00004794066059753818 -0.9999999977018035 -0.00004793836251077582 209.49347719587743 0.9999999977019134 0.00004793836251091912 0.00004793836256601857 -0.006711370751666425 0 0 0 1 -0.00004793606436923036 -0.000047940660597482686 0.9999999977019136 -39.40355764025924 0.00004794066059753818 -0.9999999977018035 -0.00004793836251077582 209.49347719587743 0.9999999977019134 0.00004793836251091912 0.00004793836256601857 -0.006711370751666425 0 0 0 1 -0.00006779508197298451 0.7070220298179067 0.7071915191488048 -218.01519126841586 8.125002052705607e-9 -0.7071915207736028 0.7070220314430941 141.7904625057773 0.9999999977019134 0.000047938362510919124 0.00004793836256601857 -0.0067143707517725365 0 0 0 1 0.9999999937382356 0.00009424276915255065 0.00006034757352756114 -12.515549502784342 -0.00006033853753039688 -0.00009587990486030716 0.9999999935831527 -12.483467005891493 0.00009424855466745052 -0.9999999909626723 -0.00009587421778905237 187.50021837966287 0 0 0 1 0.9999904261750173 0.0000938282239882645 0.004374786231528593 -47.525822031855874 0.004374777196284624 0.00009628561718526283 -0.9999904259809506 2.2784409400427292 -0.00009424855466744996 0.9999999909626722 0.00009587421778892991 -188.12521837966284 0 0 0 1 0.9999857721696648 0.00009373586538076876 0.005333542146341052 -88.0268516763412 0.005333533111287301 0.00009637553234538999 -0.9999857719669354 1.027748157438637 -0.00009424855466744996 0.9999999909626722 0.00009587421778892991 -188.12522737966313 0 0 0 1 0.9999999937382353 0.00009424276915255061 0.00006034757352756166 -128.5155489471808 -0.00007249666575798176 0.7692307931459514 0.000036873736291330664 -144.71162233301388 -0.00004641773676601565 -0.00003687811105831405 0.7692307951614961 -1.9169375423935475 0 0 0 1 0.9999999937382353 0.00009424276915255061 0.00006034757352756166 -128.5155489471808 -0.00007249666575798176 0.7692307931459514 0.000036873736291330664 -144.71162233301388 -0.00004641773676601565 -0.00003687811105831405 0.7692307951614961 -1.9169375423935475 0 0 0 1 -0.9999999993675048 -0.0000016339557591210803 -0.000035529151494309486 -12.502124853947798 -0.00003552899466944897 -0.00009587871553144504 0.9999999947724816 -12.483467172421195 -0.000001637362239988157 0.9999999954023013 0.00009587865741798285 -187.50021900129923 0 0 0 1 -0.9999999993675048 -0.0000016339557591210805 -0.00003552915149430949 -47.50212485394781 0.00003552899466944897 0.0000958787155315675 -0.9999999947724816 2.4834662187468526 0.0000016373622399881615 -0.9999999954023013 -0.00009587865741810531 188.1252200145782 0 0 0 1 -0.9999995738142501 -0.0000017258803666283716 0.0009232379646178906 -88.00352584704014 -0.0009232381258482362 0.00009587710488101992 -0.9999995692193793 1.4190569782819378 0.000001637362239988161 -0.9999999954023012 -0.00009587865741810531 188.12521801457817 0 0 0 1 -0.99999957381425 -0.0000017258803666283712 0.0009232379646178905 -128.50352584704012 -0.000001293554479846088 0.7692307965609475 0.00003687716703945549 -144.7116243771236 -0.0007101831385839245 0.000036875957064338 -0.7692304687279764 1.8523926814300622 0 0 0 0.9999999999999999 -0.99999957381425 -0.0000017258803666283712 0.0009232379646178905 -128.50352584704012 -0.000001293554479846088 0.7692307965609475 0.00003687716703945549 -144.7116243771236 -0.0007101831385839245 0.000036875957064338 -0.7692304687279764 1.8523926814300622 0 0 0 0.9999999999999999 -0.00006497993935398544 0.47609605501609975 0.8793932807201308 -119.11936308336595 0.000019333408579237113 -0.8793932818142407 0.4760960570370218 166.93468174770567 0.9999999977019134 0.00004793836251091911 0.000047938362566018563 -0.0067133707516613735 0 0 0 1 0.00004609846769127282 -0.9992902085644959 0.03767063766460643 159.9495393562524 0.00004971020501120493 -0.037670635368150955 -0.9992902084779256 48.7942628054608 0.9999999977019134 0.00004793836251091911 0.000047938362566018563 -0.006712370751663897 0 0 0 1 0.00005095541360545738 -0.9978817226805179 -0.06505432302090859 136.88854397071228 0.00004471821809996589 0.06505432531412722 -0.9978817228300183 35.721019584148294 0.9999999977019135 0.00004793836251091912 0.00004793836256601857 -0.006712370751663898 0 0 0 1 0.000048222476669046967 -0.999982331199505 -0.0059443219459814406 110.71939702179397 -0.0000476525544921875 -0.005944324244027465 0.9999823312131657 -41.631187516710916 -0.9999999977019137 -0.00004793836251091985 -0.00004793836256589611 0.0067123707516588 0 0 0 1</float_array>
                    <technique_common>
                        <accessor source="#MatArr8" count="35" stride="16">
                            <param type="float4x4" />
                        </accessor>
                    </technique_common>
                </source>
                <source id="weights8">
                    <float_array id="WeightArr8" count="4">1 0.75 0.25 0.5</float_array>
                    <technique_common>
                        <accessor source="#WeightArr8" count="1">
                            <param type="float" />
                        </accessor>
                    </technique_common>
                </source>
                <joints>
                    <input semantic="JOINT" source="#joints8" />
                    <input semantic="INV_BIND_MATRIX" source="#matrices8" />
                </joints>
                <vertex_weights count="327">
                    <input semantic="JOINT" offset="0" source="#joints8" />
                    <input semantic="WEIGHT" offset="1" source="#weights8" />
                    <vcount>1 1 1 1 1 1 1 1 1 1 1 1 1 1 1 1 1 1 1 1 1 1 1 1 1 1 1 1 1 1 1 1 1 1 1 1 1 1 1 1 1 1 1 1 1 1 1 1 1 1 1 1 1 1 1 1 1 1 1 1 1 1 1 1 1 1 1 1 1 1 1 1 1 1 1 1 1 1 1 1 1 1 1 1 1 1 1 1 1 1 1 1 1 1 1 1 1 1 1 1 1 1 1 1 1 1 1 1 1 1 1 1 1 1 1 1 1 1 1 1 1 1 1 1 1 1 1 1 1 1 1 1 1 1 1 1 1 1 1 1 1 1 1 1 1 1 1 1 1 1 1 1 1 1 1 1 1 1 1 1 1 1 1 1 1 1 1 1 1 1 1 1 1 1 1 1 1 1 1 1 1 1 1 1 1 1 1 1 1 1 1 1 1 1 1 1 1 1 1 1 1 1 1 1 1 1 1 1 1 1 1 1 1 1 1 1 1 1 1 1 1 1 1 1 1 1 1 1 1 1 1 1 1 1 1 1 1 1 1 1 1 1 1 1 1 1 1 1 1 1 1 1 1 1 1 1 1 1 1 1 1 1 1 1 1 1 1 1 1 1 1 1 1 1 1 1 1 1 1 1 1 1 1 1 1 1 1 1 1 1 1 1 1 1 1 1 1 1 1 1 1 1 1 1 1 1 1 1 1 1 1 1 1 1 1 1 1 1 1 1 1 1 1 1 1 1 1</vcount>
                    <v>25 0 25 0 25 0 25 0 25 0 25 0 25 0 25 0 25 0 25 0 25 0 25 0 25 0 25 0 25 0 25 0 25 0 25 0 25 0 25 0 25 0 25 0 25 0 25 0 25 0 25 0 25 0 25 0 25 0 25 0 25 0 25 0 25 0 25 0 25 0 25 0 25 0 25 0 25 0 25 0 25 0 25 0 25 0 25 0 25 0 25 0 25 0 25 0 25 0 25 0 25 0 25 0 25 0 25 0 25 0 25 0 25 0 25 0 25 0 25 0 25 0 25 0 25 0 25 0 25 0 25 0 25 0 25 0 25 0 25 0 25 0 25 0 25 0 25 0 25 0 25 0 25 0 25 0 25 0 25 0 25 0 25 0 25 0 25 0 25 0 25 0 25 0 25 0 25 0 25 0 25 0 25 0 25 0 25 0 25 0 25 0 25 0 25 0 25 0 25 0 25 0 25 0 25 0 25 0 25 0 25 0 25 0 25 0 25 0 25 0 25 0 25 0 25 0 25 0 25 0 25 0 25 0 25 0 25 0 25 0 25 0 25 0 25 0 25 0 25 0 25 0 25 0 25 0 25 0 25 0 25 0 25 0 25 0 25 0 25 0 25 0 25 0 25 0 25 0 25 0 25 0 25 0 25 0 25 0 25 0 25 0 25 0 25 0 25 0 25 0 25 0 25 0 25 0 25 0 25 0 25 0 25 0 25 0 25 0 25 0 25 0 25 0 25 0 25 0 25 0 25 0 25 0 25 0 25 0 25 0 25 0 25 0 25 0 25 0 25 0 25 0 25 0 25 0 25 0 25 0 25 0 25 0 25 0 25 0 25 0 25 0 25 0 25 0 25 0 25 0 25 0 25 0 25 0 25 0 25 0 25 0 25 0 25 0 25 0 25 0 25 0 25 0 25 0 25 0 25 0 25 0 25 0 25 0 25 0 25 0 25 0 25 0 25 0 25 0 25 0 25 0 25 0 25 0 25 0 25 0 25 0 25 0 25 0 25 0 25 0 25 0 25 0 25 0 25 0 25 0 25 0 25 0 25 0 25 0 25 0 25 0 25 0 25 0 25 0 25 0 25 0 25 0 25 0 25 0 25 0 25 0 25 0 25 0 25 0 25 0 25 0 25 0 25 0 25 0 25 0 25 0 25 0 25 0 25 0 25 0 25 0 25 0 25 0 25 0 25 0 25 0 25 0 25 0 25 0 25 0 25 0 25 0 25 0 25 0 25 0 25 0 25 0 25 0 25 0 25 0 25 0 25 0 25 0 25 0 25 0 25 0 25 0 25 0 25 0 25 0 25 0 25 0 25 0 25 0 25 0 25 0 25 0 25 0 25 0 25 0 25 0 25 0 25 0 25 0 25 0 25 0 25 0 25 0 25 0 25 0 25 0 25 0 25 0 25 0 25 0 25 0 25 0 25 0 25 0 25 0 25 0 25 0 25 0 25 0 25 0 25 0 25 0</v>
                </vertex_weights>
            </skin>
        </controller>
        <controller id="controller9">
            <skin source="#mesh9">
                <bind_shape_matrix>1 0 0 0 0 1 0 0 0 0 1 0 0 0 0 1</bind_shape_matrix>
                <source id="joints9">
                    <Name_array id="JointArr9" count="35">jointnode-1 jointnode0 jointnode1 jointnode2 jointnode3 jointnode4 jointnode5 jointnode6 jointnode7 jointnode8 jointnode9 jointnode10 jointnode11 jointnode12 jointnode13 jointnode14 jointnode15 jointnode16 jointnode17 jointnode18 jointnode19 jointnode20 jointnode21 jointnode22 jointnode23 jointnode24 jointnode25 jointnode26 jointnode27 jointnode28 jointnode29 jointnode30 jointnode31 jointnode32 jointnode33</Name_array>
                    <technique_common>
                        <accessor source="#JointArr9" count="35">
                            <param name="JOINT" type="Name" />
                        </accessor>
                    </technique_common>
                </source>
                <source id="matrices9">
                    <float_array id="MatArr9" count="560">1 0 0 0 0 1 0 0 0 0 1 0 0 0 0 1 1 0 0 0 0 1 0 0 0 0 1 0 0 0 0 1 1 0 0 0 0 1 0 -125.14652252197266 0 0 1 0 0 0 0 1 1 0 0 0 0 1 0 0 0 0 1 -100 0 0 0 1 1 0 0 -100 0 1 0 0 0 0 1 0 0 0 0 1 1 0 0 100 0 1 0 0 0 0 1 0 0 0 0 1 1 0 0 0 0 1 0 -93 0 0 1 0 0 0 0 1 0.00004793836256601856 -0.9999999988509567 -4.386559881474326e-18 137.49999984200656 0.00004793836251091911 2.2980866055094973e-9 -0.9999999988509567 2.499999681140483 0.9999999977019134 0.00004793836251091911 0.00004793836256601856 -0.006711370751666425 0 0 0 1 0.00005977914990645416 -1.2499963891855828 0.0029961447445020534 139.842604523877 -0.0000480531290230205 0.0023969135332384717 0.9999971262440761 -0.26815321788404406 -0.9999999977019134 -0.000047938362510918826 -0.00004793836256589609 23.006711370751667 0 0 0 0.9999999999999999 0.0000747239362695943 -1.562495463198982 0.0037451808748200236 121.55261678912775 -0.00004805312902302051 0.0023969135332384726 0.9999971262440763 -1.406376269908886 -0.9999999977019136 -0.00004793836251091885 -0.00004793836256589611 23.006711370751667 0 0 0 1.0000000000000002 0.00007483890092293256 -1.562496719963759 0.0013482611704661014 78.45885878688625 -0.00004787388399924245 -0.0013482634685601407 1.0000032305287878 0.13238138555252843 -0.9999999977019135 -0.000047938362510918826 -0.000047938362565896096 23.00671137075167 0 0 0 1.0000000000000002 -0.00004787029628986681 -0.00142316700128074 1.0000032940131738 -21.114576476401865 -0.00007484119583254802 1.5624966535348395 -0.0013003226514846284 -63.45987105802692 -0.9999999977019135 -0.00004793836251091881 -0.00004793836256589611 21.13171232442599 0 0 0 1.0000000000000002 0.000059773390660987444 -1.2499960961801129 0.003115990290814301 139.84257174407125 -0.0000480577139455224 0.002492789971717479 0.9999968918394763 -0.27887933756356337 -0.9999999977019133 -0.000047938362510918806 -0.00004793836256589611 -22.993288629248333 0 0 0 0.9999999999999999 0.00007472249638965266 -1.5624953885113206 0.0037751422555853805 121.552681227219 -0.00004805198284770083 0.0023729444282688823 0.9999971859942618 -1.392146031221422 -0.9999999977019135 -0.00004793836251091882 -0.0000479383625658961 -22.993289629248334 0 0 0 1.0000000000000002 0.0000748374582998414 -1.5624965878243853 0.0013782223219480259 78.45884623889046 -0.00004787274127848633 -0.0013722323256558768 1.0000033620937097 0.13426163637655197 -0.9999999977019135 -0.00004793836251091882 -0.000047938362565896116 -22.993288629248337 0 0 0 1.0000000000000002 -0.000047869153638268976 -0.0014471358520143892 1.0000034270143838 -21.112696226181534 -0.00007483975315467835 1.5624965202464383 -0.0013302837966251188 -63.459858419895006 -0.9999999977019136 -0.00004793836251091881 -0.00004793836256589611 -21.118289582922657 0 0 0 1.0000000000000002 -0.000058713617795048536 0.965915484345868 0.25885763201729006 -143.11967803810631 -0.00003389519569432086 -0.2588576342370475 0.9659154849407453 35.76671231838945 0.9999999977019135 0.00004793836251091912 0.000047938362566018563 -0.006711370751666425 0 0 0 1 -0.00006370548882742022 0.42257722554517396 0.9063269191589503 -116.19191223827727 0.000023190168153741 -0.9063269201300692 0.42257722762799177 173.13238977585212 0.9999999977019134 0.00004793836251091912 0.000047938362566018563 -0.006711370751666426 0 0 0 1 -0.00004793606436923036 -0.000047940660597482686 0.9999999977019136 -39.40355764025924 0.00004794066059753818 -0.9999999977018035 -0.00004793836251077582 209.49347719587743 0.9999999977019134 0.00004793836251091912 0.00004793836256601857 -0.006711370751666425 0 0 0 1 -0.00004793606436923036 -0.000047940660597482686 0.9999999977019136 -39.40355764025924 0.00004794066059753818 -0.9999999977018035 -0.00004793836251077582 209.49347719587743 0.9999999977019134 0.00004793836251091912 0.00004793836256601857 -0.006711370751666425 0 0 0 1 -0.00006779508197298451 0.7070220298179067 0.7071915191488048 -218.01519126841586 8.125002052705607e-9 -0.7071915207736028 0.7070220314430941 141.7904625057773 0.9999999977019134 0.000047938362510919124 0.00004793836256601857 -0.0067143707517725365 0 0 0 1 0.9999999937382356 0.00009424276915255065 0.00006034757352756114 -12.515549502784342 -0.00006033853753039688 -0.00009587990486030716 0.9999999935831527 -12.483467005891493 0.00009424855466745052 -0.9999999909626723 -0.00009587421778905237 187.50021837966287 0 0 0 1 0.9999904261750173 0.0000938282239882645 0.004374786231528593 -47.525822031855874 0.004374777196284624 0.00009628561718526283 -0.9999904259809506 2.2784409400427292 -0.00009424855466744996 0.9999999909626722 0.00009587421778892991 -188.12521837966284 0 0 0 1 0.9999857721696648 0.00009373586538076876 0.005333542146341052 -88.0268516763412 0.005333533111287301 0.00009637553234538999 -0.9999857719669354 1.027748157438637 -0.00009424855466744996 0.9999999909626722 0.00009587421778892991 -188.12522737966313 0 0 0 1 0.9999999937382353 0.00009424276915255061 0.00006034757352756166 -128.5155489471808 -0.00007249666575798176 0.7692307931459514 0.000036873736291330664 -144.71162233301388 -0.00004641773676601565 -0.00003687811105831405 0.7692307951614961 -1.9169375423935475 0 0 0 1 0.9999999937382353 0.00009424276915255061 0.00006034757352756166 -128.5155489471808 -0.00007249666575798176 0.7692307931459514 0.000036873736291330664 -144.71162233301388 -0.00004641773676601565 -0.00003687811105831405 0.7692307951614961 -1.9169375423935475 0 0 0 1 -0.9999999993675048 -0.0000016339557591210803 -0.000035529151494309486 -12.502124853947798 -0.00003552899466944897 -0.00009587871553144504 0.9999999947724816 -12.483467172421195 -0.000001637362239988157 0.9999999954023013 0.00009587865741798285 -187.50021900129923 0 0 0 1 -0.9999999993675048 -0.0000016339557591210805 -0.00003552915149430949 -47.50212485394781 0.00003552899466944897 0.0000958787155315675 -0.9999999947724816 2.4834662187468526 0.0000016373622399881615 -0.9999999954023013 -0.00009587865741810531 188.1252200145782 0 0 0 1 -0.9999995738142501 -0.0000017258803666283716 0.0009232379646178906 -88.00352584704014 -0.0009232381258482362 0.00009587710488101992 -0.9999995692193793 1.4190569782819378 0.000001637362239988161 -0.9999999954023012 -0.00009587865741810531 188.12521801457817 0 0 0 1 -0.99999957381425 -0.0000017258803666283712 0.0009232379646178905 -128.50352584704012 -0.000001293554479846088 0.7692307965609475 0.00003687716703945549 -144.7116243771236 -0.0007101831385839245 0.000036875957064338 -0.7692304687279764 1.8523926814300622 0 0 0 0.9999999999999999 -0.99999957381425 -0.0000017258803666283712 0.0009232379646178905 -128.50352584704012 -0.000001293554479846088 0.7692307965609475 0.00003687716703945549 -144.7116243771236 -0.0007101831385839245 0.000036875957064338 -0.7692304687279764 1.8523926814300622 0 0 0 0.9999999999999999 -0.00006497993935398544 0.47609605501609975 0.8793932807201308 -119.11936308336595 0.000019333408579237113 -0.8793932818142407 0.4760960570370218 166.93468174770567 0.9999999977019134 0.00004793836251091911 0.000047938362566018563 -0.0067133707516613735 0 0 0 1 0.00004609846769127282 -0.9992902085644959 0.03767063766460643 159.9495393562524 0.00004971020501120493 -0.037670635368150955 -0.9992902084779256 48.7942628054608 0.9999999977019134 0.00004793836251091911 0.000047938362566018563 -0.006712370751663897 0 0 0 1 0.00005095541360545738 -0.9978817226805179 -0.06505432302090859 136.88854397071228 0.00004471821809996589 0.06505432531412722 -0.9978817228300183 35.721019584148294 0.9999999977019135 0.00004793836251091912 0.00004793836256601857 -0.006712370751663898 0 0 0 1 0.000048222476669046967 -0.999982331199505 -0.0059443219459814406 110.71939702179397 -0.0000476525544921875 -0.005944324244027465 0.9999823312131657 -41.631187516710916 -0.9999999977019137 -0.00004793836251091985 -0.00004793836256589611 0.0067123707516588 0 0 0 1</float_array>
                    <technique_common>
                        <accessor source="#MatArr9" count="35" stride="16">
                            <param type="float4x4" />
                        </accessor>
                    </technique_common>
                </source>
                <source id="weights9">
                    <float_array id="WeightArr9" count="4">1 0.75 0.25 0.5</float_array>
                    <technique_common>
                        <accessor source="#WeightArr9" count="1">
                            <param type="float" />
                        </accessor>
                    </technique_common>
                </source>
                <joints>
                    <input semantic="JOINT" source="#joints9" />
                    <input semantic="INV_BIND_MATRIX" source="#matrices9" />
                </joints>
                <vertex_weights count="327">
                    <input semantic="JOINT" offset="0" source="#joints9" />
                    <input semantic="WEIGHT" offset="1" source="#weights9" />
                    <vcount>1 1 1 1 1 1 1 1 1 1 1 1 1 1 1 1 1 1 1 1 1 1 1 1 1 1 1 1 1 1 1 1 1 1 1 1 1 1 1 1 1 1 1 1 1 1 1 1 1 1 1 1 1 1 1 1 1 1 1 1 1 1 1 1 1 1 1 1 1 1 1 1 1 1 1 1 1 1 1 1 1 1 1 1 1 1 1 1 1 1 1 1 1 1 1 1 1 1 1 1 1 1 1 1 1 1 1 1 1 1 1 1 1 1 1 1 1 1 1 1 1 1 1 1 1 1 1 1 1 1 1 1 1 1 1 1 1 1 1 1 1 1 1 1 1 1 1 1 1 1 1 1 1 1 1 1 1 1 1 1 1 1 1 1 1 1 1 1 1 1 1 1 1 1 1 1 1 1 1 1 1 1 1 1 1 1 1 1 1 1 1 1 1 1 1 1 1 1 1 1 1 1 1 1 1 1 1 1 1 1 1 1 1 1 1 1 1 1 1 1 1 1 1 1 1 1 1 1 1 1 1 1 1 1 1 1 1 1 1 1 1 1 1 1 1 1 1 1 1 1 1 1 1 1 1 1 1 1 1 1 1 1 1 1 1 1 1 1 1 1 1 1 1 1 1 1 1 1 1 1 1 1 1 1 1 1 1 1 1 1 1 1 1 1 1 1 1 1 1 1 1 1 1 1 1 1 1 1 1 1 1 1 1 1 1 1 1 1 1 1 1 1 1 1 1 1 1</vcount>
                    <v>30 0 30 0 30 0 30 0 30 0 30 0 30 0 30 0 30 0 30 0 30 0 30 0 30 0 30 0 30 0 30 0 30 0 30 0 30 0 30 0 30 0 30 0 30 0 30 0 30 0 30 0 30 0 30 0 30 0 30 0 30 0 30 0 30 0 30 0 30 0 30 0 30 0 30 0 30 0 30 0 30 0 30 0 30 0 30 0 30 0 30 0 30 0 30 0 30 0 30 0 30 0 30 0 30 0 30 0 30 0 30 0 30 0 30 0 30 0 30 0 30 0 30 0 30 0 30 0 30 0 30 0 30 0 30 0 30 0 30 0 30 0 30 0 30 0 30 0 30 0 30 0 30 0 30 0 30 0 30 0 30 0 30 0 30 0 30 0 30 0 30 0 30 0 30 0 30 0 30 0 30 0 30 0 30 0 30 0 30 0 30 0 30 0 30 0 30 0 30 0 30 0 30 0 30 0 30 0 30 0 30 0 30 0 30 0 30 0 30 0 30 0 30 0 30 0 30 0 30 0 30 0 30 0 30 0 30 0 30 0 30 0 30 0 30 0 30 0 30 0 30 0 30 0 30 0 30 0 30 0 30 0 30 0 30 0 30 0 30 0 30 0 30 0 30 0 30 0 30 0 30 0 30 0 30 0 30 0 30 0 30 0 30 0 30 0 30 0 30 0 30 0 30 0 30 0 30 0 30 0 30 0 30 0 30 0 30 0 30 0 30 0 30 0 30 0 30 0 30 0 30 0 30 0 30 0 30 0 30 0 30 0 30 0 30 0 30 0 30 0 30 0 30 0 30 0 30 0 30 0 30 0 30 0 30 0 30 0 30 0 30 0 30 0 30 0 30 0 30 0 30 0 30 0 30 0 30 0 30 0 30 0 30 0 30 0 30 0 30 0 30 0 30 0 30 0 30 0 30 0 30 0 30 0 30 0 30 0 30 0 30 0 30 0 30 0 30 0 30 0 30 0 30 0 30 0 30 0 30 0 30 0 30 0 30 0 30 0 30 0 30 0 30 0 30 0 30 0 30 0 30 0 30 0 30 0 30 0 30 0 30 0 30 0 30 0 30 0 30 0 30 0 30 0 30 0 30 0 30 0 30 0 30 0 30 0 30 0 30 0 30 0 30 0 30 0 30 0 30 0 30 0 30 0 30 0 30 0 30 0 30 0 30 0 30 0 30 0 30 0 30 0 30 0 30 0 30 0 30 0 30 0 30 0 30 0 30 0 30 0 30 0 30 0 30 0 30 0 30 0 30 0 30 0 30 0 30 0 30 0 30 0 30 0 30 0 30 0 30 0 30 0 30 0 30 0 30 0 30 0 30 0 30 0 30 0 30 0 30 0 30 0 30 0 30 0 30 0 30 0 30 0 30 0 30 0 30 0 30 0 30 0 30 0 30 0 30 0 30 0 30 0 30 0 30 0 30 0 30 0 30 0 30 0 30 0 30 0 30 0 30 0 30 0</v>
                </vertex_weights>
            </skin>
        </controller>
    </library_controllers>
    <library_visual_scenes>
        <visual_scene id="VisualSceneNode">
            <node id="node0" name="m0" type="NODE">
                <instance_controller url="#controller0">
                    <skeleton>#jointnode-1</skeleton>
                    <bind_material>
                        <technique_common>
                            <instance_material symbol="Material1" target="#mat6">
                                <bind_vertex_input semantic="UVSET0" input_semantic="TEXCOORD" input_set="0"></bind_vertex_input>
                            </instance_material>
                        </technique_common>
                    </bind_material>
                </instance_controller>
            </node>
            <node id="node1" name="m1" type="NODE">
                <instance_controller url="#controller1">
                    <skeleton>#jointnode-1</skeleton>
                    <bind_material>
                        <technique_common>
                            <instance_material symbol="Material1" target="#mat0">
                                <bind_vertex_input semantic="UVSET0" input_semantic="TEXCOORD" input_set="0"></bind_vertex_input>
                            </instance_material>
                        </technique_common>
                    </bind_material>
                </instance_controller>
            </node>
            <node id="node2" name="m2" type="NODE">
                <instance_controller url="#controller2">
                    <skeleton>#jointnode-1</skeleton>
                    <bind_material>
                        <technique_common>
                            <instance_material symbol="Material1" target="#mat1">
                                <bind_vertex_input semantic="UVSET0" input_semantic="TEXCOORD" input_set="0"></bind_vertex_input>
                            </instance_material>
                        </technique_common>
                    </bind_material>
                </instance_controller>
            </node>
            <node id="node3" name="m3" type="NODE">
                <instance_controller url="#controller3">
                    <skeleton>#jointnode-1</skeleton>
                    <bind_material>
                        <technique_common>
                            <instance_material symbol="Material1" target="#mat5">
                                <bind_vertex_input semantic="UVSET0" input_semantic="TEXCOORD" input_set="0"></bind_vertex_input>
                            </instance_material>
                        </technique_common>
                    </bind_material>
                </instance_controller>
            </node>
            <node id="node4" name="m4" type="NODE">
                <instance_controller url="#controller4">
                    <skeleton>#jointnode-1</skeleton>
                    <bind_material>
                        <technique_common>
                            <instance_material symbol="Material1" target="#mat4">
                                <bind_vertex_input semantic="UVSET0" input_semantic="TEXCOORD" input_set="0"></bind_vertex_input>
                            </instance_material>
                        </technique_common>
                    </bind_material>
                </instance_controller>
            </node>
            <node id="node5" name="m5" type="NODE">
                <instance_controller url="#controller5">
                    <skeleton>#jointnode-1</skeleton>
                    <bind_material>
                        <technique_common>
                            <instance_material symbol="Material1" target="#mat2">
                                <bind_vertex_input semantic="UVSET0" input_semantic="TEXCOORD" input_set="0"></bind_vertex_input>
                            </instance_material>
                        </technique_common>
                    </bind_material>
                </instance_controller>
            </node>
            <node id="node6" name="m6" type="NODE">
                <instance_controller url="#controller6">
                    <skeleton>#jointnode-1</skeleton>
                    <bind_material>
                        <technique_common>
                            <instance_material symbol="Material1" target="#mat3">
                                <bind_vertex_input semantic="UVSET0" input_semantic="TEXCOORD" input_set="0"></bind_vertex_input>
                            </instance_material>
                        </technique_common>
                    </bind_material>
                </instance_controller>
            </node>
            <node id="node7" name="m7" type="NODE">
                <instance_controller url="#controller7">
                    <skeleton>#jointnode-1</skeleton>
                    <bind_material>
                        <technique_common>
                            <instance_material symbol="Material1" target="#mat7">
                                <bind_vertex_input semantic="UVSET0" input_semantic="TEXCOORD" input_set="0"></bind_vertex_input>
                            </instance_material>
                        </technique_common>
                    </bind_material>
                </instance_controller>
            </node>
            <node id="node8" name="m8" type="NODE">
                <instance_controller url="#controller8">
                    <skeleton>#jointnode-1</skeleton>
                    <bind_material>
                        <technique_common>
                            <instance_material symbol="Material1" target="#mat8">
                                <bind_vertex_input semantic="UVSET0" input_semantic="TEXCOORD" input_set="0"></bind_vertex_input>
                            </instance_material>
                        </technique_common>
                    </bind_material>
                </instance_controller>
            </node>
            <node id="node9" name="m9" type="NODE">
                <instance_controller url="#controller9">
                    <skeleton>#jointnode-1</skeleton>
                    <bind_material>
                        <technique_common>
                            <instance_material symbol="Material1" target="#mat9">
                                <bind_vertex_input semantic="UVSET0" input_semantic="TEXCOORD" input_set="0"></bind_vertex_input>
                            </instance_material>
                        </technique_common>
                    </bind_material>
                </instance_controller>
            </node>
            <node id="jointnode-1" name="root" sid="jointnode-1" type="JOINT">
                <node id="jointnode0" name="world_root" sid="jointnode0" type="JOINT">
                    <node id="jointnode1" name="ColPos" sid="jointnode1" type="JOINT">
                        <translate>0 125.14652252197266 0</translate>
                    </node>
                    <node id="jointnode2" name="FaceVisiblity" sid="jointnode2" type="JOINT">
                        <translate>0 0 100</translate>
                    </node>
                    <node id="jointnode3" name="LHandVisiblity" sid="jointnode3" type="JOINT">
                        <translate>100 0 0</translate>
                    </node>
                    <node id="jointnode4" name="RHandVisiblity" sid="jointnode4" type="JOINT">
                        <translate>-100 0 0</translate>
                    </node>
                    <node id="jointnode5" name="RotCenter" sid="jointnode5" type="JOINT">
                        <translate>0 93 0</translate>
                    </node>
                    <node id="jointnode6" name="hip" sid="jointnode6" type="JOINT">
                        <translate>0 137.5 2.5</translate>
                        <rotate>0 0 1 -89.99725333414716</rotate>
                        <rotate>1 0 0 -89.99725333414716</rotate>
                        <node id="jointnode7" name="legL1" sid="jointnode7" type="JOINT">
                            <translate>25.625593185424805 2.5 23</translate>
                            <rotate>0 0 1 -0.13733329264198738</rotate>
                            <rotate>1 0 0 180</rotate>
                            <scale>0.800000011920929 1 1</scale>
                            <node id="jointnode8" name="legL2" sid="jointnode8" type="JOINT">
                                <translate>42.60050964355469 1.1382230520248413 0</translate>
                                <scale>0.800000011920929 1 1</scale>
                                <node id="jointnode9" name="footL" sid="jointnode9" type="JOINT">
                                    <translate>43.093666076660156 -1.3506979942321777 0</translate>
                                    <rotate>0 0 1 -0.13733329264198738</rotate>
                                    <node id="jointnode10" name="toeL" sid="jointnode10" type="JOINT">
                                        <translate>15 21.25 1.8749990463256836</translate>
                                        <rotate>0 0 1 89.99725333414716</rotate>
                                    </node>
                                </node>
                            </node>
                        </node>
                        <node id="jointnode11" name="legR1" sid="jointnode11" type="JOINT">
                            <translate>25.625593185424805 2.5 -23</translate>
                            <rotate>0 0 1 -0.14282662434766685</rotate>
                            <rotate>1 0 0 180</rotate>
                            <scale>0.800000011920929 1 1</scale>
                            <node id="jointnode12" name="legR2" sid="jointnode12" type="JOINT">
                                <translate>42.60055923461914 1.1225899457931519 9.999999974752427e-7</translate>
                                <rotate>0 0 1 -0.005493331705679495</rotate>
                                <scale>0.800000011920929 1 1</scale>
                                <node id="jointnode13" name="footR" sid="jointnode13" type="JOINT">
                                    <translate>43.0937385559082 -1.3383480310440063 -9.999999974752427e-7</translate>
                                    <rotate>0 0 1 -0.13733329264198738</rotate>
                                    <node id="jointnode14" name="toeR" sid="jointnode14" type="JOINT">
                                        <translate>15 21.25 -1.8749990463256836</translate>
                                        <rotate>0 0 1 89.99725333414716</rotate>
                                    </node>
                                </node>
                            </node>
                        </node>
                        <node id="jointnode15" name="spin" sid="jointnode15" type="JOINT">
                            <translate>-10 0 0</translate>
                            <rotate>0 0 1 -164.9977111117893</rotate>
                            <node id="jointnode16" name="neck" sid="jointnode16" type="JOINT">
                                <translate>64.19426727294922 13.488630294799805 0</translate>
                                <rotate>0 0 1 50.00030518509476</rotate>
                                <node id="jointnode17" name="head" sid="jointnode17" type="JOINT">
                                    <translate>8.056069374084473 -0.08018600195646286 0</translate>
                                    <rotate>0 0 1 25.00015259254738</rotate>
                                    <node id="jointnode18" name="Face00" sid="jointnode18" type="JOINT">
                                    </node>
                                    <node id="jointnode19" name="hair1" sid="jointnode19" type="JOINT">
                                        <translate>14.51375961303711 -44.92366409301758 0.000003000000106112566</translate>
                                        <rotate>0 0 1 -44.99588000122074</rotate>
                                    </node>
                                </node>
                            </node>
                            <node id="jointnode20" name="shoulderL" sid="jointnode20" type="JOINT">
                                <translate>41.225223541259766 -0.6935020089149475 12.500000953674316</translate>
                                <rotate>0 1 0 -89.99725333414716</rotate>
                                <rotate>1 0 0 -14.99679555650502</rotate>
                                <node id="jointnode21" name="armL1" sid="jointnode21" type="JOINT">
                                    <translate>35 -10 -0.625</translate>
                                    <rotate>0 0 1 0.24719992675557725</rotate>
                                    <rotate>1 0 0 180</rotate>
                                    <node id="jointnode22" name="armL2" sid="jointnode22" type="JOINT">
                                        <translate>40.500003814697266 1.1662960052490234 0.000009000000318337698</translate>
                                        <rotate>0 0 1 -0.054933317056794946</rotate>
                                        <node id="jointnode23" name="wristL" sid="jointnode23" type="JOINT">
                                            <translate>40.500003814697266 -0.7775300145149231 -0.000006000000212225132</translate>
                                            <rotate>0 0 1 0.3021332438123722</rotate>
                                            <rotate>1 0 0 89.99725333414716</rotate>
                                            <scale>1 1.2999999523162842 1.2999999523162842</scale>
                                            <node id="jointnode24" name="LHand00" sid="jointnode24" type="JOINT">
                                            </node>
                                        </node>
                                    </node>
                                </node>
                            </node>
                            <node id="jointnode25" name="shoulderR" sid="jointnode25" type="JOINT">
                                <translate>41.225223541259766 -0.6935020089149475 -12.499999046325684</translate>
                                <rotate>0 1 0 89.99725333414716</rotate>
                                <rotate>1 0 0 14.99679555650502</rotate>
                                <node id="jointnode26" name="armR1" sid="jointnode26" type="JOINT">
                                    <translate>35 -10.000000953674316 0.6250010132789612</translate>
                                    <rotate>1 0 0 180</rotate>
                                    <node id="jointnode27" name="armR2" sid="jointnode27" type="JOINT">
                                        <translate>40.5 0.9800350069999695 0.0000019999999949504854</translate>
                                        <rotate>0 0 1 -0.054933317056794946</rotate>
                                        <node id="jointnode28" name="wristR" sid="jointnode28" type="JOINT">
                                            <translate>40.5 -0.9800350069999695 -0.0000019999999949504854</translate>
                                            <rotate>1 0 0 -89.99725333414716</rotate>
                                            <scale>1 1.2999999523162842 1.2999999523162842</scale>
                                            <node id="jointnode29" name="RHand00" sid="jointnode29" type="JOINT">
                                            </node>
                                        </node>
                                    </node>
                                </node>
                            </node>
                            <node id="jointnode30" name="tie1" sid="jointnode30" type="JOINT">
                                <translate>60 7.5 0.0000019999999949504854</translate>
                                <rotate>0 0 1 46.566972869045074</rotate>
                                <node id="jointnode31" name="tie2" sid="jointnode31" type="JOINT">
                                    <translate>-4.56675910949707 45.10514450073242 -9.999999974752427e-7</translate>
                                    <rotate>0 0 1 116.27185888241218</rotate>
                                    <node id="jointnode32" name="tie3" sid="jointnode32" type="JOINT">
                                        <translate>27.44832420349121 -0.7828760147094727 0</translate>
                                        <rotate>0 0 1 5.888851588488418</rotate>
                                        <node id="jointnode33" name="tie4" sid="jointnode33" type="JOINT">
                                            <translate>23.901521682739258 0.7085440158843994 0</translate>
                                            <rotate>0 0 1 -3.389385662404248</rotate>
                                            <rotate>1 0 0 180</rotate>
                                        </node>
                                    </node>
                                </node>
                            </node>
                        </node>
                    </node>
                </node>
            </node>
        </visual_scene>
    </library_visual_scenes>
    <scene>
        <instance_visual_scene url="#VisualSceneNode"></instance_visual_scene>
    </scene>
</COLLADA>
