<?xml version="1.0"?>
<COLLADA xmlns="http://www.collada.org/2005/11/COLLADASchema" version="1.4.1">
    <asset>
        <contributor>
            <authoring_tool>J3D Ripoff Exporter</authoring_tool>
        </contributor>
        <created>2024-08-02T13:55:25.778Z</created>
        <modified>2024-08-02T13:55:25.778Z</modified>
		<unit meter="0.01" name="centimeter" ></unit>
        <up_axis>Y_UP</up_axis>
    </asset>
    <library_images>
    </library_images>
    <library_effects>
        <effect id="effect0">
            <profile_COMMON>
                <technique sid="COMMON">
                    <blinn>
                        <diffuse>
                            <color>1 1 1 1</color>
                        </diffuse>
                    </blinn>
                </technique>
            </profile_COMMON>
        </effect>
        <effect id="effect1">
            <profile_COMMON>
                <technique sid="COMMON">
                    <blinn>
                        <diffuse>
                            <color>1 1 1 1</color>
                        </diffuse>
                    </blinn>
                </technique>
            </profile_COMMON>
        </effect>
        <effect id="effect2">
            <profile_COMMON>
                <technique sid="COMMON">
                    <blinn>
                        <diffuse>
                            <color>1 1 1 1</color>
                        </diffuse>
                    </blinn>
                </technique>
            </profile_COMMON>
        </effect>
        <effect id="effect3">
            <profile_COMMON>
                <technique sid="COMMON">
                    <blinn>
                        <diffuse>
                            <color>1 1 1 1</color>
                        </diffuse>
                    </blinn>
                </technique>
            </profile_COMMON>
        </effect>
    </library_effects>
    <library_materials>
        <material id="mat0" name="Shadow">
            <instance_effect url="#effect0"></instance_effect>
        </material>
        <material id="mat1" name="lambert1">
            <instance_effect url="#effect1"></instance_effect>
        </material>
        <material id="mat2" name="lambert1(2)">
            <instance_effect url="#effect2"></instance_effect>
        </material>
        <material id="mat3" name="lambert1(3)">
            <instance_effect url="#effect3"></instance_effect>
        </material>
    </library_materials>
    <library_geometries>
        <geometry id="mesh0">
            <mesh>
                <source id="points0">
                    <float_array id="pointarray0" count="1410">-122.77655743238698 189.23644841968908 19.302369182602096 -130.76810941280863 189.23810049104532 1.4148794550487422 -122.77639189920512 201.88929472572147 14.061394799737668 -122.77595122868568 207.1287882930522 1.4173658552106214 -105.92830438498677 212.86709704499427 1.418514616843987 -105.9276994673458 205.94682392551556 -15.28918020590151 -92.5683753132442 204.4467019429665 -13.788849384470677 -92.56812655340201 189.24027487369696 -20.09108863127279 -79.20882676798796 189.24009575069337 -17.973860237888193 -79.2090061181995 175.53252000257203 -12.295486979332301 -67.14636790704326 171.81024002825242 -16.014165312785853 -67.14697534660887 164.58981892539245 1.4148299720418982 -47.842289835166376 165.7968817128482 1.415631579744342 -47.842889938173556 172.6585738164882 17.990508285294034 -35.27635368993797 176.49489961656394 14.1553850636353 -35.276562045836656 189.232674823057 19.43395011535195 -25.529815938343685 181.7305118472282 1.41795201551365 -25.623588803792227 195.6953553798387 1.4192876151255007 -35.27528189174748 189.236129453026 -16.597299696294016 -35.27549024764617 201.97390465951904 -11.318734644577367 -47.84176648991016 205.8140956436731 -15.154750439212869 -47.842366599313266 212.67969399729515 1.4201266408628286 -67.14314981345301 213.8866937051229 1.4195566290175559 -67.14766350301613 206.6662725958803 18.84855177505955 -80.83502514318398 202.94785717170814 15.125052690501455 -80.83520448699956 189.23637517360478 20.803425574531342 -93.38215471601428 189.23614963776137 22.920601026447056 -93.38190609495723 174.0297221939656 16.622268029624525 -105.92910506840698 189.23592576897843 25.04124898553635 -105.92883179208083 172.53346450625844 18.117772548520893 -122.77635047905723 176.5924198420289 14.058969369325796 -122.77979889821151 171.35144470116302 1.4139354327401397 -122.77545184530534 176.59484489938464 -11.233999248454733 -122.7752862993316 189.23987870545295 -16.474974380371172 -105.92764476281752 172.5366678291254 -15.292383526826889 -105.92742618462373 189.24045641281353 -22.212657017442975 -92.5683255144067 174.03263958280124 -13.7917654439498 122.77109103789743 207.14056948589723 1.429097952505529 130.76325314858494 189.25063990769067 1.426951089814042 122.77055001741874 201.90107588445414 14.073301260112569 122.77112646288126 189.24822959327662 19.31434697957833 105.92015646792323 205.95378614107852 18.132314962067706 105.9199896158832 189.24609161454595 25.048771016768004 93.13513639256414 204.45272478153186 16.6342721543771 93.13814079177294 189.24509009968406 22.929787107346502 80.35540306099072 202.95165513023676 15.134039143904223 80.35528483713128 189.2440793309943 20.812460649620906 67.1394347857298 206.67270918346625 18.853959875844843 67.1407471546757 189.2384234613523 26.07110604330053 47.83449013625805 205.8155032210452 17.995976793265278 47.837259886118744 189.23672009161237 24.861645843984295 35.2694833704202 201.97484303609076 14.159351155931688 35.27103400753597 189.23605596800968 19.435525641843576 25.618675848038773 195.6978109253182 1.421092179012066 25.522319610348777 181.7329577624949 1.4232322979245564 35.27241419429975 189.23951059849392 -16.596062954631222 35.27396483141552 176.50072353041287 -11.319888468719338 47.83923868982462 189.2412151732913 -22.021606427529022 47.84200807152688 172.6663382938232 -15.155937002301346 67.14156830615022 189.24314988297948 -23.226236882958574 67.14678615138155 171.8166770273114 -16.00907287747684 80.35695993440464 189.2477972712606 -17.965246672726177 80.36074792314741 175.54022183853468 -12.286808078000782 93.14098594139222 189.2492141399437 -20.082528051139487 93.1439695064873 174.04157908162898 -13.783106903748354 105.92590880677162 189.25062229063866 -22.201869260057272 105.92572075245943 172.5468336376038 -15.281506636426553 122.77444877812394 189.25166007835168 -16.463487768344272 122.77502448726966 176.60662628710355 -11.222441299861194 122.7744630008357 171.36322605922882 1.4256678276589327 122.77293421132507 176.6042011130703 14.07087594200944 105.923305326861 172.54363019301707 18.129111789471033 -14.893316358715833 25.502865669719682 7.710518298939671 -22.627844893508982 25.502494889086066 10.913272521986176 -22.629189428901675 48.47452918657703 15.967547822203167 -33.94146490199935 48.4744794309308 11.283397140124531 -32.12961757856424 63.11667729683883 10.256197670916023 -34.086574852010216 71.82628605172746 -0.017524808078698495 -30.32167719924391 77.75577599424457 9.225716380707002 -40.216464745936925 92.34558630110917 -0.018188454524774578 -34.87720188574513 91.36287014734731 13.082214811371859 -40.131432638361325 111.22847081709872 -0.014474171690042947 -35.006997129276726 110.52154873324133 12.468041852910755 -35.022660621659156 123.80687955709675 -0.014333986517365283 -31.550393425183973 123.4999160159573 8.408499257861129 -23.644028611977 129.5261962183126 -0.012419204741862977 -23.175524844700696 122.75509940805834 11.89514424332294 -14.800321921465313 122.00852638401825 8.409115701040442 -10.260739056517833 107.09693520593018 12.466049187566794 -5.1351067837167825 106.38638431526968 -0.012440767278892206 -3.7512996072304725 85.64028501265577 -0.015346105405895205 -9.094468717413294 86.62300097915839 -13.115749558561756 -12.133128654027265 74.37070762694816 -9.26112246481307 -21.22677610343883 76.06384868227747 -13.093917042705144 -11.726207511454865 61.423861019121716 -10.293510901988919 -21.925262922676467 62.272548370186925 -14.54995371068949 -22.62765659121509 48.47600890666257 -16.009110044010246 -33.940381252933044 48.47888029563141 -11.326053330337121 -30.365232258793352 25.503169338323048 -7.7551754788805045 -33.5687281651127 25.505929458766644 -0.020938806344206196 -171.5569271036101 168.64066245033217 -4.528963442871443 -175.6940414891044 180.15577224795192 6.076910376600052 -171.55729588752192 163.73781027605577 6.076270268442151 -171.55768070855947 168.63964559049936 16.68197401936681 -160.8704512665501 165.36585327036317 24.447821793788897 -161.69105793296745 179.92408086713536 32.057865578513926 -146.26143336540227 186.74434872012296 33.51577199741786 -147.49164044586541 201.30332565106983 25.48126998749125 -131.8547416885088 199.17468315685508 20.512973495292798 -133.0847073883627 205.14412309103722 6.0796221971139826 -124.02219780376569 199.28085665550685 6.079663092616647 -124.0218141104762 195.83214802479455 -4.5611272450042595 -119.88546429711505 190.2574259251035 6.079377480468205 -124.02164759497951 189.8245469561541 -8.971571503456389 -124.02179595849447 184.7344917875621 -4.561659269918612 -130.83005113150423 189.9497927613991 -14.331182404937046 -130.8302465781603 179.53544356759676 -8.351212918812372 -146.25948384630018 186.746979259731 -21.355321654895345 -146.25973964968765 168.60206282237817 -13.321035273380923 -161.68921194780503 179.92657170555827 -19.89916557898717 -160.86914598946922 165.3676145165377 -12.290459390806086 -172.58022706679387 179.92602750321 -8.919083783201147 119.88006318655025 190.26892192325417 6.090405696737601 124.01794455849677 184.74638443793756 -4.550234401423964 124.01773098510664 189.8364395891789 -8.960146652312401 130.8266363128286 189.96233818591415 -14.319104762302054 131.8488433631708 199.18871037302384 -8.338131984927267 147.48566120463585 201.31932846833848 -13.305836281194185 148.7104037244482 208.20913903344797 6.0930054892700065 164.1404268780021 204.6480931898397 6.093765861985979 163.3195683440027 198.67838517610974 24.46452393642086 173.19170457508915 192.5898440354037 16.699202734169845 172.5754439598761 179.94113776004275 21.093090411679466 175.6896086155353 180.17261903613982 6.093289382912854 171.55333522274998 168.65609580215045 16.697956449142332 171.55443721377245 163.75426052208684 6.092252732597627 160.8656751954159 165.38127880481193 24.46277954636088 160.86758374703305 156.89387834083573 6.091278957897281 146.2559332323072 168.6142275190602 25.493302945498613 146.25802771013173 158.81437650213678 6.090489444287417 130.82551521470037 179.54660528100365 20.524145927223312 130.8271861655361 171.05901604720341 6.090145327065979 124.0166601471301 184.74536399471208 16.73492178536257 124.01776412715607 179.8474368373431 6.090155756183316 -11.68982196539232 25.5069782977058 -0.019889967403855735 -6.525578897589725 19.026704297910527 2.714825663948429 -10.93913329446601 19.654560455642937 -8.533194370095448 -6.8058098322210485 9.347003352975975 -8.863312805412274 -21.83667401394178 9.34871544026106 -16.934821205861727 -21.836246530847752 -0.7826234431873615 -15.699970871069802 -36.69205362413459 -0.9864606064882651 -8.43896427626085 -21.83910704711061 -1.189981770917484 44.3582063187876 -38.95970866410407 -1.1903103872722909 34.09176058517917 -39.065585093046444 6.508864711783929 34.89681211527025 -43.493539514982835 -1.3891304090475671 6.662272188069509 -43.76743879561267 9.278825222927367 5.627102831112936 -36.87612226311686 9.345561831434537 -8.864754326955358 -32.74382074435695 19.653515174629135 -8.534239651110452 -21.8373436982429 21.033912238299905 -14.650323079295905 -22.626797667724922 25.503684525685983 -10.954032800479407 -14.892576044350863 25.50391107212735 -7.754433745075341 -9.737146704773977 18.003112839432447 16.88654672057828 0.08412360361264255 9.280927395027163 5.629205003215127 -6.9889286923949445 -0.9850366873143059 -8.437540357085268 -4.725333742777628 -1.188669247393193 34.09340172506013 -21.8395772741453 7.872482440027909 45.10473450848326 -37.257132565473455 13.380233351562083 30.971446964297996 -37.15839132719287 19.02523581104019 2.7133571770764005 35.273404958562104 171.22215806994922 1.4219103222528136 35.2718844996137 176.4982807663308 14.156908610430051 47.84044114949826 165.80146746814853 1.4216788688496949 47.8376146967403 172.66315977065378 17.992798338240377 67.14543354816483 164.59625582814485 1.4200803495189716 67.14272023144017 171.81333449850186 18.85061776053411 87.9693500677406 169.85993708071513 1.421843428323956 80.35798679675888 175.5375928779866 15.13141084210562 93.14190906841885 174.03866292254946 16.63137706407414 35.266102852724515 207.25340737780652 1.4253477011538032 35.26765748961976 201.97728543365633 -11.317463012226412 47.83211629957918 212.68427917793667 1.4261566328171584 47.83497729844239 205.8186813776981 -15.15277563628516 67.13686408737084 213.8931296400006 1.4286957724418032 67.13959449306894 206.67605134575933 -16.005747851174814 87.96569572729679 208.63337423030686 1.4255608013152534 80.35425760661859 202.958189974233 -12.284196490702227 93.13719683063259 204.45564094061137 -13.78021181344539 -33.94808414913515 18.001952206733847 16.885386087878352 -21.839709693593218 15.165668404385542 40.57383413187618 -4.620272672204759 6.510515963661334 34.89846336714956 -0.18885211450076508 -1.3870544532397844 6.664348143879672 -35.275951466896174 207.2500270552111 1.4200525234665158 -35.27639540429942 201.97146199943037 14.15782772224343 -47.84294422056937 205.81091741406374 17.99368688750305 -47.843161060441574 189.23213407316814 24.85928486323719 -67.14789143283829 189.23198680155696 26.065630227760675 -67.14760642559179 171.8068977561532 18.845209504986116 -80.83888650003477 175.52988854138505 15.122423753682828 -87.97510894877476 169.85150361896584 1.4145944529628964 124.01689865253653 195.84404062590113 -4.549702425778457 133.0778788452359 205.15688452096236 6.091915845159308 147.48331984693624 201.3174682990306 25.49494485357378 161.68415643303456 179.93958497677443 32.0729019062763 171.55461515553054 168.65711268721455 -4.51298098786463 172.57725401582854 179.94257581904964 -8.903003249237003 160.86789209556338 165.38304009468814 -12.275501594532377 161.6872916790592 179.94207587700237 -19.88412918941974 146.25827459000675 168.61608768836808 -13.307478189269359 146.25704941252715 186.76100405472513 -21.341764641779573 130.8272569132851 179.54798903123177 -8.33913523705742 -124.0221659978646 179.83554417787815 6.078730878599167 -130.8307453676487 171.04647056304879 6.078067624791403 -146.2604128274556 158.80035161571084 6.076932339739825 -160.86978467468302 156.8784527468495 6.0763211457877775 -172.58129280020202 179.92458947988473 21.077009913396928 -173.1983448547207 192.5732366322557 16.68306311289725 -163.3275369773305 198.66272421737563 24.449330759563228 -164.14720653171838 204.63235358687518 6.078494040897868 -148.71752486851287 208.19487879420336 6.079213031903475 -147.49026189007128 201.3051857742226 -13.319511193431866 -131.85371620287873 199.17606687274915 -8.350307703322011 -11.319287554918283 48.47996471382399 -11.324968912143305 -6.632329484526327 48.476045236104255 -0.01610804558732859 -8.367594265712803 67.03851174139305 -0.01771531228545209 -11.727192612269784 61.422338360751084 10.257333008463789 -12.134014917056733 74.3699201747372 9.227218170278642 -21.2280295621069 76.06262520145444 13.054604720740326 -21.98281728526803 88.99419879183878 18.51063095860857 -11.331153557572224 121.70254334097991 -0.011856000929313826 -14.799514316330935 122.00949733191779 -8.438595295907326 -10.259542291867788 107.097202899525 -12.49887276720824 -22.630470214671163 108.8102843224505 -17.671722465962624 -21.981041004700195 88.99557894704415 -18.54417506874982 -34.87594598664627 91.36396704117958 -13.117088044237335 -30.32079093621444 77.75656344645553 -9.26262425438471 146.25373832306713 186.75837344984564 33.52932894526218 131.84710166458603 199.18732662279572 20.52514917935347 124.01593149080615 199.29274922864295 6.091087883871925 -146.26111820548184 168.6002026992254 25.47974590754219 -130.83127206379035 179.5340598517027 20.512068279802442 -124.02255220036727 184.73347136965617 16.723496942187502 -30.365972573158327 25.502123935915364 7.709776565134506 -38.62842316099654 48.474511395763145 -0.017641885930197887 -32.12863247774932 63.11819995520945 -10.29464623953668 -47.84149536124618 189.2366291370111 -22.02352739168203 -67.14642498446759 206.66961486797953 -16.01082304271241 -67.14613996442921 189.23671332261168 -23.231244514538982 -79.20905101134622 202.95048862651248 -12.29285818129942 -35.275448533284724 176.4973422766526 -11.321177303185488 -47.84171220751431 172.66175204609758 -15.157929041421891 163.32178524415016 198.68014646598598 -12.273757204472403 173.19201983572196 196.0356649586763 6.0938991696682425 122.77264029336334 201.9035010584874 -11.22001598175806 105.92257189352165 205.95698958566527 -15.278303463829879 105.91874828974 212.87726242950532 1.4296120586065346 130.8241730904425 189.96038119716275 26.501207616468232 124.01561424116984 195.84302018267567 16.735453761008078 -35.005800176901225 110.52180668937534 -12.50078633972303 -31.549585820049597 123.50088696385683 -8.439211739086641 -130.8315014393719 189.94783582120516 26.489130022390707 -124.02271707559464 189.8231038766197 21.129990942953917 -6.429007636319155 13.381711201393856 30.97292481413146 -21.83901103884 18.55331394650449 22.63206033488504 -163.32623170024965 198.66448546355016 -12.288950425031752 -173.19759124977125 192.57425349208853 -4.527874349340996 -87.97126619133564 208.62884719706193 1.4183125114056343 -93.38195589379471 204.44378455413087 16.62518408910365 -105.9288864966091 205.9436206026486 18.12097586944627 105.92710809652895 165.6233569727101 1.4251024614563566 -122.77549326545325 201.89171978307724 -11.231573818042861 -173.1979736876025 196.01905755820837 6.077759551075719 -35.27589247068796 171.2187772208719 1.416597895591423 173.19298450786962 192.59086092046783 -4.51173470283711 -21.926655917351614 62.26799013303284 14.512640666875829 -11.320371203984585 48.475563849123375 11.284481558318348 124.0159145648476 189.83499647383746 21.141415758290844 -23.174383083606063 122.7582201776755 -11.925250018838943 -124.02257035234899 195.83112760688863 16.724028967101862 -9.095724616512141 86.62190408532612 13.083553297047434 -22.632162768756885 108.80845776011424 17.63698550106562 -105.928227013225 165.61319101225348 1.413983975754975 23.020051922069385 210.55384896921564 81.55566096077008 30.22118144732755 190.9223513078618 61.32850246112837 21.36423492680825 193.5065103361222 89.57038934516305 12.334287363873033 173.7486201859789 82.15885301167727 -0.006036289409697231 175.75936385416776 90.1583578798916 -0.004347992056422633 165.08085279757847 65.61878346955362 -12.345400079410906 173.74743708217287 82.15766990786987 -17.45378656508156 171.89652947508438 63.387805005058325 -21.377952474966506 193.50446134564334 89.56834035468182 -30.23194341374593 190.91945328404066 61.32560443730389 -23.034635472092955 210.55164118291094 81.55345317446286 -21.18644447481079 218.20888162260798 62.741408819398806 -0.007524580290032488 222.1311923380361 74.83245586941916 -0.008241829743621441 239.75241357718727 72.17314435191246 18.33229583829613 237.41403085695714 60.03719264360488 10.582051429875753 251.48049552012003 51.068745462388 14.965346276415472 251.4890009023902 40.998643464903594 -0.00907018376939581 271.5538910172907 57.65123136266829 10.58271447007126 254.29769990073902 34.42044301455134 -0.0069156160003147815 257.1139471778963 27.14663288540092 22.853414016914424 238.9120000842102 25.435918602334496 -0.005532514922298941 241.72787397676223 13.681051552243003 26.3896839397201 216.35360806578745 24.763131651435643 -0.004215658762020335 217.27489360401495 10.664254316402399 19.752760030727014 205.03222948916186 40.36383328490784 -0.004682420028168886 205.60980508832358 32.06603886116149 21.366736060626256 186.50086323448727 44.40208475590694 -0.003810480986368104 183.44555200022776 36.041538843160154 12.335842860221959 171.89852456208752 51.561108071119 -0.0036070655053474744 170.01933051353183 45.22448896208691 -12.343844583061982 171.8973414582815 51.55992496731162 21.406941933891346 215.51745305810283 -8.465406723436669 30.277239598863044 215.51545148384565 8.143449369891638 -0.0044303533662659635 223.31692835767964 9.100774786455858 21.40530372203696 215.5162805207327 25.70906174936038 -0.005182236480651638 215.5160301588857 32.58604499937118 -0.004935038406363553 200.44678923990082 42.498704397421996 -31.781796946509157 200.44511552867306 32.44757493812224 -36.09710732228199 174.33465945504096 35.69775613159609 -51.04885336337745 174.33479981095192 6.931650666516496 -45.61427543380963 154.46010115209117 6.276505853341362 -32.25361454721745 154.46398271086363 -20.55048395131353 -24.60056435177528 137.67069568942293 -18.493366834501874 0.001413432657139148 137.67187506795514 -27.156249965923685 0.0021950526782349286 117.72656258250669 -23.51562497010692 22.689331343118536 117.72765016667302 -15.928599877222783 14.986704095851412 100.9850933960974 -9.56959415972912 21.197099653370696 100.98539111229165 1.7353910694550545 0.0021680873506825815 93.03906255284701 1.7343750008797363 14.985620426695753 100.98509334414808 13.035874564296218 0.0010211245753329946 100.984375006993 17.714843732517487 22.687575600591583 117.72765008250559 20.696400080693508 -0.00028800469243155807 117.72656246347299 28.281249970376226 24.600555550591515 137.67305431055016 23.3332105846859 -0.0014222338409002643 137.67187493201794 31.996093716107712 32.25162574060157 154.46436595270316 33.10888007265007 -0.002813080668595063 154.461151853234 44.22004859890861 36.090392511824874 174.3381200055847 35.7012166821438 -0.003928421990098637 174.33448631893216 47.6128680095929 31.772890407436666 200.44816223632168 32.45062164577436 14.903556617876596 25.50430582995078 7.710994836884894 11.700801998145838 25.50804043220542 -0.019070195222437025 11.328065261259182 48.47659040436962 11.2852657512463 6.641107189969539 48.47661300625846 -0.01967951358281983 11.733744038814322 61.42339450297338 10.254249912536935 8.374592213104041 67.03925516068571 -0.017214255311403193 12.139422614558656 74.37020866799864 9.227433805029406 9.099587890487 86.62153142809916 13.084652204839673 21.98593267654355 88.99454127043279 18.51319288492365 22.633462094993348 108.8089460769828 17.641509330698675 35.00862783367161 110.52370967827295 12.470010244426222 31.551168975346258 123.50213468403966 8.411380526661976 35.02421422278469 123.81023870838175 -0.011090285477628914 23.645033758489376 129.52846423976274 -0.009718178923829424 31.551976503037466 123.50472093528923 -8.436330299763203 23.177179452173853 122.75767921460337 -11.923233411064695 35.00982448357182 110.52637092682399 -12.494911569945625 22.635154486777957 108.8141579225953 -17.6671982989276 34.88186644734255 91.36856873421418 -13.116968661027329 21.98770897359642 88.9955678803056 -18.54160347685537 30.327646411256605 77.76036834402785 -9.260339992862582 21.234161088290637 76.06715844520912 -13.088760737511771 32.13699139185455 63.12122157027673 -10.291866986785397 21.93411099382273 62.274591743044226 -14.548152700149313 33.950242608340254 48.48207568726281 -11.323100301021537 22.63796713524258 48.482025931616576 -16.007250983100175 30.376954118907673 25.506022045566183 -7.752565133953572 22.638826433250127 25.505785948922053 -10.956070615391258 21.850146958891578 21.133545083094944 -14.57382844059974 37.034031862099425 9.349116710133785 -8.862163070539621 32.69366997578677 19.75515865224898 -8.460027366005095 43.77943404826526 9.283033823593485 5.630347809496319 37.16973154706289 19.028810726476863 2.7159684702296203 37.26630471568209 13.383817630051624 30.974067620504087 33.958163739878636 18.00521926799874 16.887689526859475 21.84779015842598 15.167774458524832 40.57497656373036 21.848486905830566 18.555420000552346 22.633202766647774 6.4381797865277886 13.382339780219851 30.972589770670623 9.747226295517468 18.004058635300154 16.886528894159547 -0.0721283509600544 9.280931651493688 5.628245637394127 6.536919117459747 19.027342239606526 2.7144999833575922 6.674656931867894 9.347661331409427 -8.863618449265635 11.013982525608567 19.754119363530492 -8.461066654724778 21.850825024558834 9.34838885205869 -16.933203437888718 33.57970819786622 25.509089271144575 -0.018021356282086565 30.37621283231909 25.5050475637551 7.71173657069006 22.637778047534916 25.504676595862264 10.914490606477335 14.90429790446518 25.505280311761865 -7.753306867758738 44.93813896052453 200.92712495698706 7.2310802010493775 51.04489640200227 174.3396940181495 6.9365448737196855 45.612286856543825 154.4644744041149 6.280879105370108 34.792964175821254 137.6735429179308 2.423542918040443 32.086890950256645 117.7281006702932 2.3843506474397884 -10.596972981255986 254.2966845812018 34.41942769501294 -14.979966154767606 251.48756537314407 40.99720793565582 -22.865335878019927 238.90980840219916 25.433726920320943 -25.944131213865536 236.0846362833296 42.24203768299882 -26.399378438966064 216.35107744457275 24.760601030218012 -29.95501041817476 215.72102605911073 45.092431678859256 -19.762864878462654 205.03033517480577 40.36193897054959 -23.72070018999253 208.95531079705728 53.20959369295051 -21.375451341148498 186.49881424400837 44.40003576542571 21.8479225778739 7.874588494167199 45.10587694033744 4.735603687897173 -1.1882039586145368 34.09290339155181 4.629727258954794 6.510971140441683 34.89795492164288 0.20177092966977186 -1.3870239804812456 6.663414994350703 6.862631820841193 -0.9843609192541294 -8.437828211311894 21.851251413822816 -0.7805173891395043 -15.698828439307064 36.8470067519345 -0.9829235174157134 -8.436390809471842 43.506458330151844 -1.384948024673463 6.665490950160866 31.775239704337544 200.92631305977014 -17.034144541958902 36.09315049330993 174.3408455366942 -21.83333369872296 32.25419780453801 154.46707510976404 -20.547391552409586 24.602560535151678 137.6730544066658 -18.49100811725626 -32.25618661115389 154.46127355380276 33.10578767374612 -34.79297316426423 137.6702070820333 2.420207082139095 -22.685668552605783 117.72547496347408 -15.930775080424201 0.0025534668426153368 100.98437508045097 -14.249999980753525 0.0008242740527246304 154.46719681033278 -31.661652477572083 -36.09434934079694 174.33738498615043 -21.836794249270667 -44.94467333291698 200.92281612213796 7.226771366195329 -21.415008522525365 215.51339113203312 25.70456994182113 38.63720086643974 48.47814684659957 -0.018145673239950533 33.94915895927395 48.47767482256219 11.286350169440118 34.09311254790276 71.82956560518464 -0.015448111521974894 32.13600629103963 63.11969891190611 10.258976923667309 30.326760233210443 77.75780829026935 9.228000481759251 21.932717999147584 62.270033505890126 14.514441677416013 21.232907937524626 76.0634185668174 13.0558545496786 -24.602569336335442 137.67069559330724 23.330851867440288 -32.084983902270835 117.72502437568647 2.3812743528295184 -14.982045835277805 100.98365674329591 -9.571030812532259 23.17603761377162 122.75618086238441 11.897151079458146 14.801240376098164 122.01304538047297 8.410238605204189 11.332908905444263 121.70363091880876 -0.01108562009529912 5.138330778164085 106.3868780617662 -0.013732864356509555 10.263895185798248 107.0993851456209 -12.499605264170308 9.100843856866035 86.62513086233855 -13.118556663966563 -0.00002804522878497727 174.338256728076 -33.75322984670789 -31.77944764960828 200.92326635212152 -17.037191249611027 -30.28526026195909 215.5125482167661 8.140546102808756 29.943426944173446 215.7238974921214 45.09530311187325 23.70898720100994 208.9575844986104 53.211867394506264 21.172930427843703 218.21091226168247 62.74343945847561 -0.008068319273770004 214.35293192804426 93.9531767423532 -0.0077124649419903265 197.19621529510468 103.68672927745091 39.07503967979648 6.512622392319116 34.899606173522194 38.96997860922362 -1.1865628187354673 34.09454453143277 21.848392804908592 -1.1878757167781657 44.35934875064178 11.329148910325486 48.48099126907023 -11.324184719215355 11.734728951921708 61.42492652428747 -10.29268775914138 12.140308792604813 74.37276872175714 -9.260906669592426 25.930868666921224 236.0871230858848 42.244524485556916 -18.347391577410775 237.41227249280098 60.035434279446704 -10.597636021451493 251.4794802005828 51.067730142849605 -22.687424295132733 117.72547487930667 20.69422487749209 -21.193525249211977 100.98335897514335 1.733358932304418 34.88061029415366 91.36887553874922 13.08623084482644 40.22103503149774 92.34945341516816 -0.013556787029310069 -0.001622203765245199 200.92463934854237 -27.085274001258657 -21.41337046770387 215.51540032243938 -8.467459459102468 40.13419224040809 111.23231988629674 -0.011946553660720394 -14.983129504433464 100.9836566913466 13.034437911493079 -0.0028843331844460394 215.5168885364029 -15.349351980211097 -0.008085156168594506 251.69454902213562 56.962779338330215 22.63643448436584 48.476639972756615 15.969416246065709 17.444650854718812 171.89820244903234 63.38947797900818 10.262698348190503 107.09673326001335 12.46922278897593 3.756512868633248 85.64065592282947 -0.014853617643184602 14.802048090599213 122.01172539294812 -8.437462858268523</float_array>
                    <technique_common>
                        <accessor count="470" source="#pointarray0" stride="3">
                            <param name="X" type="float"/>
                            <param name="Y" type="float"/>
                            <param name="Z" type="float"/>
                        </accessor>
                    </technique_common>
                </source>
                <source id="uvs0">
                    <float_array id="uvarray0" count="2">0 1</float_array>
                    <technique_common>
                        <accessor count="1" source="#uvarray0" stride="2">
                            <param name="S" type="float"/>
                            <param name="T" type="float"/>
                        </accessor>
                    </technique_common>
                </source>
                <vertices id="vertices0">
                    <input semantic="POSITION" source="#points0"/>
                </vertices>
                <polylist count="932" material="Material1">
                    <input offset="0" semantic="VERTEX" source="#vertices0"/>
                    <input offset="1" semantic="TEXCOORD" source="#uvs0" set="0"/>
                    <vcount>3 3 3 3 3 3 3 3 3 3 3 3 3 3 3 3 3 3 3 3 3 3 3 3 3 3 3 3 3 3 3 3 3 3 3 3 3 3 3 3 3 3 3 3 3 3 3 3 3 3 3 3 3 3 3 3 3 3 3 3 3 3 3 3 3 3 3 3 3 3 3 3 3 3 3 3 3 3 3 3 3 3 3 3 3 3 3 3 3 3 3 3 3 3 3 3 3 3 3 3 3 3 3 3 3 3 3 3 3 3 3 3 3 3 3 3 3 3 3 3 3 3 3 3 3 3 3 3 3 3 3 3 3 3 3 3 3 3 3 3 3 3 3 3 3 3 3 3 3 3 3 3 3 3 3 3 3 3 3 3 3 3 3 3 3 3 3 3 3 3 3 3 3 3 3 3 3 3 3 3 3 3 3 3 3 3 3 3 3 3 3 3 3 3 3 3 3 3 3 3 3 3 3 3 3 3 3 3 3 3 3 3 3 3 3 3 3 3 3 3 3 3 3 3 3 3 3 3 3 3 3 3 3 3 3 3 3 3 3 3 3 3 3 3 3 3 3 3 3 3 3 3 3 3 3 3 3 3 3 3 3 3 3 3 3 3 3 3 3 3 3 3 3 3 3 3 3 3 3 3 3 3 3 3 3 3 3 3 3 3 3 3 3 3 3 3 3 3 3 3 3 3 3 3 3 3 3 3 3 3 3 3 3 3 3 3 3 3 3 3 3 3 3 3 3 3 3 3 3 3 3 3 3 3 3 3 3 3 3 3 3 3 3 3 3 3 3 3 3 3 3 3 3 3 3 3 3 3 3 3 3 3 3 3 3 3 3 3 3 3 3 3 3 3 3 3 3 3 3 3 3 3 3 3 3 3 3 3 3 3 3 3 3 3 3 3 3 3 3 3 3 3 3 3 3 3 3 3 3 3 3 3 3 3 3 3 3 3 3 3 3 3 3 3 3 3 3 3 3 3 3 3 3 3 3 3 3 3 3 3 3 3 3 3 3 3 3 3 3 3 3 3 3 3 3 3 3 3 3 3 3 3 3 3 3 3 3 3 3 3 3 3 3 3 3 3 3 3 3 3 3 3 3 3 3 3 3 3 3 3 3 3 3 3 3 3 3 3 3 3 3 3 3 3 3 3 3 3 3 3 3 3 3 3 3 3 3 3 3 3 3 3 3 3 3 3 3 3 3 3 3 3 3 3 3 3 3 3 3 3 3 3 3 3 3 3 3 3 3 3 3 3 3 3 3 3 3 3 3 3 3 3 3 3 3 3 3 3 3 3 3 3 3 3 3 3 3 3 3 3 3 3 3 3 3 3 3 3 3 3 3 3 3 3 3 3 3 3 3 3 3 3 3 3 3 3 3 3 3 3 3 3 3 3 3 3 3 3 3 3 3 3 3 3 3 3 3 3 3 3 3 3 3 3 3 3 3 3 3 3 3 3 3 3 3 3 3 3 3 3 3 3 3 3 3 3 3 3 3 3 3 3 3 3 3 3 3 3 3 3 3 3 3 3 3 3 3 3 3 3 3 3 3 3 3 3 3 3 3 3 3 3 3 3 3 3 3 3 3 3 3 3 3 3 3 3 3 3 3 3 3 3 3 3 3 3 3 3 3 3 3 3 3 3 3 3 3 3 3 3 3 3 3 3 3 3 3 3 3 3 3 3 3 3 3 3 3 3 3 3 3 3 3 3 3 3 3 3 3 3 3 3 3 3 3 3 3 3 3 3 3 3 3 3 3 3 3 3 3 3 3 3 3 3 3 3 3 3 3 3 3 3 3 3 3 3 3 3 3 3 3 3 3 3 3 3 3 3 3 3 3 3 3 3 3 3 3 3 3 3 3 3 3 3 3 3 3 3 3 3 3 3 3 3 3 3 3 3 3 3 3 3 3 3 3 3 3 3 3 3 3 3 3 3 3 3 3 3 3 3 3 3 3 3 3 3 3 3 3 3 3 3 3 3 3 3 3 3 3 3 3 3 3 3 3 3 3 3 3 3 3 3 3 3 3 3 3 3 3 3 3 3 3 3 3 3 3 3 3 3 3 3 3 3 3 3 3 3 3 3 3 3 3 3 3 3 3 3 3 3 3 3</vcount>
                    <p>2 0 1 0 0 0 3 0 1 0 2 0 4 0 3 0 2 0 5 0 3 0 4 0 6 0 5 0 4 0 7 0 5 0 6 0 8 0 7 0 6 0 9 0 7 0 8 0 10 0 9 0 8 0 11 0 9 0 10 0 12 0 11 0 10 0 13 0 11 0 12 0 14 0 13 0 12 0 15 0 13 0 14 0 16 0 15 0 14 0 17 0 15 0 16 0 18 0 17 0 16 0 19 0 17 0 18 0 20 0 19 0 18 0 21 0 19 0 20 0 22 0 21 0 20 0 23 0 21 0 22 0 24 0 23 0 22 0 25 0 23 0 24 0 26 0 25 0 24 0 27 0 25 0 26 0 28 0 27 0 26 0 29 0 27 0 28 0 30 0 29 0 28 0 31 0 29 0 30 0 1 0 31 0 30 0 32 0 31 0 1 0 33 0 32 0 1 0 34 0 32 0 33 0 35 0 34 0 33 0 36 0 34 0 35 0 7 0 36 0 35 0 9 0 36 0 7 0 39 0 38 0 37 0 40 0 38 0 39 0 41 0 40 0 39 0 42 0 40 0 41 0 43 0 42 0 41 0 44 0 42 0 43 0 45 0 44 0 43 0 46 0 44 0 45 0 47 0 46 0 45 0 48 0 46 0 47 0 49 0 48 0 47 0 50 0 48 0 49 0 51 0 50 0 49 0 52 0 50 0 51 0 53 0 52 0 51 0 54 0 52 0 53 0 55 0 54 0 53 0 56 0 54 0 55 0 57 0 56 0 55 0 58 0 56 0 57 0 59 0 58 0 57 0 60 0 58 0 59 0 61 0 60 0 59 0 62 0 60 0 61 0 63 0 62 0 61 0 64 0 62 0 63 0 65 0 64 0 63 0 66 0 64 0 65 0 67 0 66 0 65 0 68 0 66 0 67 0 38 0 68 0 67 0 69 0 68 0 38 0 70 0 69 0 38 0 71 0 69 0 70 0 42 0 71 0 70 0 44 0 71 0 42 0 74 0 73 0 72 0 75 0 73 0 74 0 76 0 75 0 74 0 77 0 75 0 76 0 78 0 77 0 76 0 79 0 77 0 78 0 80 0 79 0 78 0 81 0 79 0 80 0 82 0 81 0 80 0 83 0 81 0 82 0 84 0 83 0 82 0 85 0 83 0 84 0 86 0 85 0 84 0 87 0 85 0 86 0 88 0 87 0 86 0 89 0 87 0 88 0 90 0 89 0 88 0 91 0 89 0 90 0 92 0 91 0 90 0 93 0 91 0 92 0 94 0 93 0 92 0 95 0 93 0 94 0 96 0 95 0 94 0 97 0 95 0 96 0 98 0 97 0 96 0 99 0 97 0 98 0 102 0 101 0 100 0 103 0 101 0 102 0 104 0 103 0 102 0 105 0 103 0 104 0 106 0 105 0 104 0 107 0 105 0 106 0 108 0 107 0 106 0 109 0 107 0 108 0 110 0 109 0 108 0 111 0 109 0 110 0 112 0 111 0 110 0 113 0 111 0 112 0 114 0 113 0 112 0 115 0 113 0 114 0 116 0 115 0 114 0 117 0 115 0 116 0 118 0 117 0 116 0 119 0 117 0 118 0 120 0 119 0 118 0 121 0 119 0 120 0 100 0 121 0 120 0 101 0 121 0 100 0 124 0 123 0 122 0 125 0 123 0 124 0 126 0 125 0 124 0 127 0 125 0 126 0 128 0 127 0 126 0 129 0 127 0 128 0 130 0 129 0 128 0 131 0 129 0 130 0 132 0 131 0 130 0 133 0 131 0 132 0 134 0 133 0 132 0 135 0 133 0 134 0 136 0 135 0 134 0 137 0 135 0 136 0 138 0 137 0 136 0 139 0 137 0 138 0 140 0 139 0 138 0 141 0 139 0 140 0 142 0 141 0 140 0 143 0 141 0 142 0 122 0 143 0 142 0 123 0 143 0 122 0 145 0 144 0 72 0 146 0 144 0 145 0 147 0 146 0 145 0 148 0 146 0 147 0 149 0 148 0 147 0 150 0 148 0 149 0 151 0 150 0 149 0 152 0 150 0 151 0 153 0 152 0 151 0 154 0 152 0 153 0 155 0 154 0 153 0 156 0 154 0 155 0 157 0 156 0 155 0 158 0 156 0 157 0 159 0 158 0 157 0 160 0 158 0 159 0 161 0 72 0 73 0 145 0 72 0 161 0 162 0 145 0 161 0 147 0 145 0 162 0 163 0 147 0 162 0 149 0 147 0 163 0 164 0 149 0 163 0 151 0 149 0 164 0 165 0 151 0 164 0 153 0 151 0 165 0 166 0 153 0 165 0 155 0 153 0 166 0 167 0 155 0 166 0 157 0 155 0 167 0 98 0 157 0 167 0 159 0 157 0 98 0 168 0 54 0 56 0 169 0 54 0 168 0 170 0 169 0 168 0 171 0 169 0 170 0 172 0 171 0 170 0 173 0 171 0 172 0 174 0 173 0 172 0 175 0 173 0 174 0 176 0 175 0 174 0 46 0 175 0 176 0 44 0 46 0 176 0 177 0 53 0 51 0 178 0 53 0 177 0 179 0 178 0 177 0 180 0 178 0 179 0 181 0 180 0 179 0 182 0 180 0 181 0 183 0 182 0 181 0 184 0 182 0 183 0 185 0 184 0 183 0 61 0 184 0 185 0 63 0 61 0 185 0 167 0 99 0 98 0 186 0 99 0 167 0 166 0 186 0 167 0 187 0 186 0 166 0 165 0 187 0 166 0 188 0 187 0 165 0 164 0 188 0 165 0 189 0 188 0 164 0 163 0 189 0 164 0 162 0 189 0 163 0 190 0 17 0 19 0 191 0 17 0 190 0 192 0 191 0 190 0 193 0 191 0 192 0 194 0 193 0 192 0 195 0 193 0 194 0 196 0 195 0 194 0 197 0 195 0 196 0 27 0 197 0 196 0 29 0 197 0 27 0 198 0 124 0 122 0 126 0 124 0 198 0 199 0 126 0 198 0 128 0 126 0 199 0 200 0 128 0 199 0 130 0 128 0 200 0 201 0 130 0 200 0 132 0 130 0 201 0 134 0 132 0 201 0 202 0 133 0 135 0 203 0 133 0 202 0 204 0 203 0 202 0 205 0 203 0 204 0 206 0 205 0 204 0 207 0 205 0 206 0 208 0 207 0 206 0 125 0 207 0 208 0 123 0 125 0 208 0 209 0 114 0 112 0 116 0 114 0 209 0 210 0 116 0 209 0 118 0 116 0 210 0 211 0 118 0 210 0 120 0 118 0 211 0 212 0 120 0 211 0 100 0 120 0 212 0 102 0 100 0 212 0 213 0 101 0 103 0 214 0 101 0 213 0 215 0 214 0 213 0 216 0 214 0 215 0 217 0 216 0 215 0 218 0 216 0 217 0 219 0 218 0 217 0 115 0 218 0 219 0 113 0 115 0 219 0 220 0 160 0 159 0 221 0 160 0 220 0 222 0 221 0 220 0 223 0 221 0 222 0 224 0 223 0 222 0 225 0 223 0 224 0 226 0 225 0 224 0 80 0 225 0 226 0 82 0 80 0 226 0 227 0 85 0 87 0 228 0 85 0 227 0 229 0 228 0 227 0 230 0 228 0 229 0 231 0 230 0 229 0 232 0 230 0 231 0 233 0 232 0 231 0 77 0 232 0 233 0 201 0 136 0 134 0 234 0 136 0 201 0 200 0 234 0 201 0 235 0 234 0 200 0 199 0 235 0 200 0 236 0 235 0 199 0 198 0 236 0 199 0 122 0 236 0 198 0 49 0 177 0 51 0 179 0 177 0 49 0 47 0 179 0 49 0 181 0 179 0 47 0 45 0 181 0 47 0 183 0 181 0 45 0 43 0 183 0 45 0 41 0 183 0 43 0 212 0 104 0 102 0 237 0 104 0 212 0 211 0 237 0 212 0 238 0 237 0 211 0 210 0 238 0 211 0 239 0 238 0 210 0 209 0 239 0 210 0 112 0 239 0 209 0 137 0 202 0 135 0 204 0 202 0 137 0 139 0 204 0 137 0 206 0 204 0 139 0 141 0 206 0 139 0 208 0 206 0 141 0 143 0 208 0 141 0 123 0 208 0 143 0 105 0 213 0 103 0 215 0 213 0 105 0 107 0 215 0 105 0 217 0 215 0 107 0 109 0 217 0 107 0 219 0 217 0 109 0 111 0 219 0 109 0 113 0 219 0 111 0 75 0 240 0 73 0 241 0 240 0 75 0 77 0 241 0 75 0 242 0 241 0 77 0 233 0 242 0 77 0 95 0 242 0 233 0 93 0 95 0 233 0 146 0 160 0 144 0 158 0 160 0 146 0 148 0 158 0 146 0 156 0 158 0 148 0 150 0 156 0 148 0 154 0 156 0 150 0 152 0 154 0 150 0 243 0 20 0 18 0 244 0 20 0 243 0 245 0 244 0 243 0 246 0 244 0 245 0 8 0 246 0 245 0 6 0 246 0 8 0 247 0 18 0 16 0 243 0 18 0 247 0 248 0 243 0 247 0 245 0 243 0 248 0 10 0 245 0 248 0 8 0 245 0 10 0 127 0 207 0 125 0 249 0 207 0 127 0 129 0 249 0 127 0 250 0 249 0 129 0 131 0 250 0 129 0 133 0 250 0 131 0 251 0 38 0 67 0 37 0 38 0 251 0 252 0 37 0 251 0 253 0 37 0 252 0 185 0 253 0 252 0 183 0 253 0 185 0 234 0 138 0 136 0 254 0 138 0 234 0 235 0 254 0 234 0 255 0 254 0 235 0 236 0 255 0 235 0 122 0 255 0 236 0 144 0 73 0 72 0 240 0 73 0 144 0 160 0 240 0 144 0 99 0 240 0 160 0 159 0 99 0 160 0 98 0 99 0 159 0 160 0 98 0 159 0 99 0 98 0 160 0 144 0 99 0 160 0 240 0 99 0 144 0 72 0 240 0 144 0 73 0 240 0 72 0 96 0 159 0 98 0 220 0 159 0 96 0 94 0 220 0 96 0 222 0 220 0 94 0 92 0 222 0 94 0 90 0 222 0 92 0 79 0 232 0 77 0 256 0 232 0 79 0 81 0 256 0 79 0 257 0 256 0 81 0 83 0 257 0 81 0 85 0 257 0 83 0 89 0 227 0 87 0 229 0 227 0 89 0 91 0 229 0 89 0 231 0 229 0 91 0 93 0 231 0 91 0 233 0 231 0 93 0 237 0 106 0 104 0 258 0 106 0 237 0 238 0 258 0 237 0 259 0 258 0 238 0 239 0 259 0 238 0 112 0 259 0 239 0 162 0 188 0 189 0 260 0 188 0 162 0 161 0 260 0 162 0 261 0 260 0 161 0 73 0 261 0 161 0 240 0 261 0 73 0 117 0 218 0 115 0 262 0 218 0 117 0 119 0 262 0 117 0 263 0 262 0 119 0 121 0 263 0 119 0 101 0 263 0 121 0 264 0 24 0 22 0 265 0 24 0 264 0 266 0 265 0 264 0 26 0 265 0 266 0 28 0 26 0 266 0 59 0 184 0 61 0 182 0 184 0 59 0 57 0 182 0 59 0 180 0 182 0 57 0 55 0 180 0 57 0 48 0 175 0 46 0 173 0 175 0 48 0 50 0 173 0 48 0 171 0 173 0 50 0 52 0 171 0 50 0 176 0 71 0 44 0 267 0 71 0 176 0 174 0 267 0 176 0 66 0 267 0 174 0 64 0 66 0 174 0 35 0 5 0 7 0 268 0 5 0 35 0 33 0 268 0 35 0 1 0 268 0 33 0 97 0 242 0 95 0 241 0 242 0 97 0 99 0 241 0 97 0 240 0 241 0 99 0 262 0 216 0 218 0 269 0 216 0 262 0 263 0 269 0 262 0 101 0 269 0 263 0 248 0 12 0 10 0 270 0 12 0 248 0 247 0 270 0 248 0 16 0 270 0 247 0 249 0 205 0 207 0 271 0 205 0 249 0 250 0 271 0 249 0 133 0 271 0 250 0 78 0 225 0 80 0 272 0 225 0 78 0 76 0 272 0 78 0 74 0 272 0 76 0 272 0 223 0 225 0 273 0 223 0 272 0 74 0 273 0 272 0 72 0 273 0 74 0 254 0 140 0 138 0 274 0 140 0 254 0 255 0 274 0 254 0 122 0 274 0 255 0 256 0 230 0 232 0 275 0 230 0 256 0 257 0 275 0 256 0 85 0 275 0 257 0 244 0 22 0 20 0 264 0 22 0 244 0 246 0 264 0 244 0 6 0 264 0 246 0 65 0 251 0 67 0 252 0 251 0 65 0 63 0 252 0 65 0 185 0 252 0 63 0 258 0 108 0 106 0 276 0 108 0 258 0 259 0 276 0 258 0 112 0 276 0 259 0 88 0 277 0 90 0 278 0 277 0 88 0 86 0 278 0 88 0 84 0 278 0 86 0 144 0 273 0 72 0 221 0 273 0 144 0 160 0 221 0 144 0 21 0 190 0 19 0 192 0 190 0 21 0 23 0 192 0 21 0 197 0 9 0 11 0 36 0 9 0 197 0 34 0 36 0 197 0 279 0 29 0 31 0 197 0 29 0 279 0 34 0 197 0 279 0 267 0 69 0 71 0 68 0 69 0 267 0 66 0 68 0 267 0 266 0 0 0 28 0 2 0 0 0 266 0 4 0 2 0 266 0 264 0 4 0 266 0 6 0 4 0 264 0 191 0 15 0 17 0 193 0 15 0 191 0 214 0 269 0 101 0 216 0 269 0 214 0 196 0 25 0 27 0 194 0 25 0 196 0 194 0 23 0 25 0 192 0 23 0 194 0 110 0 276 0 112 0 108 0 276 0 110 0 193 0 13 0 15 0 195 0 13 0 193 0 195 0 11 0 13 0 197 0 11 0 195 0 32 0 279 0 31 0 34 0 279 0 32 0 228 0 275 0 85 0 230 0 275 0 228 0 82 0 278 0 84 0 226 0 278 0 82 0 226 0 277 0 278 0 224 0 277 0 226 0 277 0 222 0 90 0 224 0 222 0 277 0 260 0 187 0 188 0 261 0 187 0 260 0 261 0 186 0 187 0 240 0 186 0 261 0 40 0 70 0 38 0 42 0 70 0 40 0 169 0 52 0 54 0 171 0 52 0 169 0 174 0 62 0 64 0 172 0 62 0 174 0 172 0 60 0 62 0 170 0 60 0 172 0 170 0 58 0 60 0 168 0 58 0 170 0 178 0 55 0 53 0 180 0 55 0 178 0 41 0 253 0 183 0 39 0 253 0 41 0 142 0 274 0 122 0 140 0 274 0 142 0 203 0 271 0 133 0 205 0 271 0 203 0 30 0 0 0 1 0 28 0 0 0 30 0 3 0 268 0 1 0 5 0 268 0 3 0 14 0 270 0 16 0 12 0 270 0 14 0 168 0 56 0 58 0 253 0 39 0 37 0 186 0 240 0 99 0 24 0 265 0 26 0 221 0 223 0 273 0 282 0 281 0 280 0 283 0 281 0 282 0 284 0 283 0 282 0 285 0 283 0 284 0 286 0 285 0 284 0 287 0 285 0 286 0 288 0 287 0 286 0 289 0 287 0 288 0 290 0 289 0 288 0 291 0 289 0 290 0 292 0 291 0 290 0 293 0 291 0 292 0 294 0 293 0 292 0 295 0 293 0 294 0 296 0 295 0 294 0 297 0 295 0 296 0 298 0 297 0 296 0 299 0 297 0 298 0 300 0 299 0 298 0 301 0 299 0 300 0 302 0 301 0 300 0 303 0 301 0 302 0 304 0 303 0 302 0 305 0 303 0 304 0 306 0 305 0 304 0 307 0 305 0 306 0 308 0 307 0 306 0 309 0 307 0 308 0 285 0 309 0 308 0 310 0 309 0 285 0 287 0 310 0 285 0 289 0 310 0 287 0 313 0 312 0 311 0 314 0 312 0 313 0 315 0 314 0 313 0 316 0 314 0 315 0 317 0 316 0 315 0 318 0 316 0 317 0 319 0 318 0 317 0 320 0 318 0 319 0 321 0 320 0 319 0 322 0 320 0 321 0 323 0 322 0 321 0 324 0 322 0 323 0 325 0 324 0 323 0 326 0 324 0 325 0 327 0 326 0 325 0 328 0 326 0 327 0 329 0 328 0 327 0 330 0 328 0 329 0 331 0 330 0 329 0 332 0 330 0 331 0 333 0 332 0 331 0 334 0 332 0 333 0 335 0 334 0 333 0 336 0 334 0 335 0 337 0 336 0 335 0 338 0 336 0 337 0 339 0 338 0 337 0 316 0 338 0 339 0 314 0 316 0 339 0 342 0 341 0 340 0 343 0 341 0 342 0 344 0 343 0 342 0 345 0 343 0 344 0 346 0 345 0 344 0 347 0 345 0 346 0 348 0 347 0 346 0 349 0 347 0 348 0 350 0 349 0 348 0 351 0 349 0 350 0 352 0 351 0 350 0 353 0 351 0 352 0 354 0 353 0 352 0 355 0 353 0 354 0 356 0 355 0 354 0 357 0 355 0 356 0 358 0 357 0 356 0 359 0 357 0 358 0 360 0 359 0 358 0 361 0 359 0 360 0 362 0 361 0 360 0 363 0 361 0 362 0 364 0 363 0 362 0 365 0 363 0 364 0 366 0 365 0 364 0 367 0 365 0 366 0 370 0 369 0 368 0 371 0 369 0 370 0 372 0 371 0 370 0 373 0 371 0 372 0 374 0 373 0 372 0 375 0 373 0 374 0 376 0 375 0 374 0 377 0 375 0 376 0 378 0 377 0 376 0 379 0 377 0 378 0 380 0 379 0 378 0 381 0 379 0 380 0 382 0 381 0 380 0 383 0 381 0 382 0 368 0 383 0 382 0 369 0 383 0 368 0 366 0 370 0 367 0 372 0 370 0 366 0 384 0 372 0 366 0 374 0 372 0 384 0 385 0 374 0 384 0 376 0 374 0 385 0 386 0 376 0 385 0 378 0 376 0 386 0 340 0 378 0 386 0 380 0 378 0 340 0 341 0 380 0 340 0 382 0 380 0 341 0 387 0 382 0 341 0 368 0 382 0 387 0 367 0 368 0 387 0 370 0 368 0 367 0 339 0 312 0 314 0 388 0 312 0 339 0 337 0 388 0 339 0 389 0 388 0 337 0 335 0 389 0 337 0 390 0 389 0 335 0 333 0 390 0 335 0 391 0 390 0 333 0 331 0 391 0 333 0 392 0 391 0 331 0 329 0 392 0 331 0 327 0 392 0 329 0 393 0 297 0 299 0 394 0 297 0 393 0 395 0 394 0 393 0 396 0 394 0 395 0 397 0 396 0 395 0 398 0 396 0 397 0 399 0 398 0 397 0 400 0 398 0 399 0 401 0 400 0 399 0 289 0 400 0 401 0 310 0 289 0 401 0 404 0 403 0 402 0 405 0 403 0 404 0 379 0 405 0 404 0 406 0 405 0 379 0 381 0 406 0 379 0 407 0 406 0 381 0 383 0 407 0 381 0 408 0 407 0 383 0 369 0 408 0 383 0 409 0 408 0 369 0 371 0 409 0 369 0 388 0 311 0 312 0 410 0 311 0 388 0 389 0 410 0 388 0 411 0 410 0 389 0 390 0 411 0 389 0 412 0 411 0 390 0 391 0 412 0 390 0 413 0 412 0 391 0 392 0 413 0 391 0 325 0 413 0 392 0 327 0 325 0 392 0 318 0 338 0 316 0 414 0 338 0 318 0 320 0 414 0 318 0 415 0 414 0 320 0 322 0 415 0 320 0 416 0 415 0 322 0 324 0 416 0 322 0 417 0 416 0 324 0 326 0 417 0 324 0 328 0 417 0 326 0 401 0 309 0 310 0 307 0 309 0 401 0 399 0 307 0 401 0 305 0 307 0 399 0 397 0 305 0 399 0 303 0 305 0 397 0 395 0 303 0 397 0 301 0 303 0 395 0 393 0 301 0 395 0 299 0 301 0 393 0 323 0 413 0 325 0 418 0 413 0 323 0 321 0 418 0 323 0 419 0 418 0 321 0 319 0 419 0 321 0 420 0 419 0 319 0 317 0 420 0 319 0 421 0 420 0 317 0 315 0 421 0 317 0 313 0 421 0 315 0 422 0 385 0 384 0 423 0 385 0 422 0 424 0 423 0 422 0 425 0 423 0 424 0 426 0 425 0 424 0 427 0 425 0 426 0 428 0 427 0 426 0 344 0 427 0 428 0 346 0 344 0 428 0 414 0 336 0 338 0 429 0 336 0 414 0 415 0 429 0 414 0 430 0 429 0 415 0 416 0 430 0 415 0 431 0 430 0 416 0 417 0 431 0 416 0 328 0 431 0 417 0 353 0 432 0 351 0 433 0 432 0 353 0 434 0 433 0 353 0 435 0 433 0 434 0 436 0 435 0 434 0 437 0 435 0 436 0 359 0 437 0 436 0 361 0 437 0 359 0 418 0 412 0 413 0 438 0 412 0 418 0 419 0 438 0 418 0 439 0 438 0 419 0 420 0 439 0 419 0 440 0 439 0 420 0 421 0 440 0 420 0 313 0 440 0 421 0 441 0 304 0 302 0 442 0 304 0 441 0 443 0 442 0 441 0 280 0 442 0 443 0 444 0 280 0 443 0 445 0 280 0 444 0 288 0 445 0 444 0 286 0 445 0 288 0 446 0 371 0 373 0 409 0 371 0 446 0 447 0 409 0 446 0 403 0 409 0 447 0 448 0 403 0 447 0 402 0 403 0 448 0 446 0 402 0 448 0 373 0 402 0 446 0 343 0 387 0 341 0 449 0 387 0 343 0 345 0 449 0 343 0 450 0 449 0 345 0 451 0 450 0 345 0 363 0 450 0 451 0 361 0 363 0 451 0 444 0 290 0 288 0 292 0 290 0 444 0 443 0 292 0 444 0 294 0 292 0 443 0 452 0 294 0 443 0 296 0 294 0 452 0 298 0 296 0 452 0 291 0 400 0 289 0 398 0 400 0 291 0 453 0 398 0 291 0 396 0 398 0 453 0 454 0 396 0 453 0 394 0 396 0 454 0 297 0 394 0 454 0 429 0 334 0 336 0 455 0 334 0 429 0 430 0 455 0 429 0 456 0 455 0 430 0 431 0 456 0 430 0 328 0 456 0 431 0 428 0 348 0 346 0 457 0 348 0 428 0 426 0 457 0 428 0 458 0 457 0 426 0 424 0 458 0 426 0 358 0 458 0 424 0 438 0 411 0 412 0 459 0 411 0 438 0 439 0 459 0 438 0 460 0 459 0 439 0 440 0 460 0 439 0 313 0 460 0 440 0 364 0 384 0 366 0 422 0 384 0 364 0 362 0 422 0 364 0 424 0 422 0 362 0 360 0 424 0 362 0 358 0 424 0 360 0 341 0 367 0 387 0 366 0 367 0 341 0 340 0 366 0 341 0 384 0 366 0 340 0 386 0 384 0 340 0 385 0 384 0 386 0 387 0 340 0 341 0 386 0 340 0 387 0 367 0 386 0 387 0 385 0 386 0 367 0 366 0 385 0 367 0 384 0 385 0 366 0 457 0 350 0 348 0 461 0 350 0 457 0 458 0 461 0 457 0 356 0 461 0 458 0 358 0 356 0 458 0 455 0 332 0 334 0 462 0 332 0 455 0 456 0 462 0 455 0 328 0 462 0 456 0 459 0 410 0 411 0 463 0 410 0 459 0 460 0 463 0 459 0 313 0 463 0 460 0 293 0 453 0 291 0 464 0 453 0 293 0 295 0 464 0 293 0 297 0 464 0 295 0 423 0 386 0 385 0 465 0 386 0 423 0 425 0 465 0 423 0 427 0 465 0 425 0 466 0 283 0 285 0 281 0 283 0 466 0 306 0 281 0 466 0 304 0 281 0 306 0 465 0 340 0 386 0 342 0 340 0 465 0 427 0 342 0 465 0 344 0 342 0 427 0 405 0 409 0 403 0 408 0 409 0 405 0 406 0 408 0 405 0 407 0 408 0 406 0 375 0 402 0 373 0 404 0 402 0 375 0 377 0 404 0 375 0 379 0 404 0 377 0 365 0 450 0 363 0 449 0 450 0 365 0 367 0 449 0 365 0 387 0 449 0 367 0 467 0 433 0 435 0 432 0 433 0 467 0 349 0 432 0 467 0 351 0 432 0 349 0 468 0 435 0 437 0 467 0 435 0 468 0 347 0 467 0 468 0 349 0 467 0 347 0 436 0 357 0 359 0 469 0 357 0 436 0 434 0 469 0 436 0 353 0 469 0 434 0 451 0 437 0 361 0 468 0 437 0 451 0 345 0 468 0 451 0 347 0 468 0 345 0 445 0 282 0 280 0 284 0 282 0 445 0 286 0 284 0 445 0 441 0 452 0 443 0 300 0 452 0 441 0 302 0 300 0 441 0 461 0 352 0 350 0 354 0 352 0 461 0 356 0 354 0 461 0 311 0 463 0 313 0 410 0 463 0 311 0 330 0 462 0 328 0 332 0 462 0 330 0 355 0 469 0 353 0 357 0 469 0 355 0 442 0 281 0 304 0 280 0 281 0 442 0 454 0 464 0 297 0 453 0 464 0 454 0 308 0 466 0 285 0 306 0 466 0 308 0 448 0 447 0 446 0 452 0 300 0 298 0</p>
                </polylist>
            </mesh>
        </geometry>
        <geometry id="mesh1">
            <mesh>
                <source id="points1">
                    <float_array id="pointarray1" count="9">-0.005091036900501703 213.62149928777615 32.578141678663286 -0.00509384608516972 213.71525097297453 32.54298992296556 -0.005087666395975764 213.62150265860384 32.50782917882487</float_array>
                    <technique_common>
                        <accessor count="3" source="#pointarray1" stride="3">
                            <param name="X" type="float"/>
                            <param name="Y" type="float"/>
                            <param name="Z" type="float"/>
                        </accessor>
                    </technique_common>
                </source>
                <source id="uvs1">
                    <float_array id="uvarray1" count="2">0 1</float_array>
                    <technique_common>
                        <accessor count="1" source="#uvarray1" stride="2">
                            <param name="S" type="float"/>
                            <param name="T" type="float"/>
                        </accessor>
                    </technique_common>
                </source>
                <vertices id="vertices1">
                    <input semantic="POSITION" source="#points1"/>
                </vertices>
                <polylist count="1" material="Material1">
                    <input offset="0" semantic="VERTEX" source="#vertices1"/>
                    <input offset="1" semantic="TEXCOORD" source="#uvs1" set="0"/>
                    <vcount>3</vcount>
                    <p>2 0 1 0 0 0</p>
                </polylist>
            </mesh>
        </geometry>
        <geometry id="mesh2">
            <mesh>
                <source id="points2">
                    <float_array id="pointarray2" count="9">128.53281520587737 188.2308465835911 2.5087988611210967 128.49766779162832 188.13709327089282 2.5087922455402705 128.4625027063176 188.2308399571464 2.508794617932334</float_array>
                    <technique_common>
                        <accessor count="3" source="#pointarray2" stride="3">
                            <param name="X" type="float"/>
                            <param name="Y" type="float"/>
                            <param name="Z" type="float"/>
                        </accessor>
                    </technique_common>
                </source>
                <source id="uvs2">
                    <float_array id="uvarray2" count="2">0 1</float_array>
                    <technique_common>
                        <accessor count="1" source="#uvarray2" stride="2">
                            <param name="S" type="float"/>
                            <param name="T" type="float"/>
                        </accessor>
                    </technique_common>
                </source>
                <vertices id="vertices2">
                    <input semantic="POSITION" source="#points2"/>
                </vertices>
                <polylist count="1" material="Material1">
                    <input offset="0" semantic="VERTEX" source="#vertices2"/>
                    <input offset="1" semantic="TEXCOORD" source="#uvs2" set="0"/>
                    <vcount>3</vcount>
                    <p>2 0 1 0 0 0</p>
                </polylist>
            </mesh>
        </geometry>
        <geometry id="mesh3">
            <mesh>
                <source id="points3">
                    <float_array id="pointarray3" count="9">-128.5376774401813 188.21852101374535 2.4969410731556483 -128.50252103686051 188.12477107129695 2.4969378278247243 -128.4673649402258 188.21852112863286 2.4969435712991115</float_array>
                    <technique_common>
                        <accessor count="3" source="#pointarray3" stride="3">
                            <param name="X" type="float"/>
                            <param name="Y" type="float"/>
                            <param name="Z" type="float"/>
                        </accessor>
                    </technique_common>
                </source>
                <source id="uvs3">
                    <float_array id="uvarray3" count="2">0 1</float_array>
                    <technique_common>
                        <accessor count="1" source="#uvarray3" stride="2">
                            <param name="S" type="float"/>
                            <param name="T" type="float"/>
                        </accessor>
                    </technique_common>
                </source>
                <vertices id="vertices3">
                    <input semantic="POSITION" source="#points3"/>
                </vertices>
                <polylist count="1" material="Material1">
                    <input offset="0" semantic="VERTEX" source="#vertices3"/>
                    <input offset="1" semantic="TEXCOORD" source="#uvs3" set="0"/>
                    <vcount>3</vcount>
                    <p>2 0 1 0 0 0</p>
                </polylist>
            </mesh>
        </geometry>
    </library_geometries>
    <library_controllers>
        <controller id="controller0">
            <skin source="#mesh0">
                <bind_shape_matrix>1 0 0 0 0 1 0 0 0 0 1 0 0 0 0 1</bind_shape_matrix>
                <source id="joints0">
                    <Name_array id="JointArr0" count="35">jointnode-1 jointnode0 jointnode1 jointnode2 jointnode3 jointnode4 jointnode5 jointnode6 jointnode7 jointnode8 jointnode9 jointnode10 jointnode11 jointnode12 jointnode13 jointnode14 jointnode15 jointnode16 jointnode17 jointnode18 jointnode19 jointnode20 jointnode21 jointnode22 jointnode23 jointnode24 jointnode25 jointnode26 jointnode27 jointnode28 jointnode29 jointnode30 jointnode31 jointnode32 jointnode33</Name_array>
                    <technique_common>
                        <accessor source="#JointArr0" count="35">
                            <param name="JOINT" type="Name" />
                        </accessor>
                    </technique_common>
                </source>
                <source id="matrices0">
                    <float_array id="MatArr0" count="560">1 0 0 0 0 1 0 0 0 0 1 0 0 0 0 1 1 0 0 0 0 1 0 0 0 0 1 0 0 0 0 1 1 0 0 0 0 1 0 -125.14652252197266 0 0 1 0 0 0 0 1 1 0 0 0 0 1 0 0 0 0 1 -100 0 0 0 1 1 0 0 -100 0 1 0 0 0 0 1 0 0 0 0 1 1 0 0 100 0 1 0 0 0 0 1 0 0 0 0 1 1 0 0 0 0 1 0 -93 0 0 1 0 0 0 0 1 0.00004793836256601856 -0.9999999988509567 -4.386559881474326e-18 137.49999984200656 0.00004793836251091911 2.2980866055094973e-9 -0.9999999988509567 2.499999681140483 0.9999999977019134 0.00004793836251091911 0.00004793836256601856 -0.006711370751666425 0 0 0 1 0.00004782332063778632 -0.9999971262495844 0.0023969158313184714 124.99964076691079 -0.0000480531290230205 0.0023969135332384717 0.9999971262440761 -0.2996141600217846 -0.9999999977019134 -0.00004793836251091881 -0.00004793836256589609 21.256711370751667 0 0 0 1 0.00004782332063778632 -0.9999971262495844 0.0023969158313184714 67.4996407669108 -0.0000480531290230205 0.0023969135332384717 0.9999971262440761 -1.4008831667509107 -0.9999999977019134 -0.00004793836251091881 -0.00004793836256589609 21.256711370751667 0 0 0 1 0.00004793836256601826 -0.9999999988509566 -4.826125313346229e-18 22.49968509854454 -0.000047938362510796644 -2.298086605503612e-9 0.9999999988509567 0.008469682686320267 -0.9999999977019135 -0.00004793836251091881 -0.000047938362565896096 21.256711370751667 0 0 0 1 -0.00004793606436910788 -0.00004794066059752197 0.9999999977019134 -21.241170770282864 -0.00004794066059753787 0.9999999977018031 0.00004793836251092393 -7.500703374108886 -0.9999999977019135 -0.00004793836251091881 -0.0000479383625658961 19.381712324425983 0 0 0 1 0.000047818713241344304 -0.999996891845205 0.0024927922697969397 124.99961146636639 -0.00004805771394552241 0.002492789971717479 0.9999968918394764 -0.3115987148302857 -0.9999999977019135 -0.00004793836251091882 -0.00004793836256589611 -21.243288629248337 0 0 0 1 0.000047823320637786314 -0.9999971262495845 0.002396915831318472 67.49969921769808 -0.00004805312902302051 0.0023969135332384717 0.9999971262440762 -1.3894660937520027 -0.9999999977019134 -0.000047938362510918806 -0.0000479383625658961 -21.243287629248336 0 0 0 1 0.00004793836256601825 -0.9999999988509567 -4.392444444352028e-18 22.499673351615183 -0.00004793836251079665 -2.2980866059372924e-9 0.9999999988509568 0.0075178073292536405 -0.9999999977019135 -0.000047938362510918806 -0.00004793836256589611 -21.24328662924834 0 0 0 1 -0.000047936064369107886 -0.00004794066059752241 0.9999999977019135 -21.242122646201963 -0.000047940660597537865 0.9999999977018033 0.0000479383625109235 -7.500691672810881 -0.9999999977019135 -0.000047938362510918806 -0.000047938362565896116 -19.368287582922655 0 0 0 1 -0.000058713617795048536 0.965915484345868 0.25885763201729006 -143.11967803810631 -0.00003389519569432086 -0.2588576342370475 0.9659154849407453 35.76671231838945 0.9999999977019135 0.00004793836251091912 0.000047938362566018563 -0.006711370751666425 0 0 0 1 -0.00006370548882742022 0.42257722554517396 0.9063269191589503 -103.53578547669453 0.000023190168153741 -0.9063269201300692 0.42257722762799177 179.03395883068944 0.9999999977019134 0.00004793836251091912 0.000047938362566018563 -0.006711370751666426 0 0 0 1 -0.00004793606436923036 -0.000047940660597482686 0.9999999977019136 -32.532744442046486 0.00004794066059753818 -0.9999999977018035 -0.00004793836251077582 213.7168107836653 0.9999999977019134 0.00004793836251091912 0.00004793836256601857 -0.006711370751666426 0 0 0 1 -0.00004793606436923036 -0.000047940660597482686 0.9999999977019136 -32.532744442046486 0.00004794066059753818 -0.9999999977018035 -0.00004793836251077582 213.7168107836653 0.9999999977019134 0.00004793836251091912 0.00004793836256601857 -0.006711370751666426 0 0 0 1 -0.00006779508197298451 0.7070220298179067 0.7071915191488048 -216.14257639122403 8.125002052705607e-9 -0.7071915207736028 0.7070220314430941 149.635074294782 0.9999999977019134 0.000047938362510919124 0.00004793836256601857 -0.00671437075177254 0 0 0 1 0.9999999937382356 0.00009424276915255065 0.00006034757352756114 -12.515549502784342 -0.00006033853753039688 -0.00009587990486030716 0.9999999935831527 -12.483467005891493 0.00009424855466745052 -0.9999999909626723 -0.00009587421778905237 187.50021837966287 0 0 0 1 0.9999904261750173 0.0000938282239882645 0.004374786231528593 -47.525822031855874 0.004374777196284624 0.00009628561718526283 -0.9999904259809506 2.2784409400427292 -0.00009424855466744996 0.9999999909626722 0.00009587421778892991 -188.12521837966284 0 0 0 1 0.9999857721696648 0.00009373586538076876 0.005333542146341052 -88.0268516763412 0.005333533111287301 0.00009637553234538999 -0.9999857719669354 1.027748157438637 -0.00009424855466744996 0.9999999909626722 0.00009587421778892991 -188.12522737966313 0 0 0 1 0.9999999937382356 0.00009424276915255062 0.00006034757352756202 -128.5155489471808 -0.00009424566202846592 0.9999999944099547 0.000047935855420453135 -188.12510213253023 -0.00006034305558245018 -0.00004794154261732291 0.9999999970301623 -2.4920187137049066 0 0 0 1 0.9999999937382356 0.00009424276915255062 0.00006034757352756202 -128.5155489471808 -0.00009424566202846592 0.9999999944099547 0.000047935855420453135 -188.12510213253023 -0.00006034305558245018 -0.00004794154261732291 0.9999999970301623 -2.4920187137049066 0 0 0 1 -0.9999999993675048 -0.0000016339557591210803 -0.000035529151494309486 -12.502124853947798 -0.00003552899466944897 -0.00009587871553144504 0.9999999947724816 -12.483467172421195 -0.000001637362239988157 0.9999999954023013 0.00009587865741798285 -187.50021900129923 0 0 0 1 -0.9999999993675048 -0.0000016339557591210805 -0.00003552915149430949 -47.50212485394781 0.00003552899466944897 0.0000958787155315675 -0.9999999947724816 2.4834662187468526 0.0000016373622399881615 -0.9999999954023013 -0.00009587865741810531 188.1252200145782 0 0 0 1 -0.9999999993675048 -0.0000016339557591210805 -0.00003552915149430949 -88.00212485394783 0.00003552899466944897 0.0000958787155315675 -0.9999999947724816 1.5034312117468829 0.0000016373622399881615 -0.9999999954023013 -0.00009587865741810531 188.1252180145782 0 0 0 1 -0.9999999993675048 -0.0000016339557591210803 -0.000035529151494309486 -128.5021248539478 -0.0000016356590362786915 0.9999999988495266 0.000047940294992532895 -188.12510074511013 0.00003552907312108933 0.000047940353075802494 -0.9999999982197041 2.4924846308981095 0 0 0 1 -0.9999999993675048 -0.0000016339557591210803 -0.000035529151494309486 -128.5021248539478 -0.0000016356590362786915 0.9999999988495266 0.000047940294992532895 -188.12510074511013 0.00003552907312108933 0.000047940353075802494 -0.9999999982197041 2.4924846308981095 0 0 0 1 -0.00006497993935398544 0.47609605501609975 0.8793932807201308 -119.11936308336595 0.000019333408579237113 -0.8793932818142407 0.4760960570370218 166.93468174770567 0.9999999977019134 0.00004793836251091911 0.000047938362566018563 -0.0067133707516613735 0 0 0 1 0.00004609846769127282 -0.9992902085644959 0.03767063766460643 159.9495393562524 0.00004971020501120493 -0.037670635368150955 -0.9992902084779256 48.7942628054608 0.9999999977019134 0.00004793836251091911 0.000047938362566018563 -0.006712370751663897 0 0 0 1 0.00005095541360545738 -0.9978817226805179 -0.06505432302090859 136.88854397071228 0.00004471821809996589 0.06505432531412722 -0.9978817228300183 35.721019584148294 0.9999999977019135 0.00004793836251091912 0.00004793836256601857 -0.006712370751663898 0 0 0 1 0.000048222476669046967 -0.999982331199505 -0.0059443219459814406 110.71939702179397 -0.0000476525544921875 -0.005944324244027465 0.9999823312131657 -41.631187516710916 -0.9999999977019137 -0.00004793836251091985 -0.00004793836256589611 0.0067123707516588 0 0 0 1</float_array>
                    <technique_common>
                        <accessor source="#MatArr0" count="35" stride="16">
                            <param type="float4x4" />
                        </accessor>
                    </technique_common>
                </source>
                <source id="weights0">
                    <float_array id="WeightArr0" count="1">1</float_array>
                    <technique_common>
                        <accessor source="#WeightArr0" count="1">
                            <param type="float" />
                        </accessor>
                    </technique_common>
                </source>
                <joints>
                    <input semantic="JOINT" source="#joints0" />
                    <input semantic="INV_BIND_MATRIX" source="#matrices0" />
                </joints>
                <vertex_weights count="470">
                    <input semantic="JOINT" offset="0" source="#joints0" />
                    <input semantic="WEIGHT" offset="1" source="#weights0" />
                    <vcount>1 1 1 1 1 1 1 1 1 1 1 1 1 1 1 1 1 1 1 1 1 1 1 1 1 1 1 1 1 1 1 1 1 1 1 1 1 1 1 1 1 1 1 1 1 1 1 1 1 1 1 1 1 1 1 1 1 1 1 1 1 1 1 1 1 1 1 1 1 1 1 1 1 1 1 1 1 1 1 1 1 1 1 1 1 1 1 1 1 1 1 1 1 1 1 1 1 1 1 1 1 1 1 1 1 1 1 1 1 1 1 1 1 1 1 1 1 1 1 1 1 1 1 1 1 1 1 1 1 1 1 1 1 1 1 1 1 1 1 1 1 1 1 1 1 1 1 1 1 1 1 1 1 1 1 1 1 1 1 1 1 1 1 1 1 1 1 1 1 1 1 1 1 1 1 1 1 1 1 1 1 1 1 1 1 1 1 1 1 1 1 1 1 1 1 1 1 1 1 1 1 1 1 1 1 1 1 1 1 1 1 1 1 1 1 1 1 1 1 1 1 1 1 1 1 1 1 1 1 1 1 1 1 1 1 1 1 1 1 1 1 1 1 1 1 1 1 1 1 1 1 1 1 1 1 1 1 1 1 1 1 1 1 1 1 1 1 1 1 1 1 1 1 1 1 1 1 1 1 1 1 1 1 1 1 1 1 1 1 1 1 1 1 1 1 1 1 1 1 1 1 1 1 1 1 1 1 1 1 1 1 1 1 1 1 1 1 1 1 1 1 1 1 1 1 1 1 1 1 1 1 1 1 1 1 1 1 1 1 1 1 1 1 1 1 1 1 1 1 1 1 1 1 1 1 1 1 1 1 1 1 1 1 1 1 1 1 1 1 1 1 1 1 1 1 1 1 1 1 1 1 1 1 1 1 1 1 1 1 1 1 1 1 1 1 1 1 1 1 1 1 1 1 1 1 1 1 1 1 1 1 1 1 1 1 1 1 1 1 1 1 1 1 1 1 1 1 1 1 1 1 1 1 1 1 1 1 1 1 1 1 1 1 1 1 1 1 1 1 1 1 1 1 1 1 1 1 1 1 1 1 1 1 1 1 1 1 1 1 1</vcount>
                    <v>28 0 29 0 28 0 28 0 28 0 28 0 28 0 28 0 27 0 27 0 27 0 27 0 27 0 27 0 27 0 27 0 27 0 27 0 27 0 27 0 27 0 27 0 27 0 27 0 27 0 27 0 28 0 28 0 28 0 28 0 28 0 28 0 28 0 28 0 28 0 28 0 28 0 23 0 24 0 23 0 23 0 23 0 23 0 23 0 23 0 22 0 22 0 22 0 22 0 22 0 22 0 22 0 22 0 22 0 22 0 22 0 22 0 22 0 22 0 22 0 22 0 22 0 22 0 23 0 23 0 23 0 23 0 23 0 23 0 23 0 23 0 23 0 14 0 14 0 13 0 13 0 13 0 12 0 12 0 12 0 12 0 12 0 12 0 12 0 12 0 12 0 12 0 12 0 12 0 12 0 12 0 12 0 12 0 12 0 13 0 13 0 13 0 13 0 13 0 13 0 29 0 29 0 29 0 29 0 29 0 29 0 29 0 29 0 29 0 29 0 29 0 29 0 29 0 29 0 29 0 29 0 29 0 29 0 29 0 29 0 29 0 29 0 24 0 24 0 24 0 24 0 24 0 24 0 24 0 24 0 24 0 24 0 24 0 24 0 24 0 24 0 24 0 24 0 24 0 24 0 24 0 24 0 24 0 24 0 13 0 14 0 13 0 14 0 13 0 14 0 14 0 15 0 15 0 15 0 14 0 14 0 14 0 13 0 13 0 13 0 13 0 14 0 14 0 14 0 15 0 15 0 15 0 14 0 22 0 22 0 22 0 22 0 22 0 22 0 22 0 22 0 23 0 22 0 22 0 22 0 22 0 22 0 22 0 22 0 22 0 23 0 14 0 15 0 15 0 14 0 27 0 27 0 27 0 27 0 27 0 27 0 27 0 27 0 24 0 24 0 24 0 24 0 24 0 24 0 24 0 24 0 24 0 24 0 24 0 29 0 29 0 29 0 29 0 29 0 29 0 29 0 29 0 29 0 29 0 29 0 13 0 13 0 13 0 13 0 12 0 12 0 12 0 12 0 12 0 12 0 12 0 12 0 12 0 12 0 24 0 24 0 24 0 29 0 29 0 29 0 14 0 13 0 13 0 27 0 27 0 27 0 27 0 27 0 27 0 24 0 24 0 23 0 23 0 23 0 24 0 24 0 12 0 12 0 29 0 29 0 15 0 14 0 29 0 29 0 27 0 28 0 28 0 23 0 28 0 29 0 27 0 24 0 13 0 13 0 24 0 12 0 29 0 12 0 12 0 28 0 18 0 18 0 18 0 18 0 18 0 18 0 18 0 18 0 18 0 18 0 18 0 18 0 18 0 18 0 18 0 18 0 18 0 18 0 18 0 18 0 18 0 18 0 18 0 18 0 18 0 18 0 18 0 18 0 18 0 18 0 18 0 16 0 16 0 16 0 17 0 18 0 16 0 16 0 16 0 16 0 16 0 16 0 7 0 7 0 7 0 7 0 7 0 7 0 7 0 7 0 7 0 7 0 7 0 7 0 7 0 16 0 16 0 16 0 16 0 16 0 10 0 9 0 9 0 9 0 9 0 9 0 8 0 8 0 8 0 8 0 8 0 8 0 8 0 8 0 8 0 8 0 8 0 8 0 8 0 8 0 8 0 8 0 9 0 9 0 9 0 9 0 9 0 9 0 10 0 10 0 10 0 10 0 10 0 11 0 10 0 11 0 10 0 11 0 10 0 10 0 10 0 10 0 10 0 10 0 9 0 10 0 10 0 9 0 16 0 16 0 16 0 7 0 7 0 18 0 18 0 18 0 18 0 18 0 18 0 18 0 18 0 18 0 11 0 11 0 11 0 10 0 10 0 10 0 10 0 10 0 16 0 16 0 16 0 7 0 16 0 7 0 7 0 7 0 16 0 16 0 16 0 16 0 9 0 9 0 8 0 9 0 8 0 9 0 8 0 7 0 7 0 7 0 8 0 8 0 8 0 8 0 8 0 8 0 16 0 16 0 16 0 18 0 18 0 18 0 18 0 18 0 11 0 11 0 11 0 9 0 9 0 8 0 18 0 18 0 18 0 7 0 7 0 8 0 8 0 16 0 16 0 8 0 7 0 16 0 18 0 9 0 18 0 8 0 8 0 8 0</v>
                </vertex_weights>
            </skin>
        </controller>
        <controller id="controller1">
            <skin source="#mesh1">
                <bind_shape_matrix>1 0 0 0 0 1 0 0 0 0 1 0 0 0 0 1</bind_shape_matrix>
                <source id="joints1">
                    <Name_array id="JointArr1" count="35">jointnode-1 jointnode0 jointnode1 jointnode2 jointnode3 jointnode4 jointnode5 jointnode6 jointnode7 jointnode8 jointnode9 jointnode10 jointnode11 jointnode12 jointnode13 jointnode14 jointnode15 jointnode16 jointnode17 jointnode18 jointnode19 jointnode20 jointnode21 jointnode22 jointnode23 jointnode24 jointnode25 jointnode26 jointnode27 jointnode28 jointnode29 jointnode30 jointnode31 jointnode32 jointnode33</Name_array>
                    <technique_common>
                        <accessor source="#JointArr1" count="35">
                            <param name="JOINT" type="Name" />
                        </accessor>
                    </technique_common>
                </source>
                <source id="matrices1">
                    <float_array id="MatArr1" count="560">1 0 0 0 0 1 0 0 0 0 1 0 0 0 0 1 1 0 0 0 0 1 0 0 0 0 1 0 0 0 0 1 1 0 0 0 0 1 0 -125.14652252197266 0 0 1 0 0 0 0 1 1 0 0 0 0 1 0 0 0 0 1 -100 0 0 0 1 1 0 0 -100 0 1 0 0 0 0 1 0 0 0 0 1 1 0 0 100 0 1 0 0 0 0 1 0 0 0 0 1 1 0 0 0 0 1 0 -93 0 0 1 0 0 0 0 1 0.00004793836256601856 -0.9999999988509567 -4.386559881474326e-18 137.49999984200656 0.00004793836251091911 2.2980866055094973e-9 -0.9999999988509567 2.499999681140483 0.9999999977019134 0.00004793836251091911 0.00004793836256601856 -0.006711370751666425 0 0 0 1 0.00004782332063778632 -0.9999971262495844 0.0023969158313184714 124.99964076691079 -0.0000480531290230205 0.0023969135332384717 0.9999971262440761 -0.2996141600217846 -0.9999999977019134 -0.00004793836251091881 -0.00004793836256589609 21.256711370751667 0 0 0 1 0.00004782332063778632 -0.9999971262495844 0.0023969158313184714 67.4996407669108 -0.0000480531290230205 0.0023969135332384717 0.9999971262440761 -1.4008831667509107 -0.9999999977019134 -0.00004793836251091881 -0.00004793836256589609 21.256711370751667 0 0 0 1 0.00004793836256601826 -0.9999999988509566 -4.826125313346229e-18 22.49968509854454 -0.000047938362510796644 -2.298086605503612e-9 0.9999999988509567 0.008469682686320267 -0.9999999977019135 -0.00004793836251091881 -0.000047938362565896096 21.256711370751667 0 0 0 1 -0.00004793606436910788 -0.00004794066059752197 0.9999999977019134 -21.241170770282864 -0.00004794066059753787 0.9999999977018031 0.00004793836251092393 -7.500703374108886 -0.9999999977019135 -0.00004793836251091881 -0.0000479383625658961 19.381712324425983 0 0 0 1 0.000047818713241344304 -0.999996891845205 0.0024927922697969397 124.99961146636639 -0.00004805771394552241 0.002492789971717479 0.9999968918394764 -0.3115987148302857 -0.9999999977019135 -0.00004793836251091882 -0.00004793836256589611 -21.243288629248337 0 0 0 1 0.000047823320637786314 -0.9999971262495845 0.002396915831318472 67.49969921769808 -0.00004805312902302051 0.0023969135332384717 0.9999971262440762 -1.3894660937520027 -0.9999999977019134 -0.000047938362510918806 -0.0000479383625658961 -21.243287629248336 0 0 0 1 0.00004793836256601825 -0.9999999988509567 -4.392444444352028e-18 22.499673351615183 -0.00004793836251079665 -2.2980866059372924e-9 0.9999999988509568 0.0075178073292536405 -0.9999999977019135 -0.000047938362510918806 -0.00004793836256589611 -21.24328662924834 0 0 0 1 -0.000047936064369107886 -0.00004794066059752241 0.9999999977019135 -21.242122646201963 -0.000047940660597537865 0.9999999977018033 0.0000479383625109235 -7.500691672810881 -0.9999999977019135 -0.000047938362510918806 -0.000047938362565896116 -19.368287582922655 0 0 0 1 -0.000058713617795048536 0.965915484345868 0.25885763201729006 -143.11967803810631 -0.00003389519569432086 -0.2588576342370475 0.9659154849407453 35.76671231838945 0.9999999977019135 0.00004793836251091912 0.000047938362566018563 -0.006711370751666425 0 0 0 1 -0.00006370548882742022 0.42257722554517396 0.9063269191589503 -103.53578547669453 0.000023190168153741 -0.9063269201300692 0.42257722762799177 179.03395883068944 0.9999999977019134 0.00004793836251091912 0.000047938362566018563 -0.006711370751666426 0 0 0 1 -0.00004793606436923036 -0.000047940660597482686 0.9999999977019136 -32.532744442046486 0.00004794066059753818 -0.9999999977018035 -0.00004793836251077582 213.7168107836653 0.9999999977019134 0.00004793836251091912 0.00004793836256601857 -0.006711370751666426 0 0 0 1 -0.00004793606436923036 -0.000047940660597482686 0.9999999977019136 -32.532744442046486 0.00004794066059753818 -0.9999999977018035 -0.00004793836251077582 213.7168107836653 0.9999999977019134 0.00004793836251091912 0.00004793836256601857 -0.006711370751666426 0 0 0 1 -0.00006779508197298451 0.7070220298179067 0.7071915191488048 -216.14257639122403 8.125002052705607e-9 -0.7071915207736028 0.7070220314430941 149.635074294782 0.9999999977019134 0.000047938362510919124 0.00004793836256601857 -0.00671437075177254 0 0 0 1 0.9999999937382356 0.00009424276915255065 0.00006034757352756114 -12.515549502784342 -0.00006033853753039688 -0.00009587990486030716 0.9999999935831527 -12.483467005891493 0.00009424855466745052 -0.9999999909626723 -0.00009587421778905237 187.50021837966287 0 0 0 1 0.9999904261750173 0.0000938282239882645 0.004374786231528593 -47.525822031855874 0.004374777196284624 0.00009628561718526283 -0.9999904259809506 2.2784409400427292 -0.00009424855466744996 0.9999999909626722 0.00009587421778892991 -188.12521837966284 0 0 0 1 0.9999857721696648 0.00009373586538076876 0.005333542146341052 -88.0268516763412 0.005333533111287301 0.00009637553234538999 -0.9999857719669354 1.027748157438637 -0.00009424855466744996 0.9999999909626722 0.00009587421778892991 -188.12522737966313 0 0 0 1 0.9999999937382356 0.00009424276915255062 0.00006034757352756202 -128.5155489471808 -0.00009424566202846592 0.9999999944099547 0.000047935855420453135 -188.12510213253023 -0.00006034305558245018 -0.00004794154261732291 0.9999999970301623 -2.4920187137049066 0 0 0 1 0.9999999937382356 0.00009424276915255062 0.00006034757352756202 -128.5155489471808 -0.00009424566202846592 0.9999999944099547 0.000047935855420453135 -188.12510213253023 -0.00006034305558245018 -0.00004794154261732291 0.9999999970301623 -2.4920187137049066 0 0 0 1 -0.9999999993675048 -0.0000016339557591210803 -0.000035529151494309486 -12.502124853947798 -0.00003552899466944897 -0.00009587871553144504 0.9999999947724816 -12.483467172421195 -0.000001637362239988157 0.9999999954023013 0.00009587865741798285 -187.50021900129923 0 0 0 1 -0.9999999993675048 -0.0000016339557591210805 -0.00003552915149430949 -47.50212485394781 0.00003552899466944897 0.0000958787155315675 -0.9999999947724816 2.4834662187468526 0.0000016373622399881615 -0.9999999954023013 -0.00009587865741810531 188.1252200145782 0 0 0 1 -0.9999999993675048 -0.0000016339557591210805 -0.00003552915149430949 -88.00212485394783 0.00003552899466944897 0.0000958787155315675 -0.9999999947724816 1.5034312117468829 0.0000016373622399881615 -0.9999999954023013 -0.00009587865741810531 188.1252180145782 0 0 0 1 -0.9999999993675048 -0.0000016339557591210803 -0.000035529151494309486 -128.5021248539478 -0.0000016356590362786915 0.9999999988495266 0.000047940294992532895 -188.12510074511013 0.00003552907312108933 0.000047940353075802494 -0.9999999982197041 2.4924846308981095 0 0 0 1 -0.9999999993675048 -0.0000016339557591210803 -0.000035529151494309486 -128.5021248539478 -0.0000016356590362786915 0.9999999988495266 0.000047940294992532895 -188.12510074511013 0.00003552907312108933 0.000047940353075802494 -0.9999999982197041 2.4924846308981095 0 0 0 1 -0.00006497993935398544 0.47609605501609975 0.8793932807201308 -119.11936308336595 0.000019333408579237113 -0.8793932818142407 0.4760960570370218 166.93468174770567 0.9999999977019134 0.00004793836251091911 0.000047938362566018563 -0.0067133707516613735 0 0 0 1 0.00004609846769127282 -0.9992902085644959 0.03767063766460643 159.9495393562524 0.00004971020501120493 -0.037670635368150955 -0.9992902084779256 48.7942628054608 0.9999999977019134 0.00004793836251091911 0.000047938362566018563 -0.006712370751663897 0 0 0 1 0.00005095541360545738 -0.9978817226805179 -0.06505432302090859 136.88854397071228 0.00004471821809996589 0.06505432531412722 -0.9978817228300183 35.721019584148294 0.9999999977019135 0.00004793836251091912 0.00004793836256601857 -0.006712370751663898 0 0 0 1 0.000048222476669046967 -0.999982331199505 -0.0059443219459814406 110.71939702179397 -0.0000476525544921875 -0.005944324244027465 0.9999823312131657 -41.631187516710916 -0.9999999977019137 -0.00004793836251091985 -0.00004793836256589611 0.0067123707516588 0 0 0 1</float_array>
                    <technique_common>
                        <accessor source="#MatArr1" count="35" stride="16">
                            <param type="float4x4" />
                        </accessor>
                    </technique_common>
                </source>
                <source id="weights1">
                    <float_array id="WeightArr1" count="1">1</float_array>
                    <technique_common>
                        <accessor source="#WeightArr1" count="1">
                            <param type="float" />
                        </accessor>
                    </technique_common>
                </source>
                <joints>
                    <input semantic="JOINT" source="#joints1" />
                    <input semantic="INV_BIND_MATRIX" source="#matrices1" />
                </joints>
                <vertex_weights count="3">
                    <input semantic="JOINT" offset="0" source="#joints1" />
                    <input semantic="WEIGHT" offset="1" source="#weights1" />
                    <vcount>1 1 1</vcount>
                    <v>19 0 19 0 19 0</v>
                </vertex_weights>
            </skin>
        </controller>
        <controller id="controller2">
            <skin source="#mesh2">
                <bind_shape_matrix>1 0 0 0 0 1 0 0 0 0 1 0 0 0 0 1</bind_shape_matrix>
                <source id="joints2">
                    <Name_array id="JointArr2" count="35">jointnode-1 jointnode0 jointnode1 jointnode2 jointnode3 jointnode4 jointnode5 jointnode6 jointnode7 jointnode8 jointnode9 jointnode10 jointnode11 jointnode12 jointnode13 jointnode14 jointnode15 jointnode16 jointnode17 jointnode18 jointnode19 jointnode20 jointnode21 jointnode22 jointnode23 jointnode24 jointnode25 jointnode26 jointnode27 jointnode28 jointnode29 jointnode30 jointnode31 jointnode32 jointnode33</Name_array>
                    <technique_common>
                        <accessor source="#JointArr2" count="35">
                            <param name="JOINT" type="Name" />
                        </accessor>
                    </technique_common>
                </source>
                <source id="matrices2">
                    <float_array id="MatArr2" count="560">1 0 0 0 0 1 0 0 0 0 1 0 0 0 0 1 1 0 0 0 0 1 0 0 0 0 1 0 0 0 0 1 1 0 0 0 0 1 0 -125.14652252197266 0 0 1 0 0 0 0 1 1 0 0 0 0 1 0 0 0 0 1 -100 0 0 0 1 1 0 0 -100 0 1 0 0 0 0 1 0 0 0 0 1 1 0 0 100 0 1 0 0 0 0 1 0 0 0 0 1 1 0 0 0 0 1 0 -93 0 0 1 0 0 0 0 1 0.00004793836256601856 -0.9999999988509567 -4.386559881474326e-18 137.49999984200656 0.00004793836251091911 2.2980866055094973e-9 -0.9999999988509567 2.499999681140483 0.9999999977019134 0.00004793836251091911 0.00004793836256601856 -0.006711370751666425 0 0 0 1 0.00004782332063778632 -0.9999971262495844 0.0023969158313184714 124.99964076691079 -0.0000480531290230205 0.0023969135332384717 0.9999971262440761 -0.2996141600217846 -0.9999999977019134 -0.00004793836251091881 -0.00004793836256589609 21.256711370751667 0 0 0 1 0.00004782332063778632 -0.9999971262495844 0.0023969158313184714 67.4996407669108 -0.0000480531290230205 0.0023969135332384717 0.9999971262440761 -1.4008831667509107 -0.9999999977019134 -0.00004793836251091881 -0.00004793836256589609 21.256711370751667 0 0 0 1 0.00004793836256601826 -0.9999999988509566 -4.826125313346229e-18 22.49968509854454 -0.000047938362510796644 -2.298086605503612e-9 0.9999999988509567 0.008469682686320267 -0.9999999977019135 -0.00004793836251091881 -0.000047938362565896096 21.256711370751667 0 0 0 1 -0.00004793606436910788 -0.00004794066059752197 0.9999999977019134 -21.241170770282864 -0.00004794066059753787 0.9999999977018031 0.00004793836251092393 -7.500703374108886 -0.9999999977019135 -0.00004793836251091881 -0.0000479383625658961 19.381712324425983 0 0 0 1 0.000047818713241344304 -0.999996891845205 0.0024927922697969397 124.99961146636639 -0.00004805771394552241 0.002492789971717479 0.9999968918394764 -0.3115987148302857 -0.9999999977019135 -0.00004793836251091882 -0.00004793836256589611 -21.243288629248337 0 0 0 1 0.000047823320637786314 -0.9999971262495845 0.002396915831318472 67.49969921769808 -0.00004805312902302051 0.0023969135332384717 0.9999971262440762 -1.3894660937520027 -0.9999999977019134 -0.000047938362510918806 -0.0000479383625658961 -21.243287629248336 0 0 0 1 0.00004793836256601825 -0.9999999988509567 -4.392444444352028e-18 22.499673351615183 -0.00004793836251079665 -2.2980866059372924e-9 0.9999999988509568 0.0075178073292536405 -0.9999999977019135 -0.000047938362510918806 -0.00004793836256589611 -21.24328662924834 0 0 0 1 -0.000047936064369107886 -0.00004794066059752241 0.9999999977019135 -21.242122646201963 -0.000047940660597537865 0.9999999977018033 0.0000479383625109235 -7.500691672810881 -0.9999999977019135 -0.000047938362510918806 -0.000047938362565896116 -19.368287582922655 0 0 0 1 -0.000058713617795048536 0.965915484345868 0.25885763201729006 -143.11967803810631 -0.00003389519569432086 -0.2588576342370475 0.9659154849407453 35.76671231838945 0.9999999977019135 0.00004793836251091912 0.000047938362566018563 -0.006711370751666425 0 0 0 1 -0.00006370548882742022 0.42257722554517396 0.9063269191589503 -103.53578547669453 0.000023190168153741 -0.9063269201300692 0.42257722762799177 179.03395883068944 0.9999999977019134 0.00004793836251091912 0.000047938362566018563 -0.006711370751666426 0 0 0 1 -0.00004793606436923036 -0.000047940660597482686 0.9999999977019136 -32.532744442046486 0.00004794066059753818 -0.9999999977018035 -0.00004793836251077582 213.7168107836653 0.9999999977019134 0.00004793836251091912 0.00004793836256601857 -0.006711370751666426 0 0 0 1 -0.00004793606436923036 -0.000047940660597482686 0.9999999977019136 -32.532744442046486 0.00004794066059753818 -0.9999999977018035 -0.00004793836251077582 213.7168107836653 0.9999999977019134 0.00004793836251091912 0.00004793836256601857 -0.006711370751666426 0 0 0 1 -0.00006779508197298451 0.7070220298179067 0.7071915191488048 -216.14257639122403 8.125002052705607e-9 -0.7071915207736028 0.7070220314430941 149.635074294782 0.9999999977019134 0.000047938362510919124 0.00004793836256601857 -0.00671437075177254 0 0 0 1 0.9999999937382356 0.00009424276915255065 0.00006034757352756114 -12.515549502784342 -0.00006033853753039688 -0.00009587990486030716 0.9999999935831527 -12.483467005891493 0.00009424855466745052 -0.9999999909626723 -0.00009587421778905237 187.50021837966287 0 0 0 1 0.9999904261750173 0.0000938282239882645 0.004374786231528593 -47.525822031855874 0.004374777196284624 0.00009628561718526283 -0.9999904259809506 2.2784409400427292 -0.00009424855466744996 0.9999999909626722 0.00009587421778892991 -188.12521837966284 0 0 0 1 0.9999857721696648 0.00009373586538076876 0.005333542146341052 -88.0268516763412 0.005333533111287301 0.00009637553234538999 -0.9999857719669354 1.027748157438637 -0.00009424855466744996 0.9999999909626722 0.00009587421778892991 -188.12522737966313 0 0 0 1 0.9999999937382356 0.00009424276915255062 0.00006034757352756202 -128.5155489471808 -0.00009424566202846592 0.9999999944099547 0.000047935855420453135 -188.12510213253023 -0.00006034305558245018 -0.00004794154261732291 0.9999999970301623 -2.4920187137049066 0 0 0 1 0.9999999937382356 0.00009424276915255062 0.00006034757352756202 -128.5155489471808 -0.00009424566202846592 0.9999999944099547 0.000047935855420453135 -188.12510213253023 -0.00006034305558245018 -0.00004794154261732291 0.9999999970301623 -2.4920187137049066 0 0 0 1 -0.9999999993675048 -0.0000016339557591210803 -0.000035529151494309486 -12.502124853947798 -0.00003552899466944897 -0.00009587871553144504 0.9999999947724816 -12.483467172421195 -0.000001637362239988157 0.9999999954023013 0.00009587865741798285 -187.50021900129923 0 0 0 1 -0.9999999993675048 -0.0000016339557591210805 -0.00003552915149430949 -47.50212485394781 0.00003552899466944897 0.0000958787155315675 -0.9999999947724816 2.4834662187468526 0.0000016373622399881615 -0.9999999954023013 -0.00009587865741810531 188.1252200145782 0 0 0 1 -0.9999999993675048 -0.0000016339557591210805 -0.00003552915149430949 -88.00212485394783 0.00003552899466944897 0.0000958787155315675 -0.9999999947724816 1.5034312117468829 0.0000016373622399881615 -0.9999999954023013 -0.00009587865741810531 188.1252180145782 0 0 0 1 -0.9999999993675048 -0.0000016339557591210803 -0.000035529151494309486 -128.5021248539478 -0.0000016356590362786915 0.9999999988495266 0.000047940294992532895 -188.12510074511013 0.00003552907312108933 0.000047940353075802494 -0.9999999982197041 2.4924846308981095 0 0 0 1 -0.9999999993675048 -0.0000016339557591210803 -0.000035529151494309486 -128.5021248539478 -0.0000016356590362786915 0.9999999988495266 0.000047940294992532895 -188.12510074511013 0.00003552907312108933 0.000047940353075802494 -0.9999999982197041 2.4924846308981095 0 0 0 1 -0.00006497993935398544 0.47609605501609975 0.8793932807201308 -119.11936308336595 0.000019333408579237113 -0.8793932818142407 0.4760960570370218 166.93468174770567 0.9999999977019134 0.00004793836251091911 0.000047938362566018563 -0.0067133707516613735 0 0 0 1 0.00004609846769127282 -0.9992902085644959 0.03767063766460643 159.9495393562524 0.00004971020501120493 -0.037670635368150955 -0.9992902084779256 48.7942628054608 0.9999999977019134 0.00004793836251091911 0.000047938362566018563 -0.006712370751663897 0 0 0 1 0.00005095541360545738 -0.9978817226805179 -0.06505432302090859 136.88854397071228 0.00004471821809996589 0.06505432531412722 -0.9978817228300183 35.721019584148294 0.9999999977019135 0.00004793836251091912 0.00004793836256601857 -0.006712370751663898 0 0 0 1 0.000048222476669046967 -0.999982331199505 -0.0059443219459814406 110.71939702179397 -0.0000476525544921875 -0.005944324244027465 0.9999823312131657 -41.631187516710916 -0.9999999977019137 -0.00004793836251091985 -0.00004793836256589611 0.0067123707516588 0 0 0 1</float_array>
                    <technique_common>
                        <accessor source="#MatArr2" count="35" stride="16">
                            <param type="float4x4" />
                        </accessor>
                    </technique_common>
                </source>
                <source id="weights2">
                    <float_array id="WeightArr2" count="1">1</float_array>
                    <technique_common>
                        <accessor source="#WeightArr2" count="1">
                            <param type="float" />
                        </accessor>
                    </technique_common>
                </source>
                <joints>
                    <input semantic="JOINT" source="#joints2" />
                    <input semantic="INV_BIND_MATRIX" source="#matrices2" />
                </joints>
                <vertex_weights count="3">
                    <input semantic="JOINT" offset="0" source="#joints2" />
                    <input semantic="WEIGHT" offset="1" source="#weights2" />
                    <vcount>1 1 1</vcount>
                    <v>25 0 25 0 25 0</v>
                </vertex_weights>
            </skin>
        </controller>
        <controller id="controller3">
            <skin source="#mesh3">
                <bind_shape_matrix>1 0 0 0 0 1 0 0 0 0 1 0 0 0 0 1</bind_shape_matrix>
                <source id="joints3">
                    <Name_array id="JointArr3" count="35">jointnode-1 jointnode0 jointnode1 jointnode2 jointnode3 jointnode4 jointnode5 jointnode6 jointnode7 jointnode8 jointnode9 jointnode10 jointnode11 jointnode12 jointnode13 jointnode14 jointnode15 jointnode16 jointnode17 jointnode18 jointnode19 jointnode20 jointnode21 jointnode22 jointnode23 jointnode24 jointnode25 jointnode26 jointnode27 jointnode28 jointnode29 jointnode30 jointnode31 jointnode32 jointnode33</Name_array>
                    <technique_common>
                        <accessor source="#JointArr3" count="35">
                            <param name="JOINT" type="Name" />
                        </accessor>
                    </technique_common>
                </source>
                <source id="matrices3">
                    <float_array id="MatArr3" count="560">1 0 0 0 0 1 0 0 0 0 1 0 0 0 0 1 1 0 0 0 0 1 0 0 0 0 1 0 0 0 0 1 1 0 0 0 0 1 0 -125.14652252197266 0 0 1 0 0 0 0 1 1 0 0 0 0 1 0 0 0 0 1 -100 0 0 0 1 1 0 0 -100 0 1 0 0 0 0 1 0 0 0 0 1 1 0 0 100 0 1 0 0 0 0 1 0 0 0 0 1 1 0 0 0 0 1 0 -93 0 0 1 0 0 0 0 1 0.00004793836256601856 -0.9999999988509567 -4.386559881474326e-18 137.49999984200656 0.00004793836251091911 2.2980866055094973e-9 -0.9999999988509567 2.499999681140483 0.9999999977019134 0.00004793836251091911 0.00004793836256601856 -0.006711370751666425 0 0 0 1 0.00004782332063778632 -0.9999971262495844 0.0023969158313184714 124.99964076691079 -0.0000480531290230205 0.0023969135332384717 0.9999971262440761 -0.2996141600217846 -0.9999999977019134 -0.00004793836251091881 -0.00004793836256589609 21.256711370751667 0 0 0 1 0.00004782332063778632 -0.9999971262495844 0.0023969158313184714 67.4996407669108 -0.0000480531290230205 0.0023969135332384717 0.9999971262440761 -1.4008831667509107 -0.9999999977019134 -0.00004793836251091881 -0.00004793836256589609 21.256711370751667 0 0 0 1 0.00004793836256601826 -0.9999999988509566 -4.826125313346229e-18 22.49968509854454 -0.000047938362510796644 -2.298086605503612e-9 0.9999999988509567 0.008469682686320267 -0.9999999977019135 -0.00004793836251091881 -0.000047938362565896096 21.256711370751667 0 0 0 1 -0.00004793606436910788 -0.00004794066059752197 0.9999999977019134 -21.241170770282864 -0.00004794066059753787 0.9999999977018031 0.00004793836251092393 -7.500703374108886 -0.9999999977019135 -0.00004793836251091881 -0.0000479383625658961 19.381712324425983 0 0 0 1 0.000047818713241344304 -0.999996891845205 0.0024927922697969397 124.99961146636639 -0.00004805771394552241 0.002492789971717479 0.9999968918394764 -0.3115987148302857 -0.9999999977019135 -0.00004793836251091882 -0.00004793836256589611 -21.243288629248337 0 0 0 1 0.000047823320637786314 -0.9999971262495845 0.002396915831318472 67.49969921769808 -0.00004805312902302051 0.0023969135332384717 0.9999971262440762 -1.3894660937520027 -0.9999999977019134 -0.000047938362510918806 -0.0000479383625658961 -21.243287629248336 0 0 0 1 0.00004793836256601825 -0.9999999988509567 -4.392444444352028e-18 22.499673351615183 -0.00004793836251079665 -2.2980866059372924e-9 0.9999999988509568 0.0075178073292536405 -0.9999999977019135 -0.000047938362510918806 -0.00004793836256589611 -21.24328662924834 0 0 0 1 -0.000047936064369107886 -0.00004794066059752241 0.9999999977019135 -21.242122646201963 -0.000047940660597537865 0.9999999977018033 0.0000479383625109235 -7.500691672810881 -0.9999999977019135 -0.000047938362510918806 -0.000047938362565896116 -19.368287582922655 0 0 0 1 -0.000058713617795048536 0.965915484345868 0.25885763201729006 -143.11967803810631 -0.00003389519569432086 -0.2588576342370475 0.9659154849407453 35.76671231838945 0.9999999977019135 0.00004793836251091912 0.000047938362566018563 -0.006711370751666425 0 0 0 1 -0.00006370548882742022 0.42257722554517396 0.9063269191589503 -103.53578547669453 0.000023190168153741 -0.9063269201300692 0.42257722762799177 179.03395883068944 0.9999999977019134 0.00004793836251091912 0.000047938362566018563 -0.006711370751666426 0 0 0 1 -0.00004793606436923036 -0.000047940660597482686 0.9999999977019136 -32.532744442046486 0.00004794066059753818 -0.9999999977018035 -0.00004793836251077582 213.7168107836653 0.9999999977019134 0.00004793836251091912 0.00004793836256601857 -0.006711370751666426 0 0 0 1 -0.00004793606436923036 -0.000047940660597482686 0.9999999977019136 -32.532744442046486 0.00004794066059753818 -0.9999999977018035 -0.00004793836251077582 213.7168107836653 0.9999999977019134 0.00004793836251091912 0.00004793836256601857 -0.006711370751666426 0 0 0 1 -0.00006779508197298451 0.7070220298179067 0.7071915191488048 -216.14257639122403 8.125002052705607e-9 -0.7071915207736028 0.7070220314430941 149.635074294782 0.9999999977019134 0.000047938362510919124 0.00004793836256601857 -0.00671437075177254 0 0 0 1 0.9999999937382356 0.00009424276915255065 0.00006034757352756114 -12.515549502784342 -0.00006033853753039688 -0.00009587990486030716 0.9999999935831527 -12.483467005891493 0.00009424855466745052 -0.9999999909626723 -0.00009587421778905237 187.50021837966287 0 0 0 1 0.9999904261750173 0.0000938282239882645 0.004374786231528593 -47.525822031855874 0.004374777196284624 0.00009628561718526283 -0.9999904259809506 2.2784409400427292 -0.00009424855466744996 0.9999999909626722 0.00009587421778892991 -188.12521837966284 0 0 0 1 0.9999857721696648 0.00009373586538076876 0.005333542146341052 -88.0268516763412 0.005333533111287301 0.00009637553234538999 -0.9999857719669354 1.027748157438637 -0.00009424855466744996 0.9999999909626722 0.00009587421778892991 -188.12522737966313 0 0 0 1 0.9999999937382356 0.00009424276915255062 0.00006034757352756202 -128.5155489471808 -0.00009424566202846592 0.9999999944099547 0.000047935855420453135 -188.12510213253023 -0.00006034305558245018 -0.00004794154261732291 0.9999999970301623 -2.4920187137049066 0 0 0 1 0.9999999937382356 0.00009424276915255062 0.00006034757352756202 -128.5155489471808 -0.00009424566202846592 0.9999999944099547 0.000047935855420453135 -188.12510213253023 -0.00006034305558245018 -0.00004794154261732291 0.9999999970301623 -2.4920187137049066 0 0 0 1 -0.9999999993675048 -0.0000016339557591210803 -0.000035529151494309486 -12.502124853947798 -0.00003552899466944897 -0.00009587871553144504 0.9999999947724816 -12.483467172421195 -0.000001637362239988157 0.9999999954023013 0.00009587865741798285 -187.50021900129923 0 0 0 1 -0.9999999993675048 -0.0000016339557591210805 -0.00003552915149430949 -47.50212485394781 0.00003552899466944897 0.0000958787155315675 -0.9999999947724816 2.4834662187468526 0.0000016373622399881615 -0.9999999954023013 -0.00009587865741810531 188.1252200145782 0 0 0 1 -0.9999999993675048 -0.0000016339557591210805 -0.00003552915149430949 -88.00212485394783 0.00003552899466944897 0.0000958787155315675 -0.9999999947724816 1.5034312117468829 0.0000016373622399881615 -0.9999999954023013 -0.00009587865741810531 188.1252180145782 0 0 0 1 -0.9999999993675048 -0.0000016339557591210803 -0.000035529151494309486 -128.5021248539478 -0.0000016356590362786915 0.9999999988495266 0.000047940294992532895 -188.12510074511013 0.00003552907312108933 0.000047940353075802494 -0.9999999982197041 2.4924846308981095 0 0 0 1 -0.9999999993675048 -0.0000016339557591210803 -0.000035529151494309486 -128.5021248539478 -0.0000016356590362786915 0.9999999988495266 0.000047940294992532895 -188.12510074511013 0.00003552907312108933 0.000047940353075802494 -0.9999999982197041 2.4924846308981095 0 0 0 1 -0.00006497993935398544 0.47609605501609975 0.8793932807201308 -119.11936308336595 0.000019333408579237113 -0.8793932818142407 0.4760960570370218 166.93468174770567 0.9999999977019134 0.00004793836251091911 0.000047938362566018563 -0.0067133707516613735 0 0 0 1 0.00004609846769127282 -0.9992902085644959 0.03767063766460643 159.9495393562524 0.00004971020501120493 -0.037670635368150955 -0.9992902084779256 48.7942628054608 0.9999999977019134 0.00004793836251091911 0.000047938362566018563 -0.006712370751663897 0 0 0 1 0.00005095541360545738 -0.9978817226805179 -0.06505432302090859 136.88854397071228 0.00004471821809996589 0.06505432531412722 -0.9978817228300183 35.721019584148294 0.9999999977019135 0.00004793836251091912 0.00004793836256601857 -0.006712370751663898 0 0 0 1 0.000048222476669046967 -0.999982331199505 -0.0059443219459814406 110.71939702179397 -0.0000476525544921875 -0.005944324244027465 0.9999823312131657 -41.631187516710916 -0.9999999977019137 -0.00004793836251091985 -0.00004793836256589611 0.0067123707516588 0 0 0 1</float_array>
                    <technique_common>
                        <accessor source="#MatArr3" count="35" stride="16">
                            <param type="float4x4" />
                        </accessor>
                    </technique_common>
                </source>
                <source id="weights3">
                    <float_array id="WeightArr3" count="1">1</float_array>
                    <technique_common>
                        <accessor source="#WeightArr3" count="1">
                            <param type="float" />
                        </accessor>
                    </technique_common>
                </source>
                <joints>
                    <input semantic="JOINT" source="#joints3" />
                    <input semantic="INV_BIND_MATRIX" source="#matrices3" />
                </joints>
                <vertex_weights count="3">
                    <input semantic="JOINT" offset="0" source="#joints3" />
                    <input semantic="WEIGHT" offset="1" source="#weights3" />
                    <vcount>1 1 1</vcount>
                    <v>30 0 30 0 30 0</v>
                </vertex_weights>
            </skin>
        </controller>
    </library_controllers>
    <library_visual_scenes>
        <visual_scene id="VisualSceneNode">
            <node id="node0" name="m0" type="NODE">
                <instance_controller url="#controller0">
                    <skeleton>#jointnode-1</skeleton>
                    <bind_material>
                        <technique_common>
                            <instance_material symbol="Material1" target="#mat0">
                                <bind_vertex_input semantic="UVSET0" input_semantic="TEXCOORD" input_set="0"></bind_vertex_input>
                            </instance_material>
                        </technique_common>
                    </bind_material>
                </instance_controller>
            </node>
            <node id="node1" name="m1" type="NODE">
                <instance_controller url="#controller1">
                    <skeleton>#jointnode-1</skeleton>
                    <bind_material>
                        <technique_common>
                            <instance_material symbol="Material1" target="#mat1">
                                <bind_vertex_input semantic="UVSET0" input_semantic="TEXCOORD" input_set="0"></bind_vertex_input>
                            </instance_material>
                        </technique_common>
                    </bind_material>
                </instance_controller>
            </node>
            <node id="node2" name="m2" type="NODE">
                <instance_controller url="#controller2">
                    <skeleton>#jointnode-1</skeleton>
                    <bind_material>
                        <technique_common>
                            <instance_material symbol="Material1" target="#mat2">
                                <bind_vertex_input semantic="UVSET0" input_semantic="TEXCOORD" input_set="0"></bind_vertex_input>
                            </instance_material>
                        </technique_common>
                    </bind_material>
                </instance_controller>
            </node>
            <node id="node3" name="m3" type="NODE">
                <instance_controller url="#controller3">
                    <skeleton>#jointnode-1</skeleton>
                    <bind_material>
                        <technique_common>
                            <instance_material symbol="Material1" target="#mat3">
                                <bind_vertex_input semantic="UVSET0" input_semantic="TEXCOORD" input_set="0"></bind_vertex_input>
                            </instance_material>
                        </technique_common>
                    </bind_material>
                </instance_controller>
            </node>
            <node id="jointnode-1" name="root" sid="jointnode-1" type="JOINT">
                <node id="jointnode0" name="world_root" sid="jointnode0" type="JOINT">
                    <node id="jointnode1" name="ColPos" sid="jointnode1" type="JOINT">
                        <translate>0 125.14652252197266 0</translate>
                    </node>
                    <node id="jointnode2" name="FaceVisiblity" sid="jointnode2" type="JOINT">
                        <translate>0 0 100</translate>
                    </node>
                    <node id="jointnode3" name="LHandVisiblity" sid="jointnode3" type="JOINT">
                        <translate>100 0 0</translate>
                    </node>
                    <node id="jointnode4" name="RHandVisiblity" sid="jointnode4" type="JOINT">
                        <translate>-100 0 0</translate>
                    </node>
                    <node id="jointnode5" name="RotCenter" sid="jointnode5" type="JOINT">
                        <translate>0 93 0</translate>
                    </node>
                    <node id="jointnode6" name="hip" sid="jointnode6" type="JOINT">
                        <translate>0 137.5 2.5</translate>
                        <rotate>0 0 1 -89.99725333414716</rotate>
                        <rotate>1 0 0 -89.99725333414716</rotate>
                        <node id="jointnode7" name="legL1" sid="jointnode7" type="JOINT">
                            <translate>12.5 2.5 21.25</translate>
                            <rotate>0 0 1 -0.13733329264198738</rotate>
                            <rotate>1 0 0 180</rotate>
                            <node id="jointnode8" name="legL2" sid="jointnode8" type="JOINT">
                                <translate>57.5 1.101269006729126 0</translate>
                                <node id="jointnode9" name="footL" sid="jointnode9" type="JOINT">
                                    <translate>45 -1.3554229736328125 0</translate>
                                    <rotate>0 0 1 -0.13733329264198738</rotate>
                                    <node id="jointnode10" name="toeL" sid="jointnode10" type="JOINT">
                                        <translate>15 21.25 1.8749990463256836</translate>
                                        <rotate>0 0 1 89.99725333414716</rotate>
                                    </node>
                                </node>
                            </node>
                        </node>
                        <node id="jointnode11" name="legR1" sid="jointnode11" type="JOINT">
                            <translate>12.5 2.5 -21.25</translate>
                            <rotate>0 0 1 -0.14282662434766685</rotate>
                            <rotate>1 0 0 180</rotate>
                            <node id="jointnode12" name="legR2" sid="jointnode12" type="JOINT">
                                <translate>57.50004577636719 1.0843390226364136 -9.999999974752427e-7</translate>
                                <rotate>0 0 1 -0.005493331705679495</rotate>
                                <node id="jointnode13" name="footR" sid="jointnode13" type="JOINT">
                                    <translate>45.00007247924805 -1.3430540561676025 -9.999999974752427e-7</translate>
                                    <rotate>0 0 1 -0.13733329264198738</rotate>
                                    <node id="jointnode14" name="toeR" sid="jointnode14" type="JOINT">
                                        <translate>15 21.25 -1.8749990463256836</translate>
                                        <rotate>0 0 1 89.99725333414716</rotate>
                                    </node>
                                </node>
                            </node>
                        </node>
                        <node id="jointnode15" name="spin" sid="jointnode15" type="JOINT">
                            <translate>-10 0 0</translate>
                            <rotate>0 0 1 -164.9977111117893</rotate>
                            <node id="jointnode16" name="neck" sid="jointnode16" type="JOINT">
                                <translate>60.58000183105469 0 0</translate>
                                <rotate>0 0 1 50.00030518509476</rotate>
                                <node id="jointnode17" name="head" sid="jointnode17" type="JOINT">
                                    <translate>16.270000457763672 -0.9100000262260437 0</translate>
                                    <rotate>0 0 1 25.00015259254738</rotate>
                                    <node id="jointnode18" name="Face00" sid="jointnode18" type="JOINT">
                                    </node>
                                    <node id="jointnode19" name="hair1" sid="jointnode19" type="JOINT">
                                        <translate>14.51375961303711 -44.92366409301758 0.000003000000106112566</translate>
                                        <rotate>0 0 1 -44.99588000122074</rotate>
                                    </node>
                                </node>
                            </node>
                            <node id="jointnode20" name="shoulderL" sid="jointnode20" type="JOINT">
                                <translate>41.225223541259766 -0.6935020089149475 12.500000953674316</translate>
                                <rotate>0 1 0 -89.99725333414716</rotate>
                                <rotate>1 0 0 -14.99679555650502</rotate>
                                <node id="jointnode21" name="armL1" sid="jointnode21" type="JOINT">
                                    <translate>35 -10 -0.625</translate>
                                    <rotate>0 0 1 0.24719992675557725</rotate>
                                    <rotate>1 0 0 180</rotate>
                                    <node id="jointnode22" name="armL2" sid="jointnode22" type="JOINT">
                                        <translate>40.500003814697266 1.1662960052490234 0.000009000000318337698</translate>
                                        <rotate>0 0 1 -0.054933317056794946</rotate>
                                        <node id="jointnode23" name="wristL" sid="jointnode23" type="JOINT">
                                            <translate>40.500003814697266 -0.7775300145149231 -0.000006000000212225132</translate>
                                            <rotate>0 0 1 0.3021332438123722</rotate>
                                            <rotate>1 0 0 89.99725333414716</rotate>
                                            <node id="jointnode24" name="LHand00" sid="jointnode24" type="JOINT">
                                            </node>
                                        </node>
                                    </node>
                                </node>
                            </node>
                            <node id="jointnode25" name="shoulderR" sid="jointnode25" type="JOINT">
                                <translate>41.225223541259766 -0.6935020089149475 -12.499999046325684</translate>
                                <rotate>0 1 0 89.99725333414716</rotate>
                                <rotate>1 0 0 14.99679555650502</rotate>
                                <node id="jointnode26" name="armR1" sid="jointnode26" type="JOINT">
                                    <translate>35 -10.000000953674316 0.6250010132789612</translate>
                                    <rotate>1 0 0 180</rotate>
                                    <node id="jointnode27" name="armR2" sid="jointnode27" type="JOINT">
                                        <translate>40.5 0.9800350069999695 0.0000019999999949504854</translate>
                                        <node id="jointnode28" name="wristR" sid="jointnode28" type="JOINT">
                                            <translate>40.5 -0.9800350069999695 -0.0000019999999949504854</translate>
                                            <rotate>1 0 0 -89.99725333414716</rotate>
                                            <node id="jointnode29" name="RHand00" sid="jointnode29" type="JOINT">
                                            </node>
                                        </node>
                                    </node>
                                </node>
                            </node>
                            <node id="jointnode30" name="tie1" sid="jointnode30" type="JOINT">
                                <translate>60 7.5 0.0000019999999949504854</translate>
                                <rotate>0 0 1 46.566972869045074</rotate>
                                <node id="jointnode31" name="tie2" sid="jointnode31" type="JOINT">
                                    <translate>-4.56675910949707 45.10514450073242 -9.999999974752427e-7</translate>
                                    <rotate>0 0 1 116.27185888241218</rotate>
                                    <node id="jointnode32" name="tie3" sid="jointnode32" type="JOINT">
                                        <translate>27.44832420349121 -0.7828760147094727 0</translate>
                                        <rotate>0 0 1 5.888851588488418</rotate>
                                        <node id="jointnode33" name="tie4" sid="jointnode33" type="JOINT">
                                            <translate>23.901521682739258 0.7085440158843994 0</translate>
                                            <rotate>0 0 1 -3.389385662404248</rotate>
                                            <rotate>1 0 0 180</rotate>
                                        </node>
                                    </node>
                                </node>
                            </node>
                        </node>
                    </node>
                </node>
            </node>
        </visual_scene>
    </library_visual_scenes>
    <scene>
        <instance_visual_scene url="#VisualSceneNode"></instance_visual_scene>
    </scene>
</COLLADA>
