<?xml version="1.0"?>
<COLLADA xmlns="http://www.collada.org/2005/11/COLLADASchema" version="1.4.1">
    <asset>
        <contributor>
            <authoring_tool>J3D Ripoff Exporter</authoring_tool>
        </contributor>
        <created>2024-08-18T22:43:10.573Z</created>
        <modified>2024-08-18T22:43:10.573Z</modified>
		<unit meter="0.01" name="centimeter" ></unit>
        <up_axis>Y_UP</up_axis>
    </asset>
    <library_images>
        <image id="tex0">
            <init_from>wilddonkey_skin.png</init_from>
        </image>
        <image id="tex1">
            <init_from>wilddonkey_fur.png</init_from>
        </image>
    </library_images>
    <library_effects>
        <effect id="effect0">
            <profile_COMMON>
                <newparam sid="surface0">
                    <surface type="2D">
                        <init_from>tex0</init_from>
                    </surface>
                </newparam>
                <newparam sid="sampler0">
                    <sampler2D>
                        <source>surface0</source>
                    </sampler2D>
                </newparam>
                <technique sid="COMMON">
                    <blinn>
                        <diffuse>
                            <texture texture="sampler0" texcoord="UVSET0"></texture>
                        </diffuse>
                    </blinn>
                </technique>
            </profile_COMMON>
        </effect>
        <effect id="effect1">
            <profile_COMMON>
                <newparam sid="surface1">
                    <surface type="2D">
                        <init_from>tex1</init_from>
                    </surface>
                </newparam>
                <newparam sid="sampler1">
                    <sampler2D>
                        <source>surface1</source>
                    </sampler2D>
                </newparam>
                <technique sid="COMMON">
                    <blinn>
                        <diffuse>
                            <texture texture="sampler1" texcoord="UVSET0"></texture>
                        </diffuse>
                    </blinn>
                </technique>
            </profile_COMMON>
        </effect>
        <effect id="effect2">
            <profile_COMMON>
                <newparam sid="surface2">
                    <surface type="2D">
                        <init_from>tex0</init_from>
                    </surface>
                </newparam>
                <newparam sid="sampler2">
                    <sampler2D>
                        <source>surface2</source>
                    </sampler2D>
                </newparam>
                <technique sid="COMMON">
                    <blinn>
                        <diffuse>
                            <texture texture="sampler2" texcoord="UVSET0"></texture>
                        </diffuse>
                    </blinn>
                </technique>
            </profile_COMMON>
        </effect>
        <effect id="effect3">
            <profile_COMMON>
                <newparam sid="surface3">
                    <surface type="2D">
                        <init_from>tex0</init_from>
                    </surface>
                </newparam>
                <newparam sid="sampler3">
                    <sampler2D>
                        <source>surface3</source>
                    </sampler2D>
                </newparam>
                <technique sid="COMMON">
                    <blinn>
                        <diffuse>
                            <texture texture="sampler3" texcoord="UVSET0"></texture>
                        </diffuse>
                    </blinn>
                </technique>
            </profile_COMMON>
        </effect>
        <effect id="effect4">
            <profile_COMMON>
                <newparam sid="surface4">
                    <surface type="2D">
                        <init_from>tex0</init_from>
                    </surface>
                </newparam>
                <newparam sid="sampler4">
                    <sampler2D>
                        <source>surface4</source>
                    </sampler2D>
                </newparam>
                <technique sid="COMMON">
                    <blinn>
                        <diffuse>
                            <texture texture="sampler4" texcoord="UVSET0"></texture>
                        </diffuse>
                    </blinn>
                </technique>
            </profile_COMMON>
        </effect>
    </library_effects>
    <library_materials>
        <material id="mat0" name="Etc">
            <instance_effect url="#effect0"></instance_effect>
        </material>
        <material id="mat1" name="Fur_body">
            <instance_effect url="#effect1"></instance_effect>
        </material>
        <material id="mat2" name="Skin">
            <instance_effect url="#effect2"></instance_effect>
        </material>
        <material id="mat3" name="Skin(2)">
            <instance_effect url="#effect3"></instance_effect>
        </material>
        <material id="mat4" name="Skin(3)">
            <instance_effect url="#effect4"></instance_effect>
        </material>
    </library_materials>
    <library_geometries>
        <geometry id="mesh0">
            <mesh>
                <source id="points0">
                    <float_array id="pointarray0" count="525">259.3145942595073 211.79551310453886 -28.078691107864465 254.51742809819672 209.7321752656843 -20.03220447923094 262.0964415905727 207.10839884273346 -30.65687295784125 256.205413427463 209.79522457412824 -28.172724622533313 277.0034264225851 200.42238683500753 -32.39066896770567 257.70673014255425 197.1548406374619 -30.25136503417375 272.34789146323186 192.37503860411232 -31.672585697066076 274.23824036879074 189.42165133543307 -22.4851131902933 282.285148403727 194.4540626756838 -30.890636378674785 286.83183685428565 191.2509781768198 -22.79676555437543 296.45662217785076 198.61164075832818 -30.733331907471147 302.08147272281536 194.81489288653677 -22.326924483786307 304.87779947916886 200.36201121543615 -21.904614806221463 301.4870261630249 195.64247052445148 -12.07692064871866 304.76765963745675 201.67399152140604 -11.279558522481615 296.76773597121536 198.03240060809532 -6.858340832675719 305.5937764246408 222.7521772193797 -10.919123150262031 292.26566772226187 220.047606636172 -6.966932058614766 300.7167785152933 242.72037553660164 -8.996585131277696 296.93535776467036 242.75113584354068 -6.21556183080448 291.7309995310345 255.76626517026827 -6.105876911979605 280.5346697471988 200.56334987260624 -32.49982412403217 291.53445044257705 202.97064252230868 -32.62404495470005 298.690647757351 202.5493685389966 -31.09238331986355 298.7198042358087 224.00243943357734 -29.903853063630237 306.34420662487963 224.83087028334438 -21.293978242070263 301.12347847458756 245.18970614762702 -20.30894223983659 290.887159226346 259.37575914070516 -10.24637979946962 262.1526014095529 263.18569119151806 -13.169806085151405 291.44919775103267 259.3598193508278 -2.574471625741479 259.65155249094124 261.6688837476009 6.579970334479604 295.24546508914773 260.2347599327126 6.1289244244783845 292.51082325943963 258.3435236793326 13.503668760952811 300.887248442243 241.8910884259797 15.581510471088189 292.6672125136411 254.12458317861893 17.784725948156492 297.6057014489221 243.03125361910998 18.72199212312049 288.8734764726892 219.9679118691785 19.11098450295723 305.7017616838285 220.71968132030344 15.283911002728466 299.09406415594907 200.85952923367557 18.501310157296782 306.2818477980796 199.5009552104674 15.923553750334658 300.1418306960516 193.8910644555944 14.610414292224878 309.04819664685533 197.67352907650812 6.783008043503174 302.90811860870014 191.96983288975056 6.626114087973077 299.47110067229244 193.54813506034748 -3.827142676994999 286.7680304517301 186.59333575337251 6.124882386681147 284.2840591022861 188.84359075996733 -4.0782846533455075 275.37754631865806 185.49854223890839 5.499142562115718 274.581090903747 187.13954832377203 -4.0164518543342655 259.221029023667 193.35677062670993 -2.345205659210711 259.6265359183463 204.76332252755782 -7.844634358323965 256.5793249725521 204.46587123585118 -1.8135824787059684 247.8075481917954 241.7754512334428 41.85955201400182 256.1356190317155 254.6365309054691 22.67317107826217 278.5102718091517 246.0752227532911 41.79911084765966 291.1036585379596 251.56090669362356 39.25325875568464 298.5890147271804 238.74893233268654 43.00309623027081 294.8693764892653 255.5772610974053 31.441178517637486 302.93319690723285 240.79671333269098 32.644081514513026 301.16820796609284 241.53148224797584 20.95651020093232 305.4350508372989 221.51572826177446 32.03393312204426 302.99817041824747 221.2347197220704 22.205647572062382 305.9683673851418 199.07824025025545 32.82976461857011 303.45337714595854 199.65667574986463 21.40776555354297 298.1571477962192 193.65624026359836 20.079033288801252 290.23473910958336 200.49933203812378 18.235133289353392 275.83040944173786 197.31176130183363 -8.609638808695308 305.18941582993375 198.64245993886624 -4.576553388817966 304.64035790733743 221.31424656787146 -3.809874597948907 308.124076208586 221.9391000206199 6.096615606117286 299.638431050189 242.3294429344838 -4.699793931209952 304.1532375833503 244.3606203455422 5.691200914649603 225.8896134825337 208.18025044312975 29.02849377499282 233.6849211903573 217.58669434911147 40.310665160616736 234.10792708520697 204.3366405460224 42.26318046386452 242.37208751309987 216.91532272146426 46.88928220372294 250.23328702678063 195.27526773995456 50.45121912548237 256.7794334070819 201.52577383582877 52.76441380573144 256.2194874306099 179.33858874982252 45.09144130621338 266.40552367553244 190.55797592899387 51.826968857496716 273.1413734259608 179.9027344489264 44.029989467383295 277.28088217068284 190.10612676565353 46.59322843196958 280.7819727628228 184.74754682808543 36.89005777106848 278.99984714943724 191.99722610395793 40.077797802438575 273.9849742968728 192.20049116927504 27.296254896568964 295.07736997710504 243.18959547465028 -29.88752799733563 288.48207085812385 258.2357448542406 -27.715329635774157 286.4201771716467 253.42317185746106 -30.24693478643136 257.8730829117375 256.63929817162517 -31.639128223404832 285.49857543424093 254.98591906129894 -37.21566549888057 283.7804734792358 253.3924026081752 -45.465845594540994 294.96895110702 240.51826974947605 -41.55953764180162 289.86015580803326 240.19009919806481 -50.65361168213071 300.111051332122 225.31566301009454 -42.26308119027021 295.15847962197955 224.73746748392352 -50.52903278771418 298.1598903541474 204.20608383485012 -41.842335953825696 292.61340370492377 206.51854273174894 -51.88943481276936 290.66070941256396 201.76834520683434 -51.6085303752724 284.7204895159702 188.1864830909232 14.671710235128332 273.0948771012655 193.01338739427962 17.28061512713861 276.0328970103069 188.6074974056581 15.54620618592371 259.8136549477993 194.66853179513097 14.233018038736963 256.6426323721736 191.74681632618226 4.670186589598703 255.1257614882946 204.35600272471547 5.623824563653894 270.2647549487305 204.30925495414726 32.734110936130655 261.8873992335009 222.51108193939564 43.34385307606244 270.1841339532359 225.98076215962794 40.250770059023 267.69903275508454 230.9646992458293 44.500859050677555 277.4650956732533 228.55953739422205 41.00133304719261 286.83947342209456 233.84157201122878 43.06465196080558 288.4192262990673 217.2792740158328 41.954578262509315 301.450219234245 220.32740107065746 41.45551072287124 285.0453095825142 206.43525469773317 40.938229788032665 258.469128375162 201.52767674411444 16.389515750289604 259.0948879864154 191.88699234405334 18.857841328585103 283.98571900583227 188.56112772821086 20.640433875598585 282.87575124293096 186.96668290630447 32.952790493173495 299.4845420207612 192.40569125882064 34.14155347633972 296.2493787812696 196.0769101002212 41.46965928236237 291.29634674633485 241.42366207059197 -30.887840820372915 294.9060120641453 239.92412059215528 -33.35644489980106 287.7354966607995 224.01708391889463 -31.04514019162299 299.0482336408353 223.53392710750882 -34.21635571920747 297.00295958042017 206.23683607934635 -33.73293338508477 256.190757112728 195.54492579386158 -21.97028366982617 258.9557601243666 196.0916082335679 -12.516965584221447 273.5656461376812 190.63985784474687 -12.469470344240248 292.8074385203192 255.93691514241834 21.566071307042282 247.46852846033715 189.10335835845143 45.73200638663057 249.15718728946214 183.40088607307672 35.43495986956549 258.14270828878426 176.3239883610174 27.497662782392847 253.86046162937234 185.94851366713047 28.98224079754376 261.1108389511738 185.63697334191036 23.217038354619984 291.16881341229373 260.71995737473003 -19.043173386783554 254.69006196452995 213.68621534548618 -38.78200455487881 267.5804938424357 218.2969969340861 -42.78100567072588 257.1742048231957 225.23400458595412 -52.9688010774107 275.1742561053215 218.15708684181388 -42.76492914736549 276.2676151287704 228.93893650399303 -53.12372130300002 276.3000444286555 216.23580028744513 -52.827453353183415 225.00045711569035 202.4621551395225 13.621915940516026 239.85994244881667 189.16577270953718 32.55967521442256 247.70431538872967 193.40169891246546 15.622851594391838 253.37539146694223 192.21400983465102 30.716886909631132 238.00296829882913 205.76249729329578 -33.142766363618456 240.12705859354608 201.16788088553625 -10.89285839643944 226.20549863809606 206.58910001904053 -24.580938604948877 228.1108370658436 203.88522806430137 -5.252828201397421 238.502511563462 219.51321102489425 -47.04832703052037 246.3129881751854 242.3734262917812 -49.21863477495705 277.0317018951692 244.72021811971865 -52.2791686141765 252.67120487305405 250.70185393204173 -43.03035180468659 263.5130878907819 212.9329400947787 46.890366994720594 268.01476098546 201.6838511564201 36.7338493105904 256.11298896846534 206.79604424542214 -45.45412403636208 254.7688035553867 206.8737025209464 -38.36045140449258 258.48839459201884 203.20257127723693 -46.563527977060694 257.83167599458716 203.20213713437778 -38.797942603218495 275.11347061462294 198.5944784361314 -40.62524567061781 277.4075332302919 187.0447209932611 24.014964238912395 280.3296830288395 181.99796183161794 27.343023630824483 274.1578706370696 175.84071896289555 35.92048104255854 268.0182705601146 172.8094775542331 23.669965201558618 263.73659722249226 172.3087002859576 31.466557847426287 267.7831820097897 181.98145026866945 21.17039072669462 280.060275697374 214.35672957720118 39.48518373926608 267.51391508039416 203.49576767889553 47.92140598731652 281.55102813194986 198.2044766060467 -40.96862590703588 277.81701061036233 200.95461455547166 -51.187469413555334 266.301168081875 201.531524695869 -48.485011648693146 264.54986259354763 216.34393160053438 -49.98440720263366 256.75149220938926 207.63823209339654 -11.610295030830232 294.9571886534197 199.67452899246365 -41.78024646417763 284.9092310201446 192.422179148462 -12.515575390571374 301.03006344720745 201.9054729314095 41.7358521945668 228.15893925254605 211.0742455966916 -36.814980739908556</float_array>
                    <technique_common>
                        <accessor count="175" source="#pointarray0" stride="3">
                            <param name="X" type="float"/>
                            <param name="Y" type="float"/>
                            <param name="Z" type="float"/>
                        </accessor>
                    </technique_common>
                </source>
                <source id="uvs0">
                    <float_array id="uvarray0" count="416">0.07025146484375 0.09637451171875 0.093017578125 0.0936279296875 0.068603515625 0.10845947265625 0.08172607421875 0.0980224609375 0.06829833984375 0.13311767578125 0.0816650390625 0.1121826171875 0.08172607421875 0.1280517578125 0.09930419921875 0.1279296875 0.08172607421875 0.1376953125 0.09930419921875 0.14385986328125 0.08172607421875 0.17364501953125 0.09930419921875 0.1734619140625 0.09930419921875 0.18829345703125 0.11962890625 0.17364501953125 0.11962890625 0.18829345703125 0.1329345703125 0.17724609375 0.11962890625 0.21636962890625 0.13238525390625 0.2152099609375 0.11962890625 0.25006103515625 0.132568359375 0.24420166015625 0.132568359375 0.2783203125 0.06817626953125 0.14910888671875 0.0684814453125 0.18194580078125 0.08172607421875 0.18829345703125 0.08172607421875 0.21636962890625 0.09930419921875 0.2176513671875 0.09930419921875 0.251708984375 0.11962890625 0.2783203125 0.12445068359375 0.32611083984375 0.14599609375 0.2783203125 0.17730712890625 0.32672119140625 0.165771484375 0.27459716796875 0.183349609375 0.2783203125 0.183349609375 0.24761962890625 0.19573974609375 0.2783203125 0.198974609375 0.243408203125 0.19805908203125 0.217041015625 0.183349609375 0.216064453125 0.19775390625 0.18585205078125 0.183349609375 0.18585205078125 0.183349609375 0.17333984375 0.165771484375 0.18585205078125 0.165771484375 0.1737060546875 0.14599609375 0.1717529296875 0.165771484375 0.1453857421875 0.14599609375 0.140869140625 0.165771484375 0.11871337890625 0.14599609375 0.120849609375 0.14599609375 0.1046142578125 0.1329345703125 0.1016845703125 0.14599609375 0.09283447265625 0.23297119140625 0.3804931640625 0.21240234375 0.33746337890625 0.253173828125 0.30706787109375 0.24652099609375 0.2783203125 0.249755859375 0.24761962890625 0.232177734375 0.27349853515625 0.232177734375 0.24761962890625 0.20977783203125 0.24761962890625 0.23162841796875 0.2178955078125 0.20977783203125 0.216064453125 0.232177734375 0.18585205078125 0.20977783203125 0.18585205078125 0.20977783203125 0.17230224609375 0.19775390625 0.1705322265625 0.1329345703125 0.1307373046875 0.14599609375 0.18585205078125 0.14599609375 0.216064453125 0.165771484375 0.21734619140625 0.14599609375 0.24761962890625 0.165771484375 0.24761962890625 0.42742919921875 0.201416015625 0.4412841796875 0.224609375 0.4595947265625 0.1790771484375 0.4774169921875 0.205078125 0.4786376953125 0.1505126953125 0.49725341796875 0.16265869140625 0.483642578125 0.11688232421875 0.50640869140625 0.13372802734375 0.52508544921875 0.11431884765625 0.53118896484375 0.1292724609375 0.54022216796875 0.098388671875 0.54473876953125 0.1376953125 0.553955078125 0.12274169921875 0.08172607421875 0.25006103515625 0.08172607421875 0.27996826171875 0.07000732421875 0.2783203125 0.07611083984375 0.32672119140625 0.0614013671875 0.2783203125 0.0306396484375 0.2783203125 0.043701171875 0.25006103515625 0.02313232421875 0.25006103515625 0.043701171875 0.2200927734375 0.02313232421875 0.2198486328125 0.043701171875 0.19073486328125 0.02313232421875 0.19073486328125 0.02313232421875 0.18096923828125 0.183349609375 0.1435546875 0.19775390625 0.12890625 0.183349609375 0.120849609375 0.183349609375 0.1070556640625 0.165771484375 0.10198974609375 0.165771484375 0.0885009765625 0.53057861328125 0.172607421875 0.51422119140625 0.21954345703125 0.5321044921875 0.222412109375 0.52862548828125 0.23394775390625 0.55682373046875 0.227783203125 0.55975341796875 0.27239990234375 0.57989501953125 0.23193359375 0.60333251953125 0.2520751953125 0.58160400390625 0.19879150390625 0.60589599609375 0.20538330078125 0.57110595703125 0.1695556640625 0.19586181640625 0.102783203125 0.208251953125 0.111083984375 0.23199462890625 0.126220703125 0.20977783203125 0.13360595703125 0.232177734375 0.13818359375 0.232177734375 0.1710205078125 0.249755859375 0.1717529296875 0.07000732421875 0.25933837890625 0.061279296875 0.25006103515625 0.07000732421875 0.216064453125 0.061279296875 0.22039794921875 0.061279296875 0.19073486328125 0.09930419921875 0.11029052734375 0.11962890625 0.11187744140625 0.11962890625 0.1279296875 0.20654296875 0.2783203125 0.28887939453125 0.0455322265625 0.30804443359375 0.08319091796875 0.285400390625 0.08935546875 0.334716796875 0.131103515625 0.29229736328125 0.112060546875 0.2823486328125 0.13653564453125 0.27679443359375 0.11444091796875 0.2647705078125 0.1280517578125 0.09930419921875 0.27618408203125 0.416748046875 0.0364990234375 0.38714599609375 0.050537109375 0.42791748046875 0.07452392578125 0.381591796875 0.05743408203125 0.37677001953125 0.08673095703125 0.36541748046875 0.0509033203125 0.3387451171875 0.0911865234375 0.324462890625 0.04205322265625 0.250732421875 0.006591796875 0.19769287109375 0.01995849609375 0.2552490234375 0.065673828125 0.1968994140625 0.07977294921875 0.2498779296875 0.105712890625 0.02313232421875 0.0936279296875 0.06829833984375 0.06195068359375 0.13092041015625 0.06573486328125 0.08819580078125 0.01788330078125 0.1456298828125 0.02490234375 0.455810546875 0.01129150390625 0.45916748046875 0.04705810546875 0.44610595703125 0.125732421875 0.38995361328125 0.13751220703125 0.4349365234375 0.14447021484375 0.489501953125 0.2435302734375 0.51318359375 0.18707275390625 0.5294189453125 0.16326904296875 0.02313232421875 0.1104736328125 0.043701171875 0.1104736328125 0.02313232421875 0.1251220703125 0.043701171875 0.1190185546875 0.043701171875 0.13494873046875 0.56097412109375 0.09161376953125 0.54541015625 0.0701904296875 0.52630615234375 0.0902099609375 0.51361083984375 0.06121826171875 0.50982666015625 0.0828857421875 0.5216064453125 0.04376220703125 0.55072021484375 0.05218505859375 0.52679443359375 0.02459716796875 0.55517578125 0.0308837890625 0.557861328125 0.1934814453125 0.59307861328125 0.14849853515625 0.51605224609375 0.16668701171875 0.043701171875 0.15087890625 0.02313232421875 0.1507568359375 0.35736083984375 0.02081298828125 0.374267578125 0.01556396484375 0.3865966796875 0.04205322265625 0.38970947265625 0.0146484375 0.3988037109375 0.0172119140625 0.11962890625 0.09417724609375 0.29107666015625 0.1524658203125 0.26812744140625 0.1688232421875 0.25823974609375 0.149658203125 0.043701171875 0.1748046875 0.03082275390625 0.3310546875 0.009033203125 0.2890625 0.249755859375 0.216064453125 0.11962890625 0.14056396484375 0.249755859375 0.13604736328125 0.02325439453125 0.13494873046875 0.3570556640625 0.1365966796875 0.3292236328125 0.0301513671875 0.60662841796875 0.16552734375 0.51361083984375 0.01068115234375 0.498291015625 0.02142333984375 0.53125 0.009765625 0.56011962890625 0.0133056640625 0.249755859375 0.18585205078125</float_array>
                    <technique_common>
                        <accessor count="208" source="#uvarray0" stride="2">
                            <param name="S" type="float"/>
                            <param name="T" type="float"/>
                        </accessor>
                    </technique_common>
                </source>
                <vertices id="vertices0">
                    <input semantic="POSITION" source="#points0"/>
                </vertices>
                <polylist count="334" material="Material1">
                    <input offset="0" semantic="VERTEX" source="#vertices0"/>
                    <input offset="1" semantic="TEXCOORD" source="#uvs0" set="0"/>
                    <vcount>3 3 3 3 3 3 3 3 3 3 3 3 3 3 3 3 3 3 3 3 3 3 3 3 3 3 3 3 3 3 3 3 3 3 3 3 3 3 3 3 3 3 3 3 3 3 3 3 3 3 3 3 3 3 3 3 3 3 3 3 3 3 3 3 3 3 3 3 3 3 3 3 3 3 3 3 3 3 3 3 3 3 3 3 3 3 3 3 3 3 3 3 3 3 3 3 3 3 3 3 3 3 3 3 3 3 3 3 3 3 3 3 3 3 3 3 3 3 3 3 3 3 3 3 3 3 3 3 3 3 3 3 3 3 3 3 3 3 3 3 3 3 3 3 3 3 3 3 3 3 3 3 3 3 3 3 3 3 3 3 3 3 3 3 3 3 3 3 3 3 3 3 3 3 3 3 3 3 3 3 3 3 3 3 3 3 3 3 3 3 3 3 3 3 3 3 3 3 3 3 3 3 3 3 3 3 3 3 3 3 3 3 3 3 3 3 3 3 3 3 3 3 3 3 3 3 3 3 3 3 3 3 3 3 3 3 3 3 3 3 3 3 3 3 3 3 3 3 3 3 3 3 3 3 3 3 3 3 3 3 3 3 3 3 3 3 3 3 3 3 3 3 3 3 3 3 3 3 3 3 3 3 3 3 3 3 3 3 3 3 3 3 3 3 3 3 3 3 3 3 3 3 3 3 3 3 3 3 3 3 3 3 3 3 3 3 3 3 3 3 3 3 3 3 3 3 3 3 3 3 3 3 3 3</vcount>
                    <p>2 2 1 1 0 0 3 3 1 1 2 2 4 4 3 3 2 2 5 5 3 3 4 4 6 6 5 5 4 4 7 7 5 5 6 6 8 8 7 7 6 6 9 9 7 7 8 8 10 10 9 9 8 8 11 11 9 9 10 10 12 12 11 11 10 10 13 13 11 11 12 12 14 14 13 13 12 12 15 15 13 13 14 14 16 16 15 15 14 14 17 17 15 15 16 16 18 18 17 17 16 16 19 19 17 17 18 18 20 20 19 19 18 18 22 22 10 10 21 21 23 23 10 10 22 22 24 24 23 23 22 22 12 12 23 23 24 24 25 25 12 12 24 24 16 16 12 12 25 25 26 26 16 16 25 25 18 18 16 16 26 26 27 27 18 18 26 26 20 20 18 18 27 27 28 28 20 20 27 27 29 29 20 20 28 28 30 30 29 29 28 28 31 31 29 29 30 30 32 32 31 31 30 30 33 33 31 31 32 32 34 34 33 33 32 32 35 35 33 33 34 34 36 36 33 33 35 35 37 37 33 33 36 36 38 38 37 37 36 36 39 39 37 37 38 38 40 40 39 39 38 38 41 41 39 39 40 40 42 42 41 41 40 40 43 43 41 41 42 42 44 44 43 43 42 42 45 45 43 43 44 44 46 46 45 45 44 44 47 47 45 45 46 46 48 48 47 47 46 46 49 49 47 47 48 48 50 50 49 49 48 48 53 53 52 52 51 51 54 54 52 52 53 53 55 55 54 54 53 53 56 56 54 54 55 55 57 57 56 56 55 55 58 58 56 56 57 57 59 59 58 58 57 57 60 60 58 58 59 59 61 61 60 60 59 59 62 62 60 60 61 61 63 63 62 62 61 61 38 38 62 62 63 63 64 64 38 38 63 63 65 65 47 47 49 49 45 45 47 47 65 65 15 15 45 45 65 65 43 43 45 45 15 15 66 66 43 43 15 15 41 41 43 43 66 66 67 67 41 41 66 66 68 68 41 41 67 67 69 69 68 68 67 67 70 70 68 68 69 69 29 29 70 70 69 69 31 31 70 70 29 29 73 73 72 72 71 71 74 74 72 72 73 73 75 75 74 74 73 73 76 76 74 74 75 75 77 77 76 76 75 75 78 78 76 76 77 77 79 79 78 78 77 77 80 80 78 78 79 79 81 81 80 80 79 79 82 82 80 80 81 81 83 83 82 82 81 81 86 86 85 85 84 84 87 87 85 85 86 86 88 88 87 87 86 86 89 89 87 87 88 88 90 90 89 89 88 88 91 91 89 89 90 90 92 92 91 91 90 90 93 93 91 91 92 92 94 94 93 93 92 92 95 95 93 93 94 94 96 96 95 95 94 94 64 64 40 40 38 38 97 97 40 40 64 64 98 98 97 97 64 64 99 99 97 97 98 98 100 100 99 99 98 98 46 46 99 99 100 100 101 101 46 46 100 100 48 48 46 46 101 101 102 102 48 48 101 101 50 50 48 48 102 102 105 105 104 104 103 103 106 106 104 104 105 105 107 107 106 106 105 105 53 108 106 106 107 107 108 109 53 108 107 107 55 110 53 108 108 109 109 111 55 110 108 109 110 112 55 110 109 111 111 113 110 112 109 111 98 98 113 115 112 114 83 116 113 115 98 98 114 117 83 116 98 98 115 118 83 116 114 117 63 63 115 118 114 117 116 119 115 118 63 63 61 61 116 119 63 63 117 120 116 119 61 61 120 123 119 122 118 121 121 124 119 122 120 123 22 22 121 124 120 123 122 125 121 124 22 22 94 94 122 125 22 22 121 124 122 125 94 94 92 92 121 124 94 94 90 90 121 124 92 92 5 5 1 1 3 3 123 126 1 1 5 5 7 7 123 126 5 5 124 127 123 126 7 7 125 128 124 127 7 7 49 49 124 127 125 128 65 65 49 49 125 128 56 56 52 52 54 54 30 30 52 52 56 56 126 129 30 30 56 56 34 34 30 30 126 129 58 58 34 34 126 129 35 35 34 34 58 58 36 36 35 35 58 58 127 132 75 131 73 130 77 133 75 131 127 132 128 134 77 133 127 132 129 135 77 133 128 134 130 136 129 135 128 134 131 137 129 135 130 136 84 84 25 25 24 24 26 26 25 25 84 84 85 85 26 26 84 84 132 138 26 26 85 85 87 87 132 138 85 85 28 28 132 138 87 87 135 141 134 140 133 139 136 142 134 140 135 141 137 143 136 142 135 141 138 144 136 142 137 143 93 145 138 144 137 143 95 146 138 144 93 145 139 148 73 130 71 147 140 149 73 130 139 148 141 150 140 149 139 148 142 151 140 149 141 150 112 114 142 151 141 150 1 1 133 152 0 0 143 153 133 152 1 1 144 154 143 153 1 1 145 155 143 153 144 154 146 156 145 155 144 154 147 158 133 139 143 157 135 141 133 139 147 158 148 159 135 141 147 158 149 160 135 141 148 159 150 161 149 160 148 159 74 74 51 162 72 72 104 104 51 162 74 74 151 163 104 104 74 74 103 103 104 104 151 163 152 164 103 103 151 163 155 167 154 166 153 165 156 168 154 166 155 167 157 169 156 168 155 167 2 2 156 168 157 169 4 4 2 2 157 169 81 81 158 170 83 83 159 171 158 170 81 81 160 172 159 171 81 81 161 173 159 171 160 172 162 174 161 173 160 172 163 175 159 171 161 173 158 176 159 171 163 175 131 177 158 176 163 175 83 178 158 176 131 177 140 149 127 132 73 130 128 134 127 132 140 149 142 151 128 134 140 149 130 136 128 134 142 151 152 164 164 179 103 103 111 113 164 179 152 164 82 82 111 113 152 164 117 180 111 113 82 82 76 76 151 163 74 74 165 181 151 163 76 76 80 80 165 181 76 76 82 82 165 181 80 80 120 123 24 24 22 22 84 84 24 24 120 123 118 121 84 84 120 123 86 86 84 84 118 121 157 169 21 21 4 4 166 182 21 21 157 169 167 183 166 182 157 169 96 96 166 182 167 183 168 185 138 144 167 184 169 186 138 144 168 185 155 187 169 186 168 185 153 188 169 186 155 187 79 79 160 172 81 81 162 174 160 172 79 79 77 77 162 174 79 79 144 154 50 50 102 102 49 49 50 50 144 154 170 189 49 49 144 154 129 135 162 190 77 133 161 191 162 190 129 135 163 192 161 191 129 135 169 186 134 140 138 144 133 139 134 140 169 186 153 188 133 139 169 186 37 37 68 68 70 70 41 41 68 68 37 37 39 39 41 41 37 37 67 67 17 17 69 69 15 15 17 17 67 67 66 66 15 15 67 67 69 69 20 20 29 29 19 19 20 20 69 69 17 17 19 19 69 69 171 193 166 182 96 96 21 21 166 182 171 193 22 22 21 21 171 193 60 60 36 36 58 58 38 38 36 36 60 60 62 62 38 38 60 60 89 89 150 194 87 87 149 195 150 194 89 89 91 91 149 195 89 89 110 196 57 57 55 55 59 59 57 57 110 196 61 61 59 59 110 196 172 197 11 11 13 13 9 9 11 11 172 197 7 7 9 9 172 197 119 122 86 86 118 121 88 88 86 86 119 122 90 90 88 88 119 122 154 166 133 152 153 165 0 0 133 152 154 166 2 2 0 0 154 166 172 197 65 65 125 128 15 15 65 65 172 197 13 13 15 15 172 197 21 21 6 6 4 4 8 8 6 6 21 21 10 10 8 8 21 21 51 162 106 106 53 108 104 104 106 106 51 162 109 111 164 179 111 113 108 109 164 179 109 111 107 107 103 103 164 179 105 105 103 103 107 107 170 189 124 127 49 49 1 1 124 127 170 189 94 94 171 193 96 96 22 22 171 193 94 94 113 115 142 151 112 114 83 116 142 151 113 115 115 118 82 198 83 116 116 119 82 198 115 118 64 64 114 117 98 98 63 63 114 117 64 64 157 169 168 199 167 183 155 167 168 199 157 169 152 164 165 181 82 82 151 163 165 181 152 164 146 156 141 150 139 148 144 154 141 150 146 156 149 160 137 143 135 141 91 200 137 143 149 160 96 201 138 144 95 146 167 184 138 144 96 201 173 202 111 113 117 180 110 112 111 113 173 202 141 150 102 102 112 114 144 154 102 102 141 150 132 138 27 27 26 26 28 28 27 27 132 138 174 204 143 157 145 203 147 158 143 157 174 204 142 206 131 177 130 205 83 178 131 177 142 206 33 33 70 70 31 31 37 37 70 70 33 33 173 207 61 61 110 196 117 120 61 61 173 207 42 42 97 97 44 44 40 40 97 97 42 42 112 114 100 100 98 98 102 102 100 100 112 114 46 46 97 97 99 99 44 44 97 97 46 46 12 12 10 10 23 23 7 7 172 197 125 128 12 12 16 16 14 14 91 200 93 145 137 143 121 124 90 90 119 122 138 144 134 140 136 142 1 1 170 189 144 154 108 109 107 107 164 179 100 100 102 102 101 101 2 2 154 166 156 168 126 129 56 56 58 58 34 34 32 32 30 30 76 76 78 78 80 80 82 198 116 119 117 120 124 127 1 1 123 126 131 137 163 192 129 135</p>
                </polylist>
            </mesh>
        </geometry>
        <geometry id="mesh1">
            <mesh>
                <source id="points1">
                    <float_array id="pointarray1" count="525">-259.30892346661136 211.77305375808828 -28.1039112058303 -262.10569919929907 207.0856727897339 -30.682360291968827 -254.51233099410888 209.710175828314 -20.056964668115967 -256.21516686639956 209.77306330984797 -28.19764716794095 -257.7150723558431 197.13253549950326 -30.276431453259903 -276.99625163067475 200.39823161335505 -32.41758494087538 -272.34001398264013 192.33570477360848 -31.699056028171697 -280.5431229468964 200.52323106125056 -32.52707996560299 -282.2931701580943 194.42940105483294 -30.918059280655868 -296.44943249876616 198.58562042868488 -30.76211298863381 -286.84032747943365 191.22588061189276 -22.82462440043324 -302.0903505062183 194.78833246886035 -22.34062043355494 -284.91881968072016 192.3972658640482 -12.543249956115687 -301.4969654789816 195.61596779851783 -12.106184655784675 -296.7784048095639 198.0063503172786 -6.887152404624262 -304.77825365420495 201.64717422769286 -11.30913709732751 -305.6064264537092 222.72527987269098 -10.933156029043307 -304.8872489853742 200.31955841675833 -21.93420463511709 -306.3560606830634 224.80390177506453 -21.323708031483008 -298.7151284246948 223.96057699695572 -29.932852000856535 -295.07453594704594 243.1637064253472 -29.900552049117728 -287.7463379573978 223.99189960133725 -31.073085790311218 -291.293246951705 241.3825112952128 -30.91612809635599 -247.81145733265038 241.75409468564004 41.8354347146851 -278.5145871208861 246.05092250942073 41.77204985227195 -256.1545466468354 254.6143758930519 22.648254784717672 -291.12388059537034 251.53539899803695 39.224989778966865 -294.87360959030786 255.5513924000914 31.4125490688044 -298.6083678677792 238.7227070073157 42.97410962376794 -302.9517531540295 240.77007153956066 32.614678440250216 -301.46765777502935 220.300901514151 41.42624988523247 -305.4360749643784 221.48884671603707 32.00429082478651 -305.9673165506157 199.03568267136092 32.80007053907009 -303.01385032170947 221.2080718373798 22.17623840623929 -303.46691171473753 199.62998432428753 21.3783128468333 -299.0918104034811 200.8176307981289 18.472275221145377 -298.16997971708327 193.63005665683121 20.05008840090212 -290.24805040940686 200.47390798297693 18.206947953075392 -283.99811637951234 188.53630285245958 20.612847718716914 -273.1073793147147 192.98960669175943 17.254073143489222 -273.9983588310514 192.17662508485358 27.26962753101821 -259.10743355277174 191.86455391256465 18.832641615968743 -253.389105445691 192.19211971374688 30.69223550759994 -258.4823621391278 201.48967252639233 16.380000251395025 -286.4182893690665 253.39811353513477 -30.274753860275922 -288.4808871723375 258.21048881054566 -27.743346430987607 -301.1217539357439 245.1476131131117 -20.338171774956873 -291.16869933790906 260.694443683682 -19.071447829350387 -290.9033846849753 259.35027239395396 -10.274627827351948 -262.1689121275891 263.16295941598446 -13.195299141813026 -291.7472758933032 255.7406975164318 -6.134205846947308 -291.46615723367023 259.33427868247554 -2.6027735752249876 -299.6379288719031 242.30311722283764 -4.728880394375822 -304.1539269158966 244.33386096287006 5.6773065294974625 -308.1382791173784 221.91196075167295 6.066715056037255 -305.71672854881 220.6927742583178 15.25424265961004 -309.060138827187 197.63067631431215 6.753018251088972 -306.2948416026166 199.47399262631006 15.893829885044454 -300.15416079956714 193.8646905879865 14.581279143484755 -259.8260237795307 194.6460244590922 14.207749421570433 -276.04481045944084 188.56781004365152 15.519381793702491 -284.73227870152056 188.1615877969372 14.6440536600118 -275.3881984433792 185.47454277022908 5.472381812306938 -286.77884743084746 186.56824419447275 6.097029546650663 -284.2941136050775 188.818737392658 -4.105899301785275 -299.46600517045846 193.52182561198637 -3.8562128768757855 -305.1847374068165 198.61560146813844 -4.590546862025873 -304.65355113741464 221.28744135482924 -3.839441092123818 -261.123203213181 185.61434163633635 23.191645367918085 -277.4201088152491 187.02052680387686 23.988008768398483 -267.7949995050113 181.9581788669044 21.144358043800924 -280.34209380363075 181.9734874839811 27.315788002057626 -268.0294483254856 172.78618364361532 23.643910009812174 -274.15488851084865 175.81683636282372 35.89383769096983 -263.7328495261158 172.28581688015382 31.440913690106754 -273.1395582749333 179.87894925133554 44.00344351827565 -256.2333451152084 179.31642593942206 45.06651721468559 -266.42110269935927 190.51921143229364 51.80106733058291 -256.79615398064533 201.50355720239958 52.73943589117482 -277.28029100439784 190.0819446268443 46.56628554164308 -267.53036010011164 203.47252187172595 47.895398899018325 -278.9988126016116 191.97287917767073 40.05069012463391 -226.21528932876052 206.56981504656198 -24.60298485855147 -228.1523619864396 211.0547733958707 -36.83721369224133 -237.9962337490902 205.74208128674667 -33.16594312168051 -238.49576216291263 219.4927471244847 -47.07155168244285 -254.6835462898438 213.66419942455008 -38.806781227329694 -257.1674360807407 225.1961255056841 -52.993816658280856 -267.57403670476396 218.27374511794847 -42.80701823837975 -275.1834120250782 218.13310693566012 -42.79167033464869 -276.308051924678 216.21171175040575 -52.83867742231216 -276.2768115998435 228.91485176821263 -53.15056731990998 -295.16752186654935 224.7115715613119 -50.557689991457465 -289.870667704809 240.16471119093706 -50.681760970389576 -225.9046966016369 208.14537050299188 29.00647680464585 -225.01351490404954 202.44298554585959 13.599985065729204 -234.1239105144513 204.30097261772988 42.240375505362024 -239.87354097731955 189.14517841115958 32.53631963491938 -247.46775885479786 189.08203453904176 45.707921815706946 -249.15488368693778 183.37940042412578 35.4107134691004 -258.1389650918382 176.30164127875022 27.472554948610554 -267.702158453465 230.94143560518341 44.474834658515455 -277.4676551597279 228.5353374425883 40.974372344041605 -286.85836260041054 233.8008474666183 43.05241613501949 -280.0769530778563 214.33228085492294 39.45797373585786 -288.4364205641595 217.2540238399658 41.92656680551141 -285.0613673005434 206.41032730739502 40.92616686560419 -301.0301376359516 201.87901376697624 41.70663227861371 -253.85778357623215 185.92657710158844 28.957543480487075 -247.71669612467613 193.38035257967778 15.598743980477726 -228.10659661654026 203.86576036333744 -5.2750566538731976 -259.66961134931887 261.6463916806443 6.554716986395255 -295.24771787644477 260.2088552721883 6.100259012434902 -300.9042737295161 241.8646428650799 15.552303629056128 -288.8731133424523 219.94261825945887 19.08293014171908 -275.82521647130875 197.28771845020265 -8.636442411843376 -273.55944343981264 190.61603217960962 -12.496056760894342 -274.23096060005514 189.3977612357965 -22.511764041446746 -258.9657007030709 196.06918326608186 -12.542151832835142 -256.1997389495498 195.5227659717701 -21.995204773045003 -252.68345583748956 250.68003139637665 -43.0549356214786 -257.8869952442726 256.61697681728543 -31.664210858872146 -283.79274916667276 253.36759666748492 -45.477787067321415 -285.4961693321385 254.96094912397564 -37.24339618772205 -294.9647413307966 240.49239191001158 -41.58817623278526 -294.9025318090915 239.8982487521081 -33.38507749136743 -299.0587244641916 223.50765817857737 -34.245385929271 -291.5274974346192 202.92946910304357 -32.652354874569056 -296.2488691983249 196.03528357113856 41.456522001715506 -299.4986022992602 192.37938032695666 34.11248126334363 -282.8735511995479 186.92633942691413 32.925310513180186 -233.68636282004647 217.56669195082588 40.287902010818705 -242.37409543027738 216.89448739897313 46.8656861297184 -261.9052285502105 222.48837551777905 43.318385373317874 -270.1863743005949 225.95726029805954 40.224507445938116 -256.10517297269666 206.7738919612399 -45.47903707205923 -254.777300135685 206.85167905436788 -38.385236152198345 -258.4957526779695 203.1801912430281 -46.588669292397135 -257.839778583843 203.17982002850724 -38.82302099021659 -275.12095608196 198.5705044379702 -40.651980949908484 -300.12094147902695 225.28929221047878 -42.292213271018184 -298.16779694135 204.17990020124793 -41.87128086855986 -292.6049437711733 206.49289093820119 -51.91784735783608 -290.6674459955701 201.74288062623094 -51.636756237007 -292.82638432982037 255.91124415516776 21.537639038660313 -292.66999702097957 254.09892568701866 17.7563077050373 -301.18571408473406 241.4893847265635 20.927275649302555 -297.60751218077013 243.00512268804414 18.693100440535193 -250.24918660093562 195.25367876896064 50.42686887336174 -263.53033889981714 212.91007783518052 46.86474345399424 -268.01433465366773 201.6605574150639 36.70779481771796 -281.5584432258401 198.17988539932577 -40.995978394886976 -294.964666752363 199.6486524439535 -41.80888429381943 -296.9962133575438 206.1951383474202 -33.76176761761545 -256.6538042555839 191.72461307478343 4.645222057072473 -259.23168262768843 193.33432019192924 -2.370417375119078 -255.13823429997026 204.33394409452384 5.6146304013752175 -256.59109467532824 204.44367402550006 -1.838540970184516 -280.77993749303636 184.7230290854034 36.862779276868814 -246.30822238340886 242.35221345336058 -49.24260836489149 -277.0424923642018 244.6804350494044 -52.30608871470548 -292.2628119364837 220.0219879137578 -6.995311532547879 -300.7315268461547 242.69394642895375 -9.025775520057827 -296.9503757148953 242.72506927320603 -6.24438968227097 -302.9194989768424 191.94319384504524 6.596713762135265 -298.68380116949965 202.5231340018494 -31.121378608530357 -259.6377558742652 204.74083318695403 -7.869884980055483 -274.5909880204927 187.1000002528403 -4.043136955480471 -277.8080846635584 200.93038141397906 -51.214463306565236 -266.30818163041613 201.49277061505623 -48.51090275971949 -264.54252759167974 216.32097039347963 -50.01012916120424 -240.13764173024737 201.13163612150714 -10.916240190679247 -270.26419682955714 204.28574549705576 32.70784072752264 -292.51360181267063 258.31788118210727 13.475265512208615 -256.74700178944727 207.61601843219185 -11.635269443549916</float_array>
                    <technique_common>
                        <accessor count="175" source="#pointarray1" stride="3">
                            <param name="X" type="float"/>
                            <param name="Y" type="float"/>
                            <param name="Z" type="float"/>
                        </accessor>
                    </technique_common>
                </source>
                <source id="uvs1">
                    <float_array id="uvarray1" count="416">0.07025146484375 0.09637451171875 0.068603515625 0.10845947265625 0.093017578125 0.0936279296875 0.08172607421875 0.0980224609375 0.0816650390625 0.1121826171875 0.06829833984375 0.13311767578125 0.08172607421875 0.1280517578125 0.06817626953125 0.14910888671875 0.08172607421875 0.1376953125 0.08172607421875 0.17364501953125 0.09930419921875 0.14385986328125 0.09930419921875 0.1734619140625 0.11962890625 0.14056396484375 0.11962890625 0.17364501953125 0.1329345703125 0.17724609375 0.11962890625 0.18829345703125 0.11962890625 0.21636962890625 0.09930419921875 0.18829345703125 0.09930419921875 0.2176513671875 0.08172607421875 0.21636962890625 0.08172607421875 0.25006103515625 0.07000732421875 0.216064453125 0.07000732421875 0.25933837890625 0.23297119140625 0.3804931640625 0.253173828125 0.30706787109375 0.21240234375 0.33746337890625 0.24652099609375 0.2783203125 0.232177734375 0.27349853515625 0.249755859375 0.24761962890625 0.232177734375 0.24761962890625 0.249755859375 0.216064453125 0.23162841796875 0.2178955078125 0.232177734375 0.18585205078125 0.20977783203125 0.216064453125 0.20977783203125 0.18585205078125 0.19775390625 0.18585205078125 0.20977783203125 0.17230224609375 0.19775390625 0.1705322265625 0.20977783203125 0.13360595703125 0.19775390625 0.12890625 0.23199462890625 0.126220703125 0.208251953125 0.111083984375 0.2498779296875 0.105712890625 0.19586181640625 0.102783203125 0.07000732421875 0.2783203125 0.08172607421875 0.27996826171875 0.09930419921875 0.251708984375 0.09930419921875 0.27618408203125 0.11962890625 0.2783203125 0.12445068359375 0.32611083984375 0.132568359375 0.2783203125 0.14599609375 0.2783203125 0.14599609375 0.24761962890625 0.165771484375 0.24761962890625 0.165771484375 0.21734619140625 0.183349609375 0.216064453125 0.165771484375 0.18585205078125 0.183349609375 0.18585205078125 0.183349609375 0.17333984375 0.183349609375 0.1070556640625 0.183349609375 0.120849609375 0.183349609375 0.1435546875 0.165771484375 0.11871337890625 0.165771484375 0.1453857421875 0.14599609375 0.140869140625 0.14599609375 0.1717529296875 0.14599609375 0.18585205078125 0.14599609375 0.216064453125 0.52679443359375 0.02459716796875 0.55072021484375 0.05218505859375 0.5216064453125 0.04376220703125 0.54541015625 0.0701904296875 0.51361083984375 0.06121826171875 0.52630615234375 0.0902099609375 0.50982666015625 0.0828857421875 0.52520751953125 0.114501953125 0.4833984375 0.117431640625 0.50640869140625 0.13372802734375 0.49700927734375 0.16278076171875 0.53094482421875 0.129150390625 0.51605224609375 0.16668701171875 0.54473876953125 0.1376953125 0.51361083984375 0.01068115234375 0.48638916015625 0.02886962890625 0.455810546875 0.01129150390625 0.45916748046875 0.04705810546875 0.416748046875 0.0364990234375 0.42791748046875 0.07452392578125 0.38714599609375 0.050537109375 0.381591796875 0.05743408203125 0.36541748046875 0.0509033203125 0.37677001953125 0.08673095703125 0.3387451171875 0.0911865234375 0.3570556640625 0.1365966796875 0.250732421875 0.006591796875 0.19769287109375 0.01995849609375 0.28887939453125 0.0455322265625 0.2552490234375 0.065673828125 0.285400390625 0.08935546875 0.29229736328125 0.112060546875 0.334716796875 0.131103515625 0.2823486328125 0.13653564453125 0.29107666015625 0.1524658203125 0.26812744140625 0.1688232421875 0.48968505859375 0.24371337890625 0.52862548828125 0.23382568359375 0.5599365234375 0.27227783203125 0.55682373046875 0.227783203125 0.57989501953125 0.23193359375 0.557861328125 0.1934814453125 0.58160400390625 0.19879150390625 0.57110595703125 0.1695556640625 0.60589599609375 0.20538330078125 0.60662841796875 0.16552734375 0.2647705078125 0.1280517578125 0.27679443359375 0.11444091796875 0.1968994140625 0.07977294921875 0.1456298828125 0.02490234375 0.17730712890625 0.32672119140625 0.165771484375 0.27459716796875 0.183349609375 0.24761962890625 0.19805908203125 0.217041015625 0.1329345703125 0.1307373046875 0.11962890625 0.1279296875 0.09930419921875 0.1279296875 0.11962890625 0.11187744140625 0.09930419921875 0.11029052734375 0.03082275390625 0.3310546875 0.07611083984375 0.32672119140625 0.0306396484375 0.2783203125 0.0614013671875 0.2783203125 0.043701171875 0.25006103515625 0.061279296875 0.25006103515625 0.061279296875 0.22039794921875 0.0684814453125 0.18194580078125 0.249755859375 0.18585205078125 0.249755859375 0.1717529296875 0.232177734375 0.1710205078125 0.249755859375 0.13604736328125 0.232177734375 0.13818359375 0.42742919921875 0.201416015625 0.4595947265625 0.1790771484375 0.4412841796875 0.224609375 0.4774169921875 0.205078125 0.51422119140625 0.21954345703125 0.5321044921875 0.222412109375 0.02313232421875 0.0936279296875 0.02313232421875 0.1104736328125 0.043701171875 0.1104736328125 0.02313232421875 0.1251220703125 0.043701171875 0.1190185546875 0.043701171875 0.13494873046875 0.02313232421875 0.25006103515625 0.043701171875 0.2200927734375 0.02313232421875 0.2198486328125 0.043701171875 0.19073486328125 0.02313232421875 0.19073486328125 0.02313232421875 0.18096923828125 0.20654296875 0.2783203125 0.19573974609375 0.2783203125 0.20977783203125 0.24761962890625 0.198974609375 0.243408203125 0.4786376953125 0.1505126953125 0.51318359375 0.18707275390625 0.5294189453125 0.16326904296875 0.043701171875 0.15087890625 0.043701171875 0.1748046875 0.061279296875 0.19073486328125 0.165771484375 0.10198974609375 0.14599609375 0.1046142578125 0.165771484375 0.0885009765625 0.14599609375 0.09283447265625 0.54022216796875 0.098388671875 0.553955078125 0.12274169921875 0.44610595703125 0.125732421875 0.38995361328125 0.13751220703125 0.13238525390625 0.2152099609375 0.11962890625 0.25006103515625 0.132568359375 0.24420166015625 0.165771484375 0.1737060546875 0.08172607421875 0.18829345703125 0.1329345703125 0.1016845703125 0.14599609375 0.120849609375 0.02313232421875 0.1507568359375 0.02325439453125 0.13494873046875 0.35736083984375 0.02081298828125 0.374267578125 0.01556396484375 0.3865966796875 0.04205322265625 0.13092041015625 0.06573486328125 0.08819580078125 0.01788330078125 0.06829833984375 0.06195068359375 0.324462890625 0.04205322265625 0.3292236328125 0.0301513671875 0.59307861328125 0.14849853515625 0.53057861328125 0.172607421875 0.183349609375 0.2783203125 0.53125 0.009765625 0.56011962890625 0.0133056640625 0.55517578125 0.0308837890625 0.56097412109375 0.09161376953125 0.11962890625 0.09417724609375 0.009033203125 0.2890625 0.3988037109375 0.0172119140625 0.38970947265625 0.0146484375 0.25823974609375 0.149658203125 0.60333251953125 0.2520751953125 0.30804443359375 0.08319091796875 0.4349365234375 0.14447021484375</float_array>
                    <technique_common>
                        <accessor count="208" source="#uvarray1" stride="2">
                            <param name="S" type="float"/>
                            <param name="T" type="float"/>
                        </accessor>
                    </technique_common>
                </source>
                <vertices id="vertices1">
                    <input semantic="POSITION" source="#points1"/>
                </vertices>
                <polylist count="334" material="Material1">
                    <input offset="0" semantic="VERTEX" source="#vertices1"/>
                    <input offset="1" semantic="TEXCOORD" source="#uvs1" set="0"/>
                    <vcount>3 3 3 3 3 3 3 3 3 3 3 3 3 3 3 3 3 3 3 3 3 3 3 3 3 3 3 3 3 3 3 3 3 3 3 3 3 3 3 3 3 3 3 3 3 3 3 3 3 3 3 3 3 3 3 3 3 3 3 3 3 3 3 3 3 3 3 3 3 3 3 3 3 3 3 3 3 3 3 3 3 3 3 3 3 3 3 3 3 3 3 3 3 3 3 3 3 3 3 3 3 3 3 3 3 3 3 3 3 3 3 3 3 3 3 3 3 3 3 3 3 3 3 3 3 3 3 3 3 3 3 3 3 3 3 3 3 3 3 3 3 3 3 3 3 3 3 3 3 3 3 3 3 3 3 3 3 3 3 3 3 3 3 3 3 3 3 3 3 3 3 3 3 3 3 3 3 3 3 3 3 3 3 3 3 3 3 3 3 3 3 3 3 3 3 3 3 3 3 3 3 3 3 3 3 3 3 3 3 3 3 3 3 3 3 3 3 3 3 3 3 3 3 3 3 3 3 3 3 3 3 3 3 3 3 3 3 3 3 3 3 3 3 3 3 3 3 3 3 3 3 3 3 3 3 3 3 3 3 3 3 3 3 3 3 3 3 3 3 3 3 3 3 3 3 3 3 3 3 3 3 3 3 3 3 3 3 3 3 3 3 3 3 3 3 3 3 3 3 3 3 3 3 3 3 3 3 3 3 3 3 3 3 3 3 3 3 3 3 3 3 3 3 3 3 3 3 3 3 3 3 3 3 3</vcount>
                    <p>2 2 1 1 0 0 3 3 1 1 2 2 4 4 3 3 2 2 5 5 3 3 4 4 6 6 5 5 4 4 7 7 5 5 6 6 8 8 7 7 6 6 9 9 7 7 8 8 10 10 9 9 8 8 11 11 9 9 10 10 12 12 11 11 10 10 13 13 11 11 12 12 14 14 13 13 12 12 15 15 13 13 14 14 16 16 15 15 14 14 17 17 15 15 16 16 18 18 17 17 16 16 19 19 17 17 18 18 20 20 19 19 18 18 21 21 19 19 20 20 22 22 21 21 20 20 25 25 24 24 23 23 26 26 24 24 25 25 27 27 26 26 25 25 28 28 26 26 27 27 29 29 28 28 27 27 30 30 28 28 29 29 31 31 30 30 29 29 32 32 30 30 31 31 33 33 32 32 31 31 34 34 32 32 33 33 35 35 34 34 33 33 36 36 34 34 35 35 37 37 36 36 35 35 38 38 36 36 37 37 39 39 38 38 37 37 40 40 38 38 39 39 41 41 40 40 39 39 42 42 40 40 41 41 43 43 42 42 41 41 20 20 44 44 22 22 45 45 44 44 20 20 46 46 45 45 20 20 47 47 45 45 46 46 48 48 47 47 46 46 49 49 47 47 48 48 50 50 49 49 48 48 51 51 49 49 50 50 52 52 51 51 50 50 53 53 51 51 52 52 54 54 53 53 52 52 55 55 53 53 54 54 56 56 55 55 54 54 57 57 55 55 56 56 58 58 57 57 56 56 35 35 57 57 58 58 37 37 35 35 58 58 39 39 59 59 43 43 60 60 59 59 39 39 61 61 60 60 39 39 62 62 60 60 61 61 63 63 62 62 61 61 64 64 62 62 63 63 65 65 64 64 63 63 14 14 64 64 65 65 66 66 14 14 65 65 67 67 14 14 66 66 56 56 67 67 66 66 54 54 67 67 56 56 70 70 69 69 68 68 71 71 69 69 70 70 72 72 71 71 70 70 73 73 71 71 72 72 74 74 73 73 72 72 75 75 73 73 74 74 76 76 75 75 74 74 77 77 75 75 76 76 78 78 77 77 76 76 79 79 77 77 78 78 80 80 79 79 78 78 81 81 79 79 80 80 84 84 83 83 82 82 85 85 83 83 84 84 86 86 85 85 84 84 87 87 85 85 86 86 88 88 87 87 86 86 89 89 87 87 88 88 90 90 89 89 88 88 91 91 89 89 90 90 92 92 91 91 90 90 93 93 91 91 92 92 96 96 95 95 94 94 97 97 95 95 96 96 98 98 97 97 96 96 99 99 97 97 98 98 76 100 99 99 98 98 100 101 99 99 76 100 74 102 100 101 76 100 72 103 100 101 74 102 24 106 101 105 23 104 102 107 101 105 24 106 103 108 102 107 24 106 104 109 102 107 103 108 105 110 104 109 103 108 106 111 104 109 105 110 30 112 106 111 105 110 107 113 106 111 30 112 108 115 100 101 68 114 99 99 100 101 108 115 42 42 99 99 108 115 97 97 99 99 42 42 109 116 97 97 42 42 95 95 97 97 109 116 110 117 95 95 109 116 51 51 111 118 49 49 112 119 111 118 51 51 53 53 112 119 51 51 113 120 112 119 53 53 55 55 113 120 53 53 114 121 113 120 55 55 35 35 114 121 55 55 12 12 115 122 14 14 116 123 115 122 12 12 117 124 116 123 12 12 118 125 116 123 117 124 119 126 118 125 117 124 2 2 118 125 119 126 4 4 2 2 119 126 122 129 121 128 120 127 123 130 121 128 122 129 124 131 123 130 122 129 125 132 123 130 124 131 126 133 125 132 124 131 21 21 125 132 126 133 127 134 21 21 126 133 32 32 107 135 30 30 128 136 107 135 32 32 129 137 128 136 32 32 81 138 128 136 129 137 130 139 81 138 129 137 40 40 81 138 130 139 38 38 40 40 130 139 131 142 96 141 94 140 132 143 96 141 131 142 23 104 132 143 131 142 133 144 132 143 23 104 101 105 133 144 23 104 134 145 133 144 101 105 102 107 134 145 101 105 136 148 135 147 86 146 137 149 135 147 136 148 138 150 137 149 136 148 139 151 137 149 138 150 1 1 139 151 138 150 5 5 139 151 1 1 93 152 124 131 122 129 140 153 124 131 93 152 92 154 140 153 93 152 141 155 140 153 92 154 142 156 141 155 92 154 143 157 141 155 142 156 111 118 27 27 25 25 144 158 27 27 111 118 145 159 144 158 111 118 146 160 144 158 145 159 147 161 146 160 145 159 114 121 146 160 147 161 132 143 148 162 96 141 78 78 148 162 132 143 149 163 78 78 132 143 80 80 78 78 149 163 150 164 80 80 149 163 81 81 80 80 150 164 7 7 139 151 5 5 151 165 139 151 7 7 152 166 151 165 7 7 143 157 151 165 152 166 141 155 143 157 152 166 127 134 152 166 7 7 141 155 152 166 127 134 153 167 141 155 127 134 126 133 141 155 153 167 127 134 126 133 153 167 62 62 59 59 60 60 154 168 59 59 62 62 155 169 154 168 62 62 156 170 154 168 155 169 157 171 156 170 155 169 79 79 75 75 77 77 158 172 75 75 79 79 81 81 158 172 79 79 40 173 158 172 81 81 87 87 159 174 85 85 160 175 159 174 87 87 91 91 160 175 87 87 93 93 160 175 91 91 161 176 16 16 14 14 162 177 16 16 161 176 163 178 162 177 161 176 50 50 162 177 163 178 65 65 56 56 66 66 164 179 56 56 65 65 63 63 164 179 65 65 61 61 164 179 63 63 9 9 127 134 7 7 165 180 127 134 9 9 17 17 165 180 9 9 19 19 165 180 17 17 155 169 166 181 157 171 167 182 166 181 155 169 62 62 167 182 155 169 64 64 167 182 62 62 168 183 151 165 143 157 139 151 151 165 168 183 169 184 139 151 168 183 137 149 139 151 169 184 90 90 169 186 168 185 170 187 169 186 90 90 88 88 170 187 90 90 86 86 170 187 88 88 171 188 110 117 109 116 82 189 110 117 171 188 84 190 82 189 171 188 146 160 27 27 144 158 29 29 27 27 146 160 31 31 29 29 146 160 117 124 4 4 119 126 6 6 4 4 117 124 8 8 6 6 117 124 90 90 142 191 92 92 143 192 142 191 90 90 168 185 143 192 90 90 67 67 161 176 14 14 52 52 161 176 67 67 54 54 52 52 67 67 106 111 81 81 150 164 128 193 81 81 106 111 107 113 128 193 106 111 149 163 172 194 150 164 133 144 172 194 149 163 132 143 133 144 149 163 121 128 47 47 49 49 45 45 47 47 121 128 44 44 45 45 121 128 173 195 112 119 113 120 111 118 112 119 173 195 145 159 111 118 173 195 36 36 32 32 34 34 129 137 32 32 36 36 130 139 129 137 36 36 68 68 42 197 108 196 40 198 42 197 68 68 69 69 40 198 68 68 46 46 16 16 162 177 18 18 16 16 46 46 20 20 18 18 46 46 158 172 73 73 75 75 71 71 73 73 158 172 69 199 71 71 158 172 166 181 171 188 157 171 174 200 171 188 166 181 156 170 171 188 109 116 157 171 171 188 156 170 146 160 33 33 31 31 114 121 33 33 146 160 156 170 59 59 154 168 43 43 59 59 156 170 171 188 2 2 84 190 174 200 2 2 171 188 123 130 44 44 121 128 125 132 44 44 123 130 125 132 22 22 44 44 21 21 22 22 125 132 160 201 122 129 120 127 93 152 122 129 160 201 58 58 164 179 61 61 56 56 164 179 58 58 140 153 126 133 124 131 141 155 126 133 140 153 37 37 61 61 39 39 58 58 61 61 37 37 167 182 115 122 166 181 64 64 115 122 167 182 0 0 136 148 86 146 1 1 136 148 0 0 135 202 170 187 86 86 137 203 170 187 135 202 43 43 109 116 42 42 156 170 109 116 43 43 163 178 52 52 50 50 161 176 52 52 163 178 70 204 100 101 72 103 68 114 100 101 70 204 116 123 166 181 115 122 118 125 166 181 116 123 118 125 174 200 166 181 2 2 174 200 118 125 19 19 127 134 165 180 21 21 127 134 19 19 48 48 162 177 50 50 46 46 162 177 48 48 147 161 113 120 114 121 145 159 113 120 147 161 105 110 28 205 30 112 103 108 28 205 105 110 11 11 17 17 9 9 13 13 17 17 11 11 148 206 98 98 96 96 76 100 98 98 148 206 134 145 172 194 133 144 102 107 172 194 134 145 104 109 150 164 172 194 106 111 150 164 104 109 10 10 117 124 12 12 8 8 117 124 10 10 86 146 2 2 0 0 84 190 2 2 86 146 160 175 120 207 159 174 64 64 14 14 115 122 145 159 173 195 113 120 137 203 169 186 170 187 89 89 91 91 87 87 28 205 103 108 24 106 43 43 41 41 39 39 1 1 138 150 136 148 24 24 26 26 28 28 5 5 1 1 3 3 35 35 55 55 57 57 40 173 69 199 158 172 78 78 76 76 148 162 130 139 36 36 38 38 35 35 33 33 114 121 102 107 104 109 172 194 17 17 13 13 15 15</p>
                </polylist>
            </mesh>
        </geometry>
        <geometry id="mesh2">
            <mesh>
                <source id="points2">
                    <float_array id="pointarray2" count="2229">59.90625 224.75 -68.828125 69.265625 209.484375 -57.328125 85.390625 223.84375 -48.484375 84.21875 205.953125 -31.109375 91.453125 202.21875 -27.84375 89.296875 200.96875 -4.609375 104.1875 200.21875 -25.34375 117.484375 235.796875 -42.6875 137.7607507794083 256.8478000382826 -29.203836925560797 121.90625 261.515625 -30.84375 135.933971858181 263.8296501968932 -4.664046480155212 125.53125 267.4375 -5.109375 122.40625 261.265625 18.703125 110.34375 263.96875 20.328125 100.84375 219.90625 -42.53125 120.51776223735925 214.55005467845905 -37.08029423250015 117.41666990896935 200.47042079458694 -24.391970008482385 106.921875 237.96875 -44.265625 110.015625 265.390625 -31.546875 114.21875 270.921875 -5.953125 132.41305520474978 233.02040616764776 -42.08902450056952 55.390625 247.453125 -68.28125 80.8125 246.734375 -47.578125 105.296875 200.40625 8.859375 110.5 212.859375 26.71875 121.0444100002686 200.62364806223147 10.702376293665143 135.62908105410872 218.8266135156078 26.70558687881306 140.13666017764126 235.56127063794747 28.195682106162646 124.75951285594594 238.87228436964722 28.58185801297194 113.296875 241.09375 30.859375 132.26310043510796 257.5303844285444 16.663241934425876 42.78873832984931 271.8565153549589 37.85659237107139 46.85122493322983 280.72650952107443 29.266248055187983 64.796875 269.765625 31.484375 66.921875 282.796875 18.078125 87.734375 274.140625 19.671875 67.640625 291.359375 -6.71875 92.953125 278.890625 -6.875 68.046875 287.484375 -29.484375 88.65625 276.375 -29.5 69.84375 276.265625 -45.734375 43.86743132036883 251.3112883161064 46.55352065034518 64.203125 252.078125 40.09375 84.359375 254.03125 32.34375 100.140625 266.46875 20.84375 104.09375 273.203125 -6.65625 94.734375 244.203125 32.59375 91.69748352146713 228.57530253845084 29.090152949488367 86.66619199425384 223.68341617010844 34.84806077665681 100.921875 269.8125 -31.78125 91.3125 242.375 -47.75 42.35216388863256 300.1838484323316 -9.778028970510205 20.94760172370646 297.95699088379035 -42.760639856571345 47.21875 279.046875 -56.90625 82.6656002178333 231.09700991846506 39.77880245365267 77.11823675908748 238.15041148730631 42.914443057498985 64.21144402695582 247.88265145666105 44.503041811688234 23.996254135339917 281.49926516910557 -63.379788135343574 23.623558097120643 249.43900817902284 -79.38046847544379 88.671875 210.390625 25.578125 36.765625 226.515625 -79.546875 46.94497553486015 288.6645134685748 21.31569853028639 -63.16339559328833 236.08304528176882 52.95100086477629 -77.13176288643265 238.14301699488902 42.907048565073225 -64.22605567788369 247.8764943732261 44.4968847282462 -84.359375 254.03125 32.34375 -64.22019916217883 252.07231886833551 40.09918288074808 -64.796875 269.765625 31.484375 -42.80501147344884 271.8524121307428 37.85248914685054 -46.86752485139637 280.72201679766295 29.26175533177128 -31.071214530172266 288.034471128033 33.7293253363254 -31.586916590858884 301.1028695503619 22.26839738398996 -0.009903826798815556 296.0802735986058 50.4938823547578 -0.00967537364934002 308.83008125340245 32.97851459274665 31.569333264002584 301.1058971575692 22.27142499120075 14.818987485176518 309.69018401842703 20.899322992115803 37.19504738005099 298.6707643902579 9.810280915788354 15.491421915153094 308.12856052452497 10.79120222676454 16.1639651765895 303.9727974832707 1.0069836893599562 -0.00858845304563535 308.49033582678845 10.644965750367192 -0.0078821422609559 304.1168435168786 0.2847303003986723 -16.17978474908176 303.97124697685825 1.0054331829457221 -18.194582820964637 304.54072544027497 -16.81396169427981 -42.36658591667642 300.1797871541827 -9.782090248663817 -20.95864817998935 297.95498196678636 -42.76264877357762 -68.046875 287.484375 -29.484375 -47.21875 279.046875 -56.90625 -69.84375 276.265625 -45.734375 -55.390625 247.453125 -68.28125 -80.8125 246.734375 -47.578125 -59.90625 224.75 -68.828125 -85.38888085274108 223.86202716101894 -48.482399450826414 -69.265625 209.484375 -57.328125 -84.21875 205.953125 -31.109375 -84.47394305786537 213.58020705193627 34.72269407450859 -79.50487526389021 204.29525877082045 37.378660068903734 -88.671875 210.390625 25.578125 -85.92563810335149 196.8553068935605 21.618501740215372 -89.296875 200.96875 -4.609375 -84.83024401690531 190.87052905675674 -6.6925086225080115 -65.984375 176.46875 -35.453125 -46.328125 183.90625 -56.390625 -40.984375 205.140625 -73.890625 -21.234375 194.609375 -72.0625 -13.625 210.5 -79.75 0 195.28125 -74.59375 0 212.28125 -78.453125 13.625 210.5 -79.75 0 230.328125 -78.734375 13.53125 228.734375 -82.5 -0.0019032454028360384 257.78114462761033 -78.10007703829409 -0.003682462281821375 280.8769666439136 -64.08122135298125 18.18041709544246 304.5424691982113 -16.812217936341487 -0.006631057631671695 303.13033789430244 -24.826539626808078 -0.005324429020803397 296.20362028139806 -45.15625169392616 -24.003745754351925 281.49696412770504 -63.38208917674673 -23.626441794294763 249.4367430913942 -79.38273356307502 -87.734375 274.140625 19.671875 -66.921875 282.796875 18.078125 -46.96127424933515 288.6600117567203 21.311196818426705 -37.211202448957 298.6671974764723 9.806714001998703 -14.837262446670852 309.68876234636383 20.897901320050963 -15.508578013606222 308.1270744352871 10.789716137525003 -0.00914011097117113 310.33234464082534 20.31060748683813 40.984375 205.140625 -73.890625 21.234375 194.609375 -72.0625 46.328125 183.90625 -56.390625 38.015625 163.3125 -41.328125 65.984375 176.46875 -35.453125 54.546875 157.140625 -26.265625 59.234375 152.875 -7.90625 -70.39533222194366 196.36406891499408 41.804911426953225 -67.28538250413199 188.55495683986595 37.62549000981652 -80.69048454805099 185.8076413531571 16.425661168470697 -57.175309585110874 177.5326510982587 34.089605806221485 -72.36156216884723 174.0420905566709 11.558185278995047 -54.96875 166.484375 29.9375 -60.375 152.046875 9.03125 -49.828125 152.828125 28.109375 85.9181115017367 196.86354480154318 21.626739648207522 84.82600559320993 190.87866209957141 -6.6843755796839766 80.68451508109527 185.81537740640724 16.433397221729734 73.96875 172.828125 -8.078125 72.35718749857654 174.04902813657048 11.565122858902601 60.375 152.046875 9.03125 54.96875 166.484375 29.9375 49.828125 152.828125 28.109375 19.53924700817962 247.63032992170878 51.47057217688164 20.366430649204368 274.98136183743156 43.75644121721519 31.0537853270591 288.03744929880395 33.7323035070998 -0.009255240382596315 271.7086650533315 61.33590037256118 -88.65625 276.375 -29.5 -92.953125 278.890625 -6.875 -67.640625 291.359375 -6.71875 84.46355655390164 213.58830563905292 34.73079266163453 79.49512437071402 204.30288097045963 37.38628226855168 70.38591745452882 196.37081773759127 41.81166024955817 67.27711718663174 188.56140754577126 37.631940715729264 56.41728195451655 188.09551239121572 47.69781245899601 57.19921565184358 182.99690685107294 38.53444713125561 -13.53125 228.734375 -82.5 -73.96875 172.828125 -8.078125 -59.234375 152.875 -7.90625 -54.546875 157.140625 -26.265625 -36.765625 226.515625 -79.546875 19.359375 168.8125 -50.390625 -19.55450290197956 247.62845583134938 51.468698086520085 -20.3835692571486 274.97940834915926 43.75448772894064 -86.67755760738721 223.675106354582 34.839750961120814 -91.71976931827446 228.588955206502 29.080329236321084 -0.007623188178251491 240.81516426677314 58.184596227378265 -76.85013218958234 223.12843993237988 49.98025709622722 -82.67814940219245 231.0890836098387 39.770876145017205 -19.359375 168.8125 -50.390625 -38.015625 163.3125 -41.328125 0 170.1875 -54.65625 57.16844015211729 177.53813255039702 34.09508725836611 -57.20703408524095 182.99142240278698 38.52896268296333 -56.42646778615874 188.09010284662116 47.69240291439524 -43.88256847797407 251.3070817247961 46.54931405903004 76.83736745723046 223.1358074594682 49.98762462332403 63.14910411643461 236.08910049618345 52.95705607919787 -105.296875 200.40625 8.859375 -110.5 212.859375 26.71875 -113.296875 241.09375 30.859375 -94.734375 244.203125 32.59375 -122.40625 261.265625 18.703125 -110.34375 263.96875 20.328125 -125.53125 267.4375 -5.109375 -114.21875 270.921875 -5.953125 -121.90625 261.515625 -30.84375 -110.015625 265.390625 -31.546875 -106.921875 237.96875 -44.265625 -100.921875 269.8125 -31.78125 -91.3125 242.375 -47.75 -100.140625 266.46875 20.84375 -104.09375 273.203125 -6.65625 -104.19488212382228 200.24054869530255 -25.343295847211184 -91.453125 202.21875 -27.84375 -100.84375 219.90625 -42.53125 -120.52261305697074 214.53852352504344 -37.0925051450343 -117.484375 235.796875 -42.6875 -132.42871508936003 233.0077348775265 -42.106782378820824 -137.7729620921992 256.83461509995345 -29.21406269647632 -121.05553843639936 200.61206501803161 10.703015919561162 -135.634261696203 218.81363205487932 26.704243178695048 -140.14996627679153 235.54785877774475 28.174437204100144 -135.9457206550984 263.81663953207146 -4.666453220567581 -117.41366578206697 200.4591872091483 -24.406244529626985 -124.77498558879212 238.86034643196143 28.565926060815062 -132.2745931139949 257.5177256474742 16.661198390621465 62.5 116.890625 -3.875 54.921875 129.9375 -21.03125 55.125 116.953125 -20.359375 43.859375 129.90625 -33.59375 43.171875 116.796875 -33.296875 31.203125 129.296875 -39.390625 22.828125 116.25 -36.703125 16.71875 128.25 -39.375 0 121.265625 -34.390625 0 128.140625 -36.984375 -16.71875 128.25 -39.375 -15.03125 142.9375 -37.21875 -31.203125 129.296875 -39.390625 -28.296875 143.046875 -37.078125 -43.859375 129.90625 -33.59375 -41.96875 141.5625 -31.75 -54.921875 129.9375 -21.03125 -53.203125 137.75 -19.625 -60.23378162433966 129.18461248158306 -1.5653875326396793 -53 118.28125 20.453125 -62.5 116.890625 -3.875 -63.84375 103.921875 -5.0625 -55.125 116.953125 -20.359375 -54.203125 105.03125 -18.71875 -43.171875 116.796875 -33.296875 -35.671875 104.078125 -29.46875 -22.828125 116.25 -36.703125 -22 104.546875 -28.421875 -9.953125 106.640625 -26.59375 -12 101.90625 -18.140625 -3.484375 103 -5.09375 -5.78125 85.9375 -8.046875 -52.29602919487172 101.82983850208477 20.52405792299712 -62.8125 90.34375 -5.03125 -51.375 91.4375 -19.640625 -33.859375 91.796875 -28.296875 -13.09375 88.703125 -20.171875 15.03125 142.9375 -37.21875 28.296875 143.046875 -37.078125 41.96875 141.5625 -31.75 53.203125 137.75 -19.625 -52.578125 81.5 17.4375 -50.65625 91.109375 19.546875 -32.56199715184261 99.7600214509583 29.748944587080935 -29.4375 121.265625 27.140625 -40.359867024502655 125.74806520055799 24.51369021235142 -25.813390545571067 126.81126253604316 31.764387557388805 3.484375 103 -5.09375 0 103.875 -6.21875 0.00038051075374389957 113.6093749907897 18.45312498166917 -12.546696700379355 114.73377350574519 21.5462735014715 -10.405328827233172 100.2537265751086 20.53000002876724 -32.09375 89.796875 28.546875 12.547053241953034 114.73497645902944 21.547476454757135 -0.0006599015205046545 120.60937494895734 33.156249964774645 -8.594448831690903 121.31208797759524 33.26521299434566 -15.125760237708583 123.01489987917763 32.843024897399914 0 113.359375 -24.28125 -51.797374488587835 132.90376691340055 17.513141925372878 -10.4375 87.140625 19.515625 9.953125 106.640625 -26.59375 0 141.671875 -34.5 15.124239692774296 123.01635001464358 32.84447503286752 8.593051128810737 121.3129119182009 33.26603693495227 0 152.5625 -34.109375 21.75 151.1875 -34.078125 36.828125 148.921875 -28.46875 52.046875 144.546875 -16.515625 61.734375 141.59375 -2.34375 60.234968098812715 129.19038755619175 -1.5596124580243433 57.171875 140.78125 12.203125 51.79637527334476 132.90873302814188 17.518108040119916 42.546875 139.609375 29.0625 33.625 131.296875 30.90625 52.578125 81.5 17.4375 50.65625 91.109375 19.546875 62.8125 90.34375 -5.03125 52.297720765405536 101.83288654911043 20.526852550368584 63.84375 103.921875 -5.0625 53 118.28125 20.453125 -52.046875 144.546875 -16.515625 -37.328125 148.921875 -28.46875 -21.75 151.1875 -34.078125 -33.625 131.296875 30.90625 -42.546875 139.609375 29.0625 -57.171875 140.78125 12.203125 12 101.90625 -18.140625 22 104.546875 -28.421875 13.09375 88.703125 -20.171875 33.859375 91.796875 -28.296875 40.35888278999866 125.7519347252569 24.517559737054768 25.81160933579021 126.81373735400777 31.766862375356258 -61.734375 141.59375 -2.34375 10.407171332851698 100.25275791628076 20.52862701519554 32.56300295105124 99.76029307903724 29.74964856682923 29.4375 121.265625 27.140625 54.203125 105.03125 -18.71875 35.671875 104.078125 -29.46875 51.375 91.4375 -19.640625 10.4375 87.140625 19.515625 32.09375 89.796875 28.546875 5.78125 85.9375 -8.046875 11.207016642032835 48.765848354280024 10.054568640635726 30.7215912941718 59.941740052481435 20.78999496873215 39.640625 48.734375 21.265625 42.784100973381626 59.708018886062376 20.82238491257369 65.53125 48.734375 9.359375 61.753475282936016 58.21254302851702 9.29559785151385 72.734375 48.75 -9.0625 68.7542362276301 59.780452792376664 -8.145374005245298 59.09898830284495 58.40505398681738 -27.673847378174973 49.51997242592363 69.68775233458021 -20.37320535195874 33.442439408237014 67.66223170051083 -30.697277598771336 33 75.09375 -25.390625 16.3125 69.796875 -18.390625 43.46875 83.5 25.546875 44.734375 74.890625 27.0625 24.71875 81.5 25.671875 25.21875 72.703125 26.96875 13.828125 74.71875 17.5 27.234375 65.953125 25.359375 13.15625 67.671875 8.640625 12.409619252432007 60.27304616057121 9.444538305009548 5.84375 48.8125 -8.03125 4.973951721923685 35.515549536128816 -4.023855208917022 10.890625 68.078125 -5.640625 18.020135579627837 67.0749647343818 -21.16533366810796 35.537108291337134 57.281864041203875 -39.484821352910565 36.71875 45.578125 -45.625 64 47.328125 -30.75 52.585125799181164 35.89283193828743 -41.927822849880826 66.36577803605317 35.096617559275856 -28.661537214564504 8.160445879504268 60.02897047619605 -7.555129705652417 60.328125 75.34375 -7.3125 53.4375 74.296875 7.859375 42.859375 67.265625 25.609375 38.94147621946882 36.595302884874314 20.462148169202774 54.988525708192725 36.64294715420556 16.77541743435166 67.27027678566496 36.59666092118849 6.369756189324152 75.78653395325091 37.0814441771693 -7.30171056984755 12.567030567397381 36.62528853717063 8.867133808211825 24.691653773965225 36.563369771682744 16.789590051755354 23.632011352234752 36.000818973513745 -42.25733581490746 11.25 47.375 -28.890625 14.270801877290612 58.57743858193554 -26.567036523065838 48 76.484375 -18.25 36.35100700711379 36.626428702057765 -48.006726092251576 10.928226479906256 34.953334973664965 -27.445444798939626 67.50400611530658 31.112297119488062 25.322892403099917 81.0062958901295 26.378569391711494 -17.707710379560684 51.53479549430197 30.158406580583346 35.88462687523594 11.722825903929857 29.359623059032828 25.61709334097194 83.22383544137706 29.347425700337837 4.573645958079144 -1.165622365173495 26.984005205197107 -17.41477456503825 9.616822323928487 26.328272097186485 -41.67988270168458 29.847291049920237 30.094866917059136 36.03983721181825 27.92994847670512 25.29789999728378 -53.71025481659567 69.25758950388308 22.628006173655507 -40.94264862862353 48.945585413000025 25.189532452382252 -53.8498723617833 0.19272570209306264 28.327820323723373 2.663415578102734 225.8896134825337 208.18025044312975 29.02849377499282 225.00045711569035 202.4621551395225 13.621915940516026 217.84375 203.640625 25.8125 217.203125 198.375 -4.9375 204.76798223354643 201.05200651788977 24.14054476629799 205.5323367709584 196.82048206102047 -4.840573683201685 187.18710800560467 196.70935597150682 -4.610301001764545 209.3893254790164 205.72987549246398 -33.835181194916956 193.2264487996269 205.08761109115994 -32.62455610661991 212.95717987377424 223.57521080625656 -46.86149241046218 195.50453636585232 222.41704620616252 -44.04839825642441 216.9910895923309 244.26317282059495 -47.71299572127533 197.04083957888258 239.3079350559757 -45.288594109511656 193.3285472678006 256.6344522075111 -32.165912181205044 178.421875 249.90625 -30.328125 165.453125 259.8125 -4.21875 170.546875 249.796875 -30.015625 159.078125 249.703125 -29.09375 159.453125 230.046875 -38.890625 151.6533169108709 230.67824724396488 -39.770680962759364 160.921875 206.5625 -25.71875 149.79468780573066 206.50479418320995 -25.14037453599991 161.21875 201.828125 -4.25 151.1006686044383 205.04822187176893 12.099930131439384 163.390625 205.046875 14.453125 233.6849211903573 217.58669434911147 40.310665160616736 204.78852872910943 223.50385559756887 37.47113282866731 181.546875 201.390625 19.796875 178.34375 231.625 32.140625 166.046875 229.203125 28.46875 156.3600706115749 231.6097652402609 27.250641391201135 144.01181631346682 253.2814523459412 17.07360976655763 159.07999928709302 248.75173452707415 15.904707372050435 166.23414249341155 249.34611235051585 16.38919202310923 181.1875 254.796875 19.90625 205.62729425966538 243.11353392551996 35.1337130486992 186.39913657833182 265.49052760116024 -4.560999149963127 215.82426203138712 261.1367781100068 -34.31115215014096 236.828125 261.390625 -34.796875 246.3129881751854 242.3734262917812 -49.21863477495705 250.5771430875601 254.92047475454171 -44.45215092380587 266.20345111804716 249.76635053015153 -58.07645512175998 258.8734465529939 256.59280281665224 -37.59219510514471 263.95031860569117 263.1240249741605 -27.029075602936093 233.5625 269.546875 -5.453125 267.2151049968259 265.2488255921942 -16.450651698113845 268.0423015349649 267.3264465850797 -4.309877142135652 287.1513473845534 269.46877136683884 -2.1992463312967736 268.8542874002897 264.9978153809665 7.846310253502345 263.635171988854 262.8718741114318 17.220893423068002 232.625 259.359375 22.125 258.4008453748759 256.35530639389765 26.59526518133763 252.7911796648568 253.66684554291749 35.610422814780975 264.0409810752322 248.12045775382614 47.563960795286285 247.8075481917954 241.7754512334428 41.85955201400182 146.73022891312272 259.86189372635 -4.414069905586152 151.13500702639675 251.05215446729966 -28.880257473669154 212.1647474063946 269.7117062789997 -4.563795632925366 207.49503387589928 260.22438730742283 21.551380517512857 232.328125 246.328125 36.640625 239.24583151560947 232.7433403959816 42.983602363868165 241.1685506723376 221.41521904860326 46.68630031000117 257.16747269455163 225.50992708045857 58.156212074525406 228.1108370658436 203.88522806430137 -5.252828201397421 226.20549863809606 206.58910001904053 -24.580938604948877 221.28125 207.421875 -35.34375 228.15893925254605 211.0742455966916 -36.814980739908556 238.502511563462 219.51321102489425 -47.04832703052037 180.5625 230.6875 -42.03125 174.359375 209.171875 -29.1875 171.828125 230.109375 -39.65625 141.77376427830384 203.92236920747555 11.824640964039109 139.5097211886736 204.19124076937757 -24.263708342120253 137.21858301394343 216.27032825805966 -36.55393618564221 236.67329769299687 232.7475395099005 -49.6728029445458 280.65010521583827 262.3885169280345 29.44064701953113 255.95563850303526 227.9373630377392 -60.234370027829044 281.7477611291896 262.4854802131165 -35.434282288655666 -8.152053287824698 60.02825511101341 -7.551705832685544 -10.890625 68.078125 -5.640625 -14.26044651112847 58.57610001811203 -26.57982335206413 -18.011113542385736 67.0733040846134 -21.162855079727926 -35.52538999934145 57.2784865988998 -39.49964706039172 -33.43255964289495 67.65909245187373 -30.696277609261678 -59.08851063036645 58.39945490095397 -27.67530722589446 -49.51127655131049 69.68307156797363 -20.373746880420338 -68.74576191036935 59.773890445113324 -8.163384617689406 -60.328125 75.34375 -7.3125 -61.74652363806678 58.20668927010276 9.293883331243226 -53.4375 74.296875 7.859375 -42.77839803480485 59.70398378927587 20.822489053932895 -42.859375 67.265625 25.609375 -30.715907769456003 59.938861468690476 20.791255623088247 -27.234375 65.953125 25.359375 -13.15625 67.671875 8.640625 -13.828125 74.71875 17.5 -44.734375 74.890625 27.0625 -43.46875 83.5 25.546875 -24.71875 81.5 25.671875 -16.3125 69.796875 -18.390625 -33 75.09375 -25.390625 -48 76.484375 -18.25 -12.402879895363222 60.271923319307206 9.447554701894612 -5.84375 48.8125 -8.03125 -11.1875 48.765625 10.0625 -4.963546300124436 35.51505949446707 -4.023381628291801 -12.55796741974855 36.62407043162827 8.86687932495558 -36.33649087072939 36.62293052814849 -48.009260643877354 -36.71875 45.578125 -45.625 -52.57112200404602 35.88777726567035 -41.93191390021615 -64 47.328125 -30.75 -66.35296970383303 35.09024158554212 -28.666949566018037 -72.734375 48.75 -9.0625 -75.7759637433307 37.07416486491698 -7.308026259820679 -67.2609709500559 36.590198059172664 6.364256949588468 -39.640625 48.734375 21.265625 -65.53125 48.734375 9.359375 -23.617986584066017 35.998540231700815 -42.25865093443546 -11.25 47.375 -28.890625 -24.683344157452105 36.56098916084946 16.788173063206898 -38.933521646453045 36.591556030709484 20.459364937321197 -54.980222083974915 36.63766177821891 16.7710956806465 -25.21875 72.703125 26.96875 -10.915521514780272 34.952274165874584 -27.445541984443697 -67.49599161933708 31.105811786364796 25.31737069225678 -80.99370178246585 26.370789722800453 -17.714526426193085 -29.840206857798076 30.09199194186249 36.03792585890584 -51.52770231373684 30.153452278912795 35.88063619584723 -11.714672087094094 29.358485849477177 25.616919753702522 -83.21366222102053 29.33943330494317 4.566617184962851 1.178129584555008 26.984103906549947 -17.413712241397768 -9.60192567679052 26.327337127597687 -41.67985404898692 -27.91379943984646 25.295209285168013 -53.711981906426985 -69.24240822271729 22.6213530562635 -40.94833812373563 -48.9294124069601 25.184826830967225 -53.85361436091619 -0.18227234193051156 28.3277886926531 2.664347569319988 -141.77433323645195 203.90879978390262 11.81197089410304 -151.11809506510437 205.03375754556737 12.092996780613124 -156.3686764854032 231.5947971814959 27.235981950257546 -166.046875 229.203125 28.46875 -159.10267651705252 248.73650525902002 15.893778279645906 -166.24331969407677 249.33019714757194 16.37795650471928 -165.453125 259.8125 -4.21875 -181.1875 254.796875 19.90625 -186.41460594571038 265.4746992134683 -4.586243384066086 -207.50927495047836 260.20653643808544 21.521877175351875 -212.18023839217622 269.6934055960754 -4.571129326855752 -232.625 259.359375 22.125 -233.5625 269.546875 -5.453125 -263.6543663662447 262.8490000536482 17.195258084156222 -268.8727867536589 264.9744409648069 7.820174556214 -280.6704246840723 262.3640114802378 29.413380290604454 30.648533552161087 254.1419277998745 46.82557015641065 37.44476359597318 265.1733874992928 49.24829980196448 37.16402591258929 265.33014387280764 38.404543834589035 39.13223883398318 274.1113721249904 40.82693416642045 37.41400190498646 273.81491361411145 30.42058756457288 38.97597680752378 283.4242990754559 31.764873122878583 32.91404457276441 281.5651121109396 21.780118384107702 34.85077828053201 294.5650618887314 24.76520945653946 26.320072076806774 294.1433015174483 13.84290528348655 33.74080103628882 305.4399277822529 26.453177600732776 23.67848079200552 311.45553855916864 16.687358622613687 31.443399452853217 314.36159377570976 28.515995187644478 24.286713511430158 322.9080994796119 29.062936850672692 34.739671495589015 315.2049392668704 40.250568655460334 29.176655407395753 323.75144122174584 42.469461716411764 -137.2257591802603 216.25719678751113 -36.577308804145865 -151.64754340043672 230.66373176618544 -39.79518993239306 -149.78864899018495 206.49045619113735 -25.156816513833416 -160.921875 206.5625 -25.71875 -161.21875 201.828125 -4.25 -174.359375 209.171875 -29.1875 -193.24163555720642 205.07112743269352 -32.63915250508773 -195.506883120455 222.40034376579698 -44.05944654375294 -212.95990949659426 223.541211399911 -46.888082262097434 -216.99116285982984 244.24441211361125 -47.745615496667625 -236.667565547177 232.72725093976112 -49.69585226619797 -246.30822238340886 242.35221345336058 -49.24260836489149 -255.96405738752787 227.91522578503708 -60.25926856165848 -0.00713282624794861 236.87458903138867 51.91702284848713 -0.006925359145533662 238.21861094173477 46.245212278696215 -13.83537615400812 240.65523904714655 50.60404122076675 -20.209918528972434 247.0150709816031 34.69779050828343 -22.819893468903416 246.17055543711484 48.056999940424255 -30.632039968652624 256.21789111176435 30.635232092739532 -30.66396630693748 254.13898857902308 46.822630935555836 -37.17972391656233 265.3265799551697 38.40097991694704 -37.46148623188577 265.169796616326 49.24470891899354 -39.149010986119734 274.1076194500501 40.82318149147586 -39.852608610027445 275.38842449946526 49.40133418612837 -40.75903916020502 284.74802420188473 43.807989427953835 -41.368701029637 285.4977440483261 49.04237115725699 -41.88457772855438 293.2790906620222 46.5114694652391 -0.006396593377339081 244.51631664902274 28.91738918039419 -0.006219874814997349 254.45446981768504 15.292865599183065 -17.600192287897197 254.50028117460226 19.88577442017058 -12.272175958934126 266.17286251120447 10.480339393949938 -28.038463061999064 271.04667825210026 19.417317294680704 -22.288570223292048 279.9535237313113 12.746144906639119 -32.929705275920945 281.56195566938305 21.776961942547516 -26.3361778021846 294.1407772630473 13.840381029082701 -34.86797155924827 294.5617196860202 24.761867253824335 -33.75919880859033 305.43669194278334 26.44994176125959 -39.509095383684446 294.65475283377873 35.07414926038302 -38.494120568731795 305.4984211575861 37.793467773153054 -42.05678381339134 299.10715572319725 47.58986561412442 -42.11959465002961 299.40373109352987 53.77737683545872 14.784150472862363 318.32673627015635 87.1091368350157 -0.012795639610756344 316.450865885851 90.46771260490726 15.143448302885362 323.1237812978369 83.92188402452257 -0.012854840493879555 322.9354925594168 85.21802346729162 -0.012780707635589918 326.9045069730019 79.70258873534321 -15.169051627453888 323.12232816622327 83.92043089290729 -0.01279271111383632 331.13907297684005 75.71841673350342 -12.05952238025023 331.79492224905687 72.03037069406648 -0.012854160723562432 337.99871538007324 70.14062057352777 -11.325173617943383 336.35764995502154 68.01499962680869 -0.012695380912820242 339.82708682083023 65.00008322266035 -11.340694513231119 337.764070740429 64.4369412993169 -0.011848256609968915 338.92164057805087 48.23441481704818 -11.26173886935623 337.3430099833764 47.530674859356814 22.805106426246383 246.17274262490437 48.059187128216315 30.61795989058957 256.2208273364681 30.63816831744668 35.49251417775387 266.2367204703173 29.920132151277965 28.024036809164457 271.0493657965485 19.420004839132044 22.27392967429947 279.9556599845907 12.748281159920952 14.679799139632303 292.9242871242942 7.717288840181284 15.819442119202954 309.78354298034816 11.343151722375968 -0.008515818275599423 310.01733748474703 7.623654192080708 -0.009204193433169198 319.4233500070451 12.577230100920369 -0.006438638407052164 266.4860778468437 7.824692374770862 -0.006967495884364377 280.14245365969305 5.200347039066383 -13.553945824593152 279.6416769034578 7.8559236487754465 -0.007539039452846652 292.28308911881095 4.982179041251451 -14.695200792861403 292.9228789348955 7.715880650780917 -15.836807808048242 309.78202543155993 11.341634173585998 -16.509640830067262 320.937819971189 20.170261757067628 -0.010253594472572278 330.43845362704496 23.452758146953215 -13.807194468678485 329.0939118918669 26.170782323934638 13.820873782435422 240.65656484248473 50.60536701610646 20.196331378170502 247.01700799106328 34.699727517745856 17.58730763123888 254.50196800573312 19.88746125130336 12.259073984690936 266.17403849915985 10.481515381906627 13.539804113143063 279.64297573346704 7.857222478786211 -151.1479636949662 251.03768831034887 -28.902593697103367 -159.078125 249.703125 -29.09375 -159.453125 230.046875 -38.890625 -170.546875 249.796875 -30.015625 -171.828125 230.109375 -39.65625 -178.421875 249.90625 -30.328125 -180.5625 230.6875 -42.03125 -197.0381169194553 239.2910845364337 -45.292256490865505 -23.69651909912262 311.4532674792447 16.685087542687135 -31.46285040258277 314.35857815309305 28.51297956502433 -34.76032834469397 315.2016075506759 40.24723693926202 -40.68246693232768 304.9505686238375 55.996461649860585 -37.18292911119226 313.04441223129595 57.54389243169629 -38.870458289196144 306.70024801248263 64.49663241074339 -36.13638292022793 311.9972083883272 65.45014241352709 -35.57386640751863 304.1687515657651 72.93416909416226 -31.480497689534708 310.9345158683534 74.12218967208891 29.92589067952337 322.90692192417333 59.26633218358964 37.16082071795936 313.0479761489338 57.54745634933829 36.113616913735314 312.0006719350186 65.45360596022246 38.84829153219944 306.703973722094 64.50035812035904 35.55113342902997 304.17216118179863 72.93757871019974 41.08290623087035 301.5947006026053 64.6095952973156 41.78625745441745 295.75093038945334 65.7343488615855 42.77088486082617 296.7669037037192 59.45319475274543 42.067992832563895 290.0636566218702 61.29658970501096 -24.307036376897194 322.90576997480866 29.060607345866764 -21.105189976086436 333.15513622828377 45.483127228911194 -144.02460058142768 253.2676675173061 17.066623436673698 -146.72697247710605 259.8478494626591 -4.432841788878954 -35.50748565908198 266.23331684657904 29.9167285275358 -37.429747923016116 273.8113257272923 30.416999677749605 -41.10459358025566 301.5907606684365 64.60565536314222 -42.791614942543795 296.76280197757694 59.449093026598405 -41.80749235347687 295.74692304196225 65.73034151408977 -42.08825697403775 290.05962230905016 61.29255539218629 -41.3698335432161 290.73123737758516 67.43324704236 -39.7442268122562 281.1845893648564 64.32349228779017 -37.38536340217015 284.84061612733063 71.33940565087977 -258.42031379727507 256.3329341730713 26.570131679383724 -252.79562972179903 253.64501115491868 35.585827675267616 -232.328125 246.328125 36.640625 -247.81145733265038 241.75409468564004 41.8354347146851 -239.26460753621782 232.72280472834868 42.96030541510978 -257.1870097345677 225.48767310807642 58.13119682101582 -241.17097057466106 221.39449909753324 46.662819607417866 -163.390625 205.046875 14.453125 -181.546875 201.390625 19.796875 -187.1957422151136 196.69345124938567 -4.6241157949578735 -204.77489577488444 201.0344159944643 24.12567599180302 -205.5394840554896 196.8028187475808 -4.859132044877234 -217.203125 198.375 -4.9375 -221.28125 207.421875 -35.34375 -226.21528932876052 206.56981504656198 -24.60298485855147 -228.1523619864396 211.0547733958707 -36.83721369224133 -193.33548605712957 256.6179585974702 -32.18108859314532 -215.83541680163376 261.1181285512563 -34.33770653382371 -236.828125 261.390625 -34.796875 -250.58966222134956 254.8988529778075 -44.47653398166679 -266.1985446939886 249.74323066602213 -58.10233573740541 -258.87115865796505 256.5703856038285 -37.61737306948363 39.49090443476671 294.65853996441706 35.07793639102571 40.74096065250092 284.75193117842934 43.81189640450294 39.83489120684378 275.39224458772776 49.40515427439532 39.63170854981721 272.00138963063057 53.99873198534821 12.034227564380243 331.79607726397865 72.03152570898953 23.89376211405489 323.155766118095 77.34417999838594 19.112687340360374 334.23436826301054 62.610106894122985 21.082309926963035 333.1571586279522 45.48514962858193 11.299826330062409 336.3587345604734 68.01608423226175 11.315555434702855 337.7651568439547 64.43802740284377 11.238261078936821 337.34408859653286 47.531753472514545 -35.96434683269368 300.52807788529617 73.55897584120207 -36.12043427721245 295.76237948747104 74.93373989141419 -139.52305185328862 204.17788758336562 -24.266048508938646 -19.137312571737816 334.2325346206445 62.608273251754845 -29.949109182878694 322.904051614718 59.263461874131025 -23.918737776067843 323.1534740651375 77.34188794542577 -205.65035546482162 243.09585970549148 35.1296777423204 -178.34375 231.625 32.140625 -204.8066555185053 223.48626445476998 37.440327587405534 -233.68636282004647 217.56669195082588 40.287902010818705 -38.992773013297274 283.42056138125395 31.76113542867229 42.0991551564284 299.4077684024976 53.78141414443105 40.66128288073734 304.95446811001295 56.00036113604053 38.47462925438735 305.50211091342555 37.79715752899678 -263.94967016862785 263.10112017983556 -27.039115399736588 -267.23129891816274 265.2256084459941 -16.476630125442448 -268.044233636349 267.2875250901831 -4.33593513763352 -287.1693120697238 269.42801771413417 -2.227137014217192 -281.7462448881147 262.46086984892725 -35.46165340436263 42.03696599335394 299.1111870398696 47.593896930801435 41.865422078980856 293.2831054998825 46.515484303103975 -209.3978432949606 205.71184288333495 -33.858415094305606 35.941903002059526 300.53152495317545 73.5624229090853 41.348916266689045 290.7352027790091 67.43721244378847 36.098315556822605 295.7658415360886 74.93720194003573 34.28606351658791 287.8749993272698 77.65548678186398 -225.9046966016369 208.14537050299188 29.00647680464585 -217.84375 203.640625 25.8125 -225.01351490404954 202.44298554585959 13.599985065729204 -228.10659661654026 203.86576036333744 -5.2750566538731976 -238.49576216291263 219.4927471244847 -47.07155168244285 16.490359094095886 320.93940193715184 20.171843723032296 -29.19834445845344 323.74864281983423 42.46666331449699 41.350048780268146 285.50170944975 49.04633655868546 13.786555467908688 329.0952346910575 26.172105123126684 40.61543413229942 278.8292397029504 60.71785648836509 40.66253606908312 281.0952025294785 53.71796736191501 39.724523005117724 281.18839896660216 64.32730188954034 37.36463642604787 284.84419951992834 71.34298904348157 -40.6812137439819 281.091303043303 53.71406787573506 -40.63456568098104 278.82534471099643 60.71396149640663 -39.64954126798761 271.99758901732775 53.994931372041044 -10.090828467566377 311.7158729348139 93.27950251144865 -13.340814991724542 314.6846229354599 90.02948903625278 -14.809599459128636 318.3253175942408 87.10771815909854 -5.653305250330475 309.8878962452363 94.62337759752552 -0.012673519842322317 309.3568979219626 95.01424753169908 28.08165236268208 316.9060575121632 75.45345612985831 5.6279447237442355 309.88843704988835 94.62391840217822 10.065421486112816 311.7168391924332 93.28046876906912 31.45700216582947 310.9375329890439 74.12520679278289 13.315434947017087 314.68590079243563 90.03076689322992 -264.0616703253295 248.0975447167345 47.53828647706642 -28.105847508194174 316.9033639754196 75.45076259311166 -34.30768632577771 287.87171105521634 77.65219850980675</float_array>
                    <technique_common>
                        <accessor count="743" source="#pointarray2" stride="3">
                            <param name="X" type="float"/>
                            <param name="Y" type="float"/>
                            <param name="Z" type="float"/>
                        </accessor>
                    </technique_common>
                </source>
                <source id="uvs2">
                    <float_array id="uvarray2" count="990">0.8189697265625 0.63031005859375 0.7913818359375 0.599853515625 0.73211669921875 0.65216064453125 0.70294189453125 0.58404541015625 0.67626953125 0.5982666015625 0.6646728515625 0.55810546875 0.6331787109375 0.6104736328125 0.591064453125 0.69964599609375 0.52337646484375 0.75994873046875 0.58160400390625 0.75445556640625 0.51953125 0.81317138671875 0.571044921875 0.8135986328125 0.574462890625 0.86285400390625 0.63592529296875 0.8631591796875 0.65972900390625 0.6544189453125 0.5771484375 0.654052734375 0.59033203125 0.62091064453125 0.63726806640625 0.6995849609375 0.63427734375 0.7550048828125 0.631103515625 0.8118896484375 0.5426025390625 0.7005615234375 0.83892822265625 0.68115234375 0.762451171875 0.71258544921875 0.5977783203125 0.9913330078125 0.58673095703125 0.9608154296875 0.5426025390625 0.98968505859375 0.49114990234375 0.9395751953125 0.48345947265625 0.9063720703125 0.53375244140625 0.90484619140625 0.57623291015625 0.90704345703125 0.52459716796875 0.86505126953125 0.5860595703125 0.56103515625 0.62994384765625 0.55670166015625 0.8853759765625 0.91015625 0.87567138671875 0.88861083984375 0.82415771484375 0.89678955078125 0.82135009765625 0.8629150390625 0.74017333984375 0.86181640625 0.82293701171875 0.81817626953125 0.739990234375 0.8109130859375 0.82373046875 0.77899169921875 0.756103515625 0.765380859375 0.8143310546875 0.7451171875 0.8800048828125 0.946044921875 0.82049560546875 0.93585205078125 0.7479248046875 0.90985107421875 0.6820068359375 0.8662109375 0.68011474609375 0.80865478515625 0.68157958984375 0.91412353515625 0.68463134765625 0.946044921875 0.7291259765625 0.978759765625 0.68353271484375 0.75506591796875 0.70123291015625 0.70654296875 0.891357421875 0.81915283203125 0.93182373046875 0.77105712890625 0.86431884765625 0.73272705078125 0.75811767578125 0.9705810546875 0.772705078125 0.96551513671875 0.817138671875 0.95452880859375 0.92059326171875 0.73052978515625 0.92059326171875 0.66900634765625 0.68780517578125 0.9940185546875 0.6876220703125 0.96270751953125 0.8861083984375 0.6258544921875 0.8780517578125 0.87158203125 0.81878662109375 0.9888916015625 0.92059326171875 0.8939208984375 0.92486572265625 0.8721923828125 0.988525390625 0.90899658203125 0.9881591796875 0.89251708984375 0.96234130859375 0.8714599609375 0.90631103515625 0.8521728515625 0.95928955078125 0.8563232421875 0.955078125 0.837646484375 0.988525390625 0.8577880859375 0.98870849609375 0.8299560546875 0.95013427734375 0.81024169921875 0.5673828125 0.5621337890625 0.55108642578125 0.5284423828125 0.597900390625 0.558349609375 0.59844970703125 0.5186767578125 0.6744384765625 0.5299072265625 0.761962890625 0.5028076171875 0.84979248046875 0.52374267578125 0.86822509765625 0.58123779296875 0.933349609375 0.54888916015625 0.9566650390625 0.5850830078125 0.9886474609375 0.54803466796875 0.9886474609375 0.58380126953125 0.9886474609375 0.6241455078125 0.958984375 0.62396240234375 0.9886474609375 0.6820068359375 0.98870849609375 0.73590087890625 0.98870849609375 0.79931640625 0.98870849609375 0.76422119140625 0.988525390625 0.8812255859375 0.86419677734375 0.4720458984375 0.7696533203125 0.42919921875 0.6983642578125 0.4013671875 0.52197265625 0.4942626953125 0.5257568359375 0.4716796875 0.61236572265625 0.4871826171875 0.53302001953125 0.447021484375 0.62548828125 0.46185302734375 0.54351806640625 0.417236328125 0.63970947265625 0.39385986328125 0.55145263671875 0.38165283203125 0.679931640625 0.4716796875 0.93408203125 0.95849609375 0.93798828125 0.91973876953125 0.98822021484375 0.94342041015625 0.4815673828125 0.4625244140625 0.5130615234375 0.458740234375 0.92950439453125 0.48370361328125 0.724365234375 0.9942626953125 0.9879150390625 0.97698974609375 0.77728271484375 0.9935302734375 0.9886474609375 0.4757080078125 0.69970703125 0.28802490234375 0.759033203125 0.3316650390625 0.7552490234375 0.2864990234375 0.82098388671875 0.33038330078125 0.82470703125 0.2884521484375 0.87042236328125 0.3323974609375 0.89886474609375 0.2918701171875 0.92510986328125 0.3326416015625 0.986328125 0.31109619140625 0.9866943359375 0.33953857421875 0.92816162109375 0.38751220703125 0.8795166015625 0.38775634765625 0.8226318359375 0.38134765625 0.76068115234375 0.3607177734375 0.6866455078125 0.32379150390625 0.61187744140625 0.27691650390625 0.7093505859375 0.2509765625 0.75933837890625 0.2484130859375 0.84539794921875 0.245361328125 0.8980712890625 0.2479248046875 0.9521484375 0.26007080078125 0.93475341796875 0.2357177734375 0.9669189453125 0.23419189453125 0.95770263671875 0.19207763671875 0.61578369140625 0.2366943359375 0.70587158203125 0.20489501953125 0.77490234375 0.2115478515625 0.84942626953125 0.2154541015625 0.91796875 0.198974609375 0.6231689453125 0.17431640625 0.61456298828125 0.203125 0.55157470703125 0.225830078125 0.53759765625 0.27630615234375 0.566162109375 0.3038330078125 0.52728271484375 0.3026123046875 0.4483642578125 0.213134765625 0.43963623046875 0.20599365234375 0.4443359375 0.2447509765625 0.48712158203125 0.25848388671875 0.48638916015625 0.21826171875 0.55682373046875 0.1942138671875 0.4434814453125 0.27587890625 0.46881103515625 0.27783203125 0.49609375 0.2879638671875 0.98565673828125 0.27423095703125 0.6085205078125 0.32275390625 0.44775390625 0.166748046875 0.49090576171875 0.17919921875 0.98504638671875 0.240966796875 0.98724365234375 0.37176513671875 0.98724365234375 0.41802978515625 0.9129638671875 0.4315185546875 0.85772705078125 0.4185791015625 0.7706298828125 0.39569091796875 0.68511962890625 0.36676025390625 0.62408447265625 0.358154296875 0.552734375 0.35455322265625 0.53363037109375 0.3148193359375 0.50604248046875 0.072021484375 0.5506591796875 0.1094970703125 0.5679931640625 0.0762939453125 0.5850830078125 0.10968017578125 0.63641357421875 0.06976318359375 0.6422119140625 0.09619140625 0.699951171875 0.0667724609375 0.7042236328125 0.09625244140625 0.7720947265625 0.09185791015625 0.78143310546875 0.13677978515625 0.844482421875 0.12298583984375 0.846435546875 0.15411376953125 0.91021728515625 0.1375732421875 0.58746337890625 0.17840576171875 0.587646484375 0.15576171875 0.541015625 0.16937255859375 0.54364013671875 0.14776611328125 0.4989013671875 0.14886474609375 0.54705810546875 0.131103515625 0.4881591796875 0.12628173828125 0.4989013671875 0.10467529296875 0.4658203125 0.067138671875 0.47686767578125 0.039306640625 0.95587158203125 0.13616943359375 0.89617919921875 0.12835693359375 0.8408203125 0.08599853515625 0.84088134765625 0.0572509765625 0.7703857421875 0.06402587890625 0.8089599609375 0.039306640625 0.76690673828125 0.039306640625 0.46539306640625 0.127685546875 0.46514892578125 0.10302734375 0.71405029296875 0.1513671875 0.6492919921875 0.14984130859375 0.5831298828125 0.13531494140625 0.56060791015625 0.039306640625 0.5870361328125 0.039306640625 0.6282958984375 0.039306640625 0.6903076171875 0.039306640625 0.508056640625 0.039306640625 0.53436279296875 0.039306640625 0.870361328125 0.039306640625 0.8970947265625 0.06658935546875 0.8958740234375 0.095947265625 0.9522705078125 0.0667724609375 0.9559326171875 0.10870361328125 0.78131103515625 0.1595458984375 0.84356689453125 0.039306640625 0.897216796875 0.039306640625 0.95361328125 0.039306640625 0.6070556640625 0.00982666015625 0.7318115234375 0.0113525390625 0.5733642578125 0.0113525390625 0.52362060546875 0.0113525390625 0.656982421875 0.0106201171875 0.91839599609375 0.0113525390625 0.88348388671875 0.0113525390625 0.54827880859375 0.0113525390625 0.8577880859375 0.0113525390625 0.7928466796875 0.0113525390625 0.82623291015625 0.0113525390625 0.49249267578125 0.02496337890625 0.1829833984375 0.53070068359375 0.1829833984375 0.5537109375 0.20684814453125 0.53497314453125 0.2027587890625 0.586181640625 0.2447509765625 0.53814697265625 0.24029541015625 0.58953857421875 0.32208251953125 0.5926513671875 0.22613525390625 0.63616943359375 0.29742431640625 0.64166259765625 0.2135009765625 0.6767578125 0.2862548828125 0.681640625 0.195556640625 0.7022705078125 0.27789306640625 0.70849609375 0.2921142578125 0.749267578125 0.36956787109375 0.7496337890625 0.40533447265625 0.80828857421875 0.40496826171875 0.7510986328125 0.43316650390625 0.75213623046875 0.43572998046875 0.69818115234375 0.4805908203125 0.6973876953125 0.42919921875 0.64459228515625 0.48870849609375 0.63916015625 0.4190673828125 0.60272216796875 0.48944091796875 0.570556640625 0.41497802734375 0.56109619140625 0.16839599609375 0.984619140625 0.19158935546875 0.9908447265625 0.15447998046875 0.95928955078125 0.2322998046875 0.99615478515625 0.23870849609375 0.94158935546875 0.3472900390625 0.99755859375 0.340576171875 0.91375732421875 0.4044189453125 0.98345947265625 0.39691162109375 0.9140625 0.439453125 0.98345947265625 0.425537109375 0.907958984375 0.47576904296875 0.865966796875 0.425048828125 0.86419677734375 0.3975830078125 0.86761474609375 0.3311767578125 0.85736083984375 0.2364501953125 0.9063720703125 0.3114013671875 0.80926513671875 0.20361328125 0.7427978515625 0.1370849609375 0.74444580078125 0.10565185546875 0.69122314453125 0.0885009765625 0.72174072265625 0.03997802734375 0.69488525390625 0.058837890625 0.734130859375 0.0438232421875 0.763427734375 0.14178466796875 0.80975341796875 0.03216552734375 0.78607177734375 0.03131103515625 0.8067626953125 0.0064697265625 0.80169677734375 0.02239990234375 0.8275146484375 0.0391845703125 0.8529052734375 0.14056396484375 0.87481689453125 0.0562744140625 0.87835693359375 0.07928466796875 0.902099609375 0.036376953125 0.9259033203125 0.0982666015625 0.92926025390625 0.4686279296875 0.813720703125 0.4736328125 0.75384521484375 0.2177734375 0.81085205078125 0.22412109375 0.85894775390625 0.146240234375 0.9044189453125 0.1300048828125 0.93768310546875 0.1270751953125 0.95587158203125 0.0899658203125 0.9638671875 0.17205810546875 0.585693359375 0.17413330078125 0.61444091796875 0.1885986328125 0.63116455078125 0.16412353515625 0.63330078125 0.13818359375 0.65496826171875 0.372802734375 0.69873046875 0.38824462890625 0.65155029296875 0.40484619140625 0.697998046875 0.5244140625 0.56671142578125 0.52667236328125 0.63177490234375 0.52783203125 0.66241455078125 0.1365966796875 0.67852783203125 0.34710693359375 0.55059814453125 0.00677490234375 0.869140625 0.08074951171875 0.65838623046875 0.0054931640625 0.7454833984375 0.4713134765625 0.98260498046875 0.35479736328125 0.43646240234375 0.31524658203125 0.4437255859375 0.314697265625 0.41912841796875 0.283203125 0.4254150390625 0.28424072265625 0.40338134765625 0.24981689453125 0.40728759765625 0.2564697265625 0.3836669921875 0.2098388671875 0.39080810546875 0.21136474609375 0.36334228515625 0.17083740234375 0.392333984375 0.1492919921875 0.36236572265625 0.13885498046875 0.3931884765625 0.10821533203125 0.3834228515625 0.1358642578125 0.42431640625 0.10516357421875 0.4234619140625 0.44696044921875 0.30987548828125 0.421630859375 0.308837890625 0.41937255859375 0.35968017578125 0.37921142578125 0.3836669921875 0.39306640625 0.41357421875 0.34735107421875 0.39666748046875 0.35479736328125 0.4368896484375 0.314697265625 0.41949462890625 0.31524658203125 0.444091796875 0.283203125 0.42578125 0.278564453125 0.44451904296875 0.2449951171875 0.43267822265625 0.2423095703125 0.44384765625 0.21441650390625 0.4385986328125 0.385009765625 0.308837890625 0.3536376953125 0.308837890625 0.353515625 0.35498046875 0.31170654296875 0.3350830078125 0.29412841796875 0.37353515625 0.26220703125 0.3558349609375 0.2564697265625 0.384033203125 0.21136474609375 0.36376953125 0.2098388671875 0.39117431640625 0.17083740234375 0.3927001953125 0.20953369140625 0.41436767578125 0.170654296875 0.4190673828125 0.19354248046875 0.44085693359375 0.19244384765625 0.45361328125 0.1246337890625 0.54931640625 0.13134765625 0.5823974609375 0.107421875 0.5457763671875 0.10809326171875 0.5823974609375 0.0938720703125 0.5823974609375 0.107421875 0.546142578125 0.07867431640625 0.5823974609375 0.076416015625 0.54193115234375 0.0572509765625 0.5823974609375 0.05999755859375 0.54095458984375 0.04266357421875 0.5823974609375 0.04949951171875 0.53643798828125 0.00946044921875 0.582275390625 0.02197265625 0.51348876953125 0.39306640625 0.4132080078125 0.34735107421875 0.39630126953125 0.3114013671875 0.40057373046875 0.29412841796875 0.3731689453125 0.26220703125 0.35546875 0.2156982421875 0.337646484375 0.1552734375 0.34234619140625 0.1544189453125 0.3084716796875 0.1207275390625 0.3084716796875 0.310546875 0.308837890625 0.26153564453125 0.308837890625 0.2633056640625 0.33599853515625 0.218017578125 0.308837890625 0.2156982421875 0.3380126953125 0.1544189453125 0.308837890625 0.1552734375 0.34271240234375 0.1207275390625 0.308837890625 0.11529541015625 0.3529052734375 0.08123779296875 0.308837890625 0.0919189453125 0.3470458984375 0.41937255859375 0.35931396484375 0.37921142578125 0.38330078125 0.353515625 0.3546142578125 0.31170654296875 0.334716796875 0.2633056640625 0.33563232421875 0.218017578125 0.3084716796875 0.1492919921875 0.36279296875 0.13885498046875 0.3935546875 0.1358642578125 0.42474365234375 0.172607421875 0.4586181640625 0.14361572265625 0.46331787109375 0.16632080078125 0.47698974609375 0.1473388671875 0.4810791015625 0.17535400390625 0.49578857421875 0.151123046875 0.50286865234375 0.09124755859375 0.433837890625 0.10382080078125 0.474365234375 0.14361572265625 0.46295166015625 0.1473388671875 0.480712890625 0.16632080078125 0.47662353515625 0.17535400390625 0.49542236328125 0.18463134765625 0.47528076171875 0.20556640625 0.47686767578125 0.20196533203125 0.46441650390625 0.2259521484375 0.46832275390625 0.10821533203125 0.3837890625 0.07513427734375 0.38885498046875 0.3114013671875 0.40093994140625 0.28424072265625 0.40380859375 0.18463134765625 0.47564697265625 0.20196533203125 0.46478271484375 0.20556640625 0.47723388671875 0.2259521484375 0.46868896484375 0.22357177734375 0.48065185546875 0.25775146484375 0.47601318359375 0.24468994140625 0.4910888671875 0.421630859375 0.3084716796875 0.385009765625 0.3084716796875 0.3536376953125 0.3084716796875 0.310546875 0.3084716796875 0.26153564453125 0.3084716796875 0.20953369140625 0.41400146484375 0.2449951171875 0.43231201171875 0.278564453125 0.44415283203125 0.29071044921875 0.4542236328125 0.076416015625 0.54150390625 0.1072998046875 0.519775390625 0.0654296875 0.506103515625 0.05169677734375 0.47113037109375 0.05999755859375 0.54058837890625 0.04949951171875 0.53607177734375 0.02197265625 0.5133056640625 0.18841552734375 0.49639892578125 0.20550537109375 0.49853515625 0.05169677734375 0.4713134765625 0.0654296875 0.5064697265625 0.10382080078125 0.4747314453125 0.1072998046875 0.5201416015625 0.23822021484375 0.94110107421875 0.24981689453125 0.40765380859375 0.19244384765625 0.4532470703125 0.172607421875 0.458251953125 0.170654296875 0.418701171875 0.19354248046875 0.44049072265625 0.21441650390625 0.438232421875 0.18841552734375 0.49603271484375 0.22357177734375 0.48028564453125 0.20550537109375 0.4981689453125 0.23382568359375 0.504638671875 0.11529541015625 0.3525390625 0.08123779296875 0.3084716796875 0.10516357421875 0.423828125 0.2423095703125 0.4434814453125 0.0919189453125 0.34661865234375 0.2662353515625 0.46795654296875 0.25811767578125 0.45343017578125 0.25775146484375 0.47564697265625 0.24468994140625 0.49072265625 0.25811767578125 0.45379638671875 0.2662353515625 0.46832275390625 0.29071044921875 0.45465087890625 0.14837646484375 0.56280517578125 0.1376953125 0.55474853515625 0.1246337890625 0.5496826171875 0.09124755859375 0.43402099609375 0.1549072265625 0.57183837890625 0.15679931640625 0.5823974609375 0.12969970703125 0.5096435546875 0.1549072265625 0.57147216796875 0.14837646484375 0.56243896484375 0.151123046875 0.50250244140625 0.1376953125 0.55438232421875 0.07513427734375 0.38848876953125 0.12969970703125 0.510009765625 0.23382568359375 0.5050048828125</float_array>
                    <technique_common>
                        <accessor count="495" source="#uvarray2" stride="2">
                            <param name="S" type="float"/>
                            <param name="T" type="float"/>
                        </accessor>
                    </technique_common>
                </source>
                <vertices id="vertices2">
                    <input semantic="POSITION" source="#points2"/>
                </vertices>
                <polylist count="1318" material="Material1">
                    <input offset="0" semantic="VERTEX" source="#vertices2"/>
                    <input offset="1" semantic="TEXCOORD" source="#uvs2" set="0"/>
                    <vcount>3 3 3 3 3 3 3 3 3 3 3 3 3 3 3 3 3 3 3 3 3 3 3 3 3 3 3 3 3 3 3 3 3 3 3 3 3 3 3 3 3 3 3 3 3 3 3 3 3 3 3 3 3 3 3 3 3 3 3 3 3 3 3 3 3 3 3 3 3 3 3 3 3 3 3 3 3 3 3 3 3 3 3 3 3 3 3 3 3 3 3 3 3 3 3 3 3 3 3 3 3 3 3 3 3 3 3 3 3 3 3 3 3 3 3 3 3 3 3 3 3 3 3 3 3 3 3 3 3 3 3 3 3 3 3 3 3 3 3 3 3 3 3 3 3 3 3 3 3 3 3 3 3 3 3 3 3 3 3 3 3 3 3 3 3 3 3 3 3 3 3 3 3 3 3 3 3 3 3 3 3 3 3 3 3 3 3 3 3 3 3 3 3 3 3 3 3 3 3 3 3 3 3 3 3 3 3 3 3 3 3 3 3 3 3 3 3 3 3 3 3 3 3 3 3 3 3 3 3 3 3 3 3 3 3 3 3 3 3 3 3 3 3 3 3 3 3 3 3 3 3 3 3 3 3 3 3 3 3 3 3 3 3 3 3 3 3 3 3 3 3 3 3 3 3 3 3 3 3 3 3 3 3 3 3 3 3 3 3 3 3 3 3 3 3 3 3 3 3 3 3 3 3 3 3 3 3 3 3 3 3 3 3 3 3 3 3 3 3 3 3 3 3 3 3 3 3 3 3 3 3 3 3 3 3 3 3 3 3 3 3 3 3 3 3 3 3 3 3 3 3 3 3 3 3 3 3 3 3 3 3 3 3 3 3 3 3 3 3 3 3 3 3 3 3 3 3 3 3 3 3 3 3 3 3 3 3 3 3 3 3 3 3 3 3 3 3 3 3 3 3 3 3 3 3 3 3 3 3 3 3 3 3 3 3 3 3 3 3 3 3 3 3 3 3 3 3 3 3 3 3 3 3 3 3 3 3 3 3 3 3 3 3 3 3 3 3 3 3 3 3 3 3 3 3 3 3 3 3 3 3 3 3 3 3 3 3 3 3 3 3 3 3 3 3 3 3 3 3 3 3 3 3 3 3 3 3 3 3 3 3 3 3 3 3 3 3 3 3 3 3 3 3 3 3 3 3 3 3 3 3 3 3 3 3 3 3 3 3 3 3 3 3 3 3 3 3 3 3 3 3 3 3 3 3 3 3 3 3 3 3 3 3 3 3 3 3 3 3 3 3 3 3 3 3 3 3 3 3 3 3 3 3 3 3 3 3 3 3 3 3 3 3 3 3 3 3 3 3 3 3 3 3 3 3 3 3 3 3 3 3 3 3 3 3 3 3 3 3 3 3 3 3 3 3 3 3 3 3 3 3 3 3 3 3 3 3 3 3 3 3 3 3 3 3 3 3 3 3 3 3 3 3 3 3 3 3 3 3 3 3 3 3 3 3 3 3 3 3 3 3 3 3 3 3 3 3 3 3 3 3 3 3 3 3 3 3 3 3 3 3 3 3 3 3 3 3 3 3 3 3 3 3 3 3 3 3 3 3 3 3 3 3 3 3 3 3 3 3 3 3 3 3 3 3 3 3 3 3 3 3 3 3 3 3 3 3 3 3 3 3 3 3 3 3 3 3 3 3 3 3 3 3 3 3 3 3 3 3 3 3 3 3 3 3 3 3 3 3 3 3 3 3 3 3 3 3 3 3 3 3 3 3 3 3 3 3 3 3 3 3 3 3 3 3 3 3 3 3 3 3 3 3 3 3 3 3 3 3 3 3 3 3 3 3 3 3 3 3 3 3 3 3 3 3 3 3 3 3 3 3 3 3 3 3 3 3 3 3 3 3 3 3 3 3 3 3 3 3 3 3 3 3 3 3 3 3 3 3 3 3 3 3 3 3 3 3 3 3 3 3 3 3 3 3 3 3 3 3 3 3 3 3 3 3 3 3 3 3 3 3 3 3 3 3 3 3 3 3 3 3 3 3 3 3 3 3 3 3 3 3 3 3 3 3 3 3 3 3 3 3 3 3 3 3 3 3 3 3 3 3 3 3 3 3 3 3 3 3 3 3 3 3 3 3 3 3 3 3 3 3 3 3 3 3 3 3 3 3 3 3 3 3 3 3 3 3 3 3 3 3 3 3 3 3 3 3 3 3 3 3 3 3 3 3 3 3 3 3 3 3 3 3 3 3 3 3 3 3 3 3 3 3 3 3 3 3 3 3 3 3 3 3 3 3 3 3 3 3 3 3 3 3 3 3 3 3 3 3 3 3 3 3 3 3 3 3 3 3 3 3 3 3 3 3 3 3 3 3 3 3 3 3 3 3 3 3 3 3 3 3 3 3 3 3 3 3 3 3 3 3 3 3 3 3 3 3 3 3 3 3 3 3 3 3 3 3 3 3 3 3 3 3 3 3 3 3 3 3 3 3 3 3 3 3 3 3 3 3 3 3 3 3 3 3 3 3 3 3 3 3 3 3 3 3 3 3 3 3 3 3 3 3 3 3 3 3 3 3 3 3 3 3 3 3 3 3 3 3 3 3 3 3 3 3 3 3 3 3 3 3 3 3 3 3 3 3 3 3 3 3 3 3 3 3 3 3 3 3 3 3 3 3 3 3 3 3 3 3 3 3 3 3 3 3 3 3 3 3 3 3 3 3 3 3 3 3 3 3 3 3 3 3 3 3 3 3 3 3 3 3 3 3 3 3 3 3 3 3 3 3 3 3 3 3 3 3 3 3 3 3 3 3 3 3 3 3 3 3 3 3 3 3 3 3 3 3 3 3 3 3 3 3 3 3 3 3 3 3 3 3 3 3 3 3 3 3 3 3 3 3 3 3 3 3 3 3 3 3 3 3 3 3 3 3 3 3 3 3 3 3 3 3 3 3 3 3 3 3 3 3 3 3 3 3 3 3 3 3 3 3 3 3 3 3 3 3 3 3 3 3 3 3 3 3 3 3 3</vcount>
                    <p>2 2 1 1 0 0 3 3 1 1 2 2 4 4 3 3 2 2 5 5 3 3 4 4 6 6 5 5 4 4 9 9 8 8 7 7 10 10 8 8 9 9 11 11 10 10 9 9 12 12 10 10 11 11 13 13 12 12 11 11 14 14 4 4 2 2 6 6 4 4 14 14 15 15 6 6 14 14 16 16 6 6 15 15 17 17 7 7 14 14 9 9 7 7 17 17 18 18 9 9 17 17 19 19 9 9 18 18 7 7 15 15 14 14 20 20 15 15 7 7 8 8 20 20 7 7 22 22 0 0 21 21 2 2 0 0 22 22 25 25 24 24 23 23 26 26 24 24 25 25 27 27 24 24 26 26 28 28 24 24 27 27 28 28 29 29 24 24 30 30 29 29 28 28 30 30 12 12 29 29 10 10 12 12 30 30 23 32 16 16 25 31 6 6 16 16 23 32 11 11 19 19 13 13 9 9 19 19 11 11 33 35 32 34 31 33 34 36 32 34 33 35 35 37 34 36 33 35 36 38 34 36 35 37 37 39 36 38 35 37 38 40 36 38 37 39 39 41 38 40 37 39 40 42 38 40 39 41 22 22 40 42 39 41 21 21 40 42 22 22 42 44 31 33 41 43 33 35 31 33 42 44 43 45 33 35 42 44 35 37 33 35 43 45 44 46 35 37 43 45 45 47 35 37 44 46 19 19 45 47 44 46 18 18 45 47 19 19 44 46 13 13 19 19 46 48 13 13 44 46 43 45 46 48 44 46 47 49 46 48 43 45 48 50 47 49 43 45 49 51 39 41 37 39 22 22 39 41 49 51 50 52 22 22 49 51 2 2 22 22 50 52 14 14 2 2 50 52 45 47 37 39 35 37 49 51 37 39 45 47 18 18 49 51 45 47 17 17 49 51 18 18 38 40 52 54 51 53 53 55 52 54 38 40 40 42 53 55 38 40 21 21 53 55 40 42 43 45 54 56 48 50 55 57 54 56 43 45 56 58 55 57 43 45 53 55 57 59 52 54 58 60 57 59 53 55 21 21 58 60 53 55 23 23 59 62 5 61 24 24 59 62 23 23 24 24 47 49 59 62 29 29 47 49 24 24 29 29 46 48 47 49 12 12 46 48 29 29 50 52 17 17 14 14 49 51 17 17 50 52 60 63 21 21 0 0 58 60 21 21 60 63 34 36 61 64 32 34 36 38 61 64 34 36 36 38 51 53 61 64 38 40 51 53 36 38 12 12 13 13 46 48 56 58 43 45 42 44 5 5 6 6 23 32 64 58 63 57 62 65 65 45 63 57 64 58 66 44 65 45 64 58 67 35 65 45 66 44 68 33 67 35 66 44 69 34 67 35 68 33 70 66 69 34 68 33 71 67 69 34 70 66 72 68 71 67 70 66 73 69 71 67 72 68 74 67 73 69 72 68 75 70 73 69 74 67 76 71 75 70 74 67 77 72 75 70 76 71 78 73 77 72 76 71 79 74 77 72 78 73 80 75 79 74 78 73 81 73 79 74 80 75 82 76 81 73 80 75 83 53 81 73 82 76 84 54 83 53 82 76 85 40 83 53 84 54 86 55 85 40 84 54 87 42 85 40 86 55 88 21 87 42 86 55 89 22 87 42 88 21 90 0 89 22 88 21 91 2 89 22 90 0 92 1 91 2 90 0 93 3 91 2 92 1 96 79 95 78 94 77 97 80 95 78 96 79 98 5 97 80 96 79 99 81 97 80 98 5 93 3 99 81 98 5 100 82 99 81 93 3 92 1 100 82 93 3 101 83 100 82 92 1 102 84 101 83 92 1 103 85 101 83 102 84 104 86 103 85 102 84 105 87 103 85 104 86 106 88 105 87 104 86 107 86 105 87 106 88 108 89 107 86 106 88 109 90 107 86 108 89 110 91 109 90 108 89 58 60 109 90 110 91 111 92 58 60 110 91 57 59 58 60 111 92 52 54 57 59 111 92 61 64 74 67 32 34 76 71 74 67 61 64 51 53 76 71 61 64 78 73 76 71 51 53 112 76 78 73 51 53 80 75 78 73 112 76 113 93 80 75 112 76 82 76 80 75 113 93 114 94 82 76 113 93 84 54 82 76 114 94 111 92 84 54 114 94 115 59 84 54 111 92 116 60 115 59 111 92 86 55 115 59 116 60 88 21 86 55 116 60 67 35 117 37 65 45 118 36 117 37 67 35 69 34 118 36 67 35 119 64 118 36 69 34 71 67 119 64 69 34 120 71 119 64 71 67 121 70 120 71 71 67 122 72 120 71 121 70 123 95 122 72 121 70 79 74 122 72 123 95 77 72 79 74 123 95 60 63 109 90 58 60 107 86 109 90 60 63 124 84 107 86 60 63 125 85 107 86 124 84 126 83 125 85 124 84 127 96 125 85 126 83 128 82 127 96 126 83 129 97 127 96 128 82 130 98 129 97 128 82 97 80 131 99 95 78 132 100 131 99 97 80 133 101 132 100 97 80 134 102 132 100 133 101 135 103 134 102 133 101 136 104 134 102 135 103 137 105 136 104 135 103 138 106 136 104 137 105 139 80 5 5 59 79 140 81 5 5 139 80 141 101 140 81 139 80 142 107 140 81 141 101 143 103 142 107 141 101 144 105 142 107 143 103 145 104 144 105 143 103 146 106 144 105 145 104 31 33 147 108 41 43 148 109 147 108 31 33 149 66 148 109 31 33 150 110 148 109 149 66 72 68 150 110 149 66 70 66 150 110 72 68 151 41 87 42 89 22 85 40 87 42 151 41 152 39 85 40 151 41 153 38 85 40 152 39 117 37 153 38 152 39 118 36 153 38 117 37 155 78 59 79 154 77 139 80 59 79 155 78 156 99 139 80 155 78 157 100 139 80 156 99 158 111 157 100 156 99 159 112 157 100 158 111 110 91 116 60 111 92 160 90 116 60 110 91 108 89 160 90 110 91 104 86 160 90 108 89 106 88 104 86 108 89 140 81 3 3 5 5 128 82 3 3 140 81 142 107 128 82 140 81 130 98 128 82 142 107 144 105 130 98 142 107 99 81 133 101 97 80 161 107 133 101 99 81 100 82 161 107 99 81 162 98 161 107 100 82 163 97 162 98 100 82 90 0 102 84 92 1 164 63 102 84 90 0 88 21 164 63 90 0 116 60 164 63 88 21 120 71 83 53 119 64 81 73 83 53 120 71 122 72 81 73 120 71 79 74 81 73 122 72 73 69 121 70 71 67 123 95 121 70 73 69 75 70 123 95 73 69 77 72 123 95 75 70 52 54 112 76 51 53 114 94 112 76 52 54 111 92 114 94 52 54 153 38 83 53 85 40 119 64 83 53 153 38 118 36 119 64 153 38 125 85 105 87 107 86 165 113 105 87 125 85 127 96 165 113 125 85 124 84 1 1 126 83 0 0 1 1 124 84 60 63 0 0 124 84 167 109 166 108 150 110 68 33 166 108 167 109 70 66 68 33 167 109 168 50 96 62 94 114 169 49 96 62 168 50 65 45 169 49 168 50 149 66 74 67 72 68 32 34 74 67 149 66 31 33 32 34 149 66 150 110 147 108 148 109 170 115 147 108 150 110 166 108 170 115 150 110 172 56 168 50 171 116 65 45 168 50 172 56 63 57 65 45 172 56 137 105 161 107 162 98 135 103 161 107 137 105 173 113 103 85 105 87 174 96 103 85 173 113 175 117 105 87 165 113 173 113 105 87 175 117 100 82 174 96 163 97 101 83 174 96 100 82 176 102 157 100 159 112 141 101 157 100 176 102 177 112 132 100 134 102 178 111 132 100 177 112 179 43 68 33 66 44 166 108 68 33 179 43 48 50 59 62 47 49 154 114 59 62 48 50 128 82 1 1 3 3 126 83 1 1 128 82 54 56 180 116 48 50 55 57 180 116 54 56 160 90 164 63 116 60 104 86 164 63 160 90 143 103 176 102 145 104 141 101 176 102 143 103 115 59 86 55 84 54 104 86 102 84 164 63 157 100 141 101 139 80 55 57 56 58 181 65 161 107 135 103 133 101 174 96 101 83 103 85 114 94 113 93 112 76 132 100 178 111 131 99 171 116 63 57 172 56 167 109 150 110 70 66 96 62 182 23 98 61 183 24 182 23 96 62 169 49 183 24 96 62 184 29 183 24 169 49 185 48 184 29 169 49 186 12 184 29 185 48 187 13 186 12 185 48 188 11 186 12 187 13 189 19 188 11 187 13 190 9 188 11 189 19 191 18 190 9 189 19 192 17 190 9 191 18 193 51 192 17 191 18 194 52 192 17 193 51 89 22 194 52 193 51 91 2 194 52 89 22 65 45 185 48 169 49 195 46 185 48 65 45 117 37 195 46 65 45 196 47 195 46 117 37 152 39 196 47 117 37 193 51 196 47 152 39 151 41 193 51 152 39 89 22 193 51 151 41 195 46 187 13 185 48 189 19 187 13 195 46 196 47 189 19 195 46 191 18 189 19 196 47 193 51 191 18 196 47 197 6 98 5 182 32 198 4 98 5 197 6 199 14 198 4 197 6 91 2 198 4 199 14 194 52 91 2 199 14 200 15 199 14 197 6 201 7 199 14 200 15 202 20 201 7 200 15 203 8 201 7 202 20 183 24 204 25 182 23 205 26 204 25 183 24 206 27 205 26 183 24 190 9 207 10 188 11 203 8 207 10 190 9 201 7 203 8 190 9 208 16 182 32 204 31 197 6 182 32 208 16 93 3 198 4 91 2 98 5 198 4 93 3 183 24 209 28 206 27 184 29 209 28 183 24 184 29 210 30 209 28 186 12 210 30 184 29 186 12 207 10 210 30 188 11 207 10 186 12 199 14 192 17 194 52 201 7 192 17 199 14 192 17 201 7 190 9 213 120 212 119 211 118 214 121 212 119 213 120 215 122 214 121 213 120 216 123 214 121 215 122 217 124 216 123 215 122 218 125 216 123 217 124 219 126 218 125 217 124 220 127 218 125 219 126 221 125 220 127 219 126 222 128 220 127 221 125 223 123 222 128 221 125 224 129 222 128 223 123 225 121 224 129 223 123 226 130 224 129 225 121 227 119 226 130 225 121 228 131 226 130 227 119 229 132 228 131 227 119 231 118 230 133 229 132 232 134 230 133 231 118 233 120 232 134 231 118 234 135 232 134 233 120 235 122 234 135 233 120 236 136 234 135 235 122 237 124 236 136 235 122 238 137 236 136 237 124 239 138 238 137 237 124 240 139 238 137 239 138 241 140 240 139 239 138 242 141 240 139 241 140 232 134 243 142 230 133 244 143 243 142 232 134 234 135 244 143 232 134 245 144 244 143 234 135 236 136 245 144 234 135 246 145 245 144 236 136 238 137 246 145 236 136 247 146 246 145 238 137 240 139 247 146 238 137 242 141 247 146 240 139 227 119 231 118 229 132 233 120 231 118 227 119 225 121 233 120 227 119 235 122 233 120 225 121 223 123 235 122 225 121 237 124 235 122 223 123 221 125 237 124 223 123 219 126 237 124 221 125 248 128 218 125 220 127 216 123 218 125 248 128 249 129 216 123 248 128 214 121 216 123 249 129 250 130 214 121 249 129 212 119 214 121 250 130 251 131 212 119 250 130 253 148 244 143 252 147 243 142 244 143 253 148 254 149 243 142 253 148 230 133 243 142 254 149 255 150 230 133 254 149 256 151 230 133 255 150 257 152 256 151 255 150 260 155 259 154 258 153 241 153 259 154 260 155 261 156 241 153 260 155 262 157 241 153 261 156 254 149 262 157 261 156 263 158 262 157 254 149 253 148 263 158 254 149 265 159 260 155 264 156 261 156 260 155 265 159 266 160 261 156 265 159 267 161 261 156 266 160 239 138 268 162 241 140 219 126 268 162 239 138 237 124 219 126 239 138 269 163 230 133 256 151 229 132 230 133 269 163 241 153 270 165 242 164 262 157 270 165 241 153 259 166 268 162 258 140 241 140 268 162 259 166 261 156 255 150 254 149 267 161 255 150 261 156 271 138 219 126 217 124 268 162 219 126 271 138 272 167 220 127 222 128 248 128 220 127 272 167 274 160 264 156 273 161 265 159 264 156 274 160 257 152 255 150 267 161 263 158 270 165 262 157 275 168 272 167 222 128 248 128 272 167 275 168 276 169 248 128 275 168 249 129 248 128 276 169 277 170 249 129 276 169 250 130 249 129 277 170 278 171 250 130 277 170 251 131 250 130 278 171 279 172 251 131 278 171 280 132 251 131 279 172 281 173 280 132 279 172 282 163 280 132 281 173 283 174 282 163 281 173 284 175 282 163 283 174 287 143 286 148 285 147 288 142 286 148 287 143 289 134 288 142 287 143 290 133 288 142 289 134 211 118 290 133 289 134 280 132 290 133 211 118 212 119 280 132 211 118 251 131 280 132 212 119 291 171 226 130 228 131 292 170 226 130 291 171 174 96 292 170 291 171 293 169 292 170 174 96 173 113 293 169 174 96 275 168 293 169 173 113 175 117 275 168 173 113 165 113 275 168 175 117 281 173 146 106 283 174 144 105 146 106 281 173 279 172 144 105 281 173 130 98 144 105 279 172 278 171 130 98 279 172 129 97 130 98 278 171 127 96 129 97 278 171 294 175 256 151 257 152 269 163 256 151 294 175 295 174 269 163 294 175 296 173 269 163 295 174 138 106 296 173 295 174 137 105 296 173 138 106 271 138 258 140 268 162 297 139 258 140 271 138 298 137 297 139 271 138 299 146 297 139 298 137 300 145 299 146 298 137 282 163 290 133 280 132 301 151 290 133 282 163 284 175 301 151 282 163 302 152 301 151 284 175 303 172 228 131 229 132 291 171 228 131 303 172 162 98 291 171 303 172 163 97 291 171 162 98 296 173 229 132 269 163 303 172 229 132 296 173 137 105 303 172 296 173 162 98 303 172 137 105 305 149 264 156 304 157 306 150 264 156 305 149 290 133 306 150 305 149 301 151 306 150 290 133 307 135 215 122 213 120 308 136 215 122 307 135 309 144 308 136 307 135 300 145 308 136 309 144 289 134 213 120 211 118 307 135 213 120 289 134 287 143 307 135 289 134 309 144 307 135 287 143 258 153 264 156 260 155 304 157 264 156 258 153 310 165 304 157 258 153 311 158 304 157 310 165 298 137 308 136 300 145 217 124 308 136 298 137 271 138 217 124 298 137 305 149 286 148 288 142 311 158 286 148 305 149 304 157 311 158 305 149 306 150 273 161 264 156 302 152 273 161 306 150 301 151 302 152 306 150 297 139 312 141 258 140 299 146 312 141 297 139 165 113 276 169 275 168 127 96 276 169 165 113 277 170 127 96 278 171 276 169 127 96 277 170 293 169 222 128 224 129 275 168 222 128 293 169 292 170 224 129 226 130 293 169 224 129 292 170 291 171 163 97 174 96 217 124 215 122 308 136 258 153 312 164 310 165 305 149 288 142 290 133 315 178 314 177 313 176 316 179 314 177 315 178 317 180 316 179 315 178 318 181 316 179 317 180 319 182 318 181 317 180 320 183 318 181 319 182 321 184 320 183 319 182 322 185 320 183 321 184 323 186 322 185 321 184 324 187 322 185 323 186 325 188 324 187 323 186 299 146 324 187 325 188 312 141 299 146 325 188 326 189 285 147 286 148 327 190 285 147 326 189 328 191 327 190 326 189 329 192 327 190 328 191 330 193 329 192 328 191 331 194 329 192 330 193 332 195 331 194 330 193 314 177 331 194 332 195 333 196 314 177 332 195 313 176 314 177 333 196 334 197 313 176 333 196 335 198 313 176 334 197 325 188 336 199 312 141 337 200 336 199 325 188 323 186 337 200 325 188 338 201 337 200 323 186 321 184 338 201 323 186 339 202 338 201 321 184 340 203 339 202 321 184 341 204 339 202 340 203 342 205 341 204 340 203 311 158 326 189 286 148 328 191 326 189 311 158 310 165 328 191 311 158 330 193 328 191 310 165 312 164 330 193 310 165 332 195 330 193 312 164 336 206 332 195 312 164 343 207 332 195 336 206 344 208 320 183 322 185 318 181 320 183 344 208 345 209 318 181 344 208 316 179 318 181 345 209 346 210 316 179 345 209 314 177 316 179 346 210 331 194 314 177 346 210 348 212 315 178 347 211 317 180 315 178 348 212 349 213 317 180 348 212 319 182 317 180 349 213 350 214 319 182 349 213 342 205 319 182 350 214 351 215 313 176 335 198 315 178 313 176 351 215 352 216 315 178 351 215 347 211 315 178 352 216 354 218 339 202 353 217 355 219 339 202 354 218 334 220 355 219 354 218 343 221 355 219 334 220 327 190 345 209 285 147 346 210 345 209 327 190 329 192 346 210 327 190 331 194 346 210 329 192 344 208 309 144 287 143 356 222 309 144 344 208 322 185 356 222 344 208 324 187 356 222 322 185 343 207 333 196 332 195 334 197 333 196 343 207 300 145 324 187 299 146 309 144 324 187 300 145 357 223 339 202 341 204 353 217 339 202 357 223 319 182 340 203 321 184 342 205 340 203 319 182 287 143 345 209 344 208 285 147 345 209 287 143 358 224 354 218 353 217 335 225 354 218 358 224 336 199 355 219 343 221 337 200 355 219 336 199 338 201 355 219 337 200 339 202 355 219 338 201 359 226 349 213 348 212 360 227 342 205 350 214 324 187 309 144 356 222 354 218 335 225 334 220 348 212 347 211 361 228 352 216 351 215 362 229 363 230 350 214 349 213 364 231 335 225 358 224 365 232 358 224 353 217 352 216 366 233 347 211 360 227 342 205 350 214 359 226 349 213 348 212 348 212 347 211 361 228 352 216 351 215 362 229 363 230 350 214 349 213 364 231 335 225 358 224 365 232 358 224 353 217 357 223 367 234 353 217 342 205 368 235 341 204 341 204 369 236 357 223 335 198 370 237 351 215 335 198 370 237 351 215 357 223 367 234 353 217 342 205 368 235 341 204 341 204 369 236 357 223 352 216 366 233 347 211 373 240 372 239 371 238 374 241 372 239 373 240 375 242 374 241 373 240 376 243 374 241 375 242 377 244 376 243 375 242 378 245 376 243 377 244 379 246 378 245 377 244 380 247 378 245 379 246 381 248 380 247 379 246 382 249 380 247 381 248 383 250 382 249 381 248 384 251 382 249 383 250 385 252 384 251 383 250 386 253 384 251 385 252 387 254 386 253 385 252 388 255 386 253 387 254 389 256 388 255 387 254 390 257 388 255 389 256 391 258 390 257 389 256 392 259 390 257 391 258 393 260 392 259 391 258 394 261 392 259 393 260 395 262 394 261 393 260 396 265 373 264 371 263 375 266 373 264 396 265 397 267 375 266 396 265 398 268 375 266 397 267 399 269 398 268 397 267 395 270 398 268 399 269 400 271 395 270 399 269 394 272 395 270 400 271 401 273 394 272 400 271 26 26 394 272 401 273 27 27 26 26 401 273 27 27 30 30 28 28 402 274 30 30 27 27 403 275 402 274 27 27 386 253 402 274 403 275 404 276 386 253 403 275 405 277 386 253 404 276 399 269 405 277 404 276 406 278 405 277 399 269 397 267 406 278 399 269 396 265 406 278 397 267 407 279 386 253 405 277 384 251 386 253 407 279 408 280 384 251 407 279 382 249 384 251 408 280 409 281 382 249 408 280 410 282 382 249 409 281 411 283 410 282 409 281 412 284 410 282 411 283 413 285 412 284 411 283 409 281 413 285 411 283 414 286 413 285 409 281 415 287 414 286 409 281 416 288 414 286 415 287 417 289 416 288 415 287 418 290 416 288 417 289 419 291 418 290 417 289 415 287 419 291 417 289 420 292 419 291 415 287 421 293 420 292 415 287 422 294 420 292 421 293 423 295 422 294 421 293 424 296 422 294 423 295 425 297 424 296 423 295 402 274 10 10 30 30 426 298 10 10 402 274 386 253 426 298 402 274 427 299 426 298 386 253 388 255 427 299 386 253 390 257 427 299 388 255 408 280 415 287 409 281 428 300 415 287 408 280 407 279 428 300 408 280 429 301 428 300 407 279 405 277 429 301 407 279 406 278 429 301 405 277 406 278 421 293 429 301 430 302 421 293 406 278 396 265 430 302 406 278 431 303 430 302 396 265 432 304 431 303 396 265 433 305 431 303 432 304 374 241 434 306 372 239 435 307 434 306 374 241 436 308 435 307 374 241 437 309 435 307 436 308 438 310 437 309 436 308 381 248 439 311 383 250 440 312 439 311 381 248 379 246 440 312 381 248 393 260 440 312 379 246 439 311 385 252 383 250 441 313 385 252 439 311 391 258 441 313 439 311 389 256 441 313 391 258 442 314 392 259 394 261 443 315 392 259 442 314 25 31 443 315 442 314 16 16 443 315 25 31 425 297 431 303 433 305 430 302 431 303 425 297 423 295 430 302 425 297 421 293 430 302 423 295 444 316 390 257 392 259 20 20 390 257 444 316 15 15 20 20 444 316 445 317 382 249 410 282 380 247 382 249 445 317 438 310 380 247 445 317 393 260 398 318 395 262 377 244 398 318 393 260 379 246 377 244 393 260 428 300 421 293 415 287 429 301 421 293 428 300 443 315 444 316 392 259 16 16 444 316 443 315 446 319 420 292 422 294 419 291 420 292 446 319 445 317 447 320 438 310 410 282 447 320 445 317 448 321 414 286 416 288 413 285 414 286 448 321 387 254 441 313 389 256 385 252 441 313 387 254 440 312 391 258 439 311 393 260 391 258 440 312 378 245 438 310 436 308 380 247 438 310 378 245 376 243 436 308 374 241 378 245 436 308 376 243 427 299 20 20 8 8 390 257 20 20 427 299 426 298 8 8 10 10 427 299 8 8 426 298 404 276 400 271 399 269 403 275 400 271 404 276 401 273 403 275 27 27 400 271 403 275 401 273 442 322 26 26 25 25 394 272 26 26 442 322 16 16 15 15 444 316 375 242 398 318 377 244 451 219 450 199 449 221 452 200 450 199 451 219 453 201 452 200 451 219 454 186 452 200 453 201 455 184 454 186 453 201 456 185 454 186 455 184 457 183 456 185 455 184 458 208 456 185 457 183 459 181 458 208 457 183 460 209 458 208 459 181 461 179 460 209 459 181 462 210 460 209 461 179 463 177 462 210 461 179 464 194 462 210 463 177 465 195 464 194 463 177 466 193 464 194 465 195 242 164 466 193 465 195 270 165 466 193 242 164 460 209 244 143 458 208 252 147 244 143 460 209 467 190 252 147 460 209 468 189 252 147 467 190 469 191 468 189 467 190 263 158 468 189 469 191 270 165 263 158 469 191 454 186 470 188 452 200 471 187 470 188 454 186 456 185 471 187 454 186 472 222 471 187 456 185 458 208 472 222 456 185 245 144 472 222 458 208 244 143 245 144 458 208 465 195 450 206 242 164 449 207 450 206 465 195 473 196 449 207 465 195 474 197 449 207 473 196 475 176 474 197 473 196 476 198 474 197 475 176 477 215 476 198 475 176 480 204 479 202 478 223 481 203 479 202 480 204 482 205 481 203 480 204 483 182 481 203 482 205 484 214 483 182 482 205 485 213 483 182 484 214 461 179 486 178 463 177 487 180 486 178 461 179 459 181 487 180 461 179 483 182 487 180 459 181 457 183 483 182 459 181 455 184 483 182 457 183 479 202 488 217 478 223 489 218 488 217 479 202 451 219 489 218 479 202 474 220 489 218 451 219 449 221 474 220 451 219 486 178 491 211 490 216 492 212 491 211 486 178 487 180 492 212 486 178 485 213 492 212 487 180 483 182 485 213 487 180 463 177 473 196 465 195 475 176 473 196 463 177 486 178 475 176 463 177 477 215 475 176 486 178 490 216 477 215 486 178 462 210 467 190 460 209 493 192 467 190 462 210 464 194 493 192 462 210 466 193 493 192 464 194 455 184 481 203 483 182 479 202 481 203 455 184 453 201 479 202 455 184 451 219 479 202 453 201 489 218 494 224 488 217 476 225 494 224 489 218 474 220 476 225 489 218 469 191 466 193 270 165 493 192 466 193 469 191 467 190 493 192 469 191 470 188 450 199 452 200 242 141 450 199 470 188 247 146 242 141 470 188 253 148 468 189 263 158 252 147 468 189 253 148 245 144 471 187 472 222 246 145 471 187 245 144 247 146 471 187 246 145 470 188 471 187 247 146 495 226 492 212 485 213 496 227 484 214 482 205 490 216 491 211 497 233 492 212 498 228 491 211 490 216 499 229 477 215 500 230 485 213 484 214 501 231 494 224 476 225 502 232 488 217 494 224 478 223 488 217 503 234 482 205 480 204 504 235 480 204 478 223 505 236 476 198 477 215 506 237 490 216 491 211 497 233 496 227 484 214 482 205 495 226 492 212 485 213 492 212 498 228 491 211 490 216 499 229 477 215 500 230 485 213 484 214 501 231 494 224 476 225 502 232 488 217 494 224 478 223 488 217 503 234 482 205 480 204 504 235 480 204 478 223 505 236 476 198 477 215 506 237 205 26 507 322 204 25 508 272 507 322 205 26 509 273 508 272 205 26 510 271 508 272 509 273 511 275 510 271 509 273 512 276 510 271 511 275 513 253 512 276 511 275 514 277 512 276 513 253 515 279 514 277 513 253 516 301 514 277 515 279 517 300 516 301 515 279 518 293 516 301 517 300 519 287 518 293 517 300 520 292 518 293 519 287 521 291 520 292 519 287 522 319 520 292 521 291 525 325 524 324 523 323 526 326 524 324 525 325 527 327 526 326 525 325 528 328 526 326 527 327 529 329 528 328 527 327 530 330 528 328 529 329 531 331 530 330 529 329 532 332 530 330 531 331 533 333 532 332 531 331 534 334 532 332 533 333 535 335 534 334 533 333 536 336 534 334 535 335 537 337 536 336 535 335 538 316 202 20 200 15 539 257 202 20 538 316 540 259 539 257 538 316 541 258 539 257 540 259 542 260 541 258 540 259 543 312 541 258 542 260 544 246 543 312 542 260 545 248 543 312 544 246 546 247 545 248 544 246 547 249 545 248 546 247 548 317 547 249 546 247 549 282 547 249 548 317 550 320 549 282 548 317 553 340 552 339 551 338 554 341 552 339 553 340 555 342 554 341 553 340 556 343 554 341 555 342 557 344 556 343 555 342 558 345 556 343 557 344 559 346 558 345 557 344 560 347 558 345 559 346 561 348 560 347 559 346 562 349 560 347 561 348 563 350 562 349 561 348 564 351 562 349 563 350 567 354 566 353 565 352 568 355 566 353 567 354 569 356 568 355 567 354 570 357 568 355 569 356 571 358 570 357 569 356 572 359 570 357 571 358 573 360 572 359 571 358 574 361 572 359 573 360 575 362 574 361 573 360 576 363 574 361 575 362 577 364 576 363 575 362 578 365 576 363 577 364 581 368 580 367 579 366 582 369 580 367 581 368 583 370 582 369 581 368 584 371 582 369 583 370 585 372 584 371 583 370 586 373 584 371 585 372 587 374 586 373 585 372 588 375 586 373 587 374 589 376 588 375 587 374 590 377 588 375 589 376 591 378 590 377 589 376 592 379 590 377 591 378 594 381 523 323 593 380 525 325 523 323 594 381 595 382 525 325 594 381 527 327 525 325 595 382 596 383 527 327 595 382 529 329 527 327 596 383 597 384 529 329 596 383 531 331 529 329 597 384 598 385 531 331 597 384 599 386 531 331 598 385 600 387 599 386 598 385 601 388 599 386 600 387 568 355 602 389 566 353 603 390 602 389 568 355 604 391 603 390 568 355 605 392 603 390 604 391 606 393 605 392 604 391 600 394 605 392 606 393 607 395 600 394 606 393 601 396 600 394 607 395 608 397 601 396 607 395 609 398 601 396 608 397 610 399 609 398 608 397 612 401 593 380 611 400 594 381 593 380 612 401 613 402 594 381 612 401 596 383 594 381 613 402 614 403 596 383 613 402 597 384 596 383 614 403 615 404 597 384 614 403 598 385 597 384 615 404 605 405 598 385 615 404 600 387 598 385 605 405 539 257 616 299 202 20 617 255 616 299 539 257 618 256 617 255 539 257 619 254 617 255 618 256 620 313 619 254 618 256 621 252 619 254 620 313 622 311 621 252 620 313 623 250 621 252 622 311 545 248 623 250 622 311 547 249 623 250 545 248 574 361 624 406 572 359 625 407 624 406 574 361 576 363 625 407 574 361 626 408 625 407 576 363 627 409 626 408 576 363 628 410 626 408 627 409 629 411 628 410 627 409 630 412 628 410 629 411 631 413 630 412 629 411 632 414 630 412 631 413 633 416 536 336 537 415 634 417 536 336 633 416 635 418 634 417 633 416 636 419 634 417 635 418 637 420 636 419 635 418 638 421 636 419 637 420 639 422 638 421 637 420 640 423 638 421 639 422 641 424 640 423 639 422 570 357 604 391 568 355 606 393 604 391 570 357 572 359 606 393 570 357 607 395 606 393 572 359 624 406 607 395 572 359 608 397 607 395 624 406 642 425 608 397 624 406 610 399 608 397 642 425 643 426 610 399 642 425 206 27 509 273 205 26 511 275 509 273 206 27 644 274 511 275 206 27 513 253 511 275 644 274 645 298 513 253 644 274 616 299 513 253 645 298 203 8 616 299 645 298 202 20 616 299 203 8 554 341 565 352 552 339 567 354 565 352 554 341 556 343 567 354 554 341 569 356 567 354 556 343 646 427 569 356 556 343 647 428 569 356 646 427 558 345 647 428 646 427 560 347 647 428 558 345 578 365 627 409 576 363 648 429 627 409 578 365 649 430 648 429 578 365 650 431 648 429 649 430 651 432 650 431 649 430 652 433 650 431 651 432 653 434 652 433 651 432 654 435 652 433 653 434 655 294 520 292 522 319 518 293 520 292 655 294 656 295 518 293 655 294 657 302 518 293 656 295 658 297 657 302 656 295 659 303 657 302 658 297 660 305 659 303 658 297 661 304 659 303 660 305 663 318 542 260 662 262 664 244 542 260 663 318 665 242 664 244 663 318 666 243 664 244 665 242 667 241 666 243 665 242 668 308 666 243 667 241 669 307 668 308 667 241 670 309 668 308 669 307 671 251 515 279 513 253 672 280 515 279 671 251 547 249 672 280 671 251 673 281 672 280 547 249 549 282 673 281 547 249 674 283 673 281 549 282 675 284 674 283 549 282 676 285 674 283 675 284 552 436 611 400 551 338 612 401 611 400 552 436 565 437 612 401 552 436 613 402 612 401 565 437 566 438 613 402 565 437 614 403 613 402 566 438 602 439 614 403 566 438 603 440 614 403 602 439 677 441 530 330 532 332 528 328 530 330 677 441 678 442 528 328 677 441 526 326 528 328 678 442 679 443 526 326 678 442 524 324 526 326 679 443 680 444 524 324 679 443 581 368 585 372 583 370 681 445 585 372 581 368 682 446 681 445 581 368 683 447 681 445 682 446 633 416 683 447 682 446 684 448 683 447 633 416 537 415 684 448 633 416 681 445 587 374 585 372 685 449 587 374 681 445 683 447 685 449 681 445 686 450 685 449 683 447 684 448 686 450 683 447 687 451 686 450 684 448 648 429 629 411 627 409 631 413 629 411 648 429 650 431 631 413 648 429 688 452 631 413 650 431 652 433 688 452 650 431 689 453 688 452 652 433 208 16 200 15 197 6 538 316 200 15 208 16 690 315 538 316 208 16 540 259 538 316 690 315 507 314 540 259 690 315 508 261 540 259 507 314 643 454 590 377 592 379 691 455 590 377 643 454 692 456 691 455 643 454 693 457 691 455 692 456 630 412 693 457 692 456 694 278 514 277 516 301 695 269 514 277 694 278 696 458 695 269 694 278 663 268 695 269 696 458 665 266 663 268 696 458 697 265 659 303 661 304 657 302 659 303 697 265 694 278 657 302 697 265 518 293 657 302 694 278 516 301 518 293 694 278 575 362 564 351 577 364 562 349 564 351 575 362 698 459 562 349 575 362 560 347 562 349 698 459 647 428 560 347 698 459 699 460 638 421 640 423 700 461 638 421 699 460 701 462 700 461 699 460 536 336 700 461 701 462 534 334 536 336 701 462 703 288 519 287 702 286 704 289 519 287 703 288 705 290 704 289 703 288 521 291 704 289 705 290 672 280 517 300 515 279 519 287 517 300 672 280 673 281 519 287 672 280 702 286 519 287 673 281 676 285 673 281 674 283 702 286 673 281 676 285 706 321 702 286 676 285 703 288 702 286 706 321 701 462 532 332 534 334 677 441 532 332 701 462 707 463 677 441 701 462 708 464 677 441 707 463 621 252 513 253 619 254 671 251 513 253 621 252 623 250 671 251 621 252 547 249 671 251 623 250 691 455 588 375 590 377 586 373 588 375 691 455 693 457 586 373 691 455 584 371 586 373 693 457 622 311 543 312 545 248 541 258 543 312 622 311 620 313 541 258 622 311 618 256 541 258 620 313 510 271 662 270 508 272 695 269 662 270 510 271 512 276 695 269 510 271 514 277 695 269 512 276 664 244 544 246 542 260 709 245 544 246 664 244 666 243 709 245 664 244 668 308 709 245 666 243 710 465 639 422 637 420 711 466 639 422 710 465 712 467 711 466 710 465 713 468 711 466 712 467 716 239 715 240 714 238 667 241 715 240 716 239 717 306 667 241 716 239 669 307 667 241 717 306 718 310 668 308 670 309 709 245 668 308 718 310 546 247 709 245 718 310 544 246 709 245 546 247 599 386 533 333 531 331 719 469 533 333 599 386 601 388 719 469 599 386 609 470 719 469 601 388 642 425 720 471 643 426 626 408 720 471 642 425 625 407 626 408 642 425 678 442 721 472 679 443 708 464 721 472 678 442 677 441 708 464 678 442 719 469 535 335 533 333 722 473 535 335 719 469 609 470 722 473 719 469 679 443 723 474 680 444 724 475 723 474 679 443 721 472 724 475 679 443 711 466 641 424 639 422 725 476 641 424 711 466 726 477 725 476 711 466 561 348 727 478 563 350 728 479 727 478 561 348 729 480 728 479 561 348 580 367 731 482 730 481 732 483 731 482 580 367 584 371 732 483 580 367 692 456 628 410 630 412 626 408 628 410 692 456 720 484 626 408 692 456 634 417 700 461 536 336 636 419 700 461 634 417 698 459 573 360 571 358 575 362 573 360 698 459 733 485 580 367 730 481 734 486 580 367 733 485 682 446 635 418 633 416 735 487 635 418 682 446 736 488 580 367 734 486 737 489 580 367 736 488 738 490 635 418 735 487 637 420 635 418 738 490 739 491 580 367 737 489 579 366 580 367 739 491 645 298 207 10 203 8 644 274 207 10 645 298 508 261 542 260 540 259 662 262 542 260 508 261 715 264 697 265 714 263 665 266 697 265 715 264 718 310 548 317 546 247 550 320 548 317 718 310 740 296 656 295 655 294 658 297 656 295 740 296 696 458 697 265 665 266 694 278 697 265 696 458 535 335 684 492 537 337 722 473 684 492 535 335 591 378 686 450 687 451 589 376 686 450 591 378 685 449 589 376 587 374 686 450 589 376 685 449 741 493 630 412 632 414 693 457 630 412 741 493 647 428 571 358 569 356 698 459 571 358 647 428 617 255 513 253 616 299 619 254 513 253 617 255 644 274 210 30 207 10 206 27 210 30 644 274 204 31 690 315 208 16 507 314 690 315 204 31 603 440 615 404 614 403 605 405 615 404 603 440 742 494 652 433 654 435 689 453 652 433 742 494 643 454 720 484 692 456 701 462 699 460 707 463 638 421 700 461 636 419 726 477 711 466 713 468 582 369 584 371 580 367 521 291 519 287 704 289 667 241 665 242 715 240 210 30 206 27 209 28 539 257 541 258 618 256 695 269 663 268 662 270 625 407 642 425 624 406 646 427 556 343 558 345 561 348 559 346 729 480 594 381 596 383 595 382</p>
                </polylist>
            </mesh>
        </geometry>
        <geometry id="mesh3">
            <mesh>
                <source id="points3">
                    <float_array id="pointarray3" count="1707">1.768832043983724 7.140395855335328 65.9603661581003 6.4408231339693875 1.1093698160082113 69.56996511599061 -0.6370614089155332 10.780905524925814 54.88212581914464 7.441430600608797 0.07816778230684918 57.929388067728745 0.6761996095730755 10.937218480688273 38.8509387566661 8.535729642153205 3.4532202450891134 43.10131551735095 3.4582330957944025 0.07797683434043279 33.36669709153877 26.77073079510951 0.07909439730880763 33.41468965456222 3.7090690204161527 0.07798885900399455 15.929209096165852 27.053435424150603 0.0791079497057865 3.0709531720929704 0.6467383097962248 7.952842064932611 4.52281229803677 28.069867134573233 0.07915667577771046 -13.757123121171304 -1.8526819298869737 8.452722247393353 -8.071057533398882 8.570239450732126 3.031346898948101 -24.47680790692503 -10.8517957985342 0.07729083498622913 -18.180863967045862 -11.085489174403646 0.07727963210842859 -32.39962518626163 -18.726457215751566 0.63941333725802 -25.80624147288961 -19.61686499300014 8.279995661346533 -37.97815915400776 -27.133136394585286 3.45151033805476 -19.666019461805774 -31.852013720017073 11.8731591324795 -25.43187066432918 -29.79003130926461 11.873257980540018 -14.63489680386246 7.65625 135.484375 60.421875 2.609375 136.546875 63.0625 5.421875 139.53125 63.453125 0.015625 137.34375 63.65625 0.015625 141.21875 64.71875 -2.5625 136.546875 63.0625 -5.28125 139.671875 63.015625 -3.640625 134.609375 61.59375 -7.484375 135.6875 60.03125 -2.5625 132.65625 60.140625 -5.28125 131.6875 57.03125 0.015625 131.859375 59.53125 0.015625 129.765625 56.125 2.609375 132.65625 60.140625 5.421875 131.4375 57.375 3.6875 134.609375 61.59375 8.359375 138.0625 56.65625 5.921875 142.484375 59.984375 0.015625 145.484375 60.875 -5.78125 142.140625 60.5 -8.0625 137.78125 57.21875 -5.78125 134.90625 54.15625 0.015625 131.796875 51.96875 5.921875 133.625 53.34375 61.81659226762287 16.94014945789654 37.69761973944341 50.832163362208085 17.33024788280933 38.43146816564828 59.301123822118505 27.221278882271648 24.150624160066034 44.28516403712556 18.079934031243397 40.27490431706231 38.94147621946882 36.595302884874314 20.462148169202774 36.47247454873993 20.59518450659222 41.71202979695301 24.691653773965225 36.563369771682744 16.789590051755354 29.285200774405755 16.29796495551848 41.28981024045684 23.22251128199841 19.891424324240518 41.64889461372084 26.566688225355787 10.938459628319961 41.69592990756681 23.549785375309735 20.81331501428393 58.477035324159814 27.83157467204985 10.782270264725582 57.25849056167494 20.642848515138315 18.875675658264342 74.74252098460371 24.159041277040675 8.172719206489717 73.60206451922024 13.440137749105912 7.562830359105249 77.41405067551575 -15.125760237708583 123.01489987917763 32.843024897399914 -25.813390545571067 126.81126253604316 31.764387557388805 -20.015625 128.453125 41.609375 -25.203125 134.53125 51.34375 -11.171875 133.25 55.328125 -12.46875 145.546875 64.4375 0 145.46875 65.328125 0 159.765625 74.15625 12.46875 145.546875 64.4375 13.171875 159.40625 72.703125 28.6875 146.09375 59.734375 31.15625 158.875 66.828125 42.921875 160.40625 57.71875 43.578125 170.15625 62.34375 50.828125 163.265625 45.484375 65.66077295501572 9.315333732862854 36.33842900408651 69.03555872270185 15.690495521891904 34.43234079825052 76.78558342310984 15.690867045386312 33.91708732115289 77.1611279720843 23.034635056815375 15.21398031952955 82.64595163259284 14.331772980280661 14.557993232240808 76.50622099677989 18.14397865602777 -7.911051113449258 76.3191996317995 8.33146967925478 -8.082935101694748 76.89778453913574 18.14399742694286 -27.489157365030266 75.71077141585951 8.331440512202306 -27.832964291440828 66.39905642794655 8.330994123832625 -44.20841069862664 54.96875 166.484375 29.9375 49.828125 152.828125 28.109375 46.8125 150.109375 39.015625 39.40625 147.875 50.0625 35.234375 136.703125 41.796875 25.203125 134.53125 51.34375 25.81160933579021 126.81373735400777 31.766862375356258 20.015625 128.453125 41.609375 15.124239692774296 123.01635001464358 32.84447503286752 8.593051128810737 121.3129119182009 33.26603693495227 -19.165067287453326 5.7956423169341065 -7.806262466606013 -21.931304244257316 18.71738472291156 -7.9626450459604445 -22.52468272058356 22.154856281268835 -19.150173496508298 -12.337245663096182 23.436594651792888 -19.118435124475567 -22.44580568770103 18.71736005855479 -31.40016973724795 -12.586432957469473 18.764707700793807 -31.399697094954526 -11.132379155034672 8.45227739390279 -40.46212742410821 -3.4144306422718693 19.702647392643982 -34.99300740615599 -2.7261396608696464 6.405805372907935 -38.1960994448512 3.1174313058781817 10.546710508889717 -38.60206930457816 27.00877382833941 8.329105818181603 -51.35092401248469 26.617669445611337 20.157212082868924 -53.17906773630698 2.976111948981279 21.109203746407914 -34.680201050416805 2.8656141428978747 27.202948456326 -17.35208131358597 -12.321931513451238 18.76472038055995 -7.962184388257667 47.45745699243495 9.314461095701319 40.32193137150222 45.67501902398187 19.783125660572708 54.634345964848215 36.36233178615411 22.23580422841367 56.08702453717712 27.784385076653102 19.782268012875022 54.82098831736499 28.846407937697304 14.64169391860527 69.91478923453184 24.45698964625647 9.141483490759754 50.242703777762536 26.409657729250473 6.625952095579834 62.28967239353454 -3.1345648631356924 19.702660808951194 -6.1179939566701425 5.505454146143427 26.312450004909977 -0.08632974618626665 1.0681219406104248 18.140362277079802 4.585332521961661 9.25463918536303 24.43762973254745 18.788850000985164 1.677039277655525 16.499766465694748 15.772861721546429 1.0826623351227456 17.577862973476172 27.772833244355137 -2.4950724084215907 8.327691452101988 28.882036713626864 31.722243856287328 1.1105817659224044 66.00867706181268 32.4259613428707 0.07936549980146879 54.68058578149036 37.27023640661608 2.642097729360529 41.16519299846407 47.98971070067965 0.0801116004619189 28.61883185220473 56.444261098501414 0.0805168977646531 -1.1151378846581328 52.679317730747094 0.08033641254428403 -15.33406838621671 68.35119793799018 0.08108769682064576 -15.442692102065198 69.67863606808768 0.08115133203102687 -1.1145034503910538 82.05247877761619 3.4411195176499234 19.667339762967142 81.27029023615773 8.894207027077869 33.792302294891144 78.11471512567128 0.08155574384801412 28.526525995484736 65.02101309412437 0.08092805321194874 27.52589830369893 73.97369089851145 1.0032322309862423 35.93257749219213 68.56706264729387 0.08109804502132079 44.744818315293564 62.145050588296165 7.612040192932227 40.072635466489665 64.84786023754354 2.5184197553483045 51.74464003646448 64.67558824837347 11.565286507306482 50.97900679793815 71.87869750204521 5.487506805585866 57.385602096594944 -35.234375 136.703125 41.796875 -39.40625 147.875 50.0625 -28.6875 146.09375 59.734375 -42.921875 160.40625 57.71875 -31.15625 158.875 66.828125 -43.578125 170.15625 62.34375 -31.3125 170.0625 71.640625 78.00377988202939 16.503425444663492 44.651520733698 70.59742578291842 18.143695398060146 45.182415689589824 71.3470407762211 15.06560632983863 56.291826630596596 65.25380313147434 16.502814231654625 44.16653452013186 44.59796215309987 7.298699013884772 44.8374192925581 46.440908432253266 17.11128737298678 51.790632670924644 55.815633514161014 19.986736785260717 54.65045708978815 64.3159473410945 17.112144273083857 50.9789895700891 67.00393870313458 8.877898121526812 48.96349340675453 -54.96875 166.484375 29.9375 -50.828125 163.265625 45.484375 -49.828125 152.828125 28.109375 -46.8125 150.109375 39.015625 -41.46875 138.328125 32.71875 -33.625 131.296875 30.90625 54.988525708192725 36.64294715420556 16.77541743435166 67.27027678566496 36.59666092118849 6.369756189324152 75.78653395325091 37.0814441771693 -7.30171056984755 56.95791313408429 1.814916523395084 38.30676178826263 63.06682746234227 0.08083437275251981 49.65080464866196 63.87851924964438 4.518373289026641 62.072718584308284 46.06579832468893 12.23626938522085 58.96248968579789 56.14343642753407 16.033627495053352 65.32234780730093 64.34691045988475 13.018395752701181 61.05711605658273 56.800143338544196 5.486783964388593 66.33800426568433 27.352442182526246 0.07912228360024187 -41.39778254510914 49.82119213089111 0.08019939868287906 -41.396705430025236 63.852110275293086 0.08087201792477572 -34.47415780282902 20.347063364531735 1.1100364583950864 69.77375675861164 20.832102010124665 0.07880970916860974 56.96127999347811 18.97326407386498 3.4537206033995744 42.383065874836106 0 125.390625 44.375 11.171875 133.25 55.328125 12.567030567397381 36.62528853717063 8.867133808211825 13.26923874459932 22.234697183345418 42.3827924763621 4.238220966797418 20.59363924925519 39.179234536705714 13.143437275388271 23.844066154478213 57.492161466705454 0 134.1875 57.390625 -12.59375 171.5 77.34375 -13.171875 159.40625 72.703125 57.16003891837399 0.4555512114122564 60.50989650023018 50.37943685088872 0.08022616002065774 47.368946433308174 47.128652616708116 3.6113203268048153 60.19691561888977 43.629104294010894 0.07990256013076191 54.30612284138936 48.70661507207075 9.142645978096851 58.056366274077874 46.8467644379033 7.67380681821507 69.44690212559664 42.70665927903765 1.1111083408120805 65.16545363573348 37.06529723967635 7.563962910567881 74.08705822315552 2.9248902878757654 20.812326290584238 56.28854659794544 4.689776733420941 17.843660892939425 74.66363121800318 -2.1193091406676783 6.5777094635669755 14.710179706796923 -8.594448831690903 121.31208797759524 33.26521299434566 -0.0006599015205046545 120.60937494895734 33.156249964774645 44.34632700609007 17.533061962667603 68.71240728053404 79.89521383755286 0.08164109804090458 44.19848636768538 74.16027857111904 1.1126161758194257 54.85446145889306 80.2069992556183 4.159781049209272 55.02662633598171 83.4729373455435 8.394312617799187 44.26115789706712 33.625 131.296875 30.90625 41.46875 138.328125 32.71875 42.546875 139.609375 29.0625 -18.305059353235436 0.639433538381553 -15.85309626032948 49.321273777063354 8.330175442895126 -51.349854387769945 48.72704439480208 20.15827197010256 -53.17800784907213 65.66421028541457 19.00283390877422 -45.05219590239214 52.585125799181164 35.89283193828743 -41.927822849880826 66.36577803605317 35.096617559275856 -28.661537214564504 36.35100700711379 36.626428702057765 -48.006726092251576 79.44097876588657 12.831619337405613 54.60471463365762 0 172.265625 78.3125 10.928226479906256 34.953334973664965 -27.445444798939626 4.973951721923685 35.515549536128816 -4.023855208917022 -42.546875 139.609375 29.0625 12.59375 171.5 77.34375 31.3125 170.0625 71.640625 23.632011352234752 36.000818973513745 -42.25733581490746 24.551282342630223 339.61098174102017 34.39187529251707 22.755186309457365 339.25228240966067 18.50114696194084 21.270898967387446 334.5958256796741 21.32897758393418 13.130865693586326 335.314811654669 8.266121821418231 12.271533408798886 330.92397767541706 11.765870136971712 -0.009511350275394596 333.8768607463322 4.5310479785584565 -0.009483617416946807 329.5641817278388 8.265216235788209 -13.150384246017087 335.31355177457925 8.264861941327052 -12.290966534754363 330.92280018938794 11.76469265094119 -22.776063585907885 339.2500997160926 18.498964268370273 -21.29160093480024 334.5937853031197 21.32693720737748 -26.292615865778533 344.6242614993314 32.46780337166147 -24.57371754447627 339.6086267689618 34.38952032045603 -22.77789644077844 349.9987820722934 45.98385454260578 -21.293313197277147 344.6394295533837 46.99929377911714 -13.15359604786274 353.92060685328204 56.65637893308605 -12.293968610716748 348.3112565836017 56.99990122507422 -0.013219004001020154 355.35855776161884 60.39145277594584 -0.012951584500913884 349.67105253118007 60.50055512625771 13.127653891740671 353.92186673337176 56.657638813177236 12.2685313328365 348.31243406963085 57.00107871110473 22.753332482558648 350.00094379182246 46.42353723517095 21.269165732882378 344.6414489558991 47.438834154668434 26.26988401342829 344.62678125951084 32.47032313184383 -24.574012696906642 349.6244367669309 30.53062546198723 -21.293608349707515 354.65523955135285 43.14039892064834 -12.294263763147118 358.32706658157076 53.14100636660543 -0.013246736931284007 359.68686252914915 56.6416602677889 12.26823618040613 358.32824406759994 53.142183852635945 21.268870580452006 354.6572589538682 43.579939296199626 24.55098719019985 349.62679173898925 30.532980434048273 21.270603065956074 344.61163492857037 17.485707725429485 12.27123750736751 340.93978692431347 7.922600278466995 -0.009779518848322694 339.5799909767351 4.421946377283507 -12.291262436185738 340.9386094382843 7.921422792436476 -21.29189683623161 344.609594552016 17.483667348872782 22.755488203902214 329.0177186668302 22.43815633371329 26.270186656874145 334.3922182657532 36.3917075036522 22.753634377003493 339.766380048992 50.3605466069434 13.127955786113702 343.70292873957817 60.57902393402252 -0.012917858628995044 345.1396190187524 64.32846289675523 -13.15329415348971 343.70166885948845 60.57776405393134 -22.777615518361756 339.7641973554239 50.35836391337283 -26.292313222332677 334.38969850557373 36.38918774346985 -22.775761691463035 329.0155359732621 22.435973640142723 -13.15008235157224 325.07898803174874 12.20187131309951 -0.009209455830547655 323.6422970035017 8.468057350330922 13.131167588031174 325.08024791183846 12.20313119319069 -12.293645741012016 337.3735551081491 61.20250188957512 -21.29301129960058 333.7017071038922 51.63939444261262 -24.57339467477154 328.6709252935092 38.5921209849569 -21.29127806502369 323.6404580786303 25.545162122805554 -12.290643664977814 319.9694729648985 15.982917566369249 -0.009161496713221215 318.62647950331336 12.483441900253194 12.271856278575434 319.9706504509277 15.98409505239977 21.271221837163996 323.64249845518464 25.547202499362253 24.551605212334955 328.67328026556754 38.59447595701794 21.269488602587106 333.7037474804465 51.641434819169326 12.268854202541233 337.3747325941783 61.20367937560563 -0.012627965723360694 338.7177260557634 64.70315504172169 3.146687077544094 19.702948267606416 -6.116742875727063 -5.494543873462976 26.311909028738043 -0.08590710007127322 -2.8531338888452984 27.20266065463109 -17.35140549299367 -10.915521514780272 34.952274165874584 -27.445541984443697 -2.9613860822591884 21.10890545819622 -34.67953571634132 -23.617986584066017 35.998540231700815 -42.25865093443546 -26.601078476972717 20.154647208954756 -53.18066898793654 -36.33649087072939 36.62293052814849 -48.009260643877354 -48.710453426163454 20.15358732172112 -53.181728875171395 -52.57112200404602 35.88777726567035 -41.93191390021615 -65.64828745770329 18.996525348362724 -45.05754084052332 -66.35296970383303 35.09024158554212 -28.666949566018037 -76.88346315234699 18.136611751448726 -27.495579418245338 -75.7759637433307 37.07416486491698 -7.308026259820679 -76.4937766964982 18.13663043237932 -7.917435714818575 -77.15136971817756 23.02722391406614 15.207532799059369 -82.6352960324619 14.323836013617637 14.55101988785623 -76.77691426887559 15.683491856408978 33.91067575445463 -81.26095743521672 8.886401890911742 33.785460781003636 -77.99621780435446 16.49593340592753 44.644992317241 -83.46456031570501 8.386296253223236 44.25410515476956 -79.43401891389027 12.823989475877411 54.59804839440824 -80.19924842063962 4.152077782063458 55.019886691114635 -71.8713002124902 5.4806020117906655 57.37966092507935 -1.7624159927865144 7.140212918808402 65.96114684386072 -4.685221289919854 17.843197816606576 74.66413176395734 0.6441905432546867 10.780953291768483 54.88313720827488 -2.9188577435801477 20.812032496594 56.289216426242405 -4.230527058626018 20.593219617063383 39.179778526800945 -13.137810709100497 23.84279262020418 57.49185155471749 -13.262009239314928 22.233411664480755 42.382470579783494 -23.543962561350103 20.811043762840157 58.47572769500095 -23.214986656169543 19.889184532347116 41.647618444112425 -26.558309697443722 10.935899248627265 41.69433315015873 -29.2772971358979 16.295143910979633 41.28795281820231 -27.778112840544818 19.779590783423714 54.81927471019816 -36.46502332852873 20.591674348092297 41.70948326073661 -36.35641609161726 22.232304556430535 56.084488487477515 -45.66872881098764 19.778733136587817 54.63091706314583 -44.341170834983735 17.52879677495814 68.70910571510721 -48.6996327489666 9.137962827789238 58.052646746052424 -46.84073339168006 7.669301938693025 69.44336086835699 -0.6675484322242274 10.93714040932933 38.85182430759462 -7.433567410092522 0.07744104498019055 57.92962495268878 -8.526768363521048 3.452388642594485 43.101447537142896 -20.824145939031027 0.07679912257094657 56.96023302916569 -18.964233883836716 3.4518882875875363 42.382197181309486 -26.760517126756397 0.07651454265635493 33.413073422194344 -37.26101146699001 2.6385111690953806 41.162570060482324 -47.97903712366121 0.07549736155039 28.61518123557547 -47.44879083434763 9.309897791300045 40.318331689383186 -56.948334649034635 1.8094423901060566 38.302251277254854 -50.37056096246441 0.0753827158134186 47.3650666113829 -63.058170292696914 0.07477449259653213 49.64570839078658 -57.15245886381133 0.450057603163458 60.505366514262604 -63.87147850166042 4.512235509031598 62.06754442659374 -56.79360444529288 5.481324811837823 66.33350873541488 -24.683344157452105 36.56098916084946 16.788173063206898 -12.55796741974855 36.62407043162827 8.86687932495558 -9.245358817007725 24.436729218656694 18.788913109380914 -1.0568760993914978 18.140246753875147 4.586180621044424 1.8660700166816602 8.452886863994621 -8.069929294509876 12.334320385001206 18.765888706626285 -7.960052439902443 21.943697610028778 18.719474364382393 -7.959591782199665 12.350256235284448 23.43776447593305 -19.116301678046515 22.537819130973556 22.157002849545165 -19.14706330594197 22.46044616421516 18.719499136461977 -31.397067037050782 31.866738088666363 11.8762000508314 -25.42786612368623 19.63313687191461 8.28186358789074 -37.975327605173845 -0.007604602880305088 228.33879044452885 70.27327848912199 15.273575987673262 230.6162354394907 69.44445543951353 -0.00751807556660863 222.01643693514887 74.79066184068108 21.164422050893847 219.79706451054457 75.65250342486574 23.883430826015466 210.4369183247763 79.61469983153003 48.22724650331774 219.7795365885076 68.90321216870508 46.13376312263725 208.97627549215198 74.14466187155767 67.91516839060121 221.98624305420788 57.89683011497889 67.33758001267809 208.36129832549022 60.32774617342324 76.83736745723046 223.1358074594682 49.98762462332403 78.61936449370303 209.32796423793252 48.2122827266055 86.66619199425384 223.68341617010844 34.84806077665681 84.46355655390164 213.58830563905292 34.73079266163453 -64.22019916217883 252.07231886833551 40.09918288074808 -43.88256847797407 251.3070817247961 46.54931405903004 -64.22605567788369 247.8764943732261 44.4968847282462 -44.335765535880725 246.95578380637608 52.403726833167475 -47.554283742400415 234.0081017127706 60.516014786157626 -31.929462228931 232.40293843536932 65.84517755255264 -48.24150327498872 219.77491203459914 68.89858761479132 -21.17932785179655 219.795034620507 75.65047353482585 -23.89781906417908 210.43462776989256 79.61240927664369 -4.710407519883159 212.32378752078853 79.56936595063198 -0.007308135617815336 214.49302005457915 77.93470617932104 -0.007040811106300301 209.08734394005907 77.76396088745373 -67.2609709500559 36.590198059172664 6.364256949588468 -59.29262395022814 27.21558003790834 24.14588893798374 -69.02693900490394 15.68386337753347 34.426672276172035 -70.59007193750583 18.1369134463189 45.17659736012831 -65.24619461351072 16.4965446211627 44.16122853192026 -71.34045694075601 15.058752470553586 56.285936393591236 -64.66815949926875 11.559072325546197 50.97375623845826 40.61543413229942 278.8292397029504 60.71785648836509 45.240628857982394 279.6890723738409 55.79624441163313 40.66253606908312 281.0952025294785 53.71796736191501 47.803216468765335 283.26757938686796 50.39028879556461 41.350048780268146 285.50170944975 49.04633655868546 50.19374331613145 289.36163798537206 46.34382053190924 41.865422078980856 293.2831054998825 46.515484303103975 50.52159265428084 295.6116776711138 45.84413587759919 42.03696599335394 299.1111870398696 47.593896930801435 47.53681767356001 300.18947906799167 49.609837270710536 45.66155328044207 300.2047505098928 55.10974812267818 -57.175309585110874 177.5326510982587 34.089605806221485 -52.769988813312395 178.48031944259748 52.525960521001714 -42.864557132129974 182.37473154507873 65.70225207917925 -29.833779972193135 183.73669364743682 74.20441515298339 -12.396618584473503 186.07984475305744 78.92559279114724 -21.756682170671954 202.91911455395007 76.44986509495524 -8.538100679356257 204.59429383852262 78.29043088011072 49.146642120018065 289.4082388270173 51.015647582810296 46.17790188812742 284.12660307347386 56.09337707964944 45.00579915717037 292.25170867676195 52.71871040883225 43.693372580598286 288.26715316238506 55.17158147968076 43.536928582228 289.8920295619939 57.59352688358502 42.5995791590075 284.36062002434926 59.98384177680861 39.724523005117724 281.18839896660216 64.32730188954034 -65.65172478810216 9.309025172451385 36.333084065955326 -65.01023465193792 0.07468091382742159 27.52061478659479 -73.96380680640071 0.9961266952979884 35.92643557878331 -78.10403256020986 0.07405321859522473 28.519987092510906 -82.04126889016752 3.433239477792398 19.66042334538811 -76.30579806234037 8.324139432492274 -8.089301726178102 -61.80840549316153 16.934209423646877 37.69264332747445 -64.30905040819947 17.105964547021628 50.973773466307314 -55.80936427420041 19.981372011361188 54.64605593816999 -64.34058728926559 13.01221303049131 61.05189695665329 -56.13781135931926 16.02823126160341 65.31791519613233 -46.05919950848521 12.231839409390247 58.959023332249735 -15.288923942091468 230.61477032328645 69.44299032330761 -20.867156227667277 244.26965850078733 58.02582474535628 -0.007652009345926768 237.58964520740153 62.01132830047927 -0.007623188178251491 240.81516426677314 58.184596227378265 20.851593676459423 244.27165842934832 58.02782467391957 19.53924700817962 247.63032992170878 51.47057217688164 44.32048426037953 246.96003384182742 52.40797686862369 43.86743132036883 251.3112883161064 46.55352065034518 64.21144402695582 247.88265145666105 44.503041811688234 64.203125 252.078125 40.09375 -1.0735857048073618 17.577745952197688 27.773679845364065 2.5049295352026197 8.327917489730254 28.883226373542907 -1.6667087595456045 16.499592517610807 15.773651395749816 2.130692804680097 6.577899547423357 14.71133341294104 -0.6345097321447083 7.95276698972134 4.523700845112948 -79.88603384014138 0.07396779237168971 44.191776684294915 -74.15221913293135 1.1054926632452862 54.84830156859829 -64.8396375093087 2.5121890947758914 51.73937299817246 -62.13619717098012 7.606068699132123 40.06762759497027 -47.82178331148014 283.26299528095285 50.385704689644264 -50.212506453126295 289.3568246741612 46.33900722069287 -49.16585765405129 289.403525886753 51.010934642540555 -49.166098858372564 295.05980583666667 50.386205795339805 -45.025450635930014 292.2473927260622 52.714394458127515 -45.11951598122479 295.74724065645114 55.79268274110102 -43.556821217623025 289.88785443023403 57.58935175182031 -42.791614942543795 296.76280197757694 59.449093026598405 -42.08825697403775 290.05962230905016 61.29255539218629 79.49512437071402 204.30288097045963 37.38628226855168 70.38591745452882 196.37081773759127 41.81166024955817 65.11941363509746 199.11713592262652 57.39736847535224 56.41728195451655 188.09551239121572 47.69781245899601 55.63451545621462 201.15391946963118 66.27370456440107 49.463300349899335 193.72950438815468 59.93236229002568 39.118889713693385 198.38484024062987 69.05748114042748 43.727899174173565 202.51038334297542 72.55735727182746 22.88371264079034 205.5838111939189 78.5890689852692 21.743317729361276 202.92119987271928 76.45195041372685 -45.68219650964209 300.2003716400922 55.10536925287257 -47.55693210790632 300.18492042933167 49.605278632045305 -42.05678381339134 299.10715572319725 47.58986561412442 -50.540907113468776 295.6068329003526 45.8392911068324 -41.88457772855438 293.2790906620222 46.5114694652391 -41.368701029637 285.4977440483261 49.04237115725699 -40.6812137439819 281.091303043303 53.71406787573506 -67.92858129721809 221.97973092727557 57.89031798803911 -46.14748666529245 208.97185168013655 74.14023805953717 -67.34991967779837 208.35484162728957 60.321289475215174 -55.64673428805143 201.14858482872805 66.26836992349182 -65.13058606557675 199.11089195090952 57.391124503628056 -56.42646778615874 188.09010284662116 47.69240291439524 -70.39533222194366 196.36406891499408 41.804911426953225 11.14887274887573 8.453331866358127 -40.46010932936408 12.601068939762115 18.76590149411524 -31.39753967934419 3.429321297115244 19.702961816628104 -34.99172935988396 27.148115435786345 3.4540988381104967 -19.66246733945954 18.742294653256643 0.6411958735940289 -25.803495314264016 18.319942517711784 0.6411756267241628 -15.850390549697295 10.866956106668875 0.07831834211268074 -18.178872837630674 19.17868457954406 5.797466799337343 -7.803474361913173 -3.1013167247159488 10.54639873801355 -38.60141745316714 -26.99122409244927 8.32650349242175 -51.35256271596001 -27.3350557366825 0.07648700021610466 -41.39945420620872 -49.80380568504736 0.07540988513343905 -41.40053132129262 -52.6644300720492 0.07527275148422063 -15.338168424995011 -63.83538747615533 0.0747372340773893 -34.4793289643959 -68.33629979277548 0.07452146771063894 -15.448294708895165 -75.69547628108118 8.324168690319112 -27.83927249104481 -6.434174881328103 1.1087389554065794 69.5702978776758 -20.340434586850222 1.108072312086108 69.77275623458797 -24.153456656818374 8.170389530166545 73.60069846518199 -27.82467324493262 10.779588541052803 57.256772460286626 -39.13111010648134 198.38108906376343 69.05372996355672 -49.47419942273372 193.7247614864138 59.92761938827934 -57.20703408524095 182.99142240278698 38.52896268296333 -39.7442268122562 281.1845893648564 64.32349228779017 -42.61917064515244 284.356534777019 59.97975652947371 -43.71287721853458 288.2629630498868 55.16739136717775 -46.19709789958683 284.12217476723697 56.08894877340744 -19.55450290197956 247.62845583134938 51.468698086520085 47.539466039065914 234.0126603514306 60.52057342482286 31.91428762435053 232.40599900020084 65.8482381173877 -56.43073668698741 0.07509220091196767 -1.119598959229506 -69.66511165657369 0.07445776664562231 -1.120233393496585 -26.40284019426718 6.623406696625466 62.28809061686478 -24.44925828623809 9.139125351033897 50.24130926032153 -31.715254042813157 1.1075270218663036 66.00658594004062 -32.4177865529981 0.0762433424230835 54.67842724639595 -42.69958856957675 1.1070004508545992 65.16230936805883 -43.62089355036641 0.07570628381739652 54.302890187358734 42.067992832563895 290.0636566218702 61.29658970501096 42.77088486082617 296.7669037037192 59.45319475274543 45.099233811444705 295.7515655955939 55.79700768024874 -28.05513078133201 0.07645248099746027 -13.758863693667085 -8.554758554798497 3.030512300305787 -24.476678883280748 2.7426122816773364 6.406053881643601 -38.19488731382769 -3.448014933219793 0.07763210584002422 33.36731598532552 -3.697179007449 0.07762016132230087 15.929804020771316 -44.277333804235504 18.075674835829247 40.2716087439308 -38.933521646453045 36.591556030709484 20.459364937321197 -49.30372404117321 8.325433867708227 -51.353632340674764 -20.638399434879155 18.87368304855265 74.74149199717728 -22.897537254000383 205.5816165157602 78.58687430710798 -43.74085062481567 202.50619023432955 72.55316416317679 -46.4340893991973 17.106821443384305 51.78713036360458 -44.58953568682488 7.294409856994065 44.83409375794999 -50.824084449062404 17.325360994461064 38.42754489958194 -66.99605903380717 8.871460726766088 48.95801963427396 57.16844015211729 177.53813255039702 34.09508725836611 52.76126094416766 178.48537843791618 52.531019516326225 57.19921565184358 182.99690685107294 38.53444713125561 -28.84108997461718 14.638914820133607 69.91297375834456 -66.38219131179599 8.324615153951186 -44.21382604622782 -68.55793508246639 0.07451084287774279 44.73919473542998 -63.16339559328833 236.08304528176882 52.95100086477629 -77.13176288643265 238.14301699488902 42.907048565073225 -76.85013218958234 223.12843993237988 49.98025709622722 -78.63063514492285 209.32042593042772 48.204744419092044 -86.67755760738721 223.675106354582 34.839750961120814 -84.47394305786537 213.58020705193627 34.72269407450859 11.102012729722201 0.07832961034230834 -32.39761158573899 -6.85085490524037 207.60297108050412 80.58501699776039 4.695842458500464 212.3242384410109 79.56981687085486 6.83664506330457 207.603627236841 80.58567315409802 8.524399281432641 204.59511178683294 78.291248828422 -47.12134521158258 3.6067884819538847 60.19334739632117 42.85419267088092 182.37884076159017 65.70636129569542 -0.006101070757592154 187.24865881404895 79.9995495066986 -27.040312496422633 0.0765011297243916 3.069309974396153 29.822469890711638 183.73955347037537 74.20727497592519 49.146400915696795 295.064518776931 50.390918735609546 -54.980222083974915 36.63766177821891 16.7710956806465 12.38463135857704 186.0810327256034 78.92678076369457 -0.010804837165282227 325.640797355116 39.74940315516891 -0.011603396479222993 352.67254467734654 29.375699012873188 -79.50487526389021 204.29525877082045 37.378660068903734 -37.05970063486334 7.560395825262447 74.08445476013357 77.11823675908748 238.15041148730631 42.914443057498985 63.14910411643461 236.08910049618345 52.95705607919787 -13.434860234018368 7.561528361428429 77.41371230012501 29.803720508898436 11.876101153146593 -14.631090008965103 -42.11959465002961 299.40373109352987 53.77737683545872 -40.63456568098104 278.82534471099643 60.71396149640663 -45.259370934040774 279.6847339520337 55.79190598982094 42.0991551564284 299.4077684024976 53.78141414443105 -4.963546300124436 35.51505949446707 -4.023381628291801</float_array>
                    <technique_common>
                        <accessor count="569" source="#pointarray3" stride="3">
                            <param name="X" type="float"/>
                            <param name="Y" type="float"/>
                            <param name="Z" type="float"/>
                        </accessor>
                    </technique_common>
                </source>
                <source id="uvs3">
                    <float_array id="uvarray3" count="788">0.305908203125 1.55316162109375 0.32318115234375 1.54901123046875 0.305908203125 1.536376953125 0.32537841796875 1.539306640625 0.305908203125 1.52203369140625 0.326416015625 1.5233154296875 0.3204345703125 1.51043701171875 0.364990234375 1.51043701171875 0.31951904296875 1.4892578125 0.36627197265625 1.47076416015625 0.30908203125 1.472900390625 0.36944580078125 1.44720458984375 0.30712890625 1.45965576171875 0.330810546875 1.4317626953125 0.29339599609375 1.44000244140625 0.29571533203125 1.41949462890625 0.2818603515625 1.42742919921875 0.27484130859375 1.40380859375 0.26776123046875 1.43475341796875 0.25408935546875 1.4190673828125 0.25408935546875 1.44580078125 0.57159423828125 1.36419677734375 0.54119873046875 1.35235595703125 0.557373046875 1.33770751953125 0.527099609375 1.34722900390625 0.5279541015625 1.3272705078125 0.5137939453125 1.35223388671875 0.4962158203125 1.33673095703125 0.50604248046875 1.3643798828125 0.4830322265625 1.36419677734375 0.52777099609375 1.347412109375 0.5416259765625 1.3525390625 0.548583984375 1.3643798828125 0.58929443359375 1.36383056640625 0.5711669921875 1.318603515625 0.52801513671875 1.29925537109375 0.48345947265625 1.318603515625 0.46533203125 1.36383056640625 0.48345947265625 1.31829833984375 0.52801513671875 1.2989501953125 0.5711669921875 1.31829833984375 0.063232421875 1.5184326171875 0.0830078125 1.51934814453125 0.07171630859375 1.49493408203125 0.0963134765625 1.52008056640625 0.11077880859375 1.48516845703125 0.11212158203125 1.519775390625 0.14105224609375 1.479736328125 0.1270751953125 1.52215576171875 0.13958740234375 1.5201416015625 0.132568359375 1.524169921875 0.145263671875 1.53466796875 0.13287353515625 1.5347900390625 0.1502685546875 1.54840087890625 0.137939453125 1.5526123046875 0.1588134765625 1.56182861328125 0.9156494140625 1.01788330078125 0.86224365234375 1.0367431640625 0.89117431640625 1.044921875 0.865234375 1.07818603515625 0.93536376953125 1.07305908203125 0.9288330078125 1.1295166015625 0.9910888671875 1.129150390625 0.9910888671875 1.20001220703125 0.92877197265625 1.1295166015625 0.92529296875 1.19818115234375 0.8477783203125 1.13226318359375 0.83544921875 1.19549560546875 0.77667236328125 1.203125 0.7734375 1.2513427734375 0.7288818359375 1.21728515625 0.05218505859375 1.52001953125 0.04864501953125 1.51611328125 0.034423828125 1.51434326171875 0.03594970703125 1.4866943359375 0.012939453125 1.4923095703125 0.03076171875 1.45867919921875 0.013671875 1.46124267578125 0.03790283203125 1.43170166015625 0.01953125 1.42730712890625 0.04931640625 1.39251708984375 0.67889404296875 1.23321533203125 0.70452880859375 1.1656494140625 0.74884033203125 1.15216064453125 0.79425048828125 1.14111328125 0.81512451171875 1.08575439453125 0.86517333984375 1.07818603515625 0.8621826171875 1.0367431640625 0.89111328125 1.044921875 0.91558837890625 1.01788330078125 0.9481201171875 1.009521484375 0.22442626953125 1.46875 0.244384765625 1.44732666015625 0.21917724609375 1.45135498046875 0.2183837890625 1.4361572265625 0.19927978515625 1.43817138671875 0.2208251953125 1.4171142578125 0.199951171875 1.41839599609375 0.20233154296875 1.40032958984375 0.1785888671875 1.41497802734375 0.18072509765625 1.39471435546875 0.15972900390625 1.39739990234375 0.13067626953125 1.38812255859375 0.12713623046875 1.40472412109375 0.1646728515625 1.41680908203125 0.169921875 1.44500732421875 0.2030029296875 1.45477294921875 0.19195556640625 1.4700927734375 0.0880126953125 1.52264404296875 0.09954833984375 1.53125 0.11004638671875 1.53326416015625 0.1197509765625 1.5338134765625 0.1175537109375 1.548095703125 0.13287353515625 1.53240966796875 0.13287353515625 1.54656982421875 0.1865234375 1.46026611328125 0.1688232421875 1.46533203125 0.1805419921875 1.47174072265625 0.1644287109375 1.48883056640625 0.17901611328125 1.4876708984375 0.1776123046875 1.50341796875 0.19085693359375 1.5064697265625 0.1866455078125 1.52264404296875 0.3631591796875 1.54833984375 0.378173828125 1.54425048828125 0.3631591796875 1.53399658203125 0.379638671875 1.53631591796875 0.3631591796875 1.52203369140625 0.3865966796875 1.52081298828125 0.40948486328125 1.506103515625 0.427001953125 1.46649169921875 0.41986083984375 1.445556640625 0.45269775390625 1.44598388671875 0.453857421875 1.46856689453125 0.47735595703125 1.461181640625 0.47222900390625 1.49798583984375 0.48687744140625 1.4912109375 0.482421875 1.5172119140625 0.46588134765625 1.50885009765625 0.44366455078125 1.50665283203125 0.463623046875 1.5185546875 0.44903564453125 1.5196533203125 0.46441650390625 1.53009033203125 0.44903564453125 1.52923583984375 0.45892333984375 1.53814697265625 0.44903564453125 1.5390625 0.46575927734375 1.55078125 0.815185546875 1.08575439453125 0.79437255859375 1.14111328125 0.84783935546875 1.13226318359375 0.77679443359375 1.203125 0.8355712890625 1.19549560546875 0.77349853515625 1.2513427734375 0.83477783203125 1.25091552734375 0.02081298828125 1.51593017578125 0.03314208984375 1.5264892578125 0.04168701171875 1.52783203125 0.0396728515625 1.537353515625 0.04736328125 1.52838134765625 0.05218505859375 1.53717041015625 0.05218505859375 1.5277099609375 0.0880126953125 1.53009033203125 0.08099365234375 1.53436279296875 0.07147216796875 1.53515625 0.06207275390625 1.53118896484375 0.05218505859375 1.53009033203125 0.678955078125 1.23321533203125 0.72894287109375 1.21728515625 0.70458984375 1.1656494140625 0.74896240234375 1.15216064453125 0.78619384765625 1.0919189453125 0.83331298828125 1.0477294921875 0.084716796875 1.4788818359375 0.06298828125 1.46722412109375 0.0626220703125 1.453857421875 0.4295654296875 1.5198974609375 0.4384765625 1.53289794921875 0.44903564453125 1.5316162109375 0.44903564453125 1.5435791015625 0.08392333984375 1.54302978515625 0.07000732421875 1.5447998046875 0.06103515625 1.53961181640625 0.07012939453125 1.5560302734375 0.05218505859375 1.5418701171875 0.36846923828125 1.40692138671875 0.41351318359375 1.40728759765625 0.44354248046875 1.4173583984375 0.45562744140625 1.40130615234375 0.47637939453125 1.420654296875 0.34747314453125 1.54931640625 0.3458251953125 1.5372314453125 0.34716796875 1.52191162109375 0.9910888671875 1.02978515625 0.935302734375 1.07305908203125 0.152587890625 1.47314453125 0.15576171875 1.5191650390625 0.1702880859375 1.51751708984375 0.15771484375 1.53375244140625 0.9910888671875 1.0714111328125 0.92822265625 1.258056640625 0.9254150390625 1.19818115234375 0.43402099609375 1.54443359375 0.42327880859375 1.53192138671875 0.4210205078125 1.54364013671875 0.410888671875 1.5316162109375 0.410888671875 1.54388427734375 0.3331298828125 1.56622314453125 0.3631591796875 1.55316162109375 0.3631591796875 1.536376953125 0.410888671875 1.52203369140625 0.3956298828125 1.53363037109375 0.410888671875 1.53399658203125 0.410888671875 1.54833984375 0.39666748046875 1.54388427734375 0.38702392578125 1.562744140625 0.1712646484375 1.5338134765625 0.16668701171875 1.5498046875 0.1866455078125 1.5347900390625 0.1866455078125 1.55133056640625 0.19085693359375 1.48992919921875 0.94818115234375 1.009521484375 0.9910888671875 1.0059814453125 0.0880126953125 1.53240966796875 0.1002197265625 1.54302978515625 0.4730224609375 1.52899169921875 0.47039794921875 1.54132080078125 0.482421875 1.538818359375 0.482421875 1.52923583984375 0.833251953125 1.0477294921875 0.7861328125 1.0919189453125 0.743408203125 1.10394287109375 0.2750244140625 1.45965576171875 0.28082275390625 1.44293212890625 0.31231689453125 1.4090576171875 0.32916259765625 1.40179443359375 0.3631591796875 1.3875732421875 0.0894775390625 1.38739013671875 0.09375 1.40411376953125 0.06292724609375 1.40771484375 0.08966064453125 1.42822265625 0.06964111328125 1.4306640625 0.11328125 1.4273681640625 0.0364990234375 1.5489501953125 0.03057861328125 1.53485107421875 0.02081298828125 1.53717041015625 0.02081298828125 1.5277099609375 0.9910888671875 1.2618408203125 0.1768798828125 1.560302734375 0.14996337890625 1.4383544921875 0.15533447265625 1.4617919921875 0.74346923828125 1.10394287109375 0.30059814453125 1.40380859375 0.30145263671875 1.48724365234375 0.92816162109375 1.258056640625 0.834716796875 1.25091552734375 0.12249755859375 1.556396484375 0.1087646484375 1.56048583984375 0.0880126953125 1.54656982421875 0.410888671875 1.3875732421875 0.30145263671875 1.50628662109375 0.24371337890625 1.41839599609375 0.42999267578125 1.55792236328125 0.228515625 1.39666748046875 0.1341552734375 1.4306640625 0.626220703125 1.86688232421875 0.5614013671875 1.895751953125 0.5614013671875 1.86688232421875 0.626220703125 1.895751953125 0.626220703125 1.92462158203125 0.5614013671875 1.92462158203125 0.5614013671875 1.8380126953125 0.626220703125 1.8380126953125 0.626220703125 1.80914306640625 0.5614013671875 1.80914306640625 0.9910888671875 1.5394287109375 0.914794921875 1.55078125 0.9910888671875 1.5081787109375 0.88531494140625 1.49713134765625 0.87176513671875 1.45086669921875 0.75018310546875 1.4970703125 0.7606201171875 1.44354248046875 0.65185546875 1.50799560546875 0.65472412109375 1.4405517578125 0.60723876953125 1.513671875 0.59832763671875 1.44537353515625 0.539794921875 1.51641845703125 0.55078125 1.4664306640625 0.67047119140625 1.65704345703125 0.77197265625 1.6531982421875 0.67034912109375 1.63623046875 0.76971435546875 1.631591796875 0.753662109375 1.56756591796875 0.83172607421875 1.5595703125 0.750244140625 1.4970703125 0.8853759765625 1.49713134765625 0.871826171875 1.45086669921875 0.96759033203125 1.46014404296875 0.9910888671875 1.470947265625 0.9910888671875 1.44415283203125 0.6600341796875 1.010009765625 0.64239501953125 1.03546142578125 0.66876220703125 1.04425048828125 0.63360595703125 1.06585693359375 0.6708984375 1.075927734375 0.628173828125 1.105712890625 0.6678466796875 1.12445068359375 0.62884521484375 1.13128662109375 0.66436767578125 1.1590576171875 0.6302490234375 1.16253662109375 0.6317138671875 1.19317626953125 0.66796875 1.2879638671875 0.72869873046875 1.30023193359375 0.777099609375 1.31195068359375 0.84210205078125 1.31866455078125 0.92926025390625 1.33026123046875 0.88250732421875 1.41363525390625 0.948486328125 1.421875 0.4434814453125 1.28729248046875 0.42523193359375 1.23956298828125 0.39898681640625 1.27801513671875 0.363525390625 1.23529052734375 0.36572265625 1.298095703125 0.3460693359375 1.267333984375 0.32012939453125 1.27716064453125 0.3138427734375 1.23162841796875 0.2708740234375 1.20147705078125 0.3189697265625 1.18072509765625 0.91485595703125 1.55078125 0.88702392578125 1.61834716796875 0.9910888671875 1.585205078125 0.9910888671875 1.6011962890625 0.88690185546875 1.61834716796875 0.8934326171875 1.63494873046875 0.7696533203125 1.631591796875 0.77191162109375 1.6531982421875 0.6702880859375 1.63623046875 0.67034912109375 1.65704345703125 0.38494873046875 1.3194580078125 0.33831787109375 1.32080078125 0.29510498046875 1.33935546875 0.2894287109375 1.2822265625 0.5714111328125 1.42047119140625 0.6202392578125 1.381103515625 0.672119140625 1.394775390625 0.67095947265625 1.35150146484375 0.713134765625 1.40484619140625 0.73638916015625 1.3743896484375 0.795654296875 1.39111328125 0.77264404296875 1.41156005859375 0.87677001953125 1.4267578125 0.8824462890625 1.41363525390625 0.65191650390625 1.50799560546875 0.76068115234375 1.44354248046875 0.65478515625 1.4405517578125 0.71319580078125 1.40484619140625 0.67218017578125 1.394775390625 0.6710205078125 1.35150146484375 0.62030029296875 1.381103515625 0.7957763671875 1.39111328125 0.73651123046875 1.3743896484375 0.667724609375 1.31500244140625 0.8935546875 1.63494873046875 0.7535400390625 1.56756591796875 0.8316650390625 1.5595703125 0.33038330078125 1.3621826171875 0.3807373046875 1.36236572265625 0.8768310546875 1.4267578125 0.77276611328125 1.41156005859375 0.66790771484375 1.2879638671875 0.7286376953125 1.30023193359375 0.66766357421875 1.31500244140625 0.67572021484375 1.5777587890625 0.60589599609375 1.5880126953125 0.60736083984375 1.513671875 0.59844970703125 1.44537353515625 0.53985595703125 1.51641845703125 0.55084228515625 1.4664306640625 0.95697021484375 1.436767578125 0.967529296875 1.46014404296875 0.9569091796875 1.436767578125 0.94842529296875 1.421875 0.77703857421875 1.31195068359375 0.9910888671875 1.33599853515625 0.842041015625 1.31866455078125 0.92919921875 1.33026123046875 0.59368896484375 1.75140380859375 0.59368896484375 1.98236083984375 0.38006591796875 1.1959228515625 0.57147216796875 1.42047119140625 0.42840576171875 1.34320068359375 0.6058349609375 1.5880126953125 0.6756591796875 1.5777587890625 0.64288330078125 1.22198486328125 0.65557861328125 1.19134521484375</float_array>
                    <technique_common>
                        <accessor count="394" source="#uvarray3" stride="2">
                            <param name="S" type="float"/>
                            <param name="T" type="float"/>
                        </accessor>
                    </technique_common>
                </source>
                <vertices id="vertices3">
                    <input semantic="POSITION" source="#points3"/>
                </vertices>
                <polylist count="1028" material="Material1">
                    <input offset="0" semantic="VERTEX" source="#vertices3"/>
                    <input offset="1" semantic="TEXCOORD" source="#uvs3" set="0"/>
                    <vcount>3 3 3 3 3 3 3 3 3 3 3 3 3 3 3 3 3 3 3 3 3 3 3 3 3 3 3 3 3 3 3 3 3 3 3 3 3 3 3 3 3 3 3 3 3 3 3 3 3 3 3 3 3 3 3 3 3 3 3 3 3 3 3 3 3 3 3 3 3 3 3 3 3 3 3 3 3 3 3 3 3 3 3 3 3 3 3 3 3 3 3 3 3 3 3 3 3 3 3 3 3 3 3 3 3 3 3 3 3 3 3 3 3 3 3 3 3 3 3 3 3 3 3 3 3 3 3 3 3 3 3 3 3 3 3 3 3 3 3 3 3 3 3 3 3 3 3 3 3 3 3 3 3 3 3 3 3 3 3 3 3 3 3 3 3 3 3 3 3 3 3 3 3 3 3 3 3 3 3 3 3 3 3 3 3 3 3 3 3 3 3 3 3 3 3 3 3 3 3 3 3 3 3 3 3 3 3 3 3 3 3 3 3 3 3 3 3 3 3 3 3 3 3 3 3 3 3 3 3 3 3 3 3 3 3 3 3 3 3 3 3 3 3 3 3 3 3 3 3 3 3 3 3 3 3 3 3 3 3 3 3 3 3 3 3 3 3 3 3 3 3 3 3 3 3 3 3 3 3 3 3 3 3 3 3 3 3 3 3 3 3 3 3 3 3 3 3 3 3 3 3 3 3 3 3 3 3 3 3 3 3 3 3 3 3 3 3 3 3 3 3 3 3 3 3 3 3 3 3 3 3 3 3 3 3 3 3 3 3 3 3 3 3 3 3 3 3 3 3 3 3 3 3 3 3 3 3 3 3 3 3 3 3 3 3 3 3 3 3 3 3 3 3 3 3 3 3 3 3 3 3 3 3 3 3 3 3 3 3 3 3 3 3 3 3 3 3 3 3 3 3 3 3 3 3 3 3 3 3 3 3 3 3 3 3 3 3 3 3 3 3 3 3 3 3 3 3 3 3 3 3 3 3 3 3 3 3 3 3 3 3 3 3 3 3 3 3 3 3 3 3 3 3 3 3 3 3 3 3 3 3 3 3 3 3 3 3 3 3 3 3 3 3 3 3 3 3 3 3 3 3 3 3 3 3 3 3 3 3 3 3 3 3 3 3 3 3 3 3 3 3 3 3 3 3 3 3 3 3 3 3 3 3 3 3 3 3 3 3 3 3 3 3 3 3 3 3 3 3 3 3 3 3 3 3 3 3 3 3 3 3 3 3 3 3 3 3 3 3 3 3 3 3 3 3 3 3 3 3 3 3 3 3 3 3 3 3 3 3 3 3 3 3 3 3 3 3 3 3 3 3 3 3 3 3 3 3 3 3 3 3 3 3 3 3 3 3 3 3 3 3 3 3 3 3 3 3 3 3 3 3 3 3 3 3 3 3 3 3 3 3 3 3 3 3 3 3 3 3 3 3 3 3 3 3 3 3 3 3 3 3 3 3 3 3 3 3 3 3 3 3 3 3 3 3 3 3 3 3 3 3 3 3 3 3 3 3 3 3 3 3 3 3 3 3 3 3 3 3 3 3 3 3 3 3 3 3 3 3 3 3 3 3 3 3 3 3 3 3 3 3 3 3 3 3 3 3 3 3 3 3 3 3 3 3 3 3 3 3 3 3 3 3 3 3 3 3 3 3 3 3 3 3 3 3 3 3 3 3 3 3 3 3 3 3 3 3 3 3 3 3 3 3 3 3 3 3 3 3 3 3 3 3 3 3 3 3 3 3 3 3 3 3 3 3 3 3 3 3 3 3 3 3 3 3 3 3 3 3 3 3 3 3 3 3 3 3 3 3 3 3 3 3 3 3 3 3 3 3 3 3 3 3 3 3 3 3 3 3 3 3 3 3 3 3 3 3 3 3 3 3 3 3 3 3 3 3 3 3 3 3 3 3 3 3 3 3 3 3 3 3 3 3 3 3 3 3 3 3 3 3 3 3 3 3 3 3 3 3 3 3 3 3 3 3 3 3 3 3 3 3 3 3 3 3 3 3 3 3 3 3 3 3 3 3 3 3 3 3 3 3 3 3 3 3 3 3 3 3 3 3 3 3 3 3 3 3 3 3 3 3 3 3 3 3 3 3 3 3 3 3 3 3 3 3 3 3 3 3 3 3 3 3 3 3 3 3 3 3 3 3 3 3 3 3 3 3 3 3 3 3 3 3 3 3 3 3 3 3 3 3 3 3 3 3 3 3 3 3 3 3 3 3 3 3 3 3 3 3 3 3 3 3 3 3 3 3 3 3 3 3 3 3 3 3 3 3 3 3 3 3 3 3 3 3 3 3 3 3 3 3 3 3 3 3 3 3 3</vcount>
                    <p>2 2 1 1 0 0 3 3 1 1 2 2 4 4 3 3 2 2 5 5 3 3 4 4 6 6 5 5 4 4 7 7 5 5 6 6 8 8 7 7 6 6 9 9 7 7 8 8 10 10 9 9 8 8 11 11 9 9 10 10 12 12 11 11 10 10 13 13 11 11 12 12 14 14 13 13 12 12 15 15 13 13 14 14 16 16 15 15 14 14 17 17 15 15 16 16 18 18 17 17 16 16 19 19 17 17 18 18 20 20 19 19 18 18 23 23 22 22 21 21 24 24 22 22 23 23 25 25 24 24 23 23 26 26 24 24 25 25 27 27 26 26 25 25 28 28 26 26 27 27 29 29 28 28 27 27 30 26 28 28 29 29 31 27 30 26 29 29 32 30 30 26 31 27 33 25 32 30 31 27 34 31 32 30 33 25 35 23 34 31 33 25 36 32 34 31 35 23 21 21 36 32 35 23 22 22 36 32 21 21 38 34 23 23 37 33 25 25 23 23 38 34 39 35 25 25 38 34 27 27 25 25 39 35 40 36 27 27 39 35 29 29 27 27 40 36 41 37 29 29 40 36 31 27 29 29 41 37 42 38 31 27 41 37 33 25 31 27 42 38 43 39 33 25 42 38 35 23 33 25 43 39 44 40 35 23 43 39 21 21 35 23 44 40 37 33 21 21 44 40 23 23 21 21 37 33 47 43 46 42 45 41 48 44 46 42 47 43 49 45 48 44 47 43 50 46 48 44 49 45 51 47 50 46 49 45 52 48 50 46 51 47 53 49 52 48 51 47 54 50 52 48 53 49 55 51 54 50 53 49 56 52 54 50 55 51 57 53 56 52 55 51 58 54 56 52 57 53 59 55 58 54 57 53 62 58 61 57 60 56 63 59 61 57 62 58 64 60 63 59 62 58 65 61 63 59 64 60 66 62 65 61 64 60 67 63 65 61 66 62 68 64 67 63 66 62 69 65 67 63 68 64 70 66 69 65 68 64 71 67 69 65 70 66 72 68 71 67 70 66 73 69 71 67 72 68 74 70 73 69 72 68 76 72 45 41 75 71 47 43 45 41 76 72 77 73 47 43 76 72 78 74 47 43 77 73 79 75 78 74 77 73 80 76 78 74 79 75 81 77 80 76 79 75 82 78 80 76 81 77 83 79 82 78 81 77 84 80 82 78 83 79 74 70 86 82 85 81 87 83 86 82 74 70 88 84 87 83 74 70 89 85 87 83 88 84 90 86 89 85 88 84 91 87 89 85 90 86 92 88 91 87 90 86 93 89 91 87 92 88 94 90 93 89 92 88 96 93 20 92 95 91 97 94 20 92 96 93 98 95 97 94 96 93 99 96 97 94 98 95 100 97 99 96 98 95 101 98 99 96 100 97 102 99 101 98 100 97 103 100 101 98 102 99 104 101 103 100 102 99 104 101 106 103 105 102 107 104 106 103 104 101 102 99 107 104 104 101 108 105 107 104 102 99 98 95 108 105 102 99 109 106 108 105 98 95 96 93 109 106 98 95 12 107 109 106 96 93 95 91 12 107 96 93 48 44 110 108 46 42 111 109 110 108 48 44 50 46 111 109 48 44 112 110 111 109 50 46 113 111 112 110 50 46 114 112 112 110 113 111 115 113 114 112 113 111 116 114 114 112 115 113 117 115 108 105 109 106 118 116 108 105 117 115 119 117 118 116 117 115 120 118 118 116 119 117 121 119 120 118 119 117 122 120 120 118 121 119 123 121 122 120 121 119 4 122 122 120 123 121 115 125 124 124 116 123 125 126 124 124 115 125 54 127 125 126 115 125 126 128 125 126 54 127 7 7 126 128 54 127 127 129 126 128 7 7 9 9 127 129 7 7 128 130 127 129 9 9 129 131 9 9 11 11 128 130 9 9 129 131 130 132 128 130 129 131 131 133 128 130 130 132 81 134 131 133 130 132 132 135 131 133 81 134 79 136 132 135 81 134 133 137 132 135 79 136 136 140 135 139 134 138 75 141 135 139 136 140 137 142 75 141 136 140 138 143 75 141 137 142 139 144 138 143 137 142 140 145 138 143 139 144 141 146 140 145 139 144 63 59 142 147 61 57 143 148 142 147 63 59 144 149 143 148 63 59 145 150 143 148 144 149 146 151 145 150 144 149 147 152 145 150 146 151 148 153 147 152 146 151 77 73 133 154 79 75 149 155 133 154 77 73 150 156 149 155 77 73 151 157 149 155 150 156 152 158 151 157 150 156 140 159 151 157 152 158 138 160 140 159 152 158 154 162 110 108 153 161 46 42 110 108 154 162 155 163 46 42 154 162 45 41 46 42 155 163 156 164 45 41 155 163 75 71 45 41 156 164 157 165 75 71 156 164 160 168 159 167 158 166 161 169 159 167 160 168 162 170 161 169 160 168 142 147 161 169 162 170 163 171 142 147 162 170 61 57 142 147 163 171 47 43 164 172 49 45 165 173 164 172 47 43 78 74 165 173 47 43 166 174 165 173 78 74 80 76 166 174 78 74 82 78 166 174 80 76 135 139 127 129 128 130 167 175 127 129 135 139 75 141 167 175 135 139 168 176 167 175 75 141 157 177 168 176 75 141 169 178 168 176 157 177 170 179 154 162 153 161 155 163 154 162 170 179 171 180 155 163 170 179 172 181 155 163 171 180 173 182 172 181 171 180 169 183 172 181 173 182 174 184 11 11 13 13 129 131 11 11 174 184 175 185 129 131 174 184 176 186 129 131 175 185 84 187 176 186 175 185 83 188 176 186 84 187 3 3 177 189 1 1 178 190 177 189 3 3 5 5 178 190 3 3 179 191 178 190 5 5 7 7 179 191 5 5 54 127 179 191 7 7 92 88 180 192 94 90 181 193 180 192 92 88 90 86 181 193 92 88 68 64 181 193 90 86 70 66 68 64 90 86 120 118 182 194 118 116 51 47 182 194 120 118 183 195 51 47 120 118 53 49 51 47 183 195 55 51 53 49 183 195 184 196 120 118 122 120 183 195 120 118 184 196 185 197 183 195 184 196 55 51 183 195 185 197 57 53 55 51 185 197 180 192 64 60 62 58 186 198 64 60 180 192 181 193 186 198 180 192 66 62 186 198 181 193 68 64 66 62 181 193 146 151 187 199 148 153 188 200 187 199 146 151 144 149 188 200 146 151 65 61 188 200 144 149 63 59 65 61 144 149 189 201 168 176 169 178 190 202 168 176 189 201 191 203 190 202 189 201 153 204 190 202 191 203 170 205 153 204 191 203 177 189 59 206 1 1 58 207 59 206 177 189 178 190 58 207 177 189 56 208 58 207 178 190 54 127 56 208 178 190 131 133 135 139 128 130 134 138 135 139 131 133 132 135 134 138 131 133 133 137 134 138 132 135 110 209 126 128 127 129 192 210 126 128 110 209 193 211 192 210 110 209 194 212 192 210 193 211 192 210 125 126 126 128 195 213 125 126 192 210 194 212 195 213 192 210 196 214 195 213 194 212 197 215 185 197 184 196 198 216 185 197 197 215 2 217 198 216 197 215 0 218 198 216 2 217 12 107 117 115 109 106 119 117 117 115 12 107 10 107 119 117 12 107 199 219 119 117 10 107 200 220 62 58 60 56 180 192 62 58 200 220 201 221 180 192 200 220 94 90 180 192 201 221 111 109 193 222 110 108 202 223 193 222 111 109 112 110 202 223 111 109 114 112 202 223 112 110 203 224 137 142 136 140 204 225 137 142 203 224 205 226 204 225 203 224 141 146 204 225 205 226 26 26 22 22 24 24 36 32 22 22 26 26 28 28 36 32 26 26 30 26 36 32 28 28 159 167 145 150 147 152 143 148 145 150 159 167 161 169 143 148 159 167 142 147 143 148 161 169 133 137 136 140 134 138 203 224 136 140 133 137 206 227 203 224 133 137 205 226 203 224 206 227 207 228 89 85 91 87 208 229 89 85 207 228 209 230 208 229 207 228 86 82 208 229 209 230 18 18 95 231 20 20 210 232 95 231 18 18 16 16 210 232 18 18 14 14 210 232 16 16 103 233 13 13 15 15 174 184 13 13 103 233 104 234 174 184 103 233 105 235 174 184 104 234 152 158 75 71 138 160 76 72 75 71 152 158 150 156 76 72 152 158 77 73 76 72 150 156 212 237 84 80 211 236 213 238 84 80 212 237 214 239 213 238 212 237 215 240 213 238 214 239 212 237 216 241 214 239 106 103 216 241 212 237 211 236 106 103 212 237 105 102 106 103 211 236 141 242 151 157 140 159 217 243 151 157 141 242 205 244 217 243 141 242 206 245 217 243 205 244 188 200 218 246 187 199 67 63 218 246 188 200 65 61 67 63 188 200 88 84 70 66 90 86 72 68 70 66 88 84 74 70 72 68 88 84 130 132 83 188 81 134 176 186 83 188 130 132 129 131 176 186 130 132 198 216 57 53 185 197 59 55 57 53 198 216 1 247 59 55 198 216 110 209 190 202 153 204 167 175 190 202 110 209 127 129 167 175 110 209 82 78 215 240 166 174 213 238 215 240 82 78 84 80 213 238 82 78 113 111 54 50 115 113 52 48 54 50 113 111 50 46 52 48 113 111 118 116 219 248 108 105 220 249 219 248 118 116 182 194 220 249 118 116 162 170 221 250 163 171 160 168 221 250 162 170 34 31 30 26 32 30 36 32 30 26 34 31 87 83 208 229 86 82 89 85 208 229 87 83 139 144 204 225 141 146 137 142 204 225 139 144 101 251 15 15 17 17 103 233 15 15 101 251 8 8 199 252 10 10 6 6 199 252 8 8 222 253 69 65 71 67 218 246 69 65 222 253 223 254 71 67 73 69 222 253 71 67 223 254 14 14 95 231 210 232 12 12 95 231 14 14 124 255 114 112 116 114 196 256 114 112 124 255 196 256 202 223 114 112 194 257 202 223 196 256 105 235 175 185 174 184 211 258 175 185 105 235 6 6 123 259 199 252 4 4 123 259 6 6 4 122 184 196 122 120 2 217 184 196 4 122 157 165 172 181 169 183 156 164 172 181 157 165 19 260 97 94 99 96 20 92 97 94 19 260 191 203 173 261 170 205 189 201 173 261 191 203 17 262 99 96 101 98 19 260 99 96 17 262 107 104 219 248 224 263 108 105 219 248 107 104 124 124 195 213 196 214 125 126 195 213 124 124 106 103 224 263 216 241 107 104 224 263 106 103 199 219 121 119 119 117 123 121 121 119 199 219 217 243 149 155 151 157 206 245 149 155 217 243 184 196 2 217 197 215 84 187 175 185 211 258 193 222 202 223 194 257 189 201 169 178 173 261 69 65 218 246 67 63 64 60 186 198 66 62 1 247 198 216 0 218 133 154 149 155 206 245 190 202 167 175 168 176 156 164 155 163 172 181 98 95 102 99 100 97 170 179 173 182 171 180 179 191 54 127 178 190 227 266 226 265 225 264 228 267 226 265 227 266 229 264 228 267 227 266 230 265 228 267 229 264 231 266 230 265 229 264 232 267 230 265 231 266 233 264 232 267 231 266 234 265 232 267 233 264 235 266 234 265 233 264 236 267 234 265 235 266 237 264 236 267 235 266 238 265 236 267 237 264 239 266 238 265 237 264 240 267 238 265 239 266 241 264 240 267 239 266 242 265 240 267 241 264 243 266 242 265 241 264 244 267 242 265 243 266 245 264 244 267 243 266 246 265 244 267 245 264 247 266 246 265 245 264 248 267 246 265 247 266 225 264 248 267 247 266 226 265 248 267 225 264 236 267 249 268 234 265 250 269 249 268 236 267 238 265 250 269 236 267 251 268 250 269 238 265 240 267 251 268 238 265 252 269 251 268 240 267 242 265 252 269 240 267 253 268 252 269 242 265 244 267 253 268 242 265 254 269 253 268 244 267 246 265 254 269 244 267 255 268 254 269 246 265 248 267 255 268 246 265 256 269 255 268 248 267 226 265 256 269 248 267 257 268 256 269 226 265 228 267 257 268 226 265 258 269 257 268 228 267 230 265 258 269 228 267 259 268 258 269 230 265 232 267 259 268 230 265 260 269 259 268 232 267 234 265 260 269 232 267 249 268 260 269 234 265 227 266 261 270 229 264 262 271 261 270 227 266 225 264 262 271 227 266 263 270 262 271 225 264 247 266 263 270 225 264 264 271 263 270 247 266 245 264 264 271 247 266 265 270 264 271 245 264 243 266 265 270 245 264 266 271 265 270 243 266 241 264 266 271 243 266 267 270 266 271 241 264 239 266 267 270 241 264 268 271 267 270 239 266 237 264 268 271 239 266 269 270 268 271 237 264 235 266 269 270 237 264 270 271 269 270 235 266 233 264 270 271 235 266 271 270 270 271 233 264 231 266 271 270 233 264 272 271 271 270 231 266 229 264 272 271 231 266 261 270 272 271 229 264 266 271 273 272 265 270 274 273 273 272 266 271 267 270 274 273 266 271 275 272 274 273 267 270 268 271 275 272 267 270 276 273 275 272 268 271 269 270 276 273 268 271 277 272 276 273 269 270 270 271 277 272 269 270 278 273 277 272 270 271 271 270 278 273 270 271 279 272 278 273 271 270 272 271 279 272 271 270 280 273 279 272 272 271 261 270 280 273 272 271 281 272 280 273 261 270 262 271 281 272 261 270 282 273 281 272 262 271 263 270 282 273 262 271 283 272 282 273 263 270 264 271 283 272 263 270 284 273 283 272 264 271 265 270 284 273 264 271 273 272 284 273 265 270 287 105 286 116 285 115 288 248 286 116 287 105 289 104 288 248 287 105 290 263 288 248 289 104 291 103 290 263 289 104 292 241 290 263 291 103 293 237 292 241 291 103 294 239 292 241 293 237 295 238 294 239 293 237 296 240 294 239 295 238 297 78 296 240 295 238 298 174 296 240 297 78 299 76 298 174 297 78 300 74 298 174 299 76 301 75 300 74 299 76 302 73 300 74 301 75 303 154 302 73 301 75 304 155 302 73 303 154 305 245 304 155 303 154 306 243 304 155 305 245 307 244 306 243 305 245 308 242 306 243 307 244 311 217 310 216 309 218 312 215 310 216 311 217 313 196 312 215 311 217 314 197 312 215 313 196 315 195 314 197 313 196 316 51 314 197 315 195 317 49 316 51 315 195 318 50 316 51 317 49 319 48 318 50 317 49 320 111 318 50 319 48 321 46 320 111 319 48 322 110 320 111 321 46 323 109 322 110 321 46 324 223 322 110 323 109 325 222 324 223 323 109 326 257 324 223 325 222 328 3 327 4 311 2 329 5 327 4 328 3 330 190 329 5 328 3 331 191 329 5 330 190 318 127 331 191 330 190 332 7 331 191 318 127 333 128 332 7 318 127 334 129 332 7 333 128 335 209 334 129 333 128 336 175 334 129 335 209 337 202 336 175 335 209 338 176 336 175 337 202 339 201 338 176 337 202 340 178 338 176 339 201 341 261 340 178 339 201 344 118 343 194 342 47 286 116 343 194 344 118 345 117 286 116 344 118 285 115 286 116 345 117 346 107 285 115 345 117 347 106 285 115 346 107 348 93 347 106 346 107 349 95 347 106 348 93 350 94 349 95 348 93 351 96 349 95 350 94 352 260 351 96 350 94 353 262 351 96 352 260 356 276 355 275 354 274 357 277 355 275 356 276 358 278 357 277 356 276 359 279 357 277 358 278 360 280 359 279 358 278 361 281 359 279 360 280 362 282 361 281 360 280 363 283 361 281 362 282 364 284 363 283 362 282 365 285 363 283 364 284 366 286 365 285 364 284 369 289 368 288 367 287 370 290 368 288 369 289 371 291 370 290 369 289 372 292 370 290 371 291 373 293 372 292 371 291 374 294 372 292 373 293 375 295 374 294 373 293 356 276 374 294 375 295 376 296 356 276 375 295 377 297 356 276 376 296 378 298 377 297 376 296 300 74 379 173 298 174 380 43 379 173 300 74 302 73 380 43 300 74 381 72 380 43 302 73 382 156 381 72 302 73 383 158 381 72 382 156 384 157 383 158 382 156 385 159 383 158 384 157 308 242 385 159 384 157 388 301 387 300 386 299 389 302 387 300 388 301 390 303 389 302 388 301 391 304 389 302 390 303 392 305 391 304 390 303 393 306 391 304 392 305 394 307 393 306 392 305 395 308 393 306 394 307 396 309 395 308 394 307 159 167 397 310 158 166 398 311 397 310 159 167 147 152 398 311 159 167 399 312 398 311 147 152 148 153 399 312 147 152 400 313 399 312 148 153 401 314 400 313 148 153 402 315 400 313 401 314 403 316 402 315 401 314 404 319 389 318 391 317 405 320 389 318 404 319 406 321 405 320 404 319 407 322 405 320 406 321 408 323 407 322 406 321 409 324 407 322 408 323 410 325 409 324 408 323 386 326 409 324 410 325 411 141 336 175 338 176 412 139 336 175 411 141 413 140 412 139 411 141 414 138 412 139 413 140 303 137 414 138 413 140 415 135 414 138 303 137 301 136 415 135 303 137 416 134 415 135 301 136 411 71 381 72 383 158 417 41 381 72 411 71 418 164 417 41 411 71 419 163 417 41 418 164 420 181 419 163 418 164 421 180 419 163 420 181 341 182 421 180 420 181 422 179 421 180 341 182 425 329 424 328 423 327 426 330 424 328 425 329 427 331 426 330 425 329 428 332 426 330 427 331 429 333 428 332 427 331 430 334 428 332 429 333 431 335 430 334 429 333 432 336 430 334 431 335 327 122 313 196 311 217 433 120 313 196 327 122 434 121 433 120 327 122 435 119 433 120 434 121 436 219 435 119 434 121 345 117 435 119 436 219 437 107 345 117 436 219 346 107 345 117 437 107 438 224 305 227 303 137 307 226 305 227 438 224 439 225 307 226 438 224 308 146 307 226 439 225 440 144 308 146 439 225 385 145 308 146 440 144 441 143 385 145 440 144 444 319 443 317 442 318 445 337 443 317 444 319 446 321 445 337 444 319 447 338 445 337 446 321 448 323 447 338 446 321 449 339 447 338 448 323 450 340 449 339 448 323 364 284 451 341 366 286 452 342 451 341 364 284 453 343 452 342 364 284 454 344 452 342 453 343 455 345 454 344 453 343 456 346 454 344 455 345 457 347 456 346 455 345 362 282 453 343 364 284 455 345 453 343 362 282 360 280 455 345 362 282 458 348 455 345 360 280 459 349 458 348 360 280 457 347 458 348 459 349 460 350 457 347 459 349 463 307 462 308 461 309 464 306 462 308 463 307 465 305 464 306 463 307 443 304 464 306 465 305 466 303 443 304 465 305 442 302 443 304 466 303 467 301 442 302 466 303 468 351 373 293 371 291 469 352 373 293 468 351 470 353 469 352 468 351 471 354 469 352 470 353 472 355 471 354 470 353 473 356 471 354 472 355 474 357 473 356 472 355 475 98 351 96 353 262 476 97 351 96 475 98 477 99 476 97 475 98 349 95 476 97 477 99 287 105 349 95 477 99 347 106 349 95 287 105 285 115 347 106 287 105 478 18 353 17 352 19 479 16 353 17 478 18 480 232 479 16 478 18 481 14 479 16 480 232 482 231 481 14 480 232 346 12 481 14 482 231 485 184 484 235 483 234 486 185 484 235 485 184 487 131 486 185 485 184 488 186 486 185 487 131 489 132 488 186 487 131 490 188 488 186 489 132 491 1 311 2 309 0 328 3 311 2 491 1 492 189 328 3 491 1 330 190 328 3 492 189 493 207 330 190 492 189 494 208 330 190 493 207 495 358 400 313 402 315 399 312 400 313 495 358 496 359 399 312 495 358 398 311 399 312 496 359 473 356 398 311 496 359 497 360 398 311 473 356 448 323 498 325 450 340 499 324 498 325 448 323 500 322 499 324 448 323 501 320 499 324 500 322 446 321 501 320 500 322 444 319 501 320 446 321 370 290 502 361 368 288 424 328 502 361 370 290 372 292 424 328 370 290 423 327 424 328 372 292 374 294 423 327 372 292 356 276 423 327 374 294 429 333 503 362 431 335 504 363 503 362 429 333 427 331 504 363 429 333 355 275 504 363 427 331 425 329 355 275 427 331 354 274 355 275 425 329 412 139 334 129 336 175 505 130 334 129 412 139 506 133 505 130 412 139 489 132 505 130 506 133 416 134 489 132 506 133 490 188 489 132 416 134 509 124 508 125 507 123 510 126 508 125 509 124 511 213 510 126 509 124 512 210 510 126 511 213 326 212 512 210 511 213 325 211 512 210 326 212 408 323 513 340 410 325 514 339 513 340 408 323 515 338 514 339 408 323 396 364 514 339 515 338 395 365 396 364 515 338 516 11 346 12 437 10 517 13 346 12 516 11 485 184 517 13 516 11 518 233 517 13 485 184 483 234 518 233 485 184 332 7 329 5 331 191 519 6 329 5 332 7 520 8 519 6 332 7 436 252 519 6 520 8 437 10 436 252 520 8 510 126 318 127 508 125 333 128 318 127 510 126 512 210 333 128 510 126 335 209 333 128 512 210 325 211 335 209 512 210 323 109 335 108 325 222 521 44 335 108 323 109 321 46 521 44 323 109 522 45 521 44 321 46 342 47 522 45 321 46 291 103 484 102 523 236 483 101 484 102 291 103 289 104 483 101 291 103 477 99 483 101 289 104 287 105 477 99 289 104 314 197 310 216 312 215 524 53 310 216 314 197 316 51 524 53 314 197 494 52 524 53 316 51 318 50 494 52 316 51 469 352 375 295 373 293 525 366 375 295 469 352 526 367 525 366 469 352 495 358 525 366 526 367 471 354 495 358 526 367 422 179 419 163 421 180 527 162 419 163 422 179 528 161 527 162 422 179 335 108 527 162 528 161 304 155 382 156 302 73 384 157 382 156 304 155 306 243 384 157 304 155 308 242 384 157 306 243 417 41 380 43 381 72 529 42 380 43 417 41 419 163 529 42 417 41 527 162 529 42 419 163 530 165 418 164 411 71 420 181 418 164 530 165 340 183 420 181 530 165 341 182 420 181 340 183 531 368 74 70 85 81 532 369 74 70 531 368 533 370 532 369 531 368 454 344 532 369 533 370 315 195 342 47 317 49 344 118 342 47 315 195 313 196 344 118 315 195 433 120 344 118 313 196 320 111 508 113 318 50 534 112 508 113 320 111 322 110 534 112 320 111 324 223 534 112 322 110 297 78 490 79 416 77 535 80 490 79 297 78 295 238 535 80 297 78 293 237 535 80 295 238 413 140 438 224 303 137 536 142 438 224 413 140 411 141 536 142 413 140 441 143 536 142 411 141 537 371 371 291 369 289 468 351 371 291 537 371 538 372 468 351 537 371 539 373 468 351 538 372 539 373 470 353 468 351 540 374 470 353 539 373 541 375 540 374 539 373 542 376 540 374 541 375 517 13 481 14 346 12 543 15 481 14 517 13 518 233 543 15 517 13 475 251 543 15 518 233 525 366 376 296 375 295 544 377 376 296 525 366 402 315 544 377 525 366 403 316 544 377 402 315 378 298 545 378 377 297 546 379 545 378 378 298 547 380 546 379 378 298 460 350 546 379 547 380 528 204 337 202 335 209 548 203 337 202 528 204 422 205 548 203 528 204 341 261 548 203 422 205 358 278 459 349 360 280 545 378 459 349 358 278 356 276 545 378 358 278 377 297 545 378 356 276 532 369 73 69 74 70 549 381 73 69 532 369 456 346 549 381 532 369 457 347 549 381 456 346 535 187 488 186 490 188 486 185 488 186 535 187 523 258 486 185 535 187 484 235 486 185 523 258 187 199 401 314 148 153 550 382 401 314 187 199 218 246 550 382 187 199 222 253 550 382 218 246 516 11 487 131 485 184 551 9 487 131 516 11 437 10 551 9 516 11 520 8 551 9 437 10 549 381 223 254 73 69 552 383 223 254 549 381 457 347 552 383 549 381 460 350 552 383 457 347 406 321 515 338 408 323 553 337 515 338 406 321 404 319 553 337 406 321 391 317 553 337 404 319 380 43 554 172 379 173 522 45 554 172 380 43 521 44 522 45 380 43 555 384 547 380 550 382 460 350 547 380 555 384 552 383 460 350 555 384 555 384 223 254 552 383 222 253 223 254 555 384 550 382 222 253 555 384 556 385 273 272 274 273 284 273 273 272 556 385 283 272 284 273 556 385 556 385 276 273 277 272 275 272 276 273 556 385 274 273 275 272 556 385 557 386 256 269 257 268 255 268 256 269 557 386 254 269 255 268 557 386 556 385 282 273 283 272 281 272 282 273 556 385 280 273 281 272 556 385 556 385 279 272 280 273 278 273 279 272 556 385 277 272 278 273 556 385 550 382 403 316 401 314 378 298 403 316 550 382 547 380 378 298 550 382 405 320 387 387 389 318 409 324 387 387 405 320 407 322 409 324 405 320 540 374 472 355 470 353 474 357 472 355 540 374 558 388 474 357 540 374 519 6 327 4 329 5 434 259 327 4 519 6 436 252 434 259 519 6 534 112 507 114 508 113 509 255 507 114 534 112 559 256 509 255 534 112 506 133 415 135 416 134 414 138 415 135 506 133 412 139 414 138 506 133 445 337 464 389 443 317 462 365 464 389 445 337 447 338 462 365 445 337 332 7 551 9 520 8 334 129 551 9 332 7 487 131 505 130 489 132 551 9 505 130 487 131 559 214 511 213 509 124 326 212 511 213 559 214 560 390 361 281 363 283 561 391 361 281 560 390 357 277 504 363 355 275 359 279 504 363 357 277 359 279 503 362 504 363 361 281 503 362 359 279 503 362 561 391 431 335 361 281 561 391 503 362 530 177 338 176 340 178 411 141 338 176 530 177 339 201 548 203 341 261 337 202 548 203 339 201 562 206 492 189 491 1 493 207 492 189 562 206 459 349 546 379 460 350 545 378 546 379 459 349 378 298 544 377 403 316 376 296 544 377 378 298 563 20 478 18 352 19 482 231 478 18 563 20 353 17 543 15 475 251 479 16 543 15 353 17 354 274 423 327 356 276 425 329 423 327 354 274 496 359 471 354 473 356 495 358 471 354 496 359 258 269 557 386 257 268 259 268 557 386 258 269 260 269 557 386 259 268 249 268 557 386 260 269 250 269 557 386 249 268 251 268 557 386 250 269 252 269 557 386 251 268 253 268 557 386 252 269 564 393 461 309 449 392 463 307 461 309 564 393 566 300 467 301 565 299 442 302 467 301 566 300 567 393 396 309 394 307 514 392 396 309 567 393 319 48 342 47 321 46 317 49 342 47 319 48 344 118 435 119 345 117 433 120 435 119 344 118 518 100 477 99 475 98 483 101 477 99 518 100 562 55 310 216 524 53 491 247 310 216 562 55 324 223 559 256 534 112 326 257 559 256 324 223 299 76 416 77 301 75 297 78 416 77 299 76 493 54 524 53 494 52 562 55 524 53 493 54 293 237 523 236 535 80 291 103 523 236 293 237 441 160 383 158 385 159 411 71 383 158 441 160 566 387 499 324 501 320 565 326 499 324 566 387 442 318 501 320 444 319 566 387 501 320 442 318 568 249 286 116 288 248 343 194 286 116 568 249 335 108 529 42 527 162 521 44 529 42 335 108 461 364 447 338 449 339 462 365 447 338 461 364 440 144 536 142 441 143 439 225 536 142 440 144 393 389 553 337 391 317 395 365 553 337 393 389 350 94 563 92 352 260 348 93 563 92 350 94 348 93 482 91 563 92 346 107 482 91 348 93 387 387 409 324 386 326 456 346 532 369 454 344 536 142 439 225 438 224 491 247 309 218 310 216 497 360 397 310 398 311 351 96 476 97 349 95 253 268 254 269 557 386 551 9 334 129 505 130 515 338 553 337 395 365 558 388 540 374 542 376 543 15 479 16 481 14 498 325 499 324 565 326 424 328 426 330 502 361 482 231 480 232 478 18 380 43 529 42 521 44 471 354 526 367 469 352 495 358 402 315 525 366 457 347 455 345 458 348 446 321 500 322 448 323 330 190 494 208 318 127</p>
                </polylist>
            </mesh>
        </geometry>
        <geometry id="mesh4">
            <mesh>
                <source id="points4">
                    <float_array id="pointarray4" count="126">-267.23129891816274 265.2256084459941 -16.476630125442448 -262.1220071499633 263.16299994224903 -14.03904747488193 -281.7462448881147 262.46086984892725 -35.46165340436263 -257.8869952442726 256.61697681728543 -31.664210858872146 -258.87115865796505 256.5703856038285 -37.61737306948363 -252.68345583748956 250.68003139637665 -43.0549356214786 -266.1985446939886 249.74323066602213 -58.10233573740541 -246.30822238340886 242.35221345336058 -49.24260836489149 -258.42031379727507 256.3329341730713 26.570131679383724 -256.1545466468354 254.6143758930519 22.648254784717672 -280.6704246840723 262.3640114802378 29.413380290604454 -259.6227624410116 261.64635655103916 7.2890936505168265 -268.8727867536589 264.9744409648069 7.820174556214 -287.1693120697238 269.42801771413417 -2.227137014217192 247.8075481917954 241.7754512334428 41.85955201400182 264.0409810752322 248.12045775382614 47.563960795286285 256.1356190317155 254.6365309054691 22.67317107826217 258.4008453748759 256.35530639389765 26.59526518133763 280.65010521583827 262.3885169280345 29.44064701953113 259.6046331768032 261.66884412290074 7.314342503506124 268.8542874002897 264.9978153809665 7.846310253502345 287.1513473845534 269.46877136683884 -2.1992463312967736 262.10577732429965 263.18572722456486 -14.013558911438114 267.2151049968259 265.2488255921942 -16.450651698113845 281.7477611291896 262.4854802131165 -35.434282288655666 -233.68636282004647 217.56669195082588 40.287902010818705 -247.81145733265038 241.75409468564004 41.8354347146851 -241.17097057466106 221.39449909753324 46.662819607417866 -257.1870097345677 225.48767310807642 58.13119682101582 -264.0616703253295 248.0975447167345 47.53828647706642 233.6849211903573 217.58669434911147 40.310665160616736 241.1685506723376 221.41521904860326 46.68630031000117 257.16747269455163 225.50992708045857 58.156212074525406 246.3129881751854 242.3734262917812 -49.21863477495705 252.67120487305405 250.70185393204173 -43.03035180468659 266.20345111804716 249.76635053015153 -58.07645512175998 258.8734465529939 256.59280281665224 -37.59219510514471 257.8730829117375 256.63929817162517 -31.639128223404832 -238.49576216291263 219.4927471244847 -47.07155168244285 -255.96405738752787 227.91522578503708 -60.25926856165848 238.502511563462 219.51321102489425 -47.04832703052037 255.95563850303526 227.9373630377392 -60.234370027829044</float_array>
                    <technique_common>
                        <accessor count="42" source="#pointarray4" stride="3">
                            <param name="X" type="float"/>
                            <param name="Y" type="float"/>
                            <param name="Z" type="float"/>
                        </accessor>
                    </technique_common>
                </source>
                <source id="uvs4">
                    <float_array id="uvarray4" count="44">0.3250732421875 1.9857177734375 0.32440185546875 1.970458984375 0.317138671875 1.9918212890625 0.3118896484375 1.970703125 0.30743408203125 1.975830078125 0.3018798828125 1.9716796875 0.29864501953125 1.992431640625 0.28961181640625 1.970458984375 0.35821533203125 1.98309326171875 0.35687255859375 1.96929931640625 0.35028076171875 1.99127197265625 0.34130859375 1.9698486328125 0.341064453125 1.98052978515625 0.3331298828125 1.9921875 0.37310791015625 1.9713134765625 0.36712646484375 1.99127197265625 0.3848876953125 1.96588134765625 0.37310791015625 1.97149658203125 0.38287353515625 1.97222900390625 0.3798828125 1.9918212890625 0.27471923828125 1.97076416015625 0.28277587890625 1.9912109375</float_array>
                    <technique_common>
                        <accessor count="22" source="#uvarray4" stride="2">
                            <param name="S" type="float"/>
                            <param name="T" type="float"/>
                        </accessor>
                    </technique_common>
                </source>
                <vertices id="vertices4">
                    <input semantic="POSITION" source="#points4"/>
                </vertices>
                <polylist count="34" material="Material1">
                    <input offset="0" semantic="VERTEX" source="#vertices4"/>
                    <input offset="1" semantic="TEXCOORD" source="#uvs4" set="0"/>
                    <vcount>3 3 3 3 3 3 3 3 3 3 3 3 3 3 3 3 3 3 3 3 3 3 3 3 3 3 3 3 3 3 3 3 3 3</vcount>
                    <p>2 2 1 1 0 0 3 3 1 1 2 2 4 4 3 3 2 2 5 5 3 3 4 4 6 6 5 5 4 4 7 7 5 5 6 6 10 10 9 9 8 8 11 11 9 9 10 10 12 12 11 11 10 10 13 13 11 11 12 12 16 9 15 15 14 14 17 8 15 15 16 9 18 10 17 8 16 9 19 11 18 10 16 9 20 12 18 10 19 11 21 13 20 12 19 11 22 1 21 13 19 11 23 0 21 13 22 1 24 2 23 0 22 1 27 18 26 17 25 16 28 19 26 17 27 18 29 15 9 9 26 14 8 8 9 9 29 15 13 13 1 1 11 11 0 0 1 1 13 13 14 17 31 18 30 16 32 19 31 18 14 17 35 6 34 5 33 7 36 4 34 5 35 6 36 4 37 3 34 5 24 2 37 3 36 4 39 21 38 20 7 7 41 21 33 7 40 20 24 2 22 1 37 3</p>
                </polylist>
            </mesh>
        </geometry>
    </library_geometries>
    <library_controllers>
        <controller id="controller0">
            <skin source="#mesh0">
                <bind_shape_matrix>1 0 0 0 0 1 0 0 0 0 1 0 0 0 0 1</bind_shape_matrix>
                <source id="joints0">
                    <Name_array id="JointArr0" count="35">jointnode-1 jointnode0 jointnode1 jointnode2 jointnode3 jointnode4 jointnode5 jointnode6 jointnode7 jointnode8 jointnode9 jointnode10 jointnode11 jointnode12 jointnode13 jointnode14 jointnode15 jointnode16 jointnode17 jointnode18 jointnode19 jointnode20 jointnode21 jointnode22 jointnode23 jointnode24 jointnode25 jointnode26 jointnode27 jointnode28 jointnode29 jointnode30 jointnode31 jointnode32 jointnode33</Name_array>
                    <technique_common>
                        <accessor source="#JointArr0" count="35">
                            <param name="JOINT" type="Name" />
                        </accessor>
                    </technique_common>
                </source>
                <source id="matrices0">
                    <float_array id="MatArr0" count="560">1 0 0 0 0 1 0 0 0 0 1 0 0 0 0 1 1 0 0 0 0 1 0 0 0 0 1 0 0 0 0 1 1 0 0 0 0 1 0 -125.14652252197266 0 0 1 0 0 0 0 1 1 0 0 0 0 1 0 0 0 0 1 -100 0 0 0 1 1 0 0 -100 0 1 0 0 0 0 1 0 0 0 0 1 1 0 0 100 0 1 0 0 0 0 1 0 0 0 0 1 1 0 0 0 0 1 0 -93 0 0 1 0 0 0 0 1 0.00004793836256601856 -0.9999999988509567 -4.386559881474326e-18 137.49999984200656 0.00004793836251091911 2.2980866055094973e-9 -0.9999999988509567 2.499999681140483 0.9999999977019134 0.00004793836251091911 0.00004793836256601856 -0.006711370751666425 0 0 0 1 0.00004782332063778632 -0.9999971262495844 0.0023969158313184714 124.99964171829647 -0.0000480531290230205 0.0023969135332384717 0.9999971262440761 -0.29961511597924 -0.9999999977019134 -0.00004793836251091881 -0.00004793836256589609 37.00671137075166 0 0 0 1 0.00004782332063778632 -0.9999971262495844 0.0023969158313184714 67.49964171829649 -0.0000480531290230205 0.0023969135332384717 0.9999971262440761 -1.4008841227083664 -0.9999999977019134 -0.00004793836251091881 -0.00004793836256589609 37.00671137075167 0 0 0 1 0.00004793836256601826 -0.9999999988509566 -4.826125313346229e-18 22.49968605221886 -0.000047938362510796644 -2.298086605503612e-9 0.9999999988509567 0.008468729012002334 -0.9999999977019135 -0.00004793836251091881 -0.000047938362565896096 37.00671137075167 0 0 0 1 -0.00004793606436910788 -0.00004794066059752197 0.9999999977019134 -39.991171702366906 -0.00004794066059753787 0.9999999977018031 0.00004793836251092393 -7.501603172127032 -0.9999999977019135 -0.00004793836251091881 -0.0000479383625658961 35.13171232442598 0 0 0 1 0.000047818713241344304 -0.999996891845205 0.0024927922697969397 124.99961051507236 -0.00004805771394552241 0.002492789971717479 0.9999968918394764 -0.31159775878161794 -0.9999999977019135 -0.00004793836251091882 -0.00004793836256589611 -36.993288629248326 0 0 0 1 0.000047823320637786314 -0.9999971262495845 0.002396915831318472 67.4996982663124 -0.00004805312902302051 0.0023969135332384717 0.9999971262440762 -1.3894651377945462 -0.9999999977019134 -0.000047938362510918806 -0.0000479383625658961 -36.99328762924834 0 0 0 1 0.00004793836256601825 -0.9999999988509567 -4.392444444352028e-18 22.499672397940877 -0.00004793836251079665 -2.2980866059372924e-9 0.9999999988509568 0.00751876100357246 -0.9999999977019135 -0.000047938362510918806 -0.00004793836256589611 -36.99328662924834 0 0 0 1 -0.000047936064369107886 -0.00004794066059752241 0.9999999977019135 -39.9921216710288 -0.000047940660597537865 0.9999999977018033 0.0000479383625109235 -7.501589563388977 -0.9999999977019135 -0.000047938362510918806 -0.000047938362565896116 -35.11828758292266 0 0 0 1 -0.000058713617795048536 0.965915484345868 0.25885763201729006 -170.51237327745616 -0.00003389519569432086 -0.2588576342370475 0.9659154849407453 37.651065971063886 0.9999999977019135 0.00004793836251091912 0.000047938362566018563 -0.006710370751668949 0 0 0 1 -0.00006370548882742022 0.42257722554517396 0.9063269191589503 -129.44816341383935 0.000023190168153741 -0.9063269201300692 0.42257722762799177 229.209894998565 0.9999999977019134 0.00004793836251091912 0.000047938362566018563 -0.006711370751666424 0 0 0 1 -0.00004793606436923036 -0.000047940660597482686 0.9999999977019136 -34.81191714682002 0.00004794066059753818 -0.9999999977018035 -0.00004793836251077582 270.14270264601845 0.9999999977019134 0.00004793836251091912 0.00004793836256601857 -0.006711370751666424 0 0 0 1 -0.00004793606436923036 -0.000047940660597482686 0.9999999977019136 -34.81191714682002 0.00004794066059753818 -0.9999999977018035 -0.00004793836251077582 270.14270264601845 0.9999999977019134 0.00004793836251091912 0.00004793836256601857 -0.006711370751666424 0 0 0 1 -0.00006779508197298451 0.7070220298179067 0.7071915191488048 -257.6505723683458 8.125002052705607e-9 -0.7071915207736028 0.7070220314430941 187.92557142714367 0.9999999977019134 0.000047938362510919124 0.00004793836256601857 -0.006714370751772538 0 0 0 1 0.9999999937382356 0.00009424276915255065 0.00006034757352756114 -42.088198092327026 -0.00006033853753039688 -0.00009587990486030716 0.9999999935831527 -5.030414436130113 0.00009424855466745052 -0.9999999909626723 -0.00009587421778905237 232.32624308908066 0 0 0 1 0.9999904261750173 0.0000938282239882645 0.004374786231528593 -91.31202091131395 0.004374777196284624 0.00009628561718526283 -0.9999904259809506 -8.205960667471855 -0.00009424855466744996 0.9999999909626722 0.00009587421778892991 -233.1288890703924 0 0 0 1 0.9999857721696648 0.00009373586538076876 0.005333542146341052 -162.28766922620122 0.005333533111287301 0.00009637553234538999 -0.9999857719669354 -9.315062013702452 -0.00009424855466744996 0.9999999909626722 0.00009587421778892991 -233.12877007039577 0 0 0 1 0.9999999937382356 0.00009424276915255062 0.00006034757352756202 -237.22348335051322 -0.00009424566202846592 0.9999999944099547 0.000047935855420453135 -233.12910166890552 -0.00006034305558245018 -0.00004794154261732291 0.9999999970301623 7.057617663067584 0 0 0 1 0.9999999937382356 0.00009424276915255062 0.00006034757352756202 -237.22348335051322 -0.00009424566202846592 0.9999999944099547 0.000047935855420453135 -233.12910166890552 -0.00006034305558245018 -0.00004794154261732291 0.9999999970301623 7.057617663067584 0 0 0 1 -0.9999999993675048 -0.0000016339557591210803 -0.000035529151494309486 -41.640237556599395 -0.00003552899466944897 -0.00009587871553144504 0.9999999947724816 -5.0304209800884125 -0.000001637362239988157 0.9999999954023013 0.00009587865741798285 -232.32626751693024 0 0 0 1 -0.9999999993675048 -0.0000016339557591210805 -0.00003552915149430949 -91.53920529951932 0.00003552899466944897 0.0000958787155315675 -0.9999999947724816 -7.811917581923337 0.0000016373622399881615 -0.9999999954023013 -0.00009587865741810531 233.12891349824204 0 0 0 1 -0.9999999993675048 -0.0000016339557591210805 -0.00003552915149430949 -162.52370999922638 0.00003552899466944897 0.0000958787155315675 -0.9999999947724816 -8.620698609717222 0.0000016373622399881615 -0.9999999954023013 -0.00009587865741810531 233.1308134982741 0 0 0 1 -0.9999999993675048 -0.0000016339557591210803 -0.000035529151494309486 -237.41895078291776 -0.0000016356590362786915 0.9999999988495266 0.000047940294992532895 -233.13150534563925 0.00003552907312108933 0.000047940353075802494 -0.9999999982197041 -7.3548506250633725 0 0 0 1 -0.9999999993675048 -0.0000016339557591210803 -0.000035529151494309486 -237.41895078291776 -0.0000016356590362786915 0.9999999988495266 0.000047940294992532895 -233.13150534563925 0.00003552907312108933 0.000047940353075802494 -0.9999999982197041 -7.3548506250633725 0 0 0 1 -0.00006497993935398544 0.47609605501609975 0.8793932807201308 -142.93448219390152 0.000019333408579237113 -0.8793932818142407 0.4760960570370218 173.42021039154895 0.9999999977019134 0.00004793836251091911 0.000047938362566018563 -0.006711370751666424 0 0 0 1 0.00004609846769127282 -0.9992902085644959 0.03767063766460643 171.2799142706723 0.00004971020501120493 -0.037670635368150955 -0.9992902084779256 69.1570749074872 0.9999999977019134 0.00004793836251091911 0.000047938362566018563 -0.006710370751668949 0 0 0 1 0.00005095541360545738 -0.9978817226805179 -0.06505432302090859 147.02613604652703 0.00004471821809996589 0.06505432531412722 -0.9978817228300183 55.23939033760153 0.9999999977019135 0.00004793836251091912 0.00004793836256601857 -0.00671037075166895 0 0 0 1 0.000048222476669046967 -0.999982331199505 -0.0059443219459814406 116.86617214785487 -0.0000476525544921875 -0.005944324244027465 0.9999823312131657 -61.46379175371459 -0.9999999977019137 -0.00004793836251091985 -0.00004793836256589611 0.006710370751661424 0 0 0 1</float_array>
                    <technique_common>
                        <accessor source="#MatArr0" count="35" stride="16">
                            <param type="float4x4" />
                        </accessor>
                    </technique_common>
                </source>
                <source id="weights0">
                    <float_array id="WeightArr0" count="10">1 0.75 0.25 0.5 0.15000000596046448 0.8500000238418579 0.4000000059604645 0.6000000238418579 0.20000000298023224 0.800000011920929</float_array>
                    <technique_common>
                        <accessor source="#WeightArr0" count="1">
                            <param type="float" />
                        </accessor>
                    </technique_common>
                </source>
                <joints>
                    <input semantic="JOINT" source="#joints0" />
                    <input semantic="INV_BIND_MATRIX" source="#matrices0" />
                </joints>
                <vertex_weights count="175">
                    <input semantic="JOINT" offset="0" source="#joints0" />
                    <input semantic="WEIGHT" offset="1" source="#weights0" />
                    <vcount>1 1 1 1 1 1 1 1 1 1 1 1 1 1 1 1 1 1 1 1 1 1 1 1 1 1 1 1 1 1 1 1 1 1 1 1 1 1 1 1 1 1 1 1 1 1 1 1 1 1 1 1 1 1 1 1 1 1 1 1 1 1 1 1 1 1 1 1 1 1 1 1 1 1 1 1 1 1 1 1 1 1 1 1 1 1 1 1 1 1 1 1 1 1 1 1 1 1 1 1 1 1 1 1 1 1 1 1 1 1 1 1 1 1 1 1 1 1 1 1 1 1 1 1 1 1 1 1 1 1 1 1 1 1 1 1 1 1 1 1 1 1 1 1 1 1 1 1 1 1 1 1 1 1 1 1 1 1 1 1 1 1 1 1 1 1 1 1 1 1 1 1 1 1 1</vcount>
                    <v>25 0 25 0 25 0 25 0 25 0 25 0 25 0 25 0 25 0 25 0 25 0 25 0 25 0 25 0 25 0 25 0 25 0 25 0 25 0 25 0 25 0 25 0 25 0 25 0 25 0 25 0 25 0 25 0 25 0 25 0 25 0 25 0 25 0 25 0 25 0 25 0 25 0 25 0 25 0 25 0 25 0 25 0 25 0 25 0 25 0 25 0 25 0 25 0 25 0 25 0 25 0 25 0 25 0 25 0 25 0 25 0 25 0 25 0 25 0 25 0 25 0 25 0 25 0 25 0 25 0 25 0 25 0 25 0 25 0 25 0 25 0 25 0 25 0 25 0 25 0 25 0 25 0 25 0 25 0 25 0 25 0 25 0 25 0 25 0 25 0 25 0 25 0 25 0 25 0 25 0 25 0 25 0 25 0 25 0 25 0 25 0 25 0 25 0 25 0 25 0 25 0 25 0 25 0 25 0 25 0 25 0 25 0 25 0 25 0 25 0 25 0 25 0 25 0 25 0 25 0 25 0 25 0 25 0 25 0 25 0 25 0 25 0 25 0 25 0 25 0 25 0 25 0 25 0 25 0 25 0 25 0 25 0 25 0 25 0 25 0 25 0 25 0 25 0 25 0 25 0 25 0 25 0 25 0 25 0 25 0 25 0 25 0 25 0 25 0 25 0 25 0 25 0 25 0 25 0 25 0 25 0 25 0 25 0 25 0 25 0 25 0 25 0 25 0 25 0 25 0 25 0 25 0 25 0 25 0 25 0 25 0 25 0 25 0 25 0 25 0</v>
                </vertex_weights>
            </skin>
        </controller>
        <controller id="controller1">
            <skin source="#mesh1">
                <bind_shape_matrix>1 0 0 0 0 1 0 0 0 0 1 0 0 0 0 1</bind_shape_matrix>
                <source id="joints1">
                    <Name_array id="JointArr1" count="35">jointnode-1 jointnode0 jointnode1 jointnode2 jointnode3 jointnode4 jointnode5 jointnode6 jointnode7 jointnode8 jointnode9 jointnode10 jointnode11 jointnode12 jointnode13 jointnode14 jointnode15 jointnode16 jointnode17 jointnode18 jointnode19 jointnode20 jointnode21 jointnode22 jointnode23 jointnode24 jointnode25 jointnode26 jointnode27 jointnode28 jointnode29 jointnode30 jointnode31 jointnode32 jointnode33</Name_array>
                    <technique_common>
                        <accessor source="#JointArr1" count="35">
                            <param name="JOINT" type="Name" />
                        </accessor>
                    </technique_common>
                </source>
                <source id="matrices1">
                    <float_array id="MatArr1" count="560">1 0 0 0 0 1 0 0 0 0 1 0 0 0 0 1 1 0 0 0 0 1 0 0 0 0 1 0 0 0 0 1 1 0 0 0 0 1 0 -125.14652252197266 0 0 1 0 0 0 0 1 1 0 0 0 0 1 0 0 0 0 1 -100 0 0 0 1 1 0 0 -100 0 1 0 0 0 0 1 0 0 0 0 1 1 0 0 100 0 1 0 0 0 0 1 0 0 0 0 1 1 0 0 0 0 1 0 -93 0 0 1 0 0 0 0 1 0.00004793836256601856 -0.9999999988509567 -4.386559881474326e-18 137.49999984200656 0.00004793836251091911 2.2980866055094973e-9 -0.9999999988509567 2.499999681140483 0.9999999977019134 0.00004793836251091911 0.00004793836256601856 -0.006711370751666425 0 0 0 1 0.00004782332063778632 -0.9999971262495844 0.0023969158313184714 124.99964171829647 -0.0000480531290230205 0.0023969135332384717 0.9999971262440761 -0.29961511597924 -0.9999999977019134 -0.00004793836251091881 -0.00004793836256589609 37.00671137075166 0 0 0 1 0.00004782332063778632 -0.9999971262495844 0.0023969158313184714 67.49964171829649 -0.0000480531290230205 0.0023969135332384717 0.9999971262440761 -1.4008841227083664 -0.9999999977019134 -0.00004793836251091881 -0.00004793836256589609 37.00671137075167 0 0 0 1 0.00004793836256601826 -0.9999999988509566 -4.826125313346229e-18 22.49968605221886 -0.000047938362510796644 -2.298086605503612e-9 0.9999999988509567 0.008468729012002334 -0.9999999977019135 -0.00004793836251091881 -0.000047938362565896096 37.00671137075167 0 0 0 1 -0.00004793606436910788 -0.00004794066059752197 0.9999999977019134 -39.991171702366906 -0.00004794066059753787 0.9999999977018031 0.00004793836251092393 -7.501603172127032 -0.9999999977019135 -0.00004793836251091881 -0.0000479383625658961 35.13171232442598 0 0 0 1 0.000047818713241344304 -0.999996891845205 0.0024927922697969397 124.99961051507236 -0.00004805771394552241 0.002492789971717479 0.9999968918394764 -0.31159775878161794 -0.9999999977019135 -0.00004793836251091882 -0.00004793836256589611 -36.993288629248326 0 0 0 1 0.000047823320637786314 -0.9999971262495845 0.002396915831318472 67.4996982663124 -0.00004805312902302051 0.0023969135332384717 0.9999971262440762 -1.3894651377945462 -0.9999999977019134 -0.000047938362510918806 -0.0000479383625658961 -36.99328762924834 0 0 0 1 0.00004793836256601825 -0.9999999988509567 -4.392444444352028e-18 22.499672397940877 -0.00004793836251079665 -2.2980866059372924e-9 0.9999999988509568 0.00751876100357246 -0.9999999977019135 -0.000047938362510918806 -0.00004793836256589611 -36.99328662924834 0 0 0 1 -0.000047936064369107886 -0.00004794066059752241 0.9999999977019135 -39.9921216710288 -0.000047940660597537865 0.9999999977018033 0.0000479383625109235 -7.501589563388977 -0.9999999977019135 -0.000047938362510918806 -0.000047938362565896116 -35.11828758292266 0 0 0 1 -0.000058713617795048536 0.965915484345868 0.25885763201729006 -170.51237327745616 -0.00003389519569432086 -0.2588576342370475 0.9659154849407453 37.651065971063886 0.9999999977019135 0.00004793836251091912 0.000047938362566018563 -0.006710370751668949 0 0 0 1 -0.00006370548882742022 0.42257722554517396 0.9063269191589503 -129.44816341383935 0.000023190168153741 -0.9063269201300692 0.42257722762799177 229.209894998565 0.9999999977019134 0.00004793836251091912 0.000047938362566018563 -0.006711370751666424 0 0 0 1 -0.00004793606436923036 -0.000047940660597482686 0.9999999977019136 -34.81191714682002 0.00004794066059753818 -0.9999999977018035 -0.00004793836251077582 270.14270264601845 0.9999999977019134 0.00004793836251091912 0.00004793836256601857 -0.006711370751666424 0 0 0 1 -0.00004793606436923036 -0.000047940660597482686 0.9999999977019136 -34.81191714682002 0.00004794066059753818 -0.9999999977018035 -0.00004793836251077582 270.14270264601845 0.9999999977019134 0.00004793836251091912 0.00004793836256601857 -0.006711370751666424 0 0 0 1 -0.00006779508197298451 0.7070220298179067 0.7071915191488048 -257.6505723683458 8.125002052705607e-9 -0.7071915207736028 0.7070220314430941 187.92557142714367 0.9999999977019134 0.000047938362510919124 0.00004793836256601857 -0.006714370751772538 0 0 0 1 0.9999999937382356 0.00009424276915255065 0.00006034757352756114 -42.088198092327026 -0.00006033853753039688 -0.00009587990486030716 0.9999999935831527 -5.030414436130113 0.00009424855466745052 -0.9999999909626723 -0.00009587421778905237 232.32624308908066 0 0 0 1 0.9999904261750173 0.0000938282239882645 0.004374786231528593 -91.31202091131395 0.004374777196284624 0.00009628561718526283 -0.9999904259809506 -8.205960667471855 -0.00009424855466744996 0.9999999909626722 0.00009587421778892991 -233.1288890703924 0 0 0 1 0.9999857721696648 0.00009373586538076876 0.005333542146341052 -162.28766922620122 0.005333533111287301 0.00009637553234538999 -0.9999857719669354 -9.315062013702452 -0.00009424855466744996 0.9999999909626722 0.00009587421778892991 -233.12877007039577 0 0 0 1 0.9999999937382356 0.00009424276915255062 0.00006034757352756202 -237.22348335051322 -0.00009424566202846592 0.9999999944099547 0.000047935855420453135 -233.12910166890552 -0.00006034305558245018 -0.00004794154261732291 0.9999999970301623 7.057617663067584 0 0 0 1 0.9999999937382356 0.00009424276915255062 0.00006034757352756202 -237.22348335051322 -0.00009424566202846592 0.9999999944099547 0.000047935855420453135 -233.12910166890552 -0.00006034305558245018 -0.00004794154261732291 0.9999999970301623 7.057617663067584 0 0 0 1 -0.9999999993675048 -0.0000016339557591210803 -0.000035529151494309486 -41.640237556599395 -0.00003552899466944897 -0.00009587871553144504 0.9999999947724816 -5.0304209800884125 -0.000001637362239988157 0.9999999954023013 0.00009587865741798285 -232.32626751693024 0 0 0 1 -0.9999999993675048 -0.0000016339557591210805 -0.00003552915149430949 -91.53920529951932 0.00003552899466944897 0.0000958787155315675 -0.9999999947724816 -7.811917581923337 0.0000016373622399881615 -0.9999999954023013 -0.00009587865741810531 233.12891349824204 0 0 0 1 -0.9999999993675048 -0.0000016339557591210805 -0.00003552915149430949 -162.52370999922638 0.00003552899466944897 0.0000958787155315675 -0.9999999947724816 -8.620698609717222 0.0000016373622399881615 -0.9999999954023013 -0.00009587865741810531 233.1308134982741 0 0 0 1 -0.9999999993675048 -0.0000016339557591210803 -0.000035529151494309486 -237.41895078291776 -0.0000016356590362786915 0.9999999988495266 0.000047940294992532895 -233.13150534563925 0.00003552907312108933 0.000047940353075802494 -0.9999999982197041 -7.3548506250633725 0 0 0 1 -0.9999999993675048 -0.0000016339557591210803 -0.000035529151494309486 -237.41895078291776 -0.0000016356590362786915 0.9999999988495266 0.000047940294992532895 -233.13150534563925 0.00003552907312108933 0.000047940353075802494 -0.9999999982197041 -7.3548506250633725 0 0 0 1 -0.00006497993935398544 0.47609605501609975 0.8793932807201308 -142.93448219390152 0.000019333408579237113 -0.8793932818142407 0.4760960570370218 173.42021039154895 0.9999999977019134 0.00004793836251091911 0.000047938362566018563 -0.006711370751666424 0 0 0 1 0.00004609846769127282 -0.9992902085644959 0.03767063766460643 171.2799142706723 0.00004971020501120493 -0.037670635368150955 -0.9992902084779256 69.1570749074872 0.9999999977019134 0.00004793836251091911 0.000047938362566018563 -0.006710370751668949 0 0 0 1 0.00005095541360545738 -0.9978817226805179 -0.06505432302090859 147.02613604652703 0.00004471821809996589 0.06505432531412722 -0.9978817228300183 55.23939033760153 0.9999999977019135 0.00004793836251091912 0.00004793836256601857 -0.00671037075166895 0 0 0 1 0.000048222476669046967 -0.999982331199505 -0.0059443219459814406 116.86617214785487 -0.0000476525544921875 -0.005944324244027465 0.9999823312131657 -61.46379175371459 -0.9999999977019137 -0.00004793836251091985 -0.00004793836256589611 0.006710370751661424 0 0 0 1</float_array>
                    <technique_common>
                        <accessor source="#MatArr1" count="35" stride="16">
                            <param type="float4x4" />
                        </accessor>
                    </technique_common>
                </source>
                <source id="weights1">
                    <float_array id="WeightArr1" count="10">1 0.75 0.25 0.5 0.15000000596046448 0.8500000238418579 0.4000000059604645 0.6000000238418579 0.20000000298023224 0.800000011920929</float_array>
                    <technique_common>
                        <accessor source="#WeightArr1" count="1">
                            <param type="float" />
                        </accessor>
                    </technique_common>
                </source>
                <joints>
                    <input semantic="JOINT" source="#joints1" />
                    <input semantic="INV_BIND_MATRIX" source="#matrices1" />
                </joints>
                <vertex_weights count="175">
                    <input semantic="JOINT" offset="0" source="#joints1" />
                    <input semantic="WEIGHT" offset="1" source="#weights1" />
                    <vcount>1 1 1 1 1 1 1 1 1 1 1 1 1 1 1 1 1 1 1 1 1 1 1 1 1 1 1 1 1 1 1 1 1 1 1 1 1 1 1 1 1 1 1 1 1 1 1 1 1 1 1 1 1 1 1 1 1 1 1 1 1 1 1 1 1 1 1 1 1 1 1 1 1 1 1 1 1 1 1 1 1 1 1 1 1 1 1 1 1 1 1 1 1 1 1 1 1 1 1 1 1 1 1 1 1 1 1 1 1 1 1 1 1 1 1 1 1 1 1 1 1 1 1 1 1 1 1 1 1 1 1 1 1 1 1 1 1 1 1 1 1 1 1 1 1 1 1 1 1 1 1 1 1 1 1 1 1 1 1 1 1 1 1 1 1 1 1 1 1 1 1 1 1 1 1</vcount>
                    <v>30 0 30 0 30 0 30 0 30 0 30 0 30 0 30 0 30 0 30 0 30 0 30 0 30 0 30 0 30 0 30 0 30 0 30 0 30 0 30 0 30 0 30 0 30 0 30 0 30 0 30 0 30 0 30 0 30 0 30 0 30 0 30 0 30 0 30 0 30 0 30 0 30 0 30 0 30 0 30 0 30 0 30 0 30 0 30 0 30 0 30 0 30 0 30 0 30 0 30 0 30 0 30 0 30 0 30 0 30 0 30 0 30 0 30 0 30 0 30 0 30 0 30 0 30 0 30 0 30 0 30 0 30 0 30 0 30 0 30 0 30 0 30 0 30 0 30 0 30 0 30 0 30 0 30 0 30 0 30 0 30 0 30 0 30 0 30 0 30 0 30 0 30 0 30 0 30 0 30 0 30 0 30 0 30 0 30 0 30 0 30 0 30 0 30 0 30 0 30 0 30 0 30 0 30 0 30 0 30 0 30 0 30 0 30 0 30 0 30 0 30 0 30 0 30 0 30 0 30 0 30 0 30 0 30 0 30 0 30 0 30 0 30 0 30 0 30 0 30 0 30 0 30 0 30 0 30 0 30 0 30 0 30 0 30 0 30 0 30 0 30 0 30 0 30 0 30 0 30 0 30 0 30 0 30 0 30 0 30 0 30 0 30 0 30 0 30 0 30 0 30 0 30 0 30 0 30 0 30 0 30 0 30 0 30 0 30 0 30 0 30 0 30 0 30 0 30 0 30 0 30 0 30 0 30 0 30 0 30 0 30 0 30 0 30 0 30 0 30 0</v>
                </vertex_weights>
            </skin>
        </controller>
        <controller id="controller2">
            <skin source="#mesh2">
                <bind_shape_matrix>1 0 0 0 0 1 0 0 0 0 1 0 0 0 0 1</bind_shape_matrix>
                <source id="joints2">
                    <Name_array id="JointArr2" count="35">jointnode-1 jointnode0 jointnode1 jointnode2 jointnode3 jointnode4 jointnode5 jointnode6 jointnode7 jointnode8 jointnode9 jointnode10 jointnode11 jointnode12 jointnode13 jointnode14 jointnode15 jointnode16 jointnode17 jointnode18 jointnode19 jointnode20 jointnode21 jointnode22 jointnode23 jointnode24 jointnode25 jointnode26 jointnode27 jointnode28 jointnode29 jointnode30 jointnode31 jointnode32 jointnode33</Name_array>
                    <technique_common>
                        <accessor source="#JointArr2" count="35">
                            <param name="JOINT" type="Name" />
                        </accessor>
                    </technique_common>
                </source>
                <source id="matrices2">
                    <float_array id="MatArr2" count="560">1 0 0 0 0 1 0 0 0 0 1 0 0 0 0 1 1 0 0 0 0 1 0 0 0 0 1 0 0 0 0 1 1 0 0 0 0 1 0 -125.14652252197266 0 0 1 0 0 0 0 1 1 0 0 0 0 1 0 0 0 0 1 -100 0 0 0 1 1 0 0 -100 0 1 0 0 0 0 1 0 0 0 0 1 1 0 0 100 0 1 0 0 0 0 1 0 0 0 0 1 1 0 0 0 0 1 0 -93 0 0 1 0 0 0 0 1 0.00004793836256601856 -0.9999999988509567 -4.386559881474326e-18 137.49999984200656 0.00004793836251091911 2.2980866055094973e-9 -0.9999999988509567 2.499999681140483 0.9999999977019134 0.00004793836251091911 0.00004793836256601856 -0.006711370751666425 0 0 0 1 0.00004782332063778632 -0.9999971262495844 0.0023969158313184714 124.99964171829647 -0.0000480531290230205 0.0023969135332384717 0.9999971262440761 -0.29961511597924 -0.9999999977019134 -0.00004793836251091881 -0.00004793836256589609 37.00671137075166 0 0 0 1 0.00004782332063778632 -0.9999971262495844 0.0023969158313184714 67.49964171829649 -0.0000480531290230205 0.0023969135332384717 0.9999971262440761 -1.4008841227083664 -0.9999999977019134 -0.00004793836251091881 -0.00004793836256589609 37.00671137075167 0 0 0 1 0.00004793836256601826 -0.9999999988509566 -4.826125313346229e-18 22.49968605221886 -0.000047938362510796644 -2.298086605503612e-9 0.9999999988509567 0.008468729012002334 -0.9999999977019135 -0.00004793836251091881 -0.000047938362565896096 37.00671137075167 0 0 0 1 -0.00004793606436910788 -0.00004794066059752197 0.9999999977019134 -39.991171702366906 -0.00004794066059753787 0.9999999977018031 0.00004793836251092393 -7.501603172127032 -0.9999999977019135 -0.00004793836251091881 -0.0000479383625658961 35.13171232442598 0 0 0 1 0.000047818713241344304 -0.999996891845205 0.0024927922697969397 124.99961051507236 -0.00004805771394552241 0.002492789971717479 0.9999968918394764 -0.31159775878161794 -0.9999999977019135 -0.00004793836251091882 -0.00004793836256589611 -36.993288629248326 0 0 0 1 0.000047823320637786314 -0.9999971262495845 0.002396915831318472 67.4996982663124 -0.00004805312902302051 0.0023969135332384717 0.9999971262440762 -1.3894651377945462 -0.9999999977019134 -0.000047938362510918806 -0.0000479383625658961 -36.99328762924834 0 0 0 1 0.00004793836256601825 -0.9999999988509567 -4.392444444352028e-18 22.499672397940877 -0.00004793836251079665 -2.2980866059372924e-9 0.9999999988509568 0.00751876100357246 -0.9999999977019135 -0.000047938362510918806 -0.00004793836256589611 -36.99328662924834 0 0 0 1 -0.000047936064369107886 -0.00004794066059752241 0.9999999977019135 -39.9921216710288 -0.000047940660597537865 0.9999999977018033 0.0000479383625109235 -7.501589563388977 -0.9999999977019135 -0.000047938362510918806 -0.000047938362565896116 -35.11828758292266 0 0 0 1 -0.000058713617795048536 0.965915484345868 0.25885763201729006 -170.51237327745616 -0.00003389519569432086 -0.2588576342370475 0.9659154849407453 37.651065971063886 0.9999999977019135 0.00004793836251091912 0.000047938362566018563 -0.006710370751668949 0 0 0 1 -0.00006370548882742022 0.42257722554517396 0.9063269191589503 -129.44816341383935 0.000023190168153741 -0.9063269201300692 0.42257722762799177 229.209894998565 0.9999999977019134 0.00004793836251091912 0.000047938362566018563 -0.006711370751666424 0 0 0 1 -0.00004793606436923036 -0.000047940660597482686 0.9999999977019136 -34.81191714682002 0.00004794066059753818 -0.9999999977018035 -0.00004793836251077582 270.14270264601845 0.9999999977019134 0.00004793836251091912 0.00004793836256601857 -0.006711370751666424 0 0 0 1 -0.00004793606436923036 -0.000047940660597482686 0.9999999977019136 -34.81191714682002 0.00004794066059753818 -0.9999999977018035 -0.00004793836251077582 270.14270264601845 0.9999999977019134 0.00004793836251091912 0.00004793836256601857 -0.006711370751666424 0 0 0 1 -0.00006779508197298451 0.7070220298179067 0.7071915191488048 -257.6505723683458 8.125002052705607e-9 -0.7071915207736028 0.7070220314430941 187.92557142714367 0.9999999977019134 0.000047938362510919124 0.00004793836256601857 -0.006714370751772538 0 0 0 1 0.9999999937382356 0.00009424276915255065 0.00006034757352756114 -42.088198092327026 -0.00006033853753039688 -0.00009587990486030716 0.9999999935831527 -5.030414436130113 0.00009424855466745052 -0.9999999909626723 -0.00009587421778905237 232.32624308908066 0 0 0 1 0.9999904261750173 0.0000938282239882645 0.004374786231528593 -91.31202091131395 0.004374777196284624 0.00009628561718526283 -0.9999904259809506 -8.205960667471855 -0.00009424855466744996 0.9999999909626722 0.00009587421778892991 -233.1288890703924 0 0 0 1 0.9999857721696648 0.00009373586538076876 0.005333542146341052 -162.28766922620122 0.005333533111287301 0.00009637553234538999 -0.9999857719669354 -9.315062013702452 -0.00009424855466744996 0.9999999909626722 0.00009587421778892991 -233.12877007039577 0 0 0 1 0.9999999937382356 0.00009424276915255062 0.00006034757352756202 -237.22348335051322 -0.00009424566202846592 0.9999999944099547 0.000047935855420453135 -233.12910166890552 -0.00006034305558245018 -0.00004794154261732291 0.9999999970301623 7.057617663067584 0 0 0 1 0.9999999937382356 0.00009424276915255062 0.00006034757352756202 -237.22348335051322 -0.00009424566202846592 0.9999999944099547 0.000047935855420453135 -233.12910166890552 -0.00006034305558245018 -0.00004794154261732291 0.9999999970301623 7.057617663067584 0 0 0 1 -0.9999999993675048 -0.0000016339557591210803 -0.000035529151494309486 -41.640237556599395 -0.00003552899466944897 -0.00009587871553144504 0.9999999947724816 -5.0304209800884125 -0.000001637362239988157 0.9999999954023013 0.00009587865741798285 -232.32626751693024 0 0 0 1 -0.9999999993675048 -0.0000016339557591210805 -0.00003552915149430949 -91.53920529951932 0.00003552899466944897 0.0000958787155315675 -0.9999999947724816 -7.811917581923337 0.0000016373622399881615 -0.9999999954023013 -0.00009587865741810531 233.12891349824204 0 0 0 1 -0.9999999993675048 -0.0000016339557591210805 -0.00003552915149430949 -162.52370999922638 0.00003552899466944897 0.0000958787155315675 -0.9999999947724816 -8.620698609717222 0.0000016373622399881615 -0.9999999954023013 -0.00009587865741810531 233.1308134982741 0 0 0 1 -0.9999999993675048 -0.0000016339557591210803 -0.000035529151494309486 -237.41895078291776 -0.0000016356590362786915 0.9999999988495266 0.000047940294992532895 -233.13150534563925 0.00003552907312108933 0.000047940353075802494 -0.9999999982197041 -7.3548506250633725 0 0 0 1 -0.9999999993675048 -0.0000016339557591210803 -0.000035529151494309486 -237.41895078291776 -0.0000016356590362786915 0.9999999988495266 0.000047940294992532895 -233.13150534563925 0.00003552907312108933 0.000047940353075802494 -0.9999999982197041 -7.3548506250633725 0 0 0 1 -0.00006497993935398544 0.47609605501609975 0.8793932807201308 -142.93448219390152 0.000019333408579237113 -0.8793932818142407 0.4760960570370218 173.42021039154895 0.9999999977019134 0.00004793836251091911 0.000047938362566018563 -0.006711370751666424 0 0 0 1 0.00004609846769127282 -0.9992902085644959 0.03767063766460643 171.2799142706723 0.00004971020501120493 -0.037670635368150955 -0.9992902084779256 69.1570749074872 0.9999999977019134 0.00004793836251091911 0.000047938362566018563 -0.006710370751668949 0 0 0 1 0.00005095541360545738 -0.9978817226805179 -0.06505432302090859 147.02613604652703 0.00004471821809996589 0.06505432531412722 -0.9978817228300183 55.23939033760153 0.9999999977019135 0.00004793836251091912 0.00004793836256601857 -0.00671037075166895 0 0 0 1 0.000048222476669046967 -0.999982331199505 -0.0059443219459814406 116.86617214785487 -0.0000476525544921875 -0.005944324244027465 0.9999823312131657 -61.46379175371459 -0.9999999977019137 -0.00004793836251091985 -0.00004793836256589611 0.006710370751661424 0 0 0 1</float_array>
                    <technique_common>
                        <accessor source="#MatArr2" count="35" stride="16">
                            <param type="float4x4" />
                        </accessor>
                    </technique_common>
                </source>
                <source id="weights2">
                    <float_array id="WeightArr2" count="10">1 0.75 0.25 0.5 0.15000000596046448 0.8500000238418579 0.4000000059604645 0.6000000238418579 0.20000000298023224 0.800000011920929</float_array>
                    <technique_common>
                        <accessor source="#WeightArr2" count="1">
                            <param type="float" />
                        </accessor>
                    </technique_common>
                </source>
                <joints>
                    <input semantic="JOINT" source="#joints2" />
                    <input semantic="INV_BIND_MATRIX" source="#matrices2" />
                </joints>
                <vertex_weights count="743">
                    <input semantic="JOINT" offset="0" source="#joints2" />
                    <input semantic="WEIGHT" offset="1" source="#weights2" />
                    <vcount>2 2 2 2 2 2 2 2 1 2 1 2 2 2 2 1 1 2 2 2 1 2 2 2 2 1 1 1 1 2 1 1 1 2 2 2 2 2 2 2 2 1 2 2 2 2 2 1 1 2 2 1 1 2 1 1 1 1 1 2 2 1 1 1 1 2 1 2 1 1 1 1 1 1 1 1 1 1 1 1 1 1 1 1 1 2 2 2 2 2 2 1 2 2 1 1 2 1 2 1 2 2 2 2 2 2 2 2 2 2 1 1 1 1 1 1 1 2 2 1 1 1 1 1 2 2 2 2 2 2 2 1 1 1 1 1 2 2 2 1 1 1 2 1 2 2 2 1 1 1 1 2 2 2 1 1 1 1 1 1 2 2 2 2 2 2 1 1 1 1 1 1 1 2 2 2 1 1 1 1 1 1 2 2 2 2 2 2 2 2 2 2 2 2 2 2 2 1 2 2 1 2 1 1 1 1 1 1 1 1 1 2 2 2 2 2 2 2 2 2 2 2 2 2 2 2 2 2 2 1 2 2 2 2 2 2 2 2 2 2 2 2 2 1 2 2 2 2 2 2 2 2 2 2 1 2 1 1 2 2 1 1 1 2 1 1 1 1 2 1 2 2 2 1 1 2 2 2 2 2 1 2 1 2 2 2 2 2 1 2 2 2 2 2 2 2 2 2 2 2 2 1 1 2 1 1 2 2 2 2 2 2 2 1 1 2 1 2 1 2 1 1 1 1 2 2 2 2 2 2 2 2 2 1 2 1 2 1 1 2 2 1 1 1 2 2 2 1 1 1 1 1 1 1 2 1 2 1 1 1 1 1 1 1 1 1 1 1 1 1 1 1 1 2 2 1 1 1 1 1 1 1 1 1 1 2 2 2 2 2 1 2 1 2 1 2 1 1 2 2 2 1 1 1 1 2 1 1 1 2 1 1 1 1 1 2 1 1 1 1 1 2 1 1 1 1 1 1 1 1 2 1 1 1 1 1 2 1 1 2 2 2 1 1 1 1 1 1 1 1 2 1 1 1 1 1 1 1 2 1 2 1 2 1 2 2 2 2 2 2 2 2 2 1 2 2 1 1 1 2 1 2 1 2 1 1 2 2 1 2 1 1 1 2 1 1 1 1 1 1 1 1 1 1 1 1 1 1 1 1 2 1 1 2 2 1 1 1 2 2 1 1 1 1 1 1 1 1 1 1 1 1 1 1 1 1 1 1 1 1 1 2 2 2 1 1 1 1 1 1 1 1 1 1 1 1 1 1 1 1 1 1 1 1 1 1 1 1 1 1 1 1 1 1 1 1 1 1 1 1 1 1 1 1 1 1 1 1 1 1 1 1 1 1 1 1 1 1 1 1 1 1 1 1 1 1 1 1 1 1 1 1 1 1 1 1 1 2 2 2 2 2 2 1 1 1 1 1 1 1 1 1 1 1 1 1 1 1 1 1 1 1 1 1 1 1 1 1 1 1 1 1 1 1 1 1 1 2 1 1 1 1 2 2 1 1 1 2 2 1 1 1 1 2 1 1 1 1 1 1 1 1 1 1 1 1 1 1 1 1 1 1 1 1 1 2 1 1 1 1 1 1 1 1 1 1 1 1 1 1 1 1 1 1 1 2 1 1 1 1 1 1 1 1 1 1 1 1 1 1 1 1 1 1 1 1 1 1 1 1 1 1 1</vcount>
                    <v>16 1 21 2 16 1 21 2 16 3 21 3 16 1 21 2 16 3 22 3 16 1 21 2 16 2 22 1 21 2 22 1 22 0 21 2 22 1 22 0 21 2 22 1 21 2 22 1 21 3 22 3 16 2 22 1 22 0 22 0 21 3 22 3 21 3 22 3 21 3 22 3 22 0 16 3 21 3 16 3 21 3 16 2 22 1 16 2 22 1 22 0 22 0 22 0 22 0 21 2 22 1 22 0 16 0 16 0 16 3 21 3 16 3 21 3 21 1 22 2 16 3 21 3 21 1 22 2 16 3 21 3 21 1 22 2 16 3 21 3 16 0 16 3 21 3 16 2 21 1 21 1 22 2 21 1 22 2 21 1 22 2 16 0 16 0 21 1 22 2 21 1 22 2 16 0 16 0 16 3 21 3 16 0 16 0 16 0 16 0 16 0 16 1 21 2 7 4 16 5 16 0 16 0 16 0 16 0 26 1 27 2 26 0 16 3 26 3 16 0 16 0 16 0 16 0 16 0 16 0 16 0 16 0 16 0 16 0 16 0 16 0 16 0 16 0 16 0 16 0 16 0 16 3 26 3 16 3 26 3 16 3 26 3 16 3 26 3 26 1 27 2 16 1 26 2 26 0 16 1 26 2 16 3 26 3 16 0 16 0 16 3 26 3 16 0 16 3 26 3 16 0 7 6 16 7 7 6 16 7 7 2 16 1 7 6 16 7 7 2 16 1 7 6 16 7 7 2 16 1 7 2 16 1 7 4 16 5 7 4 16 5 16 0 16 0 16 0 16 0 16 0 16 0 16 0 26 1 27 2 16 3 26 3 16 0 16 0 16 0 16 0 16 0 7 2 16 1 7 6 16 7 7 6 16 7 7 7 16 6 7 6 16 7 7 7 16 6 7 7 16 6 16 0 16 0 16 0 16 0 16 0 7 2 16 1 7 7 16 6 7 7 16 6 16 0 16 0 16 0 7 2 16 1 16 0 7 7 16 6 7 2 16 1 7 7 16 6 16 0 16 0 16 0 16 0 26 1 27 2 26 1 27 2 16 3 26 3 16 0 16 0 16 0 16 0 16 0 16 0 7 4 16 5 7 2 16 1 7 7 16 6 7 7 16 6 7 4 16 5 7 7 16 6 16 0 16 0 16 0 26 0 16 0 16 0 16 0 7 7 16 6 7 7 16 6 7 7 16 6 16 0 16 0 16 0 16 0 16 0 16 0 16 2 27 1 16 2 27 1 26 2 27 1 26 1 27 2 26 2 27 1 26 3 27 3 26 2 27 1 26 3 27 3 26 2 27 1 26 3 27 3 26 3 27 3 26 3 27 3 26 1 27 2 26 3 27 3 26 3 27 3 27 0 16 2 27 1 16 2 27 1 27 0 26 2 27 1 27 0 27 0 27 0 27 0 27 0 27 0 27 0 27 0 27 0 7 1 8 2 7 1 8 2 7 1 8 2 7 1 8 2 7 1 8 2 7 1 8 2 7 1 8 2 7 1 8 2 7 1 12 2 7 1 12 2 7 1 12 2 7 5 16 4 7 1 12 2 7 5 16 4 7 1 12 2 7 5 16 4 7 1 12 2 7 5 16 4 7 0 7 2 12 1 7 1 12 2 7 3 12 3 7 1 12 2 7 3 12 3 7 1 12 2 7 3 12 3 7 1 12 2 7 3 12 3 7 3 12 3 7 3 12 3 7 3 12 3 12 1 13 2 12 0 12 1 13 2 12 1 13 2 12 1 13 2 12 1 13 2 7 5 16 4 7 5 16 4 7 5 16 4 7 5 16 4 12 1 13 2 12 1 13 2 12 0 7 2 12 1 7 0 7 0 7 3 8 3 7 3 12 3 7 0 7 0 12 0 12 1 13 2 7 0 7 0 7 0 7 0 7 3 8 3 7 0 12 1 13 2 7 3 8 3 7 5 16 4 7 0 7 0 7 1 16 2 7 1 16 2 7 1 16 2 7 1 16 2 7 1 16 2 7 0 7 1 16 2 7 0 7 1 16 2 7 1 16 2 8 1 9 2 8 1 9 2 8 1 9 2 8 0 7 3 8 3 7 2 8 1 7 1 16 2 7 1 16 2 7 1 16 2 7 1 16 2 7 1 16 2 7 1 16 2 7 3 8 3 7 3 8 3 8 1 9 2 8 1 9 2 7 0 7 0 7 1 16 2 8 0 8 0 7 2 8 1 7 3 8 3 7 3 8 3 8 1 9 2 8 1 9 2 8 1 9 2 8 1 9 2 10 0 9 0 9 1 11 2 9 0 9 1 11 2 9 0 9 3 11 3 9 0 9 0 9 0 9 0 8 3 9 3 8 3 9 3 8 3 9 3 8 3 9 3 8 3 9 3 8 3 9 3 8 3 9 3 8 2 9 1 8 3 9 3 9 0 9 3 11 3 10 0 8 3 9 3 9 0 9 0 9 3 11 3 9 3 11 3 10 0 10 0 9 0 8 3 9 3 8 3 9 3 8 2 9 1 10 0 10 0 10 0 10 0 10 0 10 0 10 0 9 3 11 3 9 0 8 3 9 3 10 0 10 0 10 0 10 0 10 0 10 0 10 0 10 0 10 0 10 0 10 0 10 0 10 0 10 0 24 0 24 0 23 3 24 3 23 3 24 3 23 0 23 0 23 0 23 0 23 0 23 0 23 0 23 0 23 0 23 0 22 2 23 1 22 3 23 3 22 3 23 3 22 3 23 3 22 3 23 3 22 0 22 3 23 3 22 0 22 3 23 3 22 0 22 3 23 3 24 0 23 0 22 8 23 9 22 2 23 1 22 3 23 3 22 0 22 0 22 0 22 0 22 2 23 1 23 0 23 0 23 0 23 3 24 3 24 0 24 0 24 0 24 0 24 0 23 3 24 3 24 0 24 0 24 0 24 0 24 0 23 3 24 3 24 0 24 0 24 0 24 0 22 0 22 0 23 0 23 0 23 3 24 3 24 0 24 0 24 0 24 0 24 0 23 3 24 3 24 0 24 0 22 2 23 1 22 2 23 1 22 3 23 3 22 0 22 0 22 0 24 0 24 0 24 0 24 0 13 0 12 3 13 3 13 0 13 0 13 0 13 0 13 0 13 0 13 0 12 3 13 3 13 0 12 3 13 3 13 0 12 2 13 1 13 0 12 2 13 1 12 3 13 3 12 3 13 3 12 3 13 3 12 3 13 3 12 3 13 3 12 3 13 3 12 3 13 3 12 3 13 3 13 0 13 3 15 3 13 1 15 2 14 0 14 0 14 0 13 3 15 3 14 0 13 3 15 3 14 0 13 3 15 3 14 0 14 0 13 1 15 2 13 1 15 2 14 0 13 3 15 3 14 0 14 0 14 0 12 3 13 3 14 0 14 0 14 0 14 0 14 0 14 0 14 0 14 0 14 0 14 0 14 0 14 0 14 0 27 0 27 0 27 0 27 3 28 3 27 0 27 0 27 3 28 3 27 2 28 1 28 0 28 0 28 0 28 3 29 3 28 3 29 3 29 0 29 0 29 0 18 0 18 0 18 0 18 0 18 0 18 0 18 0 18 0 18 0 18 0 18 0 18 0 18 0 18 0 18 0 27 0 27 0 27 0 27 3 28 3 27 3 28 3 27 2 28 1 28 0 28 0 28 0 28 0 29 0 29 0 29 0 18 0 18 0 18 0 18 0 18 0 18 0 18 0 18 0 18 0 18 0 18 0 18 0 18 0 18 0 18 0 18 0 18 0 18 0 18 0 18 0 18 0 18 0 18 0 18 0 18 0 18 0 18 0 18 0 18 0 18 0 18 0 18 0 18 0 18 0 18 0 18 0 18 0 18 0 18 0 18 0 18 0 18 0 18 0 18 0 18 0 18 0 18 0 18 0 18 0 18 0 18 0 18 0 18 0 18 0 18 0 18 0 18 0 18 0 18 0 18 0 18 0 18 0 18 0 18 0 18 0 27 0 27 3 28 3 27 3 28 3 27 3 28 3 27 3 28 3 27 2 28 1 27 2 28 1 28 0 18 0 18 0 18 0 18 0 18 0 18 0 18 0 18 0 18 0 18 0 18 0 18 0 18 0 18 0 18 0 18 0 18 0 18 0 18 0 18 0 27 0 27 0 18 0 18 0 18 0 18 0 18 0 18 0 18 0 18 0 18 0 29 0 29 0 28 3 29 3 29 0 29 0 29 0 29 0 27 3 28 3 27 8 28 9 28 0 28 0 28 0 28 3 29 3 28 3 29 3 29 0 29 0 28 0 28 0 28 3 29 3 29 0 29 0 29 0 18 0 18 0 18 0 18 0 18 0 18 0 18 0 18 0 18 0 18 0 18 0 18 0 18 0 27 0 18 0 18 0 18 0 28 0 27 2 28 1 28 0 29 0 18 0 18 0 18 0 18 0 29 0 29 0 29 0 29 0 29 0 18 0 18 0 28 0 18 0 18 0 18 0 18 0 29 0 28 3 29 3 29 0 29 0 29 0 18 0 18 0 18 0 18 0 18 0 18 0 18 0 18 0 18 0 18 0 18 0 18 0 18 0 18 0 18 0 18 0 18 0 18 0 18 0 18 0 18 0 29 0 18 0 18 0</v>
                </vertex_weights>
            </skin>
        </controller>
        <controller id="controller3">
            <skin source="#mesh3">
                <bind_shape_matrix>1 0 0 0 0 1 0 0 0 0 1 0 0 0 0 1</bind_shape_matrix>
                <source id="joints3">
                    <Name_array id="JointArr3" count="35">jointnode-1 jointnode0 jointnode1 jointnode2 jointnode3 jointnode4 jointnode5 jointnode6 jointnode7 jointnode8 jointnode9 jointnode10 jointnode11 jointnode12 jointnode13 jointnode14 jointnode15 jointnode16 jointnode17 jointnode18 jointnode19 jointnode20 jointnode21 jointnode22 jointnode23 jointnode24 jointnode25 jointnode26 jointnode27 jointnode28 jointnode29 jointnode30 jointnode31 jointnode32 jointnode33</Name_array>
                    <technique_common>
                        <accessor source="#JointArr3" count="35">
                            <param name="JOINT" type="Name" />
                        </accessor>
                    </technique_common>
                </source>
                <source id="matrices3">
                    <float_array id="MatArr3" count="560">1 0 0 0 0 1 0 0 0 0 1 0 0 0 0 1 1 0 0 0 0 1 0 0 0 0 1 0 0 0 0 1 1 0 0 0 0 1 0 -125.14652252197266 0 0 1 0 0 0 0 1 1 0 0 0 0 1 0 0 0 0 1 -100 0 0 0 1 1 0 0 -100 0 1 0 0 0 0 1 0 0 0 0 1 1 0 0 100 0 1 0 0 0 0 1 0 0 0 0 1 1 0 0 0 0 1 0 -93 0 0 1 0 0 0 0 1 0.00004793836256601856 -0.9999999988509567 -4.386559881474326e-18 137.49999984200656 0.00004793836251091911 2.2980866055094973e-9 -0.9999999988509567 2.499999681140483 0.9999999977019134 0.00004793836251091911 0.00004793836256601856 -0.006711370751666425 0 0 0 1 0.00004782332063778632 -0.9999971262495844 0.0023969158313184714 124.99964171829647 -0.0000480531290230205 0.0023969135332384717 0.9999971262440761 -0.29961511597924 -0.9999999977019134 -0.00004793836251091881 -0.00004793836256589609 37.00671137075166 0 0 0 1 0.00004782332063778632 -0.9999971262495844 0.0023969158313184714 67.49964171829649 -0.0000480531290230205 0.0023969135332384717 0.9999971262440761 -1.4008841227083664 -0.9999999977019134 -0.00004793836251091881 -0.00004793836256589609 37.00671137075167 0 0 0 1 0.00004793836256601826 -0.9999999988509566 -4.826125313346229e-18 22.49968605221886 -0.000047938362510796644 -2.298086605503612e-9 0.9999999988509567 0.008468729012002334 -0.9999999977019135 -0.00004793836251091881 -0.000047938362565896096 37.00671137075167 0 0 0 1 -0.00004793606436910788 -0.00004794066059752197 0.9999999977019134 -39.991171702366906 -0.00004794066059753787 0.9999999977018031 0.00004793836251092393 -7.501603172127032 -0.9999999977019135 -0.00004793836251091881 -0.0000479383625658961 35.13171232442598 0 0 0 1 0.000047818713241344304 -0.999996891845205 0.0024927922697969397 124.99961051507236 -0.00004805771394552241 0.002492789971717479 0.9999968918394764 -0.31159775878161794 -0.9999999977019135 -0.00004793836251091882 -0.00004793836256589611 -36.993288629248326 0 0 0 1 0.000047823320637786314 -0.9999971262495845 0.002396915831318472 67.4996982663124 -0.00004805312902302051 0.0023969135332384717 0.9999971262440762 -1.3894651377945462 -0.9999999977019134 -0.000047938362510918806 -0.0000479383625658961 -36.99328762924834 0 0 0 1 0.00004793836256601825 -0.9999999988509567 -4.392444444352028e-18 22.499672397940877 -0.00004793836251079665 -2.2980866059372924e-9 0.9999999988509568 0.00751876100357246 -0.9999999977019135 -0.000047938362510918806 -0.00004793836256589611 -36.99328662924834 0 0 0 1 -0.000047936064369107886 -0.00004794066059752241 0.9999999977019135 -39.9921216710288 -0.000047940660597537865 0.9999999977018033 0.0000479383625109235 -7.501589563388977 -0.9999999977019135 -0.000047938362510918806 -0.000047938362565896116 -35.11828758292266 0 0 0 1 -0.000058713617795048536 0.965915484345868 0.25885763201729006 -170.51237327745616 -0.00003389519569432086 -0.2588576342370475 0.9659154849407453 37.651065971063886 0.9999999977019135 0.00004793836251091912 0.000047938362566018563 -0.006710370751668949 0 0 0 1 -0.00006370548882742022 0.42257722554517396 0.9063269191589503 -129.44816341383935 0.000023190168153741 -0.9063269201300692 0.42257722762799177 229.209894998565 0.9999999977019134 0.00004793836251091912 0.000047938362566018563 -0.006711370751666424 0 0 0 1 -0.00004793606436923036 -0.000047940660597482686 0.9999999977019136 -34.81191714682002 0.00004794066059753818 -0.9999999977018035 -0.00004793836251077582 270.14270264601845 0.9999999977019134 0.00004793836251091912 0.00004793836256601857 -0.006711370751666424 0 0 0 1 -0.00004793606436923036 -0.000047940660597482686 0.9999999977019136 -34.81191714682002 0.00004794066059753818 -0.9999999977018035 -0.00004793836251077582 270.14270264601845 0.9999999977019134 0.00004793836251091912 0.00004793836256601857 -0.006711370751666424 0 0 0 1 -0.00006779508197298451 0.7070220298179067 0.7071915191488048 -257.6505723683458 8.125002052705607e-9 -0.7071915207736028 0.7070220314430941 187.92557142714367 0.9999999977019134 0.000047938362510919124 0.00004793836256601857 -0.006714370751772538 0 0 0 1 0.9999999937382356 0.00009424276915255065 0.00006034757352756114 -42.088198092327026 -0.00006033853753039688 -0.00009587990486030716 0.9999999935831527 -5.030414436130113 0.00009424855466745052 -0.9999999909626723 -0.00009587421778905237 232.32624308908066 0 0 0 1 0.9999904261750173 0.0000938282239882645 0.004374786231528593 -91.31202091131395 0.004374777196284624 0.00009628561718526283 -0.9999904259809506 -8.205960667471855 -0.00009424855466744996 0.9999999909626722 0.00009587421778892991 -233.1288890703924 0 0 0 1 0.9999857721696648 0.00009373586538076876 0.005333542146341052 -162.28766922620122 0.005333533111287301 0.00009637553234538999 -0.9999857719669354 -9.315062013702452 -0.00009424855466744996 0.9999999909626722 0.00009587421778892991 -233.12877007039577 0 0 0 1 0.9999999937382356 0.00009424276915255062 0.00006034757352756202 -237.22348335051322 -0.00009424566202846592 0.9999999944099547 0.000047935855420453135 -233.12910166890552 -0.00006034305558245018 -0.00004794154261732291 0.9999999970301623 7.057617663067584 0 0 0 1 0.9999999937382356 0.00009424276915255062 0.00006034757352756202 -237.22348335051322 -0.00009424566202846592 0.9999999944099547 0.000047935855420453135 -233.12910166890552 -0.00006034305558245018 -0.00004794154261732291 0.9999999970301623 7.057617663067584 0 0 0 1 -0.9999999993675048 -0.0000016339557591210803 -0.000035529151494309486 -41.640237556599395 -0.00003552899466944897 -0.00009587871553144504 0.9999999947724816 -5.0304209800884125 -0.000001637362239988157 0.9999999954023013 0.00009587865741798285 -232.32626751693024 0 0 0 1 -0.9999999993675048 -0.0000016339557591210805 -0.00003552915149430949 -91.53920529951932 0.00003552899466944897 0.0000958787155315675 -0.9999999947724816 -7.811917581923337 0.0000016373622399881615 -0.9999999954023013 -0.00009587865741810531 233.12891349824204 0 0 0 1 -0.9999999993675048 -0.0000016339557591210805 -0.00003552915149430949 -162.52370999922638 0.00003552899466944897 0.0000958787155315675 -0.9999999947724816 -8.620698609717222 0.0000016373622399881615 -0.9999999954023013 -0.00009587865741810531 233.1308134982741 0 0 0 1 -0.9999999993675048 -0.0000016339557591210803 -0.000035529151494309486 -237.41895078291776 -0.0000016356590362786915 0.9999999988495266 0.000047940294992532895 -233.13150534563925 0.00003552907312108933 0.000047940353075802494 -0.9999999982197041 -7.3548506250633725 0 0 0 1 -0.9999999993675048 -0.0000016339557591210803 -0.000035529151494309486 -237.41895078291776 -0.0000016356590362786915 0.9999999988495266 0.000047940294992532895 -233.13150534563925 0.00003552907312108933 0.000047940353075802494 -0.9999999982197041 -7.3548506250633725 0 0 0 1 -0.00006497993935398544 0.47609605501609975 0.8793932807201308 -142.93448219390152 0.000019333408579237113 -0.8793932818142407 0.4760960570370218 173.42021039154895 0.9999999977019134 0.00004793836251091911 0.000047938362566018563 -0.006711370751666424 0 0 0 1 0.00004609846769127282 -0.9992902085644959 0.03767063766460643 171.2799142706723 0.00004971020501120493 -0.037670635368150955 -0.9992902084779256 69.1570749074872 0.9999999977019134 0.00004793836251091911 0.000047938362566018563 -0.006710370751668949 0 0 0 1 0.00005095541360545738 -0.9978817226805179 -0.06505432302090859 147.02613604652703 0.00004471821809996589 0.06505432531412722 -0.9978817228300183 55.23939033760153 0.9999999977019135 0.00004793836251091912 0.00004793836256601857 -0.00671037075166895 0 0 0 1 0.000048222476669046967 -0.999982331199505 -0.0059443219459814406 116.86617214785487 -0.0000476525544921875 -0.005944324244027465 0.9999823312131657 -61.46379175371459 -0.9999999977019137 -0.00004793836251091985 -0.00004793836256589611 0.006710370751661424 0 0 0 1</float_array>
                    <technique_common>
                        <accessor source="#MatArr3" count="35" stride="16">
                            <param type="float4x4" />
                        </accessor>
                    </technique_common>
                </source>
                <source id="weights3">
                    <float_array id="WeightArr3" count="10">1 0.75 0.25 0.5 0.15000000596046448 0.8500000238418579 0.4000000059604645 0.6000000238418579 0.20000000298023224 0.800000011920929</float_array>
                    <technique_common>
                        <accessor source="#WeightArr3" count="1">
                            <param type="float" />
                        </accessor>
                    </technique_common>
                </source>
                <joints>
                    <input semantic="JOINT" source="#joints3" />
                    <input semantic="INV_BIND_MATRIX" source="#matrices3" />
                </joints>
                <vertex_weights count="569">
                    <input semantic="JOINT" offset="0" source="#joints3" />
                    <input semantic="WEIGHT" offset="1" source="#weights3" />
                    <vcount>1 1 1 1 1 1 1 1 1 1 1 1 1 1 1 1 1 1 1 1 1 2 2 2 2 2 2 2 2 2 2 2 2 2 2 2 2 2 2 2 2 2 2 2 2 1 1 1 1 1 1 1 1 1 1 1 1 1 1 1 1 1 2 2 2 2 2 2 2 2 2 2 2 2 2 1 1 1 1 1 1 1 1 1 1 2 2 2 2 2 2 1 2 1 1 1 1 1 1 1 1 1 1 1 1 1 1 1 1 1 1 1 1 1 1 1 1 1 1 1 1 1 1 1 1 1 1 1 1 1 1 1 1 1 1 1 1 1 1 1 1 1 2 2 2 2 2 2 2 1 1 1 1 1 1 1 1 1 2 2 2 2 2 2 1 1 1 1 1 1 1 1 1 1 1 1 1 1 1 1 2 2 1 1 1 1 2 2 2 1 1 1 1 1 1 1 1 1 1 1 1 1 1 1 1 1 1 2 2 2 1 1 1 1 1 1 1 1 2 1 1 2 2 2 1 1 1 1 1 1 1 1 1 1 1 1 1 1 1 1 1 1 1 1 1 1 1 1 1 1 1 1 1 1 1 1 1 1 1 1 1 1 1 1 1 1 1 1 1 1 1 1 1 1 1 1 1 1 1 1 1 1 1 1 1 1 1 1 1 1 1 1 1 1 1 1 1 1 1 1 1 1 1 1 1 1 1 1 1 1 1 1 1 1 1 1 1 1 1 1 1 1 1 1 1 1 1 1 1 1 1 1 1 1 1 1 1 1 1 1 1 1 1 1 1 1 1 1 1 1 1 1 1 1 1 1 1 1 1 1 1 1 1 1 1 1 1 1 1 1 1 1 1 1 1 1 1 1 1 1 1 1 1 1 1 1 1 1 1 1 1 1 1 1 1 1 1 1 1 1 1 1 1 1 1 1 1 1 1 1 1 1 1 1 1 1 1 1 1 1 1 1 1 1 1 1 1 1 1 1 1 1 2 1 1 1 1 1 1 1 1 1 1 1 1 1 1 1 1 1 1 1 1 1 1 1 1 1 1 1 1 1 1 1 1 1 1 1 1 1 1 1 1 1 1 1 1 1 1 1 1 1 1 1 1 1 1 1 1 1 1 1 1 1 1 1 1 1 1 1 1 1 1 1 1 1 1 1 1 1 1 1 1 1 1 1 1 1 1 1 1 1 1 1 1 1 1 1 1 1 1 1 1 1 1 1 1 1 1 1 1 1 1 1 1 1 1 1 1 1 1 1 1 1 1 1 1 1 1 1 1 1 1 1 1 1 1 1 1</vcount>
                    <v>10 0 10 0 10 0 10 0 10 0 10 0 10 0 10 0 10 0 10 0 10 0 10 0 10 0 10 0 10 0 10 0 10 0 10 0 10 0 10 0 10 0 7 1 16 2 7 1 16 2 7 1 16 2 7 1 16 2 7 1 16 2 7 1 16 2 7 1 16 2 7 1 16 2 7 1 16 2 7 1 16 2 7 1 16 2 7 1 16 2 7 1 16 2 7 1 16 2 7 1 16 2 7 1 16 2 7 1 16 2 7 1 16 2 7 1 16 2 7 1 16 2 7 1 16 2 7 1 16 2 7 1 16 2 7 1 16 2 10 0 10 0 10 0 10 0 10 0 10 0 10 0 10 0 10 0 10 0 10 0 10 0 10 0 10 0 10 0 7 0 7 0 7 1 16 2 7 1 16 2 7 1 16 2 7 7 16 6 7 1 16 2 7 3 16 3 7 7 16 6 7 3 16 3 7 7 16 6 7 3 16 3 7 3 16 3 7 2 16 1 7 2 16 1 10 0 10 0 10 0 10 0 10 0 10 0 10 0 10 0 10 0 10 0 7 2 16 1 7 7 16 6 7 7 16 6 7 7 16 6 7 1 16 2 7 1 16 2 7 0 7 1 16 2 7 0 7 0 10 0 10 0 10 0 10 0 10 0 10 0 10 0 10 0 10 0 10 0 10 0 10 0 10 0 10 0 10 0 10 0 10 0 10 0 10 0 10 0 10 0 10 0 10 0 10 0 10 0 10 0 10 0 10 0 10 0 10 0 10 0 10 0 10 0 10 0 10 0 10 0 10 0 10 0 10 0 10 0 10 0 10 0 10 0 10 0 10 0 10 0 10 0 7 1 16 2 7 7 16 6 7 7 16 6 7 3 16 3 7 3 16 3 7 2 16 1 7 2 16 1 10 0 10 0 10 0 10 0 10 0 10 0 10 0 10 0 10 0 7 2 16 1 7 2 16 1 7 7 16 6 7 7 16 6 7 1 16 2 7 1 16 2 10 0 10 0 10 0 10 0 10 0 10 0 10 0 10 0 10 0 10 0 10 0 10 0 10 0 10 0 10 0 10 0 7 1 16 2 7 1 16 2 10 0 10 0 10 0 10 0 7 1 16 2 7 2 16 1 7 3 16 3 10 0 10 0 10 0 10 0 10 0 10 0 10 0 10 0 10 0 10 0 10 0 7 0 7 0 10 0 10 0 10 0 10 0 10 0 7 1 16 2 7 1 16 2 7 1 16 2 10 0 10 0 10 0 10 0 10 0 10 0 10 0 10 0 7 2 16 1 10 0 10 0 7 1 16 2 7 2 16 1 7 2 16 1 10 0 18 0 18 0 18 0 18 0 18 0 18 0 18 0 18 0 18 0 18 0 18 0 18 0 18 0 18 0 18 0 18 0 18 0 18 0 18 0 18 0 18 0 18 0 18 0 18 0 18 0 18 0 18 0 18 0 18 0 18 0 18 0 18 0 18 0 18 0 18 0 18 0 18 0 18 0 18 0 18 0 18 0 18 0 18 0 18 0 18 0 18 0 18 0 18 0 18 0 18 0 18 0 18 0 18 0 18 0 18 0 18 0 18 0 18 0 18 0 18 0 14 0 14 0 14 0 14 0 14 0 14 0 14 0 14 0 14 0 14 0 14 0 14 0 14 0 14 0 14 0 14 0 14 0 14 0 14 0 14 0 14 0 14 0 14 0 14 0 14 0 14 0 14 0 14 0 14 0 14 0 14 0 14 0 14 0 14 0 14 0 14 0 14 0 14 0 14 0 14 0 14 0 14 0 14 0 14 0 14 0 14 0 14 0 14 0 14 0 14 0 14 0 14 0 14 0 14 0 14 0 14 0 14 0 14 0 14 0 14 0 14 0 14 0 14 0 14 0 14 0 14 0 14 0 14 0 14 0 16 0 16 0 16 0 16 0 16 0 16 0 16 0 16 0 16 0 16 0 16 0 16 0 16 0 26 0 16 0 16 0 16 0 16 0 16 0 16 0 16 0 16 0 16 0 16 0 16 0 14 0 14 0 14 0 14 0 14 0 14 0 14 0 18 0 18 0 18 0 18 0 18 0 18 0 18 0 18 0 18 0 18 0 18 0 16 0 16 0 16 0 16 0 16 0 16 0 16 0 18 0 18 0 18 0 18 0 18 0 18 0 18 0 14 0 14 0 14 0 14 0 14 0 14 0 14 0 14 0 14 0 14 0 14 0 14 0 16 0 16 0 16 0 16 0 16 0 16 0 16 0 16 0 16 0 16 3 21 3 14 0 14 0 14 0 14 0 14 0 14 0 14 0 14 0 14 0 18 0 18 0 18 0 18 0 18 0 18 0 18 0 18 0 18 0 16 0 16 0 16 0 16 0 16 0 16 0 16 0 16 0 16 0 16 0 18 0 18 0 18 0 18 0 18 0 18 0 18 0 16 0 16 0 16 0 16 0 16 0 16 0 16 0 14 0 14 0 14 0 14 0 14 0 14 0 14 0 14 0 14 0 14 0 14 0 14 0 14 0 14 0 14 0 14 0 14 0 14 0 14 0 14 0 16 0 16 0 16 0 18 0 18 0 18 0 18 0 16 0 16 0 16 0 14 0 14 0 14 0 14 0 14 0 14 0 14 0 14 0 18 0 18 0 18 0 14 0 14 0 14 0 14 0 14 0 14 0 14 0 14 0 14 0 16 0 16 0 14 0 14 0 14 0 14 0 16 0 16 0 16 0 14 0 14 0 14 0 16 0 16 0 16 0 16 0 16 0 16 0 14 0 16 0 16 0 16 0 16 0 14 0 16 0 16 0 14 0 16 0 18 0 14 0 16 0 18 0 18 0 16 0 14 0 16 0 16 0 14 0 14 0 18 0 18 0 18 0 18 0 14 0</v>
                </vertex_weights>
            </skin>
        </controller>
        <controller id="controller4">
            <skin source="#mesh4">
                <bind_shape_matrix>1 0 0 0 0 1 0 0 0 0 1 0 0 0 0 1</bind_shape_matrix>
                <source id="joints4">
                    <Name_array id="JointArr4" count="35">jointnode-1 jointnode0 jointnode1 jointnode2 jointnode3 jointnode4 jointnode5 jointnode6 jointnode7 jointnode8 jointnode9 jointnode10 jointnode11 jointnode12 jointnode13 jointnode14 jointnode15 jointnode16 jointnode17 jointnode18 jointnode19 jointnode20 jointnode21 jointnode22 jointnode23 jointnode24 jointnode25 jointnode26 jointnode27 jointnode28 jointnode29 jointnode30 jointnode31 jointnode32 jointnode33</Name_array>
                    <technique_common>
                        <accessor source="#JointArr4" count="35">
                            <param name="JOINT" type="Name" />
                        </accessor>
                    </technique_common>
                </source>
                <source id="matrices4">
                    <float_array id="MatArr4" count="560">1 0 0 0 0 1 0 0 0 0 1 0 0 0 0 1 1 0 0 0 0 1 0 0 0 0 1 0 0 0 0 1 1 0 0 0 0 1 0 -125.14652252197266 0 0 1 0 0 0 0 1 1 0 0 0 0 1 0 0 0 0 1 -100 0 0 0 1 1 0 0 -100 0 1 0 0 0 0 1 0 0 0 0 1 1 0 0 100 0 1 0 0 0 0 1 0 0 0 0 1 1 0 0 0 0 1 0 -93 0 0 1 0 0 0 0 1 0.00004793836256601856 -0.9999999988509567 -4.386559881474326e-18 137.49999984200656 0.00004793836251091911 2.2980866055094973e-9 -0.9999999988509567 2.499999681140483 0.9999999977019134 0.00004793836251091911 0.00004793836256601856 -0.006711370751666425 0 0 0 1 0.00004782332063778632 -0.9999971262495844 0.0023969158313184714 124.99964171829647 -0.0000480531290230205 0.0023969135332384717 0.9999971262440761 -0.29961511597924 -0.9999999977019134 -0.00004793836251091881 -0.00004793836256589609 37.00671137075166 0 0 0 1 0.00004782332063778632 -0.9999971262495844 0.0023969158313184714 67.49964171829649 -0.0000480531290230205 0.0023969135332384717 0.9999971262440761 -1.4008841227083664 -0.9999999977019134 -0.00004793836251091881 -0.00004793836256589609 37.00671137075167 0 0 0 1 0.00004793836256601826 -0.9999999988509566 -4.826125313346229e-18 22.49968605221886 -0.000047938362510796644 -2.298086605503612e-9 0.9999999988509567 0.008468729012002334 -0.9999999977019135 -0.00004793836251091881 -0.000047938362565896096 37.00671137075167 0 0 0 1 -0.00004793606436910788 -0.00004794066059752197 0.9999999977019134 -39.991171702366906 -0.00004794066059753787 0.9999999977018031 0.00004793836251092393 -7.501603172127032 -0.9999999977019135 -0.00004793836251091881 -0.0000479383625658961 35.13171232442598 0 0 0 1 0.000047818713241344304 -0.999996891845205 0.0024927922697969397 124.99961051507236 -0.00004805771394552241 0.002492789971717479 0.9999968918394764 -0.31159775878161794 -0.9999999977019135 -0.00004793836251091882 -0.00004793836256589611 -36.993288629248326 0 0 0 1 0.000047823320637786314 -0.9999971262495845 0.002396915831318472 67.4996982663124 -0.00004805312902302051 0.0023969135332384717 0.9999971262440762 -1.3894651377945462 -0.9999999977019134 -0.000047938362510918806 -0.0000479383625658961 -36.99328762924834 0 0 0 1 0.00004793836256601825 -0.9999999988509567 -4.392444444352028e-18 22.499672397940877 -0.00004793836251079665 -2.2980866059372924e-9 0.9999999988509568 0.00751876100357246 -0.9999999977019135 -0.000047938362510918806 -0.00004793836256589611 -36.99328662924834 0 0 0 1 -0.000047936064369107886 -0.00004794066059752241 0.9999999977019135 -39.9921216710288 -0.000047940660597537865 0.9999999977018033 0.0000479383625109235 -7.501589563388977 -0.9999999977019135 -0.000047938362510918806 -0.000047938362565896116 -35.11828758292266 0 0 0 1 -0.000058713617795048536 0.965915484345868 0.25885763201729006 -170.51237327745616 -0.00003389519569432086 -0.2588576342370475 0.9659154849407453 37.651065971063886 0.9999999977019135 0.00004793836251091912 0.000047938362566018563 -0.006710370751668949 0 0 0 1 -0.00006370548882742022 0.42257722554517396 0.9063269191589503 -129.44816341383935 0.000023190168153741 -0.9063269201300692 0.42257722762799177 229.209894998565 0.9999999977019134 0.00004793836251091912 0.000047938362566018563 -0.006711370751666424 0 0 0 1 -0.00004793606436923036 -0.000047940660597482686 0.9999999977019136 -34.81191714682002 0.00004794066059753818 -0.9999999977018035 -0.00004793836251077582 270.14270264601845 0.9999999977019134 0.00004793836251091912 0.00004793836256601857 -0.006711370751666424 0 0 0 1 -0.00004793606436923036 -0.000047940660597482686 0.9999999977019136 -34.81191714682002 0.00004794066059753818 -0.9999999977018035 -0.00004793836251077582 270.14270264601845 0.9999999977019134 0.00004793836251091912 0.00004793836256601857 -0.006711370751666424 0 0 0 1 -0.00006779508197298451 0.7070220298179067 0.7071915191488048 -257.6505723683458 8.125002052705607e-9 -0.7071915207736028 0.7070220314430941 187.92557142714367 0.9999999977019134 0.000047938362510919124 0.00004793836256601857 -0.006714370751772538 0 0 0 1 0.9999999937382356 0.00009424276915255065 0.00006034757352756114 -42.088198092327026 -0.00006033853753039688 -0.00009587990486030716 0.9999999935831527 -5.030414436130113 0.00009424855466745052 -0.9999999909626723 -0.00009587421778905237 232.32624308908066 0 0 0 1 0.9999904261750173 0.0000938282239882645 0.004374786231528593 -91.31202091131395 0.004374777196284624 0.00009628561718526283 -0.9999904259809506 -8.205960667471855 -0.00009424855466744996 0.9999999909626722 0.00009587421778892991 -233.1288890703924 0 0 0 1 0.9999857721696648 0.00009373586538076876 0.005333542146341052 -162.28766922620122 0.005333533111287301 0.00009637553234538999 -0.9999857719669354 -9.315062013702452 -0.00009424855466744996 0.9999999909626722 0.00009587421778892991 -233.12877007039577 0 0 0 1 0.9999999937382356 0.00009424276915255062 0.00006034757352756202 -237.22348335051322 -0.00009424566202846592 0.9999999944099547 0.000047935855420453135 -233.12910166890552 -0.00006034305558245018 -0.00004794154261732291 0.9999999970301623 7.057617663067584 0 0 0 1 0.9999999937382356 0.00009424276915255062 0.00006034757352756202 -237.22348335051322 -0.00009424566202846592 0.9999999944099547 0.000047935855420453135 -233.12910166890552 -0.00006034305558245018 -0.00004794154261732291 0.9999999970301623 7.057617663067584 0 0 0 1 -0.9999999993675048 -0.0000016339557591210803 -0.000035529151494309486 -41.640237556599395 -0.00003552899466944897 -0.00009587871553144504 0.9999999947724816 -5.0304209800884125 -0.000001637362239988157 0.9999999954023013 0.00009587865741798285 -232.32626751693024 0 0 0 1 -0.9999999993675048 -0.0000016339557591210805 -0.00003552915149430949 -91.53920529951932 0.00003552899466944897 0.0000958787155315675 -0.9999999947724816 -7.811917581923337 0.0000016373622399881615 -0.9999999954023013 -0.00009587865741810531 233.12891349824204 0 0 0 1 -0.9999999993675048 -0.0000016339557591210805 -0.00003552915149430949 -162.52370999922638 0.00003552899466944897 0.0000958787155315675 -0.9999999947724816 -8.620698609717222 0.0000016373622399881615 -0.9999999954023013 -0.00009587865741810531 233.1308134982741 0 0 0 1 -0.9999999993675048 -0.0000016339557591210803 -0.000035529151494309486 -237.41895078291776 -0.0000016356590362786915 0.9999999988495266 0.000047940294992532895 -233.13150534563925 0.00003552907312108933 0.000047940353075802494 -0.9999999982197041 -7.3548506250633725 0 0 0 1 -0.9999999993675048 -0.0000016339557591210803 -0.000035529151494309486 -237.41895078291776 -0.0000016356590362786915 0.9999999988495266 0.000047940294992532895 -233.13150534563925 0.00003552907312108933 0.000047940353075802494 -0.9999999982197041 -7.3548506250633725 0 0 0 1 -0.00006497993935398544 0.47609605501609975 0.8793932807201308 -142.93448219390152 0.000019333408579237113 -0.8793932818142407 0.4760960570370218 173.42021039154895 0.9999999977019134 0.00004793836251091911 0.000047938362566018563 -0.006711370751666424 0 0 0 1 0.00004609846769127282 -0.9992902085644959 0.03767063766460643 171.2799142706723 0.00004971020501120493 -0.037670635368150955 -0.9992902084779256 69.1570749074872 0.9999999977019134 0.00004793836251091911 0.000047938362566018563 -0.006710370751668949 0 0 0 1 0.00005095541360545738 -0.9978817226805179 -0.06505432302090859 147.02613604652703 0.00004471821809996589 0.06505432531412722 -0.9978817228300183 55.23939033760153 0.9999999977019135 0.00004793836251091912 0.00004793836256601857 -0.00671037075166895 0 0 0 1 0.000048222476669046967 -0.999982331199505 -0.0059443219459814406 116.86617214785487 -0.0000476525544921875 -0.005944324244027465 0.9999823312131657 -61.46379175371459 -0.9999999977019137 -0.00004793836251091985 -0.00004793836256589611 0.006710370751661424 0 0 0 1</float_array>
                    <technique_common>
                        <accessor source="#MatArr4" count="35" stride="16">
                            <param type="float4x4" />
                        </accessor>
                    </technique_common>
                </source>
                <source id="weights4">
                    <float_array id="WeightArr4" count="10">1 0.75 0.25 0.5 0.15000000596046448 0.8500000238418579 0.4000000059604645 0.6000000238418579 0.20000000298023224 0.800000011920929</float_array>
                    <technique_common>
                        <accessor source="#WeightArr4" count="1">
                            <param type="float" />
                        </accessor>
                    </technique_common>
                </source>
                <joints>
                    <input semantic="JOINT" source="#joints4" />
                    <input semantic="INV_BIND_MATRIX" source="#matrices4" />
                </joints>
                <vertex_weights count="42">
                    <input semantic="JOINT" offset="0" source="#joints4" />
                    <input semantic="WEIGHT" offset="1" source="#weights4" />
                    <vcount>1 1 1 1 1 1 1 1 1 1 1 1 1 1 1 1 1 1 1 1 1 1 1 1 1 1 1 1 1 1 1 1 1 1 1 1 1 1 1 1 1 1</vcount>
                    <v>29 0 29 0 29 0 29 0 29 0 29 0 29 0 29 0 29 0 29 0 29 0 29 0 29 0 29 0 24 0 24 0 24 0 24 0 24 0 24 0 24 0 24 0 24 0 24 0 24 0 29 0 29 0 29 0 29 0 29 0 24 0 24 0 24 0 24 0 24 0 24 0 24 0 24 0 29 0 29 0 24 0 24 0</v>
                </vertex_weights>
            </skin>
        </controller>
    </library_controllers>
    <library_visual_scenes>
        <visual_scene id="VisualSceneNode">
            <node id="node0" name="m0" type="NODE">
                <instance_controller url="#controller0">
                    <skeleton>#jointnode-1</skeleton>
                    <bind_material>
                        <technique_common>
                            <instance_material symbol="Material1" target="#mat3">
                                <bind_vertex_input semantic="UVSET0" input_semantic="TEXCOORD" input_set="0"></bind_vertex_input>
                            </instance_material>
                        </technique_common>
                    </bind_material>
                </instance_controller>
            </node>
            <node id="node1" name="m1" type="NODE">
                <instance_controller url="#controller1">
                    <skeleton>#jointnode-1</skeleton>
                    <bind_material>
                        <technique_common>
                            <instance_material symbol="Material1" target="#mat4">
                                <bind_vertex_input semantic="UVSET0" input_semantic="TEXCOORD" input_set="0"></bind_vertex_input>
                            </instance_material>
                        </technique_common>
                    </bind_material>
                </instance_controller>
            </node>
            <node id="node2" name="m2" type="NODE">
                <instance_controller url="#controller2">
                    <skeleton>#jointnode-1</skeleton>
                    <bind_material>
                        <technique_common>
                            <instance_material symbol="Material1" target="#mat1">
                                <bind_vertex_input semantic="UVSET0" input_semantic="TEXCOORD" input_set="0"></bind_vertex_input>
                            </instance_material>
                        </technique_common>
                    </bind_material>
                </instance_controller>
            </node>
            <node id="node3" name="m3" type="NODE">
                <instance_controller url="#controller3">
                    <skeleton>#jointnode-1</skeleton>
                    <bind_material>
                        <technique_common>
                            <instance_material symbol="Material1" target="#mat2">
                                <bind_vertex_input semantic="UVSET0" input_semantic="TEXCOORD" input_set="0"></bind_vertex_input>
                            </instance_material>
                        </technique_common>
                    </bind_material>
                </instance_controller>
            </node>
            <node id="node4" name="m4" type="NODE">
                <instance_controller url="#controller4">
                    <skeleton>#jointnode-1</skeleton>
                    <bind_material>
                        <technique_common>
                            <instance_material symbol="Material1" target="#mat0">
                                <bind_vertex_input semantic="UVSET0" input_semantic="TEXCOORD" input_set="0"></bind_vertex_input>
                            </instance_material>
                        </technique_common>
                    </bind_material>
                </instance_controller>
            </node>
            <node id="jointnode-1" name="root" sid="jointnode-1" type="JOINT">
                <node id="jointnode0" name="world_root" sid="jointnode0" type="JOINT">
                    <node id="jointnode1" name="ColPos" sid="jointnode1" type="JOINT">
                        <translate>0 125.14652252197266 0</translate>
                    </node>
                    <node id="jointnode2" name="FaceVisiblity" sid="jointnode2" type="JOINT">
                        <translate>0 0 100</translate>
                    </node>
                    <node id="jointnode3" name="LHandVisiblity" sid="jointnode3" type="JOINT">
                        <translate>100 0 0</translate>
                    </node>
                    <node id="jointnode4" name="RHandVisiblity" sid="jointnode4" type="JOINT">
                        <translate>-100 0 0</translate>
                    </node>
                    <node id="jointnode5" name="RotCenter" sid="jointnode5" type="JOINT">
                        <translate>0 93 0</translate>
                    </node>
                    <node id="jointnode6" name="hip" sid="jointnode6" type="JOINT">
                        <translate>0 137.5 2.5</translate>
                        <rotate>0 0 1 -89.99725333414716</rotate>
                        <rotate>1 0 0 -89.99725333414716</rotate>
                        <node id="jointnode7" name="legL1" sid="jointnode7" type="JOINT">
                            <translate>12.499999046325684 2.4999990463256836 37</translate>
                            <rotate>0 0 1 -0.13733329264198738</rotate>
                            <rotate>1 0 0 180</rotate>
                            <node id="jointnode8" name="legL2" sid="jointnode8" type="JOINT">
                                <translate>57.5 1.101269006729126 0</translate>
                                <node id="jointnode9" name="footL" sid="jointnode9" type="JOINT">
                                    <translate>45 -1.3554229736328125 0</translate>
                                    <rotate>0 0 1 -0.13733329264198738</rotate>
                                    <node id="jointnode10" name="toeL" sid="jointnode10" type="JOINT">
                                        <translate>15 40 1.8749990463256836</translate>
                                        <rotate>0 0 1 89.99725333414716</rotate>
                                    </node>
                                </node>
                            </node>
                        </node>
                        <node id="jointnode11" name="legR1" sid="jointnode11" type="JOINT">
                            <translate>12.500000953674316 2.5000009536743164 -37</translate>
                            <rotate>0 0 1 -0.14282662434766685</rotate>
                            <rotate>1 0 0 180</rotate>
                            <node id="jointnode12" name="legR2" sid="jointnode12" type="JOINT">
                                <translate>57.50004577636719 1.0843390226364136 -9.999999974752427e-7</translate>
                                <rotate>0 0 1 -0.005493331705679495</rotate>
                                <node id="jointnode13" name="footR" sid="jointnode13" type="JOINT">
                                    <translate>45.00007247924805 -1.3430540561676025 -9.999999974752427e-7</translate>
                                    <rotate>0 0 1 -0.13733329264198738</rotate>
                                    <node id="jointnode14" name="toeR" sid="jointnode14" type="JOINT">
                                        <translate>15 40 -1.8749990463256836</translate>
                                        <rotate>0 0 1 89.99725333414716</rotate>
                                    </node>
                                </node>
                            </node>
                        </node>
                        <node id="jointnode15" name="spin" sid="jointnode15" type="JOINT">
                            <translate>-36.946807861328125 -5.270681858062744 -9.999999974752427e-7</translate>
                            <rotate>0 0 1 -164.9977111117893</rotate>
                            <node id="jointnode16" name="neck" sid="jointnode16" type="JOINT">
                                <translate>88.28052520751953 -10.517789840698242 9.999999974752427e-7</translate>
                                <rotate>0 0 1 50.00030518509476</rotate>
                                <node id="jointnode17" name="head" sid="jointnode17" type="JOINT">
                                    <translate>16.270000457763672 -0.9100000262260437 0</translate>
                                    <rotate>0 0 1 25.00015259254738</rotate>
                                    <node id="jointnode18" name="Head00" sid="jointnode18" type="JOINT">
                                    </node>
                                    <node id="jointnode19" name="hair1" sid="jointnode19" type="JOINT">
                                        <translate>14.51375961303711 -44.92366409301758 0.000003000000106112566</translate>
                                        <rotate>0 0 1 -44.99588000122074</rotate>
                                    </node>
                                </node>
                            </node>
                            <node id="jointnode20" name="shoulderL" sid="jointnode20" type="JOINT">
                                <translate>55.204620361328125 -17.607759475708008 42.0706672668457</translate>
                                <rotate>0 1 0 -89.99725333414716</rotate>
                                <rotate>1 0 0 -14.99679555650502</rotate>
                                <node id="jointnode21" name="armL1" sid="jointnode21" type="JOINT">
                                    <translate>49.25837707519531 -12.842338562011719 -0.8026459813117981</translate>
                                    <rotate>0 0 1 0.24719992675557725</rotate>
                                    <rotate>1 0 0 180</rotate>
                                    <node id="jointnode22" name="armL2" sid="jointnode22" type="JOINT">
                                        <translate>70.98450469970703 0.9535009860992432 -0.00011899999663000926</translate>
                                        <rotate>0 0 1 -0.054933317056794946</rotate>
                                        <node id="jointnode23" name="wristL" sid="jointnode23" type="JOINT">
                                            <translate>74.8952407836914 -0.9954410195350647 -0.000007000000096013537</translate>
                                            <rotate>0 0 1 0.3021332438123722</rotate>
                                            <rotate>1 0 0 89.99725333414716</rotate>
                                            <node id="jointnode24" name="LHand00" sid="jointnode24" type="JOINT">
                                            </node>
                                        </node>
                                    </node>
                                </node>
                            </node>
                            <node id="jointnode25" name="shoulderR" sid="jointnode25" type="JOINT">
                                <translate>55.20462417602539 -17.607759475708008 -41.63612747192383</translate>
                                <rotate>0 1 0 89.99725333414716</rotate>
                                <rotate>1 0 0 14.99679555650502</rotate>
                                <node id="jointnode26" name="armR1" sid="jointnode26" type="JOINT">
                                    <translate>49.89896774291992 -12.842338562011719 0.8026459813117981</translate>
                                    <rotate>1 0 0 180</rotate>
                                    <node id="jointnode27" name="armR2" sid="jointnode27" type="JOINT">
                                        <translate>70.98450469970703 0.8087810277938843 -0.0019000000320374966</translate>
                                        <node id="jointnode28" name="wristR" sid="jointnode28" type="JOINT">
                                            <translate>74.8952407836914 -1.2546720504760742 -0.0003389999910723418</translate>
                                            <rotate>1 0 0 -89.99725333414716</rotate>
                                            <node id="jointnode29" name="RHand00" sid="jointnode29" type="JOINT">
                                            </node>
                                        </node>
                                    </node>
                                </node>
                            </node>
                            <node id="jointnode30" name="tie1" sid="jointnode30" type="JOINT">
                                <translate>53.689998626708984 22.219539642333984 9.999999974752427e-7</translate>
                                <rotate>0 0 1 46.566972869045074</rotate>
                                <node id="jointnode31" name="tie2" sid="jointnode31" type="JOINT">
                                    <translate>-5.107291221618652 50.44388961791992 -9.999999974752427e-7</translate>
                                    <rotate>0 0 1 116.27185888241218</rotate>
                                    <node id="jointnode32" name="tie3" sid="jointnode32" type="JOINT">
                                        <translate>30.69717025756836 -0.8755390048027039 0</translate>
                                        <rotate>0 0 1 5.888851588488418</rotate>
                                        <node id="jointnode33" name="tie4" sid="jointnode33" type="JOINT">
                                            <translate>26.730558395385742 0.7924079895019531 0</translate>
                                            <rotate>0 0 1 -3.389385662404248</rotate>
                                            <rotate>1 0 0 180</rotate>
                                        </node>
                                    </node>
                                </node>
                            </node>
                        </node>
                    </node>
                </node>
            </node>
        </visual_scene>
    </library_visual_scenes>
    <scene>
        <instance_visual_scene url="#VisualSceneNode"></instance_visual_scene>
    </scene>
</COLLADA>
