# Blender v2.79 (sub 0) OBJ File: ''
# www.blender.org
mtllib face 18.mtl
o n0b0_n0b0.016
v 0.348164 0.299609 0.000000
v 0.531250 -0.016406 0.058750
v 0.393672 -0.274414 -0.103906
v 1.047461 0.263672 0.000000
v 0.520781 -0.001797 0.123359
v 0.520781 -0.001797 0.123359
v 0.441719 -0.213984 -0.068359
v 1.119141 0.214570 0.000000
v 0.445820 -0.063047 0.055977
v 0.445820 -0.063047 0.055977
v 0.349258 -0.251055 -0.073164
v 1.159063 0.207656 0.000000
v 0.443555 -0.041719 0.115391
v 0.443555 -0.041719 0.115391
v 0.350742 -0.011992 -0.129414
v 1.163281 0.240078 0.000000
v 0.566836 0.078437 0.187187
v 0.397422 -0.155430 -0.056289
v 1.048867 0.377227 0.000000
v 0.495508 0.035391 0.185820
v 0.258398 -0.273477 -0.139883
v 0.172148 0.318516 0.000000
v 0.074062 0.123984 0.190977
v 0.074062 0.123984 0.190977
v 0.376133 -0.169062 -0.107109
v 0.331094 0.229648 0.000000
v 0.408867 0.036523 0.254805
v 0.249297 -0.083008 -0.216797
v 0.190820 0.361953 0.000000
v 0.466367 0.069219 0.235273
v 0.224180 -0.138477 -0.229062
v 0.255234 0.420469 0.000000
v 0.412539 0.086055 0.274336
v 0.262852 -0.085938 -0.229766
v 0.306875 0.416211 0.078789
v 0.342773 -0.003711 0.232773
v 0.235312 -0.146094 -0.241797
v 0.339687 0.306719 0.090898
v 0.156133 0.077344 0.263281
v 0.156133 0.077344 0.263281
v 0.287891 -0.100859 -0.220469
v 1.050234 0.362812 0.082930
v 0.207383 0.044531 0.249883
v 0.270078 -0.159141 -0.232969
v 0.240273 0.367109 0.095703
v 0.477656 0.110508 0.251094
v 0.207812 -0.207500 -0.232773
v 0.335039 0.263633 0.119570
v 0.476289 0.131563 0.245430
v 0.476289 0.131563 0.245430
v 0.241328 -0.242695 -0.231914
v 1.051680 0.332266 0.128594
v 0.367930 0.130664 0.272031
v 0.367930 0.130664 0.272031
v 0.367930 0.130664 0.272031
v 0.367930 0.130664 0.272031
v 0.367930 0.130664 0.272031
v 0.240898 -0.287461 -0.208438
v 0.174961 0.345156 0.048125
v 0.584453 0.093906 0.205859
v 0.277539 -0.202500 -0.210898
v 0.207070 0.331875 0.100898
v 0.576523 0.082461 0.198516
v 0.272148 -0.196289 -0.188398
v 0.332734 0.241875 0.126016
v 0.588242 0.110625 0.198945
v 0.588242 0.110625 0.198945
v 0.282461 -0.304375 -0.188203
v 1.051328 0.303047 0.132695
v 0.635938 0.086758 0.145898
v 0.635938 0.086758 0.145898
v 0.324180 -0.303906 -0.164180
v 1.137266 0.253750 0.074648
v 0.361172 0.120039 0.292500
v 0.361172 0.120039 0.292500
v 0.303906 -0.262422 -0.211094
v 1.135195 0.227305 0.059414
v 0.381719 0.300586 0.263437
v 0.381719 0.300586 0.263437
v 0.381719 0.300586 0.263437
v 0.339023 -0.261016 -0.191367
v 0.160313 0.303359 0.039180
v 0.370352 0.301523 0.231641
v 0.370352 0.301523 0.231641
v 0.404453 -0.183750 -0.121914
v 0.182266 0.291016 0.080625
v 0.368125 0.130469 0.242227
v 0.429492 -0.167383 -0.066055
v 0.330039 0.222422 0.085117
v 0.256484 0.187539 0.324687
v 0.209453 -0.182656 -0.228203
v 1.048398 0.271914 0.096484
v 0.061602 0.253242 0.184258
v 0.325625 -0.212422 -0.195078
v 1.105000 0.227227 0.052422
v 0.082305 0.394062 0.168984
v 0.365938 -0.202227 -0.163359
v 0.330312 0.217891 0.040820
v 0.120352 0.391562 0.241250
v 0.434141 -0.243906 0.000000
v 1.047148 0.253867 0.037500
v 0.133672 0.478594 0.145391
v 0.425352 -0.252969 -0.057891
v 0.536602 0.209961 0.000000
v 0.365469 0.496641 0.145586
v 0.356484 -0.294883 -0.137109
v 0.536133 0.200664 0.048164
v 0.418281 0.425352 0.252344
v 0.378125 -0.252187 -0.163398
v 0.536055 0.216094 0.119023
v 0.360273 0.402031 0.272891
v 0.399375 -0.258125 0.000000
v 0.537266 0.235977 0.162031
v 0.353594 0.409023 0.283477
v 0.394844 -0.265742 -0.047773
v 0.536406 0.256758 0.161328
v 0.349219 0.394922 0.233008
v 0.363711 -0.276289 -0.078398
v 0.535156 0.286523 0.107578
v 0.407500 0.400898 0.207930
v 0.319961 -0.290781 -0.110781
v 0.534570 0.300586 0.000000
v 0.413398 0.400781 0.230547
v 0.413398 0.400781 0.230547
v 0.383555 -0.240352 -0.042773
v 0.733516 0.171602 0.000000
v 0.359687 0.392656 0.261328
v 0.359687 0.392656 0.261328
v 0.316758 -0.261406 -0.102656
v 0.733281 0.160820 0.050352
v 0.335312 0.305742 0.307578
v 0.315625 -0.067969 0.187695
v 0.734648 0.180977 0.132930
v 0.317461 0.439219 0.282500
v 0.362695 -0.010742 0.153828
v 0.735586 0.206992 0.175586
v 0.380898 0.479609 0.216875
v 0.314258 -0.057031 0.202500
v 0.736836 0.236250 0.169609
v 0.410391 0.433047 0.239727
v 0.349609 -0.001484 0.168984
v 0.735391 0.267500 0.117539
v 0.330469 0.546211 0.124375
v 0.322148 -0.000703 0.147227
v 0.734648 0.282969 0.000000
v 0.217383 0.527695 0.131797
v 0.295664 -0.044727 0.208320
v 0.429023 0.285547 0.000000
v 0.388086 -0.027969 0.093906
v 0.277734 -0.043203 0.194688
v 0.428711 0.275977 0.040195
v 0.121953 0.152656 0.269727
v 0.278242 -0.154336 0.192773
v 0.429648 0.289570 0.102344
v 0.181211 0.285156 0.310664
v 0.310195 -0.200781 0.165234
v 0.431562 0.307617 0.145703
v 0.206250 0.481484 0.225547
v 0.306406 -0.068125 0.175781
v 0.433164 0.326953 0.138945
v 0.469961 0.539844 0.080156
v 0.340820 -0.190859 0.144688
v 0.435234 0.353398 0.083594
v 0.523320 0.482187 0.132266
v 0.279492 -0.155195 0.210664
v 0.436680 0.368477 0.000000
v 0.536055 0.472617 0.139727
v 0.187227 -0.252891 0.211875
v 0.848398 0.263242 0.000000
v 0.530273 0.443672 0.126719
v 0.530273 0.443672 0.126719
v 0.206016 -0.285117 0.173867
v 0.849414 0.253242 0.043047
v 0.506953 0.445391 0.113711
v 0.417031 -0.231055 0.122695
v 0.849727 0.273320 0.123008
v 0.546602 0.454297 0.135430
v 0.393672 -0.274414 0.103906
v 0.850273 0.299414 0.164180
v 0.420898 0.408437 0.242734
v 0.441719 -0.213984 0.068359
v 0.849258 0.328047 0.158359
v 0.297812 0.079492 0.230156
v 0.349258 -0.251055 0.073164
v 0.846172 0.358086 0.107227
v 0.537539 0.124258 0.223828
v 0.537539 0.124258 0.223828
v 0.350742 -0.011992 0.129414
v 0.845117 0.372891 0.000000
v 0.537070 0.112695 0.230586
v 0.397422 -0.155430 0.056289
v 0.625039 0.268867 0.000000
v 0.238477 0.147773 0.236641
v 0.258398 -0.273477 0.139883
v 0.624102 0.259023 0.052109
v 0.470664 0.424375 0.163906
v 0.376133 -0.169062 0.107109
v 0.625781 0.276289 0.129414
v 0.481680 0.420977 0.178828
v 0.481680 0.420977 0.178828
v 0.249297 -0.083008 0.216797
v 0.625703 0.298516 0.172227
v 0.495312 0.431367 0.199180
v 0.224180 -0.138477 0.229062
v 0.626406 0.324023 0.166055
v 0.486211 0.448945 0.198789
v 0.262852 -0.085938 0.229766
v 0.624648 0.352422 0.113164
v 0.359883 0.305937 0.285859
v 0.235312 -0.146094 0.241797
v 0.624570 0.366992 0.000000
v 0.371367 0.207031 0.237891
v 0.287891 -0.100859 0.220469
v 0.339687 0.306719 -0.090898
v 0.382344 0.207383 0.266016
v 0.382344 0.207383 0.266016
v 0.382344 0.207383 0.266016
v 0.270078 -0.159141 0.232969
v 0.348164 0.299609 0.000000
v 0.362891 0.204336 0.287148
v 0.207812 -0.207500 0.232773
v 0.306875 0.416211 -0.078789
v 0.340000 0.200273 0.312422
v 0.241328 -0.242695 0.231914
v 0.435234 0.353398 -0.083594
v 0.343008 0.109336 0.295625
v 0.343008 0.109336 0.295625
v 0.240898 -0.287461 0.208438
v 0.436680 0.368477 0.000000
v 0.355547 0.202969 0.295898
v 0.277539 -0.202500 0.210898
v 0.255234 0.420469 0.000000
v 0.351680 0.306562 0.288711
v 0.272148 -0.196289 0.188398
v 0.240273 0.367109 -0.095703
v 0.641914 0.033281 0.073711
v 0.282461 -0.304375 0.188203
v 0.335039 0.263633 -0.119570
v 0.660234 0.045586 0.075859
v 0.324180 -0.303906 0.164180
v 0.433164 0.326953 -0.138945
v 0.665352 0.065039 0.074648
v 0.665352 0.065039 0.074648
v 0.303906 -0.262422 0.211094
v 1.050234 0.362812 -0.082930
v 0.525117 0.456133 0.058906
v 0.339023 -0.261016 0.191367
v 0.174961 0.345156 -0.048125
v 0.553945 0.456406 0.062188
v 0.553945 0.456406 0.062188
v 0.404453 -0.183750 0.121914
v 0.207070 0.331875 -0.100898
v 0.581133 0.473164 0.067305
v 0.429492 -0.167383 0.066055
v 0.332734 0.241875 -0.126016
v 0.570273 0.492461 0.069961
v 0.209453 -0.182656 0.228203
v 0.431562 0.307617 -0.145703
v 0.637500 0.077695 0.071992
v 0.325625 -0.212422 0.195078
v 1.051680 0.332266 -0.128594
v 0.609844 0.095664 0.138047
v 0.365938 -0.202227 0.163359
v 1.051328 0.303047 -0.132695
v 0.577891 0.111953 0.177305
v 0.425352 -0.252969 0.057891
v 1.135195 0.227305 -0.059414
v 0.526523 0.122891 0.202578
v 0.356484 -0.294883 0.137109
v 1.137266 0.253750 -0.074648
v 0.468359 0.135625 0.217812
v 0.378125 -0.252187 0.163398
v 0.160313 0.303359 -0.039180
v 0.521797 0.096055 0.221797
v 0.394844 -0.265742 0.047773
v 0.182266 0.291016 -0.080625
v 0.342617 0.027148 0.271602
v 0.363711 -0.276289 0.078398
v 0.330039 0.222422 -0.085117
v 0.267383 0.025352 0.240664
v 0.319961 -0.290781 0.110781
v 0.429648 0.289570 -0.102344
v 0.234062 0.416992 0.251758
v 0.383555 -0.240352 0.042773
v 1.048398 0.271914 -0.096484
v 0.343477 0.413906 0.279687
v 0.316758 -0.261406 0.102656
v 1.105000 0.227227 -0.052422
v 0.363359 0.125664 0.287930
v 0.363359 0.125664 0.287930
v 0.316406 -0.103242 0.136602
v 1.119141 0.214570 0.000000
v 0.376875 0.207070 0.283633
v 0.314453 -0.129063 0.111836
v 1.159063 0.207656 0.000000
v 0.375781 0.303320 0.281523
v 0.313750 -0.138516 0.078047
v 1.047148 0.253867 -0.037500
v 0.533398 0.101797 0.227383
v 0.314453 -0.129063 0.044258
v 0.428711 0.275977 -0.040195
v 0.472539 0.103242 0.246797
v 0.316406 -0.103242 0.019531
v 0.330312 0.217891 -0.040820
v 0.413203 0.113203 0.269844
v 0.319063 -0.067969 0.010469
v 0.624102 0.259023 -0.052109
v 0.531914 0.459375 0.000000
v 0.531914 0.459375 0.000000
v 0.321719 -0.032656 0.019531
v 0.536133 0.200664 -0.048164
v 0.065586 0.105312 0.000000
v 0.323672 -0.006836 0.044258
v 0.625781 0.276289 -0.129414
v 0.356875 -0.029102 0.179648
v 0.324375 0.002578 0.078047
v 0.536055 0.216094 -0.119023
v 0.262539 0.044336 0.276562
v 0.323672 -0.006836 0.111836
v 0.625703 0.298516 -0.172227
v 0.475820 0.457852 0.187500
v 0.321719 -0.032656 0.136602
v 0.537266 0.235977 -0.162031
v 0.432812 0.509336 0.159375
v 0.319063 -0.067969 0.145664
v 0.536406 0.256758 -0.161328
v 0.190273 0.405352 0.276797
v 0.380195 -0.112656 0.144219
v 0.626406 0.324023 -0.166055
v 0.625703 0.036914 0.061641
v 0.625703 0.036914 0.061641
v 0.377969 -0.141875 0.116250
v 0.624648 0.352422 -0.113164
v 0.115234 0.270195 0.266992
v 0.377187 -0.152539 0.078047
v 0.535156 0.286523 -0.107578
v 0.478164 0.121133 -0.251641
v 0.377969 -0.141875 0.039844
v 0.534570 0.300586 0.000000
v 0.416562 0.122109 -0.270508
v 0.380195 -0.112656 0.011914
v 0.848398 0.263242 0.000000
v 0.477656 0.110508 -0.251094
v 0.383203 -0.072773 0.001680
v 0.849414 0.253242 -0.043047
v 0.465117 0.061250 -0.134414
v 0.386172 -0.032891 0.011914
v 0.733281 0.160820 -0.050352
v 0.297812 0.079492 -0.230156
v 0.388398 -0.003711 0.039844
v 0.733516 0.171602 0.000000
v 0.332031 0.053711 -0.292539
v 0.389180 0.006953 0.078047
v 0.849727 0.273320 -0.123008
v 0.322539 0.098906 -0.303008
v 0.322539 0.098906 -0.303008
v 0.388398 -0.003711 0.116250
v 0.734648 0.180977 -0.132930
v 0.256367 0.087930 -0.298789
v 0.256367 0.087930 -0.298789
v 0.386172 -0.032891 0.144219
v 0.850273 0.299414 -0.164180
v 0.632109 0.067695 -0.149414
v 0.383203 -0.072773 0.154453
v 0.735586 0.206992 -0.175586
v 0.622148 0.055977 -0.148242
v 0.473398 -0.117891 0.140273
v 0.736836 0.236250 -0.169609
v 0.641914 0.033281 -0.073711
v 0.471367 -0.144766 0.114531
v 0.849258 0.328047 -0.158359
v 0.660234 0.045586 -0.075859
v 0.470625 -0.154609 0.079336
v 0.846172 0.358086 -0.107227
v 0.609375 0.055937 -0.134961
v 0.609375 0.055937 -0.134961
v 0.471367 -0.144766 0.044180
v 0.735391 0.267500 -0.117539
v 0.625703 0.036914 -0.061641
v 0.625703 0.036914 -0.061641
v 0.473398 -0.117891 0.018398
v 0.952187 0.203008 -0.148438
v 0.531250 -0.016406 -0.058750
v 0.476172 -0.081133 0.008984
v 0.950430 0.174414 -0.109766
v 0.520781 -0.001797 -0.123359
v 0.520781 -0.001797 -0.123359
v 0.478906 -0.044414 0.018398
v 0.949648 0.155312 -0.040273
v 0.443555 -0.041719 -0.115391
v 0.443555 -0.041719 -0.115391
v 0.480937 -0.017539 0.044180
v 0.949297 0.165234 0.000000
v 0.445820 -0.063047 -0.055977
v 0.445820 -0.063047 -0.055977
v 0.481680 -0.007695 0.079336
v 0.949648 0.155312 0.040273
v 0.495508 0.035391 -0.185820
v 0.480937 -0.017539 0.114531
v 0.949297 0.165234 0.000000
v 0.566836 0.078437 -0.187187
v 0.478906 -0.044414 0.140273
v 0.950430 0.174414 0.109766
v 0.466367 0.069219 -0.235273
v 0.476172 -0.081133 0.149727
v 0.952187 0.203008 0.148438
v 0.412539 0.086055 -0.274336
v 0.573438 -0.119766 0.126953
v 0.951836 0.231914 0.143477
v 0.408867 0.036523 -0.254805
v 0.571797 -0.141328 0.106641
v 0.949570 0.262227 0.095078
v 0.428047 -0.008398 -0.197305
v 0.571211 -0.149219 0.078906
v 0.948359 0.276836 0.000000
v 0.342773 -0.003711 -0.232773
v 0.571797 -0.141328 0.051133
v 0.949570 0.262227 -0.095078
v 0.262539 0.044336 -0.276562
v 0.573438 -0.119766 0.030820
v 0.951836 0.231914 -0.143477
v 0.156133 0.077344 -0.263281
v 0.156133 0.077344 -0.263281
v 0.575664 -0.090312 0.023359
v 0.588281 0.043125 0.000000
v 0.207383 0.044531 -0.249883
v 0.577891 -0.060820 0.030820
v 0.543594 0.053164 0.000000
v 0.472539 0.103242 -0.246797
v 0.579492 -0.039258 0.051133
v 0.604492 0.135508 0.000000
v 0.413203 0.113203 -0.269844
v 0.580078 -0.031367 0.078906
v 0.559961 0.152969 0.000000
v 0.559961 0.152969 0.000000
v 0.367930 0.130664 -0.272031
v 0.367930 0.130664 -0.272031
v 0.367930 0.130664 -0.272031
v 0.367930 0.130664 -0.272031
v 0.367930 0.130664 -0.272031
v 0.579492 -0.039258 0.106641
v 0.597852 0.148398 0.000000
v 0.476289 0.131563 -0.245430
v 0.476289 0.131563 -0.245430
v 0.577891 -0.060820 0.126953
v 0.529375 0.484414 0.000000
v 0.537070 0.112695 -0.230586
v 0.575664 -0.090312 0.134414
v 0.473281 0.463945 0.000000
v 0.584453 0.093906 -0.205859
v 0.632812 -0.114727 0.112031
v 0.552578 0.414219 0.000000
v 0.588242 0.110625 -0.198945
v 0.588242 0.110625 -0.198945
v 0.631680 -0.129570 0.098008
v 0.498984 0.390547 0.000000
v 0.498984 0.390547 0.000000
v 0.537539 0.124258 -0.223828
v 0.537539 0.124258 -0.223828
v 0.631289 -0.135039 0.078906
v 0.547344 0.400977 0.000000
v 0.521797 0.096055 -0.221797
v 0.631680 -0.129570 0.059766
v 0.544688 0.054688 0.149609
v 0.544688 0.054688 0.149609
v 0.576523 0.082461 -0.198516
v 0.632812 -0.114727 0.045742
v 0.460508 0.081055 0.212695
v 0.460508 0.081055 0.212695
v 0.635938 0.086758 -0.145898
v 0.635938 0.086758 -0.145898
v 0.634336 -0.094414 0.040625
v 0.289609 0.116641 0.251250
v 0.665352 0.065039 -0.074648
v 0.665352 0.065039 -0.074648
v 0.635859 -0.074102 0.045742
v 0.504219 0.065547 0.115625
v 0.504219 0.065547 0.115625
v 0.371367 0.207031 -0.237891
v 0.636992 -0.059219 0.059766
v 0.432148 0.089414 0.163398
v 0.432148 0.089414 0.163398
v 0.205625 0.282695 -0.257461
v 0.205625 0.282695 -0.257461
v 0.637383 -0.053789 0.078906
v 0.292383 0.116055 0.193203
v 0.370352 0.301523 -0.231641
v 0.370352 0.301523 -0.231641
v 0.636992 -0.059219 0.098008
v 0.378789 0.105820 0.187773
v 0.378789 0.105820 0.187773
v 0.468359 0.135625 -0.217812
v 0.635859 -0.074102 0.112031
v 0.383359 0.104844 0.242422
v 0.383359 0.104844 0.242422
v 0.368125 0.130469 -0.242227
v 0.634336 -0.094414 0.117148
v 0.560547 0.141289 0.143242
v 0.560547 0.141289 0.143242
v 0.074062 0.123984 -0.190977
v 0.074062 0.123984 -0.190977
v 0.655039 -0.107148 0.095273
v 0.471094 0.149961 0.214766
v 0.471094 0.149961 0.214766
v 0.065586 0.105312 -0.085664
v 0.065586 0.105312 -0.085664
v 0.654453 -0.114648 0.088125
v 0.382969 0.155586 0.244492
v 0.382969 0.155586 0.244492
v 0.100664 0.069609 -0.182695
v 0.654258 -0.117383 0.078320
v 0.288242 0.154492 0.252070
v 0.247852 0.028750 -0.175898
v 0.654453 -0.114648 0.068555
v 0.291836 0.165898 0.194102
v 0.291836 0.165898 0.194102
v 0.267383 0.025352 -0.240664
v 0.655039 -0.107148 0.061367
v 0.379180 0.167539 0.189687
v 0.379180 0.167539 0.189687
v 0.379180 0.167539 0.189687
v 0.379180 0.167539 0.189687
v 0.150586 0.048711 -0.195195
v 0.655781 -0.096953 0.058750
v 0.445664 0.165937 0.165273
v 0.445664 0.165937 0.165273
v 0.445664 0.165937 0.165273
v 0.445664 0.165937 0.165273
v 0.363359 0.125664 -0.287930
v 0.363359 0.125664 -0.287930
v 0.656563 -0.086719 0.061367
v 0.521016 0.160391 0.113789
v 0.521016 0.160391 0.113789
v 0.521016 0.160391 0.113789
v 0.521016 0.160391 0.113789
v 0.361172 0.120039 -0.292500
v 0.361172 0.120039 -0.292500
v 0.657109 -0.079258 0.068555
v 0.553750 0.154336 0.143164
v 0.553750 0.154336 0.143164
v 0.373828 0.068047 -0.290781
v 0.657344 -0.076523 0.078320
v 0.467969 0.162227 0.206484
v 0.467969 0.162227 0.206484
v 0.342617 0.027148 -0.271602
v 0.657109 -0.079258 0.088125
v 0.382617 0.167266 0.235469
v 0.382617 0.167266 0.235469
v 0.382344 0.207383 -0.266016
v 0.382344 0.207383 -0.266016
v 0.382344 0.207383 -0.266016
v 0.656563 -0.086719 0.095273
v 0.289766 0.166055 0.242383
v 0.356875 -0.029102 -0.179648
v 0.655781 -0.096953 0.097891
v 0.510312 0.401602 0.136641
v 0.510312 0.401602 0.136641
v 0.322148 -0.000703 -0.147227
v 0.663828 -0.097539 0.078320
v 0.488828 0.468477 0.136602
v 0.488828 0.468477 0.136602
v 0.388086 -0.027969 -0.093906
v 0.316406 -0.103242 -0.136602
v 0.434687 0.380039 0.207461
v 0.434687 0.380039 0.207461
v 0.577891 0.111953 -0.177305
v 0.314453 -0.129063 -0.111836
v 0.415430 0.440273 0.209336
v 0.415430 0.440273 0.209336
v 0.609844 0.095664 -0.138047
v 0.377969 -0.141875 -0.116250
v 0.294531 0.338008 0.235312
v 0.343008 0.109336 -0.295625
v 0.343008 0.109336 -0.295625
v 0.380195 -0.112656 -0.144219
v 0.279414 0.388594 0.236992
v 0.637500 0.077695 -0.071992
v 0.313750 -0.138516 -0.078047
v 0.335352 0.408555 0.236016
v 0.335352 0.408555 0.236016
v 0.533398 0.101797 -0.227383
v 0.377187 -0.152539 -0.078047
v 0.355977 0.350547 0.234609
v 0.355977 0.350547 0.234609
v 0.256484 0.187539 -0.324687
v 0.314453 -0.129063 -0.044258
v 0.451055 0.446641 0.099258
v 0.451055 0.446641 0.099258
v 0.061602 0.253242 -0.184258
v 0.377969 -0.141875 -0.039844
v 0.470820 0.376445 0.099258
v 0.470820 0.376445 0.099258
v 0.470820 0.376445 0.099258
v 0.470820 0.376445 0.099258
v 0.082305 0.394062 -0.168984
v 0.316406 -0.103242 -0.019531
v 0.392422 0.428242 0.160625
v 0.392422 0.428242 0.160625
v 0.133672 0.478594 -0.145391
v 0.380195 -0.112656 -0.011914
v 0.413281 0.366250 0.158945
v 0.413281 0.366250 0.158945
v 0.413281 0.366250 0.158945
v 0.413281 0.366250 0.158945
v 0.234062 0.416992 -0.251758
v 0.319063 -0.067969 -0.010469
v 0.348555 0.350273 0.179180
v 0.348555 0.350273 0.179180
v 0.348555 0.350273 0.179180
v 0.348555 0.350273 0.179180
v 0.349219 0.394922 -0.233008
v 0.383203 -0.072773 -0.001680
v 0.330664 0.408281 0.181211
v 0.330664 0.408281 0.181211
v 0.375781 0.303320 -0.281523
v 0.321719 -0.032656 -0.019531
v 0.282227 0.388750 0.183281
v 0.360234 0.305117 -0.285859
v 0.386172 -0.032891 -0.011914
v 0.292187 0.334375 0.181758
v 0.292187 0.334375 0.181758
v 0.362734 0.204141 -0.287148
v 0.323672 -0.006836 -0.044258
v 0.506328 0.388711 0.130742
v 0.506328 0.388711 0.130742
v 0.376875 0.207070 -0.283633
v 0.388398 -0.003711 -0.039844
v 0.544688 0.054688 -0.149609
v 0.544688 0.054688 -0.149609
v 0.407500 0.400898 -0.207930
v 0.324375 0.002578 -0.078047
v 0.560547 0.141289 -0.143242
v 0.560547 0.141289 -0.143242
v 0.413398 0.400781 -0.230547
v 0.413398 0.400781 -0.230547
v 0.389180 0.006953 -0.078047
v 0.460508 0.081055 -0.212695
v 0.460508 0.081055 -0.212695
v 0.359687 0.392656 -0.261328
v 0.359687 0.392656 -0.261328
v 0.323672 -0.006836 -0.111836
v 0.471094 0.149961 -0.214766
v 0.471094 0.149961 -0.214766
v 0.525117 0.456133 -0.058906
v 0.388398 -0.003711 -0.116250
v 0.383359 0.104844 -0.242422
v 0.383359 0.104844 -0.242422
v 0.553945 0.456406 -0.062188
v 0.553945 0.456406 -0.062188
v 0.321719 -0.032656 -0.136602
v 0.382969 0.155586 -0.244492
v 0.382969 0.155586 -0.244492
v 0.530273 0.443672 -0.126719
v 0.530273 0.443672 -0.126719
v 0.386172 -0.032891 -0.144219
v 0.288242 0.154492 -0.252070
v 0.506953 0.445391 -0.113711
v 0.319063 -0.067969 -0.145664
v 0.289609 0.116641 -0.251250
v 0.546602 0.454297 -0.135430
v 0.383203 -0.072773 -0.154453
v 0.521016 0.160391 -0.113789
v 0.521016 0.160391 -0.113789
v 0.521016 0.160391 -0.113789
v 0.521016 0.160391 -0.113789
v 0.581133 0.473164 -0.067305
v 0.471367 -0.144766 -0.114531
v 0.504219 0.065547 -0.115625
v 0.504219 0.065547 -0.115625
v 0.351680 0.306562 -0.288711
v 0.473398 -0.117891 -0.140273
v 0.445664 0.165937 -0.165273
v 0.445664 0.165937 -0.165273
v 0.445664 0.165937 -0.165273
v 0.445664 0.165937 -0.165273
v 0.317461 0.439219 -0.280664
v 0.470625 -0.154609 -0.079336
v 0.432148 0.089414 -0.163398
v 0.432148 0.089414 -0.163398
v 0.335312 0.305742 -0.307578
v 0.471367 -0.144766 -0.044180
v 0.379180 0.167539 -0.189687
v 0.379180 0.167539 -0.189687
v 0.379180 0.167539 -0.189687
v 0.379180 0.167539 -0.189687
v 0.380898 0.479609 -0.216875
v 0.473398 -0.117891 -0.018398
v 0.378789 0.105820 -0.187773
v 0.378789 0.105820 -0.187773
v 0.410391 0.433047 -0.239727
v 0.476172 -0.081133 -0.008984
v 0.292383 0.116055 -0.193203
v 0.343477 0.413906 -0.279687
v 0.478906 -0.044414 -0.018398
v 0.291836 0.165898 -0.194102
v 0.291836 0.165898 -0.194102
v 0.353594 0.409023 -0.283477
v 0.480937 -0.017539 -0.044180
v 0.289766 0.166055 -0.242383
v 0.418281 0.425352 -0.252344
v 0.481680 -0.007695 -0.079336
v 0.382617 0.167266 -0.235469
v 0.382617 0.167266 -0.235469
v 0.330469 0.546211 -0.124375
v 0.480937 -0.017539 -0.114531
v 0.467969 0.162227 -0.206484
v 0.467969 0.162227 -0.206484
v 0.432812 0.509336 -0.159375
v 0.478906 -0.044414 -0.140273
v 0.553750 0.154336 -0.143164
v 0.553750 0.154336 -0.143164
v 0.469961 0.539844 -0.080156
v 0.476172 -0.081133 -0.149727
v 0.488828 0.468477 -0.136602
v 0.488828 0.468477 -0.136602
v 0.523320 0.482187 -0.132266
v 0.571797 -0.141328 -0.106641
v 0.510312 0.401602 -0.136641
v 0.510312 0.401602 -0.136641
v 0.486211 0.448945 -0.198789
v 0.573438 -0.119766 -0.126953
v 0.415430 0.440273 -0.209336
v 0.415430 0.440273 -0.209336
v 0.536055 0.472617 -0.139727
v 0.571211 -0.149219 -0.078906
v 0.434687 0.380039 -0.207461
v 0.434687 0.380039 -0.207461
v 0.570273 0.492461 -0.069961
v 0.571797 -0.141328 -0.051133
v 0.294531 0.338008 -0.235312
v 0.217383 0.527695 -0.131797
v 0.573438 -0.119766 -0.030820
v 0.355977 0.350547 -0.234609
v 0.355977 0.350547 -0.234609
v 0.476328 0.458594 -0.193125
v 0.575664 -0.090312 -0.023359
v 0.335352 0.408555 -0.236016
v 0.335352 0.408555 -0.236016
v 0.181211 0.285156 -0.310664
v 0.577891 -0.060820 -0.030820
v 0.279414 0.388594 -0.236992
v 0.206250 0.481484 -0.225547
v 0.579492 -0.039258 -0.051133
v 0.470820 0.376445 -0.099258
v 0.470820 0.376445 -0.099258
v 0.470820 0.376445 -0.099258
v 0.470820 0.376445 -0.099258
v 0.120352 0.391562 -0.241250
v 0.580078 -0.031367 -0.078906
v 0.451055 0.446641 -0.099258
v 0.451055 0.446641 -0.099258
v 0.365469 0.496641 -0.145586
v 0.579492 -0.039258 -0.106641
v 0.413281 0.366250 -0.158945
v 0.413281 0.366250 -0.158945
v 0.413281 0.366250 -0.158945
v 0.413281 0.366250 -0.158945
v 0.420898 0.408437 -0.242734
v 0.577891 -0.060820 -0.126953
v 0.392422 0.428242 -0.160625
v 0.392422 0.428242 -0.160625
v 0.481680 0.420977 -0.178828
v 0.481680 0.420977 -0.178828
v 0.575664 -0.090312 -0.134414
v 0.348555 0.350273 -0.179180
v 0.348555 0.350273 -0.179180
v 0.348555 0.350273 -0.179180
v 0.348555 0.350273 -0.179180
v 0.495312 0.431367 -0.199180
v 0.631680 -0.129570 -0.098008
v 0.292187 0.334375 -0.181758
v 0.292187 0.334375 -0.181758
v 0.360273 0.402031 -0.272891
v 0.632812 -0.114727 -0.112031
v 0.282227 0.388750 -0.183281
v 0.340000 0.200273 -0.312422
v 0.631289 -0.135039 -0.078906
v 0.330664 0.408281 -0.181211
v 0.330664 0.408281 -0.181211
v 0.121953 0.152656 -0.269727
v 0.631680 -0.129570 -0.059766
v 0.506328 0.388711 -0.130742
v 0.506328 0.388711 -0.130742
v 0.115234 0.270195 -0.266992
v 0.632812 -0.114727 -0.045742
v 0.404375 -0.059023 0.000000
v 0.381719 0.300586 -0.263437
v 0.381719 0.300586 -0.263437
v 0.381719 0.300586 -0.263437
v 0.634336 -0.094414 -0.040625
v 0.446758 -0.071562 0.000000
v 0.446758 -0.071562 0.000000
v 0.470664 0.424375 -0.163906
v 0.635859 -0.074102 -0.045742
v 0.533086 -0.025625 0.000000
v 0.526523 0.122891 -0.202578
v 0.636992 -0.059219 -0.059766
v 0.650039 0.026484 0.000000
v 0.190273 0.405352 -0.276797
v 0.637383 -0.053789 -0.078906
v 0.629297 0.031914 0.000000
v 0.629297 0.031914 0.000000
v 0.355547 0.202969 -0.295898
v 0.636992 -0.059219 -0.098008
v 0.668281 0.035703 0.000000
v 0.238477 0.147773 -0.236641
v 0.635859 -0.074102 -0.112031
v 0.672734 0.055781 0.000000
v 0.672734 0.055781 0.000000
v 0.254648 0.295586 0.316836
v 0.634336 -0.094414 -0.117148
v 0.527187 0.056172 0.000000
v 0.249648 0.414297 0.299609
v 0.654453 -0.114648 -0.088125
v 0.417773 0.024648 0.000000
v 0.300547 0.490820 0.226523
v 0.655039 -0.107148 -0.095273
v 0.045937 0.246797 0.000000
v 0.254648 0.295586 -0.316836
v 0.654258 -0.117383 -0.078320
v 0.066328 0.402227 0.000000
v 0.249648 0.414297 -0.299609
v 0.654453 -0.114648 -0.068555
v 0.304844 0.510664 0.000000
v 0.300547 0.490820 -0.226523
v 0.655039 -0.107148 -0.061367
v 0.462617 0.523203 0.000000
v 0.413047 0.138906 0.230352
v 0.655781 -0.096953 -0.058750
v 0.559922 0.458242 0.000000
v 0.559922 0.458242 0.000000
v 0.417227 0.133750 0.259141
v 0.417227 0.133750 0.259141
v 0.656563 -0.086719 -0.061367
v 0.338047 0.564922 0.000000
v 0.417227 0.133750 -0.259141
v 0.417227 0.133750 -0.259141
v 0.657109 -0.079258 -0.068555
v 0.476875 0.548047 0.000000
v 0.413047 0.138906 -0.230352
v 0.657344 -0.076523 -0.078320
v 0.547344 0.499102 0.000000
v 0.539297 0.491914 -0.071250
v 0.657109 -0.079258 -0.088125
v 0.124141 0.496914 0.000000
v 0.539297 0.491914 0.071250
v 0.656563 -0.086719 -0.095273
v 0.222031 0.549688 0.000000
v 0.051445 0.250000 0.091523
v 0.655781 -0.096953 -0.097891
v 0.157305 0.281680 0.000000
v 0.157305 0.281680 0.000000
v 0.074336 0.398125 0.083945
v 0.663828 -0.097539 -0.078320
v 0.576133 0.497383 0.000000
v 0.576133 0.497383 0.000000
v 0.051445 0.250000 -0.091523
v 0.588281 0.478359 0.000000
v 0.074336 0.398125 -0.083945
v 0.266133 0.047812 0.000000
v 0.192813 0.173672 0.303867
v 0.180391 0.132930 0.000000
v 0.192813 0.173672 -0.303867
v 0.646328 0.069609 0.000000
v 0.448203 -0.206172 0.000000
v 0.197734 0.422773 0.000000
v 0.407578 -0.148867 0.000000
v 0.247852 0.028750 0.175898
v 0.435039 -0.160000 0.000000
v 0.322148 -0.000703 0.147227
v 0.392148 -0.232148 0.000000
v 0.150586 0.048711 0.195195
v 0.315625 -0.067969 -0.187695
v 0.100664 0.069609 0.182695
v 0.362695 -0.010742 -0.153828
v 0.065586 0.105312 0.085664
v 0.065586 0.105312 0.085664
v 0.314258 -0.057031 -0.202500
v 0.428047 -0.008398 0.197305
v 0.349609 -0.001484 -0.168984
v 0.478164 0.121133 0.251641
v 0.322148 -0.000703 -0.147227
v 0.416562 0.122109 0.270508
v 0.295664 -0.044727 -0.208320
v 0.465117 0.061250 0.134414
v 0.277734 -0.043203 -0.194688
v 0.205625 0.282695 0.257461
v 0.205625 0.282695 0.257461
v 0.278242 -0.154336 -0.192773
v 0.256367 0.087930 0.298789
v 0.256367 0.087930 0.298789
v 0.310195 -0.200781 -0.165234
v 0.332031 0.053711 0.292539
v 0.306406 -0.068125 -0.175781
v 0.322539 0.098906 0.303008
v 0.322539 0.098906 0.303008
v 0.340820 -0.190859 -0.144688
v 0.373828 0.068047 0.290781
v 0.279492 -0.155195 -0.210664
v 0.622148 0.055977 0.148242
v 0.187227 -0.252891 -0.211875
v 0.632109 0.067695 0.149414
v 0.206016 -0.285117 -0.173867
v 0.609375 0.055937 0.134961
v 0.609375 0.055937 0.134961
v 0.417031 -0.231055 -0.122695
vt 0.561401 0.297485
vt 0.598999 0.296204
vt 0.561401 0.296204
vt 0.599243 0.297485
vt 0.561401 0.298828
vt 0.599426 0.298828
vt 0.561401 0.301453
vt 0.599854 0.301453
vt 0.561401 0.304077
vt 0.600281 0.304077
vt 0.561401 0.306702
vt 0.600708 0.306702
vt 0.561401 0.312012
vt 0.601562 0.312012
vt 0.561401 0.317261
vt 0.602478 0.317261
vt 0.596069 0.325928
vt 0.611938 0.330200
vt 0.561401 0.334534
vt 0.583923 0.335144
vt 0.561401 0.335144
vt 0.561401 0.332825
vt 0.583923 0.335144
vt 0.576111 0.332825
vt 0.613953 0.330566
vt 0.605896 0.329163
vt 0.623901 0.317261
vt 0.609680 0.317261
vt 0.623108 0.312012
vt 0.608582 0.312012
vt 0.622314 0.306702
vt 0.607483 0.306702
vt 0.621887 0.304077
vt 0.606995 0.304077
vt 0.621521 0.301453
vt 0.606445 0.301453
vt 0.621094 0.298828
vt 0.605896 0.298828
vt 0.620911 0.297485
vt 0.605652 0.297485
vt 0.620667 0.296204
vt 0.605347 0.296204
vt 0.604370 0.266724
vt 0.597290 0.277771
vt 0.561401 0.265442
vt 0.578552 0.296204
vt 0.561462 0.296204
vt 0.578430 0.297791
vt 0.561462 0.297974
vt 0.578308 0.299377
vt 0.561462 0.299805
vt 0.578064 0.302612
vt 0.561462 0.303345
vt 0.577820 0.305786
vt 0.561462 0.306885
vt 0.577576 0.309021
vt 0.561462 0.310425
vt 0.577087 0.315430
vt 0.561462 0.317505
vt 0.576599 0.321838
vt 0.561401 0.324646
vt 0.576599 0.321838
vt 0.576111 0.332825
vt 0.605896 0.329163
vt 0.613953 0.330566
vt 0.623901 0.317261
vt 0.621399 0.317261
vt 0.492920 0.463928
vt 0.498352 0.451172
vt 0.497925 0.465820
vt 0.490906 0.449646
vt 0.487915 0.462036
vt 0.483398 0.448120
vt 0.471680 0.448059
vt 0.463989 0.437134
vt 0.456238 0.440979
vt 0.424988 0.418030
vt 0.437622 0.442505
vt 0.410278 0.427429
vt 0.419006 0.444092
vt 0.395630 0.436829
vt 0.372192 0.461792
vt 0.372192 0.429504
vt 0.313171 0.440002
vt 0.311768 0.426392
vt 0.254150 0.447876
vt 0.254150 0.427002
vt 0.311768 0.426392
vt 0.312500 0.411804
vt 0.372192 0.429504
vt 0.368896 0.418579
vt 0.410278 0.427429
vt 0.424988 0.418030
vt 0.437622 0.442505
vt 0.456238 0.440979
vt 0.434631 0.461792
vt 0.462708 0.451416
vt 0.469177 0.461792
vt 0.477539 0.459412
vt 0.561401 0.317261
vt 0.602478 0.317261
vt 0.596069 0.325928
vt 0.601562 0.312012
vt 0.561401 0.312012
vt 0.600708 0.306702
vt 0.561401 0.306702
vt 0.600281 0.304077
vt 0.599854 0.301453
vt 0.599426 0.298828
vt 0.599243 0.297485
vt 0.598999 0.296204
vt 0.561401 0.255310
vt 0.602539 0.269531
vt 0.618347 0.296204
vt 0.604370 0.266724
vt 0.620667 0.296204
vt 0.605347 0.296204
vt 0.605652 0.297485
vt 0.578552 0.296204
vt 0.578430 0.297791
vt 0.561462 0.297974
vt 0.074097 0.146301
vt 0.042603 0.117310
vt 0.035645 0.120056
vt 0.078064 0.141602
vt 0.126587 0.155945
vt 0.126587 0.150513
vt 0.179077 0.146301
vt 0.175049 0.141602
vt 0.217468 0.120056
vt 0.210571 0.117310
vt 0.231567 0.084106
vt 0.223572 0.084106
vt 0.217468 0.048218
vt 0.210571 0.050964
vt 0.179077 0.021912
vt 0.175049 0.026672
vt 0.126587 0.012329
vt 0.126587 0.017761
vt 0.074097 0.021912
vt 0.078064 0.026672
vt 0.035645 0.048218
vt 0.042603 0.050964
vt 0.021606 0.084106
vt 0.029602 0.084106
vt 0.068420 0.107117
vt 0.093018 0.123962
vt 0.126587 0.130066
vt 0.160156 0.123962
vt 0.184753 0.107117
vt 0.193787 0.084106
vt 0.184753 0.061157
vt 0.160156 0.044312
vt 0.126587 0.038147
vt 0.093018 0.044312
vt 0.068420 0.061157
vt 0.059387 0.084106
vt 0.149475 0.111267
vt 0.166260 0.099792
vt 0.172363 0.084106
vt 0.166260 0.068481
vt 0.149475 0.057007
vt 0.126587 0.052795
vt 0.103699 0.057007
vt 0.086914 0.068481
vt 0.080811 0.084106
vt 0.086914 0.099792
vt 0.103699 0.111267
vt 0.126587 0.115479
vt 0.210571 0.117310
vt 0.175049 0.141602
vt 0.223572 0.084106
vt 0.210571 0.050964
vt 0.175049 0.026672
vt 0.126587 0.017761
vt 0.078064 0.026672
vt 0.042603 0.050964
vt 0.029602 0.084106
vt 0.042603 0.117310
vt 0.078064 0.141602
vt 0.126587 0.150513
vt 0.160156 0.123962
vt 0.175049 0.141602
vt 0.184753 0.107117
vt 0.126587 0.150513
vt 0.126587 0.130066
vt 0.078064 0.141602
vt 0.093018 0.123962
vt 0.042603 0.117310
vt 0.068420 0.107117
vt 0.029602 0.084106
vt 0.059387 0.084106
vt 0.042603 0.050964
vt 0.068420 0.061157
vt 0.078064 0.026672
vt 0.093018 0.044312
vt 0.126587 0.017761
vt 0.126587 0.038147
vt 0.175049 0.026672
vt 0.160156 0.044312
vt 0.210571 0.050964
vt 0.184753 0.061157
vt 0.223572 0.084106
vt 0.193787 0.084106
vt 0.210571 0.117310
vt 0.184753 0.107117
vt 0.160156 0.123962
vt 0.193787 0.084106
vt 0.184753 0.061157
vt 0.160156 0.044312
vt 0.126587 0.038147
vt 0.093018 0.044312
vt 0.068420 0.061157
vt 0.059387 0.084106
vt 0.068420 0.107117
vt 0.093018 0.123962
vt 0.126587 0.130066
vt 0.179077 0.146301
vt 0.126587 0.155945
vt 0.074097 0.146301
vt 0.035645 0.120056
vt 0.021606 0.084106
vt 0.035645 0.048218
vt 0.074097 0.021912
vt 0.126587 0.012329
vt 0.179077 0.021912
vt 0.217468 0.048218
vt 0.231567 0.084106
vt 0.217468 0.120056
vt 0.175049 0.141602
vt 0.126587 0.150513
vt 0.078064 0.141602
vt 0.042603 0.117310
vt 0.029602 0.084106
vt 0.042603 0.050964
vt 0.078064 0.026672
vt 0.126587 0.017761
vt 0.175049 0.026672
vt 0.210571 0.050964
vt 0.223572 0.084106
vt 0.210571 0.117310
vt 0.160156 0.123962
vt 0.126587 0.130066
vt 0.093018 0.123962
vt 0.068420 0.107117
vt 0.059387 0.084106
vt 0.068420 0.061157
vt 0.093018 0.044312
vt 0.126587 0.038147
vt 0.160156 0.044312
vt 0.184753 0.061157
vt 0.193787 0.084106
vt 0.184753 0.107117
vt 0.166260 0.068481
vt 0.172363 0.084106
vt 0.166260 0.099792
vt 0.149475 0.111267
vt 0.126587 0.115479
vt 0.103699 0.111267
vt 0.086914 0.099792
vt 0.080811 0.084106
vt 0.086914 0.068481
vt 0.103699 0.057007
vt 0.126587 0.052795
vt 0.149475 0.057007
vt 0.561401 0.334534
vt 0.611938 0.330200
vt 0.621399 0.317261
vt 0.620605 0.312012
vt 0.619873 0.306702
vt 0.619507 0.304077
vt 0.619141 0.301453
vt 0.618713 0.298828
vt 0.618530 0.297485
vt 0.618347 0.296204
vt 0.602539 0.269531
vt 0.561401 0.251770
vt 0.881226 0.887512
vt 0.862488 0.875000
vt 0.856201 0.837524
vt 0.799988 0.862549
vt 0.802612 0.888123
vt 0.756226 0.850037
vt 0.729248 0.879211
vt 0.662476 0.829224
vt 0.662476 0.870850
vt 0.593750 0.820862
vt 0.591431 0.862549
vt 0.506226 0.854187
vt 0.587463 0.904175
vt 0.506226 0.896179
vt 0.585571 0.920288
vt 0.506226 0.910522
vt 0.584045 0.929199
vt 0.506226 0.920166
vt 0.581909 0.937988
vt 0.506226 0.932434
vt 0.440613 0.488892
vt 0.413391 0.468567
vt 0.419006 0.444092
vt 0.392151 0.475342
vt 0.382202 0.468567
vt 0.321838 0.478455
vt 0.372192 0.461792
vt 0.315613 0.461792
vt 0.313171 0.440002
vt 0.284912 0.463135
vt 0.254150 0.464539
vt 0.284912 0.463135
vt 0.288025 0.479858
vt 0.321838 0.478455
vt 0.293640 0.496460
vt 0.337524 0.494995
vt 0.167053 0.264587
vt 0.160767 0.278015
vt 0.174622 0.277954
vt 0.153442 0.268494
vt 0.143799 0.236389
vt 0.131653 0.246094
vt 0.117676 0.224121
vt 0.102234 0.234192
vt 0.069458 0.221375
vt 0.081848 0.270142
vt 0.009094 0.238953
vt 0.009583 0.279968
vt 0.081848 0.270142
vt 0.085571 0.281433
vt 0.131653 0.246094
vt 0.153442 0.268494
vt 0.143799 0.236389
vt 0.167053 0.264587
vt 0.954224 0.552673
vt 0.966370 0.575195
vt 0.978882 0.573120
vt 0.941406 0.555420
vt 0.929504 0.532227
vt 0.916382 0.535645
vt 0.847656 0.504395
vt 0.841370 0.510620
vt 0.803223 0.500183
vt 0.800110 0.506470
vt 0.758789 0.502258
vt 0.758789 0.508545
vt 0.800110 0.506470
vt 0.796936 0.513733
vt 0.841370 0.510620
vt 0.835144 0.518982
vt 0.903870 0.539795
vt 0.832031 0.527405
vt 0.498352 0.451172
vt 0.492920 0.463928
vt 0.497925 0.465820
vt 0.490906 0.449646
vt 0.498352 0.437134
vt 0.487488 0.436157
vt 0.470337 0.405579
vt 0.457764 0.408691
vt 0.412476 0.382629
vt 0.446045 0.412048
vt 0.384338 0.397217
vt 0.365601 0.407654
vt 0.584045 0.929199
vt 0.585571 0.920288
vt 0.651978 0.946228
vt 0.654541 0.933533
vt 0.718384 0.961365
vt 0.721069 0.948486
vt 0.814331 0.970642
vt 0.806580 0.930298
vt 0.862488 0.929199
vt 0.802612 0.888123
vt 0.881226 0.887512
vt 0.799988 0.862549
vt 0.862488 0.875000
vt 0.368896 0.418579
vt 0.312500 0.411804
vt 0.365601 0.407654
vt 0.338013 0.399841
vt 0.350769 0.387329
vt 0.317139 0.377441
vt 0.367859 0.372253
vt 0.323303 0.361938
vt 0.326233 0.352539
vt 0.290222 0.351318
vt 0.291870 0.339844
vt 0.254150 0.338623
vt 0.966370 0.589783
vt 0.993652 0.596863
vt 0.993225 0.591431
vt 0.964355 0.591797
vt 0.949219 0.579895
vt 0.945740 0.581787
vt 0.924194 0.563354
vt 0.935120 0.587708
vt 0.891418 0.558533
vt 0.891418 0.589783
vt 0.833984 0.561584
vt 0.882019 0.599182
vt 0.810120 0.579346
vt 0.844543 0.593933
vt 0.622314 0.306702
vt 0.620605 0.312012
vt 0.623108 0.312012
vt 0.619873 0.306702
vt 0.621887 0.304077
vt 0.619507 0.304077
vt 0.621521 0.301453
vt 0.619141 0.301453
vt 0.621094 0.298828
vt 0.618713 0.298828
vt 0.620911 0.297485
vt 0.618530 0.297485
vt 0.577087 0.315430
vt 0.577576 0.309021
vt 0.577820 0.305786
vt 0.561462 0.303345
vt 0.578064 0.302612
vt 0.561462 0.299805
vt 0.578308 0.299377
vt 0.608582 0.312012
vt 0.609680 0.317261
vt 0.607483 0.306702
vt 0.606995 0.304077
vt 0.606445 0.301453
vt 0.605896 0.298828
vt 0.384583 0.355957
vt 0.426514 0.376404
vt 0.439636 0.370789
vt 0.376404 0.364502
vt 0.329529 0.341125
vt 0.326233 0.352539
vt 0.291870 0.339844
vt 0.290222 0.351318
vt 0.254150 0.350037
vt 0.288757 0.360657
vt 0.993652 0.596863
vt 0.966370 0.589783
vt 0.993225 0.591431
vt 0.964355 0.591797
vt 0.994080 0.602295
vt 0.960144 0.596008
vt 0.972656 0.610596
vt 0.935120 0.604370
vt 0.941406 0.613770
vt 0.910156 0.612732
vt 0.916382 0.623108
vt 0.872620 0.608521
vt 0.878906 0.629395
vt 0.367859 0.372253
vt 0.323303 0.361938
vt 0.288757 0.360657
vt 0.254150 0.359436
vt 0.315613 0.461792
vt 0.382202 0.468567
vt 0.392151 0.475342
vt 0.413391 0.468567
vt 0.434631 0.461792
vt 0.440613 0.488892
vt 0.469177 0.461792
vt 0.756226 0.850037
vt 0.729248 0.879211
vt 0.662476 0.829224
vt 0.662476 0.870850
vt 0.593750 0.820862
vt 0.591431 0.862549
vt 0.587463 0.904175
vt 0.985535 0.581421
vt 0.992126 0.589722
vt 0.966370 0.575195
vt 0.949219 0.579895
vt 0.941406 0.555420
vt 0.930725 0.560364
vt 0.899231 0.546814
vt 0.891418 0.558533
vt 0.834106 0.546509
vt 0.833984 0.561584
vt 0.079529 0.287292
vt 0.160767 0.273071
vt 0.163513 0.279663
vt 0.077454 0.280640
vt 0.009705 0.295959
vt 0.009277 0.284912
vt 0.077454 0.280640
vt 0.071167 0.260498
vt 0.119385 0.242676
vt 0.106384 0.236206
vt 0.117920 0.224731
vt 0.070129 0.206482
vt 0.856201 0.837524
vt 0.868713 0.837524
vt 0.912476 0.837524
vt 0.877930 0.793335
vt 0.956238 0.837524
vt 0.913818 0.779480
vt 0.937500 0.770874
vt 0.849976 0.737549
vt 0.868713 0.725037
vt 0.756226 0.683350
vt 0.981201 0.837524
vt 0.993713 0.875000
vt 0.977051 0.894836
vt 1.000000 0.950012
vt 0.947083 0.916687
vt 0.931213 0.966675
vt 0.888245 0.975220
vt 0.962463 1.000000
vt 0.498352 0.437134
vt 0.487488 0.436157
vt 0.479004 0.435486
vt 0.446045 0.412048
vt 0.384338 0.397217
vt 0.085571 0.281433
vt 0.009583 0.291504
vt 0.089294 0.292786
vt 0.160767 0.278015
vt 0.174622 0.277954
vt 0.803223 0.500183
vt 0.847656 0.504395
vt 0.916382 0.535645
vt 0.929504 0.532227
vt 0.954224 0.552673
vt 0.978882 0.573120
vt 0.083801 0.300720
vt 0.166260 0.286194
vt 0.009583 0.307007
vt 0.079529 0.287292
vt 0.160767 0.273071
vt 0.149658 0.262573
vt 0.159668 0.255737
vt 0.151794 0.244629
vt 0.834106 0.546509
vt 0.832031 0.527405
vt 0.899231 0.546814
vt 0.903870 0.539795
vt 0.930725 0.560364
vt 0.812500 0.758362
vt 0.799988 0.762512
vt 0.716980 0.710449
vt 0.868713 0.837524
vt 0.912476 0.837524
vt 0.947083 0.916687
vt 0.977051 0.894836
vt 1.000000 0.950012
vt 0.993713 0.875000
vt 0.350769 0.387329
vt 0.317139 0.377441
vt 0.338013 0.399841
vt 0.310425 0.392029
vt 0.254150 0.408264
vt 0.994080 0.602295
vt 0.960144 0.596008
vt 0.935120 0.604370
vt 0.910156 0.612732
vt 0.872620 0.608521
vt 0.329529 0.341125
vt 0.376404 0.364502
vt 0.384583 0.355957
vt 0.426514 0.376404
vt 0.439636 0.370789
vt 0.470337 0.405579
vt 0.481018 0.402954
vt 0.657532 0.912537
vt 0.724609 0.921448
vt 0.806580 0.930298
vt 0.721069 0.948486
vt 0.814331 0.970642
vt 0.718384 0.961365
vt 0.856201 1.000000
vt 0.119385 0.242676
vt 0.117920 0.224731
vt 0.135620 0.232971
vt 0.106384 0.236206
vt 0.071167 0.260498
vt 0.066833 0.221680
vt 0.027771 0.214294
vt 0.038452 0.203308
vt 0.009399 0.202026
vt 0.159668 0.255737
vt 0.167480 0.266785
vt 0.149658 0.262573
vt 0.138611 0.252075
vt 0.151794 0.244629
vt 0.945740 0.581787
vt 0.935120 0.587708
vt 0.924194 0.563354
vt 0.731201 0.700012
vt 0.831238 0.750000
vt 0.743713 0.691711
vt 0.849976 0.737549
vt 0.756226 0.683350
vt 0.868713 0.725037
vt 0.487915 0.462036
vt 0.483398 0.448120
vt 0.479004 0.435486
vt 0.651978 0.946228
vt 0.654541 0.933533
vt 0.285645 0.376160
vt 0.271484 0.367798
vt 0.254150 0.374939
vt 0.254150 0.389648
vt 0.285645 0.376160
vt 0.724609 0.921448
vt 0.657532 0.912537
vt 0.962463 1.000000
vt 0.888245 0.975220
vt 0.862488 0.929199
vt 0.931213 0.966675
vt 0.561401 0.204529
vt 0.623291 0.171204
vt 0.623291 0.207520
vt 0.561401 0.171204
vt 0.561401 0.204407
vt 0.561401 0.172302
vt 0.623291 0.207764
vt 0.623291 0.172302
vt 0.623291 0.218750
vt 0.503723 0.172302
vt 0.503723 0.216553
vt 0.623291 0.172302
vt 0.503723 0.172302
vt 0.623291 0.171204
vt 0.503723 0.171204
vt 0.503723 0.168457
vt 0.071716 0.207214
vt 0.032104 0.215149
vt 0.039307 0.203796
vt 0.009094 0.213501
vt 0.009094 0.201904
vt 0.039307 0.203796
vt 0.872620 0.647461
vt 0.875977 0.662720
vt 0.847412 0.663269
vt 0.928894 0.646057
vt 0.922668 0.633545
vt 0.932007 0.629639
vt 0.937500 0.770874
vt 0.913818 0.779480
vt 0.956238 0.837524
vt 0.877930 0.793335
vt 0.135620 0.232971
vt 0.138611 0.252075
vt 0.561401 0.206116
vt 0.504822 0.178894
vt 0.504822 0.209045
vt 0.561401 0.178894
vt 0.561401 0.185913
vt 0.561401 0.178894
vt 0.504822 0.185913
vt 0.759094 0.520508
vt 0.795532 0.523926
vt 0.796936 0.513733
vt 0.089294 0.292786
vt 0.009583 0.303040
vt 0.882019 0.599182
vt 0.844543 0.593933
vt 0.891418 0.589783
vt 0.310425 0.392029
vt 0.916382 0.623108
vt 0.941406 0.613770
vt 0.932007 0.629639
vt 0.947632 0.623108
vt 0.960144 0.633545
vt 0.972656 0.610596
vt 0.985168 0.621033
vt 0.810120 0.579346
vt 0.278564 0.319885
vt 0.356812 0.256897
vt 0.357422 0.320007
vt 0.276733 0.256897
vt 0.356812 0.256897
vt 0.275391 0.180908
vt 0.362488 0.191895
vt 0.069458 0.221375
vt 0.102234 0.234192
vt 0.117676 0.224121
vt 0.009399 0.223633
vt 0.009399 0.213379
vt 0.027771 0.214294
vt 0.623291 0.171204
vt 0.503723 0.168457
vt 0.623291 0.168457
vt 0.503723 0.172302
vt 0.623291 0.172302
vt 0.623291 0.216553
vt 0.791077 0.559631
vt 0.760620 0.568970
vt 0.760437 0.559082
vt 0.791077 0.559631
vt 0.623291 0.172302
vt 0.503723 0.168457
vt 0.623291 0.168457
vt 0.503723 0.172302
vt 0.623291 0.211365
vt 0.503723 0.207764
vt 0.623291 0.185913
vt 0.504822 0.178894
vt 0.623291 0.178894
vt 0.504822 0.185913
vt 0.623291 0.208740
vt 0.504822 0.213501
vt 0.623291 0.185913
vt 0.504822 0.178894
vt 0.623291 0.178894
vt 0.504822 0.185913
vt 0.623291 0.209290
vt 0.504822 0.208740
vt 0.960144 0.633545
vt 0.947632 0.623108
vt 0.504822 0.185913
vt 0.561401 0.178894
vt 0.504822 0.178894
vt 0.561401 0.185913
vt 0.504822 0.209290
vt 0.561401 0.205994
vt 0.395630 0.436829
vt 0.393738 0.497559
vt 0.032104 0.215149
vt 0.023193 0.228394
vt 0.071716 0.207214
vt 0.293640 0.496460
vt 0.337524 0.494995
vt 0.288025 0.479858
vt 0.477539 0.459412
vt 0.462708 0.451416
vt 0.463989 0.437134
vt 0.471680 0.448059
vt 0.412476 0.382629
vt 0.009399 0.262756
vt 0.623291 0.172302
vt 0.561401 0.168457
vt 0.623291 0.168457
vt 0.561401 0.172302
vt 0.623291 0.207764
vt 0.561401 0.204407
vt 0.561401 0.265442
vt 0.597290 0.277771
vt 0.066833 0.221680
vt 0.038452 0.203308
vt 0.878906 0.629395
vt 0.922668 0.633545
vt 0.872620 0.647461
vt 0.928894 0.646057
vt 0.831238 0.750000
vt 0.743713 0.691711
vt 0.731201 0.700012
vt 0.457764 0.408691
vt 0.623291 0.185913
vt 0.504822 0.178894
vt 0.623291 0.178894
vt 0.504822 0.185913
vt 0.623901 0.213501
vt 0.504211 0.215698
vt 0.126587 0.084106
vt 0.504822 0.209290
vt 0.561401 0.205994
vt 0.254150 0.481201
vt 0.126587 0.084106
vt 0.283813 0.492676
vt 0.504822 0.168457
vt 0.561401 0.168457
vt 0.504822 0.178894
vt 0.449585 0.202881
vt 0.454163 0.272156
vt 0.362488 0.191895
vt 0.070129 0.206482
vt 0.623291 0.168457
vt 0.504822 0.168457
vt 0.623291 0.178894
vt 0.623291 0.185913
vt 0.503723 0.172302
vt 0.623291 0.172302
vt 0.623291 0.171204
vt 0.623291 0.216553
vt 0.503723 0.211365
vt 0.812500 0.758362
vt 0.623291 0.171204
vt 0.503723 0.215149
vt 0.503723 0.171204
vt 0.623291 0.217102
vt 0.503723 0.215149
vt 0.503723 0.171204
vt 0.503723 0.168457
vt 0.504822 0.178894
vt 0.623291 0.168457
vt 0.504822 0.168457
vt 0.623291 0.178894
vt 0.623291 0.185913
vt 0.504822 0.185913
vt 0.623291 0.209290
vt 0.504822 0.208740
vt 0.504822 0.178894
vt 0.623291 0.168457
vt 0.504822 0.168457
vt 0.623291 0.178894
vt 0.623291 0.185913
vt 0.504822 0.185913
vt 0.623291 0.208740
vt 0.504822 0.213501
vt 0.835144 0.518982
vt 0.163513 0.279663
vt 0.174805 0.279724
vt 0.171936 0.273682
vt 0.166260 0.286194
vt 0.083801 0.300720
vt 0.504211 0.213989
vt 0.623291 0.178894
vt 0.623291 0.212097
vt 0.504822 0.178894
vt 0.623291 0.178894
vt 0.623901 0.213501
vt 0.449585 0.202881
vt 0.454163 0.272156
vt 0.454590 0.328064
vt 0.981201 0.837524
vt 0.561401 0.251770
vt 0.990662 0.611633
vt 0.799988 0.762512
vt 0.716980 0.710449
vt 0.357422 0.320007
vt 0.454590 0.328064
vt 0.481018 0.402954
vt 0.623291 0.168457
vt 0.393738 0.497559
vt 0.171631 0.273071
vt 0.169067 0.267578
vt 0.758789 0.496033
vt 0.795532 0.523926
vt 0.174805 0.279724
vt 0.171936 0.273682
vt 0.990662 0.611633
vt 0.985168 0.621033
vt 0.875977 0.662720
vt 0.847412 0.663269
vt 0.985840 0.580994
vt 0.992798 0.588928
vt 0.649292 0.954956
vt 0.561401 0.168457
vt 0.623291 0.168457
vt 0.649292 0.954956
vt 0.581909 0.937988
vt 0.856201 1.000000
vt 0.506226 0.816711
vt 0.561401 0.206116
vt 0.561401 0.178894
vt 0.504822 0.212097
vt 0.623291 0.178894
vt 0.504822 0.178894
vt 0.623291 0.207886
vt 0.504822 0.207886
vt 0.623291 0.178894
vt 0.504822 0.178894
vt 0.623291 0.209045
vt 0.623291 0.168457
vt 0.504822 0.168457
vt 0.623291 0.168457
vt 0.504822 0.168457
vt 0.503723 0.210449
vt 0.623291 0.171204
vt 0.503723 0.171204
vt 0.623291 0.215149
vt 0.503723 0.207520
vt 0.623291 0.171204
vt 0.503723 0.171204
vt 0.623291 0.210449
vt 0.171631 0.273071
vt 0.503723 0.168457
vt 0.623291 0.172302
vt 0.623291 0.168457
vt 0.503723 0.172302
vt 0.503723 0.168457
vt 0.623291 0.168457
vt 0.503723 0.207520
vt 0.623291 0.171204
vt 0.623291 0.210449
vt 0.503723 0.171204
vt 0.623291 0.211365
vt 0.503723 0.207764
vt 0.503723 0.210449
vt 0.623291 0.171204
vt 0.623291 0.215149
vt 0.503723 0.171204
vt 0.623291 0.168457
vt 0.504822 0.168457
vt 0.561401 0.168457
vt 0.504822 0.178894
vt 0.504822 0.209045
vt 0.504822 0.207886
vt 0.623291 0.178894
vt 0.623291 0.209045
vt 0.504822 0.178894
vt 0.504822 0.212097
vt 0.623291 0.178894
vt 0.623291 0.207886
vt 0.504822 0.178894
vt 0.623291 0.171204
vt 0.561401 0.204529
vt 0.623291 0.207520
vt 0.561401 0.171204
vt 0.718079 0.971802
vt 0.718079 0.971802
vt 0.169067 0.267578
vt 0.503723 0.171204
vt 0.503723 0.211365
vt 0.503723 0.216553
vt 0.623291 0.212097
vt 0.167480 0.266785
vn -0.0092 0.9999 0.0000
vn 0.0603 0.9386 0.3397
vn 0.0352 0.9994 0.0000
vn 0.0242 0.9257 0.3774
vn 0.0293 0.9995 0.0000
vn 0.0401 0.9525 0.3020
vn -0.0121 0.9999 0.0000
vn 0.0026 0.9327 0.3606
vn 0.0073 1.0000 0.0000
vn -0.0027 0.9572 0.2893
vn -0.0143 0.9916 0.1283
vn -0.0545 0.9367 0.3459
vn -0.0313 0.9863 0.1617
vn -0.0178 0.9601 0.2791
vn 0.2349 0.9653 -0.1136
vn 0.2058 0.7008 0.6830
vn 0.4089 0.8055 0.4289
vn -0.2720 0.5614 0.7815
vn -0.0999 0.9946 0.0266
vn -0.8239 0.5051 0.2569
vn -0.7775 0.6288 0.0000
vn -0.9742 -0.2255 0.0000
vn -0.8239 0.5051 -0.2569
vn -0.9348 -0.3545 0.0202
vn -0.4963 0.2344 -0.8359
vn -0.7229 -0.4596 -0.5159
vn -0.0136 -0.5549 -0.8318
vn 0.0384 -0.9655 -0.2575
vn -0.1947 -0.1451 -0.9701
vn -0.0339 -0.9498 -0.3111
vn -0.0580 -0.6410 -0.7653
vn -0.0333 -0.9499 -0.3108
vn -0.0575 -0.1699 -0.9838
vn -0.0839 -0.9261 -0.3678
vn 0.0088 -0.5584 -0.8295
vn -0.0131 -0.9294 -0.3687
vn 0.1373 -0.1371 -0.9810
vn -0.0092 -0.9030 -0.4294
vn 0.0910 -0.5494 -0.8306
vn 0.0284 -0.9121 -0.4090
vn 0.4062 -0.1350 -0.9037
vn 0.2895 -0.8094 -0.5108
vn 0.3735 -0.7302 -0.5720
vn -0.2502 -0.9052 -0.3435
vn -0.2793 -0.9493 -0.1442
vn 0.1552 -0.9871 -0.0388
vn 0.0820 -0.9966 0.0000
vn 0.0091 -0.9999 -0.0099
vn 0.0015 -0.9715 0.2368
vn -0.0585 -0.9983 -0.0050
vn -0.0390 -0.9745 0.2208
vn -0.0286 -0.9995 -0.0128
vn -0.0304 -0.9776 0.2081
vn -0.0718 -0.9972 -0.0220
vn -0.0719 -0.9974 0.0000
vn -0.0154 -0.9998 -0.0138
vn -0.0047 -1.0000 0.0000
vn -0.0337 -0.9992 0.0193
vn -0.0411 -0.9991 0.0000
vn 0.0263 -0.9952 0.0935
vn 0.0115 -0.9999 0.0000
vn 0.0263 -0.9952 -0.0935
vn -0.9348 -0.3545 -0.0202
vn -0.7229 -0.4596 0.5159
vn -0.4963 0.2344 0.8359
vn -0.0136 -0.5549 0.8318
vn -0.1260 0.4049 0.9056
vn 0.9527 -0.1482 -0.2653
vn 0.9548 -0.0602 -0.2911
vn 0.9607 -0.1628 -0.2249
vn 0.7048 -0.0210 -0.7090
vn 0.4057 -0.0478 -0.9127
vn 0.5166 0.0488 -0.8548
vn 0.7371 0.0185 -0.6755
vn 0.5437 0.1117 -0.8318
vn 0.4530 0.1532 -0.8783
vn 0.1723 0.5058 -0.8452
vn 0.0089 0.1184 -0.9929
vn -0.0925 0.4147 -0.9052
vn -0.3604 0.0979 -0.9276
vn -0.4275 0.4257 -0.7975
vn -0.6786 0.3854 -0.6252
vn -0.3210 0.7563 -0.5700
vn -0.6506 0.7084 -0.2735
vn -0.2947 0.9159 -0.2726
vn -0.6833 0.7301 0.0000
vn -0.3033 0.9529 0.0000
vn -0.2947 0.9159 0.2726
vn 0.0117 0.9446 0.3280
vn -0.3210 0.7563 0.5700
vn 0.0259 0.8137 0.5806
vn -0.1036 0.4157 0.9036
vn 0.1729 0.5042 0.8461
vn 0.0074 0.1162 0.9932
vn 0.4543 0.1476 0.8785
vn -0.0626 -0.0941 0.9936
vn 0.4644 -0.0274 0.8852
vn 0.1783 -0.1848 0.9665
vn 0.3704 -0.1135 0.9219
vn 0.2349 0.9653 0.1136
vn 0.2058 0.7008 -0.6830
vn 0.4089 0.8055 -0.4289
vn -0.0178 0.9601 -0.2791
vn -0.0313 0.9863 -0.1617
vn -0.0545 0.9367 -0.3459
vn -0.0143 0.9916 -0.1283
vn -0.0027 0.9572 -0.2893
vn 0.0026 0.9327 -0.3606
vn 0.0401 0.9525 -0.3020
vn 0.0242 0.9257 -0.3774
vn 0.0603 0.9386 -0.3397
vn 0.9768 0.2141 0.0000
vn 0.7067 0.0056 0.7074
vn 0.1563 0.6073 0.7789
vn 0.3735 -0.7302 0.5720
vn 0.4023 -0.1343 0.9056
vn 0.2895 -0.8094 0.5108
vn 0.0284 -0.9121 0.4090
vn 0.1552 -0.9871 0.0388
vn 0.0091 -0.9999 0.0099
vn 0.0015 -0.9715 -0.2368
vn 0.0309 -0.8587 0.5116
vn 0.1726 -0.4862 0.8566
vn 0.0656 -0.4893 0.8696
vn 0.1473 -0.8492 0.5070
vn 0.0154 -0.9999 -0.0012
vn 0.1393 -0.9902 0.0005
vn 0.0253 -0.8572 -0.5143
vn 0.1506 -0.8492 -0.5061
vn 0.0567 -0.4878 -0.8711
vn 0.1774 -0.4863 -0.8556
vn 0.1000 -0.0072 -0.9949
vn 0.2138 -0.0177 -0.9767
vn 0.1445 0.4722 -0.8695
vn 0.2528 0.4507 -0.8561
vn 0.1797 0.8394 -0.5129
vn 0.2849 0.8137 -0.5067
vn 0.1948 0.9808 -0.0016
vn 0.2975 0.9547 0.0000
vn 0.1840 0.8402 0.5101
vn 0.2835 0.8139 0.5071
vn 0.1520 0.4722 0.8683
vn 0.2497 0.4507 0.8570
vn 0.1092 -0.0081 0.9940
vn 0.2093 -0.0179 0.9777
vn 0.4287 -0.4588 0.7782
vn 0.4143 -0.7865 0.4579
vn 0.4133 -0.9106 -0.0013
vn 0.4211 -0.7829 -0.4581
vn 0.4398 -0.4563 -0.7735
vn 0.4706 -0.0333 -0.8817
vn 0.5095 0.3853 -0.7693
vn 0.5448 0.7060 -0.4524
vn 0.5575 0.8302 -0.0011
vn 0.5402 0.7095 0.4525
vn 0.5007 0.3896 0.7730
vn 0.4586 -0.0323 0.8880
vn 0.7605 -0.5715 -0.3082
vn 0.7749 -0.3506 -0.5259
vn 0.7968 -0.0626 -0.6009
vn 0.8255 0.2215 -0.5191
vn 0.8495 0.4333 -0.3009
vn 0.8582 0.5133 0.0020
vn 0.8445 0.4383 0.3076
vn 0.8168 0.2279 0.5299
vn 0.7870 -0.0614 0.6139
vn 0.7664 -0.3541 0.5360
vn 0.7559 -0.5749 0.3131
vn 0.7553 -0.6554 0.0014
vn -0.0811 -0.4798 -0.8736
vn -0.1103 -0.8510 -0.5134
vn -0.0417 0.0043 -0.9991
vn -0.0013 0.4883 -0.8726
vn 0.0309 0.8582 -0.5123
vn 0.0454 0.9990 0.0011
vn 0.0378 0.8567 0.5145
vn 0.0103 0.4864 0.8737
vn -0.0282 0.0032 0.9996
vn -0.0694 -0.4797 0.8747
vn -0.1033 -0.8506 0.5155
vn -0.1188 -0.9929 0.0012
vn -0.2039 -0.8355 0.5102
vn -0.1103 -0.8510 0.5134
vn -0.1728 -0.4684 0.8664
vn -0.1188 -0.9929 -0.0012
vn -0.2159 -0.9764 0.0001
vn -0.1033 -0.8506 -0.5155
vn -0.2037 -0.8352 -0.5108
vn -0.0694 -0.4797 -0.8747
vn -0.1725 -0.4682 -0.8666
vn -0.0282 0.0032 -0.9996
vn -0.1350 0.0099 -0.9908
vn 0.0103 0.4864 -0.8737
vn -0.1007 0.4886 -0.8666
vn 0.0378 0.8567 -0.5145
vn -0.0762 0.8566 -0.5102
vn 0.0454 0.9990 -0.0011
vn -0.0672 0.9977 0.0001
vn 0.0309 0.8582 0.5123
vn -0.0761 0.8569 0.5098
vn -0.0013 0.4883 0.8726
vn -0.1006 0.4890 0.8665
vn -0.0417 0.0043 0.9991
vn -0.1351 0.0100 0.9908
vn -0.0811 -0.4798 0.8736
vn -0.1728 -0.4684 -0.8664
vn -0.2039 -0.8355 -0.5102
vn -0.1351 0.0100 -0.9908
vn -0.1006 0.4890 -0.8665
vn -0.0761 0.8569 -0.5098
vn -0.0672 0.9977 -0.0001
vn -0.0762 0.8566 0.5102
vn -0.1007 0.4886 0.8666
vn -0.1350 0.0099 0.9908
vn -0.1725 -0.4682 0.8666
vn -0.2037 -0.8352 0.5108
vn -0.2159 -0.9764 -0.0001
vn 0.0253 -0.8572 0.5143
vn 0.0154 -0.9999 0.0012
vn 0.0309 -0.8587 -0.5116
vn 0.0656 -0.4893 -0.8696
vn 0.1092 -0.0081 -0.9940
vn 0.1520 0.4722 -0.8683
vn 0.1840 0.8402 -0.5101
vn 0.1948 0.9808 0.0016
vn 0.1797 0.8394 0.5129
vn 0.1445 0.4722 0.8695
vn 0.1000 -0.0072 0.9949
vn 0.0567 -0.4878 0.8711
vn 0.1506 -0.8492 0.5061
vn 0.1393 -0.9902 -0.0005
vn 0.1473 -0.8492 -0.5070
vn 0.1726 -0.4862 -0.8566
vn 0.2093 -0.0179 -0.9777
vn 0.2497 0.4507 -0.8570
vn 0.2835 0.8139 -0.5071
vn 0.2849 0.8137 0.5067
vn 0.2528 0.4507 0.8561
vn 0.2138 -0.0177 0.9767
vn 0.1774 -0.4863 0.8556
vn 0.4211 -0.7829 0.4581
vn 0.4133 -0.9106 0.0013
vn 0.4143 -0.7865 -0.4579
vn 0.4287 -0.4588 -0.7782
vn 0.4586 -0.0323 -0.8880
vn 0.5007 0.3896 -0.7730
vn 0.5402 0.7095 -0.4525
vn 0.5575 0.8302 0.0011
vn 0.5448 0.7060 0.4524
vn 0.5095 0.3853 0.7693
vn 0.4706 -0.0333 0.8817
vn 0.4398 -0.4563 0.7735
vn 0.8255 0.2215 0.5191
vn 0.7968 -0.0626 0.6009
vn 0.7749 -0.3506 0.5259
vn 0.7605 -0.5715 0.3082
vn 0.7553 -0.6554 -0.0014
vn 0.7559 -0.5749 -0.3131
vn 0.7664 -0.3541 -0.5360
vn 0.7870 -0.0614 -0.6139
vn 0.8168 0.2279 -0.5299
vn 0.8445 0.4383 -0.3076
vn 0.8582 0.5133 -0.0020
vn 0.8495 0.4333 0.3009
vn -0.0999 0.9946 -0.0266
vn -0.2720 0.5614 -0.7815
vn -0.1260 0.4049 -0.9056
vn -0.0893 0.7287 -0.6789
vn -0.1713 0.3464 -0.9223
vn -0.0020 0.6928 -0.7211
vn 0.0241 0.4332 -0.9009
vn 0.0940 0.6738 -0.7328
vn 0.1297 0.3906 -0.9113
vn 0.1567 0.6080 -0.7783
vn 0.7067 0.0056 -0.7074
vn 0.5563 -0.7164 -0.4209
vn 0.7413 0.2102 0.6374
vn 0.7977 0.6025 -0.0248
vn 0.9615 -0.2421 -0.1295
vn 0.0996 0.9450 0.3115
vn 0.3972 0.5470 0.7369
vn 0.0300 0.8899 0.4551
vn 0.4202 0.5643 0.7106
vn 0.1991 0.8766 0.4380
vn 0.5678 0.5912 0.5728
vn 0.2879 0.9245 0.2496
vn 0.6891 0.6594 0.3005
vn 0.7338 0.6793 0.0000
vn 0.9626 -0.0787 0.2592
vn 0.9996 -0.0264 0.0000
vn 0.7150 -0.6924 0.0963
vn 0.7590 -0.6511 0.0000
vn -0.1153 -0.9510 -0.2869
vn -0.3997 -0.9166 0.0000
vn -0.7867 -0.4047 -0.4660
vn -0.9634 -0.2680 0.0000
vn -0.1659 -0.2596 0.9514
vn -0.3291 -0.1721 0.9285
vn -0.3604 0.0979 0.9276
vn -0.6415 -0.1833 0.7449
vn -0.7150 0.0732 0.6953
vn -0.9464 0.0392 0.3206
vn -0.6786 0.3854 0.6252
vn -0.8906 0.3600 0.2779
vn -0.6506 0.7084 0.2735
vn -0.9308 0.3491 0.1084
vn -0.9394 0.3429 0.0000
vn -0.9308 0.3491 -0.1084
vn -0.9958 0.0238 -0.0879
vn -0.9464 0.0392 -0.3206
vn -0.9921 -0.1107 -0.0593
vn -0.9212 -0.1404 -0.3629
vn 0.8126 -0.4746 0.3383
vn 0.5456 0.1355 0.8270
vn 0.9219 0.2132 0.3233
vn 0.0870 -0.5660 0.8198
vn 0.1472 -0.9875 0.0568
vn -0.0371 -0.9040 0.4258
vn 0.1357 -0.9476 0.2890
vn -0.0950 -0.8673 0.4885
vn -0.1695 -0.9193 0.3550
vn -0.0468 -0.8816 0.4696
vn -0.3374 -0.9414 0.0000
vn 0.3689 -0.9294 0.0000
vn -0.0468 -0.8816 -0.4696
vn 0.4595 -0.4978 -0.7356
vn -0.0371 -0.9040 -0.4258
vn 0.0870 -0.5660 -0.8198
vn 0.1472 -0.9875 -0.0568
vn 0.8126 -0.4746 -0.3383
vn 0.4256 0.4475 -0.7865
vn 0.3193 0.2508 -0.9138
vn 0.2907 0.5403 -0.7896
vn 0.4195 0.0516 -0.9063
vn 0.6572 0.1708 -0.7341
vn 0.5122 -0.2600 -0.8186
vn 0.8399 -0.0597 -0.5394
vn 0.7468 -0.3493 -0.5659
vn 0.9357 -0.2181 -0.2772
vn 0.7753 -0.5593 -0.2933
vn 0.7823 -0.6229 0.0000
vn 0.1366 -0.9906 0.0000
vn 0.7753 -0.5593 0.2933
vn 0.1395 -0.9640 0.2264
vn 0.7468 -0.3493 0.5659
vn 0.2536 -0.8439 0.4728
vn 0.1214 -0.7998 0.5878
vn -0.0740 -0.9307 0.3581
vn 0.9548 -0.0602 0.2911
vn 0.9527 -0.1482 0.2653
vn 0.9607 -0.1628 0.2249
vn 0.7058 -0.0210 0.7080
vn 0.9557 0.0903 0.2800
vn 0.7080 0.0771 0.7020
vn 0.7814 -0.2995 0.5474
vn 0.1766 0.2648 0.9480
vn 0.3845 0.3246 0.8641
vn 0.1839 0.2891 0.9395
vn 0.2200 0.7435 0.6315
vn 0.2642 0.7209 0.6407
vn -0.1153 -0.9510 0.2869
vn 0.7150 -0.6924 -0.0963
vn -0.1354 -0.8368 0.5304
vn 0.5685 -0.8194 -0.0735
vn -0.2832 -0.7759 0.5637
vn 0.4361 -0.8946 -0.0971
vn 0.2303 -0.9468 -0.2246
vn 0.5563 -0.2790 -0.7827
vn 0.3681 -0.2578 -0.8933
vn 0.3972 0.5470 -0.7369
vn 0.7413 0.2102 -0.6374
vn 0.0996 0.9450 -0.3115
vn 0.7977 0.6025 0.0248
vn 0.0283 0.8110 -0.5844
vn 0.0117 0.9446 -0.3280
vn 0.2491 0.7215 -0.6460
vn 0.2623 0.8024 -0.5360
vn 0.3301 0.6911 -0.6429
vn 0.3730 0.8118 -0.4492
vn 0.4690 0.5266 -0.7090
vn 0.5729 0.5758 -0.5833
vn 0.8385 -0.3387 -0.4268
vn 0.9450 -0.2313 -0.2310
vn 0.5221 -0.8525 -0.0265
vn 0.5629 -0.8265 0.0000
vn 0.2553 0.2955 -0.9206
vn 0.3443 0.6355 -0.6911
vn 0.1732 0.9242 -0.3404
vn 0.3821 -0.0602 -0.9221
vn 0.2869 -0.3629 -0.8865
vn 0.2856 -0.4906 -0.8233
vn 0.2540 -0.6953 -0.6723
vn 0.4530 -0.4490 -0.7702
vn 0.4302 -0.6594 -0.6165
vn 0.3631 -0.7701 -0.5244
vn 0.0279 -0.9459 -0.3233
vn -0.2169 -0.9616 -0.1683
vn -0.3327 -0.9415 -0.0525
vn -0.4675 -0.8498 0.2435
vn -0.0580 -0.6410 0.7653
vn -0.0893 0.7287 0.6789
vn -0.1947 -0.1451 0.9701
vn -0.1713 0.3464 0.9223
vn -0.0575 -0.1699 0.9838
vn -0.0020 0.6928 0.7211
vn 0.0088 -0.5584 0.8295
vn 0.0241 0.4332 0.9009
vn 0.1373 -0.1371 0.9810
vn 0.0940 0.6738 0.7328
vn 0.0915 -0.5488 0.8309
vn 0.1338 0.3896 0.9112
vn -0.0337 -0.9992 -0.0193
vn -0.0154 -0.9998 0.0138
vn -0.0718 -0.9972 0.0220
vn -0.0304 -0.9776 -0.2081
vn -0.0286 -0.9995 0.0128
vn -0.0390 -0.9745 -0.2208
vn -0.0585 -0.9983 0.0050
vn -0.0339 -0.9498 0.3111
vn 0.0384 -0.9655 0.2575
vn -0.0333 -0.9499 0.3108
vn -0.0839 -0.9261 0.3678
vn -0.0131 -0.9294 0.3687
vn -0.0092 -0.9030 0.4294
vn 0.4544 -0.8779 0.1509
vn 0.4658 -0.6697 0.5784
vn 0.3751 -0.8637 0.3365
vn 0.7084 -0.3700 0.6010
vn 0.5188 -0.8522 0.0672
vn 0.8385 -0.3387 0.4268
vn 0.5221 -0.8525 0.0265
vn 0.9450 -0.2313 0.2310
vn 0.9873 -0.1588 0.0000
vn 0.5213 0.8104 -0.2675
vn 0.3443 0.6355 0.6911
vn 0.2622 0.2993 0.9174
vn 0.1732 0.9242 0.3404
vn 0.3821 -0.0602 0.9221
vn 0.3224 0.1876 0.9278
vn 0.5036 -0.0758 0.8606
vn 0.3129 -0.2639 0.9124
vn 0.4007 -0.5658 0.7205
vn 0.0649 -0.7118 0.6994
vn -0.0975 -0.8665 0.4895
vn -0.2527 -0.9274 0.2758
vn -0.3081 -0.9509 0.0291
vn -0.3862 -0.8670 0.3148
vn 0.4086 0.6050 0.6834
vn 0.5729 0.5758 0.5833
vn 0.5213 0.8104 0.2675
vn 0.8428 0.5382 0.0000
vn -0.8906 0.3600 -0.2779
vn -0.7150 0.0732 -0.6953
vn -0.6415 -0.1833 -0.7449
vn -0.3291 -0.1721 -0.9285
vn -0.0626 -0.0941 -0.9936
vn -0.1659 -0.2596 -0.9514
vn 0.1783 -0.1848 -0.9665
vn 0.0300 0.8899 -0.4551
vn 0.4202 0.5643 -0.7106
vn 0.1991 0.8766 -0.4380
vn 0.5678 0.5912 -0.5728
vn 0.2879 0.9245 -0.2496
vn 0.6891 0.6594 -0.3005
vn 0.9626 -0.0787 -0.2592
vn 0.1899 0.6715 0.7162
vn 0.1432 0.6872 0.7121
vn 0.3090 0.2582 0.9153
vn 0.2869 -0.3629 0.8865
vn 0.4195 0.0516 0.9063
vn 0.2502 -0.6039 0.7567
vn 0.1512 -0.8225 0.5482
vn 0.4302 -0.6594 0.6165
vn 0.3574 -0.7318 0.5803
vn 0.0279 -0.9459 0.3233
vn 0.5978 0.3638 0.7143
vn 0.1441 0.5967 0.7894
vn 0.5498 -0.0244 0.8349
vn 0.2505 0.7176 0.6498
vn 0.8981 0.4397 0.0000
vn 0.4306 0.9026 0.0000
vn 0.2505 0.7176 -0.6498
vn -0.1270 0.9321 -0.3392
vn 0.0010 0.9279 -0.3728
vn 0.0905 0.9519 -0.2927
vn 0.2596 0.9621 -0.0833
vn 0.3531 0.9274 -0.1233
vn 0.9615 -0.2421 0.1295
vn 0.9681 -0.1747 -0.1796
vn 0.5902 -0.0880 -0.8024
vn 0.6417 -0.0617 -0.7644
vn -0.2114 0.1267 -0.9691
vn -0.0985 0.3767 -0.9211
vn -0.5121 0.5410 -0.6671
vn 0.0136 0.5616 -0.8273
vn -0.3633 0.7439 -0.5609
vn -0.3263 0.8283 -0.4554
vn -0.6064 0.3262 -0.7252
vn -0.6803 0.1798 -0.7105
vn -0.4921 -0.0059 -0.8705
vn -0.3979 -0.4888 -0.7763
vn 0.0607 -0.2427 -0.9682
vn -0.1638 -0.7443 -0.6473
vn 0.0544 -0.9421 -0.3309
vn -0.3729 -0.9211 -0.1112
vn 0.9557 0.0903 -0.2800
vn 0.7093 0.0770 -0.7006
vn 0.2886 0.0421 -0.9565
vn 0.1484 0.3012 -0.9419
vn 0.2098 0.7351 -0.6446
vn 0.4595 -0.4978 0.7356
vn 0.8468 -0.5318 0.0000
vn 0.6532 -0.1888 -0.7332
vn 0.5456 0.1355 -0.8270
vn 0.9219 0.2132 -0.3233
vn 0.9357 -0.2181 0.2772
vn 0.8399 -0.0597 0.5394
vn 0.5122 -0.2600 0.8186
vn 0.6572 0.1708 0.7341
vn 0.4256 0.4475 0.7865
vn 0.2721 0.5280 0.8044
vn 0.5863 0.2173 0.7804
vn 0.5182 -0.0509 0.8537
vn 0.9817 0.1904 0.0000
vn 0.5978 0.3638 -0.7143
vn 0.1441 0.5967 -0.7894
vn -0.1390 0.8842 -0.4460
vn -0.0229 0.9892 0.1445
vn 0.1406 0.9865 0.0837
vn 0.3574 -0.7318 -0.5803
vn -0.0740 -0.9307 -0.3581
vn 0.1512 -0.8225 -0.5482
vn 0.1214 -0.7998 -0.5878
vn 0.2502 -0.6039 -0.7567
vn 0.8513 -0.5245 -0.0086
vn 0.6527 -0.5712 -0.4976
vn 0.6372 -0.7105 -0.2984
vn 0.9681 -0.1747 0.1796
vn 0.5902 -0.0880 0.8024
vn 0.0607 -0.2427 0.9682
vn -0.4921 -0.0059 0.8705
vn -0.3979 -0.4888 0.7763
vn -0.6803 0.1798 0.7105
vn 0.2567 0.7584 0.5990
vn 0.3669 0.8112 0.4552
vn 0.2726 0.7894 0.5500
vn 0.3446 0.9011 0.2633
vn -0.0089 0.9999 0.0000
vn 0.3224 0.1876 -0.9278
vn 0.5036 -0.0758 -0.8606
vn 0.4007 -0.5658 -0.7205
vn -0.0975 -0.8665 -0.4895
vn -0.3081 -0.9509 -0.0291
vn 0.5188 -0.8522 -0.0672
vn 0.7084 -0.3700 -0.6010
vn 0.4544 -0.8779 -0.1509
vn 0.4658 -0.6697 -0.5784
vn 0.3751 -0.8637 -0.3365
vn 0.7814 -0.2995 -0.5474
vn 0.9465 -0.2725 -0.1729
vn 0.8485 -0.1700 0.5011
vn 0.6846 -0.2628 0.6799
vn 0.5563 -0.2790 0.7827
vn 0.4361 -0.8946 0.0971
vn 0.2303 -0.9468 0.2246
vn -0.2832 -0.7759 -0.5637
vn -0.2687 -0.8047 -0.5293
vn 0.0010 0.9279 0.3728
vn 0.2596 0.9621 0.0833
vn 0.1348 0.9819 0.1331
vn 0.0905 0.9519 0.2927
vn -0.1270 0.9321 0.3392
vn 0.1061 0.9610 0.2553
vn 0.1699 0.9774 0.1255
vn 0.4114 0.9081 0.0783
vn 0.4522 0.8919 0.0000
vn -0.0229 0.9892 -0.1445
vn -0.0643 0.9979 0.0070
vn -0.1390 0.8842 0.4460
vn -0.0062 0.8555 0.5177
vn 0.1406 0.9865 -0.0837
vn 0.2856 -0.4906 0.8233
vn 0.4530 -0.4490 0.7702
vn 0.2540 -0.6953 0.6723
vn 0.8287 -0.5447 0.1281
vn 0.6827 -0.0896 0.7252
vn 0.4009 0.4164 0.8160
vn 0.0136 0.5616 0.8273
vn -0.3263 0.8283 0.4554
vn -0.3633 0.7439 0.5609
vn 0.4057 -0.0479 0.9127
vn 0.5130 0.0485 0.8570
vn 0.2903 0.0440 0.9559
vn -0.1354 -0.8368 -0.5304
vn 0.5685 -0.8194 0.0735
vn 0.2868 0.9433 -0.1670
vn 0.0400 0.9992 0.0000
vn 0.3149 0.9491 0.0000
vn 0.3651 0.9309 0.0000
vn 0.2868 0.9433 0.1670
vn 0.6846 -0.2628 -0.6799
vn 0.8485 -0.1700 -0.5011
vn -0.3729 -0.9211 0.1112
vn 0.0544 -0.9421 0.3309
vn 0.3681 -0.2578 0.8933
vn -0.1638 -0.7443 0.6473
vn -0.6655 -0.1009 0.7396
vn -0.0507 0.0190 0.9985
vn -0.0505 0.0194 0.9985
vn -0.7107 -0.1491 0.6875
vn -0.6528 -0.1794 -0.7360
vn -0.4009 -0.6858 -0.6074
vn 0.0203 -0.0217 -0.9995
vn 0.1769 -0.6937 -0.6981
vn 0.9502 0.3116 0.0000
vn 0.9557 -0.0193 -0.2936
vn 0.9072 0.2916 -0.3033
vn 0.9999 -0.0094 0.0000
vn 0.9557 -0.0193 0.2936
vn 0.7155 -0.6986 0.0000
vn 0.7252 -0.6685 0.1648
vn 0.2976 -0.9546 -0.0065
vn 0.0670 -0.9665 0.2477
vn -0.2815 -0.9388 0.1986
vn 0.0139 -0.9938 0.1104
vn -0.0253 -0.9997 0.0000
vn -0.0404 -0.9992 0.0000
vn 0.0139 -0.9938 -0.1104
vn -0.7392 -0.5500 0.3887
vn -0.8300 -0.4552 0.3223
vn -0.8787 -0.4529 0.1510
vn -0.4535 -0.7237 0.5201
vn -0.3099 -0.8524 0.4210
vn -0.1973 -0.6977 0.6886
vn -0.5121 0.5410 0.6671
vn -0.0985 0.3767 0.9211
vn -0.2114 0.1267 0.9691
vn 0.6417 -0.0617 0.7644
vn 0.1348 0.9819 -0.1331
vn -0.0062 0.8555 -0.5177
vn -0.6742 0.0038 -0.7385
vn -0.0562 0.0267 -0.9980
vn -0.0590 0.0313 -0.9977
vn -0.7064 0.0138 -0.7077
vn -0.6388 0.2562 0.7254
vn -0.5849 0.7407 0.3305
vn 0.0697 0.3095 0.9483
vn -0.2546 -0.9670 0.0000
vn -0.2885 -0.9521 0.1009
vn 0.1395 -0.9640 -0.2264
vn 0.6532 -0.1888 0.7332
vn 0.9613 -0.2754 0.0000
vn -0.2169 -0.9616 0.1683
vn -0.4675 -0.8498 -0.2435
vn 0.3631 -0.7701 0.5244
vn 0.3446 0.9011 -0.2633
vn -0.2527 -0.9274 -0.2758
vn 0.0649 -0.7118 -0.6994
vn -0.1973 -0.6977 -0.6886
vn 0.0400 -0.4465 -0.8939
vn -0.1703 -0.4244 -0.8893
vn 0.3129 -0.2639 -0.9124
vn 0.1011 -0.1290 -0.9864
vn -0.3327 -0.9415 0.0525
vn 0.4736 -0.8807 0.0000
vn 0.4729 -0.8547 0.2140
vn 0.4616 -0.8587 0.2228
vn 0.4910 -0.8712 0.0000
vn 0.4729 -0.8547 -0.2140
vn 0.4969 -0.8678 0.0000
vn 0.4759 -0.8544 -0.2087
vn -0.1695 -0.9193 -0.3550
vn -0.0950 -0.8673 -0.4885
vn 0.1357 -0.9476 -0.2890
vn -0.1811 0.9835 0.0000
vn 0.2102 0.9777 0.0000
vn 0.1699 0.9774 -0.1255
vn 0.5094 -0.7764 0.3711
vn 0.2701 -0.9538 0.1316
vn 0.2579 -0.9625 0.0841
vn 0.6533 -0.3987 0.6435
vn 0.6973 -0.1317 0.7046
vn 0.6432 0.1987 0.7394
vn -0.3533 -0.9066 -0.2307
vn -0.3415 -0.9399 0.0000
vn -0.2837 -0.9589 0.0000
vn -0.3533 -0.9066 0.2307
vn 0.4115 -0.5514 0.7257
vn 0.3195 -0.9473 0.0239
vn 0.2799 -0.9488 0.1462
vn 0.4458 -0.5709 0.6894
vn 0.2965 0.0717 0.9523
vn 0.2868 0.0788 0.9547
vn 0.6110 0.2109 0.7630
vn 0.4775 0.7020 0.5284
vn 0.3680 0.8425 0.3935
vn 0.6160 0.1011 0.7812
vn 0.6037 -0.0893 0.7922
vn 0.5892 -0.0486 0.8065
vn 0.3221 0.2880 0.9018
vn 0.2008 0.8584 0.4720
vn 0.2110 0.8555 0.4727
vn 0.3308 0.2770 0.9021
vn 0.3251 -0.0535 0.9442
vn 0.3368 -0.0799 0.9381
vn -0.1703 -0.4244 0.8893
vn 0.0400 -0.4465 0.8939
vn 0.0697 0.3095 -0.9483
vn -0.5849 0.7407 -0.3305
vn 0.0209 0.8984 -0.4386
vn -0.6388 0.2562 -0.7254
vn 0.0829 -0.0346 -0.9959
vn -0.6578 -0.0400 -0.7521
vn -0.4275 0.4257 0.7975
vn -0.4745 -0.3091 -0.8242
vn -0.2815 -0.9388 -0.1986
vn -0.6775 -0.7355 0.0000
vn 0.0670 -0.9665 -0.2477
vn -0.9921 -0.1107 0.0593
vn -0.9212 -0.1404 0.3629
vn -0.9958 0.0238 0.0879
vn 0.3704 -0.1135 -0.9219
vn 0.4644 -0.0274 -0.8852
vn 0.5479 0.1086 0.8294
vn 0.7335 0.0183 0.6795
vn 0.3845 0.3246 -0.8641
vn -0.0197 0.9998 0.0000
vn 0.1769 -0.6937 0.6981
vn 0.2329 -0.9724 0.0164
vn 0.2700 -0.9623 -0.0314
vn -0.4009 -0.6858 0.6074
vn 0.0203 -0.0217 0.9995
vn -0.6528 -0.1794 0.7360
vn -0.2793 -0.9493 0.1442
vn -0.2502 -0.9052 0.3435
vn 0.1061 0.9610 -0.2553
vn 0.4114 0.9081 -0.0783
vn -0.3862 -0.8670 -0.3148
vn -0.3099 -0.8524 -0.4210
vn -0.7392 -0.5500 -0.3887
vn -0.4535 -0.7237 -0.5201
vn 0.6827 -0.0896 -0.7252
vn 0.4009 0.4164 -0.8160
vn 0.8287 -0.5447 -0.1281
vn 0.1762 0.2644 -0.9482
vn 0.9449 0.1638 0.2835
vn 0.6344 0.7729 0.0000
vn 0.6151 0.7725 0.1574
vn 0.9905 0.1374 0.0000
vn 0.9433 -0.1562 0.2927
vn 0.9849 -0.1728 0.0000
vn 0.9972 -0.0746 -0.0001
vn 0.0829 -0.0346 0.9959
vn -0.6578 -0.0400 0.7521
vn -1.0000 0.0060 0.0000
vn 0.9972 -0.0746 0.0001
vn -0.9905 -0.1375 0.0000
vn -0.0145 0.9999 0.0036
vn -0.0190 0.9998 -0.0040
vn 0.0209 0.8984 0.4386
vn 0.4740 -0.8278 0.2998
vn 0.4635 -0.8451 0.2662
vn 0.4759 -0.8544 0.2087
vn 0.3531 0.9274 0.1233
vn 0.1645 0.9863 -0.0071
vn 0.1197 0.9928 0.0000
vn 0.6151 0.7725 -0.1574
vn 0.9449 0.1638 -0.2835
vn 0.6533 -0.3987 -0.6435
vn 0.6973 -0.1317 -0.7046
vn 0.5094 -0.7764 -0.3711
vn 0.6432 0.1987 -0.7394
vn 0.6545 0.1864 -0.7327
vn 0.8513 -0.5245 0.0086
vn -0.9515 -0.3076 0.0000
vn -0.9165 -0.2833 0.2824
vn -0.9190 -0.2588 0.2975
vn -0.9438 -0.3305 0.0000
vn -0.9165 -0.2833 -0.2824
vn 0.7252 -0.6685 -0.1648
vn 0.2976 -0.9546 0.0065
vn 0.2008 0.8584 -0.4720
vn 0.0560 0.9982 -0.0197
vn 0.0475 0.9968 -0.0640
vn 0.2110 0.8555 -0.4727
vn 0.3221 0.2880 -0.9018
vn 0.3308 0.2770 -0.9021
vn 0.3251 -0.0535 -0.9442
vn 0.3368 -0.0799 -0.9381
vn 0.4775 0.7020 -0.5284
vn 0.1144 0.9927 -0.0384
vn 0.1205 0.9902 -0.0697
vn 0.3680 0.8425 -0.3935
vn 0.6110 0.2109 -0.7630
vn 0.6160 0.1011 -0.7812
vn 0.6037 -0.0893 -0.7922
vn 0.5892 -0.0486 -0.8065
vn 0.2536 -0.8439 -0.4728
vn 0.5498 -0.0244 -0.8349
vn 0.9396 -0.0105 -0.3421
vn 0.9315 -0.0038 -0.3635
vn 0.5182 -0.0509 -0.8537
vn 0.5863 0.2173 -0.7804
vn -0.9864 0.1644 0.0000
vn -0.9305 0.1558 0.3314
vn -0.9294 0.1581 0.3334
vn -0.9868 0.1618 0.0000
vn -0.9305 0.1558 -0.3314
vn 0.9433 -0.1562 -0.2927
vn 0.4740 -0.8278 -0.2998
vn 0.4635 -0.8451 -0.2662
vn 0.4371 -0.8488 -0.2975
vn -0.6064 0.3262 0.7252
vn 0.5563 -0.7164 0.4209
vn 0.2343 0.0610 -0.9702
vn 0.6527 -0.5712 0.4976
vn 0.6372 -0.7105 0.2984
vn 0.4616 -0.8587 -0.2228
vn 0.4371 -0.8488 0.2975
vn 0.9465 -0.2725 0.1729
vn 0.1645 0.9863 0.0071
vn -0.4745 -0.3091 0.8242
vn 0.9558 -0.0902 0.2796
vn 0.9829 -0.1841 -0.0076
vn 0.9763 -0.2165 0.0000
vn -0.2885 -0.9521 -0.1009
vn 0.9396 -0.0105 0.3421
vn 0.9315 -0.0038 0.3635
vn 0.2343 0.0610 0.9702
vn 0.1011 -0.1290 0.9864
vn -0.8300 -0.4552 -0.3223
vn -0.8787 -0.4529 -0.1510
vn 0.1697 0.6835 -0.7099
vn 0.1432 0.6872 -0.7121
vn -0.5174 -0.4043 -0.7542
vn 0.2329 -0.9724 -0.0164
vn 0.2700 -0.9623 0.0314
vn -0.5174 -0.4043 0.7542
vn -0.7867 -0.4047 0.4660
vn -0.2687 -0.8047 0.5293
vn 0.3757 0.9267 0.0000
vn -0.6742 0.0038 0.7385
vn -0.7064 0.0138 0.7077
vn -0.5423 0.0964 -0.8346
vn -0.5414 0.0972 -0.8351
vn -0.5580 0.0828 -0.8256
vn -0.5227 0.1130 -0.8450
vn -0.3716 0.0598 -0.9265
vn -0.3693 0.0616 -0.9272
vn -0.3417 0.0833 -0.9361
vn -0.4074 0.0309 -0.9127
vn 0.1144 0.9927 0.0384
vn 0.1205 0.9902 0.0697
vn 0.0560 0.9982 0.0197
vn 0.0475 0.9968 0.0640
vn -0.6830 -0.2025 -0.7017
vn -0.6824 -0.1998 -0.7031
vn -0.6853 -0.2117 -0.6968
vn -0.6803 -0.1915 -0.7074
vn -0.2897 -0.0635 -0.9550
vn -0.2901 -0.0645 -0.9548
vn -0.2856 -0.0546 -0.9568
vn -0.2940 -0.0731 -0.9530
vn 0.9558 -0.0902 -0.2796
vn 0.3195 -0.9473 -0.0239
vn 0.4115 -0.5514 -0.7257
vn 0.2799 -0.9488 -0.1462
vn 0.4458 -0.5709 -0.6894
vn 0.2701 -0.9538 -0.1316
vn 0.2579 -0.9625 -0.0841
vn -0.2897 -0.0635 0.9550
vn -0.2901 -0.0645 0.9548
vn -0.2940 -0.0731 0.9530
vn -0.2856 -0.0546 0.9568
vn 0.2965 0.0717 -0.9523
vn 0.2868 0.0788 -0.9547
vn -0.6830 -0.2025 0.7017
vn -0.6824 -0.1998 0.7031
vn -0.6803 -0.1915 0.7074
vn -0.6853 -0.2117 0.6968
vn 0.2108 -0.9775 0.0000
vn -0.0145 0.9999 -0.0036
vn -0.0190 0.9998 0.0040
vn -0.0562 0.0267 0.9980
vn -0.0590 0.0313 0.9977
vn -0.3716 0.0598 0.9265
vn -0.3693 0.0616 0.9272
vn -0.4074 0.0309 0.9127
vn -0.3417 0.0833 0.9361
vn -0.5423 0.0964 0.8346
vn -0.5414 0.0972 0.8351
vn -0.5227 0.1130 0.8450
vn -0.5580 0.0828 0.8256
vn -0.0507 0.0190 -0.9985
vn -0.6655 -0.1009 -0.7396
vn -0.0505 0.0194 -0.9985
vn -0.7107 -0.1491 -0.6875
vn -0.5472 -0.2780 0.7895
vn -0.5472 -0.2780 -0.7895
vn 0.9829 -0.1841 0.0076
vn -0.9190 -0.2588 -0.2975
vn 0.6545 0.1864 0.7327
vn 0.9072 0.2916 0.3033
vn -0.9294 0.1581 -0.3334
vn -0.0643 0.9979 -0.0070
usemtl m0
s 1
f 415/1/1 42/2/2 19/3/3
f 42/2/2 415/1/1 412/4/4
f 189/5/5 412/4/4 415/1/1
f 412/4/4 189/5/5 185/6/6
f 145/7/7 185/6/6 189/5/5
f 185/6/6 145/7/7 142/8/8
f 211/9/9 142/8/8 145/7/7
f 142/8/8 211/9/9 208/10/10
f 122/11/11 208/10/10 211/9/9
f 208/10/10 122/11/11 119/12/12
f 166/13/13 119/12/12 122/11/11
f 119/12/12 166/13/13 163/14/14
f 1/15/15 163/14/14 166/13/13
f 163/14/14 1/15/15 38/16/16
f 1/15/15 35/17/17 38/16/16
f 38/16/16 35/17/17 45/18/18
f 32/19/19 45/18/18 35/17/17
f 45/18/18 32/19/19 59/20/20
f 29/21/21 59/20/20 32/19/19
f 59/20/20 29/21/21 22/22/22
f 248/23/23 22/22/22 29/21/21
f 22/22/22 248/23/23 273/24/24
f 252/25/25 273/24/24 248/23/23
f 273/24/24 252/25/25 276/26/26
f 255/27/27 276/26/26 252/25/25
f 276/26/26 255/27/27 279/28/28
f 258/29/29 279/28/28 255/27/27
f 279/28/28 258/29/29 282/30/30
f 323/31/31 282/30/30 258/29/29
f 282/30/30 323/31/31 317/32/32
f 320/33/33 317/32/32 323/31/31
f 317/32/32 320/33/33 314/34/34
f 365/35/35 314/34/34 320/33/33
f 314/34/34 365/35/35 358/36/36
f 362/37/37 358/36/36 365/35/35
f 358/36/36 362/37/37 354/38/38
f 382/39/39 354/38/38 362/37/37
f 354/38/38 382/39/39 385/40/40
f 264/41/41 385/40/40 382/39/39
f 385/40/40 264/41/41 285/42/42
f 267/43/43 285/42/42 264/41/41
f 285/42/42 267/43/43 288/44/44
f 292/45/45 288/44/44 267/43/43
f 288/44/44 292/45/45 298/46/46
f 4/47/47 298/46/46 292/45/45
f 298/46/46 4/47/47 389/48/48
f 393/49/49 389/48/48 4/47/47
f 389/48/48 393/49/49 345/50/50
f 342/51/51 345/50/50 393/49/49
f 345/50/50 342/51/51 348/52/52
f 351/53/53 348/52/52 342/51/51
f 348/52/52 351/53/53 307/54/54
f 192/55/55 307/54/54 351/53/53
f 307/54/54 192/55/55 311/56/56
f 104/57/57 311/56/56 192/55/55
f 311/56/56 104/57/57 301/58/58
f 148/59/59 301/58/58 104/57/57
f 301/58/58 148/59/59 304/60/60
f 26/61/61 304/60/60 148/59/59
f 304/60/60 26/61/61 22/22/22
f 98/62/62 22/22/22 26/61/61
f 22/22/22 98/62/62 82/63/63
f 86/64/64 82/63/63 98/62/62
f 82/63/63 86/64/64 62/65/65
f 65/66/66 62/65/65 86/64/64
f 62/65/65 65/66/66 45/18/18
f 48/67/67 45/18/18 65/66/66
f 45/18/18 48/67/67 38/16/16
f 163/14/14 38/16/16 48/67/67
f 529/68/68 550/69/69 437/70/70
f 550/69/69 529/68/68 626/71/71
f 536/72/72 626/71/71 529/68/68
f 626/71/71 536/72/72 622/73/73
f 803/74/74 622/73/73 536/72/72
f 622/73/73 803/74/74 670/75/75
f 680/76/76 670/75/75 803/74/74
f 670/75/75 680/76/76 676/77/77
f 819/78/78 676/77/77 680/76/76
f 676/77/77 819/78/78 822/79/79
f 739/80/80 822/79/79 819/78/78
f 822/79/79 739/80/80 799/81/81
f 748/82/82 799/81/81 739/80/80
f 799/81/81 748/82/82 742/83/83
f 599/84/84 742/83/83 748/82/82
f 742/83/83 599/84/84 731/85/85
f 845/86/86 731/85/85 599/84/84
f 731/85/85 845/86/86 848/87/87
f 146/88/88 848/87/87 845/86/86
f 848/87/87 146/88/88 143/89/89
f 158/90/90 143/89/89 146/88/88
f 143/89/89 158/90/90 816/91/91
f 813/92/92 816/91/91 158/90/90
f 816/91/91 813/92/92 134/93/93
f 810/94/94 134/93/93 813/92/92
f 134/93/93 810/94/94 131/95/95
f 90/96/96 131/95/95 810/94/94
f 131/95/95 90/96/96 223/97/97
f 896/98/98 223/97/97 90/96/96
f 223/97/97 896/98/98 226/99/99
f 219/100/100 214/101/101 222/102/102
f 214/101/101 219/100/100 225/103/103
f 229/104/104 225/103/103 219/100/100
f 225/103/103 229/104/104 336/105/105
f 339/106/106 336/105/105 229/104/104
f 336/105/105 339/106/106 333/107/107
f 211/9/9 333/107/107 339/106/106
f 333/107/107 211/9/9 378/108/108
f 145/7/7 378/108/108 211/9/9
f 378/108/108 145/7/7 374/109/109
f 189/5/5 374/109/109 145/7/7
f 374/109/109 189/5/5 418/110/110
f 415/1/1 418/110/110 189/5/5
f 418/110/110 415/1/1 245/111/111
f 19/3/3 245/111/111 415/1/1
f 245/111/111 19/3/3 16/112/112
f 42/2/2 16/112/112 19/3/3
f 16/112/112 42/2/2 73/113/113
f 52/114/114 73/113/113 42/2/2
f 73/113/113 52/114/114 77/115/115
f 69/116/116 77/115/115 52/114/114
f 77/115/115 69/116/116 92/117/117
f 403/118/118 92/117/117 69/116/116
f 92/117/117 403/118/118 101/119/119
f 397/120/120 101/119/119 403/118/118
f 101/119/119 397/120/120 4/47/47
f 400/121/121 4/47/47 397/120/120
f 681/122/122 732/123/123 687/124/124
f 732/123/123 681/122/122 729/125/125
f 677/126/126 729/125/125 681/122/122
f 729/125/125 677/126/126 725/127/127
f 667/128/128 725/127/127 677/126/126
f 725/127/127 667/128/128 717/129/129
f 671/130/130 717/129/129 667/128/128
f 717/129/129 671/130/130 721/131/131
f 713/132/132 721/131/131 671/130/130
f 721/131/131 713/132/132 764/133/133
f 709/134/134 764/133/133 713/132/132
f 764/133/133 709/134/134 759/135/135
f 705/136/136 759/135/135 709/134/134
f 759/135/135 705/136/136 753/137/137
f 701/138/138 753/137/137 705/136/136
f 753/137/137 701/138/138 749/139/139
f 698/140/140 749/139/139 701/138/138
f 749/139/139 698/140/140 743/141/141
f 694/142/142 743/141/141 698/140/140
f 743/141/141 694/142/142 740/143/143
f 691/144/144 740/143/143 694/142/142
f 740/143/143 691/144/144 736/145/145
f 687/124/124 736/145/145 691/144/144
f 736/145/145 687/124/124 732/123/123
f 729/125/125 785/146/146 732/123/123
f 785/146/146 729/125/125 781/147/147
f 725/127/127 781/147/147 729/125/125
f 781/147/147 725/127/127 777/148/148
f 717/129/129 777/148/148 725/127/127
f 777/148/148 717/129/129 770/149/149
f 721/131/131 770/149/149 717/129/129
f 770/149/149 721/131/131 774/150/150
f 764/133/133 774/150/150 721/131/131
f 774/150/150 764/133/133 811/151/151
f 759/135/135 811/151/151 764/133/133
f 811/151/151 759/135/135 807/152/152
f 753/137/137 807/152/152 759/135/135
f 807/152/152 753/137/137 804/153/153
f 749/139/139 804/153/153 753/137/137
f 804/153/153 749/139/139 800/154/154
f 743/141/141 800/154/154 749/139/139
f 800/154/154 743/141/141 797/155/155
f 740/143/143 797/155/155 743/141/141
f 797/155/155 740/143/143 794/156/156
f 736/145/145 794/156/156 740/143/143
f 794/156/156 736/145/145 790/157/157
f 732/123/123 790/157/157 736/145/145
f 790/157/157 732/123/123 785/146/146
f 774/150/150 814/158/158 770/149/149
f 814/158/158 774/150/150 817/159/159
f 811/151/151 817/159/159 774/150/150
f 817/159/159 811/151/151 850/160/160
f 807/152/152 850/160/160 811/151/151
f 850/160/160 807/152/152 847/161/161
f 804/153/153 847/161/161 807/152/152
f 847/161/161 804/153/153 844/162/162
f 800/154/154 844/162/162 804/153/153
f 844/162/162 800/154/154 841/163/163
f 797/155/155 841/163/163 800/154/154
f 841/163/163 797/155/155 838/164/164
f 794/156/156 838/164/164 797/155/155
f 838/164/164 794/156/156 834/165/165
f 790/157/157 834/165/165 794/156/156
f 834/165/165 790/157/157 829/166/166
f 785/146/146 829/166/166 790/157/157
f 829/166/166 785/146/146 826/167/167
f 781/147/147 826/167/167 785/146/146
f 826/167/167 781/147/147 823/168/168
f 777/148/148 823/168/168 781/147/147
f 823/168/168 777/148/148 820/169/169
f 770/149/149 820/169/169 777/148/148
f 820/169/169 770/149/149 814/158/158
f 575/170/170 667/128/128 571/171/171
f 667/128/128 575/170/170 671/130/130
f 661/172/172 671/130/130 575/170/170
f 671/130/130 661/172/172 713/132/132
f 655/173/173 713/132/132 661/172/172
f 713/132/132 655/173/173 709/134/134
f 645/174/174 709/134/134 655/173/173
f 709/134/134 645/174/174 705/136/136
f 636/175/175 705/136/136 645/174/174
f 705/136/136 636/175/175 701/138/138
f 627/176/176 701/138/138 636/175/175
f 701/138/138 627/176/176 698/140/140
f 619/177/177 698/140/140 627/176/176
f 698/140/140 619/177/177 694/142/142
f 612/178/178 694/142/142 619/177/177
f 694/142/142 612/178/178 691/144/144
f 600/179/179 691/144/144 612/178/178
f 691/144/144 600/179/179 687/124/124
f 590/180/180 687/124/124 600/179/179
f 687/124/124 590/180/180 681/122/122
f 582/181/181 681/122/122 590/180/180
f 681/122/122 582/181/181 677/126/126
f 571/171/171 677/126/126 582/181/181
f 677/126/126 571/171/171 667/128/128
f 294/182/182 332/183/183 291/184/184
f 332/183/183 294/182/182 335/185/185
f 297/186/186 335/185/185 294/182/182
f 335/185/185 297/186/186 338/187/187
f 300/188/188 338/187/187 297/186/186
f 338/187/187 300/188/188 341/189/189
f 303/190/190 341/189/189 300/188/188
f 341/189/189 303/190/190 344/191/191
f 306/192/192 344/191/191 303/190/190
f 344/191/191 306/192/192 347/193/193
f 310/194/194 347/193/193 306/192/192
f 347/193/193 310/194/194 350/195/195
f 313/196/196 350/195/195 310/194/194
f 350/195/195 313/196/196 353/197/197
f 316/198/198 353/197/197 313/196/196
f 353/197/197 316/198/198 357/199/199
f 319/200/200 357/199/199 316/198/198
f 357/199/199 319/200/200 361/201/201
f 322/202/202 361/201/201 319/200/200
f 361/201/201 322/202/202 364/203/203
f 325/204/204 364/203/203 322/202/202
f 364/203/203 325/204/204 328/205/205
f 291/184/184 328/205/205 325/204/204
f 328/205/205 291/184/184 332/183/183
f 563/206/206 571/171/171 567/207/207
f 571/171/171 563/206/206 575/170/170
f 658/208/208 575/170/170 563/206/206
f 575/170/170 658/208/208 661/172/172
f 650/209/209 661/172/172 658/208/208
f 661/172/172 650/209/209 655/173/173
f 641/210/210 655/173/173 650/209/209
f 655/173/173 641/210/210 645/174/174
f 631/211/211 645/174/174 641/210/210
f 645/174/174 631/211/211 636/175/175
f 623/212/212 636/175/175 631/211/211
f 636/175/175 623/212/212 627/176/176
f 616/213/213 627/176/176 623/212/212
f 627/176/176 616/213/213 619/177/177
f 606/214/214 619/177/177 616/213/213
f 619/177/177 606/214/214 612/178/178
f 596/215/215 612/178/178 606/214/214
f 612/178/178 596/215/215 600/179/179
f 586/216/216 600/179/179 596/215/215
f 600/179/179 586/216/216 590/180/180
f 578/217/217 590/180/180 586/216/216
f 590/180/180 578/217/217 582/181/181
f 567/207/207 582/181/181 578/217/217
f 582/181/181 567/207/207 571/171/171
f 332/183/183 370/218/218 328/205/205
f 370/218/218 332/183/183 373/219/219
f 335/185/185 373/219/219 332/183/183
f 373/219/219 335/185/185 377/220/220
f 338/187/187 377/220/220 335/185/185
f 377/220/220 338/187/187 381/221/221
f 341/189/189 381/221/221 338/187/187
f 381/221/221 341/189/189 384/222/222
f 344/191/191 384/222/222 341/189/189
f 384/222/222 344/191/191 388/223/223
f 347/193/193 388/223/223 344/191/191
f 388/223/223 347/193/193 392/224/224
f 350/195/195 392/224/224 347/193/193
f 392/224/224 350/195/195 396/225/225
f 353/197/197 396/225/225 350/195/195
f 396/225/225 353/197/197 399/226/226
f 357/199/199 399/226/226 353/197/197
f 399/226/226 357/199/199 402/227/227
f 361/201/201 402/227/227 357/199/199
f 402/227/227 361/201/201 405/228/228
f 364/203/203 405/228/228 361/201/201
f 405/228/228 364/203/203 367/229/229
f 328/205/205 367/229/229 364/203/203
f 367/229/229 328/205/205 370/218/218
f 370/218/218 411/230/230 367/229/229
f 411/230/230 370/218/218 414/231/231
f 373/219/219 414/231/231 370/218/218
f 414/231/231 373/219/219 417/232/232
f 377/220/220 417/232/232 373/219/219
f 417/232/232 377/220/220 420/233/233
f 381/221/221 420/233/233 377/220/220
f 420/233/233 381/221/221 424/234/234
f 384/222/222 424/234/234 381/221/221
f 424/234/234 384/222/222 427/235/235
f 388/223/223 427/235/235 384/222/222
f 427/235/235 388/223/223 430/236/236
f 392/224/224 430/236/236 388/223/223
f 430/236/236 392/224/224 433/237/139
f 396/225/225 433/237/139 392/224/224
f 433/237/139 396/225/225 441/238/237
f 399/226/226 441/238/237 396/225/225
f 441/238/237 399/226/226 445/239/238
f 402/227/227 445/239/238 399/226/226
f 445/239/238 402/227/227 448/240/239
f 405/228/228 448/240/239 402/227/227
f 448/240/239 405/228/228 408/241/240
f 367/229/229 408/241/240 405/228/228
f 408/241/240 367/229/229 411/230/230
f 411/230/230 455/242/241 408/241/240
f 455/242/241 411/230/230 460/243/242
f 414/231/231 460/243/242 411/230/230
f 460/243/242 414/231/231 463/244/243
f 417/232/232 463/244/243 414/231/231
f 463/244/243 417/232/232 467/245/244
f 420/233/233 467/245/244 417/232/232
f 467/245/244 420/233/233 472/246/245
f 424/234/234 472/246/245 420/233/233
f 472/246/245 424/234/234 476/247/246
f 427/235/235 476/247/246 424/234/234
f 476/247/246 427/235/235 480/248/247
f 430/236/236 480/248/247 427/235/235
f 480/248/247 430/236/236 485/249/248
f 433/237/139 485/249/248 430/236/236
f 485/249/248 433/237/139 489/250/249
f 441/238/237 489/250/249 433/237/139
f 489/250/249 441/238/237 493/251/250
f 445/239/238 493/251/250 441/238/237
f 493/251/250 445/239/238 497/252/251
f 448/240/239 497/252/251 445/239/238
f 497/252/251 448/240/239 451/253/252
f 408/241/240 451/253/252 448/240/239
f 451/253/252 408/241/240 455/242/241
f 493/251/250 552/254/253 489/250/249
f 552/254/253 493/251/250 555/255/254
f 497/252/251 555/255/254 493/251/250
f 555/255/254 497/252/251 502/256/255
f 451/253/252 502/256/255 497/252/251
f 502/256/255 451/253/252 507/257/256
f 455/242/241 507/257/256 451/253/252
f 507/257/256 455/242/241 511/258/257
f 460/243/242 511/258/257 455/242/241
f 511/258/257 460/243/242 514/259/258
f 463/244/243 514/259/258 460/243/242
f 514/259/258 463/244/243 518/260/259
f 467/245/244 518/260/259 463/244/243
f 518/260/259 467/245/244 524/261/260
f 472/246/245 524/261/260 467/245/244
f 524/261/260 472/246/245 531/262/261
f 476/247/246 531/262/261 472/246/245
f 531/262/261 476/247/246 538/263/262
f 480/248/247 538/263/262 476/247/246
f 538/263/262 480/248/247 542/264/263
f 485/249/248 542/264/263 480/248/247
f 542/264/263 485/249/248 546/265/264
f 489/250/249 546/265/264 485/249/248
f 546/265/264 489/250/249 552/254/253
f 222/102/102 232/266/265 219/100/100
f 232/266/265 222/102/102 235/267/266
f 214/101/101 235/267/266 222/102/102
f 235/267/266 214/101/101 238/268/267
f 225/103/103 238/268/267 214/101/101
f 238/268/267 225/103/103 241/269/268
f 336/105/105 241/269/268 225/103/103
f 241/269/268 336/105/105 326/270/269
f 333/107/107 326/270/269 336/105/105
f 326/270/269 333/107/107 329/271/270
f 378/108/108 329/271/270 333/107/107
f 329/271/270 378/108/108 368/272/271
f 374/109/109 368/272/271 378/108/108
f 368/272/271 374/109/109 371/273/272
f 418/110/110 371/273/272 374/109/109
f 371/273/272 418/110/110 421/274/273
f 245/111/111 421/274/273 418/110/110
f 421/274/273 245/111/111 261/275/274
f 270/276/275 261/275/274 245/111/111
f 261/275/274 270/276/275 267/43/43
f 295/277/276 267/43/43 270/276/275
f 267/43/43 295/277/276 292/45/45
f 231/278/277 234/279/278 153/280/279
f 234/279/278 231/278/277 156/281/280
f 260/282/281 156/281/280 231/278/277
f 156/281/280 260/282/281 162/283/282
f 263/284/283 162/283/282 260/282/281
f 162/283/282 263/284/283 197/285/284
f 251/286/285 197/285/284 263/284/283
f 197/285/284 251/286/285 191/287/286
f 254/288/287 191/287/286 251/286/285
f 191/287/286 254/288/287 869/289/288
f 181/290/289 869/289/288 254/288/287
f 869/289/288 181/290/289 865/291/290
f 266/292/291 865/291/290 181/290/289
f 865/291/290 266/292/291 100/293/292
f 275/294/293 100/293/292 266/292/291
f 100/293/292 275/294/293 112/295/294
f 284/296/295 112/295/294 275/294/293
f 112/295/294 284/296/295 871/297/296
f 90/96/96 891/298/297 896/98/98
f 891/298/297 90/96/96 861/299/298
f 155/300/299 861/299/298 90/96/96
f 861/299/298 155/300/299 152/301/300
f 334/302/301 152/301/300 155/300/299
f 152/301/300 334/302/301 93/303/302
f 99/304/303 93/303/302 334/302/301
f 93/303/302 99/304/303 96/305/304
f 102/306/305 96/305/304 99/304/303
f 96/305/304 102/306/305 853/307/306
f 845/86/86 853/307/306 102/306/305
f 853/307/306 845/86/86 821/308/307
f 859/309/308 821/308/307 845/86/86
f 821/308/307 859/309/308 857/310/309
f 589/311/310 857/310/309 859/309/308
f 857/310/309 589/311/310 506/312/311
f 501/313/312 506/312/311 589/311/310
f 298/46/46 285/42/42 288/44/44
f 285/42/42 298/46/46 385/40/40
f 389/48/48 385/40/40 298/46/46
f 385/40/40 389/48/48 354/38/38
f 345/50/50 354/38/38 389/48/48
f 354/38/38 345/50/50 358/36/36
f 348/52/52 358/36/36 345/50/50
f 358/36/36 348/52/52 314/34/34
f 307/54/54 314/34/34 348/52/52
f 314/34/34 307/54/54 317/32/32
f 311/56/56 317/32/32 307/54/54
f 317/32/32 311/56/56 282/30/30
f 301/58/58 282/30/30 311/56/56
f 282/30/30 301/58/58 279/28/28
f 304/60/60 279/28/28 301/58/58
f 279/28/28 304/60/60 276/26/26
f 273/24/24 276/26/26 304/60/60
f 235/267/266 252/25/25 248/23/23
f 252/25/25 235/267/266 255/27/27
f 238/268/267 255/27/27 235/267/266
f 255/27/27 238/268/267 258/29/29
f 241/269/268 258/29/29 238/268/267
f 258/29/29 241/269/268 323/31/31
f 326/270/269 323/31/31 241/269/268
f 323/31/31 326/270/269 320/33/33
f 329/271/270 320/33/33 326/270/269
f 320/33/33 329/271/270 365/35/35
f 368/272/271 365/35/35 329/271/270
f 365/35/35 368/272/271 362/37/37
f 371/273/272 362/37/37 368/272/271
f 362/37/37 371/273/272 382/39/39
f 421/274/273 382/39/39 371/273/272
f 382/39/39 421/274/273 261/275/274
f 640/314/313 488/315/314 787/316/315
f 488/315/314 640/314/313 611/317/316
f 635/318/317 611/317/316 640/314/313
f 611/317/316 635/318/317 630/319/318
f 763/320/319 630/319/318 635/318/317
f 630/319/318 763/320/319 793/321/320
f 657/322/321 793/321/320 763/320/319
f 793/321/320 657/322/321 752/323/322
f 827/324/323 752/323/322 657/322/321
f 752/323/322 827/324/323 824/325/324
f 105/326/325 824/325/324 827/324/323
f 824/325/324 105/326/325 283/327/326
f 120/328/327 283/327/326 105/326/325
f 283/327/326 120/328/327 117/329/328
f 124/330/329 117/329/328 120/328/327
f 117/329/328 124/330/329 128/331/330
f 459/332/331 337/333/332 443/334/333
f 337/333/332 459/332/331 447/335/334
f 453/336/335 447/335/334 459/332/331
f 447/335/334 453/336/335 450/337/336
f 470/338/337 450/337/336 453/336/335
f 450/337/336 470/338/337 363/339/338
f 474/340/339 363/339/338 470/338/337
f 363/339/338 474/340/339 372/341/340
f 805/342/341 372/341/340 474/340/339
f 372/341/340 805/342/341 798/343/342
f 239/344/343 798/343/342 805/342/341
f 798/343/342 239/344/343 236/345/344
f 902/346/345 236/345/344 239/344/343
f 236/345/344 902/346/345 900/347/346
f 63/348/347 900/347/346 902/346/345
f 900/347/346 63/348/347 905/349/348
f 216/350/349 289/351/350 54/352/351
f 289/351/350 216/350/349 293/353/352
f 79/354/353 293/353/352 216/350/349
f 293/353/352 79/354/353 296/355/354
f 111/356/355 296/355/354 79/354/353
f 296/355/354 111/356/355 114/357/356
f 108/358/357 114/357/356 111/356/355
f 114/357/356 108/358/357 286/359/358
f 140/360/359 286/359/358 108/358/357
f 286/359/358 140/360/359 134/93/93
f 137/361/360 134/93/93 140/360/359
f 134/93/93 137/361/360 816/91/91
f 143/89/89 816/91/91 137/361/360
f 115/362/361 100/293/292 112/295/294
f 100/293/292 115/362/361 103/363/362
f 118/364/363 103/363/362 115/362/361
f 103/363/362 118/364/363 3/365/364
f 121/366/365 3/365/364 118/364/363
f 3/365/364 121/366/365 106/367/366
f 72/368/367 106/367/366 121/366/365
f 106/367/366 72/368/367 81/369/368
f 76/370/369 81/369/368 72/368/367
f 81/369/368 76/370/369 94/371/370
f 61/372/371 94/371/370 76/370/369
f 94/371/370 61/372/371 892/373/372
f 64/374/373 892/373/372 61/372/371
f 742/83/83 822/79/79 799/81/81
f 822/79/79 742/83/83 825/375/374
f 704/376/375 825/375/374 742/83/83
f 825/375/374 704/376/375 686/377/376
f 708/378/377 686/377/376 704/376/375
f 686/377/376 708/378/377 735/379/378
f 716/380/379 735/379/378 708/378/377
f 735/379/378 716/380/379 720/381/380
f 724/382/381 720/381/380 716/380/379
f 720/381/380 724/382/381 660/383/382
f 666/384/383 660/383/382 724/382/381
f 660/383/382 666/384/383 649/385/384
f 831/386/385 649/385/384 666/384/383
f 340/387/386 530/388/387 436/389/388
f 530/388/387 340/387/386 432/390/389
f 343/391/390 432/390/389 340/387/386
f 432/390/389 343/391/390 429/392/391
f 462/393/392 429/392/391 343/391/390
f 429/392/391 462/393/392 404/394/393
f 398/395/394 404/394/393 462/393/392
f 404/394/393 398/395/394 413/396/395
f 391/397/396 413/396/395 398/395/394
f 413/396/395 391/397/396 554/398/397
f 562/399/398 554/398/397 391/397/396
f 554/398/397 562/399/398 558/400/399
f 113/401/400 160/402/401 157/403/402
f 160/402/401 113/401/400 116/404/403
f 202/405/404 116/404/403 113/401/400
f 116/404/403 202/405/404 205/406/405
f 136/407/406 205/406/405 202/405/404
f 205/406/405 136/407/406 139/408/407
f 179/409/408 139/408/407 136/407/406
f 139/408/407 179/409/408 182/410/409
f 406/411/410 182/410/409 179/409/408
f 182/410/409 406/411/410 409/412/411
f 69/116/116 409/412/411 406/411/410
f 409/412/411 69/116/116 52/114/114
f 148/59/59 98/62/62 26/61/61
f 98/62/62 148/59/59 151/413/412
f 104/57/57 151/413/412 148/59/59
f 151/413/412 104/57/57 107/414/413
f 192/55/55 107/414/413 104/57/57
f 107/414/413 192/55/55 195/415/414
f 126/416/415 195/415/414 192/55/55
f 195/415/414 126/416/415 130/417/416
f 169/418/417 130/417/416 126/416/415
f 130/417/416 169/418/417 173/419/418
f 400/121/121 173/419/418 169/418/417
f 173/419/418 400/121/121 397/120/120
f 154/420/419 157/403/402 89/421/420
f 157/403/402 154/420/419 113/401/400
f 110/422/421 113/401/400 154/420/419
f 113/401/400 110/422/421 202/405/404
f 198/423/422 202/405/404 110/422/421
f 202/405/404 198/423/422 136/407/406
f 133/424/423 136/407/406 198/423/422
f 136/407/406 133/424/423 179/409/408
f 176/425/424 179/409/408 133/424/423
f 179/409/408 176/425/424 406/411/410
f 403/118/118 406/411/410 176/425/424
f 406/411/410 403/118/118 69/116/116
f 151/413/412 89/421/420 98/62/62
f 89/421/420 151/413/412 154/420/419
f 107/414/413 154/420/419 151/413/412
f 154/420/419 107/414/413 110/422/421
f 195/415/414 110/422/421 107/414/413
f 110/422/421 195/415/414 198/423/422
f 130/417/416 198/423/422 195/415/414
f 198/423/422 130/417/416 133/424/423
f 173/419/418 133/424/423 130/417/416
f 133/424/423 173/419/418 176/425/424
f 397/120/120 176/425/424 173/419/418
f 176/425/424 397/120/120 403/118/118
f 199/426/425 180/427/426 123/428/427
f 180/427/426 199/426/425 203/429/428
f 171/430/429 203/429/428 199/426/425
f 203/429/428 171/430/429 177/431/430
f 250/432/431 177/431/430 171/430/429
f 177/431/430 250/432/431 253/433/432
f 831/386/385 253/433/432 250/432/431
f 253/433/432 831/386/385 858/434/433
f 666/384/383 858/434/433 831/386/385
f 858/434/433 666/384/383 728/435/434
f 724/382/381 728/435/434 666/384/383
f 728/435/434 724/382/381 716/380/379
f 290/436/435 883/437/436 53/438/437
f 883/437/436 290/436/435 305/439/438
f 75/440/439 305/439/438 290/436/435
f 305/439/438 75/440/439 33/441/440
f 898/442/441 33/441/440 75/440/439
f 33/441/440 898/442/441 27/443/442
f 277/444/443 27/443/442 898/442/441
f 27/443/442 277/444/443 36/445/444
f 280/446/445 36/445/444 277/444/443
f 36/445/444 280/446/445 868/447/446
f 872/448/447 868/447/446 280/446/445
f 180/427/426 111/356/355 123/428/427
f 111/356/355 180/427/426 108/358/357
f 203/429/428 108/358/357 180/427/426
f 108/358/357 203/429/428 206/449/448
f 177/431/430 206/449/448 203/429/428
f 206/449/448 177/431/430 167/450/449
f 253/433/432 167/450/449 177/431/430
f 167/450/449 253/433/432 256/451/450
f 858/434/433 256/451/450 253/433/432
f 256/451/450 858/434/433 855/452/451
f 728/435/434 855/452/451 858/434/433
f 116/404/403 119/12/12 160/402/401
f 119/12/12 116/404/403 208/10/10
f 205/406/405 208/10/10 116/404/403
f 208/10/10 205/406/405 142/8/8
f 139/408/407 142/8/8 205/406/405
f 142/8/8 139/408/407 185/6/6
f 182/410/409 185/6/6 139/408/407
f 185/6/6 182/410/409 412/4/4
f 409/412/411 412/4/4 182/410/409
f 412/4/4 409/412/411 42/2/2
f 52/114/114 42/2/2 409/412/411
f 599/84/84 859/309/308 845/86/86
f 859/309/308 599/84/84 595/453/452
f 748/82/82 595/453/452 599/84/84
f 595/453/452 748/82/82 589/311/310
f 784/454/453 589/311/310 748/82/82
f 589/311/310 784/454/453 780/455/454
f 739/80/80 780/455/454 784/454/453
f 780/455/454 739/80/80 863/456/455
f 585/457/456 863/456/455 739/80/80
f 863/456/455 585/457/456 360/458/457
f 356/459/458 360/458/457 585/457/456
f 897/460/459 94/371/370 892/373/372
f 94/371/370 897/460/459 97/461/460
f 25/462/461 97/461/460 897/460/459
f 97/461/460 25/462/461 85/463/462
f 18/464/463 85/463/462 25/462/461
f 85/463/462 18/464/463 88/465/464
f 869/289/288 88/465/464 18/464/463
f 88/465/464 869/289/288 7/466/465
f 865/291/290 7/466/465 869/289/288
f 7/466/465 865/291/290 103/363/362
f 100/293/292 103/363/362 865/291/290
f 883/437/436 832/467/466 56/468/467
f 832/467/466 883/437/436 881/469/468
f 46/470/469 881/469/468 883/437/436
f 881/469/468 46/470/469 190/471/470
f 299/472/471 190/471/470 46/470/469
f 190/471/470 299/472/471 63/348/347
f 17/473/472 63/348/347 299/472/471
f 63/348/347 17/473/472 905/349/348
f 20/474/473 905/349/348 17/473/472
f 905/349/348 20/474/473 6/475/474
f 14/476/475 6/475/474 20/474/473
f 806/477/476 496/478/477 479/479/478
f 496/478/477 806/477/476 349/480/479
f 862/481/480 349/480/479 806/477/476
f 349/480/479 862/481/480 860/482/481
f 183/483/482 860/482/481 862/481/480
f 860/482/481 183/483/482 885/484/483
f 268/485/484 885/484/483 183/483/482
f 885/484/483 268/485/484 265/486/485
f 67/487/486 265/486/485 268/485/484
f 265/486/485 67/487/486 71/488/487
f 61/372/371 889/489/488 64/374/373
f 889/489/488 61/372/371 899/490/489
f 44/491/490 899/490/489 61/372/371
f 899/490/489 44/491/490 41/492/491
f 37/493/492 41/492/491 44/491/490
f 41/492/491 37/493/492 34/494/493
f 28/495/494 34/494/493 37/493/492
f 34/494/493 28/495/494 884/496/495
f 886/497/496 884/496/495 28/495/494
f 884/496/495 886/497/496 882/498/497
f 37/493/492 31/499/498 28/495/494
f 31/499/498 37/493/492 91/500/499
f 47/501/500 91/500/499 37/493/492
f 91/500/499 47/501/500 901/502/501
f 51/503/502 901/502/501 47/501/500
f 901/502/501 51/503/502 58/504/503
f 76/370/369 58/504/503 51/503/502
f 58/504/503 76/370/369 68/505/504
f 72/368/367 68/505/504 76/370/369
f 68/505/504 72/368/367 903/506/505
f 626/71/71 788/507/506 550/69/69
f 788/507/506 626/71/71 615/508/507
f 622/73/73 615/508/507 626/71/71
f 615/508/507 622/73/73 618/509/508
f 670/75/75 618/509/508 622/73/73
f 618/509/508 670/75/75 693/510/509
f 676/77/77 693/510/509 670/75/75
f 693/510/509 676/77/77 690/511/510
f 686/377/376 690/511/510 676/77/77
f 690/511/510 686/377/376 735/379/378
f 752/323/322 630/319/318 793/321/320
f 630/319/318 752/323/322 605/512/511
f 824/325/324 605/512/511 752/323/322
f 605/512/511 824/325/324 866/513/512
f 283/327/326 866/513/512 824/325/324
f 866/513/512 283/327/326 888/514/513
f 117/329/328 888/514/513 283/327/326
f 888/514/513 117/329/328 84/515/514
f 128/331/330 84/515/514 117/329/328
f 84/515/514 128/331/330 78/516/515
f 242/517/516 239/344/343 805/342/341
f 239/344/343 242/517/516 902/346/345
f 70/518/517 902/346/345 242/517/516
f 902/346/345 70/518/517 60/519/518
f 66/520/519 60/519/518 70/518/517
f 60/519/518 66/520/519 190/471/470
f 187/521/520 190/471/470 66/520/519
f 190/471/470 187/521/520 881/469/468
f 49/522/521 881/469/468 187/521/520
f 881/469/468 49/522/521 832/467/466
f 483/523/522 479/479/478 487/524/523
f 479/479/478 483/523/522 806/477/476
f 851/525/524 806/477/476 483/523/522
f 806/477/476 851/525/524 862/481/480
f 193/526/525 862/481/480 851/525/524
f 862/481/480 193/526/525 183/483/482
f 87/527/526 183/483/482 193/526/525
f 183/483/482 87/527/526 828/528/527
f 833/529/528 828/528/527 87/527/526
f 828/528/527 833/529/528 50/530/529
f 398/395/394 387/531/530 391/397/396
f 387/531/530 398/395/394 376/532/531
f 401/533/532 376/532/531 398/395/394
f 376/532/531 401/533/532 466/534/533
f 581/535/534 466/534/533 401/533/532
f 466/534/533 581/535/534 447/335/334
f 343/391/390 447/335/334 581/535/534
f 447/335/334 343/391/390 337/333/332
f 340/387/386 337/333/332 343/391/390
f 337/333/332 340/387/386 443/334/333
f 132/536/535 159/537/536 188/538/537
f 159/537/536 132/536/535 153/280/279
f 165/539/538 153/280/279 132/536/535
f 153/280/279 165/539/538 231/278/277
f 218/540/539 231/278/277 165/539/538
f 231/278/277 218/540/539 224/541/540
f 221/542/541 224/541/540 218/540/539
f 224/541/540 221/542/541 168/543/542
f 257/544/543 168/543/542 221/542/541
f 206/449/448 140/360/359 108/358/357
f 140/360/359 206/449/448 321/545/544
f 164/546/545 321/545/544 206/449/448
f 321/545/544 164/546/545 324/547/546
f 161/548/547 324/547/546 164/546/545
f 324/547/546 161/548/547 143/89/89
f 835/549/548 143/89/89 161/548/547
f 143/89/89 835/549/548 848/87/87
f 704/376/375 848/87/87 835/549/548
f 432/390/389 537/550/549 530/388/387
f 537/550/549 432/390/389 407/551/550
f 404/394/393 407/551/550 432/390/389
f 407/551/550 404/394/393 410/552/551
f 413/396/395 410/552/551 404/394/393
f 410/552/551 413/396/395 416/553/552
f 554/398/397 416/553/552 413/396/395
f 416/553/552 554/398/397 513/554/553
f 558/400/399 513/554/553 554/398/397
f 654/555/554 660/383/382 649/385/384
f 660/383/382 654/555/554 769/556/555
f 762/557/556 769/556/555 654/555/554
f 769/556/555 762/557/556 758/558/557
f 634/559/558 758/558/557 762/557/556
f 758/558/557 634/559/558 773/560/559
f 639/561/560 773/560/559 634/559/558
f 773/560/559 639/561/560 788/507/506
f 263/284/283 175/562/561 251/286/285
f 175/562/561 263/284/283 272/563/562
f 247/564/563 272/563/562 263/284/283
f 272/563/562 247/564/563 269/565/564
f 240/566/565 269/565/564 247/564/563
f 269/565/564 240/566/565 281/567/566
f 194/568/567 281/567/566 240/566/565
f 796/569/568 454/570/569 458/571/570
f 454/570/569 796/569/568 566/572/571
f 346/573/572 566/572/571 796/569/568
f 566/572/571 346/573/572 570/574/573
f 577/575/574 570/574/573 346/573/572
f 570/574/573 577/575/574 475/576/575
f 809/577/576 475/576/575 577/575/574
f 496/478/477 837/578/577 438/579/578
f 837/578/577 496/478/477 840/580/579
f 349/480/479 840/580/579 496/478/477
f 840/580/579 349/480/479 492/581/580
f 796/569/568 492/581/580 349/480/479
f 492/581/580 796/569/568 444/582/581
f 458/571/570 444/582/581 796/569/568
f 89/421/420 86/64/64 98/62/62
f 86/64/64 89/421/420 65/66/66
f 157/403/402 65/66/66 89/421/420
f 65/66/66 157/403/402 48/67/67
f 160/402/401 48/67/67 157/403/402
f 48/67/67 160/402/401 163/14/14
f 119/12/12 163/14/14 160/402/401
f 305/439/438 46/470/469 883/437/436
f 46/470/469 305/439/438 302/583/582
f 30/584/583 302/583/582 305/439/438
f 302/583/582 30/584/583 274/585/584
f 20/474/473 274/585/584 30/584/583
f 274/585/584 20/474/473 17/473/472
f 135/586/585 132/536/535 188/538/537
f 132/536/535 135/586/585 138/587/586
f 141/588/587 138/587/586 135/586/585
f 138/587/586 141/588/587 147/589/588
f 144/590/589 147/589/588 141/588/587
f 147/589/588 144/590/589 150/591/590
f 293/353/352 74/592/591 289/351/350
f 74/592/591 293/353/352 220/593/592
f 296/355/354 220/593/592 293/353/352
f 220/593/592 296/355/354 209/594/593
f 114/357/356 209/594/593 296/355/354
f 209/594/593 114/357/356 286/359/358
f 266/292/291 278/595/594 275/294/293
f 278/595/594 266/292/291 178/596/595
f 181/290/289 178/596/595 266/292/291
f 178/596/595 181/290/289 175/562/561
f 254/288/287 175/562/561 181/290/289
f 175/562/561 254/288/287 251/286/285
f 843/597/596 856/598/597 728/435/434
f 856/598/597 843/597/596 842/599/598
f 839/600/599 842/599/598 843/597/596
f 842/599/598 839/600/599 846/601/600
f 161/548/547 846/601/600 839/600/599
f 846/601/600 161/548/547 164/546/545
f 97/461/460 81/369/368 94/371/370
f 81/369/368 97/461/460 109/602/601
f 906/603/602 109/602/601 97/461/460
f 109/602/601 906/603/602 3/365/364
f 7/466/465 3/365/364 906/603/602
f 3/365/364 7/466/465 103/363/362
f 240/566/565 172/604/603 194/568/567
f 172/604/603 240/566/565 237/605/604
f 244/606/605 237/605/604 240/566/565
f 237/605/604 244/606/605 228/607/606
f 224/541/540 228/607/606 244/606/605
f 228/607/606 224/541/540 168/543/542
f 775/608/607 767/609/608 778/610/609
f 767/609/608 775/608/607 772/611/610
f 741/612/611 772/611/610 775/608/607
f 772/611/610 741/612/611 730/613/612
f 737/614/613 730/613/612 741/612/611
f 730/613/612 737/614/613 733/615/614
f 446/616/615 719/617/616 714/618/617
f 719/617/616 446/616/615 452/619/618
f 557/620/619 452/619/618 446/616/615
f 452/619/618 557/620/619 461/621/620
f 624/622/621 461/621/620 557/620/619
f 461/621/620 624/622/621 594/623/622
f 653/624/623 657/322/321 763/320/319
f 657/322/321 653/624/623 644/625/624
f 648/626/625 644/625/624 653/624/623
f 644/625/624 648/626/625 308/627/626
f 830/628/627 308/627/626 648/626/625
f 308/627/626 830/628/627 249/629/628
f 874/630/629 23/631/630 876/632/631
f 23/631/630 874/630/629 40/633/632
f 43/634/633 40/633/632 874/630/629
f 40/633/632 43/634/633 318/635/634
f 280/446/445 318/635/634 43/634/633
f 318/635/634 280/446/445 277/444/443
f 201/636/635 147/589/588 150/591/590
f 147/589/588 201/636/635 207/637/636
f 210/638/637 207/637/636 201/636/635
f 207/637/636 210/638/637 213/639/638
f 218/540/539 213/639/638 210/638/637
f 213/639/638 218/540/539 165/539/538
f 268/485/484 186/640/639 67/487/486
f 186/640/639 268/485/484 50/530/529
f 271/641/640 50/530/529 268/485/484
f 50/530/529 271/641/640 828/528/527
f 183/483/482 828/528/527 271/641/640
f 486/642/641 519/643/642 491/644/643
f 519/643/642 486/642/641 515/645/644
f 512/646/645 515/645/644 486/642/641
f 515/645/644 512/646/645 553/647/646
f 509/648/647 553/647/646 512/646/645
f 801/649/648 236/345/344 331/650/649
f 236/345/344 801/649/648 798/343/342
f 369/651/650 798/343/342 801/649/648
f 798/343/342 369/651/650 372/341/340
f 363/339/338 372/341/340 369/651/650
f 605/512/511 611/317/316 630/319/318
f 611/317/316 605/512/511 484/652/651
f 866/513/512 484/652/651 605/512/511
f 484/652/651 866/513/512 852/653/652
f 888/514/513 852/653/652 866/513/512
f 315/654/653 868/447/446 870/655/654
f 868/447/446 315/654/653 36/445/444
f 879/656/655 36/445/444 315/654/653
f 36/445/444 879/656/655 27/443/442
f 30/584/583 27/443/442 879/656/655
f 839/600/599 835/549/548 161/548/547
f 835/549/548 839/600/599 712/657/656
f 843/597/596 712/657/656 839/600/599
f 712/657/656 843/597/596 716/380/379
f 728/435/434 716/380/379 843/597/596
f 517/658/657 416/553/552 513/554/553
f 416/553/552 517/658/657 545/659/658
f 419/660/659 545/659/658 517/658/657
f 545/659/658 419/660/659 352/661/660
f 359/662/661 352/661/660 419/660/659
f 545/659/658 410/552/551 416/553/552
f 410/552/551 545/659/658 541/663/662
f 352/661/660 541/663/662 545/659/658
f 541/663/662 352/661/660 355/664/663
f 359/662/661 355/664/663 352/661/660
f 879/656/655 20/474/473 30/584/583
f 20/474/473 879/656/655 14/476/475
f 315/654/653 14/476/475 879/656/655
f 14/476/475 315/654/653 149/665/664
f 870/655/654 149/665/664 315/654/653
f 792/666/665 2/667/666 9/668/667
f 2/667/666 792/666/665 795/669/668
f 383/670/669 795/669/668 792/666/665
f 795/669/668 383/670/669 802/671/670
f 379/672/671 802/671/670 383/670/669
f 174/673/672 105/326/325 827/324/323
f 105/326/325 174/673/672 196/674/673
f 200/675/674 196/674/673 174/673/672
f 196/674/673 200/675/674 120/328/327
f 124/330/329 120/328/327 200/675/674
f 812/676/675 577/575/574 346/573/572
f 577/575/574 812/676/675 864/677/676
f 259/678/677 864/677/676 812/676/675
f 864/677/676 259/678/677 809/577/576
f 625/679/678 604/680/679 591/681/680
f 604/680/679 625/679/678 565/682/681
f 556/683/682 565/682/681 625/679/678
f 565/682/681 556/683/682 561/684/683
f 395/685/684 562/399/398 391/397/396
f 562/399/398 395/685/684 786/686/685
f 791/687/686 786/686/685 395/685/684
f 786/686/685 791/687/686 10/688/687
f 564/689/688 610/690/689 601/691/690
f 610/690/689 564/689/688 584/692/691
f 569/693/692 584/692/691 564/689/688
f 584/692/691 569/693/692 580/694/693
f 503/695/694 539/696/695 544/697/696
f 539/696/695 503/695/694 499/698/697
f 468/699/698 499/698/697 503/695/694
f 499/698/697 468/699/698 465/700/699
f 508/701/700 543/702/701 548/703/702
f 543/702/701 508/701/700 504/704/703
f 494/705/704 504/704/703 508/701/700
f 504/704/703 494/705/704 469/706/705
f 318/635/634 890/707/706 40/633/632
f 890/707/706 318/635/634 893/708/707
f 277/444/443 893/708/707 318/635/634
f 893/708/707 277/444/443 898/442/441
f 244/606/605 231/278/277 224/541/540
f 231/278/277 244/606/605 260/282/281
f 247/564/563 260/282/281 244/606/605
f 260/282/281 247/564/563 263/284/283
f 652/709/708 699/710/709 702/711/710
f 699/710/709 652/709/708 656/712/711
f 647/713/712 656/712/711 652/709/708
f 656/712/711 647/713/712 659/714/713
f 51/503/502 61/372/371 76/370/369
f 61/372/371 51/503/502 44/491/490
f 47/501/500 44/491/490 51/503/502
f 44/491/490 47/501/500 37/493/492
f 155/300/299 99/304/303 334/302/301
f 99/304/303 155/300/299 327/715/714
f 813/92/92 327/715/714 155/300/299
f 327/715/714 813/92/92 158/90/90
f 158/90/90 99/304/303 327/715/714
f 99/304/303 158/90/90 102/306/305
f 146/88/88 102/306/305 158/90/90
f 102/306/305 146/88/88 845/86/86
f 780/455/454 501/313/312 589/311/310
f 501/313/312 780/455/454 422/716/715
f 863/456/455 422/716/715 780/455/454
f 422/716/715 863/456/455 360/458/457
f 246/717/716 827/324/323 309/718/717
f 827/324/323 246/717/716 174/673/672
f 170/719/718 174/673/672 246/717/716
f 174/673/672 170/719/718 200/675/674
f 93/303/302 877/720/719 24/721/720
f 877/720/719 93/303/302 849/722/721
f 853/307/306 849/722/721 93/303/302
f 849/722/721 853/307/306 821/308/307
f 573/723/722 803/74/74 536/72/72
f 803/74/74 573/723/722 776/724/723
f 356/459/458 776/724/723 573/723/722
f 776/724/723 356/459/458 585/457/456
f 131/95/95 233/725/724 134/93/93
f 233/725/724 131/95/95 230/726/725
f 223/97/97 230/726/725 131/95/95
f 230/726/725 223/97/97 226/99/99
f 769/556/555 720/381/380 660/383/382
f 720/381/380 769/556/555 700/727/726
f 758/558/557 700/727/726 769/556/555
f 700/727/726 758/558/557 773/560/559
f 812/676/675 885/484/483 259/678/677
f 885/484/483 812/676/675 815/728/727
f 346/573/572 815/728/727 812/676/675
f 815/728/727 346/573/572 860/482/481
f 583/729/728 620/730/729 607/731/730
f 620/730/729 583/729/728 572/732/731
f 579/733/732 572/732/731 583/729/728
f 572/732/731 579/733/732 576/734/733
f 8/735/734 101/119/119 4/47/47
f 101/119/119 8/735/734 95/736/735
f 77/115/115 95/736/735 8/735/734
f 95/736/735 77/115/115 92/117/117
f 262/737/736 885/484/483 265/486/485
f 885/484/483 262/737/736 259/678/677
f 243/738/737 259/678/677 262/737/736
f 259/678/677 243/738/737 809/577/576
f 523/739/738 517/658/657 513/554/553
f 517/658/657 523/739/738 426/740/739
f 510/741/740 426/740/739 523/739/738
f 426/740/739 510/741/740 423/742/741
f 884/496/495 41/492/491 34/494/493
f 41/492/491 884/496/495 878/743/742
f 880/744/743 878/743/742 884/496/495
f 878/743/742 880/744/743 875/745/744
f 615/508/507 773/560/559 788/507/506
f 773/560/559 615/508/507 697/746/745
f 618/509/508 697/746/745 615/508/507
f 697/746/745 618/509/508 693/510/509
f 498/747/746 442/748/747 540/749/748
f 442/748/747 498/747/746 431/750/749
f 464/751/750 431/750/749 498/747/746
f 431/750/749 464/751/750 425/752/751
f 559/753/752 524/261/260 531/262/261
f 524/261/260 559/753/752 518/260/259
f 514/259/258 518/260/259 559/753/752
f 512/646/645 495/754/753 509/648/647
f 495/754/753 512/646/645 473/755/754
f 486/642/641 473/755/754 512/646/645
f 559/753/752 511/258/257 514/259/258
f 511/258/257 559/753/752 507/257/256
f 502/256/255 507/257/256 559/753/752
f 906/603/602 88/465/464 7/466/465
f 88/465/464 906/603/602 85/463/462
f 97/461/460 85/463/462 906/603/602
f 818/756/755 857/310/309 506/312/311
f 857/310/309 818/756/755 821/308/307
f 849/722/721 821/308/307 818/756/755
f 854/757/756 817/159/159 850/160/160
f 817/159/159 854/757/756 814/158/158
f 820/169/169 814/158/158 854/757/756
f 419/660/659 423/742/741 359/662/661
f 423/742/741 419/660/659 426/740/739
f 517/658/657 426/740/739 419/660/659
f 818/756/755 877/720/719 849/722/721
f 877/720/719 818/756/755 312/758/757
f 506/312/311 312/758/757 818/756/755
f 553/647/646 521/759/758 516/760/759
f 521/759/758 553/647/646 547/761/760
f 509/648/647 547/761/760 553/647/646
f 559/753/752 555/255/254 502/256/255
f 555/255/254 559/753/752 552/254/253
f 546/265/264 552/254/253 559/753/752
f 2/667/666 904/762/761 5/763/762
f 904/762/761 2/667/666 330/764/763
f 802/671/670 330/764/763 2/667/666
f 471/765/764 570/574/573 475/576/575
f 570/574/573 471/765/764 566/572/571
f 454/570/569 566/572/571 471/765/764
f 442/748/747 665/766/765 435/767/766
f 665/766/765 442/748/747 711/768/767
f 632/769/768 711/768/767 442/748/747
f 727/770/769 718/771/770 783/772/771
f 718/771/770 727/770/769 715/773/772
f 722/774/773 715/773/772 727/770/769
f 873/775/774 878/743/742 875/745/744
f 878/743/742 873/775/774 41/492/491
f 899/490/489 41/492/491 873/775/774
f 712/657/656 704/376/375 835/549/548
f 704/376/375 712/657/656 708/378/377
f 716/380/379 708/378/377 712/657/656
f 457/776/775 750/777/776 745/778/777
f 750/777/776 457/776/775 449/779/778
f 587/780/779 449/779/778 457/776/775
f 274/585/584 46/470/469 302/583/582
f 46/470/469 274/585/584 299/472/471
f 17/473/472 299/472/471 274/585/584
f 461/621/620 719/617/616 452/619/618
f 719/617/616 461/621/620 782/781/780
f 747/782/781 782/781/780 461/621/620
f 137/361/360 324/547/546 143/89/89
f 324/547/546 137/361/360 321/545/544
f 140/360/359 321/545/544 137/361/360
f 706/783/782 685/784/783 674/785/784
f 685/784/783 706/783/782 703/786/785
f 651/787/786 703/786/785 706/783/782
f 643/788/787 651/787/786 706/783/782
f 651/787/786 643/788/787 646/789/788
f 638/790/789 646/789/788 643/788/787
f 710/791/790 675/792/791 664/793/792
f 675/792/791 710/791/790 707/794/793
f 642/795/794 707/794/793 710/791/790
f 59/20/20 62/65/65 45/18/18
f 62/65/65 59/20/20 82/63/63
f 22/22/22 82/63/63 59/20/20
f 633/796/795 642/795/794 710/791/790
f 642/795/794 633/796/795 637/797/796
f 629/798/797 637/797/796 633/796/795
f 366/799/798 369/651/650 376/532/531
f 369/651/650 366/799/798 363/339/338
f 466/534/533 363/339/338 366/799/798
f 212/800/799 80/801/800 215/802/801
f 80/801/800 212/800/799 83/803/802
f 887/804/803 83/803/802 212/800/799
f 230/726/725 220/593/592 233/725/724
f 220/593/592 230/726/725 74/592/591
f 226/99/99 74/592/591 230/726/725
f 233/725/724 286/359/358 134/93/93
f 286/359/358 233/725/724 209/594/593
f 220/593/592 209/594/593 233/725/724
f 428/805/804 663/806/805 668/807/806
f 663/806/805 428/805/804 434/808/807
f 533/809/808 434/808/807 428/805/804
f 431/750/749 632/769/768 442/748/747
f 632/769/768 431/750/749 628/810/809
f 425/752/751 628/810/809 431/750/749
f 462/393/392 401/533/532 398/395/394
f 401/533/532 462/393/392 581/535/534
f 343/391/390 581/535/534 462/393/392
f 383/670/669 375/811/810 379/672/671
f 375/811/810 383/670/669 386/812/811
f 390/813/812 386/812/811 383/670/669
f 210/638/637 221/542/541 218/540/539
f 221/542/541 210/638/637 257/544/543
f 71/488/487 262/737/736 265/486/485
f 262/737/736 71/488/487 243/738/737
f 204/814/813 210/638/637 201/636/635
f 210/638/637 204/814/813 257/544/543
f 232/266/265 248/23/23 29/21/21
f 248/23/23 232/266/265 235/267/266
f 132/536/535 213/639/638 165/539/538
f 213/639/638 132/536/535 138/587/586
f 261/275/274 264/41/41 382/39/39
f 264/41/41 261/275/274 267/43/43
f 73/113/113 12/815/814 16/112/112
f 12/815/814 73/113/113 77/115/115
f 16/112/112 270/276/275 245/111/111
f 270/276/275 16/112/112 295/277/276
f 407/551/550 541/663/662 537/550/549
f 541/663/662 407/551/550 410/552/551
f 574/816/815 541/663/662 355/664/663
f 541/663/662 574/816/815 537/550/549
f 256/451/450 846/601/600 164/546/545
f 846/601/600 256/451/450 856/598/597
f 228/607/606 172/604/603 237/605/604
f 172/604/603 228/607/606 168/543/542
f 167/450/449 164/546/545 206/449/448
f 164/546/545 167/450/449 256/451/450
f 873/775/774 889/489/488 899/490/489
f 889/489/488 873/775/774 894/817/816
f 15/818/817 873/775/774 875/745/744
f 873/775/774 15/818/817 894/817/816
f 394/819/818 383/670/669 792/666/665
f 383/670/669 394/819/818 390/813/812
f 272/563/562 178/596/595 175/562/561
f 178/596/595 272/563/562 269/565/564
f 281/567/566 178/596/595 269/565/564
f 178/596/595 281/567/566 278/595/594
f 147/589/588 213/639/638 138/587/586
f 213/639/638 147/589/588 207/637/636
f 13/820/819 2/667/666 5/763/762
f 2/667/666 13/820/819 9/668/667
f 249/629/628 246/717/716 308/627/626
f 246/717/716 249/629/628 170/719/718
f 826/167/167 854/757/756 829/166/166
f 854/757/756 826/167/167 823/168/168
f 127/821/820 111/356/355 79/354/353
f 111/356/355 127/821/820 123/428/427
f 535/822/821 442/748/747 435/767/766
f 442/748/747 535/822/821 540/749/748
f 697/746/745 700/727/726 773/560/559
f 700/727/726 697/746/745 693/510/509
f 720/381/380 690/511/510 735/379/378
f 690/511/510 720/381/380 700/727/726
f 680/76/76 776/724/723 585/457/456
f 776/724/723 680/76/76 803/74/74
f 152/301/300 24/721/720 39/823/822
f 24/721/720 152/301/300 93/303/302
f 861/299/298 39/823/822 891/298/297
f 39/823/822 861/299/298 152/301/300
f 155/300/299 810/94/94 813/92/92
f 810/94/94 155/300/299 90/96/96
f 819/78/78 585/457/456 739/80/80
f 585/457/456 819/78/78 680/76/76
f 731/85/85 704/376/375 742/83/83
f 704/376/375 731/85/85 848/87/87
f 825/375/374 676/77/77 822/79/79
f 676/77/77 825/375/374 686/377/376
f 551/824/823 496/478/477 440/825/824
f 496/478/477 551/824/823 479/479/478
f 644/625/624 827/324/323 657/322/321
f 827/324/323 644/625/624 309/718/717
f 808/826/825 805/342/341 474/340/339
f 805/342/341 808/826/825 242/517/516
f 450/337/336 466/534/533 447/335/334
f 466/534/533 450/337/336 363/339/338
f 380/827/826 369/651/650 801/649/648
f 369/651/650 380/827/826 376/532/531
f 905/349/348 236/345/344 900/347/346
f 236/345/344 905/349/348 331/650/649
f 789/828/827 479/479/478 549/829/828
f 479/479/478 789/828/827 487/524/523
f 10/688/687 149/665/664 786/686/685
f 149/665/664 10/688/687 14/476/475
f 898/442/441 227/830/829 895/831/830
f 227/830/829 898/442/441 75/440/439
f 893/708/707 895/831/830 890/707/706
f 895/831/830 893/708/707 898/442/441
f 43/634/633 872/448/447 280/446/445
f 872/448/447 43/634/633 874/630/629
f 500/832/831 510/741/740 505/833/832
f 510/741/740 500/832/831 423/742/741
f 836/834/833 340/387/386 439/835/834
f 340/387/386 836/834/833 443/334/333
f 184/836/835 275/294/293 278/595/594
f 275/294/293 184/836/835 284/296/295
f 847/161/161 854/757/756 850/160/160
f 854/757/756 847/161/161 844/162/162
f 841/163/163 854/757/756 844/162/162
f 854/757/756 841/163/163 838/164/164
f 771/837/836 733/615/614 765/838/837
f 733/615/614 771/837/836 730/613/612
f 115/362/361 11/839/838 118/364/363
f 11/839/838 115/362/361 125/840/839
f 834/165/165 854/757/756 838/164/164
f 854/757/756 834/165/165 829/166/166
f 58/504/503 903/506/505 901/502/501
f 903/506/505 58/504/503 68/505/504
f 21/841/840 72/368/367 121/366/365
f 72/368/367 21/841/840 903/506/505
f 109/602/601 106/367/366 81/369/368
f 106/367/366 109/602/601 3/365/364
f 867/842/841 869/289/288 18/464/463
f 869/289/288 867/842/841 191/287/286
f 125/840/839 112/295/294 871/297/296
f 112/295/294 125/840/839 115/362/361
f 692/843/842 656/712/711 659/714/713
f 656/712/711 692/843/842 695/844/843
f 444/582/581 840/580/579 492/581/580
f 840/580/579 444/582/581 837/578/577
f 349/480/479 346/573/572 796/569/568
f 346/573/572 349/480/479 860/482/481
f 478/845/844 526/846/845 532/847/846
f 526/846/845 478/845/844 481/848/847
f 482/849/848 520/850/849 525/851/850
f 520/850/849 482/849/848 490/852/851
f 528/853/852 539/696/695 534/854/853
f 539/696/695 528/853/852 544/697/696
f 522/855/854 543/702/701 527/856/855
f 543/702/701 522/855/854 548/703/702
f 538/263/262 559/753/752 531/262/261
f 559/753/752 538/263/262 542/264/263
f 597/857/856 593/858/857 602/859/858
f 593/858/857 597/857/856 588/860/859
f 614/861/860 603/862/861 608/863/862
f 603/862/861 614/861/860 598/864/863
f 63/348/347 60/519/518 190/471/470
f 60/519/518 63/348/347 902/346/345
f 887/804/803 193/526/525 851/525/524
f 193/526/525 887/804/803 212/800/799
f 212/800/799 87/527/526 193/526/525
f 87/527/526 212/800/799 217/865/864
f 33/441/440 30/584/583 305/439/438
f 30/584/583 33/441/440 27/443/442
f 768/866/865 726/867/866 754/868/867
f 726/867/866 768/866/865 734/869/868
f 757/870/869 783/772/771 744/871/870
f 783/772/771 757/870/869 727/770/769
f 779/872/871 756/873/872 761/874/873
f 756/873/872 779/872/871 766/875/874
f 734/869/868 723/876/875 726/867/866
f 723/876/875 734/869/868 738/877/876
f 760/878/877 746/879/878 751/880/879
f 746/879/878 760/878/877 755/881/880
f 461/621/620 456/882/881 747/782/781
f 456/882/881 461/621/620 594/623/622
f 684/883/882 699/710/709 696/884/883
f 699/710/709 684/883/882 702/711/710
f 682/885/884 692/843/842 689/886/885
f 692/843/842 682/885/884 695/844/843
f 679/887/886 683/888/887 688/889/888
f 683/888/887 679/887/886 672/890/889
f 669/891/890 673/892/891 678/893/892
f 673/892/891 669/891/890 662/894/893
f 609/895/894 617/896/895 613/897/896
f 617/896/895 609/895/894 621/898/897
f 576/734/733 621/898/897 572/732/731
f 621/898/897 576/734/733 617/896/895
f 820/169/169 854/757/756 823/168/168
f 466/534/533 366/799/798 376/532/531
f 542/264/263 546/265/264 559/753/752
f 281/567/566 184/836/835 278/595/594
f 21/841/840 121/366/365 129/899/898
f 129/899/898 121/366/365 11/839/838
f 194/568/567 287/900/899 281/567/566
f 287/900/899 184/836/835 281/567/566
f 121/366/365 118/364/363 11/839/838
f 484/652/651 488/315/314 611/317/316
f 105/326/325 196/674/673 120/328/327
f 404/394/393 432/390/389 429/392/391
f 748/82/82 739/80/80 784/454/453
f 859/309/308 595/453/452 589/311/310
f 693/510/509 690/511/510 700/727/726
f 853/307/306 93/303/302 96/305/304
f 268/485/484 183/483/482 271/641/640
f 217/865/864 57/901/900 87/527/526
f 457/776/775 592/902/901 587/780/779
f 561/684/683 568/903/902 565/682/681
f 446/616/615 560/904/903 557/620/619
f 533/809/808 428/805/804 477/905/904
f 87/527/526 55/906/905 833/529/528
f 656/712/711 695/844/843 699/710/709
f 882/498/497 880/744/743 884/496/495
f 240/566/565 247/564/563 244/606/605
f 802/671/670 2/667/666 795/669/668
f 846/601/600 856/598/597 842/599/598
f 95/736/735 92/117/117 101/119/119
f 35/17/17 1/15/15 32/19/19
f 304/60/60 22/22/22 273/24/24
f 8/735/734 12/815/814 77/115/115
f 577/575/574 864/677/676 809/577/576
f 885/484/483 815/728/727 860/482/481
