# Blender v2.79 (sub 0) OBJ File: ''
# www.blender.org
mtllib face 20.mtl
o n0b0_n0b0.018
v 2.592578 3.294531 -1.076172
v 5.125782 0.715625 -1.908984
v 4.589063 -1.071484 0.905469
v 3.462500 3.107422 -1.273438
v 3.991016 0.344141 -2.542578
v 4.589453 -1.105859 0.783203
v 4.831641 3.621875 -0.954297
v 3.548047 0.478516 -2.876563
v 4.589063 -1.071484 0.660937
v 2.369531 3.095313 -1.567188
v 3.295313 0.042969 -2.642969
v 4.588672 -0.978125 0.571484
v 3.521094 2.868359 -1.860547
v 3.687891 -0.150781 -1.976562
v 4.587891 -0.850391 0.538672
v 4.977735 3.589062 -1.446094
v 3.096875 -0.097656 -2.316016
v 4.587110 -0.722656 0.571484
v 2.120703 2.747656 -0.699219
v 1.138672 1.051953 -2.446484
v 1.138672 1.051953 -2.446484
v 4.586328 -0.629297 0.660937
v 2.315625 2.693750 -1.631250
v 1.570312 0.545313 -2.560547
v 4.586328 -0.594922 0.783203
v 3.525000 2.494531 -1.939844
v 3.295313 0.958594 -2.916016
v 3.295313 0.958594 -2.916016
v 3.295313 0.958594 -2.916016
v 3.295313 0.958594 -2.916016
v 3.295313 0.958594 -2.916016
v 3.295313 0.958594 -2.916016
v 4.586328 -0.629297 0.905469
v 5.282032 3.412891 -1.505078
v 4.025391 1.155469 -2.775000
v 4.025391 1.155469 -2.775000
v 4.587110 -0.722656 0.994922
v 2.116797 2.202344 -0.588672
v 4.749219 0.965234 -2.533594
v 4.587891 -0.850391 1.027734
v 2.272656 2.026172 -1.381250
v 5.530078 0.858594 -2.072656
v 4.621875 -0.857031 0.783203
v 3.455469 2.062891 -1.631250
v 5.555469 1.049219 -2.107813
v 5.555469 1.049219 -2.107813
v 4.482031 -2.061719 0.000000
v 5.420703 3.107813 -1.225000
v 4.753125 1.147656 -2.578516
v 4.753125 1.147656 -2.578516
v 4.075781 -1.488672 0.000000
v 3.264063 1.872656 -0.709375
v 4.637500 0.817578 -2.301563
v 4.350391 -1.600000 0.000000
v 5.377735 2.904297 -0.699609
v 5.328907 0.743359 -1.973828
v 3.921484 -2.321484 0.000000
v 3.423828 3.176953 0.000000
v 6.125391 0.974219 -1.485547
v 6.125391 0.974219 -1.485547
v 3.156250 -0.679688 -1.876953
v 5.295312 2.980469 0.000000
v 6.443750 0.929297 -0.735156
v 6.443750 0.929297 -0.735156
v 3.626953 -0.107422 -1.538281
v 5.943750 4.041406 0.000000
v 3.023047 1.591016 -2.629688
v 3.142578 -0.570312 -2.025000
v 5.758203 4.449609 0.000000
v 1.658594 1.876562 -2.519922
v 1.658594 1.876562 -2.519922
v 3.496094 -0.014844 -1.689844
v 5.356641 4.369922 0.000000
v 2.960156 2.246485 -2.579297
v 3.221484 -0.007031 -1.472266
v 4.685547 3.619922 0.000000
v 3.947266 1.212891 -2.447656
v 2.956641 -0.447266 -2.083203
v 2.131641 2.298828 0.000000
v 3.298047 0.997266 -2.550391
v 2.777344 -0.432031 -1.946875
v 3.333984 2.133594 0.000000
v 0.725781 1.089844 -1.857813
v 0.725781 1.089844 -1.857813
v 2.782422 -1.543359 -1.927734
v 2.147266 3.155078 0.000000
v 0.655859 1.053125 -0.888281
v 0.655859 1.053125 -0.888281
v 3.101953 -2.007812 -1.652344
v 2.208594 3.279688 0.000000
v 1.006641 0.663672 -1.899609
v 3.064063 -0.681250 -1.757812
v 5.231641 4.066797 -0.903125
v 2.518750 0.120703 -1.846875
v 3.408203 -1.908594 -1.446875
v 5.597266 4.067578 -0.942578
v 2.464844 0.089063 -2.491406
v 2.794922 -1.551953 -2.106641
v 5.829688 3.753516 -0.787500
v 1.505859 0.462891 -2.038672
v 1.872266 -2.528906 -2.118750
v 2.592578 3.294531 1.076172
v 3.126172 1.015234 -3.086328
v 3.126172 1.015234 -3.086328
v 2.060156 -2.851172 -1.738672
v 3.462500 3.107422 1.273438
v 3.065234 0.651953 -3.039453
v 4.170312 -2.310547 -1.226953
v 4.835547 3.623047 0.954297
v 2.781641 0.183594 -2.908984
v 3.936719 -2.744141 -1.039062
v 2.369531 3.095313 1.567188
v 3.010547 1.577734 -2.977734
v 3.010547 1.577734 -2.977734
v 4.417188 -2.139844 -0.683594
v 3.521094 2.868359 1.860547
v 3.221484 0.055078 -1.472266
v 3.492578 -2.510547 -0.731641
v 4.977735 3.589062 1.446094
v 3.880859 -0.246484 -0.939063
v 3.507422 -0.119922 -1.294141
v 2.120703 2.747656 0.699219
v 5.240625 1.186328 -1.812500
v 3.974219 -1.554297 -0.562891
v 2.315625 2.693750 1.631250
v 5.683984 1.127734 -1.344531
v 2.583984 -2.734766 -1.398828
v 3.525000 2.494531 1.939844
v 2.809375 1.114063 -3.183594
v 2.809375 1.114063 -3.183594
v 3.761328 -1.690625 -1.071094
v 5.282032 3.412891 1.505078
v 5.950781 1.078906 -0.662500
v 2.492969 -0.830078 -2.167969
v 5.231641 4.066797 0.903125
v 1.341797 1.590234 -2.954297
v 2.241797 -1.384766 -2.290625
v 5.595703 4.062500 0.942578
v 0.475781 1.550391 -1.758203
v 2.628516 -0.859375 -2.297656
v 2.116797 2.202344 0.588672
v 0.233984 2.380859 -1.514844
v 2.353125 -1.460938 -2.417969
v 2.272656 2.026172 1.381250
v 0.539844 3.302734 -1.332422
v 2.878906 -1.008594 -2.204688
v 3.455469 2.062891 1.631250
v 1.819141 2.905469 -2.301172
v 2.700781 -1.591406 -2.329688
v 5.420703 3.107813 1.225000
v 3.243359 2.966016 -2.433594
v 2.078125 -2.075000 -2.327734
v 5.829688 3.753516 0.787500
v 2.924219 2.306250 -2.903906
v 2.924219 2.306250 -2.903906
v 2.413281 -2.426953 -2.319141
v 3.264063 1.872656 0.709375
v 2.879688 1.577734 -3.113672
v 2.408984 -2.874609 -2.084375
v 5.377735 2.904297 0.699609
v 3.562109 3.426563 -2.080859
v 2.775391 -2.025000 -2.108984
v 4.485547 2.162891 -0.714844
v 3.626953 3.557031 -2.422656
v 3.626953 3.557031 -2.422656
v 2.721484 -1.962891 -1.883984
v 4.601953 2.425781 -1.518359
v 3.253125 3.069531 -2.715625
v 3.253125 3.069531 -2.715625
v 2.824610 -3.043750 -1.882031
v 4.568750 2.809375 -1.834766
v 4.427344 4.289453 -0.513281
v 3.241797 -3.039062 -1.641797
v 4.460938 3.089844 -1.760938
v 4.628125 4.575000 -0.644531
v 4.628125 4.575000 -0.644531
v 3.039062 -2.624219 -2.110938
v 4.346094 3.253516 -1.184375
v 4.444141 4.383203 -1.308594
v 4.444141 4.383203 -1.308594
v 3.390234 -2.610156 -1.913672
v 4.294922 3.307812 0.000000
v 4.318359 4.135156 -1.051563
v 4.044531 -1.837500 -1.219141
v 4.355859 3.238672 1.184375
v 4.266016 4.562891 -1.325781
v 4.294922 -1.673828 -0.660547
v 4.460938 3.089844 1.760938
v 4.460938 4.770313 -0.651563
v 2.094531 -1.826563 -2.282031
v 4.568750 2.809375 1.834766
v 2.277344 2.601953 -3.032031
v 3.256250 -2.124219 -1.950781
v 4.601953 2.425781 1.518359
v 2.069141 3.414062 -2.596484
v 3.659375 -2.022266 -1.633594
v 4.485547 2.162891 0.714844
v 1.737109 2.453906 -2.931250
v 4.341406 -2.439063 0.000000
v 4.464453 2.392188 0.000000
v 2.075000 4.246484 -1.967188
v 4.253516 -2.529688 -0.578906
v 0.466016 1.200391 0.000000
v 2.684375 4.086719 -2.145313
v 3.564844 -2.948828 -1.371094
v 4.040235 -0.593359 0.000000
v 2.864063 3.262110 -2.761719
v 3.781250 -2.521875 -1.633984
v 4.460156 -0.721484 0.000000
v 4.460156 -0.721484 0.000000
v 3.260156 3.819922 -2.377344
v 3.993750 -2.581250 0.000000
v 5.145703 -0.324609 0.000000
v 1.758594 4.514062 -1.096094
v 3.948437 -2.657422 -0.477734
v 6.296094 0.627734 0.000000
v 2.535156 4.740234 -1.098047
v 3.637110 -2.762891 -0.783984
v 6.077734 0.539844 0.000000
v 6.077734 0.539844 0.000000
v 3.181641 4.682813 -1.165234
v 3.199610 -2.907813 -1.107813
v 6.542969 0.715625 0.000000
v 3.708594 4.237891 -1.748438
v 3.835547 -2.403516 -0.427734
v 6.577734 0.911328 0.000000
v 6.577734 0.911328 0.000000
v 4.049610 4.559766 -1.155469
v 3.167578 -2.614063 -1.026563
v 5.339844 0.460938 0.000000
v 4.195312 4.701172 -0.525781
v 3.156250 -0.679688 1.876953
v 4.346875 0.207031 0.000000
v 0.858984 3.873047 -1.172656
v 3.626953 -0.107422 1.538281
v 0.326562 1.547656 0.000000
v 1.116797 2.368750 -2.710156
v 3.142578 -0.570312 2.025000
v 0.085156 2.417578 0.000000
v 1.217578 3.484375 -2.198437
v 3.496094 -0.014844 1.689844
v 2.651172 4.108984 0.000000
v 0.523047 2.358203 -2.285156
v 3.221484 -0.007031 1.472266
v 4.487500 4.341406 0.000000
v 3.262110 4.100000 -1.281641
v 2.956641 -0.447266 2.083203
v 3.633984 4.479688 0.000000
v 3.475781 3.748828 -2.442578
v 2.777344 -0.432031 1.946875
v 4.688282 4.641797 0.000000
v 4.688282 4.641797 0.000000
v 4.087891 4.032813 -1.933203
v 4.087891 4.032813 -1.933203
v 2.782422 -1.543359 1.927734
v 1.740625 4.680078 0.000000
v 3.930078 4.223047 -1.957813
v 3.101953 -2.007812 1.652344
v 2.666406 4.929297 0.000000
v 3.107422 3.178906 -2.828125
v 3.064063 -0.681250 1.757812
v 3.418360 4.922657 0.000000
v 1.933203 1.653516 -3.135547
v 3.408203 -1.908594 1.446875
v 0.283203 3.383203 0.000000
v 0.837109 1.562891 -2.532422
v 2.794922 -1.551953 2.106641
v 0.752344 4.016407 0.000000
v 3.998047 3.849609 -1.561328
v 1.872266 -2.528906 2.118750
v 1.171484 1.647266 0.000000
v 1.171484 1.647266 0.000000
v 4.578516 1.250000 -2.256641
v 2.060156 -2.851172 1.738672
v 4.258985 4.767969 0.000000
v 2.472266 1.619141 -3.175000
v 4.170312 -2.310547 1.226953
v 2.518750 0.120703 1.846875
v 2.386328 0.980859 -2.322266
v 3.936719 -2.744141 1.039062
v 3.221484 0.055078 1.472266
v 2.732813 2.450000 -3.046094
v 4.417188 -2.139844 0.683594
v 1.505859 0.462891 2.038672
v 5.381250 0.698438 -1.360937
v 5.381250 0.698438 -1.360937
v 3.492578 -2.510547 0.731641
v 1.006641 0.663672 1.899609
v 5.489063 1.367969 -1.401172
v 5.489063 1.367969 -1.401172
v 3.507422 -0.119922 1.294141
v 0.655859 1.053125 0.888281
v 0.655859 1.053125 0.888281
v 4.501953 0.745313 -2.179688
v 4.501953 0.745313 -2.179688
v 3.974219 -1.554297 0.562891
v 3.687891 -0.150781 1.976562
v 4.564063 1.414844 -2.235938
v 4.564063 1.414844 -2.235938
v 2.583984 -2.734766 1.398828
v 4.041797 0.997656 2.787109
v 3.557422 0.585547 -2.540625
v 3.557422 0.585547 -2.540625
v 3.761328 -1.690625 1.071094
v 3.633984 0.796094 2.856250
v 3.575781 1.299609 -2.592578
v 3.575781 1.299609 -2.592578
v 2.492969 -0.830078 2.167969
v 4.419922 0.465625 1.764844
v 2.759766 1.068359 -2.566797
v 2.241797 -1.384766 2.290625
v 1.658594 1.876562 2.519922
v 1.658594 1.876562 2.519922
v 2.777735 0.328906 -2.549219
v 2.628516 -0.859375 2.297656
v 1.507422 1.065625 2.935547
v 1.507422 1.065625 2.935547
v 5.024219 1.555859 -1.168359
v 5.024219 1.555859 -1.168359
v 5.024219 1.555859 -1.168359
v 5.024219 1.555859 -1.168359
v 2.353125 -1.460938 2.417969
v 2.245312 0.462500 3.030078
v 4.913281 0.804297 -1.112109
v 4.913281 0.804297 -1.112109
v 2.878906 -1.008594 2.204688
v 2.126172 1.142969 3.100781
v 2.126172 1.142969 3.100781
v 4.381641 1.566797 -1.811719
v 4.381641 1.566797 -1.811719
v 4.381641 1.566797 -1.811719
v 4.381641 1.566797 -1.811719
v 2.700781 -1.591406 2.329688
v 3.065234 0.651953 3.039453
v 4.331641 0.766016 -1.857422
v 4.331641 0.766016 -1.857422
v 2.078125 -2.075000 2.327734
v 5.866797 0.679688 1.342578
v 3.519922 1.414453 -2.092188
v 3.519922 1.414453 -2.092188
v 3.519922 1.414453 -2.092188
v 3.519922 1.414453 -2.092188
v 2.413281 -2.426953 2.319141
v 6.097656 0.761719 1.439453
v 3.510547 0.605469 -2.189844
v 3.510547 0.605469 -2.189844
v 2.408984 -2.874609 2.084375
v 5.713672 0.587109 1.154688
v 5.713672 0.587109 1.154688
v 2.810938 0.344141 -2.184766
v 2.775391 -2.025000 2.108984
v 5.117969 -0.240625 0.589453
v 2.786719 1.187500 -2.085156
v 2.786719 1.187500 -2.085156
v 2.721484 -1.962891 1.883984
v 5.027734 -0.053906 1.211328
v 5.027734 -0.053906 1.211328
v 2.763672 1.176563 -2.481250
v 2.824610 -3.043750 1.882031
v 4.448828 -0.637500 0.561328
v 4.448828 -0.637500 0.561328
v 3.556250 1.402344 -2.509375
v 3.556250 1.402344 -2.509375
v 3.241797 -3.039062 1.641797
v 4.389062 -0.384766 1.239844
v 4.389062 -0.384766 1.239844
v 4.529687 1.526953 -2.159766
v 4.529687 1.526953 -2.159766
v 3.039062 -2.624219 2.110938
v 5.125782 0.715625 1.908984
v 5.431250 1.488281 -1.346484
v 5.431250 1.488281 -1.346484
v 3.390234 -2.610156 1.913672
v 4.433984 0.190625 2.039453
v 3.597266 4.332031 -1.410547
v 3.597266 4.332031 -1.410547
v 4.044531 -1.837500 1.219141
v 0.725781 1.089844 1.857813
v 0.725781 1.089844 1.857813
v 4.215234 3.759375 -1.372656
v 4.215234 3.759375 -1.372656
v 4.294922 -1.673828 0.660547
v 3.295313 0.042969 2.642969
v 2.839453 3.614063 -2.266797
v 2.839453 3.614063 -2.266797
v 2.094531 -1.826563 2.282031
v 3.991016 0.344141 2.542578
v 3.494922 2.962500 -2.212109
v 3.494922 2.962500 -2.212109
v 3.256250 -2.124219 1.950781
v 3.548047 0.478516 2.876563
v 1.796875 1.647656 -2.294141
v 3.659375 -2.022266 1.633594
v 3.096875 -0.097656 2.316016
v 2.433985 2.089453 -2.471094
v 2.433985 2.089453 -2.471094
v 4.253516 -2.529688 0.578906
v 1.138672 1.051953 2.446484
v 1.138672 1.051953 2.446484
v 1.910156 2.590625 -2.454688
v 1.910156 2.590625 -2.454688
v 3.564844 -2.948828 1.371094
v 1.570312 0.545313 2.560547
v 1.501172 2.059375 -2.337891
v 3.781250 -2.521875 1.633984
v 4.002344 0.877344 2.598438
v 3.957422 3.335156 -1.132812
v 3.957422 3.335156 -1.132812
v 3.957422 3.335156 -1.132812
v 3.957422 3.335156 -1.132812
v 3.948437 -2.657422 0.477734
v 4.025391 1.155469 2.775000
v 4.025391 1.155469 2.775000
v 3.250391 4.016016 -1.132812
v 3.250391 4.016016 -1.132812
v 3.637110 -2.762891 0.783984
v 3.295313 0.958594 2.916016
v 3.295313 0.958594 2.916016
v 3.295313 0.958594 2.916016
v 3.295313 0.958594 2.916016
v 3.295313 0.958594 2.916016
v 3.295313 0.958594 2.916016
v 3.307812 2.815234 -1.852344
v 3.307812 2.815234 -1.852344
v 3.307812 2.815234 -1.852344
v 3.307812 2.815234 -1.852344
v 3.199610 -2.907813 1.107813
v 5.530078 0.858594 2.072656
v 2.655078 3.409375 -1.907031
v 2.655078 3.409375 -1.907031
v 3.835547 -2.403516 0.427734
v 5.328907 0.743359 1.973828
v 2.487891 2.092578 -2.055469
v 2.487891 2.092578 -2.055469
v 2.487891 2.092578 -2.055469
v 2.487891 2.092578 -2.055469
v 3.167578 -2.614063 1.026563
v 5.555469 1.049219 2.107813
v 5.555469 1.049219 2.107813
v 1.807031 1.651172 -1.908594
v 1.807031 1.651172 -1.908594
v 6.125391 0.974219 1.485547
v 6.125391 0.974219 1.485547
v 1.516016 2.097656 -1.951563
v 3.126172 1.015234 3.086328
v 3.126172 1.015234 3.086328
v 1.976953 2.628906 -2.060938
v 1.976953 2.628906 -2.060938
v 2.924219 2.306250 2.903906
v 2.924219 2.306250 2.903906
v 4.260547 3.603125 -1.309766
v 4.260547 3.603125 -1.309766
v 2.960156 2.246485 2.579297
v 3.128125 -1.150000 -1.494141
v 3.298047 0.997266 2.550391
v 3.129688 -1.465625 -1.192578
v 1.341797 1.590234 2.954297
v 3.522266 -1.551563 -1.238281
v 0.475781 1.550391 1.758203
v 3.520313 -1.201563 -1.573438
v 0.233984 2.380859 1.514844
v 3.130469 -1.581250 -0.780469
v 0.523047 2.358203 2.285156
v 3.523047 -1.679688 -0.780469
v 0.539844 3.302734 1.332422
v 3.129688 -1.465625 -0.368750
v 3.262110 4.100000 1.281641
v 3.522266 -1.551563 -0.322656
v 3.260156 3.819922 2.377344
v 3.128125 -1.150000 -0.066797
v 3.107422 3.178906 2.828125
v 3.520313 -1.201563 0.012109
v 2.864063 3.262110 2.761719
v 3.125391 -0.718750 0.042969
v 3.243359 2.966016 2.433594
v 3.517578 -0.723437 0.134766
v 3.562109 3.426563 2.080859
v 3.122656 -0.287109 -0.066797
v 3.626953 3.557031 2.422656
v 3.626953 3.557031 2.422656
v 3.514844 -0.245312 0.012109
v 3.253125 3.069531 2.715625
v 3.253125 3.069531 2.715625
v 3.120703 0.028125 -0.368750
v 1.737109 2.453906 2.931250
v 3.512891 0.104688 -0.322656
v 2.069141 3.414062 2.596484
v 3.119922 0.143750 -0.780469
v 2.075000 4.246484 1.967188
v 3.512110 0.232813 -0.780469
v 2.684375 4.086719 2.145313
v 3.120703 0.028125 -1.192578
v 1.758594 4.514062 1.096094
v 3.512891 0.104688 -1.238281
v 0.858984 3.873047 1.172656
v 3.122656 -0.287109 -1.494141
v 3.880859 -0.246484 0.939063
v 3.514844 -0.245312 -1.573438
v 0.837109 1.562891 2.532422
v 3.125391 -0.718750 -1.604688
v 1.116797 2.368750 2.710156
v 3.517578 -0.723437 -1.696094
v 1.217578 3.484375 2.198437
v 3.942578 -1.541406 -1.238281
v 2.535156 4.740234 1.098047
v 3.940625 -1.203516 -1.561719
v 3.181641 4.682813 1.165234
v 3.943359 -1.664844 -0.796094
v 4.049610 4.559766 1.155469
v 3.942578 -1.541406 -0.353906
v 4.444141 4.383203 1.308594
v 4.444141 4.383203 1.308594
v 3.940625 -1.203516 -0.030469
v 4.318359 4.135156 1.051563
v 3.937891 -0.741797 0.087500
v 4.513281 4.823047 0.000000
v 3.935156 -0.280078 -0.030469
v 4.266016 4.562891 1.325781
v 3.933203 0.057422 -0.353906
v 3.475781 3.748828 2.442578
v 3.932422 0.181250 -0.796094
v 3.121875 0.334766 0.000000
v 3.933203 0.057422 -1.238281
v 3.335156 0.700781 2.409766
v 3.935156 -0.280078 -1.561719
v 4.753125 1.147656 2.578516
v 4.753125 1.147656 2.578516
v 3.937891 -0.741797 -1.680078
v 4.749219 0.965234 2.533594
v 4.303906 -1.387109 -1.139063
v 1.764063 0.685938 0.000000
v 4.302344 -1.116016 -1.394531
v 2.386328 0.980859 2.322266
v 4.304688 -1.486328 -0.790234
v 3.998047 3.849609 1.561328
v 4.304297 -1.387109 -0.441406
v 4.087891 4.032813 1.933203
v 4.087891 4.032813 1.933203
v 4.302344 -1.116016 -0.186328
v 3.930078 4.223047 1.957813
v 4.300391 -0.745703 -0.092969
v 3.708594 4.237891 1.748438
v 4.298047 -0.375391 -0.186328
v 2.732813 2.450000 3.046094
v 4.296484 -0.104297 -0.441406
v 3.023047 1.591016 2.629688
v 4.296094 -0.005078 -0.790234
v 3.010547 1.577734 2.977734
v 3.010547 1.577734 2.977734
v 4.296484 -0.104297 -1.139063
v 2.879688 1.577734 3.113672
v 4.298047 -0.375391 -1.394531
v 1.933203 1.653516 3.135547
v 4.300391 -0.745703 -1.487891
v 2.809375 1.114063 3.183594
v 2.809375 1.114063 3.183594
v 4.553125 -1.204297 -1.030469
v 2.472266 1.619141 3.175000
v 4.552344 -1.017578 -1.206641
v 2.277344 2.601953 3.032031
v 4.553516 -1.272656 -0.790234
v 6.156250 0.633594 0.626172
v 4.553125 -1.204297 -0.550000
v 6.410156 0.723437 0.716016
v 4.552344 -1.017578 -0.373828
v 6.443750 0.929297 0.735156
v 6.443750 0.929297 0.735156
v 4.550781 -0.762109 -0.309766
v 4.427344 4.289453 0.513281
v 4.549219 -0.507031 -0.373828
v 4.628125 4.575000 0.644531
v 4.628125 4.575000 0.644531
v 4.548047 -0.320312 -0.550000
v 4.460938 4.770313 0.651563
v 4.547657 -0.251953 -0.790234
v 4.195312 4.701172 0.525781
v 4.548047 -0.320312 -1.030469
v 6.059375 1.069922 0.000000
v 4.549219 -0.507031 -1.206641
v 5.950781 1.078906 0.662500
v 4.550781 -0.762109 -1.271094
v 5.683984 1.127734 1.344531
v 4.643750 -1.013672 -0.906250
v 5.240625 1.186328 1.812500
v 4.643360 -0.919531 -0.996094
v 4.578516 1.250000 2.256641
v 4.644141 -1.048047 -0.783203
v 3.947266 1.212891 2.447656
v 4.643750 -1.013672 -0.660156
v 4.637500 0.817578 2.301563
v 4.643360 -0.919531 -0.570312
v 2.781641 0.183594 2.908984
v 4.642578 -0.791016 -0.537500
v 2.464844 0.089063 2.491406
v 4.641797 -0.662891 -0.570312
v 1.323047 2.860938 0.000000
v 4.641407 -0.568750 -0.660156
v 1.819141 2.905469 2.301172
v 4.641016 -0.534375 -0.783203
v 5.837110 0.592578 0.000000
v 4.641407 -0.568750 -0.906250
v 5.381250 0.698438 1.360937
v 5.381250 0.698438 1.360937
v 4.641797 -0.662891 -0.996094
v 4.501953 0.745313 2.179688
v 4.501953 0.745313 2.179688
v 4.642578 -0.791016 -1.028906
v 2.777735 0.328906 2.549219
v 4.676953 -0.797656 -0.783203
v 5.321875 0.711719 0.000000
v 3.112500 -1.163672 1.516797
v 4.913281 0.804297 1.112109
v 4.913281 0.804297 1.112109
v 3.114453 -1.489453 1.205859
v 4.331641 0.766016 1.857422
v 4.331641 0.766016 1.857422
v 3.114844 -1.608594 0.780469
v 2.810938 0.344141 2.184766
v 3.114453 -1.489453 0.355469
v 3.510547 0.605469 2.189844
v 3.510547 0.605469 2.189844
v 3.112500 -1.163672 0.044141
v 3.557422 0.585547 2.540625
v 3.557422 0.585547 2.540625
v 3.109766 -0.718359 -0.069141
v 5.971875 1.303906 0.000000
v 3.107031 -0.273438 0.044141
v 5.489063 1.367969 1.401172
v 5.489063 1.367969 1.401172
v 3.105078 0.051953 0.355469
v 4.564063 1.414844 2.235938
v 4.564063 1.414844 2.235938
v 3.104297 0.171484 0.780469
v 3.575781 1.299609 2.592578
v 3.575781 1.299609 2.592578
v 3.105078 0.051953 1.205859
v 2.759766 1.068359 2.566797
v 3.107031 -0.273438 1.516797
v 2.786719 1.187500 2.085156
v 2.786719 1.187500 2.085156
v 3.109766 -0.718359 1.630859
v 3.519922 1.414453 2.092188
v 3.519922 1.414453 2.092188
v 3.519922 1.414453 2.092188
v 3.519922 1.414453 2.092188
v 3.471484 -1.199219 1.569531
v 4.381641 1.566797 1.811719
v 4.381641 1.566797 1.811719
v 4.381641 1.566797 1.811719
v 4.381641 1.566797 1.811719
v 3.473438 -1.547266 1.235937
v 5.024219 1.555859 1.168359
v 5.024219 1.555859 1.168359
v 5.024219 1.555859 1.168359
v 5.024219 1.555859 1.168359
v 3.474219 -1.674609 0.780469
v 5.442578 1.493359 0.000000
v 5.442578 1.493359 0.000000
v 3.473438 -1.547266 0.325000
v 5.901563 1.420703 0.000000
v 3.471484 -1.199219 -0.007812
v 5.431250 1.488281 1.346484
v 5.431250 1.488281 1.346484
v 3.468750 -0.723437 -0.130078
v 4.529687 1.526953 2.159766
v 4.529687 1.526953 2.159766
v 3.466016 -0.247656 -0.007812
v 3.556250 1.402344 2.509375
v 3.556250 1.402344 2.509375
v 3.464062 0.100000 0.325000
v 2.763672 1.176563 2.481250
v 3.463281 0.227734 0.780469
v 3.909766 4.650000 0.000000
v 3.464062 0.100000 1.235937
v 3.447656 4.302734 0.000000
v 3.466016 -0.247656 1.569531
v 4.594922 4.049219 0.000000
v 3.468750 -0.723437 1.691406
v 4.296484 3.569531 0.000000
v 4.296484 3.569531 0.000000
v 3.889453 -1.210156 1.557813
v 4.635156 3.885937 0.000000
v 3.891406 -1.546094 1.235937
v 4.215234 3.759375 1.372656
v 4.215234 3.759375 1.372656
v 3.892188 -1.669141 0.796094
v 3.597266 4.332031 1.410547
v 3.597266 4.332031 1.410547
v 3.891406 -1.546094 0.356250
v 3.494922 2.962500 2.212109
v 3.494922 2.962500 2.212109
v 3.889453 -1.210156 0.034375
v 2.839453 3.614063 2.266797
v 2.839453 3.614063 2.266797
v 3.886719 -0.750781 -0.082813
v 1.796875 1.647656 2.294141
v 3.883984 -0.291406 0.034375
v 1.501172 2.059375 2.337891
v 3.882031 0.044141 0.356250
v 1.910156 2.590625 2.454688
v 1.910156 2.590625 2.454688
v 3.881250 0.167187 0.796094
v 2.433985 2.089453 2.471094
v 2.433985 2.089453 2.471094
v 3.882031 0.044141 1.235937
v 3.250391 4.016016 1.132812
v 3.250391 4.016016 1.132812
v 3.883984 -0.291406 1.557813
v 3.957422 3.335156 1.132812
v 3.957422 3.335156 1.132812
v 3.957422 3.335156 1.132812
v 3.957422 3.335156 1.132812
v 3.886719 -0.750781 1.675391
v 2.655078 3.409375 1.907031
v 2.655078 3.409375 1.907031
v 4.249609 -1.146484 1.391016
v 3.307812 2.815234 1.852344
v 3.307812 2.815234 1.852344
v 3.307812 2.815234 1.852344
v 3.307812 2.815234 1.852344
v 4.251172 -1.416016 1.137109
v 2.487891 2.092578 2.055469
v 2.487891 2.092578 2.055469
v 2.487891 2.092578 2.055469
v 2.487891 2.092578 2.055469
v 4.251563 -1.514844 0.790234
v 1.976953 2.628906 2.060938
v 1.976953 2.628906 2.060938
v 4.251172 -1.416016 0.443359
v 1.516016 2.097656 1.951563
v 4.249609 -1.146484 0.189453
v 1.807031 1.651172 1.908594
v 1.807031 1.651172 1.908594
v 4.247266 -0.778125 0.096484
v 4.260547 3.603125 1.309766
v 4.260547 3.603125 1.309766
v 4.245313 -0.409766 0.189453
v 4.041797 0.997656 -2.787109
v 4.243750 -0.139844 0.443359
v 3.633984 0.796094 -2.856250
v 4.242969 -0.041406 0.790234
v 4.002344 0.877344 -2.598438
v 4.243750 -0.139844 1.137109
v 4.419922 0.465625 -1.764844
v 4.245313 -0.409766 1.391016
v 3.335156 0.700781 -2.409766
v 4.247266 -0.778125 1.483984
v 2.245312 0.462500 -3.030078
v 4.498047 -1.075391 1.204297
v 2.126172 1.142969 -3.100781
v 2.126172 1.142969 -3.100781
v 4.498828 -1.261328 1.029297
v 1.507422 1.065625 -2.935547
v 1.507422 1.065625 -2.935547
v 4.499219 -1.329297 0.790234
v 6.097656 0.761719 -1.439453
v 4.498828 -1.261328 0.551172
v 5.866797 0.679688 -1.342578
v 4.498047 -1.075391 0.376172
v 6.156250 0.633594 -0.626172
v 4.496484 -0.821484 0.312109
v 6.410156 0.723437 -0.716016
v 4.494922 -0.567578 0.376172
v 5.713672 0.587109 -1.154688
v 5.713672 0.587109 -1.154688
v 4.493750 -0.382031 0.551172
v 5.117969 -0.240625 -0.589453
v 4.493360 -0.313672 0.790234
v 5.027734 -0.053906 -1.211328
v 5.027734 -0.053906 -1.211328
v 4.493750 -0.382031 1.029297
v 4.389062 -0.384766 -1.239844
v 4.389062 -0.384766 -1.239844
v 4.494922 -0.567578 1.204297
v 4.448828 -0.637500 -0.561328
v 4.448828 -0.637500 -0.561328
v 4.496484 -0.821484 1.268359
v 4.433984 0.190625 -2.039453
v 4.588672 -0.978125 0.994922
vt 0.523865 0.296204
vt 0.520264 0.269531
vt 0.504456 0.296204
vt 0.561401 0.255310
vt 0.561401 0.296204
vt 0.598999 0.296204
vt 0.561401 0.306702
vt 0.600708 0.306702
vt 0.561401 0.317261
vt 0.602478 0.317261
vt 0.596069 0.325928
vt 0.611938 0.330200
vt 0.561401 0.334534
vt 0.583923 0.335144
vt 0.561401 0.335144
vt 0.561401 0.332825
vt 0.538879 0.335144
vt 0.546753 0.332825
vt 0.508850 0.330566
vt 0.516907 0.329163
vt 0.498901 0.317261
vt 0.508850 0.317261
vt 0.500549 0.306702
vt 0.511047 0.306702
vt 0.502136 0.296204
vt 0.513184 0.296204
vt 0.518494 0.266724
vt 0.525574 0.277771
vt 0.561401 0.265442
vt 0.544312 0.296204
vt 0.561401 0.296204
vt 0.545288 0.309021
vt 0.561401 0.310425
vt 0.561401 0.324646
vt 0.576599 0.321838
vt 0.576111 0.332825
vt 0.613953 0.330566
vt 0.623901 0.317261
vt 0.621399 0.317261
vt 0.622314 0.306702
vt 0.619873 0.306702
vt 0.620667 0.296204
vt 0.618347 0.296204
vt 0.604370 0.266724
vt 0.602539 0.269531
vt 0.561401 0.251770
vt 0.498352 0.451172
vt 0.487915 0.462036
vt 0.497925 0.465820
vt 0.483398 0.448120
vt 0.498352 0.437134
vt 0.479004 0.435486
vt 0.470337 0.405579
vt 0.457764 0.408691
vt 0.412476 0.382629
vt 0.424988 0.418030
vt 0.384338 0.397217
vt 0.365601 0.407654
vt 0.317139 0.377441
vt 0.310425 0.392029
vt 0.254150 0.389648
vt 0.254150 0.408264
vt 0.310425 0.392029
vt 0.312500 0.411804
vt 0.365601 0.407654
vt 0.372192 0.429504
vt 0.424988 0.418030
vt 0.419006 0.444092
vt 0.456238 0.440979
vt 0.434631 0.461792
vt 0.462708 0.451416
vt 0.469177 0.461792
vt 0.477539 0.459412
vt 0.177185 0.144104
vt 0.181396 0.149048
vt 0.214294 0.118774
vt 0.132507 0.161682
vt 0.126587 0.153381
vt 0.071777 0.149048
vt 0.075928 0.144104
vt 0.031677 0.121643
vt 0.038879 0.118774
vt 0.016968 0.084106
vt 0.025330 0.084106
vt 0.031677 0.046631
vt 0.038879 0.049500
vt 0.071777 0.019165
vt 0.075928 0.024109
vt 0.126587 0.009155
vt 0.126587 0.014832
vt 0.181396 0.019165
vt 0.177185 0.024109
vt 0.221497 0.046631
vt 0.214294 0.049500
vt 0.236206 0.084106
vt 0.227844 0.084106
vt 0.221497 0.121643
vt 0.161682 0.125671
vt 0.187317 0.108154
vt 0.126587 0.132141
vt 0.091492 0.125671
vt 0.065857 0.108154
vt 0.056458 0.084106
vt 0.065857 0.060120
vt 0.091492 0.042542
vt 0.126587 0.036133
vt 0.161682 0.042542
vt 0.187317 0.060120
vt 0.196716 0.084106
vt 0.177185 0.144104
vt 0.126587 0.153381
vt 0.075928 0.144104
vt 0.038879 0.118774
vt 0.025330 0.084106
vt 0.038879 0.049500
vt 0.075928 0.024109
vt 0.126587 0.014832
vt 0.177185 0.024109
vt 0.214294 0.049500
vt 0.227844 0.084106
vt 0.214294 0.118774
vt 0.091492 0.042542
vt 0.126587 0.036133
vt 0.161682 0.042542
vt 0.187317 0.060120
vt 0.196716 0.084106
vt 0.187317 0.108154
vt 0.161682 0.125671
vt 0.126587 0.132141
vt 0.091492 0.125671
vt 0.065857 0.108154
vt 0.056458 0.084106
vt 0.065857 0.060120
vt 0.150513 0.112427
vt 0.126587 0.116821
vt 0.102661 0.112427
vt 0.085205 0.100464
vt 0.078796 0.084106
vt 0.085205 0.067749
vt 0.102661 0.055786
vt 0.126587 0.051392
vt 0.150513 0.055786
vt 0.167969 0.067749
vt 0.174377 0.084106
vt 0.167969 0.100464
vt 0.214294 0.118774
vt 0.181396 0.149048
vt 0.177185 0.144104
vt 0.221497 0.121643
vt 0.227844 0.084106
vt 0.236206 0.084106
vt 0.214294 0.049500
vt 0.221497 0.046631
vt 0.177185 0.024109
vt 0.181396 0.019165
vt 0.126587 0.014832
vt 0.126587 0.009155
vt 0.075928 0.024109
vt 0.071777 0.019165
vt 0.038879 0.049500
vt 0.031677 0.046631
vt 0.025330 0.084106
vt 0.016968 0.084106
vt 0.038879 0.118774
vt 0.031677 0.121643
vt 0.075928 0.144104
vt 0.071777 0.149048
vt 0.126587 0.153381
vt 0.132507 0.161682
vt 0.091492 0.042542
vt 0.126587 0.036133
vt 0.065857 0.060120
vt 0.056458 0.084106
vt 0.065857 0.108154
vt 0.091492 0.125671
vt 0.126587 0.132141
vt 0.161682 0.125671
vt 0.187317 0.108154
vt 0.196716 0.084106
vt 0.187317 0.060120
vt 0.161682 0.042542
vt 0.177185 0.024109
vt 0.126587 0.014832
vt 0.075928 0.024109
vt 0.038879 0.049500
vt 0.025330 0.084106
vt 0.038879 0.118774
vt 0.075928 0.144104
vt 0.126587 0.153381
vt 0.177185 0.144104
vt 0.214294 0.118774
vt 0.227844 0.084106
vt 0.214294 0.049500
vt 0.161682 0.125671
vt 0.187317 0.108154
vt 0.196716 0.084106
vt 0.187317 0.060120
vt 0.161682 0.042542
vt 0.126587 0.036133
vt 0.091492 0.042542
vt 0.065857 0.060120
vt 0.056458 0.084106
vt 0.065857 0.108154
vt 0.091492 0.125671
vt 0.126587 0.132141
vt 0.150513 0.112427
vt 0.167969 0.100464
vt 0.174377 0.084106
vt 0.167969 0.067749
vt 0.150513 0.055786
vt 0.126587 0.051392
vt 0.102661 0.055786
vt 0.085205 0.067749
vt 0.078796 0.084106
vt 0.085205 0.100464
vt 0.102661 0.112427
vt 0.126587 0.116821
vt 0.154297 0.262024
vt 0.168518 0.250916
vt 0.160034 0.235474
vt 0.173584 0.265930
vt 0.161743 0.271606
vt 0.175476 0.276245
vt 0.168762 0.280029
vt 0.169617 0.252136
vt 0.153442 0.262756
vt 0.148560 0.223328
vt 0.128174 0.238525
vt 0.119263 0.209167
vt 0.105225 0.228394
vt 0.072754 0.219604
vt 0.071899 0.259094
vt 0.008423 0.238953
vt 0.009399 0.262146
vt 0.071899 0.259094
vt 0.078918 0.281860
vt 0.128174 0.238525
vt 0.153442 0.262756
vt 0.148560 0.223328
vt 0.169617 0.252136
vt 0.966370 0.575195
vt 0.978882 0.573120
vt 0.992798 0.588928
vt 0.954224 0.552673
vt 0.941406 0.555420
vt 0.929504 0.532227
vt 0.916382 0.535645
vt 0.847656 0.504395
vt 0.841370 0.510620
vt 0.803223 0.500183
vt 0.800110 0.506470
vt 0.759033 0.502258
vt 0.759033 0.508545
vt 0.800110 0.506470
vt 0.796936 0.513733
vt 0.841370 0.510620
vt 0.835144 0.518982
vt 0.903870 0.539795
vt 0.832031 0.527405
vt 0.899231 0.546814
vt 0.891418 0.558533
vt 0.924194 0.563354
vt 0.935120 0.587708
vt 0.384583 0.355957
vt 0.426514 0.376404
vt 0.439636 0.370789
vt 0.376404 0.364502
vt 0.329529 0.341125
vt 0.326233 0.352539
vt 0.291870 0.339844
vt 0.290222 0.351318
vt 0.254150 0.338623
vt 0.254150 0.350037
vt 0.290222 0.351318
vt 0.288757 0.360657
vt 0.323303 0.361938
vt 0.317139 0.377441
vt 0.367859 0.372253
vt 0.384338 0.397217
vt 0.412476 0.382629
vt 0.457764 0.408691
vt 0.463989 0.437134
vt 0.479004 0.435486
vt 0.799988 0.862549
vt 0.881226 0.887512
vt 0.862488 0.875000
vt 0.802612 0.888123
vt 0.756226 0.850037
vt 0.729248 0.879211
vt 0.662476 0.829224
vt 0.662476 0.870850
vt 0.593750 0.820862
vt 0.591431 0.862549
vt 0.506226 0.854187
vt 0.587463 0.904175
vt 0.506226 0.896179
vt 0.585571 0.920288
vt 0.506226 0.910522
vt 0.584045 0.929199
vt 0.506226 0.920166
vt 0.581909 0.937988
vt 0.506226 0.932434
vt 0.392151 0.475342
vt 0.372192 0.461792
vt 0.321838 0.478455
vt 0.315613 0.461792
vt 0.254150 0.464539
vt 0.254150 0.447876
vt 0.315613 0.461792
vt 0.313171 0.440002
vt 0.372192 0.461792
vt 0.372192 0.429504
vt 0.419006 0.444092
vt 0.456238 0.440979
vt 0.463989 0.437134
vt 0.471680 0.448059
vt 0.367859 0.372253
vt 0.323303 0.361938
vt 0.288757 0.360657
vt 0.254150 0.359436
vt 0.254150 0.374939
vt 0.083801 0.300720
vt 0.161743 0.271606
vt 0.168762 0.280029
vt 0.079529 0.287292
vt 0.008972 0.307007
vt 0.009033 0.295959
vt 0.079529 0.287292
vt 0.077454 0.280640
vt 0.141541 0.250305
vt 0.128296 0.237366
vt 0.148132 0.223816
vt 0.118774 0.209473
vt 0.581909 0.937988
vt 0.584045 0.929199
vt 0.585571 0.920288
vt 0.587463 0.904175
vt 0.591431 0.862549
vt 0.593750 0.820862
vt 0.662476 0.870850
vt 0.662476 0.829224
vt 0.729248 0.879211
vt 1.000000 0.950012
vt 0.947083 0.916687
vt 0.977051 0.894836
vt 0.931213 0.966675
vt 0.962463 1.000000
vt 0.888245 0.975220
vt 0.814331 0.970642
vt 0.862488 0.929199
vt 0.806580 0.930298
vt 0.802612 0.888123
vt 0.756226 0.850037
vt 0.291870 0.339844
vt 0.326233 0.352539
vt 0.329529 0.341125
vt 0.376404 0.364502
vt 0.384583 0.355957
vt 0.426514 0.376404
vt 0.439636 0.370789
vt 0.470337 0.405579
vt 0.481018 0.402954
vt 0.498352 0.437134
vt 0.510925 0.330200
vt 0.501465 0.317261
vt 0.502991 0.306702
vt 0.878906 0.629395
vt 0.922668 0.633545
vt 0.872620 0.647461
vt 0.916382 0.623108
vt 0.872620 0.608521
vt 0.910156 0.612732
vt 0.891418 0.589783
vt 0.935120 0.604370
vt 0.935120 0.587708
vt 0.960144 0.596008
vt 0.966370 0.589783
vt 0.991821 0.590759
vt 0.966370 0.589783
vt 0.960144 0.596008
vt 0.991821 0.590759
vt 0.949219 0.579895
vt 0.941406 0.555420
vt 0.916382 0.535645
vt 0.847656 0.504395
vt 0.803223 0.500183
vt 0.992126 0.589722
vt 0.949219 0.579895
vt 0.924194 0.563354
vt 0.891418 0.558533
vt 0.899231 0.546814
vt 0.832031 0.527405
vt 0.903870 0.539795
vt 0.835144 0.518982
vt 0.651978 0.946228
vt 0.654541 0.933533
vt 0.718384 0.961365
vt 0.721069 0.948486
vt 0.814331 0.970642
vt 0.806580 0.930298
vt 0.862488 0.929199
vt 0.875977 0.662720
vt 0.847412 0.663269
vt 0.928894 0.646057
vt 0.960144 0.633545
vt 0.947632 0.623108
vt 0.985168 0.621033
vt 0.972656 0.610596
vt 0.990662 0.611633
vt 0.994080 0.602295
vt 0.812500 0.758362
vt 0.731201 0.700012
vt 0.716980 0.710449
vt 0.831238 0.750000
vt 0.877930 0.793335
vt 0.849976 0.737549
vt 0.913818 0.779480
vt 0.937500 0.770874
vt 0.956238 0.837524
vt 0.981201 0.837524
vt 0.993713 0.875000
vt 0.578552 0.296204
vt 0.577576 0.309021
vt 0.611816 0.306702
vt 0.613953 0.317261
vt 0.605896 0.329163
vt 0.993713 0.875000
vt 0.956238 0.837524
vt 0.912476 0.837524
vt 0.877930 0.793335
vt 0.868713 0.837524
vt 0.812500 0.758362
vt 0.856201 0.837524
vt 0.799988 0.762512
vt 0.008789 0.262756
vt 0.071167 0.260498
vt 0.008789 0.223633
vt 0.008606 0.284912
vt 0.071167 0.260498
vt 0.077454 0.280640
vt 0.128296 0.237366
vt 0.141541 0.250305
vt 0.160034 0.235474
vt 0.154297 0.262024
vt 0.994080 0.602295
vt 0.993225 0.591431
vt 0.972656 0.610596
vt 0.935120 0.604370
vt 0.941406 0.613770
vt 0.910156 0.612732
vt 0.916382 0.623108
vt 0.872620 0.608521
vt 0.878906 0.629395
vt 0.981201 0.837524
vt 0.937500 0.770874
vt 0.913818 0.779480
vt 0.849976 0.737549
vt 0.831238 0.750000
vt 0.731201 0.700012
vt 0.175476 0.276245
vt 0.173584 0.265930
vt 0.168518 0.250916
vt 0.148132 0.223816
vt 0.118774 0.209473
vt 0.105896 0.229553
vt 0.076538 0.199829
vt 0.072632 0.219910
vt 0.038025 0.198914
vt 0.036194 0.213379
vt 0.075806 0.201294
vt 0.035767 0.213440
vt 0.008423 0.213501
vt 0.035767 0.213440
vt 0.037720 0.199402
vt 0.075806 0.201294
vt 0.546204 0.321838
vt 0.833984 0.561584
vt 0.810120 0.579346
vt 0.791077 0.559631
vt 0.760620 0.568970
vt 0.760437 0.559082
vt 0.791077 0.559631
vt 0.990662 0.611633
vt 0.985168 0.621033
vt 0.947632 0.623108
vt 0.960144 0.633545
vt 0.922668 0.633545
vt 0.928894 0.646057
vt 0.872620 0.647461
vt 0.609680 0.296204
vt 0.597290 0.277771
vt 0.036194 0.213379
vt 0.072632 0.219910
vt 0.008789 0.213379
vt 0.008362 0.197571
vt 0.105896 0.229553
vt 0.076538 0.199829
vt 0.038025 0.198914
vt 0.311768 0.426392
vt 0.254150 0.427002
vt 0.311768 0.426392
vt 0.724609 0.921448
vt 0.657532 0.912537
vt 0.657532 0.912537
vt 0.724609 0.921448
vt 0.721069 0.948486
vt 0.718384 0.961365
vt 0.651978 0.946228
vt 0.654541 0.933533
vt 0.912476 0.837524
vt 0.868713 0.837524
vt 0.856201 0.837524
vt 0.356812 0.256897
vt 0.449585 0.202881
vt 0.454163 0.272156
vt 0.275391 0.180908
vt 0.276733 0.256897
vt 0.356812 0.256897
vt 0.278564 0.319885
vt 0.357422 0.320007
vt 0.483398 0.448120
vt 0.498352 0.451172
vt 0.471680 0.448059
vt 0.759094 0.520508
vt 0.796936 0.513733
vt 0.487915 0.462036
vt 0.497925 0.465820
vt 0.526733 0.325928
vt 0.520386 0.317261
vt 0.477539 0.459412
vt 0.503723 0.172302
vt 0.623291 0.251770
vt 0.503723 0.247925
vt 0.623291 0.172302
vt 0.623291 0.171204
vt 0.503723 0.172302
vt 0.503723 0.171204
vt 0.947083 0.916687
vt 0.931213 0.966675
vt 0.888245 0.975220
vt 0.962463 1.000000
vt 0.941406 0.613770
vt 0.891418 0.589783
vt 0.833984 0.561584
vt 0.834106 0.546509
vt 0.078918 0.281860
vt 0.083618 0.300842
vt 0.119263 0.209167
vt 0.105225 0.228394
vt 0.072754 0.219604
vt 0.881226 0.887512
vt 0.561401 0.185913
vt 0.504822 0.220215
vt 0.561401 0.214417
vt 0.504822 0.185913
vt 0.561401 0.178894
vt 0.504822 0.178894
vt 0.504822 0.168457
vt 0.522095 0.306702
vt 0.321838 0.478455
vt 0.337524 0.494995
vt 0.392151 0.475342
vt 0.293640 0.496460
vt 0.254150 0.481201
vt 0.254150 0.491577
vt 0.293640 0.496460
vt 0.743713 0.691711
vt 0.756226 0.683350
vt 0.868713 0.725037
vt 0.623291 0.172302
vt 0.503723 0.168457
vt 0.623291 0.168457
vt 0.503723 0.172302
vt 0.623291 0.223816
vt 0.503723 0.217529
vt 0.759033 0.496033
vt 0.440613 0.488892
vt 0.393738 0.497559
vt 0.337524 0.494995
vt 0.623291 0.172302
vt 0.561401 0.168457
vt 0.623291 0.168457
vt 0.561401 0.172302
vt 0.623291 0.217529
vt 0.561401 0.211731
vt 0.561401 0.211914
vt 0.623291 0.171204
vt 0.623291 0.217102
vt 0.561401 0.171204
vt 0.561401 0.211731
vt 0.561401 0.172302
vt 0.469177 0.461792
vt 0.434631 0.461792
vt 0.440613 0.488892
vt 0.462708 0.451416
vt 0.561401 0.214661
vt 0.504822 0.178894
vt 0.504822 0.219849
vt 0.561401 0.178894
vt 0.561401 0.185913
vt 0.561401 0.178894
vt 0.623291 0.185913
vt 0.504822 0.178894
vt 0.623291 0.178894
vt 0.504822 0.185913
vt 0.622925 0.227539
vt 0.504150 0.231384
vt 0.008972 0.291504
vt 0.008972 0.306396
vt 0.623291 0.185913
vt 0.504822 0.178894
vt 0.623291 0.178894
vt 0.504822 0.185913
vt 0.623291 0.220215
vt 0.504822 0.219299
vt 0.623291 0.185913
vt 0.504822 0.178894
vt 0.623291 0.178894
vt 0.504822 0.185913
vt 0.623291 0.219299
vt 0.504822 0.227539
vt 0.313171 0.440002
vt 0.312500 0.411804
vt 0.977051 0.894836
vt 1.000000 0.950012
vt 0.449585 0.202881
vt 0.454163 0.272156
vt 0.454590 0.328064
vt 0.623291 0.168457
vt 0.504822 0.168457
vt 0.623291 0.168457
vt 0.126587 0.084106
vt 0.083618 0.300842
vt 0.799988 0.862549
vt 0.083801 0.300720
vt 0.756226 0.683350
vt 0.743713 0.691711
vt 0.868713 0.725037
vt 0.126587 0.084106
vt 0.844543 0.593933
vt 0.966370 0.575195
vt 0.992126 0.589722
vt 0.810120 0.579346
vt 0.504150 0.228516
vt 0.623291 0.178894
vt 0.623291 0.225098
vt 0.504822 0.178894
vt 0.623291 0.178894
vt 0.503723 0.172302
vt 0.623291 0.247925
vt 0.503723 0.223816
vt 0.623291 0.172302
vt 0.623291 0.171204
vt 0.504822 0.168457
vt 0.561401 0.168457
vt 0.504822 0.178894
vt 0.504822 0.185913
vt 0.504822 0.220215
vt 0.561401 0.214417
vt 0.503723 0.168457
vt 0.623291 0.168457
vt 0.503723 0.168457
vt 0.623291 0.171204
vt 0.503723 0.172302
vt 0.623291 0.172302
vt 0.503723 0.168457
vt 0.623291 0.168457
vt 0.393738 0.497559
vt 0.623291 0.185913
vt 0.623291 0.178894
vt 0.622925 0.227539
vt 0.954224 0.552673
vt 0.929504 0.532227
vt 0.504822 0.178894
vt 0.561401 0.214661
vt 0.504822 0.219849
vt 0.561401 0.178894
vt 0.504822 0.217773
vt 0.623291 0.178894
vt 0.623291 0.219849
vt 0.504822 0.178894
vt 0.504822 0.225098
vt 0.623291 0.178894
vt 0.623291 0.217773
vt 0.504822 0.178894
vt 0.503723 0.245483
vt 0.623291 0.171204
vt 0.503723 0.171204
vt 0.623291 0.248901
vt 0.454590 0.328064
vt 0.357422 0.320007
vt 0.623291 0.168457
vt 0.504822 0.168457
vt 0.037720 0.199402
vt 0.007996 0.197510
vt 0.623291 0.168457
vt 0.504822 0.168457
vt 0.504822 0.217773
vt 0.623291 0.178894
vt 0.504822 0.178894
vt 0.623291 0.219849
vt 0.503723 0.168457
vt 0.623291 0.172302
vt 0.623291 0.168457
vt 0.503723 0.172302
vt 0.623291 0.220215
vt 0.504822 0.185913
vt 0.504822 0.219299
vt 0.623291 0.185913
vt 0.481018 0.402954
vt 0.561401 0.168457
vt 0.623291 0.172302
vt 0.623291 0.168457
vt 0.649292 0.954956
vt 0.649292 0.954956
vt 0.978882 0.573120
vt 0.992798 0.588928
vt 0.875977 0.662720
vt 0.847412 0.663269
vt 0.993225 0.591431
vt 0.834106 0.546509
vt 0.503723 0.222290
vt 0.623291 0.171204
vt 0.623291 0.245483
vt 0.503723 0.171204
vt 0.623291 0.223816
vt 0.503723 0.217529
vt 0.506226 0.816711
vt 0.503723 0.217102
vt 0.623291 0.171204
vt 0.623291 0.222290
vt 0.503723 0.171204
vt 0.503723 0.171204
vt 0.799988 0.762512
vt 0.503723 0.168457
vt 0.623291 0.168457
vt 0.856201 1.000000
vt 0.862488 0.875000
vt 0.503723 0.217102
vt 0.623291 0.171204
vt 0.503723 0.171204
vt 0.623291 0.222290
vt 0.561401 0.171204
vt 0.561401 0.211914
vt 0.623291 0.171204
vt 0.623291 0.217102
vt 0.503723 0.222290
vt 0.623291 0.171204
vt 0.503723 0.171204
vt 0.623291 0.245483
vt 0.504822 0.225098
vt 0.623291 0.178894
vt 0.504822 0.178894
vt 0.623291 0.217773
vt 0.716980 0.710449
vt 0.844543 0.593933
vt 0.623291 0.219299
vt 0.504822 0.185913
vt 0.504822 0.227539
vt 0.623291 0.185913
vt 0.504822 0.178894
vt 0.623291 0.178894
vt 0.504822 0.178894
vt 0.623291 0.178894
vt 0.623291 0.168457
vt 0.504822 0.168457
vt 0.623291 0.168457
vt 0.504822 0.168457
vt 0.503723 0.247925
vt 0.623291 0.247925
vt 0.503723 0.223816
vt 0.503723 0.245483
vt 0.503723 0.171204
vt 0.623291 0.217529
vt 0.856201 1.000000
vt 0.718079 0.971802
vt 0.623291 0.225098
vt 0.718079 0.971802
vt 0.561401 0.168457
vn -0.6515 0.7388 -0.1722
vn -0.3964 0.8339 -0.3840
vn -0.2467 0.7190 -0.6496
vn -0.4486 0.8937 0.0002
vn -0.6827 0.7307 0.0009
vn -0.6589 0.7324 0.1718
vn -0.3911 0.9203 0.0042
vn -0.3430 0.9189 0.1950
vn -0.0032 1.0000 0.0009
vn -0.0024 0.9725 0.2328
vn -0.0981 0.9784 0.1820
vn -0.5306 0.6077 0.5909
vn -0.5565 0.8308 0.0000
vn -0.9852 0.1280 0.1139
vn -0.9528 0.3034 0.0000
vn -0.8150 -0.5795 0.0000
vn -0.9852 0.1280 -0.1139
vn -0.8125 -0.5815 0.0407
vn -0.6912 -0.0001 -0.7226
vn -0.6251 -0.6636 -0.4108
vn -0.0088 -0.2350 -0.9720
vn 0.0866 -0.8291 -0.5523
vn 0.3496 -0.1769 -0.9200
vn 0.4900 -0.7228 -0.4872
vn 0.5513 0.1399 -0.8224
vn 0.7923 -0.4211 -0.4414
vn 0.4551 0.6564 -0.6017
vn 0.9354 -0.0326 -0.3521
vn 0.9979 0.0641 0.0010
vn 0.7621 -0.6473 -0.0095
vn 0.7472 -0.6645 0.0000
vn 0.4276 -0.9030 0.0401
vn 0.4214 -0.9069 -0.0012
vn 0.0590 -0.9982 -0.0017
vn 0.0283 -0.9950 -0.0957
vn -0.8125 -0.5815 -0.0407
vn -0.6912 -0.0001 0.7226
vn -0.0067 -0.2362 0.9717
vn -0.0824 0.5757 0.8135
vn 0.3486 -0.1783 0.9201
vn -0.0817 0.6299 0.7723
vn 0.5518 0.1410 0.8219
vn -0.2468 0.7201 0.6485
vn 0.4575 0.6533 0.6032
vn -0.3932 0.8344 0.3862
vn 0.4608 0.8875 0.0012
vn 0.7064 0.2192 0.6730
vn 0.6226 0.2262 0.7491
vn 0.7265 0.2712 0.6313
vn 0.4426 0.1620 0.8820
vn 0.6367 0.0788 0.7671
vn 0.2861 0.1545 0.9456
vn 0.2639 0.2696 0.9261
vn -0.0616 0.4927 0.8680
vn -0.0092 0.6846 0.7288
vn -0.2092 0.5116 0.8333
vn 0.0155 0.7267 0.6868
vn -0.2414 0.7690 0.5918
vn 0.0831 0.9211 0.3802
vn -0.0955 0.9474 0.3052
vn -0.1051 0.9944 0.0000
vn -0.4137 0.9104 0.0000
vn -0.0955 0.9474 -0.3052
vn -0.4221 0.8639 -0.2747
vn -0.2414 0.7690 -0.5918
vn -0.5264 0.5583 -0.6412
vn -0.2092 0.5116 -0.8333
vn -0.4863 0.2463 -0.8383
vn -0.2910 0.2813 -0.9144
vn -0.4699 -0.0328 -0.8821
vn -0.1866 0.0451 -0.9814
vn -0.1798 -0.1255 -0.9756
vn 0.1689 0.0535 -0.9842
vn -0.0872 -0.8551 0.5111
vn 0.2045 -0.8375 0.5067
vn -0.0801 -0.4831 0.8719
vn 0.2018 -0.9794 0.0040
vn -0.0826 -0.9966 -0.0032
vn 0.2177 -0.8386 -0.4992
vn -0.0678 -0.8534 -0.5168
vn 0.2450 -0.4719 -0.8469
vn -0.0470 -0.4812 -0.8753
vn 0.2754 -0.0004 -0.9613
vn -0.0267 0.0039 -0.9996
vn 0.3005 0.4644 -0.8331
vn -0.0107 0.4882 -0.8726
vn 0.3159 0.8155 -0.4848
vn -0.0026 0.8576 -0.5143
vn 0.3177 0.9482 0.0046
vn -0.0059 1.0000 -0.0032
vn 0.3040 0.8148 0.4936
vn -0.0204 0.8603 0.5093
vn 0.2803 0.4644 0.8401
vn -0.0417 0.4902 0.8706
vn 0.2514 0.0003 0.9679
vn -0.0630 0.0038 0.9980
vn 0.2237 -0.4711 0.8532
vn -0.1781 -0.8426 0.5081
vn -0.1732 -0.4761 0.8621
vn -0.1809 -0.9835 0.0001
vn -0.1789 -0.8427 -0.5078
vn -0.1726 -0.4756 -0.8625
vn -0.1667 0.0030 -0.9860
vn -0.1592 0.4799 -0.8627
vn -0.1563 0.8472 -0.5077
vn -0.1549 0.9879 -0.0003
vn -0.1565 0.8472 0.5076
vn -0.1611 0.4802 0.8622
vn -0.1663 0.0023 0.9861
vn 0.5043 -0.7388 0.4470
vn 0.4923 -0.8704 -0.0021
vn 0.4964 -0.7412 -0.4519
vn 0.5161 -0.4104 -0.7518
vn 0.5456 0.0030 -0.8380
vn 0.5780 0.3948 -0.7142
vn 0.6025 0.6833 -0.4124
vn 0.6128 0.7902 -0.0007
vn 0.6067 0.6813 0.4094
vn 0.5863 0.3938 0.7079
vn 0.5574 0.0040 0.8302
vn 0.5280 -0.4072 0.7452
vn 0.8383 0.4642 -0.2860
vn 0.8459 0.5332 0.0008
vn 0.8399 0.4620 0.2848
vn 0.8223 0.2696 0.5011
vn 0.8014 -0.0037 0.5981
vn 0.7846 -0.3002 0.5424
vn 0.7744 -0.5411 0.3278
vn 0.7703 -0.6376 0.0007
vn 0.7712 -0.5452 -0.3286
vn 0.7793 -0.3038 -0.5481
vn 0.7962 -0.0032 -0.6051
vn 0.8188 0.2729 -0.5051
vn 0.9621 -0.2329 0.1419
vn 0.9616 -0.2742 -0.0015
vn 0.9604 -0.2370 -0.1463
vn 0.9599 -0.1337 -0.2465
vn 0.9612 0.0012 -0.2758
vn 0.9648 0.1274 -0.2300
vn 0.9685 0.2122 -0.1298
vn 0.9707 0.2402 -0.0010
vn 0.9699 0.2089 0.1247
vn 0.9674 0.1238 0.2209
vn 0.9644 0.0011 0.2646
vn 0.9626 -0.1303 0.2373
vn -0.1046 -0.4834 -0.8691
vn 0.2340 -0.8324 -0.5023
vn -0.1084 -0.8538 -0.5091
vn 0.2397 -0.4707 -0.8491
vn -0.0931 0.0021 -0.9956
vn 0.2508 -0.0014 -0.9680
vn -0.0779 0.4879 -0.8694
vn 0.2640 0.4653 -0.8448
vn -0.0618 0.8585 -0.5091
vn 0.2767 0.8214 -0.4987
vn -0.0493 0.9987 0.0032
vn 0.2855 0.9584 -0.0048
vn -0.0438 0.8564 0.5143
vn 0.2882 0.8224 0.4904
vn -0.0468 0.4861 0.8726
vn 0.2844 0.4654 0.8381
vn -0.0572 0.0023 0.9984
vn 0.2752 -0.0020 0.9614
vn -0.0722 -0.4819 0.8732
vn 0.2619 -0.4713 0.8422
vn -0.0894 -0.8524 0.5151
vn 0.2476 -0.8330 0.4947
vn -0.1025 -0.9947 0.0031
vn 0.2369 -0.9715 -0.0041
vn -0.2219 0.8362 0.5014
vn -0.2216 0.9751 0.0003
vn -0.2221 0.4731 0.8525
vn -0.2273 0.0020 0.9738
vn -0.2335 -0.4698 0.8513
vn -0.2408 -0.8312 0.5011
vn -0.2434 -0.9699 -0.0001
vn -0.2402 -0.8312 -0.5013
vn -0.2336 -0.4702 -0.8511
vn -0.2269 0.0013 -0.9739
vn -0.2229 0.4739 -0.8519
vn -0.2218 0.8360 -0.5018
vn 0.5716 0.7037 -0.4219
vn 0.5730 0.8195 0.0007
vn 0.5673 0.7053 0.4251
vn 0.5564 0.4034 0.7264
vn 0.5454 0.0039 0.8381
vn 0.5391 -0.4024 0.7399
vn 0.5390 -0.7187 0.4391
vn 0.5423 -0.8401 0.0019
vn 0.5465 -0.7161 -0.4341
vn 0.5505 -0.3998 -0.7328
vn 0.5568 0.0051 -0.8306
vn 0.5649 0.4025 -0.7203
vn 0.7937 -0.5183 -0.3185
vn 0.7953 -0.2884 -0.5331
vn 0.8023 0.0029 -0.5969
vn 0.8142 0.2798 -0.5087
vn 0.8257 0.4817 -0.2936
vn 0.8301 0.5575 -0.0003
vn 0.8239 0.4844 0.2942
vn 0.8102 0.2829 0.5134
vn 0.7969 0.0031 0.6041
vn 0.7900 -0.2913 0.5394
vn 0.7909 -0.5222 0.3191
vn 0.7931 -0.6091 -0.0008
vn 0.9620 -0.2332 -0.1418
vn 0.9627 -0.1298 -0.2374
vn 0.9644 0.0013 -0.2645
vn 0.9672 0.1230 -0.2221
vn 0.9699 0.2086 -0.1253
vn 0.9705 0.2409 0.0015
vn 0.9686 0.2123 0.1294
vn 0.9647 0.1259 0.2312
vn 0.9612 0.0013 0.2759
vn 0.9598 -0.1335 0.2467
vn 0.9603 -0.2373 0.1466
vn 0.9616 -0.2743 0.0014
vn 0.2035 0.7165 -0.6672
vn 0.4884 0.8674 0.0954
vn -0.1233 0.9722 0.1987
vn 0.9606 0.2741 0.0453
vn 0.7304 0.2770 -0.6242
vn 0.9840 -0.1268 0.1246
vn 0.7312 -0.2142 -0.6476
vn 0.8848 -0.4440 0.1415
vn 0.6611 -0.6088 -0.4385
vn 0.8054 -0.5861 0.0888
vn 0.5263 -0.7765 -0.3466
vn 0.7718 -0.6233 0.1252
vn 0.4434 -0.8587 -0.2569
vn 0.5236 -0.8403 -0.1402
vn 0.2025 -0.8836 -0.4222
vn 0.1000 -0.9950 0.0000
vn 0.5202 -0.8540 0.0000
vn 0.2025 -0.8836 0.4222
vn 0.5913 -0.5022 0.6309
vn 0.5263 -0.7765 0.3466
vn 0.6611 -0.6088 0.4385
vn 0.8054 -0.5861 -0.0888
vn 0.8848 -0.4440 -0.1415
vn 0.2918 -0.3716 0.8813
vn 0.2141 0.0968 0.9720
vn 0.1647 0.0925 0.9820
vn 0.3878 -0.2053 0.8986
vn 0.3070 -0.5737 0.7593
vn 0.5882 -0.2217 0.7777
vn 0.4806 -0.5658 0.6699
vn 0.8016 -0.2234 0.5545
vn 0.6287 -0.6436 0.4365
vn 0.9375 -0.1820 0.2966
vn 0.7287 -0.6408 0.2416
vn 0.7840 -0.6207 0.0000
vn 0.3487 -0.9372 0.0000
vn 0.7287 -0.6408 -0.2416
vn 0.2788 -0.9526 -0.1213
vn 0.6287 -0.6436 -0.4365
vn 0.2491 -0.9391 -0.2367
vn 0.1624 -0.9126 -0.3752
vn 0.3557 -0.8805 -0.3134
vn 0.3053 -0.8344 -0.4587
vn 0.4604 -0.6535 -0.6008
vn 0.3296 -0.6885 -0.6459
vn 0.4796 -0.4953 -0.7243
vn 0.5818 0.3903 0.7136
vn 0.2382 0.5085 0.8274
vn 0.4996 0.2747 0.8216
vn 0.1993 0.7362 0.6467
vn 0.6481 0.5837 0.4892
vn 0.2451 0.8557 0.4558
vn 0.7341 0.6263 0.2624
vn 0.2865 0.9308 0.2267
vn 0.7298 0.6837 0.0000
vn 0.2961 0.9551 0.0000
vn 0.2865 0.9308 -0.2267
vn -0.0769 0.9854 -0.1520
vn -0.0730 0.9461 -0.3154
vn 0.0831 0.9211 -0.3802
vn -0.0918 0.8807 -0.4646
vn 0.0155 0.7267 -0.6868
vn -0.0092 0.6846 -0.7288
vn -0.0616 0.4927 -0.8680
vn -0.1165 0.2803 -0.9528
vn 0.2861 0.1545 -0.9456
vn 0.0996 0.9450 -0.3115
vn 0.7413 0.2102 -0.6374
vn 0.7977 0.6025 0.0248
vn 0.3972 0.5470 -0.7369
vn 0.0300 0.8899 -0.4551
vn 0.4202 0.5643 -0.7106
vn 0.1991 0.8766 -0.4380
vn 0.5678 0.5912 -0.5728
vn 0.2879 0.9245 -0.2496
vn 0.6891 0.6594 -0.3005
vn 0.7338 0.6793 0.0000
vn 0.9626 -0.0787 -0.2592
vn 0.9996 -0.0264 0.0000
vn 0.7150 -0.6924 -0.0963
vn 0.7590 -0.6511 0.0000
vn -0.1153 -0.9510 0.2869
vn -0.3997 -0.9166 0.0000
vn -0.7867 -0.4047 0.4660
vn -0.9634 -0.2680 0.0000
vn -0.7487 -0.2400 -0.6179
vn -0.8012 0.1459 -0.5803
vn -0.9145 -0.3250 -0.2408
vn -0.9714 0.0524 -0.2315
vn -0.9996 -0.0285 0.0000
vn -0.9081 0.4187 0.0000
vn -0.9714 0.0524 0.2315
vn -0.8307 0.4560 0.3193
vn -0.8012 0.1459 0.5803
vn -0.5264 0.5583 0.6412
vn -0.4863 0.2463 0.8383
vn -0.2910 0.2813 0.9144
vn -0.1165 0.2803 0.9528
vn 0.0073 0.0783 0.9969
vn -0.0918 0.8807 0.4646
vn -0.0730 0.9461 0.3154
vn -0.0769 0.9854 0.1520
vn -0.0312 0.9995 0.0000
vn 0.0851 0.9963 0.0000
vn 0.5484 0.5155 0.6584
vn 0.7304 0.2770 0.6242
vn 0.7312 -0.2142 0.6476
vn 0.4347 0.6817 0.5885
vn 0.8252 0.5649 0.0000
vn 0.6214 0.7834 0.0000
vn 0.4347 0.6817 -0.5885
vn 0.0352 0.7664 -0.6413
vn -0.2613 0.8866 -0.3815
vn -0.1203 0.9496 -0.2892
vn 0.1588 0.9625 0.2199
vn 0.2562 0.9523 0.1659
vn -0.7867 -0.4047 -0.4660
vn -0.1153 -0.9510 -0.2869
vn 0.7150 -0.6924 0.0963
vn 0.9626 -0.0787 0.2592
vn 0.6891 0.6594 0.3005
vn 0.2879 0.9245 0.2496
vn 0.5678 0.5912 0.5728
vn 0.1991 0.8766 0.4380
vn 0.4202 0.5643 0.7106
vn -0.3979 -0.4888 0.7763
vn 0.0607 -0.2427 0.9682
vn -0.4921 -0.0059 0.8705
vn -0.1638 -0.7443 0.6473
vn -0.3729 -0.9211 0.1112
vn 0.0544 -0.9421 0.3309
vn 0.2303 -0.9468 0.2246
vn 0.3681 -0.2578 0.8933
vn 0.5563 -0.2790 0.7827
vn 0.3972 0.5470 0.7369
vn 0.0300 0.8899 0.4551
vn 0.7341 0.6263 -0.2624
vn 0.2451 0.8557 -0.4558
vn 0.6481 0.5837 -0.4892
vn 0.1993 0.7362 -0.6468
vn 0.5818 0.3903 -0.7136
vn 0.2382 0.5085 -0.8274
vn 0.4996 0.2747 -0.8216
vn 0.2639 0.2696 -0.9261
vn 0.6002 -0.0228 -0.7995
vn 0.6367 0.0788 -0.7671
vn -0.5306 0.6077 -0.5909
vn -0.0745 0.5835 -0.8087
vn -0.0917 0.6287 -0.7722
vn -0.4076 -0.9009 0.1486
vn -0.5498 -0.7077 0.4436
vn -0.7367 -0.5772 0.3523
vn -0.3207 -0.9261 0.1988
vn -0.2799 -0.9528 -0.1169
vn -0.1130 -0.9856 0.1254
vn 0.0412 -0.9669 0.2517
vn 0.1969 -0.7773 0.5975
vn 0.4796 -0.4953 0.7243
vn 0.3600 -0.3163 0.8777
vn 0.3403 -0.0958 0.9354
vn 0.1803 0.0141 0.9835
vn 0.3403 -0.0958 -0.9354
vn 0.3600 -0.3163 -0.8777
vn 0.1803 0.0141 -0.9835
vn 0.4289 -0.5343 -0.7284
vn 0.3070 -0.5737 -0.7593
vn 0.4806 -0.5658 -0.6699
vn 0.8016 -0.2234 -0.5545
vn 0.9375 -0.1820 -0.2966
vn 0.1705 -0.0070 0.9853
vn 0.4289 -0.5343 0.7284
vn 0.3296 -0.6885 0.6459
vn 0.4604 -0.6535 0.6008
vn 0.3053 -0.8344 0.4587
vn 0.3557 -0.8805 0.3134
vn 0.1624 -0.9126 0.3752
vn 0.2491 -0.9391 0.2367
vn -0.1354 -0.8368 0.5304
vn 0.5685 -0.8194 -0.0735
vn -0.2832 -0.7759 0.5637
vn 0.4361 -0.8946 -0.0971
vn 0.2303 -0.9468 -0.2246
vn 0.5563 -0.2790 -0.7827
vn 0.3681 -0.2578 -0.8933
vn -0.8187 -0.5146 0.2547
vn -0.8359 -0.5429 0.0808
vn -0.7131 -0.4718 0.5186
vn -0.5370 -0.4241 0.7292
vn -0.2505 -0.5167 0.8187
vn -0.1456 -0.1655 0.9754
vn 0.1578 -0.2831 0.9460
vn -0.0307 -0.3131 0.9492
vn 0.3654 -0.0649 0.9286
vn 0.8513 -0.5245 0.0086
vn 0.8287 -0.5447 -0.1281
vn 0.6373 -0.7105 0.2984
vn 0.6827 -0.0896 -0.7252
vn 0.6417 -0.0617 -0.7644
vn 0.0136 0.5616 -0.8273
vn -0.0985 0.3767 -0.9211
vn -0.5121 0.5410 -0.6671
vn -0.2114 0.1267 -0.9691
vn -0.6064 0.3262 -0.7252
vn -0.6803 0.1798 -0.7105
vn 0.7621 -0.6473 0.0095
vn 0.4290 -0.9024 -0.0387
vn 0.4887 -0.7228 0.4886
vn 0.0875 -0.8286 0.5529
vn -0.6251 -0.6636 0.4108
vn -0.6803 0.1798 0.7105
vn -0.2114 0.1267 0.9691
vn 0.5902 -0.0880 0.8024
vn 0.6417 -0.0617 0.7644
vn 0.9681 -0.1747 0.1796
vn 0.8513 -0.5245 -0.0086
vn 0.9615 -0.2421 -0.1295
vn 0.6527 -0.5712 -0.4976
vn -0.0675 0.9977 0.0000
vn -0.2469 0.8596 -0.4474
vn -0.4642 0.8857 0.0000
vn 0.1830 0.9831 0.0000
vn -0.2469 0.8596 0.4474
vn 0.0352 0.7664 0.6413
vn -0.1203 0.9496 0.2892
vn -0.2613 0.8866 0.3815
vn -0.1233 0.9722 -0.1987
vn 0.2035 0.7165 0.6672
vn 0.3654 -0.0649 -0.9286
vn 0.7223 0.3303 -0.6075
vn 0.1578 -0.2831 -0.9460
vn 0.1969 -0.7773 -0.5975
vn -0.0171 -0.6889 -0.7246
vn -0.1130 -0.9856 -0.1254
vn -0.3207 -0.9261 -0.1988
vn -0.2799 -0.9528 0.1169
vn -0.4076 -0.9009 -0.1486
vn -0.6064 0.3262 0.7252
vn -0.5121 0.5410 0.6671
vn -0.0985 0.3767 0.9211
vn 0.0136 0.5616 0.8273
vn 0.6827 -0.0896 0.7252
vn 0.8287 -0.5447 0.1281
vn 0.9840 -0.1268 -0.1246
vn 0.9606 0.2741 -0.0453
vn 0.4884 0.8674 -0.0954
vn 0.1588 0.9625 -0.2199
vn 0.2562 0.9523 -0.1659
vn -0.1223 0.9612 0.2471
vn 0.2966 0.9495 -0.1026
vn -0.0833 0.9911 0.1037
vn 0.2894 0.9563 -0.0403
vn -0.1279 0.9874 0.0927
vn 0.8287 -0.5499 0.1042
vn 0.4466 -0.8890 -0.1006
vn 0.4400 -0.8979 0.0000
vn 0.4466 -0.8890 0.1006
vn 0.8115 -0.5828 -0.0418
vn 0.8287 -0.5499 -0.1042
vn 0.0296 -0.9948 0.0968
vn -0.0201 -0.9327 0.3601
vn -0.3754 -0.9155 0.1444
vn -0.3944 -0.8887 0.2336
vn -0.3668 -0.9303 0.0000
vn -0.2918 -0.9565 0.0000
vn -0.3944 -0.8887 -0.2336
vn -0.0307 -0.3131 -0.9492
vn -0.1456 -0.1655 -0.9754
vn -0.2505 -0.5167 -0.8187
vn -0.5370 -0.4241 -0.7292
vn -0.5498 -0.7077 -0.4436
vn -0.7131 -0.4718 -0.5186
vn -0.7367 -0.5772 -0.3523
vn 0.7925 -0.4208 0.4414
vn 0.9351 -0.0289 0.3531
vn -0.1279 0.9874 -0.0927
vn -0.0833 0.9911 -0.1037
vn -0.1535 0.9881 0.0000
vn 0.2900 0.9570 0.0000
vn -0.1223 0.9612 -0.2471
vn 0.2966 0.9495 0.1026
vn 0.2894 0.9563 0.0403
vn -0.6725 0.6750 0.3034
vn -0.6922 0.7217 0.0000
vn -0.6725 0.6750 -0.3034
vn 0.6846 -0.2628 -0.6799
vn 0.8485 -0.1700 -0.5011
vn 0.8485 -0.1700 0.5011
vn 0.6846 -0.2628 0.6799
vn 0.4361 -0.8946 0.0971
vn -0.2832 -0.7759 -0.5637
vn -0.1354 -0.8368 -0.5304
vn 0.5685 -0.8194 0.0735
vn 0.5902 -0.0880 -0.8024
vn 0.9681 -0.1747 -0.1796
vn 0.9615 -0.2421 0.1295
vn 0.5841 -0.7774 0.2334
vn 0.6874 -0.6760 0.2655
vn 0.5610 -0.7669 0.3117
vn 0.7075 -0.7067 0.0000
vn 0.5916 -0.8062 0.0000
vn 0.5841 -0.7774 -0.2334
vn 0.5038 -0.8638 0.0000
vn 0.4886 -0.8404 -0.2346
vn 0.4426 0.1620 -0.8820
vn 0.7064 0.2192 -0.6730
vn 0.0073 0.0783 -0.9969
vn 0.3420 -0.9397 0.0000
vn 0.2788 -0.9526 0.1213
vn 0.6226 0.2262 -0.7491
vn 0.7265 0.2712 -0.6313
vn -0.0981 0.9784 -0.1820
vn 0.0043 0.9701 -0.2426
vn 0.1689 0.0535 0.9842
vn 0.8160 0.4805 0.3212
vn 0.6697 0.7426 0.0000
vn 0.6580 0.6901 0.3013
vn 0.8513 0.5246 0.0000
vn 0.9770 -0.2132 0.0000
vn 0.8160 0.4805 -0.3212
vn 0.9322 -0.3004 -0.2018
vn 0.0607 -0.2427 -0.9682
vn -0.1638 -0.7443 -0.6473
vn 0.0544 -0.9421 -0.3309
vn -0.3729 -0.9211 -0.1112
vn -0.0171 -0.6889 0.7246
vn 0.0412 -0.9669 -0.2517
vn -0.0201 -0.9327 -0.3601
vn 0.5206 -0.6420 -0.5629
vn 0.5913 -0.5022 -0.6309
vn 0.7183 -0.2390 -0.6533
vn 0.7718 -0.6233 -0.1252
vn 0.4434 -0.8587 0.2569
vn 0.5236 -0.8403 0.1402
vn 0.7413 0.2102 0.6374
vn -0.6976 0.1751 -0.6947
vn 0.0023 -0.0502 -0.9987
vn -0.8018 -0.0337 -0.5967
vn -0.1237 0.3246 -0.9377
vn -0.7322 0.6088 -0.3053
vn -0.2579 0.8475 -0.4639
vn -0.2811 0.9588 -0.0398
vn -0.3430 0.9147 -0.2138
vn -0.9145 -0.3250 0.2408
vn -0.8458 -0.4454 0.2935
vn -0.7487 -0.2400 0.6179
vn -0.8911 -0.4459 0.0841
vn -0.9423 -0.3347 0.0000
vn -0.9279 -0.3726 0.0000
vn -0.8911 -0.4459 -0.0841
vn 0.4009 0.4164 0.8160
vn -0.3263 0.8283 0.4554
vn -0.3633 0.7439 0.5609
vn 0.5302 -0.3978 0.7487
vn 0.6471 -0.7600 0.0600
vn 0.6563 -0.7538 -0.0327
vn 0.4628 -0.3661 0.8073
vn 0.1401 0.0948 0.9856
vn 0.0765 0.1124 0.9907
vn 0.9846 -0.1749 0.0000
vn -0.4517 -0.2321 -0.8614
vn -0.7025 -0.4998 -0.5066
vn -0.8458 -0.4454 -0.2935
vn 0.2697 -0.6849 0.6768
vn 0.5574 -0.8298 0.0253
vn 0.5333 -0.8436 0.0628
vn -0.1756 -0.8567 0.4850
vn -0.1359 -0.1504 0.9792
vn -0.5611 -0.4563 0.6906
vn -0.4838 -0.2541 0.8374
vn 0.1060 0.1330 0.9854
vn 0.1062 0.1112 0.9881
vn -0.5269 -0.2896 0.7991
vn -0.5611 -0.4563 -0.6906
vn -0.1756 -0.8567 -0.4850
vn -0.1798 -0.1255 0.9756
vn -0.4699 -0.0328 0.8821
vn -0.4517 -0.2321 0.8614
vn -0.1866 0.0451 0.9814
vn -0.7665 -0.0894 -0.6360
vn 0.0484 -0.1179 -0.9918
vn 0.0521 -0.1203 -0.9914
vn -0.5698 -0.1102 -0.8144
vn -0.6976 0.1751 0.6947
vn -0.7322 0.6088 0.3053
vn 0.9347 0.1637 0.3153
vn 0.6209 0.7839 0.0000
vn 0.5693 0.8067 0.1583
vn 0.9876 0.1570 0.0000
vn 0.9293 -0.1712 0.3271
vn 0.9825 -0.1861 0.0000
vn 0.8977 -0.4405 0.0000
vn 0.9923 -0.1239 0.0000
vn 0.2958 0.2680 0.9169
vn 0.0495 0.8672 0.4954
vn 0.0631 0.8715 0.4862
vn 0.3014 0.2908 0.9080
vn 0.3554 -0.0896 0.9304
vn 0.3712 -0.1119 0.9218
vn 0.6578 0.2252 0.7187
vn 0.4201 0.7990 0.4302
vn 0.4037 0.8185 0.4086
vn 0.6644 0.2145 0.7159
vn 0.6639 -0.1323 0.7360
vn 0.6692 -0.1515 0.7274
vn -0.8307 0.4560 -0.3193
vn -0.4221 0.8639 0.2747
vn -0.4921 -0.0059 -0.8705
vn -0.3979 -0.4888 -0.7763
vn 0.6874 -0.6760 -0.2655
vn 0.5610 -0.7669 -0.3117
vn 0.4590 -0.8241 -0.3318
vn 0.1601 0.9871 0.0060
vn 0.1563 0.9877 0.0000
vn 0.1601 0.9871 -0.0060
vn 1.0000 0.0021 0.0000
vn 0.7183 -0.2390 0.6533
vn 0.0996 0.9450 0.3115
vn 0.5484 0.5155 -0.6584
vn -0.3263 0.8283 -0.4554
vn 0.4009 0.4164 -0.8160
vn -0.3633 0.7439 -0.5609
vn 1.0000 0.0024 0.0000
vn -0.2947 -0.9487 0.1147
vn 0.2918 -0.3716 -0.8813
vn 0.1705 -0.0070 -0.9853
vn -0.3754 -0.9155 -0.1444
vn -0.9871 0.1599 0.0000
vn -0.9246 0.1552 0.3477
vn -0.9217 0.1624 0.3522
vn -0.9883 0.1526 0.0000
vn -0.9246 0.1552 -0.3477
vn 0.7864 -0.2013 0.5840
vn 0.4574 0.4235 0.7819
vn 0.4786 0.4166 0.7729
vn 0.6278 0.2192 0.7468
vn 0.8174 -0.3818 0.4312
vn -0.2811 0.9588 0.0398
vn -0.2958 0.9552 0.0092
vn -0.2579 0.8475 0.4639
vn -0.1237 0.3246 0.9377
vn 0.0023 -0.0502 0.9987
vn -0.8018 -0.0337 0.5967
vn 0.6596 -0.7511 -0.0294
vn 0.6827 -0.7307 0.0000
vn 0.6596 -0.7511 0.0294
vn 0.8174 -0.3818 -0.4312
vn 0.7864 -0.2013 -0.5840
vn 0.6278 0.2192 -0.7468
vn 0.6361 -0.7716 0.0036
vn 0.6494 -0.7595 -0.0375
vn -0.7025 -0.4998 0.5066
vn 0.9347 0.1637 -0.3153
vn 0.5693 0.8067 -0.1583
vn 0.9293 -0.1712 -0.3271
vn 0.3878 -0.2053 -0.8986
vn 0.5882 -0.2217 -0.7777
vn 0.0484 -0.1179 0.9918
vn -0.7665 -0.0894 0.6360
vn 0.0521 -0.1203 0.9914
vn -0.5698 -0.1102 0.8144
vn -0.3274 -0.0687 0.9424
vn -0.3316 -0.0747 0.9404
vn -0.3548 -0.1080 0.9286
vn -0.3036 -0.0354 0.9521
vn -0.7425 0.0912 0.6636
vn -0.7526 0.0754 0.6541
vn -0.7886 0.0141 0.6147
vn -0.6976 0.1553 0.6994
vn -0.6403 -0.7005 -0.3152
vn -0.6714 -0.7411 0.0000
vn -0.6533 -0.6784 -0.3359
vn -0.6537 -0.7568 0.0000
vn 0.4590 -0.8241 0.3318
vn 0.4886 -0.8404 0.2346
vn -0.1148 0.9912 0.0651
vn -0.1200 0.9792 0.1632
vn 0.8115 -0.5828 0.0418
vn 0.8314 -0.5557 0.0000
vn 0.1075 0.9913 0.0754
vn 0.1192 0.9876 0.1023
vn -0.3274 -0.0687 -0.9424
vn -0.3316 -0.0747 -0.9404
vn -0.3036 -0.0354 -0.9521
vn -0.3548 -0.1080 -0.9286
vn 0.6471 -0.7600 -0.0600
vn 0.5302 -0.3978 -0.7487
vn 0.6563 -0.7538 0.0327
vn 0.4628 -0.3661 -0.8073
vn 0.3554 -0.0896 -0.9304
vn 0.3014 0.2908 -0.9080
vn 0.3712 -0.1119 -0.9218
vn 0.2958 0.2680 -0.9169
vn 0.6002 -0.0228 0.7995
vn 0.5574 -0.8298 -0.0253
vn 0.2697 -0.6849 -0.6768
vn 0.5333 -0.8436 -0.0628
vn -0.5174 -0.4043 0.7542
vn -0.5174 -0.4043 -0.7542
vn 0.2141 0.0968 -0.9720
vn 0.1647 0.0925 -0.9820
vn -0.8187 -0.5146 -0.2547
vn -0.8359 -0.5429 -0.0808
vn 0.7223 0.3303 0.6075
vn 0.5206 -0.6420 0.5629
vn -0.4712 -0.4676 0.7479
vn -0.4704 -0.4714 0.7460
vn -0.4671 -0.4851 0.7392
vn -0.4747 -0.4520 0.7552
vn 0.1401 0.0948 -0.9856
vn 0.0765 0.1124 -0.9907
vn 0.3757 0.9267 0.0000
vn -0.1406 -0.0985 0.9851
vn -0.1420 -0.0892 0.9858
vn -0.1451 -0.0685 0.9870
vn -0.1372 -0.1207 0.9832
vn 0.9322 -0.3004 0.2018
vn 0.6527 -0.5712 0.4976
vn 0.6361 -0.7716 -0.0036
vn 0.6494 -0.7595 0.0375
vn -0.2687 -0.8047 -0.5293
vn 0.7977 0.6025 -0.0248
vn -0.1406 -0.0985 -0.9851
vn -0.1420 -0.0892 -0.9858
vn -0.1372 -0.1207 -0.9832
vn -0.1451 -0.0685 -0.9870
vn -0.5269 -0.2896 -0.7991
vn -0.4838 -0.2541 -0.8374
vn 0.1060 0.1330 -0.9854
vn 0.1062 0.1112 -0.9881
vn -0.4712 -0.4676 -0.7479
vn -0.4704 -0.4714 -0.7460
vn -0.4747 -0.4520 -0.7552
vn -0.4671 -0.4851 -0.7392
vn -0.7425 0.0912 -0.6636
vn -0.7526 0.0754 -0.6541
vn -0.6976 0.1553 -0.6994
vn -0.7886 0.0141 -0.6147
vn 0.6372 -0.7105 -0.2984
vn -0.2947 -0.9487 -0.1147
vn 0.6639 -0.1323 -0.7360
vn 0.6644 0.2145 -0.7159
vn 0.6692 -0.1515 -0.7274
vn 0.6578 0.2252 -0.7187
vn 0.0495 0.8672 -0.4954
vn 0.0631 0.8715 -0.4862
vn 0.4201 0.7990 -0.4302
vn 0.4037 0.8185 -0.4086
vn 0.1075 0.9913 -0.0754
vn 0.1192 0.9876 -0.1023
vn -0.1148 0.9912 -0.0651
vn -0.1200 0.9792 -0.1632
vn 0.6580 0.6901 -0.3013
vn 0.4574 0.4235 -0.7819
vn 0.4786 0.4166 -0.7729
vn -0.6403 -0.7005 0.3152
vn -0.6533 -0.6784 0.3359
vn -0.1359 -0.1504 -0.9792
vn -0.2687 -0.8047 0.5293
vn -0.5472 -0.2780 0.7895
vn -0.9217 0.1624 -0.3522
vn -0.5472 -0.2780 -0.7895
vn -0.2958 0.9552 -0.0092
usemtl m0
s 1
f 7/1/1 93/2/2 16/3/3
f 93/2/2 7/1/1 73/4/4
f 76/5/5 73/4/4 7/1/1
f 73/4/4 76/5/5 109/6/6
f 182/7/7 109/6/6 76/5/5
f 109/6/6 182/7/7 185/8/8
f 58/9/9 185/8/8 182/7/7
f 185/8/8 58/9/9 106/10/10
f 102/11/11 106/10/10 58/9/9
f 106/10/10 102/11/11 112/12/12
f 90/13/13 112/12/12 102/11/11
f 112/12/12 90/13/13 122/14/14
f 86/15/15 122/14/14 90/13/13
f 122/14/14 86/15/15 79/16/16
f 19/17/17 79/16/16 86/15/15
f 79/16/16 19/17/17 38/18/18
f 23/19/19 38/18/18 19/17/17
f 38/18/18 23/19/19 41/20/20
f 26/21/21 41/20/20 23/19/19
f 41/20/20 26/21/21 44/22/22
f 171/23/23 44/22/22 26/21/21
f 44/22/22 171/23/23 167/24/24
f 34/25/25 167/24/24 171/23/23
f 167/24/24 34/25/25 48/26/26
f 96/27/27 48/26/26 34/25/25
f 48/26/26 96/27/27 99/28/28
f 66/29/29 99/28/28 96/27/27
f 99/28/28 66/29/29 55/30/30
f 62/31/31 55/30/30 66/29/29
f 55/30/30 62/31/31 163/32/32
f 200/33/33 163/32/32 62/31/31
f 163/32/32 200/33/33 82/34/34
f 157/35/35 82/34/34 200/33/33
f 82/34/34 157/35/35 79/16/16
f 141/36/36 79/16/16 157/35/35
f 79/16/16 141/36/36 122/14/14
f 125/37/37 122/14/14 141/36/36
f 122/14/14 125/37/37 112/12/12
f 128/38/38 112/12/12 125/37/37
f 112/12/12 128/38/38 116/39/39
f 191/40/40 116/39/39 128/38/38
f 116/39/39 191/40/40 188/41/41
f 132/42/42 188/41/41 191/40/40
f 188/41/41 132/42/42 119/43/43
f 138/44/44 119/43/43 132/42/42
f 119/43/43 138/44/44 135/45/45
f 69/46/46 135/45/45 138/44/44
f 135/45/45 69/46/46 73/4/4
f 93/2/2 73/4/4 69/46/46
f 549/47/47 446/48/48 422/49/49
f 446/48/48 549/47/47 551/50/50
f 449/51/51 551/50/50 549/47/47
f 551/50/50 449/51/51 544/52/52
f 471/53/53 544/52/52 449/51/51
f 544/52/52 471/53/53 473/54/54
f 469/55/55 473/54/54 471/53/53
f 473/54/54 469/55/55 487/56/56
f 491/57/57 487/56/56 469/55/55
f 487/56/56 491/57/57 489/58/58
f 507/59/59 489/58/58 491/57/57
f 489/58/58 507/59/59 505/60/60
f 259/61/61 505/60/60 507/59/59
f 505/60/60 259/61/61 256/62/62
f 217/63/63 256/62/62 259/61/61
f 256/62/62 217/63/63 214/64/64
f 201/65/65 214/64/64 217/63/63
f 214/64/64 201/65/65 240/66/66
f 195/67/67 240/66/66 201/65/65
f 240/66/66 195/67/67 237/68/68
f 198/69/69 237/68/68 195/67/67
f 237/68/68 198/69/69 136/70/70
f 263/71/71 136/70/70 198/69/69
f 136/70/70 263/71/71 751/72/72
f 130/73/73 751/72/72 263/71/71
f 651/74/74 683/75/75 646/76/76
f 683/75/75 651/74/74 686/77/77
f 656/78/78 686/77/77 651/74/74
f 686/77/77 656/78/78 689/79/79
f 659/80/80 689/79/79 656/78/78
f 689/79/79 659/80/80 692/81/81
f 661/82/82 692/81/81 659/80/80
f 692/81/81 661/82/82 695/83/83
f 664/84/84 695/83/83 661/82/82
f 695/83/83 664/84/84 697/85/85
f 667/86/86 697/85/85 664/84/84
f 697/85/85 667/86/86 699/87/87
f 670/88/88 699/87/87 667/86/86
f 699/87/87 670/88/88 702/89/89
f 672/90/90 702/89/89 670/88/88
f 702/89/89 672/90/90 705/91/91
f 674/92/92 705/91/91 672/90/90
f 705/91/91 674/92/92 708/93/93
f 676/94/94 708/93/93 674/92/92
f 708/93/93 676/94/94 713/95/95
f 678/96/96 713/95/95 676/94/94
f 713/95/95 678/96/96 681/97/97
f 646/76/76 681/97/97 678/96/96
f 681/97/97 646/76/76 683/75/75
f 614/98/98 651/74/74 611/99/99
f 651/74/74 614/98/98 656/78/78
f 617/100/100 656/78/78 614/98/98
f 656/78/78 617/100/100 659/80/80
f 619/101/101 659/80/80 617/100/100
f 659/80/80 619/101/101 661/82/82
f 622/102/102 661/82/82 619/101/101
f 661/82/82 622/102/102 664/84/84
f 625/103/103 664/84/84 622/102/102
f 664/84/84 625/103/103 667/86/86
f 627/104/104 667/86/86 625/103/103
f 667/86/86 627/104/104 670/88/88
f 630/105/105 670/88/88 627/104/104
f 670/88/88 630/105/105 672/90/90
f 633/106/106 672/90/90 630/105/105
f 672/90/90 633/106/106 674/92/92
f 636/107/107 674/92/92 633/106/106
f 674/92/92 636/107/107 676/94/94
f 638/108/108 676/94/94 636/107/107
f 676/94/94 638/108/108 678/96/96
f 641/109/109 678/96/96 638/108/108
f 678/96/96 641/109/109 646/76/76
f 611/99/99 646/76/76 641/109/109
f 646/76/76 611/99/99 651/74/74
f 683/75/75 721/110/110 681/97/97
f 721/110/110 683/75/75 726/111/111
f 686/77/77 726/111/111 683/75/75
f 726/111/111 686/77/77 729/112/112
f 689/79/79 729/112/112 686/77/77
f 729/112/112 689/79/79 731/113/113
f 692/81/81 731/113/113 689/79/79
f 731/113/113 692/81/81 734/114/114
f 695/83/83 734/114/114 692/81/81
f 734/114/114 695/83/83 737/115/115
f 697/85/85 737/115/115 695/83/83
f 737/115/115 697/85/85 739/116/116
f 699/87/87 739/116/116 697/85/85
f 739/116/116 699/87/87 741/117/117
f 702/89/89 741/117/117 699/87/87
f 741/117/117 702/89/89 743/118/118
f 705/91/91 743/118/118 702/89/89
f 743/118/118 705/91/91 745/119/119
f 708/93/93 745/119/119 705/91/91
f 745/119/119 708/93/93 747/120/120
f 713/95/95 747/120/120 708/93/93
f 747/120/120 713/95/95 716/121/121
f 681/97/97 716/121/121 713/95/95
f 716/121/121 681/97/97 721/110/110
f 739/116/116 766/122/122 737/115/115
f 766/122/122 739/116/116 768/123/123
f 741/117/117 768/123/123 739/116/116
f 768/123/123 741/117/117 771/124/124
f 743/118/118 771/124/124 741/117/117
f 771/124/124 743/118/118 774/125/125
f 745/119/119 774/125/125 743/118/118
f 774/125/125 745/119/119 777/126/126
f 747/120/120 777/126/126 745/119/119
f 777/126/126 747/120/120 749/127/127
f 716/121/121 749/127/127 747/120/120
f 749/127/127 716/121/121 752/128/128
f 721/110/110 752/128/128 716/121/121
f 752/128/128 721/110/110 755/129/129
f 726/111/111 755/129/129 721/110/110
f 755/129/129 726/111/111 757/130/130
f 729/112/112 757/130/130 726/111/111
f 757/130/130 729/112/112 759/131/131
f 731/113/113 759/131/131 729/112/112
f 759/131/131 731/113/113 761/132/132
f 734/114/114 761/132/132 731/113/113
f 761/132/132 734/114/114 763/133/133
f 737/115/115 763/133/133 734/114/114
f 763/133/133 737/115/115 766/122/122
f 752/128/128 3/134/134 749/127/127
f 3/134/134 752/128/128 6/135/135
f 755/129/129 6/135/135 752/128/128
f 6/135/135 755/129/129 9/136/136
f 757/130/130 9/136/136 755/129/129
f 9/136/136 757/130/130 12/137/137
f 759/131/131 12/137/137 757/130/130
f 12/137/137 759/131/131 15/138/138
f 761/132/132 15/138/138 759/131/131
f 15/138/138 761/132/132 18/139/139
f 763/133/133 18/139/139 761/132/132
f 18/139/139 763/133/133 22/140/140
f 766/122/122 22/140/140 763/133/133
f 22/140/140 766/122/122 25/141/141
f 768/123/123 25/141/141 766/122/122
f 25/141/141 768/123/123 33/142/142
f 771/124/124 33/142/142 768/123/123
f 33/142/142 771/124/124 37/143/143
f 774/125/125 37/143/143 771/124/124
f 37/143/143 774/125/125 40/144/144
f 777/126/126 40/144/144 774/125/125
f 40/144/144 777/126/126 779/145/145
f 749/127/127 779/145/145 777/126/126
f 779/145/145 749/127/127 3/134/134
f 460/146/146 504/147/147 458/148/148
f 504/147/147 460/146/146 506/149/149
f 502/150/150 506/149/149 460/146/146
f 506/149/149 502/150/150 528/151/151
f 498/152/152 528/151/151 502/150/150
f 528/151/151 498/152/152 525/153/153
f 494/154/154 525/153/153 498/152/152
f 525/153/153 494/154/154 523/155/155
f 490/156/156 523/155/155 494/154/154
f 523/155/155 490/156/156 521/157/157
f 486/158/158 521/157/157 490/156/156
f 521/157/157 486/158/158 519/159/159
f 481/160/160 519/159/159 486/158/158
f 519/159/159 481/160/160 517/161/161
f 476/162/162 517/161/161 481/160/160
f 517/161/161 476/162/162 515/163/163
f 472/164/164 515/163/163 476/162/162
f 515/163/163 472/164/164 513/165/165
f 468/166/166 513/165/165 472/164/164
f 513/165/165 468/166/166 510/167/167
f 464/168/168 510/167/167 468/166/166
f 510/167/167 464/168/168 508/169/169
f 458/148/148 508/169/169 464/168/168
f 508/169/169 458/148/148 504/147/147
f 484/170/170 490/156/156 488/171/171
f 490/156/156 484/170/170 486/158/158
f 478/172/172 486/158/158 484/170/170
f 486/158/158 478/172/172 481/160/160
f 474/173/173 481/160/160 478/172/172
f 481/160/160 474/173/173 476/162/162
f 470/174/174 476/162/162 474/173/173
f 476/162/162 470/174/174 472/164/164
f 466/175/175 472/164/164 470/174/174
f 472/164/164 466/175/175 468/166/166
f 462/176/176 468/166/166 466/175/175
f 468/166/166 462/176/176 464/168/168
f 456/177/177 464/168/168 462/176/176
f 464/168/168 456/177/177 458/148/148
f 454/178/178 458/148/148 456/177/177
f 458/148/148 454/178/178 460/146/146
f 500/179/179 460/146/146 454/178/178
f 460/146/146 500/179/179 502/150/150
f 496/180/180 502/150/150 500/179/179
f 502/150/150 496/180/180 498/152/152
f 492/181/181 498/152/152 496/180/180
f 498/152/152 492/181/181 494/154/154
f 488/171/171 494/154/154 492/181/181
f 494/154/154 488/171/171 490/156/156
f 521/157/157 550/182/182 523/155/155
f 550/182/182 521/157/157 547/183/183
f 519/159/159 547/183/183 521/157/157
f 547/183/183 519/159/159 545/184/184
f 517/161/161 545/184/184 519/159/159
f 545/184/184 517/161/161 543/185/185
f 515/163/163 543/185/185 517/161/161
f 543/185/185 515/163/163 541/186/186
f 513/165/165 541/186/186 515/163/163
f 541/186/186 513/165/165 539/187/187
f 510/167/167 539/187/187 513/165/165
f 539/187/187 510/167/167 536/188/188
f 508/169/169 536/188/188 510/167/167
f 536/188/188 508/169/169 534/189/189
f 504/147/147 534/189/189 508/169/169
f 534/189/189 504/147/147 530/190/190
f 506/149/149 530/190/190 504/147/147
f 530/190/190 506/149/149 532/191/191
f 528/151/151 532/191/191 506/149/149
f 532/191/191 528/151/151 554/192/192
f 525/153/153 554/192/192 528/151/151
f 554/192/192 525/153/153 552/193/193
f 523/155/155 552/193/193 525/153/153
f 552/193/193 523/155/155 550/182/182
f 532/191/191 557/194/194 530/190/190
f 557/194/194 532/191/191 559/195/195
f 554/192/192 559/195/195 532/191/191
f 559/195/195 554/192/192 581/196/196
f 552/193/193 581/196/196 554/192/192
f 581/196/196 552/193/193 579/197/197
f 550/182/182 579/197/197 552/193/193
f 579/197/197 550/182/182 577/198/198
f 547/183/183 577/198/198 550/182/182
f 577/198/198 547/183/183 575/199/199
f 545/184/184 575/199/199 547/183/183
f 575/199/199 545/184/184 573/200/200
f 543/185/185 573/200/200 545/184/184
f 573/200/200 543/185/185 570/201/201
f 541/186/186 570/201/201 543/185/185
f 570/201/201 541/186/186 568/202/202
f 539/187/187 568/202/202 541/186/186
f 568/202/202 539/187/187 565/203/203
f 536/188/188 565/203/203 539/187/187
f 565/203/203 536/188/188 563/204/204
f 534/189/189 563/204/204 536/188/188
f 563/204/204 534/189/189 561/205/205
f 530/190/190 561/205/205 534/189/189
f 561/205/205 530/190/190 557/194/194
f 559/195/195 583/206/206 557/194/194
f 583/206/206 559/195/195 585/207/207
f 581/196/196 585/207/207 559/195/195
f 585/207/207 581/196/196 607/208/208
f 579/197/197 607/208/208 581/196/196
f 607/208/208 579/197/197 604/209/209
f 577/198/198 604/209/209 579/197/197
f 604/209/209 577/198/198 601/210/210
f 575/199/199 601/210/210 577/198/198
f 601/210/210 575/199/199 599/211/211
f 573/200/200 599/211/211 575/199/199
f 599/211/211 573/200/200 597/212/212
f 570/201/201 597/212/212 573/200/200
f 597/212/212 570/201/201 595/213/213
f 568/202/202 595/213/213 570/201/201
f 595/213/213 568/202/202 593/214/214
f 565/203/203 593/214/214 568/202/202
f 593/214/214 565/203/203 591/215/215
f 563/204/204 591/215/215 565/203/203
f 591/215/215 563/204/204 589/216/216
f 561/205/205 589/216/216 563/204/204
f 589/216/216 561/205/205 587/217/217
f 557/194/194 587/217/217 561/205/205
f 587/217/217 557/194/194 583/206/206
f 455/218/218 419/219/219 413/220/220
f 419/219/219 455/218/218 548/221/221
f 546/222/222 548/221/221 455/218/218
f 548/221/221 546/222/222 450/223/223
f 453/224/224 450/223/223 546/222/222
f 450/223/223 453/224/224 482/225/225
f 475/226/226 482/225/225 453/224/224
f 482/225/225 475/226/226 479/227/227
f 477/228/228 479/227/227 475/226/226
f 479/227/227 477/228/228 538/229/229
f 535/230/230 538/229/229 477/228/228
f 538/229/229 535/230/230 514/231/231
f 467/232/232 514/231/231 535/230/230
f 514/231/231 467/232/232 248/233/233
f 242/234/234 248/233/233 467/232/232
f 248/233/233 242/234/234 246/235/235
f 148/236/236 246/235/235 242/234/234
f 246/235/235 148/236/236 161/237/237
f 151/238/238 161/237/237 148/236/236
f 161/237/237 151/238/238 164/239/239
f 168/240/240 164/239/239 151/238/238
f 301/241/241 412/242/242 417/243/243
f 412/242/242 301/241/241 526/244/244
f 529/245/245 526/244/244 301/241/241
f 526/244/244 529/245/245 438/246/246
f 428/247/247 438/246/246 529/245/245
f 438/246/246 428/247/247 442/248/248
f 344/249/249 442/248/248 428/247/247
f 442/248/248 344/249/249 566/250/250
f 564/251/251 566/250/250 344/249/249
f 566/250/250 564/251/251 223/252/252
f 216/253/253 223/252/252 564/251/251
f 223/252/252 216/253/253 762/254/254
f 760/255/255 762/254/254 216/253/253
f 762/254/254 760/255/255 756/256/256
f 758/257/257 756/256/256 760/255/255
f 756/256/256 758/257/257 56/258/258
f 764/259/259 56/258/258 758/257/257
f 56/258/258 764/259/259 2/260/260
f 778/261/261 2/260/260 764/259/259
f 2/260/260 778/261/261 53/262/262
f 5/263/263 53/262/262 778/261/261
f 537/264/264 520/265/265 480/266/266
f 520/265/265 537/264/264 540/267/267
f 512/268/268 540/267/267 537/264/264
f 540/267/267 512/268/268 518/269/269
f 572/270/270 518/269/269 512/268/268
f 518/269/269 572/270/270 574/271/271
f 252/272/272 574/271/271 572/270/270
f 574/271/271 252/272/272 516/273/273
f 189/274/274 516/273/273 252/272/272
f 516/273/273 189/274/274 231/275/275
f 228/276/276 231/275/275 189/274/274
f 231/275/275 228/276/276 221/277/277
f 224/278/278 221/277/277 228/276/276
f 221/277/277 224/278/278 204/279/279
f 211/280/280 204/279/279 224/278/278
f 204/279/279 211/280/280 195/67/67
f 207/281/281 195/67/67 211/280/280
f 195/67/67 207/281/281 192/282/282
f 282/283/283 192/282/282 207/281/281
f 89/284/284 162/285/285 166/286/286
f 162/285/285 89/284/284 193/287/287
f 95/288/288 193/287/287 89/284/284
f 193/287/287 95/288/288 196/289/289
f 131/290/290 196/289/289 95/288/288
f 196/289/289 131/290/290 184/291/291
f 124/292/292 184/291/291 131/290/290
f 184/291/291 124/292/292 187/293/293
f 54/294/294 187/293/293 124/292/292
f 187/293/293 54/294/294 115/295/295
f 47/296/296 115/295/295 54/294/294
f 115/295/295 47/296/296 202/297/297
f 199/298/298 202/297/297 47/296/296
f 202/297/297 199/298/298 215/299/299
f 212/300/300 215/299/299 199/298/298
f 215/299/299 212/300/300 225/301/301
f 57/302/302 225/301/301 212/300/300
f 266/303/303 237/68/68 136/70/70
f 237/68/68 266/303/303 243/304/304
f 139/305/305 243/304/304 266/303/303
f 243/304/304 139/305/305 142/306/306
f 239/307/307 142/306/306 139/305/305
f 142/306/306 239/307/307 265/308/308
f 461/309/309 265/308/308 239/307/307
f 265/308/308 461/309/309 465/310/310
f 463/311/311 465/310/310 461/309/309
f 465/310/310 463/311/311 503/312/312
f 501/313/313 503/312/312 463/311/311
f 503/312/312 501/313/313 487/56/56
f 485/314/314 487/56/56 501/313/313
f 487/56/56 485/314/314 560/315/315
f 558/316/316 560/315/315 485/314/314
f 520/265/265 471/53/53 480/266/266
f 471/53/53 520/265/265 469/55/55
f 540/267/267 469/55/55 520/265/265
f 469/55/55 540/267/267 542/317/317
f 518/269/269 542/317/317 540/267/267
f 542/317/317 518/269/269 509/318/318
f 574/271/271 509/318/318 518/269/269
f 509/318/318 574/271/271 576/319/319
f 516/273/273 576/319/319 574/271/271
f 576/319/319 516/273/273 275/320/320
f 231/275/275 275/320/320 516/273/273
f 275/320/320 231/275/275 262/321/321
f 221/277/277 262/321/321 231/275/275
f 262/321/321 221/277/277 259/61/61
f 217/63/63 259/61/61 221/277/277
f 70/322/322 67/323/323 74/324/324
f 67/323/323 70/322/322 279/325/325
f 272/326/326 279/325/325 70/322/322
f 279/325/325 272/326/326 531/327/327
f 533/328/328 531/327/327 272/326/326
f 531/327/327 533/328/328 524/329/329
f 455/218/218 524/329/329 533/328/328
f 524/329/329 455/218/218 588/330/330
f 413/220/220 588/330/330 455/218/218
f 588/330/330 413/220/220 586/331/331
f 527/332/332 586/331/331 413/220/220
f 586/331/331 527/332/332 439/333/333
f 212/300/300 431/334/334 57/302/302
f 431/334/334 212/300/300 411/335/335
f 199/298/298 411/335/335 212/300/300
f 411/335/335 199/298/298 397/336/336
f 47/296/296 397/336/336 199/298/298
f 397/336/336 47/296/296 283/337/337
f 54/294/294 283/337/337 47/296/296
f 283/337/337 54/294/294 382/338/338
f 296/339/339 382/338/338 54/294/294
f 382/338/338 296/339/339 377/340/340
f 304/341/341 377/340/340 296/339/339
f 377/340/340 304/341/341 393/342/342
f 270/343/343 343/344/344 337/345/345
f 343/344/344 270/343/343 347/346/346
f 274/347/347 347/346/346 270/343/343
f 347/346/346 274/347/347 359/348/348
f 364/349/349 359/348/348 274/347/347
f 359/348/348 364/349/349 369/350/350
f 373/351/351 369/350/350 364/349/349
f 369/350/350 373/351/351 390/352/352
f 393/342/342 390/352/352 373/351/351
f 390/352/352 393/342/342 264/353/353
f 304/341/341 264/353/353 393/342/342
f 176/354/354 189/274/274 252/272/272
f 189/274/274 176/354/354 186/355/355
f 180/356/356 186/355/355 176/354/354
f 186/355/355 180/356/356 257/357/357
f 253/358/358 257/357/357 180/356/356
f 257/357/357 253/358/358 249/359/359
f 165/360/360 249/359/359 253/358/358
f 249/359/359 165/360/360 260/361/361
f 169/362/362 260/361/361 165/360/360
f 260/361/361 169/362/362 154/363/363
f 10/364/364 23/19/19 19/17/17
f 23/19/19 10/364/364 26/21/21
f 13/365/365 26/21/21 10/364/364
f 26/21/21 13/365/365 171/23/23
f 174/366/366 171/23/23 13/365/365
f 171/23/23 174/366/366 34/25/25
f 16/3/3 34/25/25 174/366/366
f 34/25/25 16/3/3 96/27/27
f 93/2/2 96/27/27 16/3/3
f 96/27/27 93/2/2 69/46/46
f 284/367/367 403/368/368 288/369/369
f 403/368/368 284/367/367 594/370/370
f 278/371/371 594/370/370 284/367/367
f 594/370/370 278/371/371 394/372/372
f 297/373/373 394/372/372 278/371/371
f 394/372/372 297/373/373 383/374/374
f 387/375/375 383/374/374 297/373/373
f 383/374/374 387/375/375 391/376/376
f 305/377/377 391/376/376 387/375/375
f 391/376/376 305/377/377 420/378/378
f 740/379/379 8/380/380 30/381/381
f 8/380/380 740/379/379 5/263/263
f 742/382/382 5/263/263 740/379/379
f 5/263/263 742/382/382 53/262/262
f 39/383/383 53/262/262 742/382/382
f 53/262/262 39/383/383 56/258/258
f 42/384/384 56/258/258 39/383/383
f 56/258/258 42/384/384 756/256/256
f 59/385/385 756/256/256 42/384/384
f 756/256/256 59/385/385 63/386/386
f 305/377/377 301/241/241 421/387/387
f 301/241/241 305/377/377 406/388/388
f 387/375/375 406/388/388 305/377/377
f 406/388/388 387/375/375 590/389/389
f 374/390/390 590/389/389 387/375/375
f 590/389/389 374/390/390 370/391/391
f 348/392/392 370/391/391 374/390/390
f 370/391/391 348/392/392 432/393/393
f 338/394/394 432/393/393 348/392/392
f 218/395/395 202/297/297 215/299/299
f 202/297/297 218/395/395 111/396/396
f 222/397/397 111/396/396 218/395/395
f 111/396/396 222/397/397 205/398/398
f 173/399/399 205/398/398 222/397/397
f 205/398/398 173/399/399 181/400/400
f 177/401/401 181/400/400 173/399/399
f 181/400/400 177/401/401 193/287/287
f 162/285/285 193/287/287 177/401/401
f 288/369/369 378/402/402 292/403/403
f 378/402/402 288/369/369 398/404/404
f 403/368/368 398/404/404 288/369/369
f 398/404/404 403/368/368 316/405/405
f 323/406/406 316/405/405 403/368/368
f 316/405/405 323/406/406 327/407/407
f 334/408/408 327/407/407 323/406/406
f 327/407/407 334/408/408 555/409/409
f 445/410/410 555/409/409 334/408/408
f 61/411/411 65/412/412 121/413/413
f 65/412/412 61/411/411 68/414/414
f 146/415/415 68/414/414 61/411/411
f 68/414/414 146/415/415 78/416/416
f 140/417/417 78/416/416 146/415/415
f 78/416/416 140/417/417 134/418/418
f 143/419/419 134/418/418 140/417/417
f 134/418/418 143/419/419 137/420/420
f 190/421/421 137/420/420 143/419/419
f 160/422/422 62/31/31 66/29/29
f 62/31/31 160/422/422 197/423/423
f 194/424/424 197/423/423 160/422/422
f 197/423/423 194/424/424 147/425/425
f 128/38/38 147/425/425 194/424/424
f 147/425/425 128/38/38 144/426/426
f 125/37/37 144/426/426 128/38/38
f 144/426/426 125/37/37 141/36/36
f 337/345/345 386/427/427 270/343/343
f 386/427/427 337/345/345 322/428/428
f 333/429/429 322/428/428 337/345/345
f 322/428/428 333/429/429 326/430/430
f 267/431/431 326/430/430 333/429/429
f 326/430/430 267/431/431 232/432/432
f 255/433/433 232/432/432 267/431/431
f 232/432/432 255/433/433 261/434/434
f 233/435/435 309/436/436 230/437/437
f 309/436/436 233/435/435 522/438/438
f 744/439/439 522/438/438 233/435/435
f 522/438/438 744/439/439 746/440/440
f 273/441/441 746/440/440 744/439/439
f 746/440/440 273/441/441 77/442/442
f 36/443/443 77/442/442 273/441/441
f 77/442/442 36/443/443 80/444/444
f 8/380/380 103/445/445 28/446/446
f 103/445/445 8/380/380 107/447/447
f 11/448/448 107/447/447 8/380/380
f 107/447/447 11/448/448 110/449/449
f 17/450/450 110/449/449 11/448/448
f 110/449/449 17/450/450 97/451/451
f 94/452/452 97/451/451 17/450/450
f 97/451/451 94/452/452 100/453/453
f 322/428/428 311/454/454 386/427/427
f 311/454/454 322/428/428 308/455/455
f 315/456/456 308/455/455 322/428/428
f 308/455/455 315/456/456 247/457/457
f 326/430/430 247/457/457 315/456/456
f 247/457/457 326/430/430 238/458/458
f 232/432/432 238/458/458 326/430/430
f 238/458/458 232/432/432 235/459/459
f 74/324/324 168/240/240 151/238/238
f 168/240/240 74/324/324 155/460/460
f 67/323/323 155/460/460 74/324/324
f 155/460/460 67/323/323 113/461/461
f 80/444/444 113/461/461 67/323/323
f 113/461/461 80/444/444 29/462/462
f 36/443/443 29/462/462 80/444/444
f 273/441/441 50/463/463 36/443/443
f 50/463/463 273/441/441 46/464/464
f 123/465/465 46/464/464 273/441/441
f 46/464/464 123/465/465 60/466/466
f 126/467/467 60/466/466 123/465/465
f 60/466/466 126/467/467 64/468/468
f 133/469/469 64/468/468 126/467/467
f 514/231/231 511/470/470 538/229/229
f 511/470/470 514/231/231 569/471/471
f 248/233/233 569/471/471 514/231/231
f 569/471/471 248/233/233 245/472/472
f 172/473/473 245/472/472 248/233/233
f 245/472/472 172/473/473 175/474/474
f 179/475/475 175/474/474 172/473/473
f 55/30/30 48/26/26 99/28/28
f 48/26/26 55/30/30 167/24/24
f 163/32/32 167/24/24 55/30/30
f 167/24/24 163/32/32 44/22/22
f 52/476/476 44/22/22 163/32/32
f 44/22/22 52/476/476 41/20/20
f 38/18/18 41/20/20 52/476/476
f 297/373/373 374/390/390 387/375/375
f 374/390/390 297/373/373 366/477/477
f 497/478/478 366/477/477 297/373/373
f 366/477/477 497/478/478 361/479/479
f 206/480/480 361/479/479 497/478/478
f 361/479/479 206/480/480 209/481/481
f 776/482/482 209/481/481 206/480/480
f 107/447/447 129/483/483 103/445/445
f 129/483/483 107/447/447 750/484/484
f 748/485/485 750/484/484 107/447/447
f 750/484/484 748/485/485 753/486/486
f 24/487/487 753/486/486 748/485/485
f 753/486/486 24/487/487 20/488/488
f 91/489/489 20/488/488 24/487/487
f 194/424/424 191/40/40 128/38/38
f 191/40/40 194/424/424 132/42/42
f 150/490/490 132/42/42 194/424/424
f 132/42/42 150/490/490 138/44/44
f 153/491/491 138/44/44 150/490/490
f 138/44/44 153/491/491 66/29/29
f 160/422/422 66/29/29 153/491/491
f 279/325/325 80/444/444 67/323/323
f 80/444/444 279/325/325 746/440/440
f 531/327/327 746/440/440 279/325/325
f 746/440/440 531/327/327 522/438/438
f 524/329/329 522/438/438 531/327/327
f 522/438/438 524/329/329 309/436/436
f 580/492/492 309/436/436 582/493/493
f 309/436/436 580/492/492 230/437/437
f 578/494/494 230/437/437 580/492/492
f 230/437/437 578/494/494 133/469/469
f 227/495/495 133/469/469 578/494/494
f 133/469/469 227/495/495 64/468/468
f 586/331/331 524/329/329 588/330/330
f 524/329/329 586/331/331 309/436/436
f 584/496/496 309/436/436 586/331/331
f 309/436/436 584/496/496 582/493/493
f 443/497/497 582/493/493 584/496/496
f 582/493/493 443/497/497 567/498/498
f 495/499/499 465/310/310 503/312/312
f 465/310/310 495/499/499 265/308/308
f 268/500/500 265/308/308 495/499/499
f 265/308/308 268/500/500 234/501/501
f 214/64/64 234/501/501 268/500/500
f 234/501/501 214/64/64 240/66/66
f 196/289/289 181/400/400 193/287/287
f 181/400/400 196/289/289 208/502/502
f 108/503/503 208/502/502 196/289/289
f 208/502/502 108/503/503 111/396/396
f 115/295/295 111/396/396 108/503/503
f 111/396/396 115/295/295 202/297/297
f 393/342/342 277/504/504 377/340/340
f 277/504/504 393/342/342 405/505/505
f 373/351/351 405/505/505 393/342/342
f 405/505/505 373/351/351 402/506/506
f 364/349/349 402/506/506 373/351/351
f 402/506/506 364/349/349 427/507/507
f 397/336/336 416/508/508 411/335/335
f 416/508/508 397/336/336 280/509/509
f 283/337/337 280/509/509 397/336/336
f 280/509/509 283/337/337 277/504/504
f 382/338/338 277/504/504 283/337/337
f 277/504/504 382/338/338 377/340/340
f 146/415/415 143/419/419 140/417/417
f 143/419/419 146/415/415 149/510/510
f 98/511/511 149/510/510 146/415/415
f 149/510/510 98/511/511 162/285/285
f 85/512/512 162/285/285 98/511/511
f 162/285/285 85/512/512 166/286/286
f 186/355/355 228/276/276 189/274/274
f 228/276/276 186/355/355 224/278/278
f 257/357/357 224/278/278 186/355/355
f 224/278/278 257/357/357 211/280/280
f 249/359/359 211/280/280 257/357/357
f 211/280/280 249/359/359 260/361/361
f 352/513/513 349/514/514 356/515/515
f 349/514/514 352/513/513 220/516/516
f 213/517/517 220/516/516 352/513/513
f 220/516/516 213/517/517 767/518/518
f 210/519/519 767/518/518 213/517/517
f 767/518/518 210/519/519 775/520/520
f 158/521/521 154/363/363 114/522/522
f 154/363/363 158/521/521 282/283/283
f 276/523/523 282/283/283 158/521/521
f 282/283/283 276/523/523 192/282/282
f 198/69/69 192/282/282 276/523/523
f 192/282/282 198/69/69 195/67/67
f 760/255/255 764/259/259 758/257/257
f 764/259/259 760/255/255 219/524/524
f 216/253/253 219/524/524 760/255/255
f 219/524/524 216/253/253 562/525/525
f 564/251/251 562/525/525 216/253/253
f 562/525/525 564/251/251 344/249/249
f 562/525/525 348/392/392 219/524/524
f 348/392/392 562/525/525 338/394/394
f 344/249/249 338/394/394 562/525/525
f 338/394/394 344/249/249 432/393/393
f 428/247/247 432/393/393 344/249/249
f 432/393/393 428/247/247 529/245/245
f 104/526/526 114/522/522 32/527/527
f 114/522/522 104/526/526 158/521/521
f 130/73/73 158/521/521 104/526/526
f 158/521/521 130/73/73 276/523/523
f 263/71/71 276/523/523 130/73/73
f 276/523/523 263/71/71 198/69/69
f 90/13/13 19/17/17 86/15/15
f 19/17/17 90/13/13 10/364/364
f 1/528/528 10/364/364 90/13/13
f 10/364/364 1/528/528 4/529/529
f 1/528/528 58/9/9 4/529/529
f 4/529/529 58/9/9 182/7/7
f 551/50/50 556/530/530 446/48/48
f 556/530/530 551/50/50 558/316/316
f 544/52/52 558/316/316 551/50/50
f 558/316/316 544/52/52 560/315/315
f 473/54/54 560/315/315 544/52/52
f 560/315/315 473/54/54 487/56/56
f 685/531/531 673/532/532 687/533/533
f 673/532/532 685/531/531 677/534/534
f 682/535/535 677/534/534 685/531/531
f 677/534/534 682/535/535 381/536/536
f 451/537/537 381/536/536 682/535/535
f 177/401/401 156/538/538 162/285/285
f 156/538/538 177/401/401 159/539/539
f 170/540/540 159/539/539 177/401/401
f 159/539/539 170/540/540 105/541/541
f 173/399/399 105/541/541 170/540/540
f 334/408/408 383/374/374 391/376/376
f 383/374/374 334/408/408 592/542/542
f 323/406/406 592/542/542 334/408/408
f 592/542/542 323/406/406 594/370/370
f 403/368/368 594/370/370 323/406/406
f 5/263/263 11/448/448 8/380/380
f 11/448/448 5/263/263 14/543/543
f 778/261/261 14/543/543 5/263/263
f 14/543/543 778/261/261 773/544/544
f 770/545/545 773/544/544 778/261/261
f 477/228/228 467/232/232 535/230/230
f 467/232/232 477/228/228 598/546/546
f 475/226/226 598/546/546 477/228/228
f 598/546/546 475/226/226 313/547/547
f 453/224/224 313/547/547 475/226/226
f 254/548/548 161/237/237 164/239/239
f 161/237/237 254/548/548 269/549/549
f 183/550/550 269/549/549 254/548/548
f 269/549/549 183/550/550 246/235/235
f 248/233/233 246/235/235 183/550/550
f 369/350/350 347/346/346 359/348/348
f 347/346/346 369/350/350 343/344/344
f 351/551/551 343/344/344 369/350/350
f 343/344/344 351/551/551 333/429/429
f 267/431/431 333/429/429 351/551/551
f 310/552/552 303/553/553 314/554/554
f 303/553/553 310/552/552 307/555/555
f 358/556/556 307/555/555 310/552/552
f 307/555/555 358/556/556 362/557/557
f 341/558/558 362/557/557 358/556/556
f 174/366/366 7/1/1 16/3/3
f 7/1/1 174/366/366 178/559/559
f 13/365/365 178/559/559 174/366/366
f 178/559/559 13/365/365 4/529/529
f 10/364/364 4/529/529 13/365/365
f 459/560/560 379/561/561 499/562/562
f 379/561/561 459/560/560 293/563/563
f 236/564/564 293/563/563 459/560/560
f 293/563/563 236/564/564 203/565/565
f 88/566/566 203/565/565 236/564/564
f 241/567/567 238/458/458 235/459/459
f 238/458/458 241/567/567 247/457/457
f 244/568/568 247/457/457 241/567/567
f 247/457/457 244/568/568 250/569/569
f 690/570/570 724/571/571 720/572/572
f 724/571/571 690/570/570 704/573/573
f 693/574/574 704/573/573 690/570/570
f 704/573/573 693/574/574 701/575/575
f 63/386/386 762/254/254 756/256/256
f 762/254/254 63/386/386 223/252/252
f 226/576/576 223/252/252 63/386/386
f 223/252/252 226/576/576 566/250/250
f 754/577/577 136/70/70 751/72/72
f 136/70/70 754/577/577 266/303/303
f 21/578/578 266/303/303 754/577/577
f 266/303/303 21/578/578 84/579/579
f 542/317/317 491/57/57 469/55/55
f 491/57/57 542/317/317 507/59/59
f 509/318/318 507/59/59 542/317/317
f 507/59/59 509/318/318 576/319/319
f 703/580/580 733/581/581 725/582/582
f 733/581/581 703/580/580 696/583/583
f 700/584/584 696/583/583 703/580/580
f 696/583/583 700/584/584 698/585/585
f 444/586/586 434/587/587 447/588/588
f 434/587/587 444/586/586 440/589/589
f 404/590/590 440/589/589 444/586/586
f 440/589/589 404/590/590 392/591/591
f 463/311/311 499/562/562 501/313/313
f 499/562/562 463/311/311 459/560/560
f 461/309/309 459/560/560 463/311/311
f 459/560/560 461/309/309 239/307/307
f 328/592/592 457/593/593 317/594/594
f 457/593/593 328/592/592 553/595/595
f 556/530/530 553/595/595 328/592/592
f 553/595/595 556/530/530 558/316/316
f 618/596/596 642/597/597 621/598/598
f 642/597/597 618/596/596 639/599/599
f 637/600/600 639/599/599 618/596/596
f 639/599/599 637/600/600 671/601/601
f 628/602/602 660/603/603 663/604/604
f 660/603/603 628/602/602 626/605/605
f 602/606/606 626/605/605 628/602/602
f 626/605/605 602/606/606 600/607/607
f 598/546/546 242/234/234 467/232/232
f 242/234/234 598/546/546 596/608/608
f 313/547/547 596/608/608 598/546/546
f 596/608/608 313/547/547 271/609/609
f 634/610/610 665/611/611 669/612/612
f 665/611/611 634/610/610 632/613/613
f 623/614/614 632/613/613 634/610/610
f 632/613/613 623/614/614 606/615/615
f 631/616/616 662/617/617 666/618/618
f 662/617/617 631/616/616 629/619/619
f 605/620/620 629/619/619 631/616/616
f 629/619/619 605/620/620 603/621/621
f 243/304/304 240/66/66 237/68/68
f 240/66/66 243/304/304 145/622/622
f 142/306/306 145/622/622 243/304/304
f 145/622/622 142/306/306 265/308/308
f 489/58/58 503/312/312 487/56/56
f 503/312/312 489/58/58 493/623/623
f 505/60/60 493/623/623 489/58/58
f 493/623/623 505/60/60 256/62/62
f 493/623/623 495/499/499 503/312/312
f 495/499/499 493/623/623 268/500/500
f 256/62/62 268/500/500 493/623/623
f 268/500/500 256/62/62 214/64/64
f 152/624/624 101/625/625 190/421/421
f 101/625/625 152/624/624 156/538/538
f 149/510/510 156/538/538 152/624/624
f 156/538/538 149/510/510 162/285/285
f 157/35/35 144/426/426 141/36/36
f 144/426/426 157/35/35 147/425/425
f 197/423/423 147/425/425 157/35/35
f 767/518/518 765/626/626 220/516/516
f 765/626/626 767/518/518 769/627/627
f 772/628/628 769/627/627 767/518/518
f 183/550/550 172/473/473 248/233/233
f 172/473/473 183/550/550 179/475/475
f 254/548/548 179/475/475 183/550/550
f 262/321/321 576/319/319 275/320/320
f 576/319/319 262/321/321 507/59/59
f 259/61/61 507/59/59 262/321/321
f 660/603/603 655/629/629 663/604/604
f 655/629/629 660/603/603 658/630/630
f 321/631/631 658/630/630 660/603/603
f 52/476/476 79/16/16 38/18/18
f 79/16/16 52/476/476 82/34/34
f 163/32/32 82/34/34 52/476/476
f 201/65/65 204/279/279 195/67/67
f 204/279/279 201/65/65 221/277/277
f 217/63/63 221/277/277 201/65/65
f 580/492/492 227/495/495 578/494/494
f 227/495/495 580/492/492 567/498/498
f 582/493/493 567/498/498 580/492/492
f 109/6/6 135/45/45 73/4/4
f 135/45/45 109/6/6 119/43/43
f 188/41/41 119/43/43 109/6/6
f 609/632/632 597/212/212 595/213/213
f 597/212/212 609/632/632 599/211/211
f 601/210/210 599/211/211 609/632/632
f 596/608/608 148/236/236 242/234/234
f 148/236/236 596/608/608 71/633/633
f 271/609/609 71/633/633 596/608/608
f 609/632/632 591/215/215 589/216/216
f 591/215/215 609/632/632 593/214/214
f 595/213/213 593/214/214 609/632/632
f 390/352/352 351/551/551 369/350/350
f 351/551/551 390/352/352 258/634/634
f 264/353/353 258/634/634 390/352/352
f 533/328/328 546/222/222 455/218/218
f 546/222/222 533/328/328 312/635/635
f 272/326/326 312/635/635 533/328/328
f 78/416/416 75/636/636 72/637/637
f 75/636/636 78/416/416 81/638/638
f 134/418/418 81/638/638 78/416/416
f 609/632/632 583/206/206 585/207/207
f 583/206/206 609/632/632 587/217/217
f 589/216/216 587/217/217 609/632/632
f 43/639/639 25/141/141 33/142/142
f 25/141/141 43/639/639 22/140/140
f 18/139/139 22/140/140 43/639/639
f 108/503/503 187/293/293 115/295/295
f 187/293/293 108/503/503 184/291/291
f 196/289/289 184/291/291 108/503/503
f 14/543/543 17/450/450 11/448/448
f 17/450/450 14/543/543 94/452/452
f 117/640/640 94/452/452 14/543/543
f 24/487/487 100/453/453 91/489/489
f 100/453/453 24/487/487 97/451/451
f 748/485/485 97/451/451 24/487/487
f 738/641/641 740/379/379 31/642/642
f 740/379/379 738/641/641 742/382/382
f 39/383/383 742/382/382 738/641/641
f 120/643/643 776/482/482 206/480/480
f 776/482/482 120/643/643 773/544/544
f 14/543/543 773/544/544 120/643/643
f 610/644/644 319/645/645 324/646/646
f 319/645/645 610/644/644 657/647/647
f 653/648/648 657/647/647 610/644/644
f 691/649/649 688/650/650 694/651/651
f 688/650/650 691/649/649 684/652/652
f 736/653/653 684/652/652 691/649/649
f 671/601/601 644/654/654 640/655/655
f 644/654/654 671/601/601 668/656/656
f 635/657/657 668/656/656 671/601/601
f 637/600/600 635/657/657 671/601/601
f 635/657/657 637/600/600 624/658/658
f 608/659/659 624/658/658 637/600/600
f 682/535/535 409/660/660 451/537/537
f 409/660/660 682/535/535 680/661/661
f 711/662/662 680/661/661 682/535/535
f 452/663/663 389/664/664 380/665/665
f 389/664/664 452/663/663 425/666/666
f 410/667/667 425/666/666 452/663/663
f 457/593/593 499/562/562 317/594/594
f 499/562/562 457/593/593 501/313/313
f 485/314/314 501/313/313 457/593/593
f 399/668/668 499/562/562 379/561/561
f 499/562/562 399/668/668 317/594/594
f 84/579/579 139/305/305 266/303/303
f 139/305/305 84/579/579 88/566/566
f 289/669/669 660/603/603 626/605/605
f 660/603/603 289/669/669 372/670/670
f 285/671/671 626/605/605 600/607/607
f 626/605/605 285/671/671 289/669/669
f 49/672/672 39/383/383 738/641/641
f 39/383/383 49/672/672 45/673/673
f 339/674/674 350/675/675 346/676/676
f 350/675/675 339/674/674 353/677/677
f 336/678/678 340/679/679 345/680/680
f 340/679/679 336/678/678 329/681/681
f 126/467/467 744/439/439 133/469/469
f 744/439/439 126/467/467 123/465/465
f 325/682/682 330/683/683 335/684/684
f 330/683/683 325/682/682 318/685/685
f 230/437/437 744/439/439 233/435/435
f 744/439/439 230/437/437 133/469/469
f 706/686/686 679/687/687 709/688/688
f 679/687/687 706/686/686 675/689/689
f 365/690/690 352/513/513 356/515/515
f 352/513/513 365/690/690 360/691/691
f 210/519/519 352/513/513 360/691/691
f 352/513/513 210/519/519 213/517/517
f 645/692/692 665/611/611 649/693/693
f 665/611/611 645/692/692 669/612/612
f 439/333/333 584/496/496 586/331/331
f 584/496/496 439/333/333 443/497/497
f 571/694/694 569/471/471 245/472/472
f 569/471/471 571/694/694 511/470/470
f 251/695/695 245/472/472 175/474/474
f 245/472/472 251/695/695 571/694/694
f 650/696/696 662/617/617 654/697/697
f 662/617/617 650/696/696 666/618/618
f 239/307/307 236/564/564 459/560/560
f 236/564/564 239/307/307 139/305/305
f 616/698/698 643/699/699 647/700/700
f 643/699/699 616/698/698 620/701/701
f 71/633/633 151/238/238 148/236/236
f 151/238/238 71/633/633 74/324/324
f 435/702/702 388/703/703 426/704/704
f 388/703/703 435/702/702 396/705/705
f 302/706/706 299/707/707 295/708/708
f 299/707/707 302/706/706 306/709/709
f 150/490/490 160/422/422 153/491/491
f 160/422/422 150/490/490 194/424/424
f 483/710/710 471/53/53 449/51/51
f 471/53/53 483/710/710 480/266/266
f 197/423/423 200/33/33 62/31/31
f 200/33/33 197/423/423 157/35/35
f 441/711/711 395/712/712 436/713/713
f 395/712/712 441/711/711 392/591/591
f 118/714/714 215/299/299 225/301/301
f 215/299/299 118/714/714 218/395/395
f 69/46/46 66/29/29 96/27/27
f 66/29/29 69/46/46 138/44/44
f 116/39/39 106/10/10 112/12/12
f 106/10/10 116/39/39 188/41/41
f 185/8/8 188/41/41 109/6/6
f 188/41/41 185/8/8 106/10/10
f 7/1/1 182/7/7 76/5/5
f 182/7/7 7/1/1 178/559/559
f 287/715/715 411/335/335 416/508/508
f 411/335/335 287/715/715 431/334/334
f 1/528/528 90/13/13 58/9/9
f 58/9/9 90/13/13 102/11/11
f 607/208/208 609/632/632 585/207/207
f 609/632/632 607/208/208 604/209/209
f 35/716/716 738/641/641 27/717/717
f 738/641/641 35/716/716 49/672/672
f 83/718/718 91/489/489 87/719/719
f 91/489/489 83/718/718 20/488/488
f 110/449/449 748/485/485 107/447/447
f 748/485/485 110/449/449 97/451/451
f 553/595/595 485/314/314 457/593/593
f 485/314/314 553/595/595 558/316/316
f 12/137/137 43/639/639 9/136/136
f 43/639/639 12/137/137 15/138/138
f 6/135/135 43/639/639 3/134/134
f 43/639/639 6/135/135 9/136/136
f 779/145/145 43/639/639 40/144/144
f 43/639/639 779/145/145 3/134/134
f 37/143/143 43/639/639 33/142/142
f 43/639/639 37/143/143 40/144/144
f 445/410/410 391/376/376 418/720/720
f 391/376/376 445/410/410 334/408/408
f 406/388/388 529/245/245 301/241/241
f 529/245/245 406/388/388 590/389/389
f 590/389/389 432/393/393 529/245/245
f 432/393/393 590/389/389 370/391/391
f 357/721/721 374/390/390 366/477/477
f 374/390/390 357/721/721 348/392/392
f 405/505/505 280/509/509 277/504/504
f 280/509/509 405/505/505 402/506/506
f 429/722/722 408/723/723 415/724/724
f 408/723/723 429/722/722 423/725/725
f 396/705/705 384/726/726 388/703/703
f 384/726/726 396/705/705 401/727/727
f 51/728/728 54/294/294 124/292/292
f 54/294/294 51/728/728 296/339/339
f 448/729/729 424/730/730 430/731/731
f 424/730/730 448/729/729 433/732/732
f 42/384/384 45/673/673 59/385/385
f 45/673/673 42/384/384 39/383/383
f 61/411/411 98/511/511 146/415/415
f 98/511/511 61/411/411 85/512/512
f 682/535/535 735/733/733 711/662/662
f 735/733/733 682/535/535 685/531/531
f 92/734/734 61/411/411 121/413/413
f 61/411/411 92/734/734 85/512/512
f 68/414/414 72/637/637 65/412/412
f 72/637/637 68/414/414 78/416/416
f 719/735/735 736/653/653 691/649/649
f 736/653/653 719/735/735 712/736/736
f 300/737/737 364/349/349 274/347/347
f 364/349/349 300/737/737 427/507/507
f 355/738/738 351/551/551 258/634/634
f 351/551/551 355/738/738 255/433/433
f 728/739/739 718/740/740 722/741/741
f 718/740/740 728/739/739 715/742/742
f 698/585/585 732/743/743 696/583/583
f 732/743/743 698/585/585 730/744/744
f 730/744/744 723/745/745 732/743/743
f 723/745/745 730/744/744 727/746/746
f 714/747/747 710/748/748 717/749/749
f 710/748/748 714/747/747 707/750/750
f 613/751/751 648/752/752 652/753/753
f 648/752/752 613/751/751 615/754/754
f 291/755/755 232/432/432 261/434/434
f 232/432/432 291/755/755 235/459/459
f 592/542/542 394/372/372 383/374/374
f 394/372/372 592/542/542 594/370/370
f 282/283/283 260/361/361 154/363/363
f 260/361/361 282/283/283 207/281/281
f 281/756/756 297/373/373 278/371/371
f 297/373/373 281/756/756 497/478/478
f 350/675/675 310/552/552 314/554/554
f 310/552/552 350/675/675 353/677/677
f 294/757/757 290/758/758 286/759/759
f 290/758/758 294/757/757 298/760/760
f 306/709/709 367/761/761 299/707/707
f 367/761/761 306/709/709 363/762/762
f 298/760/760 371/763/763 290/758/758
f 371/763/763 298/760/760 368/764/764
f 332/765/765 371/763/763 368/764/764
f 371/763/763 332/765/765 320/766/766
f 145/622/622 234/501/501 240/66/66
f 234/501/501 145/622/622 265/308/308
f 367/761/761 342/767/767 331/768/768
f 342/767/767 367/761/761 363/762/762
f 152/624/624 143/419/419 149/510/510
f 143/419/419 152/624/624 190/421/421
f 101/625/625 159/539/539 105/541/541
f 159/539/539 101/625/625 156/538/538
f 381/536/536 673/532/532 677/534/534
f 673/532/532 381/536/536 375/769/769
f 376/770/770 389/664/664 385/771/771
f 389/664/664 376/770/770 380/665/665
f 427/507/507 280/509/509 402/506/506
f 280/509/509 427/507/507 416/508/508
f 414/772/772 679/687/687 675/689/689
f 679/687/687 414/772/772 407/773/773
f 400/774/774 392/591/591 404/590/590
f 392/591/591 400/774/774 395/712/712
f 208/502/502 205/398/398 181/400/400
f 205/398/398 208/502/502 111/396/396
f 127/775/775 173/399/399 222/397/397
f 173/399/399 127/775/775 105/541/541
f 744/439/439 123/465/465 273/441/441
f 14/543/543 120/643/643 117/640/640
f 546/222/222 312/635/635 453/224/224
f 246/235/235 161/237/237 269/549/549
f 182/7/7 178/559/559 4/529/529
f 127/775/775 222/397/397 229/776/776
f 260/361/361 207/281/281 211/280/280
f 653/648/648 610/644/644 612/777/777
f 637/600/600 618/596/596 608/659/659
f 778/261/261 764/259/259 770/545/545
f 229/776/776 222/397/397 118/714/714
f 300/737/737 437/778/778 427/507/507
f 437/778/778 287/715/715 427/507/507
f 746/440/440 77/442/442 80/444/444
f 247/457/457 250/569/569 308/455/455
f 222/397/397 218/395/395 118/714/714
f 427/507/507 287/715/715 416/508/508
f 601/210/210 609/632/632 604/209/209
f 322/428/428 326/430/430 315/456/456
f 321/631/631 660/603/603 372/670/670
f 358/556/556 354/779/779 341/558/558
f 173/399/399 170/540/540 177/401/401
f 337/345/345 343/344/344 333/429/429
f 310/552/552 353/677/677 358/556/556
f 236/564/564 139/305/305 88/566/566
f 56/258/258 2/260/260 53/262/262
f 15/138/138 18/139/139 43/639/639
f 255/433/433 267/431/431 351/551/551
f 767/518/518 775/520/520 772/628/628
