# Blender v2.79 (sub 0) OBJ File: ''
# www.blender.org
mtllib face 16.mtl
o n0b0_n0b0.014
v 0.466016 1.200391 0.000000
v 2.201563 1.919922 -1.549219
v 3.745703 2.605078 1.889844
v 3.156250 -0.679688 1.876953
v 4.045703 -0.587891 0.000000
v 3.191797 2.349219 -3.105469
v 3.679688 2.206641 1.564062
v 3.626953 -0.107422 1.538281
v 4.476953 -0.707031 0.000000
v 4.476953 -0.707031 0.000000
v 2.512110 2.113281 -3.328516
v 3.554688 1.998438 0.647656
v 3.142578 -0.570312 2.025000
v 5.185547 -0.264453 0.000000
v 2.749609 2.744141 -3.150391
v 3.551172 2.130859 0.000000
v 3.496094 -0.014844 1.689844
v 6.515234 0.837891 0.000000
v 6.098828 0.805469 0.000000
v 6.098828 0.805469 0.000000
v 3.933594 -0.816406 -0.077344
v 3.221484 -0.007031 1.472266
v 5.930469 0.466016 0.000000
v 5.930469 0.466016 0.000000
v 5.605859 0.815625 1.382031
v 5.605859 0.815625 1.382031
v 3.948828 -0.671875 0.043359
v 2.956641 -0.447266 2.083203
v 6.800000 0.957422 0.000000
v 4.603516 0.817578 2.204297
v 4.603516 0.817578 2.204297
v 3.781250 -1.318750 -0.002734
v 2.777344 -0.432031 1.946875
v 6.837891 1.178516 0.000000
v 6.837891 1.178516 0.000000
v 2.601953 0.747266 2.704297
v 3.095703 -0.743750 1.779688
v 2.782422 -1.543359 1.927734
v 5.528516 0.628516 0.000000
v 5.580860 0.798828 0.000000
v 5.580860 0.798828 0.000000
v 4.196485 -0.554297 0.571484
v 3.101953 -2.007812 1.652344
v 4.470313 0.423438 0.000000
v 5.144531 0.807813 1.066016
v 5.144531 0.807813 1.066016
v 4.457422 -0.863281 0.555469
v 3.064063 -0.681250 1.757812
v 0.161719 2.055859 0.000000
v 4.257031 0.807422 1.814453
v 4.257031 0.807422 1.814453
v 3.162500 -0.562891 1.408984
v 3.408203 -1.908594 1.446875
v 0.266406 2.842188 0.000000
v 2.485938 0.732422 2.248438
v 3.840625 -1.789453 0.591797
v 2.794922 -1.551953 2.106641
v 3.896875 3.657031 0.000000
v 3.127734 0.759375 2.150391
v 3.127734 0.759375 2.150391
v 3.750000 -1.835156 0.929297
v 1.872266 -2.528906 2.118750
v 6.097266 2.720703 0.000000
v 3.324219 0.772656 2.568359
v 3.324219 0.772656 2.568359
v 4.419141 -0.794141 1.132812
v 2.060156 -2.851172 1.738672
v 5.104688 3.716016 0.000000
v 6.166406 1.675000 0.086719
v 6.166406 1.675000 0.086719
v 4.159375 -0.508203 0.937500
v 4.170312 -2.310547 1.226953
v 6.336328 2.685156 0.000000
v 6.336328 2.685156 0.000000
v 5.531250 1.649219 1.516797
v 5.531250 1.649219 1.516797
v 4.384766 -0.691797 0.568359
v 3.936719 -2.744141 1.039062
v 3.109766 4.880859 0.000000
v 4.634766 1.617578 2.224609
v 4.634766 1.617578 2.224609
v 4.354688 -0.613281 1.108984
v 4.417188 -2.139844 0.683594
v 4.442578 4.739063 0.000000
v 3.308203 1.491406 2.588672
v 3.308203 1.491406 2.588672
v 3.117969 -0.582812 1.646094
v 3.492578 -2.510547 0.731641
v 5.890625 3.807422 0.000000
v 2.575391 1.412109 2.724219
v 3.958594 -0.717578 -0.044531
v 3.507422 -0.119922 1.294141
v 0.852344 4.071485 0.000000
v 2.445703 1.514844 2.268750
v 2.445703 1.514844 2.268750
v 3.375391 -1.725000 1.407031
v 3.974219 -1.554297 0.562891
v 1.818359 4.739063 0.000000
v 3.099219 1.585547 2.170313
v 3.099219 1.585547 2.170313
v 3.099219 1.585547 2.170313
v 3.099219 1.585547 2.170313
v 4.141797 -0.731250 1.612891
v 2.583984 -2.734766 1.398828
v 2.171094 3.244141 0.000000
v 4.277734 1.695703 1.834766
v 4.277734 1.695703 1.834766
v 4.277734 1.695703 1.834766
v 4.277734 1.695703 1.834766
v 4.139453 -0.555859 1.496875
v 3.761328 -1.690625 1.071094
v 6.291406 3.048828 0.000000
v 5.177344 1.738281 1.212891
v 5.177344 1.738281 1.212891
v 5.177344 1.738281 1.212891
v 3.998047 -0.491016 1.225781
v 2.492969 -0.830078 2.167969
v 2.478516 0.287500 1.897266
v 5.635156 1.787500 0.066406
v 5.635156 1.787500 0.066406
v 5.635156 1.787500 0.066406
v 4.352344 -1.433594 0.544531
v 2.241797 -1.384766 2.290625
v 3.221484 -0.007031 1.472266
v 6.056250 1.831641 0.066406
v 6.056250 1.831641 0.066406
v 4.289453 -1.494531 1.103516
v 2.628516 -0.859375 2.297656
v 1.505859 0.487109 2.112109
v 5.489844 1.798047 1.419531
v 5.489844 1.798047 1.419531
v 4.036719 -1.468750 1.556250
v 2.353125 -1.460938 2.417969
v 1.006641 0.696094 1.982813
v 4.572266 1.726172 2.143750
v 4.572266 1.726172 2.143750
v 3.865625 -1.617969 0.256250
v 2.878906 -1.008594 2.204688
v 0.655859 1.053125 0.931250
v 0.655859 1.053125 0.931250
v 3.282422 1.603906 2.500781
v 3.282422 1.603906 2.500781
v 4.251172 -0.885547 0.112500
v 2.700781 -1.591406 2.329688
v 3.565625 -0.026563 2.181250
v 2.569531 1.526563 2.626953
v 4.217969 -0.735156 0.188672
v 2.078125 -2.075000 2.327734
v 4.153906 1.004297 2.994922
v 5.894531 3.502344 0.000000
v 4.136328 -0.597656 0.266406
v 2.413281 -2.426953 2.319141
v 3.704297 0.700781 2.912109
v 5.423438 3.494141 0.000000
v 4.206250 -1.284375 0.092969
v 2.408984 -2.874609 2.084375
v 4.521875 0.686719 1.360937
v 6.008203 2.563281 0.079297
v 6.008203 2.563281 0.079297
v 3.123438 -1.298437 1.722656
v 2.775391 -2.025000 2.108984
v 2.532813 3.005078 1.642969
v 5.507422 2.513281 0.095703
v 5.507422 2.513281 0.095703
v 5.507422 2.513281 0.095703
v 3.758984 -1.406641 1.800000
v 2.721484 -1.962891 1.883984
v 1.248828 1.170313 3.173828
v 1.248828 1.170313 3.173828
v 5.890234 2.443750 0.087891
v 5.890234 2.443750 0.087891
v 3.835156 -0.687109 1.870703
v 2.824610 -3.043750 1.882031
v 2.045703 0.666797 3.237891
v 5.535156 2.541016 1.382031
v 5.535156 2.541016 1.382031
v 3.817969 -0.508984 1.687891
v 3.241797 -3.039062 1.641797
v 1.930078 1.103906 3.391797
v 1.930078 1.103906 3.391797
v 5.414453 3.470703 1.382031
v 5.414453 3.470703 1.382031
v 3.745312 -0.496875 1.435156
v 3.039062 -2.624219 2.110938
v 2.867969 0.610938 3.202344
v 4.431641 2.486328 2.261328
v 4.431641 2.486328 2.261328
v 3.887500 -1.083984 -0.091016
v 3.390234 -2.610156 1.913672
v 5.997656 0.832812 1.416406
v 4.393750 3.347266 2.244922
v 4.393750 3.347266 2.244922
v 3.577344 -1.827344 1.184766
v 4.044531 -1.837500 1.219141
v 6.247656 0.980469 1.480859
v 2.460547 2.188672 2.724219
v 3.832422 -1.218750 -0.050781
v 4.294922 -1.673828 0.660547
v 5.659766 0.571484 1.164062
v 5.659766 0.571484 1.164062
v 2.432422 2.854687 2.744531
v 4.072266 -1.492188 0.165234
v 2.094531 -1.826563 2.282031
v 5.129297 -0.191016 0.575000
v 3.140625 3.046875 2.608984
v 3.140625 3.046875 2.608984
v 4.105859 -1.672266 0.558203
v 3.256250 -2.124219 1.950781
v 5.066797 0.015234 1.172656
v 5.066797 0.015234 1.172656
v 3.185547 2.293360 2.588672
v 3.185547 2.293360 2.588672
v 3.980078 -1.714453 1.006250
v 3.659375 -2.022266 1.633594
v 4.468359 -0.620703 0.559766
v 4.468359 -0.620703 0.559766
v 5.110157 3.427344 1.144922
v 5.110157 3.427344 1.144922
v 3.827734 -1.705859 1.388281
v 4.253516 -2.529688 0.578906
v 4.369141 -0.243359 1.238281
v 4.369141 -0.243359 1.238281
v 5.229297 2.407813 1.144922
v 5.229297 2.407813 1.144922
v 5.229297 2.407813 1.144922
v 3.592969 -1.626172 1.610156
v 3.564844 -2.948828 1.371094
v 4.972656 0.830469 2.018750
v 4.201953 3.288672 1.921094
v 4.201953 3.288672 1.921094
v 3.433203 -1.358203 1.843750
v 3.781250 -2.521875 1.633984
v 4.558594 0.328125 1.973438
v 4.220313 2.374609 1.930469
v 4.220313 2.374609 1.930469
v 4.220313 2.374609 1.930469
v 3.465235 -0.698047 1.903125
v 3.948437 -2.657422 0.477734
v 0.533984 1.116797 1.944141
v 0.533984 1.116797 1.944141
v 3.112500 2.264453 2.236719
v 3.112500 2.264453 2.236719
v 3.112500 2.264453 2.236719
v 3.112500 2.264453 2.236719
v 3.494922 -0.535547 1.720312
v 3.637110 -2.762891 0.783984
v 3.208984 0.144922 2.838281
v 3.095313 3.025781 2.256641
v 3.095313 3.025781 2.256641
v 3.477734 -0.523047 1.461328
v 3.199610 -2.907813 1.107813
v 3.882031 0.357422 2.620703
v 2.460156 2.867578 2.355078
v 3.248047 -1.557813 1.584375
v 3.835547 -2.403516 0.427734
v 3.478906 0.556250 2.973828
v 2.466016 2.175000 2.334766
v 2.466016 2.175000 2.334766
v 3.985156 -1.026953 0.100000
v 3.167578 -2.614063 1.026563
v 2.683594 0.167187 2.542969
v 5.463281 2.419531 1.323047
v 5.463281 2.419531 1.323047
v 3.948828 -0.636719 -0.012891
v 0.724219 1.187109 2.663672
v 0.724219 1.187109 2.663672
v 5.605859 0.815625 -1.382031
v 5.605859 0.815625 -1.382031
v 3.781250 -1.319141 -0.013672
v 1.403125 0.672656 2.714453
v 5.675000 1.675391 -1.382031
v 5.675000 1.675391 -1.382031
v 2.959375 -1.053906 -1.770703
v 4.019922 0.750781 2.688281
v 4.603516 0.817578 -2.204297
v 4.603516 0.817578 -2.204297
v 4.298047 -0.897656 -0.643750
v 4.216016 1.158594 2.960547
v 4.216016 1.158594 2.960547
v 4.634766 1.617578 -2.224609
v 4.634766 1.617578 -2.224609
v 4.431250 -1.551953 -0.635156
v 3.582813 0.938281 3.058203
v 3.582813 0.938281 3.058203
v 3.582813 0.938281 3.058203
v 3.582813 0.938281 3.058203
v 3.582813 0.938281 3.058203
v 3.582813 0.938281 3.058203
v 3.324219 0.772656 -2.568359
v 3.324219 0.772656 -2.568359
v 3.180469 -0.589063 -1.429688
v 5.566406 1.160938 2.111719
v 3.308203 1.491406 -2.588672
v 3.308203 1.491406 -2.588672
v 3.859766 -1.871875 -0.577734
v 5.402734 1.050781 2.027344
v 2.575391 1.412109 -2.724219
v 3.769531 -1.917969 -0.876172
v 5.610157 1.363672 2.166406
v 5.610157 1.363672 2.166406
v 2.601953 0.747266 -2.704297
v 4.370313 -1.541406 -1.103125
v 6.305860 1.205469 1.488281
v 6.305860 1.205469 1.488281
v 5.205469 1.741016 -1.078906
v 5.205469 1.741016 -1.078906
v 5.205469 1.741016 -1.078906
v 5.205469 1.741016 -1.078906
v 4.194531 -0.864844 -1.016016
v 3.304297 0.879297 3.183985
v 3.304297 0.879297 3.183985
v 5.144531 0.807813 -1.066016
v 5.144531 0.807813 -1.066016
v 4.422657 -1.005859 -0.639453
v 3.361719 2.011328 3.049219
v 3.361719 2.011328 3.049219
v 4.277734 1.695703 -1.834766
v 4.277734 1.695703 -1.834766
v 4.277734 1.695703 -1.834766
v 4.352735 -0.985938 -1.091016
v 3.401953 2.010937 2.722266
v 4.257031 0.807422 -1.814453
v 4.257031 0.807422 -1.814453
v 3.046094 -0.615234 -1.751562
v 3.593359 0.965625 2.759375
v 3.099219 1.585547 -2.170313
v 3.099219 1.585547 -2.170313
v 3.099219 1.585547 -2.170313
v 3.099219 1.585547 -2.170313
v 4.004688 -0.716797 0.051562
v 1.169141 1.751953 3.269531
v 3.127734 0.759375 -2.150391
v 3.127734 0.759375 -2.150391
v 3.377344 -1.791797 -1.301172
v 0.212891 2.015234 1.745313
v 2.485938 0.732422 -2.248438
v 4.155469 -1.445703 -1.528125
v 0.396875 2.782422 1.542969
v 2.445703 1.514844 -2.268750
v 2.445703 1.514844 -2.268750
v 4.145313 -0.890234 -1.474219
v 0.687891 2.656250 2.443359
v 2.569531 1.526563 -2.626953
v 4.048438 -0.782813 -1.243359
v 1.101562 3.881250 1.376953
v 3.282422 1.603906 -2.500781
v 3.282422 1.603906 -2.500781
v 4.263281 -1.753516 -0.610938
v 3.987891 3.287109 1.385156
v 4.572266 1.726172 -2.143750
v 4.572266 1.726172 -2.143750
v 4.171484 -1.775391 -1.050391
v 4.101562 3.169531 2.483984
v 5.584375 1.780859 -1.323047
v 5.584375 1.780859 -1.323047
v 4.007031 -1.679297 -1.451953
v 3.467188 2.668360 3.000781
v 5.414453 3.470703 -1.382031
v 5.414453 3.470703 -1.382031
v 3.839453 -1.684375 -0.226172
v 3.372266 2.798438 2.930078
v 5.535156 2.541016 -1.382031
v 5.535156 2.541016 -1.382031
v 4.283985 -1.325391 -0.143359
v 3.598438 2.468359 2.601953
v 4.393750 3.347266 -2.244922
v 4.393750 3.347266 -2.244922
v 4.278516 -0.838672 -0.205469
v 4.061719 2.810156 2.338672
v 4.511328 2.420313 -2.224609
v 4.511328 2.420313 -2.224609
v 4.181250 -0.734766 -0.245703
v 4.192188 2.846875 2.645313
v 4.192188 2.846875 2.645313
v 2.460547 2.188672 -2.724219
v 4.178516 -1.528906 -0.160156
v 3.576953 2.508984 2.905469
v 3.576953 2.508984 2.905469
v 3.185547 2.293360 -2.588672
v 3.185547 2.293360 -2.588672
v 2.945703 -1.290625 -1.723047
v 1.925000 2.282813 3.311328
v 3.140625 3.046875 -2.608984
v 3.140625 3.046875 -2.608984
v 3.731641 -1.562109 -1.658594
v 3.165625 3.384766 2.782422
v 2.432422 2.854687 -2.744531
v 3.840625 -1.294531 -1.730078
v 3.258203 4.508985 1.970703
v 5.229297 2.407813 -1.144922
v 5.229297 2.407813 -1.144922
v 5.229297 2.407813 -1.144922
v 5.229297 2.407813 -1.144922
v 3.840625 -0.743359 -1.678906
v 3.935156 3.707422 2.365625
v 5.110157 3.427344 -1.144922
v 5.110157 3.427344 -1.144922
v 3.780469 -0.658984 -1.438672
v 3.209375 4.789062 1.141406
v 4.296875 2.361328 -1.901172
v 4.296875 2.361328 -1.901172
v 4.296875 2.361328 -1.901172
v 4.296875 2.361328 -1.901172
v 3.903516 -1.178516 0.094922
v 2.042187 4.580078 1.237109
v 4.201953 3.288672 -1.921094
v 4.201953 3.288672 -1.921094
v 3.666797 -1.896094 -1.131641
v 3.880859 -0.279687 0.939063
v 3.112500 2.264453 -2.236719
v 3.112500 2.264453 -2.236719
v 3.112500 2.264453 -2.236719
v 3.112500 2.264453 -2.236719
v 3.852734 -1.281250 0.064453
v 0.591797 1.893750 2.609766
v 2.466016 2.175000 -2.334766
v 2.466016 2.175000 -2.334766
v 3.977344 -1.641016 -0.189063
v 1.320312 2.465235 3.156250
v 2.460156 2.867578 -2.355078
v 4.004688 -1.865625 -0.595703
v 2.658984 3.967578 2.564453
v 3.095313 3.025781 -2.256641
v 3.095313 3.025781 -2.256641
v 3.921484 -1.907422 -0.953516
v 4.317578 4.728516 1.114063
v 5.463281 2.419531 -1.323047
v 5.463281 2.419531 -1.323047
v 3.787109 -1.840234 -1.291016
v 5.501563 3.832422 1.054297
v 5.944922 0.819531 0.691016
v 5.944922 0.819531 0.691016
v 3.592969 -1.731641 -1.504688
v 5.800781 3.114844 1.238281
v 6.034766 1.669531 0.532031
v 6.034766 1.669531 0.532031
v 3.363281 -1.431250 -1.741016
v 5.961328 2.739063 1.303906
v 5.961328 2.739063 1.303906
v 5.927734 1.830078 0.495703
v 5.927734 1.830078 0.495703
v 3.421094 -1.152344 -1.813281
v 5.729688 2.760156 1.239844
v 5.591406 1.775781 0.460938
v 5.591406 1.775781 0.460938
v 5.591406 1.775781 0.460938
v 3.434766 -0.673047 -1.763281
v 6.545312 2.875000 0.000000
v 5.455469 0.812500 0.532813
v 5.455469 0.812500 0.532813
v 3.492969 -0.594531 -1.440625
v 6.124609 2.937109 1.330859
v 5.944922 0.819531 -0.691016
v 5.944922 0.819531 -0.691016
v 3.100000 -1.597266 -1.478516
v 4.229297 3.045313 2.577344
v 5.980078 1.691797 -0.790625
v 5.980078 1.691797 -0.790625
v 4.251953 -1.110937 0.083984
v 2.467188 0.516406 0.000000
v 5.914844 1.795313 -0.748047
v 5.914844 1.795313 -0.748047
v 4.456641 -1.148438 0.550000
v 2.682422 0.773828 1.501953
v 5.514844 1.753516 -0.625781
v 5.514844 1.753516 -0.625781
v 5.514844 1.753516 -0.625781
v 4.419922 -1.157422 1.139453
v 4.869922 1.250391 2.661328
v 4.869922 1.250391 2.661328
v 5.455469 0.812500 -0.532813
v 5.455469 0.812500 -0.532813
v 4.157813 -1.092578 1.631641
v 4.816016 1.071875 2.645703
v 5.876563 2.563672 -0.843359
v 5.876563 2.563672 -0.843359
v 3.830078 -1.028906 1.887109
v 1.763281 1.892187 0.000000
v 5.751563 3.496875 -0.691016
v 3.442969 -1.006250 1.932031
v 2.201563 1.919922 1.549219
v 5.784766 2.440625 -0.792578
v 5.784766 2.440625 -0.792578
v 3.099219 -1.028516 1.809766
v 5.279297 2.958984 1.659375
v 5.414062 2.465625 -0.696094
v 5.414062 2.465625 -0.696094
v 5.414062 2.465625 -0.696094
v 3.910547 -1.001562 -0.095703
v 5.480078 2.910938 1.913672
v 5.480078 2.910938 1.913672
v 5.312500 3.465625 -0.572266
v 2.982031 -0.828125 -1.785938
v 5.604297 3.111328 1.991797
v 5.312500 3.465625 0.572266
v 3.430469 -0.901953 -1.856641
v 5.394922 3.266016 1.793359
v 5.414062 2.465625 0.572266
v 5.414062 2.465625 0.572266
v 3.864453 -1.001953 -1.747266
v 3.147266 1.982422 3.156250
v 5.797266 2.441797 0.661328
v 4.191016 -1.144141 -1.529297
v 3.386719 1.309766 2.751563
v 5.876563 2.563672 0.691016
v 4.408203 -1.259375 -1.114453
v 3.374609 1.295703 3.066797
v 3.374609 1.295703 3.066797
v 5.751563 3.496875 0.691016
v 4.476562 -1.261328 -0.631250
v 3.147656 1.267187 3.203516
v 5.999609 1.267187 0.557813
v 5.999609 1.267187 0.557813
v 5.999609 1.267187 0.557813
v 4.316797 -1.050000 -0.158984
v 1.871875 1.604297 3.378125
v 5.545703 1.245703 1.474609
v 5.545703 1.245703 1.474609
v 5.545703 1.245703 1.474609
v 4.041797 -0.900781 0.087891
v 2.669531 0.952734 3.318359
v 2.669531 0.952734 3.318359
v 5.483984 1.292969 0.536328
v 5.483984 1.292969 0.536328
v 5.483984 1.292969 0.536328
v 3.953906 -0.668750 -0.068359
v 2.558594 1.423437 3.380859
v 5.175000 1.274609 1.072656
v 5.175000 1.274609 1.072656
v 5.175000 1.274609 1.072656
v 3.948828 -0.755469 0.012891
v 2.512110 2.113281 3.328516
v 5.555860 1.324219 1.321094
v 5.555860 1.324219 1.321094
v 3.781250 -0.540234 0.001172
v 6.394922 0.953516 0.634375
v 5.877344 1.330859 0.659766
v 5.877344 1.330859 0.659766
v 3.252344 -0.379297 1.627734
v 6.667188 1.063672 0.672656
v 5.725391 1.239453 0.990234
v 4.196485 -0.501172 0.604297
v 6.715234 1.286719 0.676172
v 6.715234 1.286719 0.676172
v 5.817969 1.167188 1.036719
v 4.379297 -0.321484 0.585938
v 5.984375 2.896484 0.660156
v 5.338281 1.195703 0.804297
v 3.257422 -0.611328 1.429688
v 6.226953 2.840625 0.680078
v 6.226953 2.840625 0.680078
v 5.842187 1.652734 0.660937
v 3.880469 -0.170703 0.595313
v 6.437500 3.015625 0.677734
v 5.492969 1.605859 0.493359
v 5.492969 1.605859 0.493359
v 3.790234 -0.112500 0.867578
v 6.173047 3.173047 0.634766
v 5.538672 1.641406 1.341016
v 4.348828 -0.243359 1.045703
v 6.532032 1.125391 0.000000
v 5.084375 1.571484 1.054297
v 5.084375 1.571484 1.054297
v 4.159375 -0.443359 0.937500
v 6.426172 1.243359 0.650781
v 5.814063 3.030078 -0.754297
v 5.814063 3.030078 -0.754297
v 5.814063 3.030078 -0.754297
v 4.372656 -0.454297 0.589844
v 5.969532 1.183594 1.350000
v 5.959375 3.033594 0.051953
v 5.959375 3.033594 0.051953
v 5.959375 3.033594 0.051953
v 4.338672 -0.374219 1.034375
v 5.303125 1.329687 1.935156
v 5.363281 2.965625 -0.572266
v 5.363281 2.965625 -0.572266
v 5.363281 2.965625 -0.572266
v 3.253125 -0.565625 1.571875
v 4.803516 1.240234 2.324610
v 5.465234 3.003906 0.000000
v 5.465234 3.003906 0.000000
v 5.465234 3.003906 0.000000
v 3.958594 -0.729688 -0.037891
v 4.066797 1.154297 2.628516
v 5.879297 3.099219 -0.345313
v 5.879297 3.099219 -0.345313
v 3.507422 -0.058203 1.311328
v 4.496094 0.835156 2.353516
v 5.805860 3.008594 -0.330469
v 4.112500 -0.248438 1.471875
v 2.588672 0.389062 3.038281
v 5.407032 3.051953 -0.285938
v 5.407032 3.051953 -0.285938
v 4.139453 -0.382031 1.394922
v 2.135937 0.399609 2.628906
v 5.747266 2.944922 -0.653125
v 5.747266 2.944922 -0.653125
v 3.998047 -0.428516 1.225781
v 3.191797 2.349219 3.105469
v 5.841406 2.959766 -0.051172
v 5.841406 2.959766 -0.051172
v 4.307031 -0.198828 0.589844
v 2.749609 2.744141 3.150391
v 5.460938 2.590625 -0.602734
v 5.460938 2.590625 -0.602734
v 4.211328 -0.125000 1.013672
v 2.192578 3.103906 3.061328
v 5.577734 2.629297 -0.018750
v 5.577734 2.629297 -0.018750
v 3.974609 -0.114844 1.420313
v 1.658594 3.418360 2.806250
v 5.776563 2.569922 -0.687891
v 3.906250 -0.329297 0.281641
v 1.349609 3.659766 2.189453
v 5.894531 2.578906 -0.050781
v 4.233984 -0.456641 0.187109
v 2.280078 4.375391 1.828516
v 4.348828 2.409766 2.124219
v 4.348828 2.409766 2.124219
v 4.217969 -0.570703 0.198047
v 4.697266 3.860938 1.803516
v 5.039844 2.407813 1.724609
v 4.136328 -0.619922 0.258984
v 4.687500 3.219531 2.230469
v 5.085547 2.487500 1.756250
v 4.189453 -0.348047 0.208203
v 4.961719 3.001172 2.396484
v 4.904297 3.408984 1.813672
v 4.904297 3.408984 1.813672
v 3.307812 -0.178906 1.577344
v 4.864844 2.808985 2.342188
v 4.864844 2.808985 2.342188
v 4.858594 2.384375 1.538672
v 3.692188 -0.132031 1.585547
v 4.748047 2.793360 2.070312
v 4.656250 3.358203 1.533203
v 4.656250 3.358203 1.533203
v 3.789844 -0.276563 1.648828
v 5.322656 4.351172 0.000000
v 4.469141 2.930859 1.712109
v 3.817969 -0.426563 1.567188
v 5.066016 4.358594 1.083984
v 4.623828 2.960156 1.901563
v 3.745312 -0.474219 1.400391
v 4.416016 4.328907 1.699219
v 4.704297 3.029688 2.014063
v 3.903516 -0.613672 -0.071484
v 3.682812 4.167578 2.192188
v 4.958984 2.988672 1.808594
v 3.666797 -0.070703 1.105078
v 4.153906 1.004297 -2.994922
v 4.394922 2.925781 2.247266
v 4.394922 2.925781 2.247266
v 4.394922 2.925781 2.247266
v 3.852734 -0.549609 -0.042969
v 3.704297 0.700781 -2.912109
v 4.704688 2.915234 1.528125
v 4.704688 2.915234 1.528125
v 4.087891 -0.292969 0.222656
v 4.019922 0.750781 -2.688281
v 4.244531 2.869141 1.910938
v 4.244531 2.869141 1.910938
v 4.244531 2.869141 1.910938
v 4.063282 -0.126953 0.591406
v 4.521875 0.686719 -1.360937
v 4.904687 2.926563 1.812891
v 4.904687 2.926563 1.812891
v 3.980078 -0.071875 0.939063
v 2.682422 0.773828 -1.501953
v 4.822656 2.921484 1.762109
v 4.822656 2.921484 1.762109
v 3.827734 -0.050000 1.294141
v 2.045703 0.666797 -3.237891
v 4.654687 2.894922 1.574609
v 4.654687 2.894922 1.574609
v 3.592969 -0.046875 1.500391
v 1.930078 1.103906 -3.391797
v 1.930078 1.103906 -3.391797
v 4.463281 2.871485 2.169922
v 4.463281 2.871485 2.169922
v 3.492578 -0.156641 1.630469
v 1.248828 1.170313 -3.173828
v 1.248828 1.170313 -3.173828
v 4.428516 2.858203 2.074219
v 4.428516 2.858203 2.074219
v 3.506250 -0.319531 1.689844
v 6.247656 0.980469 -1.480859
v 4.282032 2.869922 1.882812
v 4.282032 2.869922 1.882812
v 3.518359 -0.501953 1.597266
v 5.997656 0.832812 -1.416406
v 4.920703 2.507422 1.719141
v 3.477734 -0.549219 1.423047
v 6.394922 0.953516 -0.634375
v 4.739063 2.497656 1.534375
v 3.389063 -0.060938 1.476172
v 6.667188 1.063672 -0.672656
v 4.296484 2.508594 1.893750
v 3.953906 -0.616797 0.068359
v 5.659766 0.571484 -1.164062
v 5.659766 0.571484 -1.164062
v 4.431641 2.505078 2.087500
v 3.948828 -0.723047 -0.012891
v 5.129297 -0.191016 -0.575000
v 5.975781 1.264844 -0.764453
v 5.975781 1.264844 -0.764453
v 5.975781 1.264844 -0.764453
v 3.781250 -0.540234 -0.001172
v 5.066797 0.015234 -1.172656
v 5.066797 0.015234 -1.172656
v 6.130078 1.266797 0.000000
v 6.130078 1.266797 0.000000
v 6.130078 1.266797 0.000000
v 3.049609 -0.441797 -1.640234
v 4.369141 -0.243359 -1.238281
v 4.369141 -0.243359 -1.238281
v 5.612891 1.282812 -0.044141
v 5.612891 1.282812 -0.044141
v 5.612891 1.282812 -0.044141
v 5.612891 1.282812 -0.044141
v 4.196485 -0.761719 -0.571484
v 4.468359 -0.620703 -0.559766
v 4.468359 -0.620703 -0.559766
v 5.513672 1.275781 -0.484375
v 5.513672 1.275781 -0.484375
v 5.513672 1.275781 -0.484375
v 5.513672 1.275781 -0.484375
v 4.454688 -0.429688 -0.585938
v 4.558594 0.328125 -1.973438
v 6.086328 1.141406 -0.345313
v 6.086328 1.141406 -0.345313
v 3.055078 -0.610938 -1.429688
v 4.972656 0.733594 -2.018750
v 5.985157 1.245703 -0.330469
v 3.880469 -0.163281 -0.595313
v 3.882031 0.357422 -2.620703
v 5.574609 1.202734 -0.269531
v 5.574609 1.202734 -0.269531
v 3.790234 -0.133203 -0.867578
v 3.478906 0.556250 -2.973828
v 6.132031 1.222266 -0.082031
v 6.132031 1.222266 -0.082031
v 6.132031 1.222266 -0.082031
v 4.401172 -0.362109 -1.086719
v 3.208984 0.144922 -2.838281
v 6.028906 1.326563 -0.074609
v 6.028906 1.326563 -0.074609
v 4.159375 -0.706641 -0.937500
v 3.565625 -0.026563 -2.181250
v 6.017188 1.229688 -0.655469
v 6.017188 1.229688 -0.655469
v 6.017188 1.229688 -0.655469
v 4.372656 -0.675000 -0.589844
v 2.683594 0.167187 -2.542969
v 5.919141 1.318359 -0.575781
v 5.919141 1.318359 -0.575781
v 4.338672 -0.628516 -1.034375
v 0.724219 1.187109 -2.663672
v 0.724219 1.187109 -2.663672
v 5.914453 1.691797 -0.640234
v 3.050391 -0.588281 -1.611719
v 1.403125 0.672656 -2.714453
v 5.513281 1.657031 -0.526563
v 5.513281 1.657031 -0.526563
v 3.958594 -0.697266 0.037891
v 3.582813 0.938281 -3.058203
v 3.582813 0.938281 -3.058203
v 3.582813 0.938281 -3.058203
v 3.582813 0.938281 -3.058203
v 3.582813 0.938281 -3.058203
v 3.582813 0.938281 -3.058203
v 5.630078 1.671875 -0.010156
v 5.630078 1.671875 -0.010156
v 3.507422 -0.117969 -1.311328
v 4.216016 1.158594 -2.960547
v 4.216016 1.158594 -2.960547
v 6.049610 1.708984 -0.051172
v 4.153516 -0.337500 -1.483203
v 4.816016 1.071875 -2.645703
v 5.104688 0.816797 -1.793359
v 5.104688 0.816797 -1.793359
v 4.139453 -0.596484 -1.401563
v 5.566406 1.160938 -2.111719
v 5.155078 1.646484 -1.803516
v 5.155078 1.646484 -1.803516
v 3.998047 -0.650391 -1.225781
v 5.610157 1.363672 -2.166406
v 5.610157 1.363672 -2.166406
v 5.078125 1.753516 -1.733203
v 5.078125 1.753516 -1.733203
v 4.333594 -0.174219 -0.589844
v 4.869922 1.250391 -2.661328
v 4.869922 1.250391 -2.661328
v 4.794922 1.721094 -1.413281
v 4.794922 1.721094 -1.413281
v 4.794922 1.721094 -1.413281
v 4.263672 -0.144922 -1.013672
v 4.496094 0.835156 -2.353516
v 4.700781 0.807813 -1.440234
v 4.700781 0.807813 -1.440234
v 4.050781 -0.157813 -1.412109
v 5.402734 1.050781 -2.027344
v 4.870703 1.127344 -1.989063
v 4.870703 1.127344 -1.989063
v 3.906250 -0.291406 -0.281641
v 6.305860 1.205469 -1.488281
v 6.305860 1.205469 -1.488281
v 4.800781 1.235156 -1.913672
v 4.298828 -0.528906 -0.161328
v 6.715234 1.286719 -0.676172
v 6.715234 1.286719 -0.676172
v 4.512109 1.203516 -1.660938
v 4.512109 1.203516 -1.660938
v 4.217969 -0.691797 -0.198047
v 3.386719 1.309766 -2.751563
v 4.478906 0.807422 -1.627344
v 4.122266 -0.740625 -0.258984
v 2.532813 3.005078 -1.642969
v 4.854297 0.817187 -1.998828
v 4.191797 -0.317969 -0.173438
v 3.401953 2.010937 -2.722266
v 4.728906 0.817578 -2.101562
v 3.105078 -0.278125 -1.608203
v 4.066797 1.154297 -2.628516
v 4.691797 1.165234 -2.119141
v 4.691797 1.165234 -2.119141
v 3.753906 -0.172656 -1.616406
v 3.593359 0.965625 -2.759375
v 4.625782 1.273438 -2.041016
v 4.625782 1.273438 -2.041016
v 3.820703 -0.362500 -1.665234
v 0.533984 1.116797 -1.944141
v 0.533984 1.116797 -1.944141
v 4.386328 1.241406 -1.786719
v 4.386328 1.241406 -1.786719
v 4.386328 1.241406 -1.786719
v 3.817969 -0.566016 -1.607031
v 0.655859 1.053125 -0.931250
v 0.655859 1.053125 -0.931250
v 4.367969 0.807422 -1.721094
v 3.745312 -0.619922 -1.400391
v 1.006641 0.696094 -1.982813
v 4.589844 0.807422 -1.533984
v 3.903516 -0.544531 0.071484
v 2.478516 0.287500 -1.897266
v 4.707031 1.266016 -1.528125
v 4.707031 1.266016 -1.528125
v 4.707031 1.266016 -1.528125
v 3.666797 -0.108984 -1.105078
v 2.135937 0.399609 -2.628906
v 4.952344 1.287109 -1.785938
v 4.952344 1.287109 -1.785938
v 3.852734 -0.480469 0.042969
v 1.505859 0.487109 -2.112109
v 5.025781 1.179688 -1.858984
v 5.025781 1.179688 -1.858984
v 4.087891 -0.248047 -0.222656
v 3.304297 0.879297 -3.183985
v 3.304297 0.879297 -3.183985
v 4.979297 0.816797 -1.896094
v 4.063282 -0.126953 -0.591406
v 2.867969 0.610938 -3.202344
v 5.129688 1.231641 -1.798437
v 5.129688 1.231641 -1.798437
v 5.129688 1.231641 -1.798437
v 5.129688 1.231641 -1.798437
v 3.980078 -0.092969 -0.939063
v 2.588672 0.389062 -3.038281
v 4.619141 1.217578 -2.214453
v 4.619141 1.217578 -2.214453
v 4.619141 1.217578 -2.214453
v 4.619141 1.217578 -2.214453
v 3.827734 -0.088281 -1.294141
v 3.374609 1.295703 -3.066797
v 3.374609 1.295703 -3.066797
v 4.747656 1.264453 -1.426953
v 4.747656 1.264453 -1.426953
v 4.747656 1.264453 -1.426953
v 3.592969 -0.103125 -1.500391
v 3.221484 -0.007031 -1.472266
v 4.267188 1.251562 -1.824609
v 4.267188 1.251562 -1.824609
v 4.267188 1.251562 -1.824609
v 3.386719 -0.223047 -1.661328
v 3.880859 -0.279687 -0.939063
v 4.604297 1.620703 -2.069141
v 3.400781 -0.402734 -1.695312
v 5.303125 1.329687 -1.935156
v 4.311328 1.583203 -1.758203
v 3.412500 -0.570312 -1.637109
v 5.969532 1.183594 -1.350000
v 4.978906 1.660156 -1.743750
v 3.371875 -0.594531 -1.423047
v 2.669531 0.952734 -3.318359
v 2.669531 0.952734 -3.318359
v 4.742578 1.639844 -1.558984
v 3.301953 -0.175000 -1.476172
v 6.426172 1.243359 -0.650781
v 2.709375 2.804297 -1.076172
v 4.482031 -2.061719 0.000000
v 1.169141 1.751953 -3.269531
v 3.200391 2.766406 -1.273438
v 4.075781 -1.488672 0.000000
v 0.212891 2.031641 -1.745313
v 4.230859 3.014844 -1.026953
v 4.350391 -1.600000 0.000000
v 0.396875 2.782422 -1.542969
v 2.509766 2.777344 -1.567188
v 3.921484 -2.321484 0.000000
v 1.101562 3.881250 -1.376953
v 3.239844 2.811328 -1.860547
v 3.156250 -0.679688 -1.876953
v 3.598438 2.468359 -2.601953
v 4.337891 3.004688 -1.556250
v 3.626953 -0.107422 -1.538281
v 3.361719 2.011328 -3.049219
v 3.361719 2.011328 -3.049219
v 2.288281 2.624609 -0.699219
v 3.142578 -0.570312 -2.025000
v 3.147266 1.982422 -3.156250
v 2.465235 2.651562 -1.631250
v 3.496094 -0.014844 -1.689844
v 3.147656 1.267187 -3.203516
v 3.235156 2.580078 -1.939844
v 3.221484 -0.007031 -1.472266
v 4.061719 2.810156 -2.338672
v 4.513672 2.768359 -1.619922
v 2.956641 -0.447266 -2.083203
v 4.192188 2.846875 -2.645313
v 4.192188 2.846875 -2.645313
v 2.292969 2.330078 -0.668750
v 2.777344 -0.432031 -1.946875
v 3.576953 2.508984 -2.905469
v 3.576953 2.508984 -2.905469
v 2.423438 2.356250 -1.381250
v 2.782422 -1.543359 -1.927734
v 6.024610 2.902344 -0.680078
v 3.137891 2.208203 -1.631250
v 3.101953 -2.007812 -1.652344
v 6.267578 2.846484 -0.700000
v 6.267578 2.846484 -0.700000
v 4.507031 2.424609 -1.318359
v 3.064063 -0.681250 -1.757812
v 5.961328 2.739063 -1.303906
v 5.961328 2.739063 -1.303906
v 2.995703 2.042969 -0.691797
v 3.408203 -1.908594 -1.446875
v 5.729688 2.760156 -1.239844
v 4.391407 2.176953 -0.531641
v 2.794922 -1.551953 -2.106641
v 6.124609 2.937109 -1.330859
v 3.168750 2.838672 0.000000
v 1.872266 -2.528906 -2.118750
v 6.477735 3.021484 -0.697266
v 4.354688 2.281641 0.000000
v 2.060156 -2.851172 -1.738672
v 3.682812 4.167578 -2.192188
v 5.283594 2.944531 0.000000
v 4.170312 -2.310547 -1.226953
v 3.165625 3.384766 -2.782422
v 5.292578 3.401953 0.000000
v 3.936719 -2.744141 -1.039062
v 3.935156 3.707422 -2.365625
v 4.939844 3.451953 0.000000
v 4.417188 -2.139844 -0.683594
v 3.372266 2.798438 -2.930078
v 4.084375 3.011328 0.000000
v 3.492578 -2.510547 -0.731641
v 4.101562 3.169531 -2.483984
v 2.305078 2.425781 0.000000
v 3.507422 -0.119922 -1.294141
v 3.209375 4.789062 -1.141406
v 3.029688 2.204297 0.000000
v 3.974219 -1.554297 -0.562891
v 3.258203 4.508985 -1.970703
v 2.313672 2.732031 0.000000
v 2.583984 -2.734766 -1.398828
v 4.317578 4.728516 -1.114063
v 2.366406 2.855078 0.000000
v 3.761328 -1.690625 -1.071094
v 5.066016 4.358594 -1.083984
v 4.723047 3.235938 -0.971875
v 2.492969 -0.830078 -2.167969
v 5.501563 3.832422 -1.054297
v 5.016407 3.130859 -1.014453
v 2.241797 -1.384766 -2.290625
v 4.697266 3.860938 -1.803516
v 5.081250 2.737109 -0.847656
v 2.628516 -0.859375 -2.297656
v 4.687500 3.219531 -2.230469
v 2.709375 2.804297 1.076172
v 2.353125 -1.460938 -2.417969
v 5.394922 3.341406 -1.793359
v 3.200391 2.766406 1.273438
v 2.878906 -1.008594 -2.204688
v 5.800781 3.114844 -1.238281
v 4.234375 3.014063 1.026953
v 2.700781 -1.591406 -2.329688
v 6.213281 3.178906 -0.654297
v 2.509766 2.777344 1.567188
v 2.078125 -2.075000 -2.327734
v 2.042187 4.580078 -1.237109
v 3.239844 2.811328 1.860547
v 2.413281 -2.426953 -2.319141
v 4.416016 4.328907 -1.699219
v 4.337891 3.004688 1.556250
v 2.408984 -2.874609 -2.084375
v 1.925000 2.282813 -3.311328
v 2.288281 2.624609 0.699219
v 2.775391 -2.025000 -2.108984
v 1.320312 2.465235 -3.156250
v 2.465235 2.651562 1.631250
v 2.721484 -1.962891 -1.883984
v 1.349609 3.659766 -2.189453
v 3.235156 2.580078 1.939844
v 2.824610 -3.043750 -1.882031
v 0.687891 2.656250 -2.443359
v 4.513672 2.768359 1.619922
v 3.241797 -3.039062 -1.641797
v 2.280078 4.375391 -1.828516
v 4.723047 3.235938 0.971875
v 3.039062 -2.624219 -2.110938
v 3.987891 3.287109 -1.385156
v 5.012891 3.127344 1.014453
v 3.390234 -2.610156 -1.913672
v 4.961719 3.001172 -2.396484
v 2.292969 2.330078 0.668750
v 4.044531 -1.837500 -1.219141
v 4.864844 2.808985 -2.342188
v 4.864844 2.808985 -2.342188
v 2.423438 2.356250 1.381250
v 4.294922 -1.673828 -0.660547
v 5.480078 2.986328 -1.913672
v 5.480078 2.986328 -1.913672
v 3.137891 2.208203 1.631250
v 2.094531 -1.826563 -2.282031
v 5.604297 3.186719 -1.991797
v 4.507031 2.424609 1.318359
v 3.256250 -2.124219 -1.950781
v 3.467188 2.668360 -3.000781
v 5.081250 2.737109 0.847656
v 3.659375 -2.022266 -1.633594
v 1.871875 1.604297 -3.378125
v 2.995703 2.042969 0.691797
v 4.341406 -2.439063 0.000000
v 0.591797 1.893750 -2.609766
v 4.391407 2.176953 0.531641
v 4.253516 -2.529688 -0.578906
v 2.192578 3.103906 -3.061328
v 3.554688 1.998438 -0.647656
v 3.564844 -2.948828 -1.371094
v 1.658594 3.418360 -2.806250
v 3.679688 2.206641 -1.564062
v 3.781250 -2.521875 -1.633984
v 2.658984 3.967578 -2.564453
v 3.745703 2.605078 -1.889844
v 3.993750 -2.581250 0.000000
v 4.748047 2.793360 -2.070312
v 3.722656 2.862109 -1.814062
v 3.948437 -2.657422 -0.477734
v 5.279297 3.034766 -1.659375
v 3.655859 2.806641 -1.219922
v 3.637110 -2.762891 -0.783984
v 4.229297 3.045313 -2.577344
v 3.614844 2.833984 0.000000
v 3.199610 -2.907813 -1.107813
v 4.803516 1.240234 -2.324610
v 3.660938 2.789844 1.219922
v 3.835547 -2.403516 -0.427734
v 2.558594 1.423437 -3.380859
v 3.722656 2.862109 1.814062
v 3.167578 -2.614063 -1.026563
vt 0.611938 0.330200
vt 0.596069 0.325928
vt 0.561401 0.334534
vt 0.602478 0.317261
vt 0.621399 0.317261
vt 0.619873 0.306702
vt 0.622314 0.306702
vt 0.620667 0.296204
vt 0.611816 0.306702
vt 0.609680 0.296204
vt 0.578552 0.296204
vt 0.597290 0.277771
vt 0.561401 0.265442
vt 0.604370 0.266724
vt 0.561401 0.251770
vt 0.602539 0.269531
vt 0.561401 0.255310
vt 0.598999 0.296204
vt 0.561401 0.296204
vt 0.561401 0.306702
vt 0.523865 0.296204
vt 0.522095 0.306702
vt 0.502991 0.306702
vt 0.501465 0.317261
vt 0.500549 0.306702
vt 0.498901 0.317261
vt 0.508850 0.317261
vt 0.516907 0.329163
vt 0.546204 0.321838
vt 0.546753 0.332825
vt 0.561401 0.332825
vt 0.538879 0.335144
vt 0.561401 0.335144
vt 0.583923 0.335144
vt 0.613953 0.330566
vt 0.623901 0.317261
vt 0.605896 0.329163
vt 0.613953 0.317261
vt 0.576599 0.321838
vt 0.577576 0.309021
vt 0.561401 0.310425
vt 0.561401 0.296204
vt 0.545288 0.309021
vt 0.544312 0.296204
vt 0.511047 0.306702
vt 0.513184 0.296204
vt 0.502136 0.296204
vt 0.518494 0.266724
vt 0.504456 0.296204
vt 0.520264 0.269531
vt 0.487915 0.462036
vt 0.498352 0.451172
vt 0.497925 0.465820
vt 0.483398 0.448120
vt 0.471680 0.448059
vt 0.463989 0.437134
vt 0.456238 0.440979
vt 0.414185 0.435242
vt 0.419006 0.444092
vt 0.395630 0.436829
vt 0.372192 0.445679
vt 0.372192 0.429504
vt 0.341980 0.427979
vt 0.365601 0.407654
vt 0.312500 0.411804
vt 0.310425 0.392029
vt 0.254150 0.408264
vt 0.254150 0.389648
vt 0.310425 0.392029
vt 0.313782 0.384705
vt 0.330627 0.389648
vt 0.317139 0.377441
vt 0.350769 0.387329
vt 0.367859 0.372253
vt 0.390198 0.377441
vt 0.376404 0.364502
vt 0.401489 0.370422
vt 0.384583 0.355957
vt 0.412109 0.363342
vt 0.966370 0.589783
vt 0.966370 0.575195
vt 0.992126 0.589722
vt 0.949219 0.579895
vt 0.935120 0.587708
vt 0.924194 0.563354
vt 0.891418 0.558533
vt 0.899231 0.546814
vt 0.832031 0.527405
vt 0.903870 0.539795
vt 0.835144 0.518982
vt 0.841370 0.510620
vt 0.796936 0.513733
vt 0.800110 0.506470
vt 0.758789 0.508545
vt 0.758789 0.502258
vt 0.800110 0.506470
vt 0.803223 0.500183
vt 0.841370 0.510620
vt 0.847656 0.504395
vt 0.916382 0.535645
vt 0.929504 0.532227
vt 0.941406 0.555420
vt 0.954224 0.552673
vt 0.966370 0.575195
vt 0.153198 0.257629
vt 0.161377 0.249817
vt 0.147034 0.235840
vt 0.168457 0.261414
vt 0.160583 0.267395
vt 0.175232 0.276794
vt 0.167358 0.278748
vt 0.161316 0.250183
vt 0.153992 0.257629
vt 0.147034 0.235779
vt 0.137207 0.244202
vt 0.132507 0.226501
vt 0.121216 0.235962
vt 0.114319 0.217957
vt 0.106506 0.228821
vt 0.071106 0.216187
vt 0.081848 0.270142
vt 0.007019 0.237854
vt 0.006592 0.282104
vt 0.081848 0.270142
vt 0.082764 0.298584
vt 0.153992 0.257629
vt 0.167358 0.278748
vt 0.161316 0.250183
vt 0.175232 0.276794
vt 0.506226 0.920166
vt 0.581909 0.937988
vt 0.506226 0.932434
vt 0.584045 0.929199
vt 0.506226 0.910522
vt 0.585571 0.920288
vt 0.506226 0.896179
vt 0.587463 0.904175
vt 0.506226 0.854187
vt 0.591431 0.862549
vt 0.593750 0.820862
vt 0.662476 0.870850
vt 0.662476 0.829224
vt 0.729248 0.879211
vt 0.756226 0.850037
vt 0.802612 0.888123
vt 0.799988 0.862549
vt 0.881226 0.887512
vt 0.862488 0.875000
vt 0.856201 0.837524
vt 0.498352 0.451172
vt 0.487915 0.462036
vt 0.497925 0.465820
vt 0.483398 0.448120
vt 0.498352 0.437134
vt 0.479004 0.435486
vt 0.468384 0.422058
vt 0.463989 0.437134
vt 0.444458 0.427612
vt 0.414185 0.435242
vt 0.372192 0.429504
vt 0.395630 0.436829
vt 0.372192 0.445679
vt 0.419006 0.444092
vt 0.372192 0.461792
vt 0.392151 0.475342
vt 0.321838 0.478455
vt 0.337524 0.494995
vt 0.293640 0.496460
vt 0.329529 0.341125
vt 0.326233 0.352539
vt 0.291870 0.339844
vt 0.290222 0.351318
vt 0.254150 0.338623
vt 0.254150 0.350037
vt 0.290222 0.351318
vt 0.288757 0.360657
vt 0.323303 0.361938
vt 0.317139 0.377441
vt 0.367859 0.372253
vt 0.350769 0.387329
vt 0.390198 0.377441
vt 0.384338 0.397217
vt 0.412476 0.382629
vt 0.424988 0.418030
vt 0.082764 0.298584
vt 0.007019 0.306702
vt 0.079529 0.287292
vt 0.007019 0.296875
vt 0.077454 0.280640
vt 0.007019 0.287048
vt 0.071167 0.260498
vt 0.007019 0.262451
vt 0.007019 0.223145
vt 0.071167 0.260498
vt 0.041870 0.211609
vt 0.071045 0.216858
vt 0.041443 0.200684
vt 0.074585 0.204712
vt 0.524414 0.031006
vt 0.534546 0.009949
vt 0.524353 0.016052
vt 0.534058 0.028015
vt 0.524414 0.038330
vt 0.534241 0.036072
vt 0.524353 0.042908
vt 0.534485 0.044189
vt 0.535339 0.059998
vt 0.548279 0.045715
vt 0.549011 0.063477
vt 0.563354 0.063232
vt 0.549377 0.074158
vt 0.564026 0.074829
vt 0.549438 0.081299
vt 0.564392 0.081360
vt 0.618347 0.296204
vt 0.600708 0.306702
vt 0.561401 0.317261
vt 0.520386 0.317261
vt 0.526733 0.325928
vt 0.510925 0.330200
vt 0.534546 0.009949
vt 0.524414 0.031006
vt 0.524353 0.016052
vt 0.534058 0.028015
vt 0.547668 0.024963
vt 0.534485 0.044189
vt 0.548279 0.045715
vt 0.534912 0.052124
vt 0.548645 0.054626
vt 0.535339 0.059998
vt 0.549011 0.063477
vt 0.536072 0.068604
vt 0.549377 0.074158
vt 0.537109 0.077332
vt 0.549438 0.081299
vt 0.323303 0.361938
vt 0.288757 0.360657
vt 0.254150 0.359436
vt 0.254150 0.374939
vt 0.254150 0.382263
vt 0.313782 0.384705
vt 0.662476 0.829224
vt 0.729248 0.879211
vt 0.756226 0.850037
vt 0.662476 0.870850
vt 0.593750 0.820862
vt 0.591431 0.862549
vt 0.587463 0.904175
vt 0.585571 0.920288
vt 0.584045 0.929199
vt 0.581909 0.937988
vt 0.966370 0.589783
vt 0.960144 0.596008
vt 0.991821 0.590759
vt 0.935120 0.587708
vt 0.949219 0.579895
vt 0.924194 0.563354
vt 0.899231 0.546814
vt 0.903870 0.539795
vt 0.832031 0.527405
vt 0.835144 0.518982
vt 0.796936 0.513733
vt 0.591125 0.052002
vt 0.591919 0.062561
vt 0.596313 0.054138
vt 0.585510 0.064026
vt 0.584595 0.055237
vt 0.574402 0.059875
vt 0.584778 0.039734
vt 0.573914 0.042786
vt 0.584656 0.030884
vt 0.573730 0.032898
vt 0.584534 0.022034
vt 0.573547 0.023010
vt 0.583618 0.006592
vt 0.573181 0.006775
vt 0.585510 0.064026
vt 0.591125 0.052002
vt 0.591919 0.062561
vt 0.584595 0.055237
vt 0.574402 0.059875
vt 0.584656 0.047485
vt 0.574158 0.051331
vt 0.584778 0.039734
vt 0.573914 0.042786
vt 0.584534 0.022034
vt 0.573547 0.023010
vt 0.583618 0.006592
vt 0.573181 0.006775
vt 0.534546 0.009949
vt 0.524414 0.031006
vt 0.524353 0.016052
vt 0.534058 0.028015
vt 0.547668 0.024963
vt 0.534485 0.044189
vt 0.548279 0.045715
vt 0.535339 0.059998
vt 0.549011 0.063477
vt 0.536072 0.068604
vt 0.549377 0.074158
vt 0.537109 0.077332
vt 0.549438 0.081299
vt 0.585510 0.064026
vt 0.587585 0.070984
vt 0.591919 0.062561
vt 0.575439 0.071411
vt 0.574402 0.059875
vt 0.564026 0.074829
vt 0.563354 0.063232
vt 0.549377 0.074158
vt 0.549011 0.063477
vt 0.536072 0.068604
vt 0.535339 0.059998
vt 0.526489 0.063354
vt 0.524841 0.053467
vt 0.651978 0.946228
vt 0.654541 0.933533
vt 0.718384 0.961365
vt 0.721069 0.948486
vt 0.814331 0.970642
vt 0.806580 0.930298
vt 0.862488 0.929199
vt 0.802612 0.888123
vt 0.881226 0.887512
vt 0.799988 0.862549
vt 0.365601 0.407654
vt 0.376526 0.401550
vt 0.424988 0.418030
vt 0.457764 0.408691
vt 0.470337 0.405579
vt 0.481018 0.402954
vt 0.878906 0.629395
vt 0.922668 0.633545
vt 0.872620 0.647461
vt 0.916382 0.623108
vt 0.872620 0.608521
vt 0.910156 0.612732
vt 0.891418 0.589783
vt 0.935120 0.604370
vt 0.960144 0.596008
vt 0.991821 0.590759
vt 0.978882 0.573120
vt 0.992798 0.588928
vt 0.954224 0.552673
vt 0.941406 0.555420
vt 0.929504 0.532227
vt 0.916382 0.535645
vt 0.847656 0.504395
vt 0.803223 0.500183
vt 0.585510 0.064026
vt 0.591125 0.052002
vt 0.591919 0.062561
vt 0.584595 0.055237
vt 0.574402 0.059875
vt 0.584778 0.039734
vt 0.573914 0.042786
vt 0.584534 0.022034
vt 0.573547 0.023010
vt 0.583618 0.006592
vt 0.573181 0.006775
vt 0.977051 0.894836
vt 1.000000 0.950012
vt 0.993713 0.875000
vt 0.947083 0.916687
vt 0.912476 0.837524
vt 0.868713 0.837524
vt 0.856201 0.837524
vt 0.812500 0.758362
vt 0.799988 0.762512
vt 0.716980 0.710449
vt 0.731201 0.700012
vt 0.831238 0.750000
vt 0.877930 0.793335
vt 0.849976 0.737549
vt 0.913818 0.779480
vt 0.937500 0.770874
vt 0.956238 0.837524
vt 0.981201 0.837524
vt 0.147034 0.235779
vt 0.137207 0.244202
vt 0.132507 0.226501
vt 0.121216 0.235962
vt 0.114319 0.217957
vt 0.106506 0.228821
vt 0.071106 0.216187
vt 0.576843 0.077759
vt 0.564392 0.081360
vt 0.549438 0.081299
vt 0.537109 0.077332
vt 0.527649 0.071289
vt 0.596313 0.054138
vt 0.598145 0.045654
vt 0.592224 0.044861
vt 0.599915 0.037231
vt 0.593323 0.037659
vt 0.599854 0.021301
vt 0.593262 0.021667
vt 0.599792 0.006409
vt 0.592896 0.006470
vt 0.313171 0.440002
vt 0.315613 0.461792
vt 0.254150 0.447876
vt 0.254150 0.464539
vt 0.315613 0.461792
vt 0.321838 0.478455
vt 0.372192 0.461792
vt 0.392151 0.475342
vt 0.444458 0.427612
vt 0.457764 0.408691
vt 0.470337 0.405579
vt 0.426514 0.376404
vt 0.439636 0.370789
vt 0.412109 0.363342
vt 0.875977 0.662720
vt 0.847412 0.663269
vt 0.928894 0.646057
vt 0.960144 0.633545
vt 0.947632 0.623108
vt 0.985168 0.621033
vt 0.972656 0.610596
vt 0.990662 0.611633
vt 0.994080 0.602295
vt 0.557800 0.216431
vt 0.561035 0.208618
vt 0.560303 0.216675
vt 0.559082 0.208618
vt 0.555298 0.216187
vt 0.555237 0.208923
vt 0.552856 0.215881
vt 0.551880 0.207642
vt 0.550354 0.215637
vt 0.550354 0.207275
vt 0.593384 0.229004
vt 0.596436 0.222961
vt 0.596680 0.229858
vt 0.591919 0.223083
vt 0.587280 0.228516
vt 0.587463 0.223145
vt 0.581726 0.229553
vt 0.583008 0.223267
vt 0.578491 0.230530
vt 0.578491 0.223389
vt 0.593323 0.037659
vt 0.593323 0.029663
vt 0.593262 0.021667
vt 0.592896 0.006470
vt 0.599915 0.037231
vt 0.599915 0.029297
vt 0.599854 0.021301
vt 0.599792 0.006409
vt 0.524414 0.031006
vt 0.534546 0.009949
vt 0.524353 0.016052
vt 0.534058 0.028015
vt 0.524353 0.042908
vt 0.534485 0.044189
vt 0.548279 0.045715
vt 0.291870 0.339844
vt 0.326233 0.352539
vt 0.329529 0.341125
vt 0.376404 0.364502
vt 0.384583 0.355957
vt 0.401489 0.370422
vt 0.477539 0.459412
vt 0.462708 0.451416
vt 0.469177 0.461792
vt 0.434631 0.461792
vt 0.440613 0.488892
vt 0.393738 0.497559
vt 0.337524 0.494995
vt 0.591125 0.052002
vt 0.584595 0.055237
vt 0.593323 0.037659
vt 0.584778 0.039734
vt 0.593262 0.021667
vt 0.584534 0.022034
vt 0.592896 0.006470
vt 0.583618 0.006592
vt 0.947083 0.916687
vt 0.912476 0.837524
vt 0.862488 0.929199
vt 0.931213 0.966675
vt 0.888245 0.975220
vt 0.962463 1.000000
vt 0.814331 0.970642
vt 0.856201 1.000000
vt 0.718384 0.961365
vt 0.977051 0.894836
vt 0.993713 0.875000
vt 1.000000 0.950012
vt 0.956238 0.837524
vt 0.877930 0.793335
vt 0.868713 0.837524
vt 0.812500 0.758362
vt 0.799988 0.762512
vt 0.994080 0.602295
vt 0.993225 0.591431
vt 0.972656 0.610596
vt 0.935120 0.604370
vt 0.941406 0.613770
vt 0.910156 0.612732
vt 0.916382 0.623108
vt 0.872620 0.608521
vt 0.878906 0.629395
vt 0.981201 0.837524
vt 0.937500 0.770874
vt 0.913818 0.779480
vt 0.849976 0.737549
vt 0.831238 0.750000
vt 0.731201 0.700012
vt 0.311768 0.426392
vt 0.254150 0.427002
vt 0.311768 0.426392
vt 0.341980 0.427979
vt 0.079529 0.287292
vt 0.160583 0.267395
vt 0.153198 0.257629
vt 0.077454 0.280640
vt 0.137329 0.243713
vt 0.122375 0.236206
vt 0.147034 0.235840
vt 0.132507 0.226746
vt 0.833984 0.561584
vt 0.810120 0.579346
vt 0.791077 0.559631
vt 0.760620 0.568970
vt 0.760437 0.559082
vt 0.791077 0.559631
vt 0.931213 0.966675
vt 0.888245 0.975220
vt 0.962463 1.000000
vt 0.856201 1.000000
vt 0.547668 0.024963
vt 0.561584 0.023743
vt 0.562500 0.045654
vt 0.573547 0.023010
vt 0.573914 0.042786
vt 0.990662 0.611633
vt 0.985168 0.621033
vt 0.947632 0.623108
vt 0.960144 0.633545
vt 0.922668 0.633545
vt 0.928894 0.646057
vt 0.872620 0.647461
vt 0.623291 0.212036
vt 0.563477 0.249878
vt 0.563477 0.172302
vt 0.623291 0.251770
vt 0.593384 0.211548
vt 0.563477 0.249878
vt 0.563477 0.211121
vt 0.503723 0.247925
vt 0.503723 0.172302
vt 0.471680 0.448059
vt 0.456238 0.440979
vt 0.462708 0.451416
vt 0.434631 0.461792
vt 0.469177 0.461792
vt 0.440613 0.488892
vt 0.572083 0.168457
vt 0.621521 0.236389
vt 0.574097 0.238464
vt 0.620544 0.205994
vt 0.614563 0.169006
vt 0.620911 0.177368
vt 0.619446 0.177063
vt 0.622742 0.205811
vt 0.623047 0.205688
vt 0.596313 0.054138
vt 0.599915 0.037231
vt 0.593323 0.037659
vt 0.599854 0.021301
vt 0.593262 0.021667
vt 0.599792 0.006409
vt 0.592896 0.006470
vt 0.562927 0.054443
vt 0.562500 0.045654
vt 0.561584 0.023743
vt 0.560974 0.005676
vt 0.623291 0.171204
vt 0.563477 0.168457
vt 0.623291 0.168457
vt 0.563477 0.171204
vt 0.503723 0.172302
vt 0.503723 0.247925
vt 0.561401 0.211914
vt 0.623291 0.171204
vt 0.623291 0.217102
vt 0.561401 0.171204
vt 0.561401 0.211731
vt 0.561401 0.172302
vt 0.623291 0.217529
vt 0.623291 0.172302
vt 0.563354 0.063232
vt 0.564026 0.074829
vt 0.562500 0.045654
vt 0.561584 0.023743
vt 0.560974 0.005676
vt 0.724609 0.921448
vt 0.657532 0.912537
vt 0.137329 0.243713
vt 0.122375 0.236206
vt 0.132507 0.226746
vt 0.114746 0.218445
vt 0.105530 0.228210
vt 0.071045 0.216858
vt 0.074585 0.204712
vt 0.041443 0.200684
vt 0.007019 0.198547
vt 0.007019 0.213257
vt 0.041870 0.211609
vt 0.591614 0.211853
vt 0.577087 0.211487
vt 0.584351 0.213501
vt 0.573608 0.185059
vt 0.586060 0.182190
vt 0.580322 0.171021
vt 0.612000 0.176270
vt 0.607483 0.166260
vt 0.074158 0.205139
vt 0.042297 0.211792
vt 0.041687 0.201477
vt 0.007019 0.213257
vt 0.007019 0.198547
vt 0.041687 0.201477
vt 0.606567 0.189514
vt 0.603149 0.207153
vt 0.606384 0.208130
vt 0.602966 0.190552
vt 0.603699 0.184753
vt 0.589478 0.193176
vt 0.587769 0.187012
vt 0.587769 0.207703
vt 0.525574 0.277771
vt 0.616699 0.182373
vt 0.609253 0.209900
vt 0.614685 0.211853
vt 0.598694 0.184998
vt 0.598999 0.176819
vt 0.573181 0.184448
vt 0.573669 0.173706
vt 0.573669 0.208069
vt 0.654541 0.933533
vt 0.651978 0.946228
vt 0.721069 0.948486
vt 0.724609 0.921448
vt 0.806580 0.930298
vt 0.564636 0.204651
vt 0.504822 0.227539
vt 0.564026 0.223450
vt 0.507263 0.185913
vt 0.565247 0.185913
vt 0.507263 0.178894
vt 0.565247 0.178894
vt 0.557251 0.168457
vt 0.657532 0.912537
vt 0.384338 0.397217
vt 0.412476 0.382629
vt 0.536072 0.068604
vt 0.527649 0.071289
vt 0.537109 0.077332
vt 0.526489 0.063354
vt 0.524841 0.053467
vt 0.505920 0.182556
vt 0.518799 0.210327
vt 0.505920 0.210083
vt 0.518860 0.184326
vt 0.517273 0.176147
vt 0.561279 0.186157
vt 0.561890 0.177856
vt 0.275391 0.180908
vt 0.356812 0.256897
vt 0.449585 0.202881
vt 0.276733 0.256897
vt 0.356812 0.256897
vt 0.278564 0.319885
vt 0.357422 0.320007
vt 0.560791 0.207947
vt 0.569397 0.192688
vt 0.569275 0.208313
vt 0.558716 0.193542
vt 0.539246 0.195435
vt 0.533997 0.190979
vt 0.533997 0.208496
vt 0.567078 0.167969
vt 0.613037 0.169617
vt 0.611511 0.174805
vt 0.891418 0.589783
vt 0.891418 0.558533
vt 0.833984 0.561584
vt 0.834106 0.546509
vt 0.587585 0.070984
vt 0.575439 0.071411
vt 0.547974 0.035339
vt 0.562073 0.034729
vt 0.562500 0.045654
vt 0.547668 0.024963
vt 0.561584 0.023743
vt 0.560974 0.005676
vt 0.376526 0.401550
vt 0.330627 0.389648
vt 0.561401 0.214661
vt 0.507263 0.178894
vt 0.504822 0.219849
vt 0.561401 0.178894
vt 0.561401 0.185913
vt 0.561401 0.178894
vt 0.507263 0.185913
vt 0.599792 0.006409
vt 0.599854 0.021301
vt 0.599915 0.037231
vt 0.592468 0.211975
vt 0.594604 0.226257
vt 0.595398 0.212036
vt 0.584534 0.211243
vt 0.584290 0.210571
vt 0.575195 0.210876
vt 0.574829 0.211853
vt 0.507385 0.225037
vt 0.526489 0.230530
vt 0.507019 0.229431
vt 0.526428 0.226135
vt 0.525879 0.218506
vt 0.542419 0.216553
vt 0.541992 0.230957
vt 0.564026 0.074829
vt 0.563354 0.063232
vt 0.743713 0.691711
vt 0.756226 0.683350
vt 0.868713 0.725037
vt 0.575439 0.071411
vt 0.564392 0.081360
vt 0.587585 0.070984
vt 0.576843 0.077759
vt 0.524597 0.048218
vt 0.524841 0.053467
vt 0.524353 0.042908
vt 0.623291 0.185913
vt 0.507263 0.178894
vt 0.623291 0.178894
vt 0.507263 0.185913
vt 0.623291 0.220215
vt 0.504822 0.219299
vt 0.468384 0.422058
vt 0.498352 0.437134
vt 0.479004 0.435486
vt 0.507263 0.185913
vt 0.561401 0.178894
vt 0.507263 0.178894
vt 0.561401 0.185913
vt 0.504822 0.220215
vt 0.561401 0.214417
vt 0.941406 0.613770
vt 0.570862 0.215576
vt 0.549805 0.221863
vt 0.549133 0.216003
vt 0.571350 0.222229
vt 0.578979 0.222412
vt 0.575012 0.230286
vt 0.074158 0.205139
vt 0.042297 0.211792
vt 0.623291 0.172302
vt 0.561401 0.168457
vt 0.623291 0.168457
vt 0.561401 0.172302
vt 0.623291 0.217529
vt 0.561401 0.211731
vt 0.503723 0.172302
vt 0.623291 0.172302
vt 0.623291 0.209595
vt 0.623291 0.170776
vt 0.503723 0.168457
vt 0.623291 0.168457
vt 0.511108 0.206726
vt 0.623291 0.219299
vt 0.504822 0.227539
vt 0.623291 0.185913
vt 0.507385 0.185913
vt 0.507263 0.178894
vt 0.542297 0.215881
vt 0.541931 0.218140
vt 0.537537 0.217957
vt 0.550415 0.216614
vt 0.550293 0.210999
vt 0.558044 0.210815
vt 0.587585 0.070984
vt 0.575439 0.071411
vt 0.576843 0.077759
vt 0.564392 0.081360
vt 0.565125 0.175842
vt 0.619263 0.209595
vt 0.567688 0.239746
vt 0.620667 0.238525
vt 0.623291 0.185913
vt 0.507263 0.185913
vt 0.506042 0.202637
vt 0.507263 0.178894
vt 0.623291 0.178894
vt 0.623291 0.168457
vt 0.561401 0.324646
vt 0.313171 0.440002
vt 0.576111 0.332825
vt 0.312500 0.411804
vt 0.439636 0.370789
vt 0.426514 0.376404
vt 0.576294 0.230225
vt 0.592346 0.215881
vt 0.592834 0.229858
vt 0.576294 0.215393
vt 0.559937 0.232056
vt 0.557739 0.217285
vt 0.506836 0.182373
vt 0.550720 0.208008
vt 0.505493 0.211243
vt 0.551514 0.179016
vt 0.507263 0.172546
vt 0.552673 0.169128
vt 0.623291 0.185913
vt 0.575256 0.185913
vt 0.567200 0.205811
vt 0.564026 0.178894
vt 0.623291 0.178894
vt 0.623291 0.168457
vt 0.562561 0.202820
vt 0.623291 0.225098
vt 0.561096 0.226807
vt 0.623291 0.178894
vt 0.563721 0.184509
vt 0.564026 0.178894
vt 0.515198 0.176331
vt 0.513062 0.209290
vt 0.507996 0.209106
vt 0.514404 0.179626
vt 0.515808 0.168701
vt 0.555176 0.170532
vt 0.477539 0.459412
vt 0.552307 0.176819
vt 0.552246 0.216064
vt 0.557007 0.209961
vt 0.540955 0.180115
vt 0.546936 0.169373
vt 0.515808 0.171265
vt 0.597900 0.209167
vt 0.572205 0.208984
vt 0.507263 0.178894
vt 0.563721 0.185059
vt 0.564026 0.178894
vt 0.567017 0.205933
vt 0.504761 0.203674
vt 0.504700 0.228516
vt 0.592346 0.211121
vt 0.584167 0.211426
vt 0.592468 0.211975
vt 0.595398 0.212097
vt 0.105530 0.228210
vt 0.168457 0.261414
vt 0.572144 0.213379
vt 0.573303 0.226013
vt 0.524353 0.042908
vt 0.524841 0.053467
vt 0.254150 0.481201
vt 0.563354 0.178162
vt 0.559998 0.208923
vt 0.623291 0.178894
vt 0.623291 0.168457
vt 0.504822 0.168457
vt 0.589539 0.209351
vt 0.454163 0.272156
vt 0.454590 0.328064
vt 0.357422 0.320007
vt 0.509888 0.178894
vt 0.554871 0.178894
vt 0.509888 0.185913
vt 0.564026 0.168457
vt 0.504822 0.168457
vt 0.506531 0.232849
vt 0.547058 0.232544
vt 0.546875 0.229309
vt 0.535461 0.213318
vt 0.552002 0.225159
vt 0.546448 0.210327
vt 0.524353 0.226257
vt 0.523804 0.211792
vt 0.509644 0.232727
vt 0.510010 0.218140
vt 0.563477 0.209167
vt 0.563477 0.171204
vt 0.563477 0.180847
vt 0.503723 0.171204
vt 0.503723 0.245483
vt 0.542664 0.210327
vt 0.510254 0.181213
vt 0.557739 0.207703
vt 0.504761 0.208679
vt 0.553772 0.185913
vt 0.611755 0.181580
vt 0.621399 0.181763
vt 0.620728 0.205566
vt 0.613953 0.171143
vt 0.579041 0.169556
vt 0.572449 0.179382
vt 0.570801 0.208435
vt 0.610474 0.208984
vt 0.573242 0.226257
vt 0.574890 0.212036
vt 0.810120 0.579346
vt 0.759094 0.520508
vt 0.547485 0.006348
vt 0.508850 0.330566
vt 0.504822 0.220215
vt 0.561401 0.214417
vt 0.844543 0.593933
vt 0.504822 0.168457
vt 0.561401 0.168457
vt 0.507263 0.178894
vt 0.503723 0.168457
vt 0.503723 0.171204
vt 0.503723 0.172302
vt 0.623291 0.172302
vt 0.623291 0.171204
vt 0.623291 0.247925
vt 0.503723 0.223816
vt 0.992126 0.589722
vt 0.595886 0.210449
vt 0.575867 0.211121
vt 0.556030 0.213257
vt 0.560974 0.005676
vt 0.573181 0.006775
vt 0.293640 0.496460
vt 0.254150 0.491577
vt 0.716980 0.710449
vt 0.576843 0.077759
vt 0.506226 0.816711
vt 0.862488 0.875000
vt 0.868713 0.725037
vt 0.756226 0.683350
vt 0.449585 0.202881
vt 0.454163 0.272156
vt 0.743713 0.691711
vt 0.454590 0.328064
vt 0.546082 0.224854
vt 0.547485 0.006348
vt 0.161377 0.249817
vt 0.114746 0.218445
vt 0.518555 0.210693
vt 0.519287 0.223633
vt 0.512573 0.210022
vt 0.535156 0.212524
vt 0.554993 0.222107
vt 0.548035 0.209412
vt 0.593384 0.209595
vt 0.623291 0.248901
vt 0.563477 0.247192
vt 0.623291 0.210022
vt 0.563965 0.181335
vt 0.562073 0.211182
vt 0.563477 0.247192
vt 0.563477 0.171204
vt 0.623901 0.227539
vt 0.561401 0.229492
vt 0.623291 0.217773
vt 0.504822 0.201965
vt 0.504822 0.225098
vt 0.623291 0.178894
vt 0.560791 0.210266
vt 0.503723 0.222290
vt 0.623291 0.171204
vt 0.623291 0.245483
vt 0.503723 0.171204
vt 0.623291 0.223816
vt 0.503723 0.172302
vt 0.503723 0.217529
vt 0.623291 0.172302
vt 0.503723 0.217102
vt 0.623291 0.171204
vt 0.623291 0.222290
vt 0.503723 0.171204
vt 0.623291 0.172302
vt 0.563477 0.172302
vt 0.563477 0.171204
vt 0.503723 0.168457
vt 0.563477 0.168457
vt 0.503723 0.171204
vt 0.503723 0.168457
vt 0.623291 0.168457
vt 0.503723 0.168457
vt 0.623291 0.168457
vt 0.504822 0.168457
vt 0.561401 0.168457
vt 0.617798 0.206726
vt 0.507263 0.178894
vt 0.561401 0.214661
vt 0.504822 0.219849
vt 0.561401 0.178894
vt 0.623291 0.168457
vt 0.504822 0.168457
vt 0.504822 0.217773
vt 0.623291 0.178894
vt 0.507263 0.178894
vt 0.623291 0.219849
vt 0.527649 0.071289
vt 0.526489 0.063354
vt 0.758789 0.496033
vt 0.481018 0.402954
vt 0.978882 0.573120
vt 0.992798 0.588928
vt 0.875977 0.662720
vt 0.847412 0.663269
vt 0.649292 0.954956
vt 0.649292 0.954956
vt 0.504822 0.225098
vt 0.561340 0.200134
vt 0.564026 0.221436
vt 0.507263 0.178894
vt 0.623291 0.178894
vt 0.506042 0.198303
vt 0.507263 0.178894
vt 0.623291 0.219849
vt 0.623291 0.220215
vt 0.504822 0.219299
vt 0.558044 0.218628
vt 0.558044 0.216370
vt 0.562622 0.218628
vt 0.550232 0.218811
vt 0.537292 0.209473
vt 0.562195 0.189026
vt 0.596313 0.054138
vt 0.623291 0.171204
vt 0.623291 0.179688
vt 0.503723 0.217529
vt 0.623291 0.223816
vt 0.561401 0.168457
vt 0.623291 0.168457
vt 0.504700 0.231384
vt 0.561401 0.229492
vt 0.507263 0.184143
vt 0.507263 0.178894
vt 0.993225 0.591431
vt 0.834106 0.546509
vt 0.393738 0.497559
vt 0.594543 0.226074
vt 0.561401 0.171204
vt 0.561401 0.211914
vt 0.623291 0.171204
vt 0.623291 0.217102
vt 0.503723 0.245483
vt 0.503723 0.171204
vt 0.547485 0.006348
vt 0.567566 0.228516
vt 0.546143 0.227356
vt 0.503723 0.217102
vt 0.623291 0.171204
vt 0.503723 0.171204
vt 0.623291 0.222290
vt 0.623352 0.204895
vt 0.844543 0.593933
vt 0.547485 0.006348
vt 0.527649 0.071289
vt 0.526489 0.063354
vt 0.513428 0.211365
vt 0.578491 0.215576
vt 0.541992 0.210266
vt 0.623291 0.196716
vt 0.507263 0.184570
vt 0.718079 0.971802
vt 0.718079 0.971802
vt 0.561096 0.226807
vt 0.551819 0.207886
vt 0.504822 0.168457
vt 0.504822 0.168457
vt 0.564026 0.168457
vt 0.504822 0.217773
vt 0.558594 0.178894
vn -0.4869 0.7901 0.3724
vn 0.0235 0.9981 0.0564
vn -0.5389 0.8424 0.0000
vn -0.0193 0.9998 -0.0060
vn -0.1407 0.7815 0.6078
vn 0.0049 0.7909 0.6118
vn 0.2338 -0.2080 0.9498
vn 0.5808 -0.0652 0.8114
vn 0.1974 -0.8432 0.5000
vn 0.5451 -0.7065 0.4513
vn 0.4065 -0.9135 -0.0121
vn 0.8468 -0.4210 0.3250
vn 0.9324 -0.3614 0.0009
vn 0.7134 0.4406 0.5448
vn 0.7640 0.6452 0.0011
vn -0.0446 0.9551 0.2928
vn -0.1139 0.9935 0.0002
vn -0.3697 0.9273 0.0578
vn -0.4019 0.9157 0.0010
vn -0.1739 0.9847 -0.0020
vn -0.3607 0.9308 -0.0582
vn -0.2169 0.9760 0.0186
vn 0.0032 0.7877 -0.6160
vn -0.1391 0.7828 -0.6065
vn 0.2320 -0.2096 -0.9498
vn -0.1303 -0.1736 -0.9761
vn -0.1538 -0.8206 -0.5503
vn -0.7220 -0.5790 -0.3787
vn -0.2115 -0.9773 0.0143
vn -0.8195 -0.5722 -0.0308
vn -0.8457 -0.5336 0.0000
vn -0.9595 0.2643 -0.0971
vn -0.9725 0.2330 0.0000
vn -0.9595 0.2643 0.0971
vn -0.7108 0.0449 0.7019
vn -0.1325 -0.1711 0.9763
vn -0.7220 -0.5790 0.3787
vn -0.1557 -0.8212 0.5490
vn -0.2152 -0.9765 -0.0100
vn 0.0658 -0.9978 -0.0012
vn 0.0276 -0.9996 -0.0052
vn 0.3927 -0.9196 0.0000
vn 0.0608 -0.9981 0.0062
vn 0.4065 -0.9135 0.0121
vn 0.1958 -0.8424 -0.5019
vn 0.5447 -0.7068 -0.4513
vn 0.5797 -0.0661 -0.8121
vn 0.7120 0.4444 -0.5436
vn 0.0988 0.8230 -0.5594
vn -0.0483 0.9557 -0.2902
vn 0.3577 0.1134 -0.9269
vn 0.4795 0.1061 -0.8711
vn 0.3695 0.1934 -0.9089
vn 0.3887 0.0850 -0.9174
vn 0.1230 -0.0065 -0.9924
vn 0.1280 0.1441 -0.9812
vn -0.0666 0.2132 -0.9747
vn -0.0276 0.4098 -0.9117
vn -0.4407 0.3365 -0.8321
vn -0.4078 0.5867 -0.6996
vn -0.5602 0.6800 -0.4730
vn -0.0550 0.6592 -0.7499
vn -0.2973 0.8338 -0.4652
vn 0.0298 0.8445 -0.5347
vn -0.0436 0.9762 -0.2124
vn 0.2692 0.9288 -0.2547
vn -0.0191 0.9998 0.0000
vn 0.2771 0.9608 0.0000
vn 0.2692 0.9288 0.2547
vn 0.5929 0.7157 0.3692
vn 0.4186 0.6457 0.6386
vn 0.7093 0.5719 0.4120
vn 0.5056 0.5126 0.6940
vn 0.4848 0.7429 0.4616
vn 0.3281 0.6262 0.7072
vn 0.6684 0.2770 0.6903
vn 0.4229 0.1487 0.8939
vn 0.5332 -0.5647 0.6299
vn 0.3764 -0.3638 0.8520
vn 0.4182 -0.4472 0.7906
vn 0.3095 -0.3359 0.8896
vn 0.1502 -0.4611 0.8745
vn 0.5123 -0.5928 0.6213
vn 0.4942 -0.5958 0.6330
vn 0.4689 -0.6944 0.5458
vn 0.4895 -0.6368 0.5957
vn 0.4588 -0.6922 0.5571
vn 0.4855 -0.7711 0.4119
vn 0.3480 -0.8091 0.4735
vn 0.3928 -0.8410 0.3719
vn 0.6411 -0.5903 0.4904
vn 0.4455 -0.8771 0.1794
vn 0.7519 -0.5914 0.2913
vn 0.4542 -0.8908 0.0000
vn 0.7801 -0.6256 0.0000
vn 0.7519 -0.5914 -0.2913
vn 0.9234 -0.2030 -0.3256
vn 0.6411 -0.5903 -0.4904
vn 0.7790 -0.2304 -0.5831
vn 0.4952 -0.5774 -0.6491
vn 0.5967 -0.3209 -0.7355
vn 0.4583 -0.5599 -0.6902
vn 0.5271 -0.2174 -0.8215
vn 0.3095 -0.3359 -0.8896
vn 0.2258 0.9729 -0.0488
vn 0.3945 0.9137 0.0975
vn -0.2120 0.9749 0.0669
vn 0.9589 0.2785 0.0537
vn 0.9129 0.2784 -0.2985
vn 0.9796 -0.1690 0.1081
vn 0.9239 -0.2118 -0.3185
vn 0.7961 -0.5898 0.1352
vn 0.6008 -0.7329 -0.3193
vn 0.2792 -0.9596 0.0352
vn 0.2209 -0.9416 -0.2540
vn 0.0719 -0.9968 0.0354
vn -0.0244 -0.9744 -0.2235
vn -0.0802 -0.9952 -0.0560
vn -0.1821 -0.9810 -0.0669
vn -0.2221 -0.9654 -0.1365
vn -0.0125 -0.9229 -0.3848
vn -0.3107 -0.9505 -0.0016
vn 0.1222 -0.9925 0.0000
vn -0.0062 -0.9239 0.3826
vn 0.5844 -0.6401 0.4987
vn 0.6008 -0.7329 0.3193
vn 0.9239 -0.2118 0.3185
vn 0.7961 -0.5898 -0.1352
vn 0.9796 -0.1690 -0.1081
vn -0.3997 -0.9166 0.0000
vn -0.7867 -0.4047 -0.4660
vn -0.9634 -0.2680 0.0000
vn -0.1153 -0.9510 -0.2869
vn 0.7590 -0.6511 0.0000
vn 0.7150 -0.6924 0.0963
vn 0.9996 -0.0264 0.0000
vn 0.9626 -0.0787 0.2592
vn 0.7338 0.6793 0.0000
vn 0.6891 0.6594 0.3005
vn 0.2879 0.9245 0.2496
vn 0.5678 0.5912 0.5728
vn 0.1991 0.8766 0.4380
vn 0.4202 0.5643 0.7106
vn 0.0300 0.8899 0.4551
vn 0.3972 0.5470 0.7369
vn 0.0996 0.9450 0.3115
vn 0.7413 0.2102 0.6374
vn 0.7977 0.6025 -0.0248
vn 0.9615 -0.2421 -0.1295
vn 0.4795 0.1061 0.8711
vn 0.3577 0.1134 0.9269
vn 0.3695 0.1934 0.9089
vn 0.3887 0.0850 0.9174
vn 0.4447 0.0440 0.8946
vn 0.3552 0.0727 0.9319
vn 0.2972 0.1285 0.9461
vn 0.1280 0.1441 0.9812
vn 0.1687 0.2968 0.9399
vn -0.0276 0.4098 0.9117
vn -0.0550 0.6592 0.7499
vn -0.4078 0.5867 0.6996
vn -0.5602 0.6800 0.4730
vn -0.4407 0.3365 0.8321
vn -0.7580 0.3996 0.5155
vn -0.8439 0.0269 0.5357
vn -0.9799 -0.0401 0.1955
vn -0.9504 -0.2788 0.1375
vn -0.9222 -0.3864 0.0141
vn 0.6598 -0.6079 0.4416
vn 0.8669 0.1141 0.4851
vn 0.6356 -0.7349 0.2363
vn 0.9430 0.1695 0.2863
vn 0.6649 -0.7465 0.0225
vn 0.9993 -0.0224 0.0287
vn 0.9447 0.1668 -0.2823
vn 0.6539 0.7238 -0.2203
vn 0.6236 0.7168 -0.3119
vn 0.7033 0.5841 -0.4052
vn 0.4778 0.7501 -0.4572
vn 0.4941 0.5226 -0.6948
vn 0.3063 0.6254 -0.7176
vn 0.3687 0.4294 -0.8244
vn 0.2704 0.4900 -0.8287
vn 0.2385 0.4085 -0.8810
vn 0.5844 -0.6401 -0.4987
vn 0.7004 -0.7137 0.0000
vn 0.8801 0.0475 -0.4723
vn 0.9971 0.0755 0.0000
vn 0.5225 0.7641 -0.3782
vn 0.5452 0.8383 0.0000
vn -0.1364 0.9302 -0.3408
vn -0.0687 0.9976 0.0000
vn -0.3392 0.9407 0.0000
vn -0.1364 0.9302 0.3408
vn -0.2503 0.9563 0.1510
vn -0.1638 0.9705 0.1770
vn -0.1303 0.9863 0.1009
vn -0.0396 0.9977 0.0550
vn 0.6910 0.5440 0.4759
vn 0.6737 0.7158 0.1836
vn 0.6282 0.7043 0.3305
vn 0.8122 0.4874 0.3206
vn 0.6864 0.0672 0.7241
vn 0.8428 0.0867 0.5312
vn 0.5383 -0.1966 0.8195
vn 0.7310 -0.2330 0.6413
vn 0.4986 -0.5543 0.6664
vn 0.9032 -0.4112 0.1230
vn 0.6036 -0.7754 0.1855
vn 0.5571 -0.7963 -0.2357
vn 0.2607 -0.9322 0.2508
vn 0.2349 -0.9653 -0.1140
vn 0.0868 -0.9522 0.2929
vn 0.0904 -0.9956 -0.0225
vn 0.0994 0.8238 0.5581
vn -0.2071 0.9780 -0.0252
vn 0.0171 0.9998 -0.0038
vn -0.0267 0.9996 0.0056
vn 0.0235 0.9981 -0.0564
vn -0.4869 0.7901 -0.3724
vn 0.5992 0.6819 -0.4194
vn 0.6030 0.3597 -0.7121
vn 0.1734 0.8815 -0.4391
vn 0.6829 0.5116 -0.5214
vn 0.7843 0.5911 -0.1881
vn 0.7295 0.2493 -0.6369
vn 0.9623 0.1926 -0.1921
vn 0.7259 -0.0836 -0.6827
vn 0.9711 -0.1681 -0.1693
vn 0.6125 -0.3880 -0.6886
vn 0.8310 -0.5264 -0.1795
vn 0.3924 -0.6695 -0.6306
vn 0.5257 -0.8292 -0.1898
vn 0.2426 -0.8004 -0.5482
vn 0.3966 -0.9060 -0.1476
vn 0.6174 0.7119 0.3346
vn 0.6667 0.7113 0.2223
vn 0.7209 0.6926 0.0243
vn 0.7705 0.6373 0.0090
vn 0.5921 0.8059 0.0000
vn 0.5929 0.7157 -0.3692
vn 0.1991 0.8766 -0.4380
vn 0.4202 0.5643 -0.7106
vn 0.0300 0.8899 -0.4551
vn 0.5678 0.5912 -0.5728
vn 0.2879 0.9245 -0.2496
vn 0.6891 0.6594 -0.3005
vn 0.9626 -0.0787 -0.2592
vn 0.7150 -0.6924 -0.0963
vn -0.1153 -0.9510 0.2869
vn -0.7867 -0.4047 0.4660
vn 0.4182 -0.4472 -0.7906
vn 0.3852 -0.4208 -0.8213
vn 0.4282 -0.3044 -0.8509
vn 0.4942 -0.5958 -0.6330
vn 0.5123 -0.5928 -0.6213
vn 0.4258 -0.7030 -0.5696
vn 0.4689 -0.6683 -0.5775
vn 0.3945 -0.7785 -0.4881
vn 0.4915 -0.7723 -0.4024
vn 0.3928 -0.8410 -0.3719
vn 0.4455 -0.8771 -0.1794
vn -0.0980 -0.4755 -0.8742
vn -0.2466 -0.7238 -0.6444
vn -0.1659 -0.3762 -0.9115
vn -0.0486 -0.8032 -0.5936
vn 0.1833 -0.5248 -0.8312
vn 0.4240 -0.6895 -0.5872
vn 0.3160 -0.2267 -0.9212
vn 0.6438 -0.3276 -0.6915
vn 0.4236 0.1068 -0.8995
vn 0.7602 0.0782 -0.6449
vn 0.4340 0.6500 -0.6238
vn 0.7123 0.5496 -0.4366
vn 0.3662 0.9024 -0.2269
vn 0.5579 0.8183 -0.1386
vn 0.0511 -0.7979 0.6005
vn -0.1575 -0.4580 0.8749
vn -0.2600 -0.6943 0.6710
vn 0.2978 -0.4945 0.8166
vn 0.6001 -0.5685 0.5628
vn 0.3699 -0.1122 0.9223
vn 0.7446 -0.1514 0.6501
vn 0.3444 0.3949 0.8517
vn 0.7291 0.2615 0.6324
vn 0.1964 0.8895 0.4125
vn 0.5525 0.7333 0.3962
vn 0.0303 0.9966 0.0759
vn 0.2607 0.9579 0.1198
vn 0.3566 -0.9115 0.2049
vn 0.5958 -0.5097 0.6207
vn 0.4098 -0.8427 0.3490
vn 0.5790 -0.7091 0.4023
vn 0.7543 -0.6552 0.0404
vn 0.7951 -0.0348 0.6055
vn 0.9880 0.0817 0.1306
vn 0.5018 0.5894 0.6330
vn 0.6286 0.7589 0.1698
vn -0.0031 0.8700 0.4930
vn -0.0107 0.9772 0.2121
vn -0.3202 0.8428 0.4326
vn -0.1852 0.9487 0.2561
vn 0.0331 0.9376 0.3460
vn -0.0411 0.9978 -0.0515
vn -0.1621 0.8966 0.4120
vn 0.1473 0.9879 0.0484
vn 0.3839 0.8224 0.4198
vn 0.0531 0.9948 -0.0866
vn 0.4658 0.8812 0.0809
vn 0.0281 0.9579 -0.2855
vn 0.6323 0.7489 -0.1983
vn 0.0502 0.8250 -0.5629
vn 0.5265 0.5818 -0.6199
vn 0.0247 0.7014 -0.7123
vn 0.3663 0.4583 -0.8098
vn -0.1354 -0.8368 0.5304
vn 0.5685 -0.8194 -0.0735
vn -0.2832 -0.7759 0.5637
vn 0.4361 -0.8946 -0.0971
vn 0.2303 -0.9468 -0.2246
vn 0.5563 -0.2790 -0.7827
vn 0.3681 -0.2578 -0.8933
vn 0.3972 0.5470 -0.7369
vn 0.7413 0.2102 -0.6374
vn 0.0996 0.9450 -0.3115
vn 0.0298 0.8445 0.5347
vn 0.2810 0.5978 0.7507
vn 0.2385 0.4085 0.8810
vn 0.2257 0.3991 0.8887
vn 0.2456 0.2600 0.9338
vn 0.5506 -0.1152 0.8267
vn -0.3319 -0.9267 0.1760
vn -0.4520 -0.8056 0.3829
vn -0.5979 -0.7820 0.1758
vn -0.3037 -0.9290 0.2112
vn -0.2822 -0.9593 0.0037
vn -0.2843 -0.9499 0.1293
vn 0.0650 -0.9564 0.2848
vn 0.1138 -0.8143 0.5691
vn 0.3852 -0.4208 0.8213
vn 0.4282 -0.3044 0.8509
vn 0.3239 0.0796 0.9427
vn 0.0873 0.1830 0.9792
vn 0.5271 -0.2174 0.8215
vn 0.4658 -0.5791 0.6690
vn 0.5967 -0.3209 0.7355
vn 0.4952 -0.5774 0.6491
vn 0.7790 -0.2304 0.5831
vn 0.9234 -0.2030 0.3256
vn -0.0688 0.9605 -0.2695
vn -0.1361 0.5997 -0.7885
vn -0.2481 0.9279 -0.2782
vn 0.2132 0.6477 -0.7314
vn 0.4354 0.7822 -0.4456
vn 0.3042 0.0493 -0.9513
vn 0.6761 0.1746 -0.7158
vn 0.2015 -0.6813 -0.7037
vn 0.5027 -0.6824 -0.5307
vn 0.0043 -0.9672 -0.2539
vn 0.1256 -0.9649 -0.2304
vn -0.4921 -0.0059 -0.8705
vn -0.3979 -0.4888 -0.7763
vn -0.6803 0.1798 -0.7105
vn 0.0607 -0.2427 -0.9682
vn 0.5902 -0.0880 -0.8024
vn 0.9681 -0.1747 -0.1796
vn 0.9615 -0.2421 0.1295
vn 0.8513 -0.5245 0.0086
vn 0.6527 -0.5712 0.4976
vn 0.6372 -0.7105 0.2984
vn 0.8287 -0.5447 -0.1281
vn 0.6827 -0.0896 -0.7252
vn 0.6417 -0.0617 -0.7644
vn 0.0136 0.5616 -0.8273
vn -0.0985 0.3767 -0.9211
vn -0.5121 0.5410 -0.6671
vn -0.2114 0.1267 -0.9691
vn -0.6064 0.3262 -0.7252
vn 0.2792 -0.9596 -0.0352
vn 0.2209 -0.9416 0.2540
vn 0.1140 -0.9933 -0.0171
vn 0.0207 -0.9677 0.2512
vn -0.0712 -0.9960 0.0533
vn -0.1675 -0.9858 0.0127
vn -0.2309 -0.9680 0.0982
vn 0.0161 0.9923 -0.1223
vn -0.1028 0.9763 -0.1903
vn -0.2065 0.9210 -0.3302
vn -0.2998 0.8424 -0.4477
vn -0.2594 0.8027 -0.5370
vn -0.3995 -0.4260 0.8117
vn -0.3530 -0.0931 0.9310
vn -0.1126 -0.0636 0.9916
vn -0.3389 0.3780 0.8615
vn -0.1128 0.4327 0.8944
vn -0.2250 0.8865 0.4043
vn -0.0988 0.9100 0.4027
vn -0.1350 0.9892 0.0573
vn -0.1098 0.9922 0.0591
vn -0.6619 0.6872 0.2994
vn -0.8877 0.4033 0.2220
vn -0.7422 0.6701 0.0000
vn -0.9533 0.3020 0.0003
vn -0.8865 0.4060 -0.2218
vn -0.9799 -0.0338 -0.1965
vn -0.7572 0.4002 -0.5162
vn -0.8440 0.0262 -0.5357
vn 0.1687 0.2968 -0.9399
vn 0.2257 0.3991 -0.8887
vn 0.2456 0.2600 -0.9338
vn 0.2668 0.4953 -0.8267
vn 0.4002 0.2032 -0.8936
vn 0.3869 -0.3653 -0.8466
vn -0.6661 -0.7391 0.1006
vn -0.6630 -0.7479 -0.0327
vn -0.5974 -0.7152 0.3626
vn -0.4804 -0.6235 0.6168
vn -0.2227 -0.6452 0.7308
vn -0.1890 -0.3682 0.9103
vn 0.1211 -0.4295 0.8949
vn 0.0734 -0.2821 0.9566
vn 0.3209 -0.3391 0.8843
vn -0.6155 0.0999 0.7818
vn -0.3661 0.1316 0.9212
vn -0.6435 0.0322 0.7647
vn -0.4676 0.1450 0.8719
vn -0.6449 0.1270 0.7536
vn -0.6411 0.1275 0.7568
vn -0.6302 0.1373 0.7642
vn -0.7885 0.1180 0.6036
vn -0.6875 0.1458 0.7114
vn -0.9242 0.0840 0.3724
vn 0.6957 -0.0103 -0.7183
vn 0.6678 0.0127 -0.7442
vn 0.7820 -0.0463 -0.6215
vn 0.6251 0.0147 -0.7804
vn 0.6253 0.0011 -0.7804
vn 0.6358 -0.0070 -0.7718
vn 0.5476 0.0141 -0.8366
vn 0.6240 -0.0169 -0.7812
vn 0.5412 0.0017 -0.8408
vn 0.6330 -0.0476 -0.7726
vn -0.0051 -0.2019 -0.9794
vn 0.0706 0.1000 -0.9925
vn 0.1625 0.7306 -0.6631
vn 0.1216 0.9587 -0.2571
vn -0.1105 -0.1245 -0.9860
vn -0.1260 0.0500 -0.9908
vn 0.0172 0.6662 -0.7456
vn 0.0804 0.9794 -0.1852
vn 0.7540 -0.4959 -0.4306
vn 0.5105 -0.8588 0.0417
vn 0.7287 -0.6569 -0.1934
vn 0.7811 -0.5357 -0.3208
vn 0.6343 0.0614 -0.7706
vn 0.7871 0.1338 -0.6021
vn 0.9541 0.2512 -0.1631
vn 0.6347 -0.7337 -0.2424
vn 0.8520 0.1000 -0.5139
vn 0.6392 -0.5983 -0.4831
vn 0.6627 0.3110 -0.6813
vn 0.5372 -0.5661 -0.6253
vn 0.4243 0.1162 -0.8980
vn 0.1330 -0.0767 -0.9881
vn -0.0591 0.0496 -0.9970
vn -0.0341 -0.0126 -0.9993
vn -0.5142 0.0189 -0.8574
vn -0.5307 -0.1801 -0.8282
vn -0.8435 -0.1181 -0.5239
vn -0.9517 -0.2754 -0.1356
vn -0.0927 0.5546 0.8269
vn 0.2057 0.6457 0.7353
vn -0.0121 -0.0246 0.9996
vn 0.3240 0.0820 0.9425
vn 0.1915 -0.7572 0.6244
vn 0.3380 -0.7198 0.6063
vn 0.2688 -0.9448 0.1874
vn 0.2546 -0.9560 0.1459
vn 0.0607 -0.2427 0.9682
vn 0.5902 -0.0880 0.8024
vn 0.3681 -0.2578 0.8933
vn -0.1638 -0.7443 0.6473
vn 0.0544 -0.9421 0.3309
vn -0.3729 -0.9211 0.1112
vn 0.2303 -0.9468 0.2246
vn -0.2687 -0.8047 -0.5293
vn -0.2832 -0.7759 -0.5637
vn -0.4921 -0.0059 0.8705
vn -0.6803 0.1798 0.7105
vn -0.3979 -0.4888 0.7763
vn -0.2114 0.1267 0.9691
vn 0.6417 -0.0617 0.7644
vn 0.9681 -0.1747 0.1796
vn 0.8513 -0.5245 -0.0086
vn 0.6527 -0.5712 -0.4976
vn 0.3209 -0.3391 -0.8843
vn 0.4449 -0.3068 -0.8413
vn 0.1211 -0.4295 -0.8949
vn 0.1138 -0.8143 -0.5691
vn -0.1590 -0.7863 -0.5969
vn -0.2843 -0.9499 -0.1293
vn -0.3037 -0.9290 -0.2112
vn -0.2822 -0.9593 -0.0037
vn -0.3319 -0.9267 -0.1760
vn -0.6064 0.3262 0.7252
vn -0.5121 0.5410 0.6671
vn -0.0985 0.3767 0.9211
vn 0.0136 0.5616 0.8273
vn 0.6827 -0.0896 0.7252
vn 0.8287 -0.5447 0.1281
vn -0.3533 0.8857 -0.3011
vn -0.3782 0.9257 0.0000
vn -0.3533 0.8857 0.3011
vn -0.2973 0.8338 0.4652
vn 0.8801 0.0475 0.4723
vn 0.9129 0.2784 0.2985
vn 0.2258 0.9729 0.0488
vn 0.5225 0.7641 0.3782
vn -0.2250 0.9741 -0.0199
vn -0.1880 0.9693 0.1584
vn -0.2120 0.9749 -0.0669
vn -0.1445 0.9895 0.0013
vn 0.1044 -0.9009 0.4212
vn -0.2064 -0.9400 0.2716
vn -0.3090 -0.9123 0.2687
vn -0.3235 -0.9462 0.0000
vn -0.2663 -0.9639 0.0000
vn -0.3090 -0.9123 -0.2687
vn -0.1638 -0.7443 -0.6473
vn 0.0544 -0.9421 -0.3309
vn -0.3729 -0.9211 -0.1112
vn -0.2687 -0.8047 0.5293
vn 0.8236 -0.5668 0.0178
vn 0.7715 -0.5754 0.2715
vn 0.8963 0.3765 0.2341
vn 0.6077 -0.6426 0.4666
vn 0.6646 0.2386 0.7080
vn 0.0734 -0.2821 -0.9566
vn -0.1890 -0.3682 -0.9103
vn -0.2227 -0.6452 -0.7308
vn -0.4804 -0.6235 -0.6168
vn -0.4520 -0.8056 -0.3829
vn -0.5974 -0.7152 -0.3626
vn -0.5979 -0.7820 -0.1758
vn 0.9863 0.1304 0.1013
vn 0.9348 0.1294 0.3308
vn 0.9211 -0.2369 0.3088
vn 0.9897 0.1428 -0.0077
vn 0.9727 0.1353 -0.1887
vn 0.9373 0.1617 -0.3088
vn 0.9046 0.1621 -0.3942
vn 0.8764 0.1372 -0.4616
vn 0.8404 -0.2395 -0.4860
vn 0.1230 -0.0065 0.9924
vn -0.0666 0.2132 0.9747
vn -0.0591 0.0496 0.9970
vn -0.5142 0.0189 0.8574
vn -0.0341 -0.0126 0.9993
vn -0.5307 -0.1801 0.8282
vn -0.3919 -0.7895 -0.4723
vn -0.6363 -0.0698 -0.7682
vn -0.6416 -0.0750 -0.7634
vn -0.6294 -0.0850 -0.7724
vn -0.5684 -0.8158 -0.1072
vn -0.8040 -0.4609 -0.3756
vn -0.4870 -0.3716 0.7903
vn -0.6113 -0.2174 0.7609
vn -0.1038 -0.1179 0.9876
vn -0.2520 0.4761 -0.8425
vn -0.1653 -0.0209 -0.9860
vn -0.0168 -0.0579 -0.9982
vn -0.0377 -0.7613 -0.6473
vn 0.0320 -0.7641 -0.6443
vn 0.0449 -0.9921 -0.1169
vn 0.0278 -0.9912 -0.1289
vn 0.9422 -0.1888 0.2768
vn 0.9490 0.1810 0.2579
vn 0.7383 0.6573 0.1511
vn 0.4791 0.8776 0.0120
vn 0.3906 -0.9189 0.0537
vn -0.0695 -0.9939 -0.0849
vn -0.1797 -0.9747 -0.1327
vn 0.4641 -0.8770 0.1244
vn 0.8731 -0.2377 0.4256
vn 0.8910 0.1157 0.4390
vn -0.6988 0.0131 0.7152
vn -0.1559 0.0251 0.9874
vn -0.1585 0.0222 0.9871
vn -0.7596 -0.0021 0.6504
vn -0.5909 -0.0323 -0.8061
vn -0.4839 -0.6142 -0.6233
vn 0.1895 -0.0183 -0.9817
vn 0.2259 -0.6576 -0.7186
vn 0.5506 0.8227 -0.1416
vn 0.0189 0.9990 0.0402
vn 0.9354 0.1709 -0.3095
vn 0.6965 -0.6606 -0.2802
vn 0.3070 -0.9274 -0.2134
vn 0.6846 -0.2628 -0.6799
vn 0.8485 -0.1700 -0.5011
vn -0.2250 0.9741 0.0199
vn -0.1880 0.9693 -0.1584
vn -0.1445 0.9895 -0.0013
vn -0.0403 0.9941 -0.1001
vn -0.2068 0.9446 -0.2549
vn -0.1638 0.9705 -0.1770
vn -0.0396 0.9977 -0.0550
vn -0.1303 0.9863 -0.1009
vn -0.1606 0.9870 0.0000
vn -0.3021 0.9533 0.0000
vn -0.2503 0.9563 -0.1510
vn 0.4162 0.1880 -0.8896
vn 0.6859 0.4151 -0.5976
vn 0.6539 0.6713 -0.3489
vn 0.7543 0.1883 -0.6290
vn 0.3417 0.3656 -0.8657
vn 0.2694 0.6410 -0.7186
vn -0.0947 0.3384 -0.9362
vn -0.0580 0.5529 -0.8312
vn -0.1001 -0.9936 0.0528
vn -0.3793 -0.9164 0.1277
vn -0.2141 -0.9767 -0.0130
vn -0.4190 -0.9079 -0.0122
vn -0.1470 -0.9891 -0.0096
vn -0.2148 -0.9765 0.0152
vn 0.9742 0.1728 0.1447
vn 0.9278 0.0446 0.3704
vn 0.9989 -0.0396 -0.0255
vn 0.8255 0.3194 0.4652
vn 0.7559 0.5141 0.4053
vn -0.1228 0.2750 0.9536
vn 0.2665 0.5954 0.7579
vn -0.4107 -0.1261 0.9030
vn 0.8455 -0.4243 -0.3241
vn 0.9573 -0.2853 0.0458
vn 0.9712 0.0360 0.2356
vn 0.7754 0.0848 0.6258
vn 0.8778 -0.3578 -0.3184
vn 0.6975 -0.6567 -0.2868
vn 0.3304 -0.2287 -0.9157
vn 0.5481 -0.4961 -0.6734
vn -0.5764 -0.0441 -0.8160
vn 0.5685 -0.8194 0.0735
vn -0.1354 -0.8368 -0.5304
vn 0.4361 -0.8946 0.0971
vn 0.6846 -0.2628 0.6799
vn 0.5563 -0.2790 0.7827
vn 0.6321 -0.0489 -0.7733
vn 0.6325 -0.0497 -0.7729
vn 0.6336 -0.0476 -0.7721
vn 0.5817 0.3382 -0.7397
vn 0.5786 0.3489 -0.7372
vn 0.2412 0.9025 -0.3568
vn 0.1841 0.9391 -0.2899
vn -0.0793 0.9962 0.0339
vn 0.8485 -0.1700 0.5011
vn 0.3687 0.4294 0.8244
vn 0.2704 0.4900 0.8287
vn 0.1554 -0.7116 0.6852
vn -0.3579 -0.6054 0.7109
vn 0.0509 -0.7470 0.6628
vn 0.0596 -0.5183 0.8531
vn 0.3946 -0.3178 0.8621
vn 0.6977 -0.2528 -0.6703
vn 0.3058 0.0117 -0.9520
vn 0.6497 0.0233 -0.7598
vn 0.3136 -0.3305 -0.8901
vn 0.1364 -0.7010 -0.7000
vn -0.1309 -0.3394 -0.9315
vn -0.1339 -0.6536 -0.7448
vn 0.7184 -0.6956 0.0000
vn 0.5835 -0.7692 -0.2603
vn 0.6901 -0.6772 -0.2552
vn 0.6185 -0.7858 0.0000
vn 0.5835 -0.7692 0.2603
vn 0.5375 -0.8433 0.0000
vn 0.5153 -0.8033 0.2986
vn -0.4100 0.0468 -0.9109
vn -0.2555 0.1925 -0.9474
vn -0.0727 -0.0078 -0.9973
vn -0.4977 0.4067 -0.7660
vn -0.8489 0.4313 -0.3054
vn -0.8094 0.5813 -0.0836
vn -0.9290 0.1115 0.3529
vn 0.3617 -0.8643 0.3496
vn 0.0115 -0.7582 0.6519
vn 0.3154 -0.2756 0.9080
vn 0.0650 -0.9564 -0.2848
vn 0.4711 -0.6537 -0.5922
vn 0.1044 -0.9009 -0.4212
vn 0.4785 -0.6713 -0.5660
vn -0.1840 -0.8708 -0.4559
vn 0.1545 -0.9083 -0.3888
vn 0.9962 0.0092 0.0869
vn 0.9516 0.0255 -0.3062
vn 0.8605 -0.4089 -0.3037
vn 0.8881 0.4595 -0.0049
vn 0.8314 0.5146 -0.2096
vn 0.5920 0.8024 -0.0752
vn 0.2810 0.5978 -0.7507
vn 0.4186 0.6457 -0.6386
vn -0.8238 -0.0229 -0.5663
vn -0.1512 0.0182 -0.9883
vn -0.1517 0.0186 -0.9882
vn -0.8383 0.0031 -0.5452
vn -0.4863 0.2347 0.8417
vn -0.4780 0.7510 0.4555
vn 0.1336 0.3325 0.9336
vn 0.2237 -0.9382 0.2640
vn 0.0805 -0.7596 0.6454
vn -0.2248 -0.0587 0.9726
vn 0.7046 -0.4445 0.5532
vn 0.6260 0.0133 0.7797
vn 0.7513 0.0057 0.6599
vn 0.6221 -0.3965 0.6751
vn 0.2637 -0.9531 0.1483
vn -0.0643 -0.9542 0.2920
vn -0.5183 -0.6796 -0.5190
vn 0.3599 0.8622 0.3565
vn 0.8234 0.3717 0.4288
vn 0.8758 0.2826 0.3912
vn 0.2433 0.9565 0.1606
vn -0.6684 0.6386 -0.3814
vn -0.4802 0.7247 -0.4941
vn -0.8537 0.0791 -0.5147
vn 0.4915 -0.8585 0.1462
vn 0.7580 -0.6066 0.2398
vn 0.4009 0.4164 0.8160
vn -0.3263 0.8283 0.4554
vn -0.3633 0.7439 0.5609
vn 0.3634 -0.8454 0.3913
vn 0.4064 -0.9072 0.1087
vn -0.0548 -0.8618 0.5042
vn 0.1752 -0.9251 0.3367
vn 0.4475 -0.0626 -0.8921
vn 0.3582 -0.2548 -0.8982
vn 0.5646 0.1268 -0.8156
vn 0.2247 0.3113 0.9233
vn 0.0599 0.8563 0.5130
vn 0.0241 0.9158 0.4008
vn 0.2252 0.3189 0.9206
vn 0.2692 -0.0259 0.9627
vn 0.2747 -0.0351 0.9609
vn 0.2972 0.1285 -0.9461
vn 0.4447 0.0440 -0.8946
vn 0.3552 0.0727 -0.9319
vn 0.1336 0.3325 -0.9336
vn -0.4780 0.7510 -0.4555
vn -0.0093 0.8751 -0.4838
vn -0.4863 0.2347 -0.8417
vn 0.1849 -0.0229 -0.9825
vn -0.5459 -0.0469 -0.8365
vn -0.1590 -0.7863 0.5969
vn 0.2855 0.8969 -0.3376
vn -0.0919 0.9952 0.0330
vn -0.1220 0.9416 -0.3138
vn 0.3701 0.9250 -0.0857
vn 0.6997 0.6984 -0.1506
vn 0.6962 0.7171 0.0333
vn -0.0935 -0.9928 -0.0745
vn -0.3999 -0.9078 -0.1261
vn 0.2259 -0.6576 0.7186
vn 0.1481 -0.9881 0.0408
vn 0.1445 -0.9882 0.0511
vn -0.4839 -0.6142 0.6233
vn 0.1895 -0.0183 0.9817
vn -0.5909 -0.0323 0.8061
vn 0.2681 -0.6697 0.6925
vn 0.2912 -0.4342 0.8524
vn 0.2660 0.0201 0.9637
vn 0.1888 -0.9508 0.2456
vn 0.1220 -0.9907 0.0606
vn 0.1248 -0.9875 0.0964
vn 0.6263 -0.0645 0.7769
vn 0.6260 -0.0516 0.7781
vn 0.6322 -0.0775 0.7709
vn 0.5706 0.3308 0.7516
vn 0.5889 0.2793 0.7584
vn 0.2379 0.9049 0.3529
vn 0.4173 0.8946 -0.1600
vn 0.6324 0.6692 -0.3901
vn 0.7486 0.6221 -0.2290
vn 0.2027 0.9183 -0.3399
vn -0.0550 0.9969 0.0557
vn -0.2207 0.9665 -0.1310
vn -0.1531 0.9882 0.0067
vn 0.0789 0.9937 -0.0787
vn -0.0418 0.9964 0.0735
vn -0.1329 0.9832 0.1250
vn 0.6365 -0.2583 0.7267
vn 0.3734 0.0282 0.9272
vn 0.6354 0.0792 0.7681
vn 0.6041 0.0690 0.7938
vn 0.2267 0.3102 -0.9232
vn 0.2229 0.3168 -0.9219
vn 0.2708 -0.0327 -0.9621
vn 0.0599 0.8563 -0.5130
vn 0.0241 0.9158 -0.4008
vn -0.0951 0.9955 0.0035
vn -0.2120 -0.9772 -0.0048
vn -0.6619 0.6872 -0.2994
vn -0.8195 -0.5722 0.0308
vn -0.0436 0.9762 0.2124
vn 0.4002 0.2032 0.8936
vn 0.2668 0.4953 0.8267
vn -0.1015 -0.9910 0.0868
vn 0.3541 -0.9132 -0.2016
vn -0.1339 -0.9814 -0.1376
vn 0.4020 -0.9137 -0.0592
vn -0.0446 -0.9663 0.2535
vn 0.4904 -0.8676 0.0821
vn 0.2097 -0.3345 0.9188
vn 0.6009 -0.0179 0.7991
vn 0.2046 -0.0262 0.9785
vn 0.5367 -0.2934 0.7911
vn 0.1625 -0.6249 0.7636
vn 0.4852 -0.5314 0.6943
vn 0.8244 0.3317 -0.4585
vn 0.8430 0.3044 -0.4433
vn 0.8861 -0.0824 -0.4561
vn 0.3681 0.9054 -0.2115
vn 0.2927 0.9367 -0.1918
vn -0.0898 0.9955 0.0292
vn -0.8654 0.0583 0.4976
vn -0.8640 0.0605 0.4997
vn -0.8627 0.0558 0.5026
vn -0.8593 0.1098 0.4994
vn -0.8439 0.1948 0.4999
vn -0.7201 0.5030 0.4778
vn 0.5367 0.2543 0.8045
vn 0.2461 -0.0090 0.9692
vn 0.6384 -0.0064 0.7696
vn 0.0458 0.3295 0.9430
vn 0.1241 0.6437 0.7551
vn -0.3613 0.5207 0.7735
vn 0.1330 -0.0767 0.9881
vn 0.9113 0.2527 0.3251
vn 0.9807 0.0748 0.1807
vn 0.9309 -0.0316 -0.3639
vn 0.5498 0.4217 0.7210
vn 0.5367 0.6077 0.5854
vn 0.1347 0.7103 0.6908
vn 0.8773 -0.0103 -0.4799
vn 0.1148 -0.0379 -0.9926
vn -0.9738 0.1409 -0.1782
vn -0.9557 0.1416 -0.2580
vn -0.8691 0.4878 -0.0819
vn -0.9686 0.0479 -0.2438
vn -0.9759 0.0656 -0.2082
vn -0.9735 0.0510 -0.2228
vn 0.3581 -0.9291 -0.0922
vn -0.4197 -0.6955 -0.5832
vn -0.3389 -0.7048 -0.6232
vn -0.6459 -0.0909 -0.7579
vn -0.2068 0.9446 0.2549
vn 0.9589 0.2785 -0.0537
vn -0.6167 -0.0943 -0.7815
vn -0.6340 -0.0456 -0.7720
vn 0.5749 0.0313 0.8176
vn 0.3732 0.4196 0.8274
vn -0.9917 -0.1281 -0.0002
vn 0.8270 -0.1537 0.5408
vn 0.8323 0.0057 0.5543
vn 0.1778 0.9313 0.3178
vn -0.0948 0.9950 -0.0316
vn -0.1193 0.9873 -0.1050
vn 0.3183 -0.0092 0.9479
vn 0.5156 -0.7919 -0.3272
vn 0.4225 -0.8026 -0.4209
vn 0.5153 -0.8033 -0.2986
vn 0.4428 0.8842 0.1485
vn 0.3428 0.9333 0.1069
vn 0.9386 0.2275 0.2593
vn -0.1304 0.9914 -0.0133
vn -0.1042 0.9944 0.0180
vn 0.9203 -0.0498 0.3880
vn 0.8689 -0.0396 0.4934
vn 0.8565 0.2557 0.4484
vn -0.9698 0.1009 0.2221
vn -0.9727 0.1182 0.1997
vn -0.9871 0.0781 0.1399
vn -0.9595 0.1217 0.2538
vn -0.9500 0.0880 0.2994
vn -0.8715 0.0767 -0.4844
vn -0.6210 0.7819 -0.0538
vn -0.9411 -0.1222 0.3152
vn -0.8632 -0.2022 0.4624
vn -0.7026 -0.2375 0.6707
vn -0.9229 -0.1446 0.3568
vn -0.9379 -0.1033 0.3312
vn 0.5043 0.1397 0.8521
vn 0.1988 0.4074 0.8913
vn 0.9686 -0.0757 0.2369
vn 0.9690 -0.0979 0.2267
vn 0.9260 0.2566 0.2769
vn 0.8343 0.2708 -0.4801
vn 0.9893 0.1410 0.0355
vn 0.9964 0.0423 0.0728
vn 0.7270 0.4751 -0.4957
vn 0.4055 0.5022 -0.7637
vn 0.4899 0.2463 -0.8363
vn 0.5250 0.0980 -0.8454
vn 0.9171 0.0743 -0.3916
vn 0.6701 0.0382 0.7412
vn 0.3391 -0.6561 0.6741
vn -0.2064 -0.9400 -0.2716
vn 0.5576 -0.8301 0.0000
vn 0.2678 -0.9349 0.2328
vn -0.7108 0.0449 -0.7019
vn 0.1849 -0.0229 0.9825
vn -0.5459 -0.0469 0.8365
vn -0.3003 -0.9463 -0.1197
vn -0.1071 0.9942 0.0042
vn -0.1069 0.9942 0.0044
vn -0.0093 0.8751 0.4838
vn 0.0284 -0.9989 -0.0368
vn 0.4657 -0.8606 0.2061
vn 0.5261 -0.5781 -0.6237
vn 0.6319 -0.2576 -0.7309
vn 0.3557 -0.8646 -0.3549
vn 0.6323 0.0748 -0.7711
vn 0.6397 0.0643 -0.7659
vn 0.1502 -0.4611 -0.8745
vn 0.6741 -0.7037 -0.2246
vn 0.7590 -0.6370 -0.1346
vn 0.7765 -0.6299 -0.0169
vn 0.2617 -0.9457 0.1925
vn 0.2258 -0.9688 0.1016
vn -0.9235 -0.3831 -0.0157
vn -0.9422 -0.3351 0.0000
vn 0.6372 -0.7105 -0.2984
vn 0.0845 -0.9585 -0.2721
vn 0.3757 0.9267 0.0000
vn 0.7977 0.6025 0.0248
vn -0.3633 0.7439 -0.5609
vn -0.3263 0.8283 -0.4554
vn 0.6901 -0.6772 0.2552
vn 0.5156 -0.7919 0.3272
vn 0.4009 0.4164 -0.8160
vn 0.4225 -0.8026 0.4209
vn 0.6109 0.7837 0.1122
vn 0.6536 0.7481 -0.1151
vn 0.3945 0.9137 -0.0975
vn -0.0403 0.9941 0.1001
vn 0.9347 -0.1362 -0.3284
vn 0.9521 -0.1614 -0.2597
vn 0.9129 -0.1272 -0.3879
vn 0.9668 -0.1529 -0.2048
vn 0.9780 -0.1416 -0.1531
vn 0.9960 -0.0846 -0.0268
vn -0.9783 -0.0908 0.1861
vn -0.9962 -0.0868 -0.0016
vn -0.9604 -0.0943 0.2622
vn -0.9883 -0.1038 -0.1115
vn -0.4460 0.2441 0.8611
vn -0.3806 0.0593 0.9228
vn -0.9606 -0.0939 -0.2614
vn -0.9595 -0.1076 -0.2602
vn 0.8826 -0.0936 -0.4606
vn 0.8900 -0.1335 -0.4359
vn -0.6395 0.0374 -0.7678
vn -0.6677 -0.0630 -0.7418
vn -0.6438 0.0529 -0.7634
vn -0.6444 0.0880 -0.7595
vn -0.1200 -0.0026 -0.9927
vn -0.6339 -0.0599 0.7711
vn -0.6356 -0.0634 0.7693
vn -0.6412 -0.0749 0.7637
vn -0.6278 -0.0475 0.7769
vn 0.2692 0.0054 -0.9630
vn 0.2622 -0.6670 -0.6973
vn 0.2810 -0.0091 -0.9597
vn 0.2611 -0.5824 -0.7698
vn -0.2797 0.0077 0.9600
vn -0.2830 0.0013 0.9591
vn -0.2882 -0.0089 0.9575
vn -0.2740 0.0190 0.9615
vn 0.9377 -0.2828 0.2019
vn 0.8288 -0.2158 -0.5162
vn 0.4112 -0.8901 -0.1966
vn 0.0263 -0.9983 0.0515
vn -0.0303 -0.9897 0.1400
vn 0.4319 -0.8729 -0.2270
vn 0.1111 -0.9916 -0.0663
vn 0.1110 -0.9881 -0.1066
vn 0.0972 -0.9906 -0.0963
vn 0.0499 -0.9987 -0.0001
vn -0.1071 0.9942 -0.0042
vn -0.1069 0.9942 -0.0044
vn -0.0931 0.0790 -0.9925
vn -0.1512 0.0182 0.9883
vn -0.8238 -0.0229 0.5663
vn -0.1517 0.0186 0.9882
vn -0.8383 0.0031 0.5452
vn -0.0951 0.9955 -0.0035
vn -0.0952 0.9954 -0.0074
vn -0.2797 0.0227 -0.9598
vn -0.2818 0.0194 -0.9593
vn -0.2762 0.0284 -0.9607
vn -0.2856 0.0132 -0.9583
vn 0.1531 -0.5429 -0.8257
vn 0.2409 -0.4355 -0.8674
vn 0.9856 -0.1689 0.0000
vn 0.5506 -0.1152 -0.8267
vn 0.3239 0.0796 -0.9427
vn 0.0873 0.1830 -0.9792
vn -0.6661 -0.7391 -0.1006
vn -0.6630 -0.7479 0.0327
vn -0.5174 -0.4043 0.7542
vn -0.5174 -0.4043 -0.7542
vn -0.6408 0.0486 0.7661
vn -0.6385 0.0472 0.7681
vn -0.6440 0.0439 0.7637
vn -0.6356 0.0479 0.7705
vn -0.2793 0.0168 0.9600
vn -0.2807 0.0253 0.9594
vn -0.2762 0.0285 0.9607
vn -0.2816 0.0168 0.9594
vn 0.2711 -0.0237 -0.9622
vn 0.2747 -0.0351 -0.9609
vn 0.2424 0.6534 -0.7172
vn 0.0737 0.8540 -0.5150
vn 0.1396 0.6203 -0.7718
vn 0.4226 0.6871 -0.5910
vn -0.9869 0.0824 -0.1384
vn -0.4257 0.5349 -0.7298
vn -0.2950 0.4877 0.8216
vn -0.9287 -0.1463 -0.3407
vn -0.7391 -0.1896 -0.6463
vn 0.2765 -0.0066 0.9610
vn 0.2776 0.0061 0.9607
vn 0.1481 -0.9881 -0.0408
vn 0.1445 -0.9882 -0.0511
vn 0.9728 -0.0609 0.2234
vn 0.9744 -0.0541 0.2181
vn -0.6681 0.1866 -0.7202
vn -0.4068 0.7383 -0.5380
vn 0.4449 -0.3068 0.8413
vn 0.4785 -0.6713 0.5660
vn -0.8435 -0.1181 0.5239
vn -0.6494 -0.0414 -0.7593
vn -0.7596 -0.0021 -0.6504
vn -0.6988 0.0131 -0.7152
vn -0.1559 0.0251 -0.9874
vn -0.1585 0.0222 -0.9871
vn -0.9387 -0.1003 -0.3298
vn -0.9426 -0.1101 -0.3152
vn 0.5832 0.8016 -0.1310
vn 0.3723 0.9124 0.1700
vn -0.0437 0.9467 0.3189
vn -0.2759 0.0048 -0.9611
vn -0.2848 -0.0035 -0.9586
vn -0.2682 0.0191 -0.9632
vn -0.2931 -0.0157 -0.9559
vn -0.9775 -0.2012 -0.0632
vn -0.3003 -0.9463 0.1197
vn 0.4426 -0.8966 0.0122
vn -0.5883 0.7797 0.2141
vn -0.2900 0.8136 0.5038
vn 0.2078 0.1078 0.9722
vn 0.6614 0.6770 -0.3227
vn 0.0880 0.9746 0.2056
vn -0.3898 -0.0172 -0.9207
vn -0.9990 0.0442 -0.0004
vn -0.5472 -0.2780 -0.7895
vn -0.5472 -0.2780 0.7895
vn -0.9713 0.0593 -0.2301
vn 0.9959 -0.0674 0.0603
vn -0.0952 0.9954 0.0074
vn -0.0798 0.9960 0.0386
vn -0.0930 0.9950 0.0360
vn -0.2861 0.0284 0.9578
vn -0.6322 0.0423 0.7736
usemtl m0
s 1
f 1001/1/1 992/2/2 980/3/3
f 992/2/2 1001/1/1 995/4/4
f 1004/5/5 995/4/4 1001/1/1
f 995/4/4 1004/5/5 1072/6/6
f 3/7/7 1072/6/6 1004/5/5
f 1072/6/6 3/7/7 1019/8/8
f 7/9/9 1019/8/8 3/7/7
f 1019/8/8 7/9/9 1039/10/10
f 1048/11/11 1039/10/10 7/9/9
f 1039/10/10 1048/11/11 1042/12/12
f 959/13/13 1042/12/12 1048/11/11
f 1042/12/12 959/13/13 1025/14/14
f 962/15/15 1025/14/14 959/13/13
f 1025/14/14 962/15/15 1022/16/16
f 965/17/17 1022/16/16 962/15/15
f 1022/16/16 965/17/17 998/18/18
f 968/19/19 998/18/18 965/17/17
f 998/18/18 968/19/19 1066/20/20
f 906/21/21 1066/20/20 968/19/19
f 1066/20/20 906/21/21 1063/22/22
f 1060/23/23 1063/22/22 906/21/21
f 1063/22/22 1060/23/23 912/24/24
f 1057/25/25 912/24/24 1060/23/23
f 912/24/24 1057/25/25 925/26/26
f 939/27/27 925/26/26 1057/25/25
f 925/26/26 939/27/27 936/28/28
f 947/29/29 936/28/28 939/27/27
f 936/28/28 947/29/29 932/30/30
f 971/31/31 932/30/30 947/29/29
f 932/30/30 971/31/31 919/32/32
f 977/33/33 919/32/32 971/31/31
f 919/32/32 977/33/33 980/3/3
f 1010/34/34 980/3/3 977/33/33
f 980/3/3 1010/34/34 1001/1/1
f 1013/35/35 1001/1/1 1010/34/34
f 1001/1/1 1013/35/35 1016/36/36
f 1032/37/37 1016/36/36 1013/35/35
f 1016/36/36 1032/37/37 1036/38/38
f 1045/39/39 1036/38/38 1032/37/37
f 1036/38/38 1045/39/39 12/40/40
f 16/41/41 12/40/40 1045/39/39
f 12/40/40 16/41/41 956/42/42
f 1051/43/43 956/42/42 16/41/41
f 956/42/42 1051/43/43 950/44/44
f 1054/45/45 950/44/44 1051/43/43
f 950/44/44 1054/45/45 943/46/46
f 928/47/47 943/46/46 1054/45/45
f 943/46/46 928/47/47 986/48/48
f 915/49/49 986/48/48 928/47/47
f 986/48/48 915/49/49 983/50/50
f 906/21/21 983/50/50 915/49/49
f 983/50/50 906/21/21 965/17/17
f 968/19/19 965/17/17 906/21/21
f 860/51/51 876/52/52 772/53/53
f 876/52/52 860/51/51 924/54/54
f 1071/55/55 924/54/54 860/51/51
f 924/54/54 1071/55/55 11/56/56
f 1009/57/57 11/56/56 1071/55/55
f 11/56/56 1009/57/57 1050/58/58
f 1012/59/59 1050/58/58 1009/57/57
f 1050/58/58 1012/59/59 1053/60/60
f 1015/61/61 1053/60/60 1012/59/59
f 1053/60/60 1015/61/61 1056/62/62
f 1021/63/63 1056/62/62 1015/61/61
f 1056/62/62 1021/63/63 976/64/64
f 973/65/65 976/64/64 1021/63/63
f 976/64/64 973/65/65 979/66/66
f 79/67/67 979/66/66 973/65/65
f 979/66/66 79/67/67 84/68/68
f 426/69/69 84/68/68 79/67/67
f 84/68/68 426/69/69 643/70/70
f 646/71/71 643/70/70 426/69/69
f 643/70/70 646/71/71 430/72/72
f 622/73/73 430/72/72 646/71/71
f 430/72/72 622/73/73 497/74/74
f 625/75/75 497/74/74 622/73/73
f 497/74/74 625/75/75 494/76/76
f 628/77/77 494/76/76 625/75/75
f 494/76/76 628/77/77 490/78/78
f 632/79/79 490/78/78 628/77/77
f 153/80/80 149/81/81 287/82/82
f 149/81/81 153/80/80 274/83/83
f 252/84/84 274/83/83 153/80/80
f 274/83/83 252/84/84 589/85/85
f 233/86/86 589/85/85 252/84/84
f 589/85/85 233/86/86 228/87/87
f 199/88/88 228/87/87 233/86/86
f 228/87/87 199/88/88 296/89/89
f 190/90/90 296/89/89 199/88/88
f 296/89/89 190/90/90 195/91/91
f 536/92/92 195/91/91 190/90/90
f 195/91/91 536/92/92 540/93/93
f 18/94/94 540/93/93 536/92/92
f 540/93/93 18/94/94 29/95/95
f 698/96/96 29/95/95 18/94/94
f 29/95/95 698/96/96 811/97/97
f 688/98/98 811/97/97 698/96/96
f 811/97/97 688/98/98 807/99/99
f 784/100/100 807/99/99 688/98/98
f 807/99/99 784/100/100 788/101/101
f 780/102/102 788/101/101 784/100/100
f 788/101/101 780/102/102 793/103/103
f 652/104/104 793/103/103 780/102/102
f 325/105/105 285/106/106 279/107/107
f 285/106/106 325/105/105 507/108/108
f 504/109/109 507/108/108 325/105/105
f 507/108/108 504/109/109 316/110/110
f 321/111/111 316/110/110 504/109/109
f 316/110/110 321/111/111 377/112/112
f 365/113/113 377/112/112 321/111/111
f 377/112/112 365/113/113 373/114/114
f 369/115/115 373/114/114 365/113/113
f 373/114/114 369/115/115 633/116/116
f 636/117/117 633/116/116 369/115/115
f 633/116/116 636/117/117 491/118/118
f 485/119/119 491/118/118 636/117/117
f 491/118/118 485/119/119 443/120/120
f 349/121/121 443/120/120 485/119/119
f 443/120/120 349/121/121 68/122/122
f 58/123/123 68/122/122 349/121/121
f 68/122/122 58/123/123 1024/124/124
f 819/125/125 1024/124/124 58/123/123
f 1024/124/124 819/125/125 914/126/126
f 822/127/127 914/126/126 819/125/125
f 914/126/126 822/127/127 934/128/128
f 918/129/129 934/128/128 822/127/127
f 1058/130/130 255/131/131 910/132/132
f 255/131/131 1058/130/130 238/133/133
f 1046/134/134 238/133/133 1058/130/130
f 238/133/133 1046/134/134 220/135/135
f 901/136/136 220/135/135 1046/134/134
f 220/135/135 901/136/136 83/137/137
f 907/138/138 83/137/137 901/136/136
f 83/137/137 907/138/138 198/139/139
f 97/140/140 198/139/139 907/138/138
f 198/139/139 97/140/140 194/141/141
f 111/142/142 194/141/141 97/140/140
f 194/141/141 111/142/142 214/143/143
f 53/144/144 214/143/143 111/142/142
f 214/143/143 53/144/144 208/145/145
f 43/146/146 208/145/145 53/144/144
f 208/145/145 43/146/146 161/147/147
f 167/148/148 161/147/147 43/146/146
f 161/147/147 167/148/148 38/149/149
f 508/150/150 311/151/151 288/152/152
f 311/151/151 508/150/150 511/153/153
f 315/154/154 511/153/153 508/150/150
f 511/153/153 315/154/154 501/155/155
f 600/156/156 501/155/155 315/154/154
f 501/155/155 600/156/156 532/157/157
f 604/158/158 532/157/157 600/156/156
f 532/157/157 604/158/158 608/159/159
f 422/160/160 608/159/159 604/158/158
f 608/159/159 422/160/160 612/161/161
f 615/162/162 612/161/161 422/160/160
f 612/161/161 615/162/162 419/163/163
f 342/164/164 419/163/163 615/162/162
f 419/163/163 342/164/164 415/165/165
f 335/166/166 415/165/165 342/164/164
f 415/165/165 335/166/166 240/167/167
f 140/168/168 240/167/167 335/166/166
f 439/169/169 494/76/76 490/78/78
f 494/76/76 439/169/169 452/170/170
f 551/171/171 452/170/170 439/169/169
f 452/170/170 551/171/171 554/172/172
f 74/173/173 554/172/172 551/171/171
f 554/172/172 74/173/173 448/174/174
f 955/175/175 448/174/174 74/173/173
f 448/174/174 955/175/175 1000/176/176
f 997/177/177 1000/176/176 955/175/175
f 1000/176/176 997/177/177 985/178/178
f 994/179/179 985/178/178 997/177/177
f 985/178/178 994/179/179 988/180/180
f 991/181/181 988/180/180 994/179/179
f 988/180/180 991/181/181 964/182/182
f 970/183/183 964/182/182 991/181/181
f 964/182/182 970/183/183 961/184/184
f 162/185/185 58/123/123 349/121/121
f 58/123/123 162/185/185 105/186/186
f 481/187/187 105/186/186 162/185/185
f 105/186/186 481/187/187 478/188/188
f 464/189/189 478/188/188 481/187/187
f 478/188/188 464/189/189 460/190/190
f 157/191/191 460/190/190 464/189/189
f 460/190/190 157/191/191 44/192/192
f 39/193/193 44/192/192 157/191/191
f 44/192/192 39/193/193 666/194/194
f 899/195/195 666/194/194 39/193/193
f 666/194/194 899/195/195 892/196/196
f 812/197/197 892/196/196 899/195/195
f 892/196/196 812/197/197 808/198/198
f 330/199/199 372/200/200 264/201/201
f 372/200/200 330/199/199 368/202/202
f 520/203/203 368/202/202 330/199/199
f 368/202/202 520/203/203 515/204/204
f 259/205/205 515/204/204 520/203/203
f 515/204/204 259/205/205 364/206/206
f 376/207/207 364/206/206 259/205/205
f 364/206/206 376/207/207 282/208/208
f 348/209/209 282/208/208 376/207/207
f 282/208/208 348/209/209 352/210/210
f 421/211/211 352/210/210 348/209/209
f 352/210/210 421/211/211 425/212/212
f 295/213/213 425/212/212 421/211/211
f 425/212/212 295/213/213 298/214/214
f 1025/14/14 1039/10/10 1042/12/12
f 1039/10/10 1025/14/14 1019/8/8
f 1007/215/215 1019/8/8 1025/14/14
f 1019/8/8 1007/215/215 1072/6/6
f 998/18/18 1072/6/6 1007/215/215
f 1072/6/6 998/18/18 1069/216/216
f 1066/20/20 1069/216/216 998/18/18
f 1069/216/216 1066/20/20 953/217/217
f 903/218/218 953/217/217 1066/20/20
f 953/217/217 903/218/218 900/219/219
f 909/220/220 900/219/219 903/218/218
f 900/219/219 909/220/220 980/3/3
f 919/32/32 980/3/3 909/220/220
f 151/221/221 91/222/222 27/223/223
f 91/222/222 151/221/221 147/224/224
f 77/225/225 147/224/224 151/221/221
f 147/224/224 77/225/225 143/226/226
f 47/227/227 143/226/226 77/225/225
f 143/226/226 47/227/227 459/228/228
f 463/229/229 459/228/228 47/227/227
f 459/228/228 463/229/229 155/230/230
f 122/231/231 155/230/230 463/229/229
f 155/230/230 122/231/231 202/232/232
f 207/233/233 202/232/232 122/231/231
f 202/232/232 207/233/233 137/234/234
f 56/235/235 137/234/234 207/233/233
f 452/170/170 497/74/74 494/76/76
f 497/74/74 452/170/170 434/236/236
f 554/172/172 434/236/236 452/170/170
f 434/236/236 554/172/172 558/237/237
f 448/174/174 558/237/237 554/172/172
f 558/237/237 448/174/174 112/238/238
f 1000/176/176 112/238/238 448/174/174
f 112/238/238 1000/176/176 89/239/239
f 985/178/178 89/239/239 1000/176/176
f 89/239/239 985/178/178 640/240/240
f 982/241/241 640/240/240 985/178/178
f 640/240/240 982/241/241 84/68/68
f 979/66/66 84/68/68 982/241/241
f 981/242/242 1043/243/243 948/244/244
f 1043/243/243 981/242/242 1029/245/245
f 975/246/246 1029/245/245 981/242/242
f 1029/245/245 975/246/246 1033/247/247
f 907/138/138 1033/247/247 975/246/246
f 1033/247/247 907/138/138 966/248/248
f 901/136/136 966/248/248 907/138/138
f 966/248/248 901/136/136 1049/249/249
f 1046/134/134 1049/249/249 901/136/136
f 1049/249/249 1046/134/134 1061/250/250
f 1058/130/130 1061/250/250 1046/134/134
f 1061/250/250 1058/130/130 1070/251/251
f 910/132/132 1070/251/251 1058/130/130
f 657/252/252 741/253/253 770/254/254
f 741/253/253 657/252/252 737/255/255
f 661/256/256 737/255/255 657/252/252
f 737/255/255 661/256/256 799/257/257
f 780/102/102 799/257/257 661/256/256
f 799/257/257 780/102/102 734/258/258
f 803/259/259 734/258/258 780/102/102
f 734/258/258 803/259/259 701/260/260
f 692/261/261 701/260/260 803/259/259
f 701/260/260 692/261/261 695/262/262
f 688/98/98 695/262/262 692/261/261
f 695/262/262 688/98/98 698/96/96
f 437/263/263 455/264/264 381/265/265
f 455/264/264 437/263/263 433/266/266
f 385/267/267 433/266/266 437/263/263
f 433/266/266 385/267/267 356/268/268
f 388/269/269 356/268/268 385/267/267
f 356/268/268 388/269/269 337/270/270
f 500/271/271 337/270/270 388/269/269
f 337/270/270 500/271/271 503/272/272
f 394/273/273 503/272/272 500/271/271
f 503/272/272 394/273/273 341/274/274
f 398/275/275 341/274/274 394/273/273
f 341/274/274 398/275/275 344/276/276
f 226/277/277 231/278/278 254/279/279
f 231/278/278 226/277/277 166/280/280
f 132/281/281 166/280/280 226/277/277
f 166/280/280 132/281/281 477/282/282
f 473/283/283 477/282/282 132/281/281
f 477/282/282 473/283/283 172/284/284
f 103/285/285 172/284/284 473/283/283
f 172/284/284 103/285/285 177/286/286
f 110/287/287 177/286/286 103/285/285
f 177/286/286 110/287/287 183/288/288
f 116/289/289 183/288/288 110/287/287
f 818/290/290 766/291/291 704/292/292
f 766/291/291 818/290/290 815/293/293
f 754/294/294 815/293/293 818/290/290
f 815/293/293 754/294/294 810/295/295
f 729/296/296 810/295/295 754/294/294
f 810/295/295 729/296/296 821/297/297
f 792/298/298 821/297/297 729/296/296
f 821/297/297 792/298/298 858/299/299
f 862/300/300 858/299/299 792/298/298
f 858/299/299 862/300/300 806/301/301
f 736/302/302 806/301/301 862/300/300
f 677/303/303 588/304/304 697/305/305
f 588/304/304 677/303/303 673/306/306
f 611/307/307 673/306/306 677/303/303
f 673/306/306 611/307/307 669/308/308
f 607/309/309 669/308/308 611/307/307
f 669/308/308 607/309/309 665/310/310
f 603/311/311 665/310/310 607/309/309
f 665/310/310 603/311/311 660/312/312
f 627/313/313 660/312/312 603/311/311
f 660/312/312 627/313/313 656/314/314
f 648/315/315 656/314/314 627/313/313
f 1064/316/316 1049/249/249 1061/250/250
f 1049/249/249 1064/316/316 963/317/317
f 1067/318/318 963/317/317 1064/316/316
f 963/317/317 1067/318/318 1052/319/319
f 1020/320/320 1052/319/319 1067/318/318
f 1052/319/319 1020/320/320 1026/321/321
f 1023/322/322 1026/321/321 1020/320/320
f 1026/321/321 1023/322/322 1040/323/323
f 1011/324/324 1040/323/323 1023/322/322
f 1040/323/323 1011/324/324 940/325/325
f 389/326/326 646/71/71 426/69/69
f 646/71/71 389/326/326 649/327/327
f 422/160/160 649/327/327 389/326/326
f 649/327/327 422/160/160 386/328/328
f 604/158/158 386/328/328 422/160/160
f 386/328/328 604/158/158 361/329/329
f 600/156/156 361/329/329 604/158/158
f 361/329/329 600/156/156 357/330/330
f 315/154/154 357/330/330 600/156/156
f 357/330/330 315/154/154 378/331/331
f 129/332/332 270/333/333 134/334/334
f 270/333/333 129/332/332 596/335/335
f 118/336/336 596/335/335 129/332/332
f 596/335/335 118/336/336 261/337/337
f 145/338/338 261/337/337 118/336/336
f 261/337/337 145/338/338 247/339/339
f 252/84/84 247/339/339 145/338/338
f 247/339/339 252/84/84 256/340/340
f 153/80/80 256/340/340 252/84/84
f 256/340/340 153/80/80 286/341/341
f 149/81/81 278/342/342 283/343/343
f 278/342/342 149/81/81 469/344/344
f 474/345/345 469/344/344 149/81/81
f 469/344/344 474/345/345 299/346/346
f 292/347/347 299/346/346 474/345/345
f 299/346/346 292/347/347 303/348/348
f 195/91/91 303/348/348 292/347/347
f 303/348/348 195/91/91 543/349/349
f 540/93/93 543/349/349 195/91/91
f 543/349/349 540/93/93 29/95/95
f 880/350/350 885/351/351 898/352/352
f 885/351/351 880/350/350 828/353/353
f 802/354/354 828/353/353 880/350/350
f 828/353/353 802/354/354 832/355/355
f 779/356/356 832/355/355 802/354/354
f 832/355/355 779/356/356 838/357/357
f 783/358/358 838/357/357 779/356/356
f 838/357/357 783/358/358 842/359/359
f 787/360/360 842/359/359 783/358/358
f 1002/361/361 954/362/362 1037/363/363
f 954/362/362 1002/361/361 1005/364/364
f 999/365/365 1005/364/364 1002/361/361
f 1005/364/364 999/365/365 1011/324/324
f 951/366/366 1011/324/324 999/365/365
f 1011/324/324 951/366/366 937/367/367
f 913/368/368 937/367/367 951/366/366
f 937/367/367 913/368/368 944/369/369
f 972/370/370 944/369/369 913/368/368
f 913/368/368 916/371/371 972/370/370
f 916/371/371 913/368/368 920/372/372
f 996/373/373 920/372/372 913/368/368
f 920/372/372 996/373/373 929/374/374
f 990/375/375 929/374/374 996/373/373
f 929/374/374 990/375/375 984/376/376
f 993/377/377 984/376/376 990/375/375
f 984/376/376 993/377/377 987/378/378
f 1037/363/363 987/378/378 993/377/377
f 930/379/379 914/126/126 934/128/128
f 914/126/126 930/379/379 927/380/380
f 1031/381/381 927/380/380 930/379/379
f 927/380/380 1031/381/381 1059/382/382
f 1035/383/383 1059/382/382 1031/381/381
f 1059/382/382 1035/383/383 1062/384/384
f 949/385/385 1062/384/384 1035/383/383
f 1062/384/384 949/385/385 1024/124/124
f 68/122/122 1024/124/124 949/385/385
f 673/306/306 651/386/386 588/304/304
f 651/386/386 673/306/306 557/387/387
f 669/308/308 557/387/387 673/306/306
f 557/387/387 669/308/308 553/388/388
f 665/310/310 553/388/388 669/308/308
f 553/388/388 665/310/310 614/389/389
f 660/312/312 614/389/389 665/310/310
f 614/389/389 660/312/312 535/390/390
f 656/314/314 535/390/390 660/312/312
f 231/278/278 160/391/391 254/279/279
f 160/391/391 231/278/278 484/392/392
f 480/393/393 484/392/392 231/278/278
f 484/392/392 480/393/393 37/394/394
f 237/395/395 37/394/394 480/393/393
f 37/394/394 237/395/395 87/396/396
f 245/397/397 87/396/396 237/395/395
f 87/396/396 245/397/397 52/398/398
f 250/399/399 52/398/398 245/397/397
f 345/400/400 342/164/164 615/162/162
f 342/164/164 345/400/400 338/401/401
f 93/402/402 338/401/401 345/400/400
f 338/401/401 93/402/402 54/403/403
f 908/404/404 54/403/403 93/402/402
f 54/403/403 908/404/404 905/405/405
f 1018/406/406 905/405/405 908/404/404
f 905/405/405 1018/406/406 1047/407/407
f 1012/59/59 1047/407/407 1018/406/406
f 1056/62/62 1050/58/58 1053/60/60
f 1050/58/58 1056/62/62 15/408/408
f 961/184/184 15/408/408 1056/62/62
f 15/408/408 961/184/184 967/409/409
f 970/183/183 967/409/409 961/184/184
f 967/409/409 970/183/183 1041/410/410
f 1065/411/411 1041/410/410 970/183/183
f 1041/410/410 1065/411/411 931/412/412
f 1030/413/413 931/412/412 1065/411/411
f 134/334/334 239/414/414 139/415/415
f 239/414/414 134/334/334 265/416/416
f 270/333/333 265/416/416 134/334/334
f 265/416/416 270/333/333 168/417/417
f 174/418/418 168/417/417 270/333/333
f 168/417/417 174/418/418 179/419/419
f 185/420/420 179/419/419 174/418/418
f 179/419/419 185/420/420 521/421/421
f 310/422/422 521/421/421 185/420/420
f 841/423/423 882/424/424 322/425/425
f 882/424/424 841/423/423 836/426/426
f 817/427/427 836/426/426 841/423/423
f 836/426/426 817/427/427 814/428/428
f 844/429/429 814/428/428 817/427/427
f 814/428/428 844/429/429 848/430/430
f 800/431/431 848/430/430 844/429/429
f 848/430/430 800/431/431 878/432/432
f 826/433/433 275/434/434 870/435/435
f 275/434/434 826/433/433 823/436/436
f 804/437/437 823/436/436 826/433/433
f 823/436/436 804/437/437 820/438/438
f 857/439/439 820/438/438 804/437/437
f 820/438/438 857/439/439 861/440/440
f 865/441/441 861/440/440 857/439/439
f 861/440/440 865/441/441 781/442/442
f 442/443/443 385/267/267 437/263/263
f 385/267/267 442/443/443 388/269/269
f 496/444/444 388/269/269 442/443/443
f 388/269/269 496/444/444 500/271/271
f 447/445/445 500/271/271 496/444/444
f 500/271/271 447/445/445 394/273/273
f 451/446/446 394/273/273 447/445/445
f 394/273/273 451/446/446 398/275/275
f 273/447/447 437/263/263 381/265/265
f 437/263/263 273/447/447 442/443/443
f 493/448/448 442/443/443 273/447/447
f 442/443/443 493/448/448 496/444/444
f 324/449/449 496/444/444 493/448/448
f 496/444/444 324/449/449 447/445/445
f 291/450/450 447/445/445 324/449/449
f 447/445/445 291/450/450 451/446/446
f 584/451/451 624/452/452 531/453/453
f 624/452/452 584/451/451 621/454/454
f 526/455/455 621/454/454 584/451/451
f 621/454/454 526/455/455 617/456/456
f 627/313/313 617/456/456 526/455/455
f 617/456/456 627/313/313 546/457/457
f 603/311/311 546/457/457 627/313/313
f 546/457/457 603/311/311 607/309/309
f 942/458/458 955/175/175 74/173/173
f 955/175/175 942/458/458 952/459/459
f 946/460/460 952/459/459 942/458/458
f 952/459/459 946/460/460 1038/461/461
f 1034/462/462 1038/461/461 946/460/460
f 1038/461/461 1034/462/462 1027/463/463
f 1030/413/413 1027/463/463 1034/462/462
f 1027/463/463 1030/413/413 1065/411/411
f 896/464/464 1071/55/55 860/51/51
f 1071/55/55 896/464/464 1044/465/465
f 679/466/466 1044/465/465 896/464/464
f 1044/465/465 679/466/466 902/467/467
f 684/468/468 902/467/467 679/466/466
f 902/467/467 684/468/468 1047/407/407
f 760/469/469 1047/407/407 684/468/468
f 1047/407/407 760/469/469 834/470/470
f 682/471/471 677/303/303 697/305/305
f 677/303/303 682/471/471 635/472/472
f 687/473/473 635/472/472 682/471/471
f 635/472/472 687/473/473 639/474/474
f 691/475/475 639/474/474 687/473/473
f 639/474/474 691/475/475 642/476/476
f 694/477/477 642/476/476 691/475/475
f 642/476/476 694/477/477 645/478/478
f 152/479/479 161/147/147 144/480/480
f 161/147/147 152/479/479 184/481/481
f 156/482/482 184/481/481 152/479/479
f 184/481/481 156/482/482 173/483/483
f 67/484/484 173/483/483 156/482/482
f 173/483/483 67/484/484 178/485/485
f 104/486/486 178/485/485 67/484/484
f 178/485/485 104/486/486 251/487/487
f 148/488/488 203/489/489 62/490/490
f 203/489/489 148/488/488 133/491/491
f 144/480/480 133/491/491 148/488/488
f 133/491/491 144/480/480 138/492/492
f 57/493/493 138/492/492 144/480/480
f 138/492/492 57/493/493 4/494/494
f 38/149/149 4/494/494 57/493/493
f 4/494/494 38/149/149 48/495/495
f 741/253/253 859/496/496 768/497/497
f 859/496/496 741/253/253 863/498/498
f 746/499/499 863/498/498 741/253/253
f 863/498/498 746/499/499 869/500/500
f 755/501/501 869/500/500 746/499/499
f 869/500/500 755/501/501 851/502/502
f 846/503/503 851/502/502 755/501/501
f 851/502/502 846/503/503 855/504/504
f 133/491/491 123/505/505 203/489/489
f 123/505/505 133/491/491 117/506/506
f 128/507/507 117/506/506 133/491/491
f 117/506/506 128/507/507 28/508/508
f 138/492/492 28/508/508 128/507/507
f 28/508/508 138/492/492 13/509/509
f 4/494/494 13/509/509 138/492/492
f 13/509/509 4/494/494 8/510/510
f 1003/511/511 973/65/65 1021/63/63
f 973/65/65 1003/511/511 98/512/512
f 93/402/402 98/512/512 1003/511/511
f 98/512/512 93/402/402 405/513/513
f 345/400/400 405/513/513 93/402/402
f 405/513/513 345/400/400 618/514/514
f 615/162/162 618/514/514 345/400/400
f 618/514/514 615/162/162 422/160/160
f 2/515/515 816/516/516 819/125/125
f 816/516/516 2/515/515 829/517/517
f 670/518/518 829/517/517 2/515/515
f 829/517/517 670/518/518 825/519/519
f 1068/520/520 825/519/519 670/518/518
f 825/519/519 1068/520/520 777/521/521
f 794/522/522 777/521/521 1068/520/520
f 145/338/338 233/86/86 252/84/84
f 233/86/86 145/338/338 222/523/523
f 409/524/524 222/523/523 145/338/338
f 222/523/523 409/524/524 216/525/525
f 5/526/526 216/525/525 409/524/524
f 216/525/525 5/526/526 9/527/527
f 724/528/528 9/527/527 5/526/526
f 1023/322/322 1005/364/364 1011/324/324
f 1005/364/364 1023/322/322 1008/529/529
f 1017/530/530 1008/529/529 1023/322/322
f 1008/529/529 1017/530/530 957/531/531
f 1020/320/320 957/531/531 1017/530/530
f 957/531/531 1020/320/320 978/532/532
f 1067/318/318 978/532/532 1020/320/320
f 546/457/457 569/533/533 617/456/456
f 569/533/533 546/457/457 574/534/534
f 560/535/535 574/534/534 546/457/457
f 574/534/534 560/535/535 595/536/536
f 591/537/537 595/536/536 560/535/535
f 595/536/536 591/537/537 642/476/476
f 639/474/474 642/476/476 591/537/537
f 863/498/498 895/538/538 859/496/496
f 895/538/538 863/498/498 678/539/539
f 674/540/540 678/539/539 863/498/498
f 678/539/539 674/540/540 683/541/541
f 763/542/542 683/541/541 674/540/540
f 683/541/541 763/542/542 759/543/543
f 843/544/544 759/543/543 763/542/542
f 571/545/545 509/546/546 505/547/547
f 509/546/546 571/545/545 150/548/548
f 586/549/549 150/548/548 571/545/545
f 150/548/548 586/549/549 479/550/550
f 566/551/551 479/550/550 586/549/549
f 479/550/550 566/551/551 359/552/552
f 362/553/553 359/552/552 566/551/551
f 532/157/157 511/153/153 501/155/155
f 511/153/153 532/157/157 527/554/554
f 382/555/555 527/554/554 532/157/157
f 527/554/554 382/555/555 516/556/556
f 331/557/557 516/556/556 382/555/555
f 516/556/556 331/557/557 180/558/558
f 169/559/559 180/558/558 331/557/557
f 224/560/560 638/561/561 218/562/562
f 638/561/561 224/560/560 659/563/563
f 634/564/564 659/563/563 224/560/560
f 659/563/563 634/564/564 696/565/565
f 693/566/566 696/565/565 634/564/564
f 696/565/565 693/566/566 672/567/567
f 667/568/568 672/567/567 693/566/566
f 885/351/351 824/569/569 898/352/352
f 824/569/569 885/351/351 715/570/570
f 888/571/571 715/570/570 885/351/351
f 715/570/570 888/571/571 762/572/572
f 891/573/573 762/572/572 888/571/571
f 762/572/572 891/573/573 733/574/574
f 894/575/575 733/574/574 891/573/573
f 105/186/186 819/125/125 58/123/123
f 819/125/125 105/186/186 2/515/515
f 478/188/188 2/515/515 105/186/186
f 2/515/515 478/188/188 670/518/518
f 460/190/190 670/518/518 478/188/188
f 670/518/518 460/190/190 666/194/194
f 44/192/192 666/194/194 460/190/190
f 468/576/576 473/283/283 132/281/281
f 473/283/283 468/576/576 66/577/577
f 47/227/227 66/577/577 468/576/576
f 66/577/577 47/227/227 82/578/578
f 77/225/225 82/578/578 47/227/227
f 82/578/578 77/225/225 71/579/579
f 171/580/580 499/581/581 164/582/582
f 499/581/581 171/580/580 502/583/583
f 505/547/547 502/583/583 171/580/580
f 502/583/583 505/547/547 176/584/584
f 509/546/546 176/584/584 505/547/547
f 176/584/584 509/546/546 182/585/585
f 420/586/586 412/587/587 423/588/588
f 412/587/587 420/586/586 417/589/589
f 387/590/590 417/589/589 420/586/586
f 417/589/589 387/590/590 375/591/591
f 384/592/592 375/591/591 387/590/590
f 375/591/591 384/592/592 380/593/593
f 798/594/594 802/354/354 868/595/595
f 802/354/354 798/594/594 745/596/596
f 729/296/296 745/596/596 798/594/594
f 745/596/596 729/296/296 758/597/597
f 754/294/294 758/597/597 729/296/296
f 758/597/597 754/294/294 749/598/598
f 1043/243/243 1026/321/321 1040/323/323
f 1026/321/321 1043/243/243 1055/599/599
f 960/600/600 1055/599/599 1043/243/243
f 1055/599/599 960/600/600 963/317/317
f 966/248/248 963/317/317 960/600/600
f 963/317/317 966/248/248 1049/249/249
f 325/105/105 464/189/189 481/187/187
f 464/189/189 325/105/105 585/601/601
f 279/107/107 585/601/601 325/105/105
f 585/601/601 279/107/107 580/602/602
f 470/603/603 580/602/602 279/107/107
f 580/602/602 470/603/603 300/604/604
f 580/602/602 464/189/189 585/601/601
f 464/189/189 580/602/602 157/191/191
f 575/605/605 157/191/191 580/602/602
f 157/191/191 575/605/605 570/606/606
f 304/607/607 570/606/606 575/605/605
f 570/606/606 304/607/607 544/608/608
f 899/195/195 35/609/609 812/197/197
f 35/609/609 899/195/195 561/610/610
f 39/193/193 561/610/610 899/195/195
f 561/610/610 39/193/193 565/611/611
f 157/191/191 565/611/611 39/193/193
f 565/611/611 157/191/191 570/606/606
f 748/612/612 714/613/613 744/614/614
f 714/613/613 748/612/612 70/615/615
f 778/616/616 70/615/615 748/612/612
f 70/615/615 778/616/616 126/617/617
f 774/618/618 126/617/617 778/616/616
f 126/617/617 774/618/618 119/619/619
f 945/620/620 949/385/385 1035/383/383
f 949/385/385 945/620/620 938/621/621
f 941/622/622 938/621/621 945/620/620
f 938/621/621 941/622/622 63/623/623
f 73/624/624 63/623/623 941/622/622
f 63/623/623 73/624/624 550/625/625
f 281/626/626 831/627/627 872/628/628
f 831/627/627 281/626/626 887/629/629
f 351/630/630 887/629/629 281/626/626
f 887/629/629 351/630/630 890/631/631
f 318/632/632 890/631/631 351/630/630
f 890/631/631 318/632/632 883/633/633
f 962/15/15 983/50/50 965/17/17
f 983/50/50 962/15/15 986/48/48
f 959/13/13 986/48/48 962/15/15
f 986/48/48 959/13/13 989/634/634
f 950/44/44 989/634/634 959/13/13
f 989/634/634 950/44/44 943/46/46
f 186/635/635 680/636/636 654/637/637
f 680/636/636 186/635/635 703/638/638
f 619/639/639 703/638/638 186/635/635
f 703/638/638 619/639/639 699/640/640
f 234/641/641 699/640/640 619/639/639
f 699/640/640 234/641/641 662/642/642
f 78/643/643 251/487/487 246/644/644
f 251/487/487 78/643/643 227/645/645
f 232/646/646 227/645/645 78/643/643
f 227/645/645 232/646/646 189/647/647
f 214/143/143 189/647/647 232/646/646
f 189/647/647 214/143/143 208/145/145
f 867/648/648 268/649/649 782/650/650
f 268/649/649 867/648/648 272/651/651
f 786/652/652 272/651/651 867/648/648
f 272/651/651 786/652/652 354/653/653
f 791/654/654 354/653/653 786/652/652
f 354/653/653 791/654/654 795/655/655
f 220/135/135 246/644/644 238/133/133
f 246/644/644 220/135/135 78/643/643
f 83/137/137 78/643/643 220/135/135
f 78/643/643 83/137/137 72/656/656
f 198/139/139 72/656/656 83/137/137
f 72/656/656 198/139/139 194/141/141
f 649/327/327 622/73/73 646/71/71
f 622/73/73 649/327/327 395/657/657
f 386/328/328 395/657/657 649/327/327
f 395/657/657 386/328/328 353/658/658
f 361/329/329 353/658/658 386/328/328
f 353/658/658 361/329/329 357/330/330
f 418/659/659 269/660/660 360/661/661
f 269/660/660 418/659/659 414/662/662
f 376/207/207 414/662/662 418/659/659
f 414/662/662 376/207/207 404/663/663
f 259/205/205 404/663/663 376/207/207
f 158/664/664 602/665/665 573/666/666
f 602/665/665 158/664/664 616/667/667
f 170/668/668 616/667/667 158/664/664
f 616/667/667 170/668/668 609/669/669
f 163/670/670 609/669/669 170/668/668
f 24/671/671 705/672/672 702/673/673
f 705/672/672 24/671/671 14/674/674
f 204/675/675 14/674/674 24/671/671
f 14/674/674 204/675/675 10/676/676
f 215/677/677 10/676/676 204/675/675
f 853/678/678 785/679/679 866/680/680
f 785/679/679 853/678/678 893/681/681
f 897/682/682 893/681/681 853/678/678
f 893/681/681 897/682/682 796/683/683
f 877/684/684 796/683/683 897/682/682
f 331/557/557 415/165/165 169/559/559
f 415/165/165 331/557/557 419/163/163
f 382/555/555 419/163/163 331/557/557
f 419/163/163 382/555/555 608/159/159
f 532/157/157 608/159/159 382/555/555
f 262/685/685 634/564/564 224/560/560
f 634/564/564 262/685/685 623/686/686
f 626/687/687 623/686/686 262/685/685
f 623/686/686 626/687/687 693/566/566
f 667/568/568 693/566/566 626/687/687
f 737/255/255 746/499/499 741/253/253
f 746/499/499 737/255/255 750/688/688
f 730/689/689 750/688/688 737/255/255
f 750/688/688 730/689/689 717/690/690
f 711/691/691 717/690/690 730/689/689
f 184/481/481 208/145/145 161/147/147
f 208/145/145 184/481/481 189/647/647
f 178/485/485 189/647/647 184/481/481
f 189/647/647 178/485/485 227/645/645
f 251/487/487 227/645/645 178/485/485
f 433/266/266 334/692/692 455/264/264
f 334/692/692 433/266/266 429/693/693
f 356/268/268 429/693/693 433/266/266
f 429/693/693 356/268/268 425/212/212
f 352/210/210 425/212/212 356/268/268
f 282/208/208 510/694/694 364/206/206
f 510/694/694 282/208/208 506/695/695
f 302/696/696 506/695/695 282/208/208
f 506/695/695 302/696/696 503/272/272
f 337/270/270 503/272/272 302/696/696
f 510/694/694 515/204/204 364/206/206
f 515/204/204 510/694/694 314/697/697
f 320/698/698 314/697/697 510/694/694
f 314/697/697 320/698/698 309/699/699
f 344/276/276 309/699/699 320/698/698
f 958/700/700 964/182/182 961/184/184
f 964/182/182 958/700/700 988/180/180
f 1006/701/701 988/180/180 958/700/700
f 988/180/180 1006/701/701 985/178/178
f 982/241/241 985/178/178 1006/701/701
f 89/239/239 558/237/237 112/238/238
f 558/237/237 89/239/239 430/72/72
f 640/240/240 430/72/72 89/239/239
f 430/72/72 640/240/240 643/70/70
f 84/68/68 643/70/70 640/240/240
f 55/702/702 99/703/703 60/704/704
f 99/703/703 55/702/702 94/705/705
f 90/706/706 94/705/705 55/702/702
f 94/705/705 90/706/706 146/707/707
f 86/708/708 146/707/707 90/706/706
f 691/475/475 549/709/709 694/477/477
f 549/709/709 691/475/475 579/710/710
f 687/473/473 579/710/710 691/475/475
f 579/710/710 687/473/473 539/711/711
f 682/471/471 539/711/711 687/473/473
f 681/712/712 192/713/713 653/714/714
f 192/713/713 681/712/712 647/715/715
f 644/716/716 647/715/715 681/712/712
f 647/715/715 644/716/716 671/717/717
f 675/718/718 671/717/717 644/716/716
f 537/719/719 545/720/720 514/721/721
f 545/720/720 537/719/719 541/722/722
f 548/723/723 541/722/722 537/719/719
f 541/722/722 548/723/723 528/724/724
f 45/725/725 528/724/724 548/723/723
f 207/233/233 213/726/726 56/235/235
f 213/726/726 207/233/233 127/727/727
f 122/231/231 127/727/727 207/233/233
f 127/727/727 122/231/231 463/229/229
f 17/728/728 13/509/509 8/510/510
f 13/509/509 17/728/728 28/508/508
f 22/729/729 28/508/508 17/728/728
f 28/508/508 22/729/729 33/730/730
f 127/727/727 132/281/281 213/726/726
f 132/281/281 127/727/727 468/576/576
f 463/229/229 468/576/576 127/727/727
f 468/576/576 463/229/229 47/227/227
f 421/211/211 360/661/661 295/213/213
f 360/661/661 421/211/211 418/659/659
f 348/209/209 418/659/659 421/211/211
f 418/659/659 348/209/209 376/207/207
f 219/731/731 132/281/281 226/277/277
f 132/281/281 219/731/731 213/726/726
f 61/732/732 213/726/726 219/731/731
f 213/726/726 61/732/732 56/235/235
f 96/733/733 226/277/277 254/279/279
f 226/277/277 96/733/733 219/731/731
f 193/734/734 219/731/731 96/733/733
f 219/731/731 193/734/734 61/732/732
f 489/735/735 155/230/230 188/736/736
f 155/230/230 489/735/735 459/228/228
f 21/737/737 459/228/228 489/735/735
f 459/228/228 21/737/737 143/226/226
f 85/738/738 135/739/739 142/740/740
f 135/739/739 85/738/738 81/741/741
f 64/742/742 81/741/741 85/738/738
f 81/741/741 64/742/742 31/743/743
f 15/408/408 11/56/56 1050/58/58
f 11/56/56 15/408/408 6/744/744
f 967/409/409 6/744/744 15/408/408
f 6/744/744 967/409/409 1041/410/410
f 917/745/745 6/744/744 1041/410/410
f 6/744/744 917/745/745 921/746/746
f 924/54/54 921/746/746 917/745/745
f 921/746/746 924/54/54 11/56/56
f 294/747/747 343/748/748 346/749/749
f 343/748/748 294/747/747 297/750/750
f 290/751/751 297/750/750 294/747/747
f 297/750/750 290/751/751 301/752/752
f 596/335/335 174/418/418 270/333/333
f 174/418/418 596/335/335 592/753/753
f 261/337/337 592/753/753 596/335/335
f 592/753/753 261/337/337 247/339/339
f 747/754/754 738/755/755 720/756/756
f 738/755/755 747/754/754 735/757/757
f 731/758/758 735/757/757 747/754/754
f 735/757/757 731/758/758 751/759/759
f 443/120/120 438/760/760 491/118/118
f 438/760/760 443/120/120 547/761/761
f 68/122/122 547/761/761 443/120/120
f 547/761/761 68/122/122 63/623/623
f 212/762/762 257/763/763 241/764/764
f 257/763/763 212/762/762 196/765/765
f 206/766/766 196/765/765 212/762/762
f 196/765/765 206/766/766 201/767/767
f 211/768/768 187/769/769 655/770/770
f 187/769/769 211/768/768 620/771/771
f 244/772/772 620/771/771 211/768/768
f 620/771/771 244/772/772 235/773/773
f 518/774/774 30/775/775 26/776/776
f 30/775/775 518/774/774 80/777/777
f 75/778/778 80/777/777 518/774/774
f 80/777/777 75/778/778 130/779/779
f 830/780/780 827/781/781 871/782/782
f 827/781/781 830/780/780 809/783/783
f 813/784/784 809/783/783 830/780/780
f 809/783/783 813/784/784 847/785/785
f 775/786/786 880/350/350 898/352/352
f 880/350/350 775/786/786 874/787/787
f 850/788/788 874/787/787 775/786/786
f 874/787/787 850/788/788 740/789/789
f 175/790/790 626/687/687 262/685/685
f 626/687/687 175/790/790 650/791/791
f 181/792/792 650/791/791 175/790/790
f 650/791/791 181/792/792 630/793/793
f 365/113/113 349/121/121 369/115/115
f 349/121/121 365/113/113 162/185/185
f 321/111/111 162/185/185 365/113/113
f 162/185/185 321/111/111 504/109/109
f 293/794/794 280/795/795 873/796/796
f 280/795/795 293/794/794 350/797/797
f 347/798/798 350/797/797 293/794/794
f 350/797/797 347/798/798 328/799/799
f 1051/43/43 947/29/29 939/27/27
f 947/29/29 1051/43/43 974/800/800
f 16/41/41 974/800/800 1051/43/43
f 974/800/800 16/41/41 1045/39/39
f 1018/406/406 1015/61/61 1012/59/59
f 1015/61/61 1018/406/406 911/801/801
f 908/404/404 911/801/801 1018/406/406
f 911/801/801 908/404/404 93/402/402
f 7/9/9 1036/38/38 12/40/40
f 1036/38/38 7/9/9 1016/36/36
f 3/7/7 1016/36/36 7/9/9
f 1016/36/36 3/7/7 1004/5/5
f 971/31/31 1010/34/34 977/33/33
f 1010/34/34 971/31/31 1028/802/802
f 1045/39/39 1028/802/802 971/31/31
f 1028/802/802 1045/39/39 1032/37/37
f 98/512/512 79/67/67 973/65/65
f 79/67/67 98/512/512 399/803/803
f 405/513/513 399/803/803 98/512/512
f 399/803/803 405/513/513 618/514/514
f 399/803/803 426/69/69 79/67/67
f 426/69/69 399/803/803 389/326/326
f 618/514/514 389/326/326 399/803/803
f 389/326/326 618/514/514 422/160/160
f 374/804/804 357/330/330 378/331/331
f 357/330/330 374/804/804 456/805/805
f 632/79/79 456/805/805 374/804/804
f 456/805/805 632/79/79 628/77/77
f 594/806/806 601/807/807 582/808/808
f 601/807/807 594/806/806 590/809/809
f 577/810/810 590/809/809 594/806/806
f 590/809/809 577/810/810 597/811/811
f 874/787/787 802/354/354 880/350/350
f 802/354/354 874/787/787 868/595/595
f 740/789/789 868/595/595 874/787/787
f 868/595/595 740/789/789 736/302/302
f 605/812/812 598/813/813 578/814/814
f 598/813/813 605/812/812 613/815/815
f 486/816/816 613/815/815 605/812/812
f 613/815/815 486/816/816 482/817/817
f 862/300/300 868/595/595 736/302/302
f 868/595/595 862/300/300 798/594/594
f 792/298/298 798/594/594 862/300/300
f 798/594/594 792/298/298 729/296/296
f 271/818/818 457/819/819 706/820/820
f 457/819/819 271/818/818 461/821/821
f 355/822/822 461/821/821 271/818/818
f 461/821/821 355/822/822 307/823/823
f 725/824/824 312/825/825 471/826/826
f 312/825/825 725/824/824 306/827/827
f 765/828/828 306/827/827 725/824/824
f 306/827/827 765/828/828 466/829/829
f 436/830/830 538/831/831 513/832/832
f 538/831/831 436/830/830 552/833/833
f 441/834/834 552/833/833 436/830/830
f 552/833/833 441/834/834 446/835/835
f 527/554/554 311/151/151 511/153/153
f 311/151/151 527/554/554 522/836/836
f 516/556/556 522/836/836 527/554/554
f 522/836/836 516/556/556 180/558/558
f 458/837/837 752/838/838 707/839/839
f 752/838/838 458/837/837 761/840/840
f 462/841/841 761/840/840 458/837/837
f 761/840/840 462/841/841 467/842/842
f 703/638/638 685/843/843 680/636/636
f 685/843/843 703/638/638 690/844/844
f 699/640/640 690/844/844 703/638/638
f 690/844/844 699/640/640 662/642/642
f 120/845/845 556/846/846 445/847/847
f 556/846/846 120/845/845 523/848/848
f 719/849/849 523/848/848 120/845/845
f 523/848/848 719/849/849 40/850/850
f 686/851/851 644/716/716 681/712/712
f 644/716/716 686/851/851 641/852/852
f 689/853/853 641/852/852 686/851/851
f 641/852/852 689/853/853 663/854/854
f 666/194/194 1068/520/520 670/518/518
f 1068/520/520 666/194/194 889/855/855
f 892/196/196 889/855/855 666/194/194
f 889/855/855 892/196/196 808/198/198
f 1024/124/124 1059/382/382 1062/384/384
f 1059/382/382 1024/124/124 927/380/380
f 914/126/126 927/380/380 1024/124/124
f 1006/701/701 979/66/66 982/241/241
f 979/66/66 1006/701/701 976/64/64
f 958/700/700 976/64/64 1006/701/701
f 565/611/611 35/609/609 561/610/610
f 35/609/609 565/611/611 544/608/608
f 570/606/606 544/608/608 565/611/611
f 993/377/377 1002/361/361 1037/363/363
f 1002/361/361 993/377/377 999/365/365
f 996/373/373 999/365/365 993/377/377
f 911/801/801 1021/63/63 1015/61/61
f 1021/63/63 911/801/801 1003/511/511
f 93/402/402 1003/511/511 911/801/801
f 960/600/600 1033/247/247 966/248/248
f 1033/247/247 960/600/600 1029/245/245
f 1043/243/243 1029/245/245 960/600/600
f 816/516/516 822/127/127 819/125/125
f 822/127/127 816/516/516 918/129/129
f 875/856/856 918/129/129 816/516/516
f 641/852/852 675/718/718 644/716/716
f 675/718/718 641/852/852 658/857/857
f 637/858/858 658/857/857 641/852/852
f 700/859/859 821/297/297 845/860/860
f 821/297/297 700/859/859 810/295/295
f 815/293/293 810/295/295 700/859/859
f 49/861/861 54/403/403 905/405/405
f 54/403/403 49/861/861 335/166/166
f 140/168/168 335/166/166 49/861/861
f 353/658/658 628/77/77 625/75/75
f 628/77/77 353/658/658 456/805/805
f 357/330/330 456/805/805 353/658/658
f 475/862/862 613/815/815 482/817/817
f 613/815/815 475/862/862 598/813/813
f 568/863/863 598/813/813 475/862/862
f 130/779/779 136/864/864 80/777/777
f 136/864/864 130/779/779 108/865/865
f 115/866/866 108/865/865 130/779/779
f 837/867/867 890/631/631 883/633/633
f 890/631/631 837/867/867 887/629/629
f 831/627/627 887/629/629 837/867/867
f 705/672/672 710/868/868 702/673/673
f 710/868/868 705/672/672 716/869/869
f 723/870/870 716/869/869 705/672/672
f 995/4/4 953/217/217 992/2/2
f 953/217/217 995/4/4 1069/216/216
f 1072/6/6 1069/216/216 995/4/4
f 125/871/871 440/872/872 69/873/873
f 440/872/872 125/871/871 444/874/874
f 121/875/875 444/874/874 125/871/871
f 545/720/720 432/876/876 514/721/721
f 432/876/876 545/720/720 25/877/877
f 517/878/878 25/877/877 545/720/720
f 739/879/879 41/880/880 721/881/881
f 41/880/880 739/879/879 472/882/882
f 728/883/883 472/882/882 739/879/879
f 548/723/723 450/884/884 45/725/725
f 450/884/884 548/723/723 525/885/885
f 537/719/719 525/885/885 548/723/723
f 576/886/886 487/887/887 606/888/888
f 487/887/887 576/886/886 391/889/889
f 397/890/890 391/889/889 576/886/886
f 761/840/840 757/891/891 752/838/838
f 757/891/891 761/840/840 764/892/892
f 467/842/842 764/892/892 761/840/840
f 69/873/873 512/893/893 712/894/894
f 512/893/893 69/873/873 435/895/895
f 440/872/872 435/895/895 69/873/873
f 559/896/896 76/897/897 519/898/898
f 76/897/897 559/896/896 131/899/899
f 114/900/900 131/899/899 559/896/896
f 559/896/896 562/901/901 114/900/900
f 562/901/901 559/896/896 529/902/902
f 534/903/903 529/902/902 559/896/896
f 647/715/715 629/904/904 192/713/713
f 629/904/904 647/715/715 668/905/905
f 671/717/717 668/905/905 647/715/715
f 886/906/906 724/528/528 5/526/526
f 724/528/528 886/906/906 717/690/690
f 750/688/688 717/690/690 886/906/906
f 320/698/698 341/274/274 344/276/276
f 341/274/274 320/698/698 506/695/695
f 510/694/694 506/695/695 320/698/698
f 536/92/92 23/907/907 18/94/94
f 23/907/907 536/92/92 199/88/88
f 190/90/90 199/88/88 536/92/92
f 569/533/533 621/454/454 617/456/456
f 621/454/454 569/533/533 624/452/452
f 542/908/908 624/452/452 569/533/533
f 72/656/656 232/646/646 78/643/643
f 232/646/646 72/656/656 214/143/143
f 194/141/141 214/143/143 72/656/656
f 922/909/909 919/32/32 909/220/220
f 919/32/32 922/909/909 932/30/30
f 936/28/28 932/30/30 922/909/909
f 90/706/706 65/910/910 86/708/708
f 65/910/910 90/706/706 36/911/911
f 55/702/702 36/911/911 90/706/706
f 695/262/262 23/907/907 701/260/260
f 23/907/907 695/262/262 18/94/94
f 698/96/96 18/94/94 695/262/262
f 750/688/688 755/501/501 746/499/499
f 755/501/501 750/688/688 846/503/503
f 881/912/912 846/503/503 750/688/688
f 146/707/707 102/913/913 95/914/914
f 102/913/913 146/707/707 141/915/915
f 86/708/708 141/915/915 146/707/707
f 502/583/583 225/916/916 499/581/581
f 225/916/916 502/583/583 263/917/917
f 176/584/584 263/917/917 502/583/583
f 370/918/918 363/919/919 428/920/920
f 363/919/919 370/918/918 358/921/921
f 366/922/922 358/921/921 370/918/918
f 763/542/542 855/504/504 843/544/544
f 855/504/504 763/542/542 851/502/502
f 674/540/540 851/502/502 763/542/542
f 652/104/104 657/252/252 771/923/923
f 657/252/252 652/104/104 661/256/256
f 780/102/102 661/256/256 652/104/104
f 590/809/809 572/924/924 601/807/807
f 572/924/924 590/809/809 587/925/925
f 567/926/926 587/925/925 590/809/809
f 636/117/117 349/121/121 485/119/119
f 349/121/121 636/117/117 369/115/115
f 569/533/533 564/927/927 542/908/908
f 564/927/927 569/533/533 574/534/534
f 925/26/26 922/909/909 909/220/220
f 922/909/909 925/26/26 936/28/28
f 1063/22/22 903/218/218 1066/20/20
f 903/218/218 1063/22/22 912/24/24
f 574/534/534 599/928/928 564/927/927
f 599/928/928 574/534/534 595/536/536
f 1054/45/45 939/27/27 1057/25/25
f 939/27/27 1054/45/45 1051/43/43
f 938/621/621 68/122/122 949/385/385
f 68/122/122 938/621/621 63/623/623
f 607/309/309 560/535/535 546/457/457
f 560/535/535 607/309/309 611/307/307
f 611/307/307 591/537/537 560/535/535
f 591/537/537 611/307/307 639/474/474
f 912/24/24 909/220/220 903/218/218
f 909/220/220 912/24/24 925/26/26
f 974/800/800 971/31/31 947/29/29
f 971/31/31 974/800/800 1045/39/39
f 840/929/929 49/861/861 905/405/405
f 1/930/930 49/861/861 840/929/929
f 504/109/109 481/187/187 162/185/185
f 481/187/187 504/109/109 325/105/105
f 595/536/536 645/478/478 599/928/928
f 645/478/478 595/536/536 642/476/476
f 1028/802/802 1013/35/35 1010/34/34
f 1013/35/35 1028/802/802 1032/37/37
f 959/13/13 956/42/42 950/44/44
f 956/42/42 959/13/13 1048/11/11
f 980/3/3 953/217/217 900/219/219
f 953/217/217 980/3/3 992/2/2
f 1007/215/215 1022/16/16 998/18/18
f 1022/16/16 1007/215/215 1025/14/14
f 928/47/47 1057/25/25 1060/23/23
f 1057/25/25 928/47/47 1054/45/45
f 1048/11/11 12/40/40 956/42/42
f 12/40/40 1048/11/11 7/9/9
f 915/49/49 1060/23/23 906/21/21
f 1060/23/23 915/49/49 928/47/47
f 92/931/931 4/494/494 48/495/495
f 4/494/494 92/931/931 8/510/510
f 57/493/493 161/147/147 38/149/149
f 161/147/147 57/493/493 144/480/480
f 156/482/482 62/490/490 67/484/484
f 62/490/490 156/482/482 152/479/479
f 152/479/479 148/488/488 62/490/490
f 148/488/488 152/479/479 144/480/480
f 298/214/214 429/693/693 425/212/212
f 429/693/693 298/214/214 408/932/932
f 1055/599/599 1052/319/319 1026/321/321
f 1052/319/319 1055/599/599 963/317/317
f 116/289/289 82/578/578 71/579/579
f 82/578/578 116/289/289 110/287/287
f 948/244/244 1040/323/323 940/325/325
f 1040/323/323 948/244/244 1043/243/243
f 954/362/362 1008/529/529 957/531/531
f 1008/529/529 954/362/362 1005/364/364
f 110/287/287 66/577/577 82/578/578
f 66/577/577 110/287/287 103/285/285
f 166/280/280 480/393/393 231/278/278
f 480/393/393 166/280/280 477/282/282
f 250/399/399 177/286/286 183/288/288
f 177/286/286 250/399/399 245/397/397
f 245/397/397 172/284/284 177/286/286
f 172/284/284 245/397/397 237/395/395
f 904/933/933 907/138/138 975/246/246
f 907/138/138 904/933/933 97/140/140
f 1014/934/934 1011/324/324 937/367/367
f 1011/324/324 1014/934/934 940/325/325
f 477/282/282 237/395/395 480/393/393
f 237/395/395 477/282/282 172/284/284
f 933/935/935 929/374/374 984/376/376
f 929/374/374 933/935/935 926/936/936
f 951/366/366 996/373/373 913/368/368
f 996/373/373 951/366/366 999/365/365
f 200/937/937 204/675/675 24/671/671
f 204/675/675 200/937/937 209/938/938
f 920/372/372 923/939/939 916/371/371
f 923/939/939 920/372/372 929/374/374
f 10/676/676 705/672/672 14/674/674
f 705/672/672 10/676/676 723/870/870
f 221/940/940 204/675/675 209/938/938
f 204/675/675 221/940/940 215/677/677
f 533/941/941 541/722/722 528/724/724
f 541/722/722 533/941/941 517/878/878
f 1056/62/62 958/700/700 961/184/184
f 958/700/700 1056/62/62 976/64/64
f 277/942/942 314/697/697 309/699/699
f 314/697/697 277/942/942 372/200/200
f 368/202/202 314/697/697 372/200/200
f 314/697/697 368/202/202 515/204/204
f 829/517/517 875/856/856 816/516/516
f 875/856/856 829/517/517 769/943/943
f 1068/520/520 789/944/944 794/522/522
f 789/944/944 1068/520/520 889/855/855
f 777/521/521 829/517/517 825/519/519
f 829/517/517 777/521/521 769/943/943
f 352/210/210 302/696/696 282/208/208
f 302/696/696 352/210/210 356/268/268
f 575/605/605 300/604/604 304/607/607
f 300/604/604 575/605/605 580/602/602
f 550/625/625 547/761/761 63/623/623
f 547/761/761 550/625/625 438/760/760
f 753/945/945 454/946/946 708/947/947
f 454/946/946 753/945/945 732/948/948
f 732/948/948 20/949/949 454/946/946
f 20/949/949 732/948/948 743/950/950
f 593/951/951 154/952/952 492/953/953
f 154/952/952 593/951/951 581/954/954
f 555/955/955 552/833/833 446/835/835
f 552/833/833 555/955/955 524/956/956
f 581/954/954 495/957/957 154/952/952
f 495/957/957 581/954/954 498/958/958
f 267/959/959 706/820/820 453/960/960
f 706/820/820 267/959/959 271/818/818
f 50/961/961 530/962/962 46/963/963
f 530/962/962 50/961/961 107/964/964
f 583/965/965 616/667/667 609/669/669
f 616/667/667 583/965/965 602/665/665
f 406/966/966 392/967/967 396/968/968
f 392/967/967 406/966/966 401/969/969
f 367/970/970 379/971/971 383/972/972
f 379/971/971 367/970/970 371/973/973
f 424/974/974 402/975/975 407/976/976
f 402/975/975 424/974/974 411/977/977
f 159/978/978 505/547/547 171/580/580
f 505/547/547 159/978/978 571/545/545
f 476/979/979 362/553/553 566/551/551
f 362/553/553 476/979/979 483/980/980
f 393/981/981 483/980/980 488/982/982
f 483/980/980 393/981/981 427/983/983
f 371/973/973 413/984/984 379/971/971
f 413/984/984 371/973/973 400/985/985
f 403/986/986 428/920/920 390/987/987
f 428/920/920 403/986/986 370/918/918
f 329/988/988 343/748/748 340/989/989
f 343/748/748 329/988/988 346/749/749
f 778/616/616 718/990/990 774/618/618
f 718/990/990 778/616/616 748/612/612
f 326/991/991 336/992/992 333/993/993
f 336/992/992 326/991/991 339/994/994
f 101/995/995 135/739/739 109/996/996
f 135/739/739 101/995/995 142/740/740
f 51/997/997 100/998/998 106/999/999
f 100/998/998 51/997/997 59/1000/1000
f 32/1001/1001 202/232/232 137/234/234
f 202/232/232 32/1001/1001 197/1002/1002
f 147/224/224 21/737/737 91/222/222
f 21/737/737 147/224/224 143/226/226
f 197/1002/1002 155/230/230 202/232/232
f 155/230/230 197/1002/1002 188/736/736
f 34/1003/1003 29/95/95 811/97/97
f 29/95/95 34/1003/1003 543/349/349
f 935/1004/1004 1041/410/410 931/412/412
f 1041/410/410 935/1004/1004 917/745/745
f 776/1005/1005 652/104/104 767/1006/1006
f 652/104/104 776/1005/1005 793/103/103
f 833/1007/1007 843/544/544 839/1008/1008
f 843/544/544 833/1007/1007 759/543/543
f 869/500/500 674/540/540 863/498/498
f 674/540/540 869/500/500 851/502/502
f 1061/250/250 969/1009/1009 1064/316/316
f 969/1009/1009 1061/250/250 1070/251/251
f 88/1010/1010 238/133/133 246/644/644
f 238/133/133 88/1010/1010 255/131/131
f 313/1011/1011 879/1012/1012 801/1013/1013
f 879/1012/1012 313/1011/1011 305/1014/1014
f 327/1015/1015 884/1016/1016 317/1017/1017
f 884/1016/1016 327/1015/1015 332/1018/1018
f 289/1019/1019 873/796/796 276/1020/1020
f 873/796/796 289/1019/1019 293/794/794
f 856/1021/1021 852/1022/1022 864/1023/1023
f 852/1022/1022 856/1021/1021 805/1024/1024
f 897/682/682 849/1025/1025 877/684/684
f 849/1025/1025 897/682/682 853/678/678
f 893/681/681 790/1026/1026 785/679/679
f 790/1026/1026 893/681/681 796/683/683
f 631/1027/1027 682/471/471 697/305/305
f 682/471/471 631/1027/1027 539/711/711
f 784/100/100 803/259/259 780/102/102
f 803/259/259 784/100/100 688/98/98
f 165/1028/1028 581/954/954 610/1029/1029
f 581/954/954 165/1028/1028 498/958/958
f 576/886/886 492/953/953 397/890/890
f 492/953/953 576/886/886 593/951/951
f 205/1030/1030 655/770/770 191/1031/1031
f 655/770/770 205/1030/1030 211/768/768
f 416/1032/1032 380/593/593 410/1033/1033
f 380/593/593 416/1032/1032 375/591/591
f 19/1034/1034 512/893/893 431/1035/1035
f 512/893/893 19/1034/1034 712/894/894
f 799/257/257 730/689/689 737/255/255
f 730/689/689 799/257/257 734/258/258
f 563/1036/1036 107/964/964 113/1037/1037
f 107/964/964 563/1036/1036 530/962/962
f 310/422/422 256/340/340 284/1038/1038
f 256/340/340 310/422/422 185/420/420
f 210/1039/1039 233/86/86 222/523/523
f 233/86/86 210/1039/1039 199/88/88
f 592/753/753 185/420/420 174/418/418
f 185/420/420 592/753/753 247/339/339
f 274/83/83 474/345/345 149/81/81
f 474/345/345 274/83/83 589/85/85
f 228/87/87 474/345/345 589/85/85
f 474/345/345 228/87/87 296/89/89
f 296/89/89 292/347/347 474/345/345
f 292/347/347 296/89/89 195/91/91
f 828/353/353 888/571/571 885/351/351
f 888/571/571 828/353/353 832/355/355
f 787/360/360 758/597/597 749/598/598
f 758/597/597 787/360/360 783/358/358
f 783/358/358 745/596/596 758/597/597
f 745/596/596 783/358/358 779/356/356
f 266/1040/1040 415/165/165 240/167/167
f 415/165/165 266/1040/1040 169/559/559
f 970/183/183 1027/463/463 1065/411/411
f 1027/463/463 970/183/183 991/181/181
f 991/181/181 1038/461/461 1027/463/463
f 1038/461/461 991/181/181 994/179/179
f 994/179/179 952/459/459 1038/461/461
f 952/459/459 994/179/179 997/177/177
f 430/72/72 434/236/236 558/237/237
f 434/236/236 430/72/72 497/74/74
f 641/852/852 229/1041/1041 637/858/858
f 229/1041/1041 641/852/852 663/854/854
f 201/767/767 258/1042/1042 196/765/765
f 258/1042/1042 201/767/767 253/1043/1043
f 253/1043/1043 243/1044/1044 258/1042/1042
f 243/1044/1044 253/1043/1043 248/1045/1045
f 217/1046/1046 498/958/958 223/1047/1047
f 498/958/958 217/1046/1046 495/957/957
f 42/1048/1048 77/225/225 151/221/221
f 77/225/225 42/1048/1048 71/579/579
f 756/1049/1049 735/757/757 751/759/759
f 735/757/757 756/1049/1049 726/1050/1050
f 852/1022/1022 809/783/783 847/785/785
f 809/783/783 852/1022/1022 805/1024/1024
f 336/992/992 297/750/750 301/752/752
f 297/750/750 336/992/992 339/994/994
f 249/1051/1051 236/1052/1052 242/1053/1053
f 236/1052/1052 249/1051/1051 230/1054/1054
f 650/791/791 667/568/568 626/687/687
f 667/568/568 650/791/791 630/793/793
f 676/1055/1055 696/565/565 672/567/567
f 696/565/565 676/1055/1055 659/563/563
f 124/1056/1056 145/338/338 118/336/336
f 145/338/338 124/1056/1056 409/524/524
f 834/470/470 905/405/405 1047/407/407
f 905/405/405 834/470/470 840/929/929
f 338/401/401 335/166/166 342/164/164
f 335/166/166 338/401/401 54/403/403
f 395/657/657 625/75/75 622/73/73
f 625/75/75 395/657/657 353/658/658
f 1044/465/465 1009/57/57 1071/55/55
f 1009/57/57 1044/465/465 902/467/467
f 902/467/467 1012/59/59 1009/57/57
f 1012/59/59 902/467/467 1047/407/407
f 635/472/472 611/307/307 677/303/303
f 611/307/307 635/472/472 639/474/474
f 722/1057/1057 754/294/294 818/290/290
f 754/294/294 722/1057/1057 749/598/598
f 709/1058/1058 858/299/299 806/301/301
f 858/299/299 709/1058/1058 854/1059/1059
f 854/1059/1059 821/297/297 858/299/299
f 821/297/297 854/1059/1059 845/860/860
f 701/260/260 730/689/689 734/258/258
f 730/689/689 701/260/260 711/691/691
f 891/573/573 832/355/355 838/357/357
f 832/355/355 891/573/573 888/571/571
f 894/575/575 838/357/357 842/359/359
f 838/357/357 894/575/575 891/573/573
f 764/892/892 727/1060/1060 757/891/891
f 747/754/754 742/1061/1061 731/758/758
f 688/98/98 692/261/261 803/259/259
f 813/784/784 830/780/780 835/1062/1062
f 809/783/783 805/1024/1024 827/781/781
f 28/508/508 33/730/730 117/506/506
f 251/487/487 88/1010/1010 246/644/644
f 297/750/750 339/994/994 343/748/748
f 1067/318/318 1064/316/316 969/1009/1009
f 750/688/688 886/906/906 881/912/912
f 133/491/491 138/492/492 128/507/507
f 236/1052/1052 230/1054/1054 664/1063/1063
f 719/849/849 120/845/845 773/1064/1064
f 634/564/564 623/686/686 693/566/566
f 627/313/313 526/455/455 648/315/315
f 917/745/745 876/52/52 924/54/54
f 260/1065/1065 88/1010/1010 251/487/487
f 104/486/486 260/1065/1065 251/487/487
f 986/48/48 989/634/634 943/46/46
f 993/377/377 990/375/375 996/373/373
f 1073/1066/1066 1067/318/318 969/1009/1009
f 978/532/532 1067/318/318 1073/1066/1066
f 1/930/930 140/168/168 49/861/861
f 1001/1/1 1016/36/36 1004/5/5
f 6/744/744 921/746/746 11/56/56
f 802/354/354 745/596/596 779/356/356
f 473/283/283 66/577/577 103/285/285
f 449/1067/1067 523/848/848 40/850/850
f 483/980/980 427/983/983 362/553/553
f 429/693/693 408/932/932 334/692/692
f 524/956/956 538/831/831 552/833/833
f 815/293/293 700/859/859 766/291/291
f 997/177/177 955/175/175 952/459/459
f 20/949/949 743/950/950 713/1068/1068
f 328/799/799 319/1069/1069 350/797/797
f 354/653/653 795/655/655 308/1070/1070
f 541/722/722 517/878/878 545/720/720
f 889/855/855 808/198/198 789/944/944
f 307/823/823 465/1071/1071 461/821/821
f 534/903/903 559/896/896 519/898/898
f 178/485/485 184/481/481 173/483/483
f 247/339/339 256/340/340 185/420/420
f 1020/320/320 1017/530/530 1023/322/322
f 926/936/936 923/939/939 929/374/374
f 590/809/809 597/811/811 567/926/926
f 884/1016/1016 332/1018/1018 323/1072/1072
f 356/268/268 337/270/270 302/696/696
f 341/274/274 506/695/695 503/272/272
f 797/1073/1073 879/1012/1012 305/1014/1014
f 726/1050/1050 738/755/755 735/757/757
f 419/163/163 608/159/159 612/161/161
