# Blender v2.79 (sub 0) OBJ File: ''
# www.blender.org
mtllib face 11.mtl
o n0b0_n0b0.009
v 2.784375 2.934375 -1.076172
v 2.045703 1.016406 -3.237891
v 3.522266 -1.551563 -1.238281
v 3.276562 2.927734 -1.273438
v 1.981250 1.492188 -3.391797
v 1.981250 1.492188 -3.391797
v 3.520313 -1.201563 -1.573438
v 4.289062 3.241016 -1.026953
v 1.141016 1.363672 -3.173828
v 1.141016 1.363672 -3.173828
v 3.130469 -1.581250 -0.780469
v 2.586719 2.895313 -1.567188
v 6.378906 0.980469 -1.343359
v 3.523047 -1.679688 -0.780469
v 3.312891 2.975391 -1.860547
v 6.119141 0.832812 -1.266797
v 3.129688 -1.465625 -0.368750
v 4.396875 3.237500 -1.556250
v 6.394922 0.838672 -0.634375
v 3.522266 -1.551563 -0.322656
v 2.375391 2.728516 -0.699219
v 6.667188 0.948828 -0.672656
v 3.128125 -1.150000 -0.066797
v 2.550000 2.766797 -1.631250
v 5.659766 0.571484 -1.164062
v 5.659766 0.571484 -1.164062
v 3.520313 -1.201563 0.012109
v 3.323047 2.744141 -1.939844
v 5.129297 -0.191016 -0.575000
v 3.125391 -0.718750 0.042969
v 4.590625 2.956641 -1.619922
v 5.066797 0.015234 -1.172656
v 5.066797 0.015234 -1.172656
v 3.517578 -0.723437 0.134766
v 2.401562 2.387891 -0.668750
v 4.369141 -0.243359 -1.238281
v 4.369141 -0.243359 -1.238281
v 3.122656 -0.287109 -0.066797
v 2.530078 2.422266 -1.381250
v 4.468359 -0.620703 -0.559766
v 4.468359 -0.620703 -0.559766
v 3.514844 -0.245312 0.012109
v 3.252344 2.319922 -1.631250
v 4.558594 0.328125 -1.973438
v 3.120703 0.028125 -0.368750
v 4.605078 2.622266 -1.318359
v 4.972656 0.733594 -2.018750
v 3.512891 0.104688 -0.322656
v 3.121094 2.145703 -0.691797
v 3.892188 0.792578 -2.620703
v 3.119922 0.143750 -0.780469
v 4.505469 2.367578 -0.531641
v 3.510547 1.048828 -2.973828
v 3.512110 0.232813 -0.780469
v 3.240234 2.997656 0.000000
v 3.198437 0.551562 -2.838281
v 3.120703 0.028125 -1.192578
v 4.462110 2.469922 0.000000
v 3.565625 0.114063 -2.181250
v 3.512891 0.104688 -1.238281
v 5.347656 3.190234 0.000000
v 2.683594 0.355469 -2.542969
v 3.122656 -0.287109 -1.494141
v 5.328125 3.637891 0.000000
v 0.724219 1.187109 -2.589062
v 0.724219 1.187109 -2.589062
v 3.514844 -0.245312 -1.573438
v 4.969141 3.722266 0.000000
v 1.403125 0.828125 -2.714453
v 3.125391 -0.718750 -1.604688
v 4.142969 3.228516 0.000000
v 3.614453 1.941797 -3.058203
v 3.614453 1.941797 -3.058203
v 3.614453 1.941797 -3.058203
v 3.614453 1.941797 -3.058203
v 3.614453 1.941797 -3.058203
v 3.614453 1.941797 -3.058203
v 3.517578 -0.723437 -1.696094
v 2.407422 2.484375 0.000000
v 4.216016 1.414062 -2.960547
v 4.216016 1.414062 -2.960547
v 3.942578 -1.541406 -1.238281
v 3.144922 2.308985 0.000000
v 4.816016 1.071875 -2.645703
v 3.940625 -1.203516 -1.561719
v 2.393750 2.837500 0.000000
v 5.566406 1.064062 -2.111719
v 3.943359 -1.664844 -0.796094
v 2.438672 2.963672 0.000000
v 5.610157 1.266797 -2.166406
v 5.610157 1.266797 -2.166406
v 3.942578 -1.541406 -0.353906
v 4.766407 3.492578 -0.971875
v 4.869922 1.250391 -2.661328
v 4.869922 1.250391 -2.661328
v 3.940625 -1.203516 -0.030469
v 5.069141 3.350000 -1.014453
v 4.496094 0.875781 -2.353516
v 3.937891 -0.741797 0.087500
v 5.158594 2.970703 -0.847656
v 5.402734 0.953906 -2.027344
v 3.935156 -0.280078 -0.030469
v 2.784375 2.934375 1.076172
v 6.437109 1.205469 -1.349609
v 6.437109 1.205469 -1.349609
v 3.933203 0.057422 -0.353906
v 3.276562 2.927734 1.273438
v 6.715234 1.172266 -0.676172
v 6.715234 1.172266 -0.676172
v 3.932422 0.181250 -0.796094
v 4.292969 3.240234 1.026953
v 3.490234 2.511719 -2.751563
v 3.933203 0.057422 -1.238281
v 2.586719 2.894922 1.567188
v 2.503906 3.482031 -1.642969
v 3.935156 -0.280078 -1.561719
v 3.312891 2.975391 1.860547
v 3.483203 2.813281 -2.722266
v 3.937891 -0.741797 -1.680078
v 4.396875 3.237500 1.556250
v 4.066797 1.409766 -2.628516
v 4.303906 -1.387109 -1.139063
v 2.375391 2.728516 0.699219
v 3.625000 1.969141 -2.759375
v 4.302344 -1.116016 -1.394531
v 2.550000 2.766797 1.631250
v 0.533984 1.116797 -1.944141
v 0.533984 1.116797 -1.944141
v 4.304688 -1.486328 -0.790234
v 3.323047 2.744141 1.939844
v 0.655859 1.053125 -0.931250
v 0.655859 1.053125 -0.931250
v 4.303906 -1.387109 -0.441406
v 4.590625 2.956641 1.619922
v 1.006641 0.696094 -1.982813
v 4.302344 -1.116016 -0.186328
v 4.766407 3.492578 0.971875
v 2.478516 0.287500 -1.897266
v 4.300391 -0.745703 -0.092969
v 5.066016 3.346094 1.014453
v 2.135937 0.566016 -2.628906
v 4.298047 -0.375391 -0.186328
v 2.401562 2.387891 0.668750
v 1.505859 0.487109 -2.112109
v 4.296484 -0.104297 -0.441406
v 2.530078 2.422266 1.381250
v 3.336328 1.801172 -3.183985
v 3.336328 1.801172 -3.183985
v 4.296094 -0.005078 -0.790234
v 3.252344 2.319922 1.631250
v 2.857422 1.193750 -3.202344
v 4.296484 -0.104297 -1.139063
v 4.605078 2.622266 1.318359
v 2.588672 0.813672 -3.038281
v 4.298047 -0.375391 -1.394531
v 5.158594 2.970703 0.847656
v 3.478516 2.497656 -3.066797
v 3.478516 2.497656 -3.066797
v 4.300391 -0.745703 -1.487891
v 3.121094 2.145703 0.691797
v 3.221484 -0.007031 -1.472266
v 4.553125 -1.204297 -1.030469
v 4.505469 2.367578 0.531641
v 3.880859 -0.279687 -0.939063
v 4.552344 -1.017578 -1.206641
v 3.682031 2.136719 -0.647656
v 5.303125 1.232813 -1.935156
v 4.553516 -1.272656 -0.790234
v 3.793360 2.352344 -1.564062
v 5.969532 1.183594 -1.350000
v 4.553125 -1.204297 -0.550000
v 3.831250 2.801563 -1.889844
v 2.659375 1.637109 -3.318359
v 2.659375 1.637109 -3.318359
v 4.552344 -1.017578 -0.373828
v 3.791406 3.056641 -1.814062
v 6.426172 1.128906 -0.650781
v 4.550781 -0.762109 -0.309766
v 3.728516 2.996875 -1.219922
v 1.150781 2.000391 -3.269531
v 4.549219 -0.507031 -0.373828
v 3.685938 3.021484 0.000000
v 0.183984 2.030078 -1.745313
v 4.548047 -0.320312 -0.550000
v 3.734766 2.980469 1.219922
v 0.454297 3.421484 -1.542969
v 4.547657 -0.251953 -0.790234
v 3.791406 3.056641 1.814062
v 1.231250 4.488281 -1.376953
v 4.548047 -0.320312 -1.030469
v 3.831250 2.801563 1.889844
v 3.537500 3.186719 -2.601953
v 4.549219 -0.507031 -1.206641
v 3.793360 2.352344 1.564062
v 3.442969 2.813672 -3.049219
v 3.442969 2.813672 -3.049219
v 4.550781 -0.762109 -1.271094
v 3.682031 2.136719 0.647656
v 3.152735 2.757031 -3.156250
v 4.643750 -1.013672 -0.906250
v 3.669531 2.268359 0.000000
v 3.216797 2.363672 -3.203516
v 4.643360 -0.919531 -0.996094
v 0.466016 1.200391 0.000000
v 4.032813 3.452344 -2.338672
v 4.644141 -1.048047 -0.783203
v 4.045703 -0.587891 0.000000
v 4.199219 3.508984 -2.645313
v 4.199219 3.508984 -2.645313
v 4.643750 -1.013672 -0.660156
v 4.476953 -0.707031 0.000000
v 4.476953 -0.707031 0.000000
v 3.516406 3.227344 -2.905469
v 3.516406 3.227344 -2.905469
v 4.643360 -0.919531 -0.570312
v 5.185547 -0.264453 0.000000
v 6.101172 3.174219 -0.556250
v 4.642578 -0.791016 -0.537500
v 6.515234 0.837891 0.000000
v 6.238672 3.117969 -0.576172
v 6.238672 3.117969 -0.576172
v 4.641797 -0.662891 -0.570312
v 5.930469 0.466016 0.000000
v 5.930469 0.466016 0.000000
v 5.932422 3.160547 -1.303906
v 5.932422 3.160547 -1.303906
v 4.641407 -0.568750 -0.660156
v 6.800000 0.957422 0.000000
v 5.806250 3.181641 -1.239844
v 4.641016 -0.534375 -0.783203
v 6.837891 1.178516 0.000000
v 6.837891 1.178516 0.000000
v 6.095703 3.358984 -1.330859
v 4.641407 -0.568750 -0.906250
v 5.528516 0.628516 0.000000
v 6.448828 3.315625 -0.573438
v 4.641797 -0.662891 -0.996094
v 4.470313 0.423438 0.000000
v 3.770313 4.644531 -2.089844
v 4.642578 -0.791016 -1.028906
v 0.132812 2.054297 0.000000
v 2.945703 4.052734 -2.686328
v 4.676953 -0.797656 -0.783203
v 0.323828 3.481250 0.000000
v 3.995703 4.258985 -2.268750
v 3.112500 -1.163672 1.516797
v 3.867969 4.133985 0.000000
v 3.343359 3.580078 -2.930078
v 3.114453 -1.489453 1.205859
v 6.173828 3.125781 0.000000
v 4.072656 3.811719 -2.483984
v 3.114844 -1.608594 0.780469
v 5.075781 4.121484 0.000000
v 3.180469 5.266016 -1.141406
v 3.114453 -1.489453 0.355469
v 6.307422 3.090235 0.000000
v 6.307422 3.090235 0.000000
v 3.229297 4.985938 -1.970703
v 3.112500 -1.163672 0.044141
v 3.080859 5.357812 0.000000
v 4.288672 5.133594 -1.114063
v 3.109766 -0.718359 -0.069141
v 4.413281 5.144141 0.000000
v 5.037109 4.763672 -1.083984
v 3.107031 -0.273438 0.044141
v 5.861719 4.212891 0.000000
v 5.472656 4.237500 -1.054297
v 3.105078 0.051953 0.355469
v 0.982031 4.678125 0.000000
v 4.741797 4.288281 -1.803516
v 3.104297 0.171484 0.780469
v 1.789453 5.216016 0.000000
v 4.658203 3.746875 -2.230469
v 3.105078 0.051953 1.205859
v 2.141797 3.721094 0.000000
v 5.417578 3.674219 -1.793359
v 3.107031 -0.273438 1.516797
v 6.262109 3.556641 0.000000
v 5.771875 3.605469 -1.238281
v 3.109766 -0.718359 1.630859
v 2.478516 0.287500 1.897266
v 6.184375 3.553125 -0.530859
v 3.471484 -1.199219 1.569531
v 3.221484 -0.007031 1.472266
v 2.013281 5.057031 -1.237109
v 3.473438 -1.547266 1.235937
v 1.505859 0.487109 2.112109
v 4.387109 4.734375 -1.699219
v 3.474219 -1.674609 0.780469
v 1.006641 0.696094 1.982813
v 1.982813 2.921875 -3.237500
v 3.473438 -1.547266 0.325000
v 0.655859 1.053125 0.931250
v 0.655859 1.053125 0.931250
v 1.377734 3.103906 -3.085938
v 3.471484 -1.199219 -0.007812
v 3.565625 0.114063 2.181250
v 1.479297 4.266407 -2.189453
v 3.468750 -0.723437 -0.130078
v 4.153906 1.259766 2.994922
v 0.745703 3.295313 -2.410547
v 3.466016 -0.247656 -0.007812
v 3.735938 1.321875 2.912109
v 2.251172 4.852344 -1.828516
v 3.464062 0.100000 0.325000
v 4.521875 0.686719 1.360937
v 3.958984 3.929297 -1.385156
v 3.463281 0.227734 0.780469
v 2.503906 3.482031 1.642969
v 4.888281 3.535938 -2.396484
v 3.464062 0.100000 1.235937
v 1.141016 1.363672 3.173828
v 1.141016 1.363672 3.173828
v 4.835547 3.335938 -2.342188
v 4.835547 3.335938 -2.342188
v 3.466016 -0.247656 1.569531
v 2.045703 1.016406 3.237891
v 5.451172 3.250000 -1.913672
v 5.451172 3.250000 -1.913672
v 3.468750 -0.723437 1.691406
v 1.981250 1.492188 3.391797
v 1.981250 1.492188 3.391797
v 5.575391 3.428516 -1.991797
v 3.889453 -1.210156 1.557813
v 2.857422 1.193750 3.202344
v 3.438281 3.450000 -3.000781
v 3.891406 -1.546094 1.235937
v 6.119141 0.832812 1.266797
v 1.946484 2.074610 -3.378125
v 3.892188 -1.669141 0.796094
v 6.378906 0.980469 1.343359
v 0.562891 1.977344 -2.735156
v 3.891406 -1.546094 0.356250
v 5.659766 0.571484 1.164062
v 5.659766 0.571484 1.164062
v 2.156641 3.793750 -2.917578
v 3.889453 -1.210156 0.034375
v 5.129297 -0.191016 0.575000
v 1.788672 4.025391 -2.806250
v 3.886719 -0.750781 -0.082813
v 5.066797 0.015234 1.172656
v 5.066797 0.015234 1.172656
v 2.556250 4.514062 -2.459375
v 3.883984 -0.291406 0.034375
v 4.468359 -0.620703 0.559766
v 4.468359 -0.620703 0.559766
v 4.628906 3.320703 -2.070312
v 3.882031 0.044141 0.356250
v 4.369141 -0.243359 1.238281
v 4.369141 -0.243359 1.238281
v 5.257812 3.276172 -1.659375
v 3.881250 0.167187 0.796094
v 4.972656 0.733594 2.018750
v 4.200391 3.687500 -2.577344
v 3.882031 0.044141 1.235937
v 4.558594 0.328125 1.973438
v 4.803516 1.240234 -2.324610
v 3.883984 -0.291406 1.557813
v 0.533984 1.116797 1.944141
v 0.533984 1.116797 1.944141
v 2.540234 2.199610 -3.319141
v 3.886719 -0.750781 1.675391
v 3.198437 0.551562 2.838281
v 2.172656 2.055078 -1.549219
v 4.249609 -1.146484 1.391016
v 3.892188 0.792578 2.620703
v 3.162891 3.130859 -3.105469
v 4.251172 -1.416016 1.137109
v 3.510547 1.048828 2.973828
v 2.569531 2.763672 -3.253906
v 4.251563 -1.514844 0.790234
v 2.683594 0.355469 2.542969
v 2.642578 3.489453 -3.078125
v 4.251172 -1.416016 0.443359
v 0.724219 1.187109 2.589062
v 0.724219 1.187109 2.589062
v 5.566016 0.802344 -1.382031
v 5.566016 0.802344 -1.382031
v 4.249609 -1.146484 0.189453
v 1.403125 0.828125 2.714453
v 5.719141 1.777734 -1.382031
v 5.719141 1.777734 -1.382031
v 4.247266 -0.778125 0.096484
v 4.019922 1.018359 2.688281
v 4.569141 0.901953 -2.204297
v 4.569141 0.901953 -2.204297
v 4.245313 -0.409766 0.189453
v 4.216016 1.414062 2.960547
v 4.216016 1.414062 2.960547
v 4.673047 1.767578 -2.224609
v 4.673047 1.767578 -2.224609
v 4.243750 -0.139844 0.443359
v 3.614453 1.941797 3.058203
v 3.614453 1.941797 3.058203
v 3.614453 1.941797 3.058203
v 3.614453 1.941797 3.058203
v 3.614453 1.941797 3.058203
v 3.614453 1.941797 3.058203
v 3.291406 0.982422 -2.568359
v 3.291406 0.982422 -2.568359
v 4.242969 -0.041406 0.790234
v 5.566406 1.064062 2.111719
v 3.294531 1.753906 -2.588672
v 3.294531 1.753906 -2.588672
v 4.243750 -0.139844 1.137109
v 5.402734 0.953906 2.027344
v 2.557422 1.746484 -2.724219
v 4.245313 -0.409766 1.391016
v 5.610157 1.266797 2.166406
v 5.610157 1.266797 2.166406
v 2.569922 1.027734 -2.704297
v 4.247266 -0.778125 1.483984
v 6.437109 1.205469 1.349609
v 6.437109 1.205469 1.349609
v 5.258203 1.889063 -1.078906
v 5.258203 1.889063 -1.078906
v 5.258203 1.889063 -1.078906
v 5.258203 1.889063 -1.078906
v 4.498047 -1.075391 1.204297
v 3.336328 1.801172 3.183985
v 3.336328 1.801172 3.183985
v 5.106641 0.839453 -1.066016
v 5.106641 0.839453 -1.066016
v 4.498828 -1.261328 1.029297
v 3.442969 2.813672 3.049219
v 3.442969 2.813672 3.049219
v 4.325000 1.880078 -1.834766
v 4.325000 1.880078 -1.834766
v 4.325000 1.880078 -1.834766
v 4.325000 1.880078 -1.834766
v 4.499219 -1.329297 0.790234
v 3.483203 2.813281 2.722266
v 4.223047 0.925781 -1.814453
v 4.223047 0.925781 -1.814453
v 4.498828 -1.261328 0.551172
v 3.625000 1.969141 2.759375
v 3.095703 1.867969 -2.170313
v 3.095703 1.867969 -2.170313
v 3.095703 1.867969 -2.170313
v 3.095703 1.867969 -2.170313
v 4.498047 -1.075391 0.376172
v 1.150781 2.000391 3.269531
v 3.094531 0.988281 -2.150391
v 3.094531 0.988281 -2.150391
v 4.496484 -0.821484 0.312109
v 0.183984 2.030078 1.745313
v 2.453125 1.024219 -2.248438
v 4.494922 -0.567578 0.376172
v 0.454297 3.421484 1.542969
v 2.438281 1.861328 -2.268750
v 2.438281 1.861328 -2.268750
v 4.493750 -0.382031 0.551172
v 0.745703 3.295313 2.410547
v 2.562891 1.861328 -2.626953
v 4.493360 -0.313672 0.790234
v 1.231250 4.488281 1.376953
v 3.280078 1.868359 -2.500781
v 3.280078 1.868359 -2.500781
v 4.493750 -0.382031 1.029297
v 3.958984 3.929297 1.385156
v 4.621094 1.881641 -2.143750
v 4.621094 1.881641 -2.143750
v 4.494922 -0.567578 1.204297
v 4.072656 3.811719 2.483984
v 5.639062 1.891406 -1.323047
v 5.639062 1.891406 -1.323047
v 4.496484 -0.821484 1.268359
v 3.438281 3.450000 3.000781
v 5.478906 3.691406 -1.382031
v 5.478906 3.691406 -1.382031
v 4.588672 -0.978125 0.994922
v 3.343359 3.580078 2.930078
v 5.498437 2.754297 -1.382031
v 5.498437 2.754297 -1.382031
v 4.589063 -1.071484 0.905469
v 3.537500 3.186719 2.601953
v 4.451172 3.679297 -2.244922
v 4.451172 3.679297 -2.244922
v 4.589453 -1.105859 0.783203
v 4.032813 3.452344 2.338672
v 4.467578 2.745312 -2.224609
v 4.467578 2.745312 -2.224609
v 4.589063 -1.071484 0.660937
v 4.199219 3.508984 2.645313
v 4.199219 3.508984 2.645313
v 2.403906 2.736719 -2.724219
v 4.588672 -0.978125 0.571484
v 3.516406 3.227344 2.905469
v 3.516406 3.227344 2.905469
v 3.139453 2.794922 -2.588672
v 3.139453 2.794922 -2.588672
v 4.587891 -0.850391 0.538672
v 1.982813 2.921875 3.237500
v 3.038281 3.497656 -2.608984
v 3.038281 3.497656 -2.608984
v 4.587110 -0.722656 0.571484
v 2.945703 4.052734 2.686328
v 2.333203 3.259766 -2.744531
v 4.586328 -0.629297 0.660937
v 3.229297 4.985938 1.970703
v 5.180078 2.655078 -1.144922
v 5.180078 2.655078 -1.144922
v 5.180078 2.655078 -1.144922
v 5.180078 2.655078 -1.144922
v 4.586328 -0.594922 0.783203
v 3.995703 4.258985 2.268750
v 5.171875 3.681250 -1.144922
v 5.171875 3.681250 -1.144922
v 4.586328 -0.629297 0.905469
v 3.180469 5.266016 1.141406
v 4.248047 2.709766 -1.901172
v 4.248047 2.709766 -1.901172
v 4.248047 2.709766 -1.901172
v 4.248047 2.709766 -1.901172
v 4.587110 -0.722656 0.994922
v 2.013281 5.057031 1.237109
v 4.254297 3.641797 -1.921094
v 4.254297 3.641797 -1.921094
v 4.587891 -0.850391 1.027734
v 3.880859 -0.279687 0.939063
v 3.063672 2.774219 -2.236719
v 3.063672 2.774219 -2.236719
v 3.063672 2.774219 -2.236719
v 3.063672 2.774219 -2.236719
v 4.621875 -0.857031 0.783203
v 0.562891 1.977344 2.735156
v 2.407422 2.722266 -2.334766
v 2.407422 2.722266 -2.334766
v 1.377734 3.103906 3.085938
v 2.362109 3.269531 -2.355078
v 2.556250 4.514062 2.459375
v 2.991016 3.481641 -2.256641
v 2.991016 3.481641 -2.256641
v 4.288672 5.133594 1.114063
v 5.413672 2.641406 -1.323047
v 5.413672 2.641406 -1.323047
v 5.472656 4.237500 1.054297
v 4.482031 -2.061719 0.000000
v 5.771875 3.605469 1.238281
v 4.075781 -1.488672 0.000000
v 5.932422 3.160547 1.303906
v 5.932422 3.160547 1.303906
v 4.350391 -1.600000 0.000000
v 5.806250 3.181641 1.239844
v 3.921484 -2.321484 0.000000
v 6.516407 3.280469 0.000000
v 3.156250 -0.679688 -1.876953
v 6.095703 3.358984 1.330859
v 3.626953 -0.107422 -1.538281
v 4.200391 3.687500 2.577344
v 3.142578 -0.570312 -2.025000
v 2.467188 0.516406 0.000000
v 3.496094 -0.014844 -1.689844
v 2.682422 0.773828 1.501953
v 3.221484 -0.007031 -1.472266
v 4.869922 1.250391 2.661328
v 4.869922 1.250391 2.661328
v 2.956641 -0.447266 -2.083203
v 4.816016 1.071875 2.645703
v 2.777344 -0.432031 -1.946875
v 1.734375 2.026953 0.000000
v 2.782422 -1.543359 -1.927734
v 2.172656 2.055078 1.549219
v 3.101953 -2.007812 -1.652344
v 5.257812 3.276172 1.659375
v 3.064063 -0.681250 -1.757812
v 5.451172 3.250000 1.913672
v 5.451172 3.250000 1.913672
v 3.408203 -1.908594 -1.446875
v 5.575391 3.428516 1.991797
v 2.794922 -1.551953 -2.106641
v 5.417578 3.674219 1.793359
v 1.872266 -2.528906 -2.118750
v 3.152735 2.757031 3.156250
v 2.060156 -2.851172 -1.738672
v 3.490234 2.511719 2.751563
v 4.170312 -2.310547 -1.226953
v 3.478516 2.497656 3.066797
v 3.478516 2.497656 3.066797
v 3.936719 -2.744141 -1.039062
v 3.216797 2.363672 3.203516
v 4.417188 -2.139844 -0.683594
v 1.946484 2.074610 3.378125
v 3.492578 -2.510547 -0.731641
v 2.659375 1.637109 3.318359
v 2.659375 1.637109 3.318359
v 3.507422 -0.119922 -1.294141
v 2.540234 2.199610 3.319141
v 3.974219 -1.554297 -0.562891
v 2.569531 2.763672 3.253906
v 2.583984 -2.734766 -1.398828
v 6.394922 0.838672 0.634375
v 3.761328 -1.690625 -1.071094
v 6.667188 0.948828 0.672656
v 2.492969 -0.830078 -2.167969
v 6.715234 1.172266 0.676172
v 6.715234 1.172266 0.676172
v 2.241797 -1.384766 -2.290625
v 6.101172 3.174219 0.556250
v 2.628516 -0.859375 -2.297656
v 6.238672 3.117969 0.576172
v 6.238672 3.117969 0.576172
v 2.353125 -1.460938 -2.417969
v 6.448828 3.315625 0.573438
v 2.878906 -1.008594 -2.204688
v 6.184375 3.553125 0.530859
v 2.700781 -1.591406 -2.329688
v 6.532032 1.125391 0.000000
v 2.078125 -2.075000 -2.327734
v 6.426172 1.128906 0.650781
v 2.413281 -2.426953 -2.319141
v 5.969532 1.183594 1.350000
v 2.408984 -2.874609 -2.084375
v 5.303125 1.232813 1.935156
v 2.775391 -2.025000 -2.108984
v 4.803516 1.240234 2.324610
v 2.721484 -1.962891 -1.883984
v 4.066797 1.409766 2.628516
v 2.824610 -3.043750 -1.882031
v 4.496094 0.875781 2.353516
v 3.241797 -3.039062 -1.641797
v 2.588672 0.813672 3.038281
v 3.039062 -2.624219 -2.110938
v 2.135937 0.566016 2.628906
v 3.390234 -2.610156 -1.913672
v 6.056250 0.743750 0.000000
v 4.044531 -1.837500 -1.219141
v 5.566016 0.802344 1.382031
v 5.566016 0.802344 1.382031
v 4.294922 -1.673828 -0.660547
v 4.569141 0.901953 2.204297
v 4.569141 0.901953 2.204297
v 2.094531 -1.826563 -2.282031
v 2.569922 1.027734 2.704297
v 3.256250 -2.124219 -1.950781
v 5.539844 0.787891 0.000000
v 3.659375 -2.022266 -1.633594
v 5.106641 0.839453 1.066016
v 5.106641 0.839453 1.066016
v 4.341406 -2.439063 0.000000
v 4.223047 0.925781 1.814453
v 4.223047 0.925781 1.814453
v 4.253516 -2.529688 -0.578906
v 2.453125 1.024219 2.248438
v 3.564844 -2.948828 -1.371094
v 3.094531 0.988281 2.150391
v 3.094531 0.988281 2.150391
v 3.781250 -2.521875 -1.633984
v 3.291406 0.982422 2.568359
v 3.291406 0.982422 2.568359
v 3.993750 -2.581250 0.000000
v 6.208203 1.782812 0.000000
v 3.948437 -2.657422 -0.477734
v 5.719141 1.777734 1.382031
v 5.719141 1.777734 1.382031
v 3.637110 -2.762891 -0.783984
v 4.673047 1.767578 2.224609
v 4.673047 1.767578 2.224609
v 3.199610 -2.907813 -1.107813
v 3.294531 1.753906 2.588672
v 3.294531 1.753906 2.588672
v 3.835547 -2.403516 -0.427734
v 2.557422 1.746484 2.724219
v 3.167578 -2.614063 -1.026563
v 2.438281 1.861328 2.268750
v 2.438281 1.861328 2.268750
v 3.156250 -0.679688 1.876953
v 3.095703 1.867969 2.170313
v 3.095703 1.867969 2.170313
v 3.095703 1.867969 2.170313
v 3.095703 1.867969 2.170313
v 3.626953 -0.107422 1.538281
v 4.325000 1.880078 1.834766
v 4.325000 1.880078 1.834766
v 4.325000 1.880078 1.834766
v 4.325000 1.880078 1.834766
v 3.142578 -0.570312 2.025000
v 5.258203 1.889063 1.078906
v 5.258203 1.889063 1.078906
v 5.258203 1.889063 1.078906
v 5.258203 1.889063 1.078906
v 3.496094 -0.014844 1.689844
v 5.690235 1.893359 0.000000
v 5.690235 1.893359 0.000000
v 3.221484 -0.007031 1.472266
v 6.113672 1.896094 0.000000
v 2.956641 -0.447266 2.083203
v 5.639062 1.891406 1.323047
v 5.639062 1.891406 1.323047
v 2.777344 -0.432031 1.946875
v 4.621094 1.881641 2.143750
v 4.621094 1.881641 2.143750
v 2.782422 -1.543359 1.927734
v 3.280078 1.868359 2.500781
v 3.280078 1.868359 2.500781
v 3.101953 -2.007812 1.652344
v 2.562891 1.861328 2.626953
v 3.064063 -0.681250 1.757812
v 5.959766 3.671094 0.000000
v 3.408203 -1.908594 1.446875
v 5.387500 3.714062 0.000000
v 2.794922 -1.551953 2.106641
v 5.986719 2.725391 0.000000
v 1.872266 -2.528906 2.118750
v 5.364844 2.729687 0.000000
v 5.364844 2.729687 0.000000
v 2.060156 -2.851172 1.738672
v 5.887891 2.613672 0.000000
v 4.170312 -2.310547 1.226953
v 5.498437 2.754297 1.382031
v 5.498437 2.754297 1.382031
v 3.936719 -2.744141 1.039062
v 5.478906 3.691406 1.382031
v 5.478906 3.691406 1.382031
v 4.417188 -2.139844 0.683594
v 4.467578 2.745312 2.224609
v 4.467578 2.745312 2.224609
v 3.492578 -2.510547 0.731641
v 4.451172 3.679297 2.244922
v 4.451172 3.679297 2.244922
v 3.507422 -0.119922 1.294141
v 2.403906 2.736719 2.724219
v 3.974219 -1.554297 0.562891
v 2.333203 3.259766 2.744531
v 2.583984 -2.734766 1.398828
v 3.038281 3.497656 2.608984
v 3.038281 3.497656 2.608984
v 3.761328 -1.690625 1.071094
v 3.139453 2.794922 2.588672
v 3.139453 2.794922 2.588672
v 2.492969 -0.830078 2.167969
v 5.171875 3.681250 1.144922
v 5.171875 3.681250 1.144922
v 2.241797 -1.384766 2.290625
v 5.180078 2.655078 1.144922
v 5.180078 2.655078 1.144922
v 5.180078 2.655078 1.144922
v 5.180078 2.655078 1.144922
v 2.628516 -0.859375 2.297656
v 4.254297 3.641797 1.921094
v 4.254297 3.641797 1.921094
v 2.353125 -1.460938 2.417969
v 4.248047 2.709766 1.901172
v 4.248047 2.709766 1.901172
v 4.248047 2.709766 1.901172
v 4.248047 2.709766 1.901172
v 2.878906 -1.008594 2.204688
v 3.063672 2.774219 2.236719
v 3.063672 2.774219 2.236719
v 3.063672 2.774219 2.236719
v 3.063672 2.774219 2.236719
v 2.700781 -1.591406 2.329688
v 2.991016 3.481641 2.256641
v 2.991016 3.481641 2.256641
v 2.078125 -2.075000 2.327734
v 2.362109 3.269531 2.355078
v 2.413281 -2.426953 2.319141
v 2.407422 2.722266 2.334766
v 2.407422 2.722266 2.334766
v 2.408984 -2.874609 2.084375
v 5.413672 2.641406 1.323047
v 5.413672 2.641406 1.323047
v 2.775391 -2.025000 2.108984
v 3.162891 3.130859 3.105469
v 2.721484 -1.962891 1.883984
v 2.642578 3.489453 3.078125
v 2.824610 -3.043750 1.882031
v 2.156641 3.793750 2.917578
v 3.241797 -3.039062 1.641797
v 1.788672 4.025391 2.806250
v 3.039062 -2.624219 2.110938
v 1.479297 4.266407 2.189453
v 3.390234 -2.610156 1.913672
v 2.251172 4.852344 1.828516
v 4.044531 -1.837500 1.219141
v 4.741797 4.288281 1.803516
v 4.294922 -1.673828 0.660547
v 4.658203 3.746875 2.230469
v 2.094531 -1.826563 2.282031
v 4.888281 3.535938 2.396484
v 3.256250 -2.124219 1.950781
v 4.835547 3.335938 2.342188
v 4.835547 3.335938 2.342188
v 3.659375 -2.022266 1.633594
v 4.628906 3.320703 2.070312
v 4.253516 -2.529688 0.578906
v 5.293750 4.756641 0.000000
v 3.564844 -2.948828 1.371094
v 5.037109 4.763672 1.083984
v 3.781250 -2.521875 1.633984
v 4.387109 4.734375 1.699219
v 3.948437 -2.657422 0.477734
v 3.770313 4.644531 2.089844
v 3.637110 -2.762891 0.783984
v 4.153906 1.259766 -2.994922
v 3.199610 -2.907813 1.107813
v 3.735938 1.321875 -2.912109
v 3.835547 -2.403516 0.427734
v 4.019922 1.018359 -2.688281
v 3.167578 -2.614063 1.026563
v 4.521875 0.686719 -1.360937
v 3.128125 -1.150000 -1.494141
v 2.682422 0.773828 -1.501953
v 3.129688 -1.465625 -1.192578
vt 0.525574 0.277771
vt 0.544312 0.296204
vt 0.513184 0.296204
vt 0.561401 0.265442
vt 0.518494 0.266724
vt 0.561401 0.251770
vt 0.520264 0.269531
vt 0.561401 0.255310
vt 0.523865 0.296204
vt 0.561401 0.296204
vt 0.561401 0.306702
vt 0.598999 0.296204
vt 0.600708 0.306702
vt 0.619873 0.306702
vt 0.602478 0.317261
vt 0.621399 0.317261
vt 0.611938 0.330200
vt 0.623901 0.317261
vt 0.613953 0.330566
vt 0.605896 0.329163
vt 0.576111 0.332825
vt 0.576599 0.321838
vt 0.561401 0.332825
vt 0.561401 0.324646
vt 0.546204 0.321838
vt 0.545288 0.309021
vt 0.508850 0.317261
vt 0.511047 0.306702
vt 0.500549 0.306702
vt 0.502136 0.296204
vt 0.502991 0.306702
vt 0.504456 0.296204
vt 0.487915 0.462036
vt 0.498352 0.451172
vt 0.497925 0.465820
vt 0.483398 0.448120
vt 0.471680 0.448059
vt 0.463989 0.437134
vt 0.456238 0.440979
vt 0.414185 0.435242
vt 0.419006 0.444092
vt 0.395630 0.436829
vt 0.372192 0.445679
vt 0.372192 0.429504
vt 0.341980 0.427979
vt 0.365601 0.407654
vt 0.312500 0.411804
vt 0.310425 0.392029
vt 0.254150 0.408264
vt 0.254150 0.389648
vt 0.310425 0.392029
vt 0.313782 0.384705
vt 0.330627 0.389648
vt 0.317139 0.377441
vt 0.350769 0.387329
vt 0.367859 0.372253
vt 0.390198 0.377441
vt 0.376404 0.364502
vt 0.401489 0.370422
vt 0.384583 0.355957
vt 0.412109 0.363342
vt 0.161682 0.125671
vt 0.150513 0.112427
vt 0.187317 0.108154
vt 0.126587 0.116821
vt 0.126587 0.132141
vt 0.102661 0.112427
vt 0.091492 0.125671
vt 0.085205 0.100464
vt 0.065857 0.108154
vt 0.078796 0.084106
vt 0.056458 0.084106
vt 0.085205 0.067749
vt 0.065857 0.060120
vt 0.102661 0.055786
vt 0.091492 0.042542
vt 0.126587 0.051392
vt 0.126587 0.036133
vt 0.150513 0.055786
vt 0.161682 0.042542
vt 0.167969 0.067749
vt 0.187317 0.060120
vt 0.174377 0.084106
vt 0.196716 0.084106
vt 0.167969 0.100464
vt 0.161682 0.042542
vt 0.214294 0.049500
vt 0.187317 0.060120
vt 0.177185 0.024109
vt 0.126587 0.036133
vt 0.126587 0.014832
vt 0.091492 0.042542
vt 0.075928 0.024109
vt 0.065857 0.060120
vt 0.038879 0.049500
vt 0.056458 0.084106
vt 0.025330 0.084106
vt 0.065857 0.108154
vt 0.038879 0.118774
vt 0.091492 0.125671
vt 0.075928 0.144104
vt 0.126587 0.132141
vt 0.126587 0.153381
vt 0.161682 0.125671
vt 0.177185 0.144104
vt 0.187317 0.108154
vt 0.214294 0.118774
vt 0.196716 0.084106
vt 0.227844 0.084106
vt 0.181396 0.149048
vt 0.221497 0.121643
vt 0.236206 0.084106
vt 0.221497 0.046631
vt 0.181396 0.019165
vt 0.126587 0.009155
vt 0.071777 0.019165
vt 0.031677 0.046631
vt 0.016968 0.084106
vt 0.031677 0.121643
vt 0.071777 0.149048
vt 0.132507 0.161682
vt 0.177185 0.144104
vt 0.214294 0.118774
vt 0.227844 0.084106
vt 0.214294 0.049500
vt 0.177185 0.024109
vt 0.126587 0.014832
vt 0.075928 0.024109
vt 0.038879 0.049500
vt 0.025330 0.084106
vt 0.038879 0.118774
vt 0.075928 0.144104
vt 0.126587 0.153381
vt 0.161682 0.125671
vt 0.187317 0.108154
vt 0.196716 0.084106
vt 0.187317 0.060120
vt 0.161682 0.042542
vt 0.126587 0.036133
vt 0.091492 0.042542
vt 0.065857 0.060120
vt 0.056458 0.084106
vt 0.065857 0.108154
vt 0.091492 0.125671
vt 0.126587 0.132141
vt 0.167969 0.100464
vt 0.174377 0.084106
vt 0.167969 0.067749
vt 0.150513 0.055786
vt 0.126587 0.051392
vt 0.102661 0.055786
vt 0.085205 0.067749
vt 0.078796 0.084106
vt 0.085205 0.100464
vt 0.102661 0.112427
vt 0.126587 0.116821
vt 0.150513 0.112427
vt 0.161682 0.125671
vt 0.177185 0.144104
vt 0.187317 0.108154
vt 0.126587 0.153381
vt 0.126587 0.132141
vt 0.075928 0.144104
vt 0.091492 0.125671
vt 0.038879 0.118774
vt 0.065857 0.108154
vt 0.025330 0.084106
vt 0.056458 0.084106
vt 0.038879 0.049500
vt 0.065857 0.060120
vt 0.075928 0.024109
vt 0.091492 0.042542
vt 0.126587 0.014832
vt 0.126587 0.036133
vt 0.177185 0.024109
vt 0.161682 0.042542
vt 0.214294 0.049500
vt 0.187317 0.060120
vt 0.227844 0.084106
vt 0.196716 0.084106
vt 0.214294 0.118774
vt 0.126587 0.009155
vt 0.181396 0.019165
vt 0.221497 0.046631
vt 0.236206 0.084106
vt 0.221497 0.121643
vt 0.181396 0.149048
vt 0.132507 0.161682
vt 0.071777 0.149048
vt 0.031677 0.121643
vt 0.016968 0.084106
vt 0.031677 0.046631
vt 0.071777 0.019165
vt 0.177185 0.144104
vt 0.214294 0.118774
vt 0.126587 0.153381
vt 0.075928 0.144104
vt 0.038879 0.118774
vt 0.025330 0.084106
vt 0.038879 0.049500
vt 0.075928 0.024109
vt 0.126587 0.014832
vt 0.177185 0.024109
vt 0.214294 0.049500
vt 0.227844 0.084106
vt 0.168457 0.261414
vt 0.153198 0.257629
vt 0.161377 0.249817
vt 0.160583 0.267395
vt 0.175232 0.276794
vt 0.167358 0.278748
vt 0.161316 0.250183
vt 0.153992 0.257629
vt 0.147034 0.235779
vt 0.137207 0.244202
vt 0.132507 0.226501
vt 0.121216 0.235962
vt 0.114319 0.217957
vt 0.106506 0.228821
vt 0.071106 0.216187
vt 0.081848 0.270142
vt 0.007019 0.237854
vt 0.006592 0.282104
vt 0.081848 0.270142
vt 0.082764 0.298584
vt 0.153992 0.257629
vt 0.167358 0.278748
vt 0.161316 0.250183
vt 0.175232 0.276794
vt 0.849976 0.737549
vt 0.937500 0.770874
vt 0.868713 0.725037
vt 0.913818 0.779480
vt 0.877930 0.793335
vt 0.956238 0.837524
vt 0.912476 0.837524
vt 0.977051 0.894836
vt 0.947083 0.916687
vt 1.000000 0.950012
vt 0.931213 0.966675
vt 0.962463 1.000000
vt 0.888245 0.975220
vt 0.814331 0.970642
vt 0.862488 0.929199
vt 0.806580 0.930298
vt 0.802612 0.888123
vt 0.729248 0.879211
vt 0.756226 0.850037
vt 0.662476 0.829224
vt 0.498352 0.451172
vt 0.487915 0.462036
vt 0.497925 0.465820
vt 0.483398 0.448120
vt 0.498352 0.437134
vt 0.479004 0.435486
vt 0.468384 0.422058
vt 0.463989 0.437134
vt 0.444458 0.427612
vt 0.414185 0.435242
vt 0.372192 0.429504
vt 0.395630 0.436829
vt 0.372192 0.445679
vt 0.419006 0.444092
vt 0.372192 0.461792
vt 0.392151 0.475342
vt 0.321838 0.478455
vt 0.337524 0.494995
vt 0.293640 0.496460
vt 0.966370 0.589783
vt 0.960144 0.596008
vt 0.991821 0.590759
vt 0.935120 0.587708
vt 0.949219 0.579895
vt 0.924194 0.563354
vt 0.941406 0.555420
vt 0.899231 0.546814
vt 0.903870 0.539795
vt 0.832031 0.527405
vt 0.835144 0.518982
vt 0.796936 0.513733
vt 0.841370 0.510620
vt 0.800110 0.506470
vt 0.803223 0.500183
vt 0.758789 0.502258
vt 0.758789 0.496033
vt 0.803223 0.500183
vt 0.470337 0.405579
vt 0.481018 0.402954
vt 0.457764 0.408691
vt 0.424988 0.418030
vt 0.365601 0.407654
vt 0.341980 0.427979
vt 0.312500 0.411804
vt 0.311768 0.426392
vt 0.254150 0.427002
vt 0.254150 0.447876
vt 0.311768 0.426392
vt 0.313171 0.440002
vt 0.585571 0.920288
vt 0.584045 0.929199
vt 0.651978 0.946228
vt 0.506226 0.910522
vt 0.506226 0.896179
vt 0.585571 0.920288
vt 0.587463 0.904175
vt 0.654541 0.933533
vt 0.657532 0.912537
vt 0.724609 0.921448
vt 0.729248 0.879211
vt 0.806580 0.930298
vt 0.802612 0.888123
vt 0.862488 0.929199
vt 0.881226 0.887512
vt 0.947083 0.916687
vt 0.966370 0.589783
vt 0.966370 0.575195
vt 0.992126 0.589722
vt 0.949219 0.579895
vt 0.935120 0.587708
vt 0.924194 0.563354
vt 0.891418 0.558533
vt 0.899231 0.546814
vt 0.832031 0.527405
vt 0.903870 0.539795
vt 0.835144 0.518982
vt 0.841370 0.510620
vt 0.796936 0.513733
vt 0.800110 0.506470
vt 0.758789 0.508545
vt 0.602539 0.269531
vt 0.618347 0.296204
vt 0.604370 0.266724
vt 0.620667 0.296204
vt 0.609680 0.296204
vt 0.611816 0.306702
vt 0.578552 0.296204
vt 0.577576 0.309021
vt 0.561401 0.296204
vt 0.561401 0.310425
vt 0.082764 0.298584
vt 0.079529 0.287292
vt 0.007019 0.306702
vt 0.007019 0.296875
vt 0.079529 0.287292
vt 0.077454 0.280640
vt 0.153198 0.257629
vt 0.137329 0.243713
vt 0.147034 0.235840
vt 0.122375 0.236206
vt 0.132507 0.226746
vt 0.114746 0.218445
vt 0.662476 0.829224
vt 0.756226 0.850037
vt 0.662476 0.870850
vt 0.591431 0.862549
vt 0.506226 0.854187
vt 0.587463 0.904175
vt 0.654541 0.933533
vt 0.718384 0.961365
vt 0.978882 0.573120
vt 0.992798 0.588928
vt 0.954224 0.552673
vt 0.941406 0.555420
vt 0.929504 0.532227
vt 0.916382 0.535645
vt 0.847656 0.504395
vt 0.424988 0.418030
vt 0.376526 0.401550
vt 0.330627 0.389648
vt 0.350769 0.387329
vt 0.317139 0.377441
vt 0.367859 0.372253
vt 0.323303 0.361938
vt 0.326233 0.352539
vt 0.290222 0.351318
vt 0.291870 0.339844
vt 0.254150 0.338623
vt 0.147034 0.235779
vt 0.137207 0.244202
vt 0.121216 0.235962
vt 0.106506 0.228821
vt 0.114319 0.217957
vt 0.071106 0.216187
vt 0.074158 0.205139
vt 0.042297 0.211792
vt 0.041687 0.201477
vt 0.007019 0.213257
vt 0.007019 0.287048
vt 0.071167 0.260498
vt 0.077454 0.280640
vt 0.007019 0.262451
vt 0.071167 0.260498
vt 0.007019 0.223145
vt 0.041870 0.211609
vt 0.007019 0.213257
vt 0.007019 0.198547
vt 0.041870 0.211609
vt 0.041443 0.200684
vt 0.071045 0.216858
vt 0.516907 0.329163
vt 0.498901 0.317261
vt 0.508850 0.330566
vt 0.510925 0.330200
vt 0.538879 0.335144
vt 0.561401 0.334534
vt 0.561401 0.335144
vt 0.583923 0.335144
vt 0.329529 0.341125
vt 0.326233 0.352539
vt 0.291870 0.339844
vt 0.290222 0.351318
vt 0.254150 0.350037
vt 0.288757 0.360657
vt 0.323303 0.361938
vt 0.288757 0.360657
vt 0.254150 0.359436
vt 0.254150 0.374939
vt 0.254150 0.382263
vt 0.856201 1.000000
vt 0.721069 0.948486
vt 0.724609 0.921448
vt 0.657532 0.912537
vt 0.662476 0.870850
vt 0.593750 0.820862
vt 0.878906 0.629395
vt 0.922668 0.633545
vt 0.872620 0.647461
vt 0.916382 0.623108
vt 0.872620 0.608521
vt 0.910156 0.612732
vt 0.891418 0.589783
vt 0.935120 0.604370
vt 0.960144 0.596008
vt 0.991821 0.590759
vt 0.501465 0.317261
vt 0.520386 0.317261
vt 0.526733 0.325928
vt 0.561401 0.317261
vt 0.596069 0.325928
vt 0.506226 0.920166
vt 0.584045 0.929199
vt 0.651978 0.946228
vt 0.718384 0.961365
vt 0.721069 0.948486
vt 0.814331 0.970642
vt 0.875977 0.662720
vt 0.847412 0.663269
vt 0.928894 0.646057
vt 0.960144 0.633545
vt 0.947632 0.623108
vt 0.985168 0.621033
vt 0.972656 0.610596
vt 0.990662 0.611633
vt 0.994080 0.602295
vt 0.313171 0.440002
vt 0.315613 0.461792
vt 0.254150 0.464539
vt 0.315613 0.461792
vt 0.321838 0.478455
vt 0.372192 0.461792
vt 0.392151 0.475342
vt 0.444458 0.427612
vt 0.457764 0.408691
vt 0.412476 0.382629
vt 0.470337 0.405579
vt 0.426514 0.376404
vt 0.439636 0.370789
vt 0.412109 0.363342
vt 0.147034 0.235840
vt 0.137329 0.243713
vt 0.122375 0.236206
vt 0.105530 0.228210
vt 0.074585 0.204712
vt 0.994080 0.602295
vt 0.993225 0.591431
vt 0.972656 0.610596
vt 0.935120 0.604370
vt 0.941406 0.613770
vt 0.910156 0.612732
vt 0.916382 0.623108
vt 0.872620 0.608521
vt 0.878906 0.629395
vt 0.622314 0.306702
vt 0.613953 0.317261
vt 0.477539 0.459412
vt 0.462708 0.451416
vt 0.469177 0.461792
vt 0.434631 0.461792
vt 0.440613 0.488892
vt 0.393738 0.497559
vt 0.337524 0.494995
vt 0.956238 0.837524
vt 0.981201 0.837524
vt 0.993713 0.875000
vt 0.937500 0.770874
vt 0.913818 0.779480
vt 0.849976 0.737549
vt 0.877930 0.793335
vt 0.831238 0.750000
vt 0.812500 0.758362
vt 0.731201 0.700012
vt 0.977051 0.894836
vt 1.000000 0.950012
vt 0.912476 0.837524
vt 0.868713 0.837524
vt 0.856201 0.837524
vt 0.799988 0.762512
vt 0.990662 0.611633
vt 0.985168 0.621033
vt 0.947632 0.623108
vt 0.960144 0.633545
vt 0.922668 0.633545
vt 0.928894 0.646057
vt 0.872620 0.647461
vt 0.833984 0.561584
vt 0.810120 0.579346
vt 0.791077 0.559631
vt 0.760620 0.568970
vt 0.760437 0.559082
vt 0.791077 0.559631
vt 0.812500 0.758362
vt 0.716980 0.710449
vt 0.799988 0.762512
vt 0.731201 0.700012
vt 0.831238 0.750000
vt 0.743713 0.691711
vt 0.756226 0.683350
vt 0.376526 0.401550
vt 0.384338 0.397217
vt 0.412476 0.382629
vt 0.471680 0.448059
vt 0.456238 0.440979
vt 0.462708 0.451416
vt 0.434631 0.461792
vt 0.469177 0.461792
vt 0.440613 0.488892
vt 0.074158 0.205139
vt 0.042297 0.211792
vt 0.041687 0.201477
vt 0.007019 0.198547
vt 0.561401 0.172302
vt 0.623291 0.217529
vt 0.623291 0.172302
vt 0.561401 0.211731
vt 0.561401 0.171204
vt 0.561401 0.211914
vt 0.623291 0.171204
vt 0.623291 0.217102
vt 0.160583 0.267395
vt 0.522095 0.306702
vt 0.498352 0.437134
vt 0.479004 0.435486
vt 0.468384 0.422058
vt 0.329529 0.341125
vt 0.376404 0.364502
vt 0.384583 0.355957
vt 0.401489 0.370422
vt 0.313782 0.384705
vt 0.105530 0.228210
vt 0.071045 0.216858
vt 0.074585 0.204712
vt 0.041443 0.200684
vt 0.356812 0.256897
vt 0.449585 0.202881
vt 0.454163 0.272156
vt 0.275391 0.180908
vt 0.276733 0.256897
vt 0.356812 0.256897
vt 0.278564 0.319885
vt 0.357422 0.320007
vt 0.503723 0.172302
vt 0.623291 0.251770
vt 0.503723 0.247925
vt 0.623291 0.172302
vt 0.623291 0.171204
vt 0.503723 0.172302
vt 0.503723 0.171204
vt 0.891418 0.589783
vt 0.891418 0.558533
vt 0.833984 0.561584
vt 0.834106 0.546509
vt 0.161377 0.249817
vt 0.168457 0.261414
vt 0.390198 0.377441
vt 0.856201 0.837524
vt 0.868713 0.837524
vt 0.881226 0.887512
vt 0.561401 0.214661
vt 0.504822 0.178894
vt 0.504822 0.219849
vt 0.561401 0.178894
vt 0.561401 0.185913
vt 0.561401 0.178894
vt 0.504822 0.185913
vt 0.962463 1.000000
vt 0.931213 0.966675
vt 0.888245 0.975220
vt 0.941406 0.613770
vt 0.597290 0.277771
vt 0.504822 0.185913
vt 0.561401 0.178894
vt 0.504822 0.178894
vt 0.561401 0.185913
vt 0.504822 0.220215
vt 0.561401 0.214417
vt 0.623291 0.185913
vt 0.504822 0.178894
vt 0.623291 0.178894
vt 0.504822 0.185913
vt 0.623291 0.219299
vt 0.504822 0.227539
vt 0.477539 0.459412
vt 0.623291 0.185913
vt 0.504822 0.178894
vt 0.623291 0.178894
vt 0.504822 0.185913
vt 0.623291 0.220215
vt 0.504822 0.219299
vt 0.546753 0.332825
vt 0.993713 0.875000
vt 0.981201 0.837524
vt 0.623291 0.172302
vt 0.561401 0.168457
vt 0.623291 0.168457
vt 0.561401 0.172302
vt 0.623291 0.217529
vt 0.561401 0.211731
vt 0.743713 0.691711
vt 0.756226 0.683350
vt 0.868713 0.725037
vt 0.384338 0.397217
vt 0.759094 0.520508
vt 0.591431 0.862549
vt 0.847656 0.504395
vt 0.916382 0.535645
vt 0.439636 0.370789
vt 0.426514 0.376404
vt 0.799988 0.862549
vt 0.623291 0.185913
vt 0.504822 0.185913
vt 0.623901 0.227539
vt 0.504822 0.178894
vt 0.623291 0.178894
vt 0.623291 0.168457
vt 0.623291 0.172302
vt 0.503723 0.168457
vt 0.623291 0.168457
vt 0.503723 0.172302
vt 0.623291 0.223816
vt 0.503723 0.217529
vt 0.623291 0.171204
vt 0.503723 0.168457
vt 0.623291 0.168457
vt 0.503723 0.172302
vt 0.623291 0.172302
vt 0.623291 0.247925
vt 0.593750 0.820862
vt 0.506226 0.816711
vt 0.357422 0.320007
vt 0.454590 0.328064
vt 0.449585 0.202881
vt 0.454163 0.272156
vt 0.454590 0.328064
vt 0.254150 0.481201
vt 0.254150 0.491577
vt 0.132507 0.226746
vt 0.114746 0.218445
vt 0.862488 0.875000
vt 0.799988 0.862549
vt 0.623291 0.171204
vt 0.503723 0.172302
vt 0.623291 0.172302
vt 0.503723 0.168457
vt 0.623291 0.168457
vt 0.126587 0.084106
vt 0.810120 0.579346
vt 0.126587 0.084106
vt 0.504700 0.228516
vt 0.623291 0.178894
vt 0.623291 0.225098
vt 0.504822 0.178894
vt 0.623291 0.178894
vt 0.504700 0.231384
vt 0.623901 0.227539
vt 0.623291 0.185913
vt 0.966370 0.575195
vt 0.992126 0.589722
vt 0.504822 0.168457
vt 0.561401 0.168457
vt 0.504822 0.178894
vt 0.844543 0.593933
vt 0.581909 0.937988
vt 0.506226 0.932434
vt 0.581909 0.937988
vt 0.504822 0.220215
vt 0.561401 0.214417
vt 0.132507 0.226501
vt 0.856201 1.000000
vt 0.862488 0.875000
vt 0.504822 0.168457
vt 0.623291 0.168457
vt 0.623291 0.178894
vt 0.623291 0.219299
vt 0.504822 0.185913
vt 0.504822 0.227539
vt 0.623291 0.185913
vt 0.623291 0.220215
vt 0.504822 0.185913
vt 0.504822 0.219299
vt 0.623291 0.185913
vt 0.929504 0.532227
vt 0.504822 0.225098
vt 0.623291 0.178894
vt 0.623291 0.217773
vt 0.504822 0.178894
vt 0.504822 0.217773
vt 0.623291 0.178894
vt 0.623291 0.219849
vt 0.504822 0.178894
vt 0.504822 0.178894
vt 0.561401 0.214661
vt 0.504822 0.219849
vt 0.561401 0.178894
vt 0.504822 0.178894
vt 0.623291 0.178894
vt 0.504822 0.178894
vt 0.623291 0.178894
vt 0.503723 0.217102
vt 0.623291 0.171204
vt 0.503723 0.171204
vt 0.623291 0.222290
vt 0.561401 0.171204
vt 0.561401 0.211914
vt 0.503723 0.245483
vt 0.623291 0.171204
vt 0.503723 0.171204
vt 0.623291 0.248901
vt 0.503723 0.171204
vt 0.503723 0.168457
vt 0.623291 0.168457
vt 0.503723 0.168457
vt 0.623291 0.168457
vt 0.504822 0.168457
vt 0.623291 0.168457
vt 0.504822 0.168457
vt 0.504822 0.217773
vt 0.623291 0.178894
vt 0.504822 0.178894
vt 0.623291 0.219849
vt 0.504822 0.225098
vt 0.623291 0.178894
vt 0.504822 0.178894
vt 0.623291 0.217773
vt 0.623291 0.171204
vt 0.623291 0.217102
vt 0.649292 0.954956
vt 0.649292 0.954956
vt 0.978882 0.573120
vt 0.992798 0.588928
vt 0.954224 0.552673
vt 0.875977 0.662720
vt 0.847412 0.663269
vt 0.561401 0.168457
vt 0.623291 0.168457
vt 0.993225 0.591431
vt 0.834106 0.546509
vt 0.481018 0.402954
vt 0.293640 0.496460
vt 0.844543 0.593933
vt 0.716980 0.710449
vt 0.623291 0.172302
vt 0.503723 0.168457
vt 0.503723 0.172302
vt 0.623291 0.168457
vt 0.503723 0.217102
vt 0.623291 0.171204
vt 0.623291 0.222290
vt 0.503723 0.171204
vt 0.623291 0.223816
vt 0.503723 0.217529
vt 0.503723 0.222290
vt 0.623291 0.171204
vt 0.623291 0.245483
vt 0.503723 0.171204
vt 0.503723 0.245483
vt 0.503723 0.171204
vt 0.623291 0.247925
vt 0.503723 0.223816
vt 0.503723 0.247925
vt 0.504822 0.168457
vt 0.561401 0.168457
vt 0.503723 0.222290
vt 0.623291 0.171204
vt 0.503723 0.171204
vt 0.623291 0.245483
vt 0.623291 0.168457
vt 0.504822 0.168457
vt 0.393738 0.497559
vt 0.623291 0.168457
vt 0.504822 0.168457
vt 0.718079 0.971802
vt 0.718079 0.971802
vt 0.623291 0.225098
vt 0.503723 0.223816
vn 0.8712 -0.3696 -0.3233
vn 0.4635 -0.8860 0.0121
vn 0.5884 -0.6739 -0.4467
vn 0.9534 -0.3018 0.0009
vn 0.7228 0.4308 -0.5403
vn 0.7684 0.6399 0.0010
vn -0.0347 0.9473 -0.3183
vn -0.0939 0.9956 0.0003
vn -0.4186 0.9062 -0.0584
vn -0.4593 0.8882 0.0012
vn -0.2364 0.9716 -0.0019
vn -0.4276 0.9021 0.0579
vn -0.2687 0.9629 -0.0255
vn -0.0375 0.7894 0.6128
vn -0.0828 0.9965 -0.0063
vn -0.1902 0.7711 0.6077
vn -0.5353 0.7583 0.3720
vn -0.1228 -0.1525 0.9806
vn -0.7155 0.0273 0.6980
vn -0.6808 -0.6167 0.3951
vn -0.7827 -0.6216 0.0314
vn -0.1530 -0.9882 -0.0099
vn -0.8094 -0.5873 0.0000
vn -0.1501 -0.9886 -0.0049
vn -0.1492 -0.9887 0.0143
vn 0.1238 -0.9923 0.0061
vn -0.1020 -0.8132 -0.5730
vn 0.2443 -0.8173 -0.5217
vn 0.2342 -0.1597 -0.9590
vn 0.5893 -0.0696 -0.8049
vn -0.0391 0.7859 -0.6171
vn 0.0815 0.8097 -0.5811
vn 0.2795 0.0429 -0.9592
vn 0.4193 0.0850 -0.9038
vn 0.3777 0.0781 -0.9226
vn 0.2839 0.0786 -0.9556
vn 0.1101 0.0740 -0.9911
vn 0.0673 0.1767 -0.9819
vn -0.0539 0.2568 -0.9649
vn -0.0143 0.4211 -0.9069
vn -0.4172 0.3481 -0.8395
vn -0.3316 0.5793 -0.7446
vn -0.5328 0.7017 -0.4730
vn -0.0568 0.6951 -0.7166
vn -0.2860 0.8443 -0.4531
vn 0.0634 0.8210 -0.5674
vn -0.0120 0.9776 -0.2099
vn 0.2997 0.9202 -0.2519
vn 0.0084 0.9999 0.0000
vn 0.3006 0.9537 0.0000
vn 0.2997 0.9202 0.2519
vn 0.5929 0.7157 0.3692
vn 0.4207 0.6657 0.6163
vn 0.7120 0.5854 0.3877
vn 0.5128 0.5632 0.6479
vn 0.5524 0.6574 0.5124
vn 0.4009 0.6512 0.6443
vn 0.6568 0.0659 0.7511
vn 0.4389 0.2497 0.8631
vn 0.4710 -0.5870 0.6584
vn 0.3821 -0.2847 0.8791
vn 0.7744 -0.5411 0.3278
vn 0.9621 -0.2329 0.1419
vn 0.7846 -0.3002 0.5424
vn 0.9616 -0.2742 -0.0015
vn 0.7703 -0.6376 0.0007
vn 0.9604 -0.2370 -0.1463
vn 0.7712 -0.5452 -0.3286
vn 0.9599 -0.1337 -0.2465
vn 0.7793 -0.3038 -0.5481
vn 0.9612 0.0012 -0.2758
vn 0.7962 -0.0032 -0.6051
vn 0.9648 0.1274 -0.2300
vn 0.8188 0.2729 -0.5051
vn 0.9685 0.2122 -0.1298
vn 0.8383 0.4642 -0.2860
vn 0.9707 0.2402 -0.0010
vn 0.8459 0.5332 0.0008
vn 0.9699 0.2089 0.1247
vn 0.8399 0.4620 0.2848
vn 0.9674 0.1238 0.2209
vn 0.8223 0.2696 0.5011
vn 0.9644 0.0011 0.2646
vn 0.8014 -0.0037 0.5981
vn 0.9626 -0.1303 0.2373
vn -0.2218 0.8360 -0.5018
vn -0.0779 0.4879 -0.8694
vn -0.2229 0.4739 -0.8519
vn -0.0618 0.8585 -0.5091
vn -0.2216 0.9751 0.0003
vn -0.0493 0.9987 0.0032
vn -0.2219 0.8362 0.5014
vn -0.0438 0.8564 0.5143
vn -0.2221 0.4731 0.8525
vn -0.0468 0.4861 0.8726
vn -0.2273 0.0020 0.9738
vn -0.0572 0.0023 0.9984
vn -0.2335 -0.4698 0.8513
vn -0.0722 -0.4819 0.8732
vn -0.2408 -0.8312 0.5011
vn -0.0894 -0.8524 0.5151
vn -0.2434 -0.9699 -0.0001
vn -0.1025 -0.9947 0.0031
vn -0.2402 -0.8312 -0.5013
vn -0.1084 -0.8538 -0.5091
vn -0.2336 -0.4702 -0.8511
vn -0.1046 -0.4834 -0.8691
vn -0.2269 0.0013 -0.9739
vn -0.0931 0.0021 -0.9956
vn 0.2340 -0.8324 -0.5023
vn 0.2397 -0.4707 -0.8491
vn 0.2508 -0.0014 -0.9680
vn 0.2640 0.4653 -0.8448
vn 0.2767 0.8214 -0.4987
vn 0.2855 0.9584 -0.0048
vn 0.2882 0.8224 0.4904
vn 0.2844 0.4654 0.8381
vn 0.2752 -0.0020 0.9614
vn 0.2619 -0.4713 0.8422
vn 0.2477 -0.8330 0.4946
vn 0.2369 -0.9715 -0.0040
vn 0.5465 -0.7161 -0.4341
vn 0.5505 -0.3998 -0.7328
vn 0.5568 0.0051 -0.8306
vn 0.5649 0.4025 -0.7203
vn 0.5716 0.7037 -0.4219
vn 0.5730 0.8195 0.0007
vn 0.5673 0.7053 0.4251
vn 0.5564 0.4034 0.7264
vn 0.5454 0.0039 0.8381
vn 0.5392 -0.4025 0.7397
vn 0.5389 -0.7188 0.4391
vn 0.5423 -0.8401 0.0021
vn 0.7937 -0.5183 -0.3185
vn 0.7953 -0.2884 -0.5331
vn 0.8023 0.0029 -0.5969
vn 0.8142 0.2798 -0.5087
vn 0.8257 0.4817 -0.2936
vn 0.8301 0.5575 -0.0003
vn 0.8239 0.4844 0.2942
vn 0.8102 0.2829 0.5134
vn 0.7969 0.0031 0.6041
vn 0.7899 -0.2914 0.5394
vn 0.7907 -0.5223 0.3193
vn 0.7931 -0.6091 -0.0008
vn 0.9627 -0.1298 -0.2374
vn 0.9644 0.0013 -0.2645
vn 0.9672 0.1230 -0.2221
vn 0.9699 0.2086 -0.1253
vn 0.9705 0.2409 0.0015
vn 0.9686 0.2123 0.1294
vn 0.9647 0.1259 0.2312
vn 0.9612 0.0013 0.2759
vn 0.9598 -0.1335 0.2467
vn 0.9603 -0.2373 0.1466
vn 0.9616 -0.2743 0.0014
vn 0.9620 -0.2332 -0.1418
vn -0.1781 -0.8426 0.5081
vn -0.0872 -0.8551 0.5111
vn -0.1732 -0.4761 0.8621
vn -0.0826 -0.9966 -0.0032
vn -0.1809 -0.9835 0.0001
vn -0.0678 -0.8534 -0.5168
vn -0.1789 -0.8427 -0.5078
vn -0.0470 -0.4812 -0.8753
vn -0.1726 -0.4756 -0.8625
vn -0.0267 0.0039 -0.9996
vn -0.1667 0.0030 -0.9860
vn -0.0107 0.4882 -0.8726
vn -0.1592 0.4799 -0.8627
vn -0.0026 0.8576 -0.5143
vn -0.1563 0.8472 -0.5077
vn -0.0059 1.0000 -0.0032
vn -0.1549 0.9879 -0.0003
vn -0.0204 0.8603 0.5093
vn -0.1565 0.8472 0.5076
vn -0.0417 0.4902 0.8706
vn -0.1611 0.4802 0.8622
vn -0.0630 0.0038 0.9980
vn -0.1663 0.0023 0.9861
vn -0.0801 -0.4831 0.8719
vn 0.3177 0.9482 0.0046
vn 0.3040 0.8148 0.4936
vn 0.2803 0.4644 0.8401
vn 0.2514 0.0003 0.9679
vn 0.2237 -0.4711 0.8532
vn 0.2045 -0.8375 0.5067
vn 0.2018 -0.9794 0.0040
vn 0.2177 -0.8386 -0.4992
vn 0.2450 -0.4719 -0.8469
vn 0.2754 -0.0004 -0.9613
vn 0.3005 0.4644 -0.8331
vn 0.3159 0.8155 -0.4848
vn 0.5043 -0.7388 0.4470
vn 0.5280 -0.4072 0.7452
vn 0.4923 -0.8704 -0.0021
vn 0.4964 -0.7412 -0.4519
vn 0.5161 -0.4104 -0.7518
vn 0.5456 0.0030 -0.8380
vn 0.5780 0.3948 -0.7142
vn 0.6025 0.6833 -0.4124
vn 0.6128 0.7902 -0.0007
vn 0.6067 0.6813 0.4094
vn 0.5863 0.3938 0.7079
vn 0.5574 0.0040 0.8302
vn 0.9826 0.1796 -0.0460
vn 0.7854 0.4550 0.4197
vn 0.8569 0.5097 -0.0769
vn 0.9240 0.0992 0.3692
vn 0.9950 -0.0143 -0.0989
vn 0.9434 -0.1082 0.3136
vn 0.8585 -0.4944 -0.1358
vn 0.6332 -0.7030 0.3239
vn 0.1377 -0.9809 -0.1371
vn 0.0806 -0.9750 0.2071
vn -0.1008 -0.9842 -0.1457
vn -0.2325 -0.9630 0.1365
vn -0.1192 -0.9928 -0.0105
vn -0.2491 -0.9532 0.1712
vn -0.2908 -0.9453 0.1477
vn -0.0231 -0.9434 0.3307
vn -0.3594 -0.9332 0.0000
vn 0.1242 -0.9922 0.0000
vn -0.0231 -0.9434 -0.3307
vn 0.6480 -0.6029 -0.4654
vn 0.6332 -0.7030 -0.3239
vn 0.9434 -0.1082 -0.3136
vn 0.8585 -0.4944 0.1358
vn 0.9950 -0.0143 0.0989
vn 0.0136 0.5616 -0.8273
vn -0.5121 0.5410 -0.6671
vn -0.3633 0.7439 -0.5609
vn -0.0985 0.3767 -0.9211
vn 0.6417 -0.0617 -0.7644
vn -0.2114 0.1267 -0.9691
vn 0.5902 -0.0880 -0.8024
vn -0.4921 -0.0059 -0.8705
vn 0.0607 -0.2427 -0.9682
vn -0.3979 -0.4888 -0.7763
vn -0.1638 -0.7443 -0.6473
vn -0.3729 -0.9211 -0.1112
vn 0.0544 -0.9421 -0.3309
vn 0.2303 -0.9468 -0.2246
vn 0.3681 -0.2578 -0.8933
vn 0.5563 -0.2790 -0.7827
vn 0.3972 0.5470 -0.7369
vn 0.4202 0.5643 -0.7106
vn 0.0300 0.8899 -0.4551
vn 0.1991 0.8766 -0.4380
vn 0.4193 0.0850 0.9038
vn 0.2795 0.0429 0.9592
vn 0.3777 0.0781 0.9226
vn 0.2839 0.0786 0.9556
vn 0.3784 0.1126 0.9188
vn 0.2376 0.1402 0.9611
vn 0.1889 0.1848 0.9644
vn 0.0673 0.1767 0.9819
vn 0.0169 0.3593 0.9331
vn -0.0143 0.4211 0.9069
vn -0.0568 0.6951 0.7166
vn -0.3316 0.5793 0.7446
vn -0.5328 0.7017 0.4730
vn -0.4172 0.3481 0.8395
vn -0.7508 0.4151 0.5137
vn -0.8347 0.0007 0.5506
vn -0.9808 -0.0806 0.1776
vn -0.9379 -0.3190 0.1362
vn -0.9131 -0.4074 0.0146
vn 0.1639 -0.3220 -0.9324
vn 0.3891 -0.3113 -0.8670
vn 0.4082 -0.1328 -0.9031
vn 0.3884 -0.5042 -0.7713
vn 0.1763 -0.6205 -0.7641
vn 0.2558 -0.7069 -0.6594
vn 0.3390 -0.5899 -0.7328
vn 0.4122 -0.7044 -0.5778
vn 0.3559 -0.8090 -0.4678
vn 0.4536 -0.7927 -0.4072
vn 0.4021 -0.8568 -0.3227
vn 0.4199 -0.8955 -0.1476
vn 0.6594 -0.5745 -0.4848
vn 0.7395 -0.6290 -0.2395
vn 0.9353 -0.2053 -0.2882
vn 0.8031 -0.5958 0.0000
vn 0.9856 -0.1689 0.0000
vn 0.9353 -0.2053 0.2882
vn 0.2570 0.2950 0.9203
vn 0.6860 -0.0693 0.7242
vn 0.1660 0.5224 0.8363
vn 0.1715 0.5396 0.8242
vn 0.0634 0.8210 0.5674
vn -0.2860 0.8443 0.4531
vn -0.0120 0.9776 0.2099
vn -0.3453 0.8896 0.2989
vn -0.3699 0.9290 0.0000
vn -0.7168 0.6972 0.0000
vn -0.3453 0.8896 -0.2989
vn -0.6341 0.7122 -0.3008
vn 0.7150 -0.6924 -0.0963
vn -0.1153 -0.9510 0.2869
vn -0.1354 -0.8368 0.5304
vn 0.7590 -0.6511 0.0000
vn 0.9996 -0.0264 0.0000
vn 0.7150 -0.6924 0.0963
vn 0.9626 -0.0787 0.2592
vn 0.5685 -0.8194 0.0735
vn 0.8485 -0.1700 0.5011
vn 0.6846 -0.2628 0.6799
vn 0.4202 0.5643 0.7106
vn 0.5563 -0.2790 0.7827
vn 0.3972 0.5470 0.7369
vn 0.3681 -0.2578 0.8933
vn 0.7413 0.2102 0.6374
vn 0.0607 -0.2427 0.9682
vn 0.1639 -0.3220 0.9324
vn 0.1014 -0.4006 0.9106
vn -0.2251 -0.2651 0.9376
vn 0.1763 -0.6205 0.7641
vn 0.3884 -0.5042 0.7713
vn 0.2558 -0.7069 0.6594
vn 0.3945 -0.6529 0.6466
vn 0.4122 -0.7044 0.5778
vn 0.4536 -0.7927 0.4072
vn 0.3559 -0.8090 0.4678
vn 0.4021 -0.8568 0.3227
vn 0.6594 -0.5745 0.4848
vn 0.4199 -0.8955 0.1476
vn 0.7395 -0.6290 0.2395
vn 0.4528 -0.8916 0.0000
vn -0.0315 0.9467 0.3206
vn 0.0819 0.8107 0.5796
vn 0.7242 0.4269 0.5415
vn 0.5902 -0.0686 0.8043
vn 0.5887 -0.6736 0.4467
vn 0.2455 -0.8179 0.5203
vn 0.4635 -0.8860 -0.0121
vn 0.1288 -0.9916 -0.0010
vn 0.4500 -0.8930 0.0000
vn 0.0905 -0.9958 -0.0052
vn 0.6480 -0.6029 0.4654
vn 0.8618 0.0877 0.4997
vn 0.7208 -0.6931 0.0000
vn 0.9958 0.0918 0.0000
vn 0.8618 0.0877 -0.4997
vn 0.5065 0.7290 -0.4603
vn 0.7854 0.4550 -0.4197
vn 0.3360 0.8222 -0.4595
vn 0.4557 0.8758 -0.1589
vn -0.0286 0.9673 -0.2521
vn 0.1141 0.9921 -0.0524
vn -0.0367 0.9955 -0.0876
vn 0.1991 0.8766 0.4380
vn 0.0300 0.8899 0.4551
vn 0.5678 0.5912 0.5728
vn 0.6891 0.6594 0.3005
vn 0.7338 0.6793 0.0000
vn 0.9626 -0.0787 -0.2592
vn 0.5685 -0.8194 -0.0735
vn -0.2832 -0.7759 0.5637
vn 0.3376 0.0732 0.9384
vn 0.2540 0.1118 0.9607
vn 0.4851 -0.2057 0.8499
vn 0.3390 -0.5899 0.7328
vn 0.5998 -0.3207 0.7330
vn 0.4974 -0.5962 0.6301
vn 0.7999 -0.2308 0.5540
vn 0.1715 0.5396 -0.8242
vn 0.2897 0.6039 -0.7425
vn 0.4207 0.6657 -0.6163
vn 0.5128 0.5632 -0.6479
vn 0.7120 0.5854 -0.3877
vn 0.5524 0.6574 -0.5124
vn 0.6729 0.6587 -0.3366
vn 0.8685 0.1144 -0.4823
vn 0.9631 0.0331 -0.2669
vn 0.6725 -0.7000 -0.2400
vn 0.6769 -0.7361 0.0000
vn 0.1377 -0.9809 0.1371
vn 0.0806 -0.9750 -0.2071
vn -0.2325 -0.9630 -0.1365
vn -0.2491 -0.9532 -0.1712
vn -0.1192 -0.9928 0.0105
vn -0.2908 -0.9453 -0.1477
vn -0.1695 -0.9852 -0.0246
vn -0.4929 -0.8655 -0.0887
vn -0.3647 -0.9306 -0.0299
vn -0.4671 -0.8842 0.0000
vn 0.5536 0.8327 0.0000
vn -0.1188 0.9344 0.3356
vn 0.5065 0.7290 0.4603
vn -0.0687 0.9976 0.0000
vn -0.1188 0.9344 -0.3356
vn -0.3061 0.9520 0.0000
vn -0.2433 0.9592 -0.1441
vn -0.2973 0.9547 0.0000
vn -0.1643 0.9864 0.0000
vn -0.2433 0.9592 0.1441
vn -0.1279 0.9895 0.0666
vn -0.1735 0.9613 0.2141
vn -0.6808 -0.6167 -0.3951
vn -0.1210 -0.1544 -0.9806
vn -0.7156 0.0267 -0.6980
vn -0.5354 0.7581 -0.3722
vn -0.9741 0.2047 -0.0964
vn -0.5908 0.8068 0.0000
vn -0.9855 0.1697 0.0000
vn -0.9740 0.2049 0.0965
vn 0.6540 -0.6073 0.4510
vn 0.8685 0.1144 0.4823
vn 0.6725 -0.7000 0.2400
vn 0.9631 0.0331 0.2669
vn 0.9987 -0.0503 0.0000
vn 0.7247 0.6518 -0.2235
vn 0.6729 0.6587 0.3366
vn 0.7247 0.6518 0.2235
vn 0.7953 0.6061 0.0000
vn 0.7663 0.6424 0.0000
vn 0.5919 0.8060 0.0000
vn -0.2687 -0.8047 0.5293
vn 0.4361 -0.8946 -0.0971
vn 0.6846 -0.2628 -0.6799
vn 0.8485 -0.1700 -0.5011
vn 0.5678 0.5912 -0.5728
vn 0.2879 0.9245 -0.2496
vn -0.3012 -0.8728 0.3840
vn -0.3618 -0.7801 0.5104
vn -0.5740 -0.7783 0.2543
vn -0.1995 -0.8624 0.4653
vn -0.2130 -0.9493 0.2309
vn -0.1798 -0.8848 0.4298
vn 0.0759 -0.8642 0.4974
vn 0.1712 -0.6419 0.7474
vn 0.3891 -0.3113 0.8670
vn 0.4082 -0.1328 0.9031
vn -0.1886 0.7724 -0.6064
vn -0.0901 0.9959 0.0060
vn -0.0389 0.9977 -0.0561
vn -0.0463 0.9989 -0.0038
vn -0.0394 0.9976 0.0564
vn -0.3997 -0.9166 0.0000
vn -0.1153 -0.9510 -0.2869
vn -0.1354 -0.8368 -0.5304
vn -0.2832 -0.7759 -0.5637
vn 0.4361 -0.8946 0.0971
vn 0.2303 -0.9468 0.2246
vn -0.6657 -0.7376 0.1129
vn -0.6630 -0.7479 -0.0327
vn -0.5319 -0.7363 0.4182
vn -0.3631 -0.6398 0.6773
vn -0.0933 -0.5721 0.8149
vn -0.0294 -0.2943 0.9552
vn 0.1860 -0.3017 0.9351
vn 0.1809 -0.1726 0.9682
vn 0.3673 -0.1573 0.9167
vn -0.6341 0.7122 0.3008
vn -0.8870 0.3997 0.2311
vn -0.9446 0.3281 0.0000
vn -0.8870 0.3997 -0.2311
vn -0.9808 -0.0806 -0.1776
vn -0.7508 0.4151 -0.5137
vn -0.8347 0.0007 -0.5506
vn 0.0169 0.3593 -0.9331
vn 0.1660 0.5224 -0.8363
vn 0.2871 0.5940 -0.7514
vn 0.2570 0.2950 -0.9203
vn 0.3378 0.5585 -0.7576
vn 0.4310 0.2779 -0.8585
vn 0.3821 -0.2847 -0.8791
vn 0.4557 0.8758 0.1589
vn 0.3360 0.8222 0.4595
vn -0.0286 0.9673 0.2521
vn -0.1728 0.9515 0.2545
vn -0.0448 0.9954 0.0844
vn 0.3673 -0.1573 -0.9167
vn 0.4648 -0.1367 -0.8748
vn 0.1860 -0.3017 -0.9351
vn 0.1712 -0.6419 -0.7474
vn 0.0017 -0.6327 -0.7743
vn -0.1798 -0.8848 -0.4298
vn -0.1995 -0.8624 -0.4653
vn -0.2130 -0.9493 -0.2309
vn -0.3012 -0.8728 -0.3840
vn 0.2355 -0.1583 0.9589
vn -0.1034 -0.8137 0.5720
vn 0.1416 0.0309 -0.9894
vn -0.0334 0.0902 -0.9953
vn -0.0484 -0.0139 -0.9987
vn -0.4462 0.0632 -0.8927
vn -0.5320 -0.1734 -0.8288
vn -0.8616 -0.2568 -0.4378
vn -0.9379 -0.3190 -0.1362
vn -0.2114 0.1267 0.9691
vn -0.6064 0.3262 0.7252
vn -0.6803 0.1798 0.7105
vn -0.5121 0.5410 0.6671
vn -0.0985 0.3767 0.9211
vn 0.0136 0.5616 0.8273
vn 0.6417 -0.0617 0.7644
vn 0.6827 -0.0896 0.7252
vn 0.8513 -0.5245 -0.0086
vn 0.8287 -0.5447 0.1281
vn -0.4921 -0.0059 0.8705
vn -0.3979 -0.4888 0.7763
vn 0.5902 -0.0880 0.8024
vn 0.9681 -0.1747 0.1796
vn 0.9615 -0.2421 -0.1295
vn 0.6527 -0.5712 -0.4976
vn 0.1809 -0.1726 -0.9682
vn -0.0294 -0.2943 -0.9552
vn -0.0933 -0.5721 -0.8149
vn -0.3631 -0.6398 -0.6773
vn -0.3618 -0.7801 -0.5104
vn -0.5319 -0.7363 -0.4182
vn -0.5740 -0.7783 -0.2543
vn 0.0622 -0.8903 0.4512
vn -0.2055 -0.9244 0.3214
vn -0.3090 -0.9123 0.2687
vn -0.3235 -0.9462 0.0000
vn -0.2663 -0.9639 0.0000
vn -0.3090 -0.9123 -0.2687
vn 0.8513 -0.5245 0.0086
vn 0.6373 -0.7105 0.2984
vn 0.6527 -0.5712 0.4976
vn 0.8287 -0.5447 -0.1281
vn 0.6827 -0.0896 -0.7252
vn 0.4009 0.4164 -0.8160
vn -0.3263 0.8283 -0.4554
vn 0.2897 0.6039 0.7425
vn 0.3395 0.5123 0.7888
vn 0.2871 0.5940 0.7514
vn 0.1101 0.0740 0.9911
vn -0.0539 0.2568 0.9649
vn -0.0334 0.0902 0.9953
vn -0.4462 0.0632 0.8927
vn -0.0484 -0.0139 0.9987
vn -0.5320 -0.1734 0.8288
vn -0.1695 -0.9852 0.0246
vn -0.4929 -0.8655 0.0887
vn -0.3647 -0.9306 0.0299
vn -0.2571 -0.9664 0.0000
vn -0.4644 -0.6186 -0.6337
vn 0.1858 -0.0061 -0.9825
vn 0.1826 -0.6941 -0.6963
vn -0.5873 -0.0867 -0.8047
vn -0.7292 -0.0545 0.6821
vn -0.6979 -0.0354 0.7153
vn -0.1545 0.0172 0.9878
vn -0.1584 0.0115 0.9873
vn 0.9240 0.0992 -0.3692
vn -0.2785 0.9602 0.0189
vn 0.3784 0.1126 -0.9188
vn 0.2376 0.1402 -0.9611
vn 0.1889 0.1848 -0.9644
vn 0.6540 -0.6073 -0.4510
vn 0.6568 0.0659 -0.7511
vn 0.4710 -0.5870 -0.6584
vn 0.4389 0.2497 -0.8631
vn 0.5929 0.7157 -0.3692
vn -0.1728 0.9515 -0.2545
vn -0.1735 0.9613 -0.2141
vn -0.0448 0.9954 -0.0844
vn -0.1279 0.9895 -0.0666
vn 0.5835 -0.7692 0.2603
vn 0.6901 -0.6772 0.2552
vn 0.5156 -0.7919 0.3272
vn 0.7184 -0.6956 0.0000
vn 0.6185 -0.7858 0.0000
vn 0.5835 -0.7692 -0.2603
vn 0.5375 -0.8433 0.0000
vn 0.5153 -0.8033 -0.2986
vn 0.8925 -0.3159 0.3218
vn 0.9997 0.0257 0.0000
vn 0.9444 0.0197 0.3283
vn 0.9467 -0.3220 0.0000
vn 0.4088 -0.9126 0.0000
vn 0.8925 -0.3159 -0.3218
vn 0.4239 -0.8895 -0.1706
vn 0.0759 -0.8642 -0.4974
vn 0.3945 -0.6529 -0.6466
vn 0.0622 -0.8903 -0.4512
vn 0.4785 -0.6713 -0.5660
vn 0.8569 0.5097 0.0769
vn 0.9826 0.1796 0.0460
vn 0.4009 0.6512 -0.6443
vn 0.9615 -0.2421 0.1295
vn 0.9681 -0.1747 -0.1796
vn 0.7413 0.2102 -0.6374
vn -0.8133 0.0000 -0.5817
vn -0.1489 0.0219 -0.9886
vn -0.1498 0.0226 -0.9884
vn -0.8419 0.0378 -0.5383
vn -0.4800 0.2633 0.8368
vn -0.4019 0.7942 0.4558
vn 0.1657 0.3169 0.9339
vn -0.3729 -0.9211 0.1112
vn -0.1638 -0.7443 0.6473
vn 0.0544 -0.9421 0.3309
vn 0.0017 -0.6327 0.7743
vn 0.8722 -0.3662 0.3241
vn 0.1657 0.3169 -0.9339
vn -0.4019 0.7942 -0.4558
vn 0.0765 0.8719 -0.4837
vn -0.4800 0.2633 -0.8368
vn 0.1823 -0.0254 -0.9829
vn -0.5242 -0.0327 -0.8510
vn 0.6012 0.2774 0.7494
vn 0.3006 0.8732 0.3836
vn 0.2584 0.9074 0.3312
vn 0.5989 0.2929 0.7453
vn 0.6260 -0.0953 0.7739
vn 0.6273 -0.0985 0.7725
vn 0.1416 0.0309 0.9894
vn 0.2412 0.3036 0.9217
vn 0.1293 0.8437 0.5210
vn 0.0990 0.9086 0.4057
vn 0.2462 0.3002 0.9215
vn 0.2607 -0.0363 0.9647
vn 0.2704 -0.0550 0.9611
vn -0.7827 -0.6216 -0.0314
vn -0.6803 0.1798 -0.7105
vn -0.6064 0.3262 -0.7252
vn 0.1826 -0.6941 0.6963
vn 0.0855 -0.9956 0.0384
vn 0.0848 -0.9956 0.0403
vn -0.4644 -0.6186 0.6337
vn 0.1858 -0.0061 0.9825
vn -0.5873 -0.0867 0.8047
vn 0.4009 0.4164 0.8160
vn -0.3263 0.8283 0.4554
vn -0.3633 0.7439 0.5609
vn 0.3395 0.5123 -0.7888
vn 0.4963 -0.8681 0.0000
vn 0.6891 0.6594 -0.3005
vn 0.7999 -0.2308 -0.5540
vn 0.4974 -0.5962 -0.6301
vn 0.4310 0.2779 0.8585
vn 0.3378 0.5585 0.7576
vn 0.0996 0.9450 -0.3115
vn 0.9156 0.2348 -0.3264
vn 0.9681 0.2504 0.0000
vn 0.9324 -0.1424 -0.3322
vn 0.4904 0.8715 0.0000
vn 0.4473 0.8793 -0.1636
vn -0.0068 1.0000 -0.0011
vn 0.1809 -0.6107 0.7709
vn -0.0199 -0.9971 0.0727
vn -0.0193 -0.9923 0.1222
vn 0.1743 -0.6352 0.7524
vn 0.2591 -0.0089 0.9658
vn 0.2486 0.0078 0.9686
vn 0.2597 -0.8982 0.3546
vn -0.0104 -0.9952 0.0966
vn -0.0585 -0.9983 0.0001
vn 0.4605 -0.6315 0.6238
vn 0.6002 -0.3247 0.7309
vn 0.6368 0.0060 0.7710
vn 0.2879 0.9245 0.2496
vn 0.3757 0.9267 0.0000
vn 0.5153 -0.8033 0.2986
vn 0.4225 -0.8026 0.4209
vn 0.6901 -0.6772 -0.2552
vn 0.5156 -0.7919 -0.3272
vn 0.4225 -0.8026 -0.4209
vn -0.9899 -0.1415 0.0000
vn -0.9316 -0.3635 0.0000
vn 0.1141 0.9921 0.0524
vn -0.0367 0.9955 0.0876
vn 0.7977 0.6025 -0.0248
vn 0.0996 0.9450 0.3115
vn 0.2597 -0.8982 -0.3546
vn 0.4605 -0.6315 -0.6238
vn 0.6002 -0.3247 -0.7309
vn -0.0104 -0.9952 -0.0966
vn -0.0585 -0.9983 -0.0001
vn 1.0000 0.0024 0.0000
vn -0.2055 -0.9244 -0.3214
vn 1.0000 0.0021 0.0000
vn -0.9900 0.1409 0.0000
vn -0.9182 0.1312 0.3736
vn -0.9154 0.1368 0.3786
vn -0.9908 0.1348 0.0000
vn -0.9182 0.1312 -0.3736
vn 0.9895 -0.1447 0.0000
vn 0.9324 -0.1424 0.3322
vn 0.9156 0.2348 0.3264
vn 0.1014 -0.4006 -0.9106
vn -0.2251 -0.2651 -0.9376
vn -0.0092 0.9999 0.0037
vn -0.0096 0.9999 0.0033
vn 0.0765 0.8719 0.4837
vn -0.2018 -0.9445 -0.2593
vn -0.7867 -0.4047 0.4660
vn -0.9634 -0.2680 0.0000
vn -0.7867 -0.4047 -0.4660
vn 0.1823 -0.0254 0.9829
vn -0.5242 -0.0327 0.8510
vn -0.1008 -0.9842 0.1457
vn -0.2687 -0.8047 -0.5293
vn 0.7977 0.6025 0.0248
vn -0.0064 1.0000 0.0000
vn -0.0068 1.0000 0.0011
vn 0.4473 0.8793 0.1636
vn 0.6260 -0.0953 -0.7739
vn 0.5989 0.2929 -0.7453
vn 0.6273 -0.0985 -0.7725
vn 0.6012 0.2774 -0.7494
vn 0.2607 -0.0363 -0.9647
vn 0.2462 0.3002 -0.9215
vn 0.2704 -0.0550 -0.9611
vn 0.2412 0.3036 -0.9217
vn 0.5998 -0.3207 -0.7330
vn -0.6322 0.0934 0.7692
vn -0.6334 0.0918 0.7683
vn -0.6392 0.0845 0.7644
vn -0.6268 0.1000 0.7727
vn -0.2714 0.0384 0.9617
vn -0.2752 0.0336 0.9608
vn -0.2841 0.0221 0.9585
vn -0.2634 0.0486 0.9634
vn -0.1489 0.0219 0.9886
vn -0.8133 0.0000 0.5817
vn -0.1498 0.0226 0.9884
vn -0.8419 0.0378 0.5383
vn 0.1293 0.8437 -0.5210
vn 0.0990 0.9086 -0.4057
vn 0.3006 0.8732 -0.3836
vn 0.2584 0.9075 -0.3312
vn -0.2671 0.0087 -0.9636
vn -0.2635 0.0150 -0.9645
vn -0.2726 -0.0009 -0.9621
vn -0.2593 0.0224 -0.9655
vn -0.7292 -0.0545 -0.6821
vn -0.6979 -0.0354 -0.7153
vn -0.9853 0.0057 -0.1708
vn -0.9999 0.0088 0.0000
vn -0.9871 -0.0079 -0.1598
vn -0.9997 0.0230 0.0000
vn 0.4239 -0.8895 0.1706
vn -0.0893 -0.9958 -0.0192
vn -0.2165 -0.9763 0.0000
vn -0.0893 -0.9958 0.0192
vn -0.0089 0.9999 0.0037
vn -0.0089 0.9999 0.0034
vn -0.0077 0.9999 0.0023
vn -0.0077 0.9999 0.0024
vn -0.2714 0.0384 -0.9617
vn -0.2752 0.0336 -0.9608
vn -0.2634 0.0486 -0.9634
vn -0.2841 0.0221 -0.9585
vn -0.6322 0.0934 -0.7692
vn -0.6334 0.0918 -0.7683
vn -0.6268 0.1000 -0.7727
vn -0.6392 0.0845 -0.7644
vn -0.1545 0.0172 -0.9878
vn -0.1584 0.0115 -0.9873
vn -0.5174 -0.4043 -0.7542
vn -0.5174 -0.4043 0.7542
vn 0.3376 0.0732 -0.9384
vn 0.2540 0.1118 -0.9607
vn 0.4851 -0.2057 -0.8499
vn -0.6657 -0.7376 -0.1129
vn -0.6630 -0.7479 0.0327
vn 0.0855 -0.9956 -0.0384
vn 0.0848 -0.9956 -0.0403
vn 0.4648 -0.1367 0.8748
vn 0.4785 -0.6713 0.5660
vn 0.6860 -0.0693 -0.7242
vn -0.9131 -0.4074 -0.0146
vn -0.2018 -0.9445 0.2593
vn 0.6372 -0.7105 -0.2984
vn 0.1809 -0.6107 -0.7709
vn -0.0199 -0.9971 -0.0727
vn 0.1743 -0.6352 -0.7524
vn -0.0193 -0.9923 -0.1222
vn -0.2671 0.0087 0.9636
vn -0.2635 0.0150 0.9645
vn -0.2593 0.0224 0.9655
vn -0.2726 -0.0009 0.9621
vn 0.2591 -0.0089 -0.9658
vn 0.2486 0.0078 -0.9686
vn -0.6367 0.0091 0.7710
vn -0.6388 0.0058 0.7693
vn -0.6457 -0.0052 0.7636
vn -0.6292 0.0208 0.7769
vn -0.9853 0.0057 0.1708
vn -0.9871 -0.0079 0.1598
vn 0.6368 0.0060 -0.7710
vn 0.6430 -0.0053 -0.7658
vn 0.9444 0.0197 -0.3283
vn -0.0092 0.9999 -0.0037
vn -0.0096 0.9999 -0.0033
vn -0.6367 0.0091 -0.7710
vn -0.6388 0.0058 -0.7693
vn -0.6292 0.0208 -0.7769
vn -0.6457 -0.0052 -0.7636
vn -0.0089 0.9999 -0.0037
vn -0.0089 0.9999 -0.0034
vn -0.8616 -0.2568 0.4378
vn -0.0077 0.9999 -0.0023
vn -0.0077 0.9999 -0.0024
vn -0.5472 -0.2780 -0.7895
vn -0.5472 -0.2780 0.7895
vn -0.9154 0.1368 -0.3786
vn 0.6430 -0.0053 0.7658
usemtl m0
s 1
f 100/1/1 52/2/2 46/3/3
f 52/2/2 100/1/1 61/4/4
f 97/5/5 61/4/4 100/1/1
f 61/4/4 97/5/5 64/6/6
f 93/7/7 64/6/6 97/5/5
f 64/6/6 93/7/7 68/8/8
f 8/9/9 68/8/8 93/7/7
f 68/8/8 8/9/9 71/10/10
f 182/11/11 71/10/10 8/9/9
f 71/10/10 182/11/11 111/12/12
f 185/13/13 111/12/12 182/11/11
f 111/12/12 185/13/13 188/14/14
f 107/15/15 188/14/14 185/13/13
f 188/14/14 107/15/15 117/16/16
f 114/17/17 117/16/16 107/15/15
f 117/16/16 114/17/17 130/18/18
f 126/19/19 130/18/18 114/17/17
f 130/18/18 126/19/19 146/20/20
f 143/21/21 146/20/20 126/19/19
f 146/20/20 143/21/21 160/22/22
f 79/23/23 160/22/22 143/21/21
f 160/22/22 79/23/23 83/24/24
f 49/25/25 83/24/24 79/23/23
f 83/24/24 49/25/25 166/26/26
f 43/27/27 166/26/26 49/25/25
f 166/26/26 43/27/27 169/28/28
f 172/29/29 169/28/28 43/27/27
f 169/28/28 172/29/29 31/30/30
f 176/31/31 31/30/30 172/29/29
f 31/30/30 176/31/31 18/32/32
f 8/9/9 18/32/32 176/31/31
f 18/32/32 8/9/9 93/7/7
f 148/33/33 158/34/34 77/35/35
f 158/34/34 148/33/33 202/36/36
f 361/37/37 202/36/36 148/33/33
f 202/36/36 361/37/37 370/38/38
f 291/39/39 370/38/38 361/37/37
f 370/38/38 291/39/39 336/40/40
f 295/41/41 336/40/40 291/39/39
f 336/40/40 295/41/41 339/42/42
f 298/43/43 339/42/42 295/41/41
f 339/42/42 298/43/43 343/44/44
f 304/45/45 343/44/44 298/43/43
f 343/44/44 304/45/45 258/46/46
f 254/47/47 258/46/46 304/45/45
f 258/46/46 254/47/47 261/48/48
f 260/49/49 261/48/48 254/47/47
f 261/48/48 260/49/49 263/50/50
f 534/51/51 263/50/50 260/49/49
f 263/50/50 534/51/51 789/52/52
f 791/53/53 789/52/52 534/51/51
f 789/52/52 791/53/53 537/54/54
f 776/55/55 537/54/54 791/53/53
f 537/54/54 776/55/55 572/56/56
f 778/57/57 572/56/56 776/55/55
f 572/56/56 778/57/57 570/58/58
f 780/59/59 570/58/58 778/57/57
f 570/58/58 780/59/59 567/60/60
f 782/61/61 567/60/60 780/59/59
f 424/62/62 475/63/63 419/64/64
f 475/63/63 424/62/62 479/65/65
f 431/66/66 479/65/65 424/62/62
f 479/65/65 431/66/66 483/67/67
f 435/68/68 483/67/67 431/66/66
f 483/67/67 435/68/68 487/69/69
f 441/70/70 487/69/69 435/68/68
f 487/69/69 441/70/70 492/71/71
f 445/72/72 492/71/71 441/70/70
f 492/71/71 445/72/72 496/73/73
f 448/74/74 496/73/73 445/72/72
f 496/73/73 448/74/74 499/75/75
f 452/76/76 499/75/75 448/74/74
f 499/75/75 452/76/76 505/77/77
f 455/78/78 505/77/77 452/76/76
f 505/77/77 455/78/78 509/79/79
f 459/80/80 509/79/79 455/78/78
f 509/79/79 459/80/80 515/81/81
f 463/82/82 515/81/81 459/80/80
f 515/81/81 463/82/82 519/83/83
f 467/84/84 519/83/83 463/82/82
f 519/83/83 467/84/84 471/85/85
f 419/64/64 471/85/85 467/84/84
f 471/85/85 419/64/64 475/63/63
f 57/86/86 67/87/87 63/88/88
f 67/87/87 57/86/86 60/89/89
f 51/90/90 60/89/89 57/86/86
f 60/89/89 51/90/90 54/91/91
f 45/92/92 54/91/91 51/90/90
f 54/91/91 45/92/92 48/93/93
f 38/94/94 48/93/93 45/92/92
f 48/93/93 38/94/94 42/95/95
f 30/96/96 42/95/95 38/94/94
f 42/95/95 30/96/96 34/97/97
f 23/98/98 34/97/97 30/96/96
f 34/97/97 23/98/98 27/99/99
f 17/100/100 27/99/99 23/98/98
f 27/99/99 17/100/100 20/101/101
f 11/102/102 20/101/101 17/100/100
f 20/101/101 11/102/102 14/103/103
f 804/104/104 14/103/103 11/102/102
f 14/103/103 804/104/104 3/105/105
f 802/106/106 3/105/105 804/104/104
f 3/105/105 802/106/106 7/107/107
f 70/108/108 7/107/107 802/106/106
f 7/107/107 70/108/108 78/109/109
f 63/88/88 78/109/109 70/108/108
f 78/109/109 63/88/88 67/87/87
f 7/107/107 82/110/110 3/105/105
f 82/110/110 7/107/107 85/111/111
f 78/109/109 85/111/111 7/107/107
f 85/111/111 78/109/109 119/112/112
f 67/87/87 119/112/112 78/109/109
f 119/112/112 67/87/87 116/113/113
f 60/89/89 116/113/113 67/87/87
f 116/113/113 60/89/89 113/114/114
f 54/91/91 113/114/114 60/89/89
f 113/114/114 54/91/91 110/115/115
f 48/93/93 110/115/115 54/91/91
f 110/115/115 48/93/93 106/116/116
f 42/95/95 106/116/116 48/93/93
f 106/116/116 42/95/95 102/117/117
f 34/97/97 102/117/117 42/95/95
f 102/117/117 34/97/97 99/118/118
f 27/99/99 99/118/118 34/97/97
f 99/118/118 27/99/99 96/119/119
f 20/101/101 96/119/119 27/99/99
f 96/119/119 20/101/101 92/120/120
f 14/103/103 92/120/120 20/101/101
f 92/120/120 14/103/103 88/121/121
f 3/105/105 88/121/121 14/103/103
f 88/121/121 3/105/105 82/110/110
f 85/111/111 122/122/122 82/110/110
f 122/122/122 85/111/111 125/123/123
f 119/112/112 125/123/123 85/111/111
f 125/123/123 119/112/112 159/124/124
f 116/113/113 159/124/124 119/112/112
f 159/124/124 116/113/113 155/125/125
f 113/114/114 155/125/125 116/113/113
f 155/125/125 113/114/114 152/126/126
f 110/115/115 152/126/126 113/114/114
f 152/126/126 110/115/115 149/127/127
f 106/116/116 149/127/127 110/115/115
f 149/127/127 106/116/116 145/128/128
f 102/117/117 145/128/128 106/116/116
f 145/128/128 102/117/117 142/129/129
f 99/118/118 142/129/129 102/117/117
f 142/129/129 99/118/118 139/130/130
f 96/119/119 139/130/130 99/118/118
f 139/130/130 96/119/119 136/131/131
f 92/120/120 136/131/131 96/119/119
f 136/131/131 92/120/120 133/132/132
f 88/121/121 133/132/132 92/120/120
f 133/132/132 88/121/121 129/133/133
f 82/110/110 129/133/133 88/121/121
f 129/133/133 82/110/110 122/122/122
f 125/123/123 162/134/134 122/122/122
f 162/134/134 125/123/123 165/135/135
f 159/124/124 165/135/135 125/123/123
f 165/135/135 159/124/124 197/136/136
f 155/125/125 197/136/136 159/124/124
f 197/136/136 155/125/125 193/137/137
f 152/126/126 193/137/137 155/125/125
f 193/137/137 152/126/126 190/138/138
f 149/127/127 190/138/138 152/126/126
f 190/138/138 149/127/127 187/139/139
f 145/128/128 187/139/139 149/127/127
f 187/139/139 145/128/128 184/140/140
f 142/129/129 184/140/140 145/128/128
f 184/140/140 142/129/129 181/141/141
f 139/130/130 181/141/141 142/129/129
f 181/141/141 139/130/130 178/142/142
f 136/131/131 178/142/142 139/130/130
f 178/142/142 136/131/131 175/143/143
f 133/132/132 175/143/143 136/131/131
f 175/143/143 133/132/132 171/144/144
f 129/133/133 171/144/144 133/132/132
f 171/144/144 129/133/133 168/145/145
f 122/122/122 168/145/145 129/133/133
f 168/145/145 122/122/122 162/134/134
f 197/136/136 203/146/146 165/135/135
f 203/146/146 197/136/136 240/147/147
f 193/137/137 240/147/147 197/136/136
f 240/147/147 193/137/137 237/148/148
f 190/138/138 237/148/148 193/137/137
f 237/148/148 190/138/138 234/149/149
f 187/139/139 234/149/149 190/138/138
f 234/149/149 187/139/139 230/150/150
f 184/140/140 230/150/150 187/139/139
f 230/150/150 184/140/140 227/151/151
f 181/141/141 227/151/151 184/140/140
f 227/151/151 181/141/141 222/152/152
f 178/142/142 222/152/152 181/141/141
f 222/152/152 178/142/142 218/153/153
f 175/143/143 218/153/153 178/142/142
f 218/153/153 175/143/143 215/154/154
f 171/144/144 215/154/154 175/143/143
f 215/154/154 171/144/144 210/155/155
f 168/145/145 210/155/155 171/144/144
f 210/155/155 168/145/145 206/156/156
f 162/134/134 206/156/156 168/145/145
f 206/156/156 162/134/134 200/157/157
f 165/135/135 200/157/157 162/134/134
f 200/157/157 165/135/135 203/146/146
f 249/158/158 286/159/159 246/160/160
f 286/159/159 249/158/158 289/161/161
f 252/162/162 289/161/161 249/158/158
f 289/161/161 252/162/162 292/163/163
f 255/164/164 292/163/163 252/162/162
f 292/163/163 255/164/164 296/165/165
f 259/166/166 296/165/165 255/164/164
f 296/165/165 259/166/166 299/167/167
f 262/168/168 299/167/167 259/166/166
f 299/167/167 262/168/168 302/169/169
f 265/170/170 302/169/169 262/168/168
f 302/169/169 265/170/170 305/171/171
f 268/172/172 305/171/171 265/170/170
f 305/171/171 268/172/172 308/173/173
f 271/174/174 308/173/173 268/172/172
f 308/173/173 271/174/174 311/175/175
f 274/176/176 311/175/175 271/174/174
f 311/175/175 274/176/176 316/177/177
f 277/178/178 316/177/177 274/176/176
f 316/177/177 277/178/178 320/179/179
f 280/180/180 320/179/179 277/178/178
f 320/179/179 280/180/180 283/181/181
f 246/160/160 283/181/181 280/180/180
f 283/181/181 246/160/160 286/159/159
f 308/173/173 352/182/182 305/171/171
f 352/182/182 308/173/173 355/183/183
f 311/175/175 355/183/183 308/173/173
f 355/183/183 311/175/175 358/184/184
f 316/177/177 358/184/184 311/175/175
f 358/184/184 316/177/177 362/185/185
f 320/179/179 362/185/185 316/177/177
f 362/185/185 320/179/179 324/186/186
f 283/181/181 324/186/186 320/179/179
f 324/186/186 283/181/181 327/187/187
f 286/159/159 327/187/187 283/181/181
f 327/187/187 286/159/159 330/188/188
f 289/161/161 330/188/188 286/159/159
f 330/188/188 289/161/161 333/189/189
f 292/163/163 333/189/189 289/161/161
f 333/189/189 292/163/163 337/190/190
f 296/165/165 337/190/190 292/163/163
f 337/190/190 296/165/165 340/191/191
f 299/167/167 340/191/191 296/165/165
f 340/191/191 299/167/167 344/192/192
f 302/169/169 344/192/192 299/167/167
f 344/192/192 302/169/169 348/193/193
f 305/171/171 348/193/193 302/169/169
f 348/193/193 305/171/171 352/182/182
f 368/194/194 424/62/62 365/195/195
f 424/62/62 368/194/194 431/66/66
f 371/196/196 431/66/66 368/194/194
f 431/66/66 371/196/196 435/68/68
f 374/197/197 435/68/68 371/196/196
f 435/68/68 374/197/197 441/70/70
f 379/198/198 441/70/70 374/197/197
f 441/70/70 379/198/198 445/72/72
f 383/199/199 445/72/72 379/198/198
f 445/72/72 383/199/199 448/74/74
f 387/200/200 448/74/74 383/199/199
f 448/74/74 387/200/200 452/76/76
f 392/201/201 452/76/76 387/200/200
f 452/76/76 392/201/201 455/78/78
f 401/202/202 455/78/78 392/201/201
f 455/78/78 401/202/202 459/80/80
f 405/203/203 459/80/80 401/202/202
f 459/80/80 405/203/203 463/82/82
f 408/204/204 463/82/82 405/203/203
f 463/82/82 408/204/204 467/84/84
f 412/205/205 467/84/84 408/204/204
f 467/84/84 412/205/205 419/64/64
f 365/195/195 419/64/64 412/205/205
f 419/64/64 365/195/195 424/62/62
f 327/187/187 368/194/194 324/186/186
f 368/194/194 327/187/187 371/196/196
f 330/188/188 371/196/196 327/187/187
f 371/196/196 330/188/188 374/197/197
f 333/189/189 374/197/197 330/188/188
f 374/197/197 333/189/189 379/198/198
f 337/190/190 379/198/198 333/189/189
f 379/198/198 337/190/190 383/199/199
f 340/191/191 383/199/199 337/190/190
f 383/199/199 340/191/191 387/200/200
f 344/192/192 387/200/200 340/191/191
f 387/200/200 344/192/192 392/201/201
f 348/193/193 392/201/201 344/192/192
f 392/201/201 348/193/193 401/202/202
f 352/182/182 401/202/202 348/193/193
f 401/202/202 352/182/182 405/203/203
f 355/183/183 405/203/203 352/182/182
f 405/203/203 355/183/183 408/204/204
f 358/184/184 408/204/204 355/183/183
f 408/204/204 358/184/184 412/205/205
f 362/185/185 412/205/205 358/184/184
f 412/205/205 362/185/185 365/195/195
f 324/186/186 365/195/195 362/185/185
f 365/195/195 324/186/186 368/194/194
f 157/206/206 124/207/207 74/208/208
f 124/207/207 157/206/206 112/209/209
f 196/210/210 112/209/209 157/206/206
f 112/209/209 196/210/210 118/211/211
f 213/212/212 118/211/211 196/210/210
f 118/211/211 213/212/212 192/213/213
f 208/214/214 192/213/213 213/212/212
f 192/213/213 208/214/214 205/215/215
f 315/216/216 205/215/215 208/214/214
f 205/215/215 315/216/216 347/217/217
f 319/218/218 347/217/217 315/216/216
f 347/217/217 319/218/218 351/219/219
f 229/220/220 351/219/219 319/218/218
f 351/219/219 229/220/220 307/221/221
f 253/222/222 307/221/221 229/220/220
f 307/221/221 253/222/222 247/223/223
f 460/224/224 247/223/223 253/222/222
f 247/223/223 460/224/224 309/225/225
f 476/226/226 309/225/225 460/224/224
f 309/225/225 476/226/226 432/227/227
f 488/228/228 432/227/227 476/226/226
f 432/227/227 488/228/228 426/229/229
f 558/230/230 595/231/231 560/232/232
f 595/231/231 558/230/230 600/233/233
f 605/234/234 600/233/233 558/230/230
f 600/233/233 605/234/234 603/235/235
f 607/236/236 603/235/235 605/234/234
f 603/235/235 607/236/236 609/237/237
f 611/238/238 609/237/237 607/236/236
f 609/237/237 611/238/238 573/239/239
f 613/240/240 573/239/239 611/238/238
f 573/239/239 613/240/240 575/241/241
f 619/242/242 575/241/241 613/240/240
f 575/241/241 619/242/242 621/243/243
f 623/244/244 621/243/243 619/242/242
f 621/243/243 623/244/244 625/245/245
f 635/246/246 625/245/245 623/244/244
f 625/245/245 635/246/246 637/247/247
f 569/248/248 637/247/247 635/246/246
f 637/247/247 569/248/248 593/249/249
f 579/250/250 421/251/251 398/252/252
f 421/251/251 579/250/250 581/253/253
f 425/254/254 581/253/253 579/250/250
f 581/253/253 425/254/254 574/255/255
f 764/256/256 574/255/255 425/254/254
f 574/255/255 764/256/256 590/257/257
f 766/258/258 590/257/257 764/256/256
f 590/257/257 766/258/258 768/259/259
f 531/260/260 768/259/259 766/258/258
f 768/259/259 531/260/260 770/261/261
f 772/262/262 770/261/261 531/260/260
f 770/261/261 772/262/262 529/263/263
f 453/264/264 529/263/263 772/262/262
f 529/263/263 453/264/264 526/265/265
f 446/266/266 526/265/265 453/264/264
f 526/265/265 446/266/266 360/267/267
f 294/268/268 360/267/267 446/266/266
f 797/269/269 53/270/270 75/271/271
f 53/270/270 797/269/269 50/272/272
f 799/273/273 50/272/272 797/269/269
f 50/272/272 799/273/273 98/274/274
f 84/275/275 98/274/274 799/273/273
f 98/274/274 84/275/275 47/276/276
f 101/277/277 47/276/276 84/275/275
f 47/276/276 101/277/277 25/278/278
f 16/279/279 25/278/278 101/277/277
f 25/278/278 16/279/279 19/280/280
f 13/281/281 19/280/280 16/279/279
f 19/280/280 13/281/281 22/282/282
f 108/283/283 22/282/282 13/281/281
f 22/282/282 108/283/283 228/284/284
f 231/285/285 228/284/284 108/283/283
f 228/284/284 231/285/285 596/286/286
f 468/287/287 425/254/254 489/288/288
f 425/254/254 468/287/287 764/256/256
f 472/289/289 764/256/256 468/287/287
f 764/256/256 472/289/289 766/258/258
f 497/290/290 766/258/258 472/289/289
f 766/258/258 497/290/290 531/260/260
f 500/291/291 531/260/260 497/290/290
f 531/260/260 500/291/291 774/292/292
f 510/293/293 774/292/292 500/291/291
f 774/292/292 510/293/293 516/294/294
f 272/295/295 516/294/294 510/293/293
f 516/294/294 272/295/295 269/296/296
f 285/297/297 269/296/296 272/295/295
f 269/296/296 285/297/297 189/298/298
f 304/45/45 189/298/298 285/297/297
f 189/298/298 304/45/45 298/43/43
f 643/299/299 653/300/300 656/301/301
f 653/300/300 643/299/299 640/302/302
f 538/303/303 640/302/302 643/299/299
f 640/302/302 538/303/303 786/304/304
f 715/305/305 786/304/304 538/303/303
f 786/304/304 715/305/305 712/306/306
f 709/307/307 712/306/306 715/305/305
f 712/306/306 709/307/307 790/308/308
f 784/309/309 790/308/308 709/307/307
f 790/308/308 784/309/309 773/310/310
f 781/311/311 773/310/310 784/309/309
f 773/310/310 781/311/311 771/312/312
f 763/313/313 771/312/312 781/311/311
f 771/312/312 763/313/313 757/314/314
f 303/315/315 300/316/316 397/317/317
f 300/316/316 303/315/315 384/318/318
f 366/319/319 384/318/318 303/315/315
f 384/318/318 366/319/319 620/320/320
f 356/321/321 620/320/320 366/319/319
f 620/320/320 356/321/321 353/322/322
f 334/323/323 353/322/322 356/321/321
f 353/322/322 334/323/323 406/324/324
f 328/325/325 406/324/324 334/323/323
f 406/324/324 328/325/325 331/326/326
f 592/327/327 331/326/326 328/325/325
f 331/326/326 592/327/327 594/328/328
f 219/329/329 594/328/328 592/327/327
f 111/12/12 68/8/8 71/10/10
f 68/8/8 111/12/12 137/330/330
f 120/331/331 137/330/330 111/12/12
f 137/330/330 120/331/331 140/332/332
f 134/333/333 140/332/332 120/331/331
f 140/332/332 134/333/333 153/334/334
f 194/335/335 153/334/334 134/333/333
f 153/334/334 194/335/335 163/336/336
f 198/337/337 163/336/336 194/335/335
f 163/336/336 198/337/337 58/338/338
f 201/339/339 58/338/338 198/337/337
f 58/338/338 201/339/339 166/26/26
f 83/24/24 166/26/26 201/339/339
f 115/340/340 112/209/209 118/211/211
f 112/209/209 115/340/340 364/341/341
f 275/342/342 364/341/341 115/340/340
f 364/341/341 275/342/342 561/343/343
f 563/344/344 561/343/343 275/342/342
f 561/343/343 563/344/344 554/345/345
f 436/346/346 554/345/345 563/344/344
f 554/345/345 436/346/346 618/347/347
f 389/348/348 618/347/347 436/346/346
f 618/347/347 389/348/348 616/349/349
f 557/350/350 616/349/349 389/348/348
f 616/349/349 557/350/350 410/351/351
f 784/309/309 728/352/352 700/353/353
f 728/352/352 784/309/309 775/354/354
f 709/307/307 775/354/354 784/309/309
f 775/354/354 709/307/307 777/355/355
f 715/305/305 777/355/355 709/307/307
f 777/355/355 715/305/305 543/356/356
f 538/303/303 543/356/356 715/305/305
f 543/356/356 538/303/303 582/357/357
f 643/299/299 582/357/357 538/303/303
f 582/357/357 643/299/299 580/358/358
f 656/301/301 580/358/358 643/299/299
f 580/358/358 656/301/301 659/359/359
f 300/316/316 388/360/360 393/361/361
f 388/360/360 300/316/316 556/362/362
f 559/363/363 556/362/362 300/316/316
f 556/362/362 559/363/363 409/364/364
f 402/365/365 409/364/364 559/363/363
f 409/364/364 402/365/365 413/366/366
f 331/326/326 413/366/366 402/365/365
f 413/366/366 331/326/326 596/286/286
f 594/328/328 596/286/286 331/326/326
f 596/286/286 594/328/328 228/284/284
f 219/329/329 228/284/284 594/328/328
f 258/46/46 242/367/367 343/44/44
f 242/367/367 258/46/46 239/368/368
f 288/369/369 239/368/368 258/46/46
f 239/368/368 288/369/369 270/370/370
f 267/371/371 270/370/370 288/369/369
f 270/370/370 267/371/371 276/372/372
f 279/373/373 276/372/372 267/371/371
f 276/372/372 279/373/373 233/374/374
f 236/375/375 233/374/374 279/373/373
f 233/374/374 236/375/375 221/376/376
f 257/377/377 221/376/376 236/375/375
f 476/226/226 484/378/378 488/228/228
f 484/378/378 476/226/226 480/379/379
f 460/224/224 480/379/379 476/226/226
f 480/379/379 460/224/224 785/380/380
f 565/381/381 785/380/380 460/224/224
f 785/380/380 565/381/381 568/382/382
f 544/383/383 568/382/382 565/381/381
f 568/382/382 544/383/383 541/384/384
f 599/385/385 541/384/384 544/383/383
f 541/384/384 599/385/385 601/386/386
f 250/387/387 601/386/386 599/385/385
f 552/388/388 801/389/389 803/390/390
f 801/389/389 552/388/388 238/391/391
f 306/392/392 238/391/391 552/388/388
f 238/391/391 306/392/392 235/393/393
f 610/394/394 235/393/393 306/392/392
f 235/393/393 610/394/394 608/395/395
f 232/396/396 608/395/395 610/394/394
f 608/395/395 232/396/396 177/397/397
f 109/398/398 177/397/397 232/396/396
f 177/397/397 109/398/398 170/399/399
f 39/400/400 43/27/27 49/25/25
f 43/27/27 39/400/400 28/401/401
f 24/402/402 28/401/401 39/400/400
f 28/401/401 24/402/402 12/403/403
f 21/404/404 12/403/403 24/402/402
f 12/403/403 21/404/404 89/405/405
f 86/406/406 89/405/405 21/404/404
f 89/405/405 86/406/406 123/407/407
f 79/23/23 123/407/407 86/406/406
f 123/407/407 79/23/23 143/21/21
f 542/408/408 570/58/58 567/60/60
f 570/58/58 542/408/408 548/409/409
f 602/410/410 548/409/409 542/408/408
f 548/409/409 602/410/410 604/411/411
f 257/377/377 604/411/411 602/410/410
f 604/411/411 257/377/377 546/412/412
f 236/375/375 546/412/412 257/377/377
f 546/412/412 236/375/375 282/413/413
f 279/373/373 282/413/413 236/375/375
f 282/413/413 279/373/373 267/371/371
f 548/409/409 572/56/56 570/58/58
f 572/56/56 548/409/409 539/414/414
f 604/411/411 539/414/414 548/409/409
f 539/414/414 604/411/411 606/415/415
f 546/412/412 606/415/415 604/411/411
f 606/415/415 546/412/412 278/416/416
f 282/413/413 278/416/416 546/412/412
f 278/416/416 282/413/413 266/417/417
f 267/371/371 266/417/417 282/413/413
f 266/417/417 267/371/371 787/418/418
f 621/243/243 591/419/419 575/241/241
f 591/419/419 621/243/243 659/359/359
f 645/420/420 659/359/359 621/243/243
f 659/359/359 645/420/420 580/358/358
f 648/421/421 580/358/358 645/420/420
f 580/358/358 648/421/421 577/422/422
f 637/247/247 577/422/422 648/421/421
f 577/422/422 637/247/247 627/423/423
f 593/249/249 627/423/423 637/247/247
f 627/423/423 593/249/249 589/424/424
f 287/425/425 380/426/426 290/427/427
f 380/426/426 287/425/425 624/428/428
f 281/429/429 624/428/428 287/425/425
f 624/428/428 281/429/429 372/430/430
f 297/431/431 372/430/430 281/429/429
f 372/430/430 297/431/431 363/432/432
f 366/319/319 363/432/432 297/431/431
f 363/432/432 366/319/319 369/433/433
f 303/315/315 369/433/433 366/319/319
f 369/433/433 303/315/315 396/434/434
f 28/401/401 172/29/29 43/27/27
f 172/29/29 28/401/401 15/435/435
f 12/403/403 15/435/435 28/401/401
f 15/435/435 12/403/403 4/436/436
f 1/437/437 4/436/436 12/403/403
f 4/436/436 1/437/437 55/438/438
f 1/437/437 89/405/405 55/438/438
f 55/438/438 89/405/405 103/439/439
f 114/17/17 103/439/439 89/405/405
f 103/439/439 114/17/17 107/15/15
f 640/302/302 651/440/440 653/300/300
f 651/440/440 640/302/302 792/441/441
f 786/304/304 792/441/441 640/302/302
f 792/441/441 786/304/304 794/442/442
f 712/306/306 794/442/442 786/304/304
f 794/442/442 712/306/306 796/443/443
f 788/444/444 796/443/443 712/306/306
f 796/443/443 788/444/444 769/445/445
f 773/310/310 769/445/445 788/444/444
f 290/427/427 359/446/446 293/447/447
f 359/446/446 290/427/427 375/448/448
f 380/426/426 375/448/448 290/427/427
f 375/448/448 380/426/426 312/449/449
f 317/450/450 312/449/449 380/426/426
f 312/449/449 317/450/450 321/451/451
f 325/452/452 321/451/451 317/450/450
f 321/451/451 325/452/452 585/453/453
f 420/454/454 585/453/453 325/452/452
f 456/455/455 453/264/264 772/262/262
f 453/264/264 456/455/455 449/456/456
f 269/296/296 449/456/456 456/455/455
f 449/456/456 269/296/296 244/457/457
f 186/458/458 244/457/457 269/296/296
f 244/457/457 186/458/458 183/459/459
f 301/460/460 183/459/459 186/458/458
f 183/459/459 301/460/460 332/461/461
f 295/41/41 332/461/461 301/460/460
f 343/44/44 336/40/40 339/42/42
f 336/40/40 343/44/44 373/462/462
f 242/367/367 373/462/462 343/44/44
f 373/462/462 242/367/367 248/463/463
f 251/464/464 248/463/463 242/367/367
f 248/463/463 251/464/464 326/465/465
f 354/466/466 326/465/465 251/464/464
f 326/465/465 354/466/466 209/467/467
f 314/468/468 209/467/467 354/466/466
f 124/207/207 81/469/469 74/208/208
f 81/469/469 124/207/207 121/470/470
f 803/390/390 121/470/470 124/207/207
f 121/470/470 803/390/390 357/471/471
f 801/389/389 357/471/471 803/390/390
f 357/471/471 801/389/389 167/472/472
f 170/399/399 167/472/472 801/389/389
f 167/472/472 170/399/399 105/473/473
f 109/398/398 105/473/473 170/399/399
f 53/270/270 147/474/474 73/475/475
f 147/474/474 53/270/270 151/476/476
f 56/477/477 151/476/476 53/270/270
f 151/476/476 56/477/477 154/478/478
f 62/479/479 154/478/478 56/477/477
f 154/478/478 62/479/479 141/480/480
f 138/481/481 141/480/480 62/479/479
f 141/480/480 138/481/481 144/482/482
f 188/14/14 120/331/331 111/12/12
f 120/331/331 188/14/14 134/333/333
f 191/483/483 134/333/333 188/14/14
f 134/333/333 191/483/483 194/335/335
f 130/18/18 194/335/335 191/483/483
f 194/335/335 130/18/18 150/484/484
f 146/20/20 150/484/484 130/18/18
f 150/484/484 146/20/20 160/22/22
f 174/485/485 361/37/37 148/33/33
f 361/37/37 174/485/485 329/486/486
f 6/487/487 329/486/486 174/485/485
f 329/486/486 6/487/487 180/488/488
f 10/489/489 180/488/488 6/487/487
f 180/488/488 10/489/489 332/461/461
f 66/490/490 332/461/461 10/489/489
f 332/461/461 66/490/490 128/491/491
f 742/492/492 734/493/493 779/494/494
f 734/493/493 742/492/492 731/495/495
f 739/496/496 731/495/495 742/492/492
f 731/495/495 739/496/496 687/497/497
f 747/498/498 687/497/497 739/496/496
f 687/497/497 747/498/498 677/499/499
f 667/500/500 677/499/499 747/498/498
f 677/499/499 667/500/500 672/501/501
f 755/502/502 779/494/494 704/503/503
f 779/494/494 755/502/502 742/492/492
f 752/504/504 742/492/492 755/502/502
f 742/492/492 752/504/504 747/498/498
f 702/505/505 747/498/498 752/504/504
f 747/498/498 702/505/505 667/500/500
f 693/506/506 667/500/500 702/505/505
f 667/500/500 693/506/506 698/507/507
f 151/476/476 173/508/508 147/474/474
f 173/508/508 151/476/476 5/509/509
f 2/510/510 5/509/509 151/476/476
f 5/509/509 2/510/510 9/511/511
f 69/512/512 9/511/511 2/510/510
f 9/511/511 69/512/512 65/513/513
f 135/514/514 65/513/513 69/512/512
f 297/431/431 356/321/321 366/319/319
f 356/321/321 297/431/431 350/515/515
f 520/516/516 350/515/515 297/431/431
f 350/515/515 520/516/516 346/517/517
f 207/518/518 346/517/517 520/516/516
f 346/517/517 207/518/518 211/519/519
f 41/520/520 211/519/519 207/518/518
f 547/521/521 587/522/522 566/523/523
f 587/522/522 547/521/521 549/524/524
f 551/525/525 549/524/524 547/521/521
f 549/524/524 551/525/525 553/526/526
f 558/230/230 553/526/526 551/525/525
f 553/526/526 558/230/230 555/527/527
f 560/232/232 555/527/527 558/230/230
f 500/291/291 791/53/53 534/51/51
f 791/53/53 500/291/291 793/528/528
f 497/290/290 793/528/528 500/291/291
f 793/528/528 497/290/290 506/529/529
f 464/530/530 506/529/529 497/290/290
f 506/529/529 464/530/530 778/57/57
f 780/59/59 778/57/57 464/530/530
f 590/257/257 581/253/253 574/255/255
f 581/253/253 590/257/257 588/531/531
f 493/532/532 588/531/531 590/257/257
f 588/531/531 493/532/532 583/533/533
f 442/534/534 583/533/533 493/532/532
f 583/533/533 442/534/534 322/535/535
f 313/536/536 322/535/535 442/534/534
f 225/537/537 229/220/220 319/218/218
f 229/220/220 225/537/537 217/538/538
f 220/539/539 217/538/538 225/537/537
f 217/538/538 220/539/539 250/387/387
f 256/540/540 250/387/387 220/539/539
f 250/387/387 256/540/540 601/386/386
f 486/541/541 494/542/542 490/543/543
f 494/542/542 486/541/541 498/544/544
f 528/545/545 498/544/544 486/541/541
f 498/544/544 528/545/545 530/546/546
f 523/547/547 530/546/546 528/545/545
f 530/546/546 523/547/547 532/548/548
f 563/344/344 576/549/549 436/346/346
f 576/549/549 563/344/344 309/225/225
f 275/342/342 309/225/225 563/344/344
f 309/225/225 275/342/342 247/223/223
f 115/340/340 247/223/223 275/342/342
f 247/223/223 115/340/340 307/221/221
f 182/11/11 55/438/438 185/13/13
f 55/438/438 182/11/11 4/436/436
f 179/550/550 4/436/436 182/11/11
f 4/436/436 179/550/550 15/435/435
f 176/31/31 15/435/435 179/550/550
f 15/435/435 176/31/31 172/29/29
f 202/36/36 195/551/551 158/34/34
f 195/551/551 202/36/36 199/552/552
f 370/38/38 199/552/552 202/36/36
f 199/552/552 370/38/38 367/553/553
f 373/462/462 367/553/553 370/38/38
f 367/553/553 373/462/462 248/463/463
f 226/554/554 233/374/374 221/376/376
f 233/374/374 226/554/554 323/555/555
f 318/556/556 323/555/555 226/554/554
f 323/555/555 318/556/556 310/557/557
f 314/468/468 310/557/557 318/556/556
f 310/557/557 314/468/468 354/466/466
f 261/48/48 288/369/369 258/46/46
f 288/369/369 261/48/48 264/558/558
f 263/50/50 264/558/558 261/48/48
f 264/558/558 263/50/50 787/418/418
f 789/52/52 787/418/418 263/50/50
f 787/418/418 789/52/52 537/54/54
f 616/349/349 554/345/345 618/347/347
f 554/345/345 616/349/349 306/392/392
f 614/559/559 306/392/392 616/349/349
f 306/392/392 614/559/559 612/560/560
f 414/561/561 612/560/560 614/559/559
f 612/560/560 414/561/561 597/562/562
f 338/563/563 335/564/564 341/565/565
f 335/564/564 338/563/563 224/566/566
f 216/567/567 224/566/566 338/563/563
f 224/566/566 216/567/567 29/568/568
f 212/569/569 29/568/568 216/567/567
f 29/568/568 212/569/569 40/570/570
f 364/341/341 124/207/207 112/209/209
f 124/207/207 364/341/341 803/390/390
f 561/343/343 803/390/390 364/341/341
f 803/390/390 561/343/343 552/388/388
f 554/345/345 552/388/388 561/343/343
f 552/388/388 554/345/345 306/392/392
f 711/571/571 699/572/572 713/573/573
f 699/572/572 711/571/571 703/574/574
f 708/575/575 703/574/574 711/571/571
f 703/574/574 708/575/575 474/576/576
f 535/577/577 474/576/576 708/575/575
f 50/272/272 56/477/477 53/270/270
f 56/477/477 50/272/272 59/578/578
f 44/579/579 59/578/578 50/272/272
f 59/578/578 44/579/579 37/580/580
f 33/581/581 37/580/580 44/579/579
f 436/346/346 395/582/582 389/348/348
f 395/582/582 436/346/346 578/583/583
f 576/549/549 578/583/583 436/346/346
f 578/583/583 576/549/549 426/229/229
f 432/227/227 426/229/229 576/549/549
f 323/555/555 276/372/372 233/374/374
f 276/372/372 323/555/555 273/584/584
f 310/557/557 273/584/584 323/555/555
f 273/584/584 310/557/557 251/464/464
f 354/466/466 251/464/464 310/557/557
f 562/585/585 547/521/521 566/523/523
f 547/521/521 562/585/585 571/586/586
f 615/587/587 571/586/586 562/585/585
f 571/586/586 615/587/587 607/236/236
f 611/238/238 607/236/236 615/587/587
f 644/588/588 670/589/589 647/590/590
f 670/589/589 644/588/588 666/591/591
f 663/592/592 666/591/591 644/588/588
f 666/591/591 663/592/592 697/593/593
f 661/594/594 697/593/593 663/592/592
f 442/534/534 526/265/265 313/536/536
f 526/265/265 442/534/534 529/263/263
f 493/532/532 529/263/263 442/534/534
f 529/263/263 493/532/532 768/259/259
f 590/257/257 768/259/259 493/532/532
f 707/595/595 760/596/596 704/503/503
f 760/596/596 707/595/595 767/597/597
f 769/445/445 767/597/597 707/595/595
f 767/597/597 769/445/445 771/312/312
f 773/310/310 771/312/312 769/445/445
f 325/452/452 363/432/432 369/433/433
f 363/432/432 325/452/452 622/598/598
f 317/450/450 622/598/598 325/452/452
f 622/598/598 317/450/450 624/428/428
f 380/426/426 624/428/428 317/450/450
f 61/4/4 58/338/338 52/2/2
f 58/338/338 61/4/4 163/336/336
f 156/599/599 163/336/336 61/4/4
f 163/336/336 156/599/599 153/334/334
f 140/332/332 153/334/334 156/599/599
f 404/600/600 454/601/601 457/602/602
f 454/601/601 404/600/600 407/603/603
f 400/604/604 407/603/603 404/600/600
f 407/603/603 400/604/604 411/605/605
f 657/606/606 688/607/607 692/608/608
f 688/607/607 657/606/606 655/609/609
f 631/610/610 655/609/609 657/606/606
f 655/609/609 631/610/610 629/611/611
f 588/531/531 421/251/251 581/253/253
f 421/251/251 588/531/531 586/612/612
f 583/533/533 586/612/612 588/531/531
f 586/612/612 583/533/533 322/535/535
f 660/613/613 691/614/614 695/615/615
f 691/614/614 660/613/613 658/616/616
f 649/617/617 658/616/616 660/613/613
f 658/616/616 649/617/617 632/618/618
f 21/404/404 79/23/23 86/406/406
f 79/23/23 21/404/404 35/619/619
f 24/402/402 35/619/619 21/404/404
f 35/619/619 24/402/402 39/400/400
f 633/620/620 609/237/237 573/239/239
f 609/237/237 633/620/620 603/235/235
f 598/621/621 603/235/235 633/620/620
f 603/235/235 598/621/621 595/231/231
f 729/622/622 758/623/623 748/624/624
f 758/623/623 729/622/622 722/625/625
f 726/626/626 722/625/625 729/622/622
f 722/625/625 726/626/626 724/627/627
f 682/628/628 677/499/499 672/501/501
f 677/499/499 682/628/628 687/497/497
f 685/629/629 687/497/497 682/628/628
f 687/497/497 685/629/629 690/630/630
f 273/584/584 270/370/370 276/372/372
f 270/370/370 273/584/584 245/631/631
f 251/464/464 245/631/631 273/584/584
f 245/631/631 251/464/464 242/367/367
f 19/280/280 223/632/632 25/278/278
f 223/632/632 19/280/280 219/329/329
f 22/282/282 219/329/329 19/280/280
f 219/329/329 22/282/282 228/284/284
f 577/422/422 582/357/357 580/358/358
f 582/357/357 577/422/422 630/633/633
f 627/423/423 630/633/633 577/422/422
f 630/633/633 627/423/423 589/424/424
f 13/281/281 104/634/634 108/283/283
f 104/634/634 13/281/281 87/635/635
f 101/277/277 87/635/635 13/281/281
f 87/635/635 101/277/277 84/275/275
f 189/298/298 186/458/458 269/296/296
f 186/458/458 189/298/298 301/460/460
f 298/43/43 301/460/460 189/298/298
f 301/460/460 298/43/43 295/41/41
f 485/636/636 468/287/287 489/288/288
f 468/287/287 485/636/636 550/637/637
f 782/61/61 550/637/637 485/636/636
f 550/637/637 782/61/61 780/59/59
f 615/587/587 623/244/244 611/238/238
f 623/244/244 615/587/587 635/246/246
f 564/638/638 635/246/246 615/587/587
f 635/246/246 564/638/638 569/248/248
f 381/639/639 652/640/640 377/641/641
f 652/640/640 381/639/639 686/642/642
f 466/643/643 686/642/642 381/639/639
f 686/642/642 466/643/643 416/644/644
f 752/504/504 763/313/313 702/505/505
f 763/313/313 752/504/504 757/314/314
f 755/502/502 757/314/314 752/504/504
f 757/314/314 755/502/502 704/503/503
f 716/645/645 751/646/646 743/647/647
f 751/646/646 716/645/645 730/648/648
f 720/649/649 730/648/648 716/645/645
f 730/648/648 720/649/649 727/650/650
f 762/651/651 746/652/652 735/653/653
f 746/652/652 762/651/651 717/654/654
f 710/655/655 717/654/654 762/651/651
f 717/654/654 710/655/655 714/656/656
f 774/292/292 772/262/262 531/260/260
f 772/262/262 774/292/292 456/455/455
f 516/294/294 456/455/455 774/292/292
f 456/455/455 516/294/294 269/296/296
f 543/356/356 723/657/657 777/355/355
f 723/657/657 543/356/356 540/658/658
f 589/424/424 540/658/658 543/356/356
f 338/563/563 212/569/569 216/567/567
f 212/569/569 338/563/563 345/659/659
f 349/660/660 345/659/659 338/563/563
f 29/568/568 26/661/661 224/566/566
f 26/661/661 29/568/568 32/662/662
f 36/663/663 32/662/662 29/568/568
f 241/664/664 446/266/266 244/457/457
f 446/266/266 241/664/664 294/268/268
f 204/665/665 294/268/268 241/664/664
f 625/245/245 645/420/420 621/243/243
f 645/420/420 625/245/245 648/421/421
f 637/247/247 648/421/421 625/245/245
f 776/55/55 506/529/529 778/57/57
f 506/529/529 776/55/55 793/528/528
f 791/53/53 793/528/528 776/55/55
f 464/530/530 550/637/637 780/59/59
f 550/637/637 464/530/530 468/287/287
f 472/289/289 468/287/287 464/530/530
f 357/471/471 81/469/469 121/470/470
f 81/469/469 357/471/471 95/666/666
f 91/667/667 95/666/666 357/471/471
f 763/313/313 693/506/506 702/505/505
f 693/506/506 763/313/313 765/668/668
f 696/669/669 765/668/668 763/313/313
f 536/670/670 482/671/671 473/672/672
f 482/671/671 536/670/670 514/673/673
f 501/674/674 514/673/673 536/670/670
f 307/221/221 347/217/217 351/219/219
f 347/217/217 307/221/221 205/215/215
f 192/213/213 205/215/215 307/221/221
f 525/675/675 492/71/71 496/73/73
f 492/71/71 525/675/675 487/69/69
f 483/67/67 487/69/69 525/675/675
f 525/675/675 505/77/77 509/79/79
f 505/77/77 525/675/675 499/75/75
f 496/73/73 499/75/75 525/675/675
f 525/675/675 519/83/83 471/85/85
f 519/83/83 525/675/675 515/81/81
f 509/79/79 515/81/81 525/675/675
f 525/675/675 479/65/65 483/67/67
f 479/65/65 525/675/675 475/63/63
f 471/85/85 475/63/63 525/675/675
f 164/676/676 41/520/520 207/518/518
f 41/520/520 164/676/676 37/580/580
f 59/578/578 37/580/580 164/676/676
f 46/3/3 97/5/5 100/1/1
f 97/5/5 46/3/3 31/30/30
f 169/28/28 31/30/30 46/3/3
f 52/2/2 169/28/28 46/3/3
f 169/28/28 52/2/2 166/26/26
f 58/338/338 166/26/26 52/2/2
f 243/677/677 222/152/152 218/153/153
f 222/152/152 243/677/677 227/151/151
f 230/150/150 227/151/151 243/677/677
f 636/678/678 418/679/679 422/680/680
f 418/679/679 636/678/678 684/681/681
f 681/682/682 684/681/681 636/678/678
f 652/640/640 626/683/683 377/641/641
f 626/683/683 652/640/640 628/684/684
f 654/685/685 628/684/684 652/640/640
f 795/686/686 797/269/269 76/687/687
f 797/269/269 795/686/686 799/273/273
f 84/275/275 799/273/273 795/686/686
f 69/512/512 144/482/482 135/514/514
f 144/482/482 69/512/512 141/480/480
f 2/510/510 141/480/480 69/512/512
f 697/593/593 668/688/688 665/689/689
f 668/688/688 697/593/593 694/690/690
f 661/594/594 694/690/690 697/593/593
f 59/578/578 62/479/479 56/477/477
f 62/479/479 59/578/578 138/481/481
f 161/691/691 138/481/481 59/578/578
f 651/440/440 662/692/692 653/300/300
f 662/692/692 651/440/440 545/693/693
f 798/694/694 545/693/693 651/440/440
f 123/407/407 114/17/17 89/405/405
f 114/17/17 123/407/407 126/19/19
f 143/21/21 126/19/19 123/407/407
f 177/397/397 235/393/393 608/395/395
f 235/393/393 177/397/397 801/389/389
f 170/399/399 801/389/389 177/397/397
f 266/417/417 606/415/415 278/416/416
f 606/415/415 266/417/417 537/54/54
f 787/418/418 537/54/54 266/417/417
f 663/592/592 650/695/695 661/594/594
f 650/695/695 663/592/592 634/696/696
f 644/588/588 634/696/696 663/592/592
f 179/550/550 8/9/9 176/31/31
f 8/9/9 179/550/550 182/11/11
f 49/25/25 35/619/619 39/400/400
f 35/619/619 49/25/25 79/23/23
f 107/15/15 55/438/438 103/439/439
f 55/438/438 107/15/15 185/13/13
f 201/339/339 160/22/22 83/24/24
f 160/22/22 201/339/339 198/337/337
f 551/525/525 605/234/234 558/230/230
f 605/234/234 551/525/525 547/521/521
f 191/483/483 117/16/16 130/18/18
f 117/16/16 191/483/483 188/14/14
f 700/353/353 781/311/311 784/309/309
f 781/311/311 700/353/353 696/669/669
f 613/240/240 623/244/244 619/242/242
f 623/244/244 613/240/240 611/238/238
f 97/5/5 18/32/32 93/7/7
f 18/32/32 97/5/5 31/30/30
f 137/330/330 64/6/6 68/8/8
f 64/6/6 137/330/330 140/332/332
f 150/484/484 198/337/337 194/335/335
f 198/337/337 150/484/484 160/22/22
f 140/332/332 61/4/4 64/6/6
f 61/4/4 140/332/332 156/599/599
f 480/379/379 783/697/697 484/378/378
f 783/697/697 480/379/379 785/380/380
f 544/383/383 460/224/224 253/222/222
f 460/224/224 544/383/383 565/381/381
f 192/213/213 115/340/340 118/211/211
f 115/340/340 192/213/213 307/221/221
f 599/385/385 253/222/222 250/387/387
f 253/222/222 599/385/385 544/383/383
f 612/560/560 610/394/394 306/392/392
f 610/394/394 612/560/560 597/562/562
f 217/538/538 253/222/222 229/220/220
f 253/222/222 217/538/538 250/387/387
f 410/351/351 614/559/559 616/349/349
f 614/559/559 410/351/351 414/561/561
f 167/472/472 91/667/667 357/471/471
f 91/667/667 167/472/472 105/473/473
f 788/444/444 790/308/308 773/310/310
f 790/308/308 788/444/444 712/306/306
f 725/698/698 769/445/445 707/595/595
f 769/445/445 725/698/698 796/443/443
f 771/312/312 760/596/596 767/597/597
f 760/596/596 771/312/312 757/314/314
f 615/587/587 617/699/699 564/638/638
f 617/699/699 615/587/587 562/585/585
f 683/700/700 686/642/642 416/644/644
f 686/642/642 683/700/700 679/701/701
f 689/702/702 686/642/642 679/701/701
f 686/642/642 689/702/702 654/685/685
f 215/154/154 243/677/677 218/153/153
f 243/677/677 215/154/154 210/155/155
f 206/156/156 243/677/677 210/155/155
f 243/677/677 206/156/156 200/157/157
f 571/586/586 605/234/234 547/521/521
f 605/234/234 571/586/586 607/236/236
f 203/146/146 243/677/677 200/157/157
f 243/677/677 203/146/146 240/147/147
f 543/356/356 630/633/633 589/424/424
f 630/633/633 543/356/356 582/357/357
f 237/148/148 243/677/677 240/147/147
f 243/677/677 237/148/148 234/149/149
f 385/703/703 382/704/704 378/705/705
f 382/704/704 385/703/703 390/706/706
f 399/707/707 391/708/708 386/709/709
f 391/708/708 399/707/707 403/710/710
f 87/635/635 90/711/711 104/634/634
f 90/711/711 87/635/635 84/275/275
f 423/712/712 430/713/713 433/714/714
f 430/713/713 423/712/712 417/715/715
f 434/716/716 440/717/717 443/718/718
f 440/717/717 434/716/716 429/719/719
f 439/720/720 447/721/721 444/722/722
f 447/721/721 439/720/720 451/723/723
f 25/278/278 44/579/579 47/276/276
f 44/579/579 25/278/278 33/581/581
f 403/710/710 461/724/724 391/708/708
f 461/724/724 403/710/710 458/725/725
f 390/706/706 465/726/726 382/704/704
f 465/726/726 390/706/706 462/727/727
f 754/728/728 745/729/729 749/730/730
f 745/729/729 754/728/728 741/731/731
f 724/627/627 759/732/732 722/625/625
f 759/732/732 724/627/627 756/733/733
f 732/734/734 706/735/735 736/736/736
f 706/735/735 732/734/734 701/737/737
f 761/738/738 708/575/575 711/571/571
f 708/575/575 761/738/738 738/739/739
f 705/740/740 708/575/575 738/739/739
f 708/575/575 705/740/740 504/741/741
f 669/742/742 691/614/614 673/743/743
f 691/614/614 669/742/742 695/615/615
f 674/744/744 688/607/607 678/745/745
f 688/607/607 674/744/744 692/608/608
f 642/746/746 671/747/747 675/748/748
f 671/747/747 642/746/746 646/749/749
f 639/750/750 676/751/751 680/752/752
f 676/751/751 639/750/750 641/753/753
f 756/733/733 750/754/754 759/732/732
f 750/754/754 756/733/733 753/755/755
f 718/756/756 792/441/441 794/442/442
f 792/441/441 718/756/756 798/694/694
f 653/300/300 584/757/757 656/301/301
f 584/757/757 653/300/300 662/692/692
f 80/758/758 795/686/686 72/759/759
f 795/686/686 80/758/758 94/760/760
f 127/761/761 135/514/514 131/762/762
f 135/514/514 127/761/761 65/513/513
f 527/763/763 490/543/543 521/764/764
f 490/543/543 527/763/763 486/541/541
f 154/478/478 2/510/510 151/476/476
f 2/510/510 154/478/478 141/480/480
f 420/454/454 369/433/433 394/765/765
f 369/433/433 420/454/454 325/452/452
f 334/323/323 592/327/327 328/325/325
f 592/327/327 334/323/323 223/632/632
f 384/318/318 559/363/363 300/316/316
f 559/363/363 384/318/318 620/320/320
f 342/766/766 356/321/321 350/515/515
f 356/321/321 342/766/766 334/323/323
f 353/322/322 559/363/363 620/320/320
f 559/363/363 353/322/322 406/324/324
f 406/324/324 402/365/365 559/363/363
f 402/365/365 406/324/324 331/326/326
f 98/274/274 44/579/579 50/272/272
f 44/579/579 98/274/274 47/276/276
f 94/760/760 84/275/275 795/686/686
f 84/275/275 94/760/760 90/711/711
f 214/767/767 326/465/465 209/467/467
f 326/465/465 214/767/767 195/551/551
f 329/486/486 291/39/39 361/37/37
f 291/39/39 329/486/486 180/488/488
f 180/488/488 295/41/41 291/39/39
f 295/41/41 180/488/488 332/461/461
f 264/558/558 267/371/371 288/369/369
f 267/371/371 264/558/558 787/418/418
f 239/368/368 245/631/631 242/367/367
f 245/631/631 239/368/368 270/370/370
f 326/465/465 367/553/553 248/463/463
f 367/553/553 326/465/465 195/551/551
f 510/293/293 534/51/51 260/49/49
f 534/51/51 510/293/293 500/291/291
f 272/295/295 260/49/49 254/47/47
f 260/49/49 272/295/295 510/293/293
f 128/491/491 183/459/459 332/461/461
f 183/459/459 128/491/491 132/768/768
f 285/297/297 254/47/47 304/45/45
f 254/47/47 285/297/297 272/295/295
f 449/456/456 446/266/266 453/264/264
f 446/266/266 449/456/456 244/457/457
f 284/769/769 297/431/431 281/429/429
f 297/431/431 284/769/769 520/516/516
f 447/721/721 407/603/603 411/605/605
f 407/603/603 447/721/721 451/723/723
f 183/459/459 241/664/664 244/457/457
f 241/664/664 183/459/459 132/768/768
f 721/770/770 667/500/500 698/507/507
f 667/500/500 721/770/770 672/501/501
f 481/771/771 524/772/772 491/773/773
f 524/772/772 481/771/771 511/774/774
f 533/775/775 513/776/776 518/777/777
f 513/776/776 533/775/775 522/778/778
f 478/779/779 491/773/773 495/780/780
f 491/773/773 478/779/779 481/771/771
f 517/781/781 503/782/782 508/783/783
f 503/782/782 517/781/781 512/784/784
f 507/785/785 706/735/735 701/737/737
f 706/735/735 507/785/785 502/786/786
f 470/787/787 482/671/671 477/788/788
f 482/671/671 470/787/787 473/672/672
f 474/576/576 699/572/572 703/574/574
f 699/572/572 474/576/576 469/789/789
f 437/790/790 454/601/601 450/791/791
f 454/601/601 437/790/790 457/602/602
f 740/792/792 737/793/793 744/794/794
f 737/793/793 740/792/792 733/795/795
f 461/724/724 438/796/796 427/797/797
f 438/796/796 461/724/724 458/725/725
f 775/354/354 723/657/657 728/352/352
f 723/657/657 775/354/354 777/355/355
f 376/798/798 526/265/265 360/267/267
f 526/265/265 376/798/798 313/536/536
f 428/799/799 465/726/726 462/727/727
f 465/726/726 428/799/799 415/800/800
f 539/414/414 537/54/54 572/56/56
f 537/54/54 539/414/414 606/415/415
f 622/598/598 372/430/430 363/432/432
f 372/430/430 622/598/598 624/428/428
f 800/801/801 718/756/756 796/443/443
f 497/290/290 472/289/289 464/530/530
f 659/359/359 656/301/301 584/757/757
f 725/698/698 800/801/801 796/443/443
f 592/327/327 223/632/632 219/329/329
f 132/768/768 204/665/665 241/664/664
f 29/568/568 40/570/570 36/663/663
f 338/563/563 341/565/565 349/660/660
f 1/437/437 12/403/403 89/405/405
f 742/492/492 747/498/498 739/496/496
f 796/443/443 718/756/756 794/442/442
f 591/419/419 659/359/359 664/802/802
f 664/802/802 659/359/359 584/757/757
f 687/497/497 690/630/630 731/495/495
f 763/313/313 781/311/311 696/669/669
f 576/549/549 309/225/225 432/227/227
f 681/682/682 636/678/678 638/803/803
f 801/389/389 238/391/391 235/393/393
f 610/394/394 597/562/562 232/396/396
f 529/263/263 768/259/259 770/261/261
f 651/440/440 792/441/441 798/694/694
f 785/380/380 568/382/382 783/697/697
f 714/656/656 719/804/804 717/654/654
f 13/281/281 16/279/279 101/277/277
f 686/642/642 654/685/685 652/640/640
f 708/575/575 504/741/741 535/577/577
f 336/40/40 373/462/462 370/38/38
f 230/150/150 243/677/677 234/149/149
f 59/578/578 164/676/676 161/691/691
f 195/551/551 199/552/552 367/553/553
f 704/503/503 760/596/596 757/314/314
f 407/603/603 451/723/723 454/601/601
f 603/235/235 595/231/231 600/233/233
