<?xml version="1.0"?>
<COLLADA xmlns="http://www.collada.org/2005/11/COLLADASchema" version="1.4.1">
    <asset>
        <contributor>
            <authoring_tool>J3D Ripoff Exporter</authoring_tool>
        </contributor>
        <created>2024-08-19T00:29:04.572Z</created>
        <modified>2024-08-19T00:29:04.572Z</modified>
		<unit meter="0.01" name="centimeter" ></unit>
        <up_axis>Y_UP</up_axis>
    </asset>
    <library_images>
        <image id="tex0">
            <init_from>ECE.png</init_from>
        </image>
        <image id="tex1">
            <init_from>elefpantcannon.0.png</init_from>
        </image>
        <image id="tex2">
            <init_from>elefpantcannon.1.png</init_from>
        </image>
        <image id="tex3">
            <init_from>elefpantcannon.2.png</init_from>
        </image>
        <image id="tex4">
            <init_from>elefpantcannon.3.png</init_from>
        </image>
        <image id="tex5">
            <init_from>elefpantcannon.4.png</init_from>
        </image>
        <image id="tex6">
            <init_from>elefpantcannon.0.png</init_from>
        </image>
        <image id="tex7">
            <init_from>HighLightE.png</init_from>
        </image>
        <image id="tex8">
            <init_from>ElefphantCannonDirty.png</init_from>
        </image>
        <image id="tex9">
            <init_from>ECE.png</init_from>
        </image>
    </library_images>
    <library_effects>
        <effect id="effect0">
            <profile_COMMON>
                <newparam sid="surface0">
                    <surface type="2D">
                        <init_from>tex6</init_from>
                    </surface>
                </newparam>
                <newparam sid="sampler0">
                    <sampler2D>
                        <source>surface0</source>
                    </sampler2D>
                </newparam>
                <technique sid="COMMON">
                    <blinn>
                        <diffuse>
                            <texture texture="sampler0" texcoord="UVSET0"></texture>
                        </diffuse>
                    </blinn>
                </technique>
            </profile_COMMON>
        </effect>
        <effect id="effect1">
            <profile_COMMON>
                <newparam sid="surface1">
                    <surface type="2D">
                        <init_from>tex6</init_from>
                    </surface>
                </newparam>
                <newparam sid="sampler1">
                    <sampler2D>
                        <source>surface1</source>
                    </sampler2D>
                </newparam>
                <technique sid="COMMON">
                    <blinn>
                        <diffuse>
                            <texture texture="sampler1" texcoord="UVSET0"></texture>
                        </diffuse>
                    </blinn>
                </technique>
            </profile_COMMON>
        </effect>
        <effect id="effect2">
            <profile_COMMON>
                <newparam sid="surface2">
                    <surface type="2D">
                        <init_from>tex6</init_from>
                    </surface>
                </newparam>
                <newparam sid="sampler2">
                    <sampler2D>
                        <source>surface2</source>
                    </sampler2D>
                </newparam>
                <technique sid="COMMON">
                    <blinn>
                        <diffuse>
                            <texture texture="sampler2" texcoord="UVSET0"></texture>
                        </diffuse>
                    </blinn>
                </technique>
            </profile_COMMON>
        </effect>
        <effect id="effect3">
            <profile_COMMON>
                <newparam sid="surface3">
                    <surface type="2D">
                        <init_from>tex9</init_from>
                    </surface>
                </newparam>
                <newparam sid="sampler3">
                    <sampler2D>
                        <source>surface3</source>
                    </sampler2D>
                </newparam>
                <technique sid="COMMON">
                    <blinn>
                        <diffuse>
                            <texture texture="sampler3" texcoord="UVSET0"></texture>
                        </diffuse>
                    </blinn>
                </technique>
            </profile_COMMON>
        </effect>
        <effect id="effect4">
            <profile_COMMON>
                <newparam sid="surface4">
                    <surface type="2D">
                        <init_from>tex6</init_from>
                    </surface>
                </newparam>
                <newparam sid="sampler4">
                    <sampler2D>
                        <source>surface4</source>
                    </sampler2D>
                </newparam>
                <technique sid="COMMON">
                    <blinn>
                        <diffuse>
                            <texture texture="sampler4" texcoord="UVSET0"></texture>
                        </diffuse>
                    </blinn>
                </technique>
            </profile_COMMON>
        </effect>
        <effect id="effect5">
            <profile_COMMON>
                <newparam sid="surface5">
                    <surface type="2D">
                        <init_from>tex6</init_from>
                    </surface>
                </newparam>
                <newparam sid="sampler5">
                    <sampler2D>
                        <source>surface5</source>
                    </sampler2D>
                </newparam>
                <technique sid="COMMON">
                    <blinn>
                        <diffuse>
                            <texture texture="sampler5" texcoord="UVSET0"></texture>
                        </diffuse>
                    </blinn>
                </technique>
            </profile_COMMON>
        </effect>
        <effect id="effect6">
            <profile_COMMON>
                <newparam sid="surface6">
                    <surface type="2D">
                        <init_from>tex6</init_from>
                    </surface>
                </newparam>
                <newparam sid="sampler6">
                    <sampler2D>
                        <source>surface6</source>
                    </sampler2D>
                </newparam>
                <technique sid="COMMON">
                    <blinn>
                        <diffuse>
                            <texture texture="sampler6" texcoord="UVSET0"></texture>
                        </diffuse>
                    </blinn>
                </technique>
            </profile_COMMON>
        </effect>
        <effect id="effect7">
            <profile_COMMON>
                <newparam sid="surface7">
                    <surface type="2D">
                        <init_from>tex9</init_from>
                    </surface>
                </newparam>
                <newparam sid="sampler7">
                    <sampler2D>
                        <source>surface7</source>
                    </sampler2D>
                </newparam>
                <technique sid="COMMON">
                    <blinn>
                        <diffuse>
                            <texture texture="sampler7" texcoord="UVSET0"></texture>
                        </diffuse>
                    </blinn>
                </technique>
            </profile_COMMON>
        </effect>
    </library_effects>
    <library_materials>
        <material id="mat0" name="Body">
            <instance_effect url="#effect0"></instance_effect>
        </material>
        <material id="mat1" name="Body_etc">
            <instance_effect url="#effect1"></instance_effect>
        </material>
        <material id="mat2" name="Eye">
            <instance_effect url="#effect2"></instance_effect>
        </material>
        <material id="mat3" name="Laser">
            <instance_effect url="#effect3"></instance_effect>
        </material>
        <material id="mat4" name="Body(2)">
            <instance_effect url="#effect4"></instance_effect>
        </material>
        <material id="mat5" name="Body(3)">
            <instance_effect url="#effect5"></instance_effect>
        </material>
        <material id="mat6" name="Body(4)">
            <instance_effect url="#effect6"></instance_effect>
        </material>
        <material id="mat7" name="Laser(2)">
            <instance_effect url="#effect7"></instance_effect>
        </material>
    </library_materials>
    <library_geometries>
        <geometry id="mesh0">
            <mesh>
                <source id="points0">
                    <float_array id="pointarray0" count="270">-0.028701045815137965 550.8333777096296 567.620425378169 18.3146603444879 544.3859029732821 564.7556140625304 17.118846350290262 544.3244192523337 571.0289660319646 25.53341584121811 536.6416718726075 555.3354229232247 27.71229045506465 533.2517299940879 561.5313951583407 24.970651294446398 525.0386295002891 544.6729845779684 27.711913408036086 519.5703528111703 549.7833626279878 18.032520528003868 514.5073605883149 539.9395760783189 17.117857675345796 508.4996848164897 540.284117858304 -0.030696610851124042 504.2742369729927 536.6583709458656 -0.032397267929326116 490.14987987960046 541.1291522387284 -21.31350227407498 495.4025583228481 545.6345283591982 -0.034335458388305776 479.4874939419215 552.7869357084023 -21.31544046453396 484.74017238516916 557.2923118288722 -0.03583162336784686 474.66125440597096 565.8970048771506 -18.324769233355564 479.1791813976656 569.7699105131333 -18.372839374071873 544.3894029193375 564.7527156053408 -0.029474100411746845 548.5531389789619 574.6520033560164 21.2502249682216 539.8727371305763 583.8033702839958 34.41390805973502 526.127597370329 572.0095117554158 34.413439105932056 509.1411259952936 557.4338295188468 21.248997399415998 495.39849790842936 545.6378909645578 21.24705920895702 484.73611197075036 557.295674434232 18.25335548604326 479.17569188586157 569.7728003292666 -18.32371415143954 517.394835179756 602.5612898572343 -29.628728204956595 505.5819565075804 592.4292831651198 -21.314213641120794 529.2065991074323 595.4577922718461 -34.47865460224442 515.4717835204517 583.6618525940214 -21.312274705269378 539.876797544995 583.800007678636 -34.47671641178543 526.1341694581308 572.004069124347 -27.77208411929896 533.2570231407843 561.5270116738943 -34.477185365588404 509.1476980830956 557.4283868877781 -27.772461166327517 519.5756459578666 549.7789791435413 -17.179017061553136 508.502956699621 540.2814082699175 -18.092479194871004 514.5108068725058 539.9367220608477 -0.030015482510933802 510.1646450314614 535.1497113200479 -10.039243649983336 508.4335011944493 550.9772948752991 -0.03145206080339447 506.48693398958994 548.892427820491 -0.03572704784275182 478.8883606629304 569.6776469932926 9.976381196471127 508.43159172643516 550.9788761886126 14.925312232613196 482.5748884073886 572.84236111479 16.63269731911823 514.4162507391629 557.369166344037 24.167766211864635 492.2314487034632 581.1307649820168 17.59373391973347 523.347217219533 566.899207931976 24.168095521715315 504.1704226821167 591.3790480810823 11.117239768513517 529.5753547863555 573.5540507102285 14.926175388158079 513.8365588665689 599.6659904862483 -0.03117268261883168 531.8111359978506 575.9356610763361 -0.03466010184677924 517.5259411241005 602.828340661614 -14.995699382302728 513.8394133796423 599.6636265401164 18.254410567959287 517.3913456679518 602.5641796733676 -0.034527787420862883 521.9014601597628 606.437086432886 21.248286032370185 529.2025386930138 595.4611548772058 -0.0328189737754689 534.4552171362611 599.9665309976758 -0.030880166205371228 545.1176019503454 588.3009350281067 -17.17802838660867 544.3276911354649 571.0262564435781 -25.591583766587508 536.6465491398536 555.3313838465957 -25.029348321989414 525.043399443806 544.6690343807765 -16.20945214807771 592.7752327335237 532.8396772053602 -27.63923788608354 587.0880142092144 527.2145922248744 -33.420735795940196 576.5715656104508 517.6531478914585 -33.608521413861084 565.2263831057348 507.5688270882117 -26.406989765358105 547.3036088432249 506.09541107486973 -16.90031266718969 536.6388540740834 507.5898833360558 29.558368794167887 490.9807580581531 579.9048081449173 29.558771340999296 505.5763100869424 592.4339592110457 -0.025633450474111356 533.4575882261557 507.8104238038002 16.849687073904473 536.6356343622093 507.5925497191606 26.35863482986181 547.298575062207 506.09957976734415 33.5633530708444 565.2199749847413 507.5741339312518 33.37613869164202 576.5651932640337 517.6584251080199 27.595136690197897 587.0827449122355 527.2189559583351 -34.47912355604739 498.4853121454165 569.0861703574523 -29.629130751788004 490.9864044787914 579.9001320989912 34.411969869276035 515.4652114326498 583.66729522509 34.41150091547308 498.47874005761446 569.0916129885208 -16.69542742521226 514.4194302046385 557.3665332907211 -0.03129928847732747 520.3406243719367 563.6873105920364 -14.996562537847607 482.577742920462 572.8399971686581 16.165547603564473 592.7721441950966 532.842234958042 -0.021936360527518406 595.7351113131863 536.2155302161376 -17.656265809853775 523.3505800297124 566.8964230429557 -11.179635060440825 529.5774818830428 573.552289169168 -0.023883624809278747 563.7330983077909 522.2201324079057 -25.943914966515372 587.9864270435078 528.1677219417816 25.899830908814348 587.9424187089054 528.1718234201749 33.85270118798617 576.5651478005095 517.6584627583368 -24.238483416797276 492.2360666050306 581.1269406973603 -24.238154106946595 504.17504058368394 591.3752237964258 -33.89729829228435 576.571611073975 517.6531102411415</float_array>
                    <technique_common>
                        <accessor count="90" source="#pointarray0" stride="3">
                            <param name="X" type="float"/>
                            <param name="Y" type="float"/>
                            <param name="Z" type="float"/>
                        </accessor>
                    </technique_common>
                </source>
                <source id="uvs0">
                    <float_array id="uvarray0" count="164">0.87115478515625 0.98876953125 0.86279296875 0.92047119140625 0.83782958984375 0.921630859375 0.8702392578125 0.88616943359375 0.837158203125 0.8865966796875 0.86932373046875 0.846435546875 0.83648681640625 0.8448486328125 0.85833740234375 0.8184814453125 0.8284912109375 0.816650390625 0.818603515625 0.775634765625 0.7838134765625 0.775634765625 0.78875732421875 0.81414794921875 0.73089599609375 0.775634765625 0.73333740234375 0.81292724609375 0.72198486328125 0.775634765625 0.72198486328125 0.81170654296875 0.83782958984375 0.98876953125 0.79339599609375 0.9237060546875 0.7930908203125 0.88714599609375 0.79278564453125 0.8427734375 0.72198486328125 0.92584228515625 0.72198486328125 0.8876953125 0.73565673828125 0.9248046875 0.73553466796875 0.88739013671875 0.85614013671875 0.775634765625 0.6641845703125 0.81170654296875 0.6641845703125 0.775634765625 0.68878173828125 0.775634765625 0.68878173828125 0.81170654296875 0.6641845703125 0.8406982421875 0.68878173828125 0.84063720703125 0.6641845703125 0.8876953125 0.68878173828125 0.8876953125 0.6641845703125 0.92584228515625 0.68878173828125 0.92584228515625 0.6641845703125 0.98876953125 0.68878173828125 0.98876953125 0.72198486328125 0.98876953125 0.73565673828125 0.98876953125 0.79339599609375 0.98876953125 0.9893798828125 0.9447021484375 0.9893798828125 0.90911865234375 0.98736572265625 0.88323974609375 0.98541259765625 0.857421875 0.96136474609375 0.8314208984375 0.9398193359375 0.808837890625 0.7178955078125 0.81170654296875 0.7178955078125 0.84063720703125 0.7178955078125 0.8876953125 0.7178955078125 0.92584228515625 0.7178955078125 0.98876953125 0.93157958984375 0.775634765625 0.7353515625 0.84173583984375 0.72198486328125 0.84063720703125 0.63043212890625 0.8292236328125 0.63525390625 0.83526611328125 0.62322998046875 0.8272705078125 0.62322998046875 0.8411865234375 0.63592529296875 0.84423828125 0.7178955078125 0.775634765625 0.9893798828125 0.98876953125 0.6312255859375 0.8504638671875 0.62322998046875 0.85272216796875 0.6307373046875 0.8509521484375 0.63665771484375 0.8480224609375 0.6278076171875 0.83843994140625 0.63958740234375 0.84490966796875 0.6409912109375 0.8392333984375 0.6158447265625 0.84478759765625 0.61981201171875 0.8492431640625 0.6240234375 0.850830078125 0.625 0.83154296875 0.6295166015625 0.8349609375 0.6365966796875 0.82830810546875 0.634033203125 0.83837890625 0.61676025390625 0.83099365234375 0.61517333984375 0.83306884765625 0.615478515625 0.83892822265625 0.63201904296875 0.825927734375 0.62481689453125 0.825927734375 0.6182861328125 0.8289794921875 0.6387939453125 0.83380126953125</float_array>
                    <technique_common>
                        <accessor count="82" source="#uvarray0" stride="2">
                            <param name="S" type="float"/>
                            <param name="T" type="float"/>
                        </accessor>
                    </technique_common>
                </source>
                <vertices id="vertices0">
                    <input semantic="POSITION" source="#points0"/>
                </vertices>
                <polylist count="171" material="Material1">
                    <input offset="0" semantic="VERTEX" source="#vertices0"/>
                    <input offset="1" semantic="TEXCOORD" source="#uvs0" set="0"/>
                    <vcount>3 3 3 3 3 3 3 3 3 3 3 3 3 3 3 3 3 3 3 3 3 3 3 3 3 3 3 3 3 3 3 3 3 3 3 3 3 3 3 3 3 3 3 3 3 3 3 3 3 3 3 3 3 3 3 3 3 3 3 3 3 3 3 3 3 3 3 3 3 3 3 3 3 3 3 3 3 3 3 3 3 3 3 3 3 3 3 3 3 3 3 3 3 3 3 3 3 3 3 3 3 3 3 3 3 3 3 3 3 3 3 3 3 3 3 3 3 3 3 3 3 3 3 3 3 3 3 3 3 3 3 3 3 3 3 3 3 3 3 3 3 3 3 3 3 3 3 3 3 3 3 3 3 3 3 3 3 3 3 3 3 3 3 3 3 3 3 3 3 3 3</vcount>
                    <p>2 2 1 1 0 0 3 3 1 1 2 2 4 4 3 3 2 2 5 5 3 3 4 4 6 6 5 5 4 4 7 7 5 5 6 6 8 8 7 7 6 6 9 9 7 7 8 8 10 10 9 9 8 8 11 11 9 9 10 10 12 12 11 11 10 10 13 13 11 11 12 12 14 14 13 13 12 12 15 15 13 13 14 14 17 16 0 0 16 1 2 2 0 0 17 16 18 17 2 2 17 16 4 4 2 2 18 17 19 18 4 4 18 17 6 6 4 4 19 18 20 19 6 6 19 18 8 8 6 6 20 19 21 11 8 8 20 19 10 10 8 8 21 11 22 13 10 10 21 11 12 12 10 10 22 13 23 15 12 12 22 13 14 14 12 12 23 15 26 22 25 21 24 20 27 23 25 21 26 22 28 17 27 23 26 22 29 18 27 23 28 17 30 4 29 18 28 17 31 19 29 18 30 4 32 6 31 19 30 4 33 8 31 19 32 6 34 7 33 8 32 6 9 9 33 8 34 7 35 24 9 9 34 7 7 7 9 9 35 24 38 27 37 26 36 25 39 25 37 26 38 27 40 28 39 25 38 27 41 29 39 25 40 28 42 30 41 29 40 28 43 31 41 29 42 30 44 32 43 31 42 30 45 33 43 31 44 32 46 34 45 33 44 32 47 35 45 33 46 34 48 36 47 35 46 34 49 34 47 35 48 36 52 22 51 37 50 20 53 38 51 37 52 22 18 17 53 38 52 22 54 39 53 38 18 17 17 16 54 39 18 17 55 2 54 39 17 16 16 1 55 2 17 16 30 4 55 2 16 1 56 3 30 4 16 1 57 5 30 4 56 3 59 41 16 1 58 40 56 3 16 1 59 41 60 42 56 3 59 41 57 5 56 3 60 42 61 43 57 5 60 42 34 7 57 5 61 43 62 44 34 7 61 43 63 45 34 7 62 44 64 47 42 30 23 46 44 32 42 30 64 47 65 48 44 32 64 47 46 34 44 32 65 48 50 49 46 34 65 48 48 36 46 34 50 49 51 50 48 36 50 49 24 49 48 36 51 50 67 45 35 24 66 51 7 7 35 24 67 45 68 44 7 7 67 45 5 5 7 7 68 44 69 43 5 5 68 44 3 3 5 5 69 43 70 42 3 3 69 43 71 41 3 3 70 42 53 38 24 20 51 37 26 22 24 20 53 38 54 39 26 22 53 38 28 17 26 22 54 39 55 2 28 17 54 39 30 4 28 17 55 2 11 11 33 8 9 9 31 19 33 8 11 11 13 13 31 19 11 11 72 52 31 19 13 13 73 53 72 52 13 13 25 21 72 52 73 53 74 23 50 20 65 21 52 22 50 20 74 23 19 18 52 22 74 23 18 17 52 22 19 18 75 52 65 21 64 53 74 23 65 21 75 52 20 19 74 23 75 52 19 18 74 23 20 19 37 56 76 55 36 54 77 57 76 55 37 56 41 55 77 57 37 56 43 58 77 57 41 55 22 13 64 53 23 15 75 52 64 53 22 13 21 11 75 52 22 13 20 19 75 52 21 11 40 28 23 46 42 30 14 59 23 46 40 28 38 27 14 59 40 28 78 28 14 59 38 27 72 52 29 18 31 19 27 23 29 18 72 52 25 21 27 23 72 52 1 1 79 40 0 0 71 41 79 40 1 1 3 3 71 41 1 1 0 0 58 40 16 1 80 60 58 40 0 0 79 40 80 60 0 0 77 57 81 58 76 55 82 61 81 58 77 57 47 62 82 61 77 57 83 65 63 64 66 63 62 66 63 64 83 65 61 67 62 66 83 65 83 65 68 69 69 68 67 70 68 69 83 65 66 63 67 70 83 65 84 72 83 65 58 71 59 73 83 65 84 72 84 74 59 73 84 72 83 65 71 76 85 75 86 77 71 76 83 65 69 68 86 77 83 65 83 65 80 79 58 78 79 80 80 79 83 65 85 75 79 80 83 65 78 28 15 46 14 59 87 30 15 46 78 28 87 30 73 47 15 46 88 32 73 47 87 30 88 32 25 48 73 47 49 34 25 48 88 32 49 34 24 49 25 48 48 36 24 49 49 34 32 6 57 5 34 7 30 4 57 5 32 6 82 33 49 34 88 32 47 35 49 34 82 33 81 31 88 32 87 30 82 33 88 32 81 31 76 29 87 30 78 28 81 31 87 30 76 29 36 25 78 28 38 27 76 29 78 28 36 25 63 45 35 24 34 7 66 51 35 24 63 45 77 57 45 61 47 62 43 58 45 61 77 57 83 65 89 81 61 67 59 73 89 81 83 65 73 53 13 13 15 15 41 55 37 56 39 54</p>
                </polylist>
            </mesh>
        </geometry>
        <geometry id="mesh1">
            <mesh>
                <source id="points1">
                    <float_array id="pointarray1" count="363">-14.603719068297785 494.73926282123136 618.5188606534443 -11.822630366090898 483.25828265214363 607.0409286449947 -23.611654799275684 485.9662115803299 609.7469514605293 -11.822706431515678 477.8438475737259 601.6277912147871 -23.611806930125248 475.13734142349483 598.920676600114 -7.314955573073289 473.45677815792357 597.24225391134 -14.604117713217867 466.3632030633207 590.1496016314578 -0.03372911232359071 471.78228385717273 595.5689373582969 -0.03385229174106956 463.01421399038844 586.8029688871342 7.2475443848010235 473.4558994110354 597.2429282365864 14.53650720248556 466.3614446266828 590.1509510054755 11.755418500278674 477.8424247957706 601.6288830139252 23.544442933463458 475.1344958675843 598.9228601983905 11.755494565703456 483.2568598741883 607.0420204441328 23.54459506431302 485.9633660244193 609.7491350588058 7.247743707261065 487.64392928999064 611.4275577475796 14.536905847405642 494.73750438459354 618.5202100274621 -0.03348275348863302 489.31842359074153 613.1008743006226 -0.03335957407115418 498.08649345752565 621.8668427717856 -7.3147562506132475 487.6448080368789 611.4268834223333 9.360484969981373 505.1055638906355 561.4861459813532 -0.030170351406020573 502.9458814527644 559.3259797804021 -0.03001154542734275 514.2498959123993 570.6272850683665 -9.420764975689147 505.1066972101201 561.4852763043723 -15.233185555885694 510.7590551844037 567.1356597970757 9.36074188483446 523.3930946146785 579.7692938323609 15.173162465031007 517.7407366403949 574.1189103396574 15.173064356156596 510.7572203759869 567.137067776614 -0.029852739448664928 525.5539103720342 581.9285903563308 -9.420508060836058 523.3942279341632 579.76842415538 -15.23308744701128 517.7425714488118 574.1175023601193 -36.836691182475064 488.2338896419307 579.7437473828535 -22.78219605999158 474.5422556968988 566.0568935485853 -33.53613752748898 523.380600011217 546.1023970860538 -20.73162509262454 510.92110172213006 533.6472503156439 -36.836453672067066 505.1401869276017 596.6459928281959 -33.53592128435282 538.7730654484326 561.4911734947872 -22.781573875863973 518.8301246648527 610.3341482838352 -20.731058793298818 551.2310183875732 573.9475061225783 -0.031500515253811506 524.0553391893543 615.5605364391889 -0.027866946661103113 555.992261991634 578.7098162878605 14.537691769860432 502.1059995951133 611.1499484153823 23.545380986767814 493.3318612349392 602.3788734467261 -0.03257365161636349 505.45498866804564 614.4965811597059 19.639924377449084 499.99335561926625 593.925758447305 19.639797394760368 490.95456399856107 584.8891331046319 19.63915554026505 492.78504508723586 601.1357969808615 19.639028557576335 483.7462534665306 592.0991716381882 12.123300813375929 476.4316946932797 584.7855644822878 12.124069650559962 483.64000522531 577.5755259487314 -0.03298834843816343 473.6423366939907 581.9955787204387 -0.03221951125412906 480.85064722602107 574.7855401868826 -12.189199116294063 476.433161785724 584.7844386774773 -12.18843027911003 483.6414723177543 577.5744001439209 -19.704721328611992 483.7486275917072 592.097349802383 -19.70395249142796 490.9569381237376 584.8873112688268 23.545228855918253 482.5029910781043 591.5525985863105 14.53729312494035 473.72993983720283 582.7806893933957 -0.03306636928627887 470.38270920090827 579.4327072750543 -14.603331790763077 473.7316982738407 582.779340019378 -23.611021007670455 482.5058366340148 591.5504149880339 -23.61086887682089 493.33470679084985 602.3766898484496 -14.602933145842995 502.1077580317512 611.1485990413646 21.55161038146429 542.3624769779431 531.745090271208 15.074901125906093 532.7163625917417 522.3436359229802 21.550542342564796 532.7183565705316 542.242362424163 13.308242087772488 524.6911251861391 534.2161759830294 -0.027738373900300303 521.63111661897 531.1554787235368 -0.026738236552377646 529.3913418726247 519.6695877018076 21.551749627762305 552.2742081316994 541.6544459342617 21.55068158886282 542.6300877242878 552.1517180872166 13.30967485262203 560.2969093011873 549.6743454469582 13.30860689134032 550.6583138275292 560.1771412095359 -0.031808602724744686 510.0996465169827 604.0275295292495 -12.188097764538838 507.31028851769383 601.2375437674006 -19.703825508739243 499.99572974444277 593.9239366115 -0.03257743990877906 502.89133598495243 611.2375680628056 -12.188866601722872 500.10197798566344 608.4475823009568 -19.704594345923276 492.7874192124124 601.1339751450564 9.495764293617658 544.2226488690613 559.1888913379207 15.378496286961878 538.4929375793524 553.4611805663623 9.636098427463445 541.6155297544104 562.0728801600795 15.612579178651988 535.7974138674768 556.2567959757082 -0.027642442192376604 546.411097309507 561.3757997600421 -0.027932842233111776 543.8371362831303 564.2929237282124 15.612478275537478 528.6149999879433 549.0761034662489 15.37839678096742 531.4099725073817 546.3799130301109 9.635834061303438 522.7976053900328 543.2594657852964 9.495503808346667 525.680971192358 540.6516574442707 -0.02825961308855343 520.5771651809489 541.0385272168097 -0.027964400745434086 523.493672100042 538.4638670452445 -9.69229088278511 522.7987717096687 543.2585707849425 -9.551371136555465 525.6821205404876 540.6507754673657 -15.668771633973652 528.6168875966024 549.074654969314 -15.434103129899688 531.4118318301967 546.3784862389242 -15.668670730859144 535.799301476136 556.2553474787732 -15.434003623905229 538.4947969021673 553.4597537751756 -9.692026516625102 541.6166960740463 562.0719851597257 -9.551110651284478 544.223798217191 559.1880093610158 20.675191086923217 551.2285198046828 573.9494234636758 33.47970352178766 538.769021515596 561.4942766932656 22.71842599251585 518.8273790522578 610.3362551884677 36.772921114999335 505.1357451072257 596.6494013541999 36.772683604591336 488.22944782155474 579.7471559088575 33.4794872786515 523.3765560783804 546.1055002845321 22.71780380838825 474.53951008430386 566.0590004532178 20.67462478759749 510.91860313923974 533.6491676567414 -0.03226955222191506 469.3142955598024 560.8326122978643 -0.028567059040220402 506.1573595351789 528.8868574914588 12.124402165131153 507.30882142524956 601.238669572211 12.12363332794712 500.10051089321917 608.4487081057673 -0.026219530932307257 563.3640522666358 552.7393312589967 -0.027287569831795498 553.7199318592242 563.2366034119515 -13.363632835072417 524.692734650665 534.2149409259526 -15.128223786723787 532.7181851429593 522.3422373492664 -21.605707532594916 532.7209607539064 542.2403640482718 -21.604639493695426 542.3650811613179 531.7430918953169 -21.605568286296894 542.6326919076625 552.1497197113255 -21.604500247397404 552.2768123150742 541.6524475583706 -13.363268031504584 550.6599232920552 560.175906152459 -13.362200070222876 560.2985187657132 549.6731103898815</float_array>
                    <technique_common>
                        <accessor count="121" source="#pointarray1" stride="3">
                            <param name="X" type="float"/>
                            <param name="Y" type="float"/>
                            <param name="Z" type="float"/>
                        </accessor>
                    </technique_common>
                </source>
                <source id="uvs1">
                    <float_array id="uvarray1" count="398">0.3583984375 0.21075439453125 0.35968017578125 0.50787353515625 0.35430908203125 0.21075439453125 0.3616943359375 0.50787353515625 0.364990234375 0.50787353515625 0.364990234375 0.21075439453125 0.3682861328125 0.50787353515625 0.37158203125 0.21075439453125 0.370361328125 0.50787353515625 0.37567138671875 0.21075439453125 0.3695068359375 0.2908935546875 0.36639404296875 0.2908935546875 0.3658447265625 0.2908935546875 0.36334228515625 0.2908935546875 0.36016845703125 0.2908935546875 0.36016845703125 0.50787353515625 0.35687255859375 0.50787353515625 0.3797607421875 0.2908935546875 0.3760986328125 0.2908935546875 0.3726806640625 0.2908935546875 0.3695068359375 0.50787353515625 0.36639404296875 0.50787353515625 0.36334228515625 0.50787353515625 0.34954833984375 0.2908935546875 0.35333251953125 0.2908935546875 0.35687255859375 0.2908935546875 0.35333251953125 0.50787353515625 0.3760986328125 0.50787353515625 0.3726806640625 0.50787353515625 0.39984130859375 0.2908935546875 0.383544921875 0.2908935546875 0.3797607421875 0.50787353515625 -0.63067626953125 2.919189453125 -0.62042236328125 2.919189453125 -0.63067626953125 -0.0545654296875 -0.62042236328125 -0.0545654296875 -0.64093017578125 2.919189453125 -0.64093017578125 -0.0545654296875 -0.65118408203125 2.919189453125 -0.65118408203125 -0.0545654296875 -0.66143798828125 2.919189453125 -0.66143798828125 -0.0545654296875 0.53912353515625 0.50531005859375 0.51593017578125 0.50531005859375 0.53912353515625 0.58172607421875 0.51593017578125 0.58172607421875 0.56231689453125 0.50531005859375 0.56231689453125 0.58172607421875 0.4149169921875 0.28277587890625 0.4073486328125 0.28277587890625 0.4149169921875 0.3216552734375 0.4073486328125 0.3216552734375 0.3997802734375 0.3216552734375 0.3997802734375 0.28277587890625 0.3922119140625 0.3216552734375 0.3922119140625 0.28277587890625 0.38458251953125 0.3216552734375 0.38458251953125 0.28277587890625 0.37701416015625 0.3216552734375 0.37701416015625 0.28277587890625 0.4927978515625 0.58172607421875 0.4927978515625 0.50531005859375 0.4696044921875 0.58172607421875 0.4696044921875 0.50531005859375 0.4464111328125 0.58172607421875 0.4464111328125 0.50531005859375 0.4232177734375 0.58172607421875 0.4232177734375 0.50531005859375 0.4000244140625 0.58172607421875 0.4000244140625 0.50531005859375 0.3768310546875 0.58172607421875 0.3768310546875 0.50531005859375 0.3536376953125 0.58172607421875 0.3536376953125 0.50531005859375 0.33050537109375 0.58172607421875 0.33050537109375 0.50531005859375 0.46771240234375 0.50396728515625 0.45587158203125 0.50555419921875 0.46820068359375 0.57861328125 0.45611572265625 0.57861328125 0.4437255859375 0.57861328125 0.4437255859375 0.5096435546875 0.47943115234375 0.50396728515625 0.47991943359375 0.57861328125 0.490966796875 0.50396728515625 0.4912109375 0.57861328125 0.35430908203125 0.28277587890625 0.36187744140625 0.28277587890625 0.35430908203125 0.27850341796875 0.36187744140625 0.27850341796875 0.36944580078125 0.28277587890625 0.36944580078125 0.27850341796875 0.34954833984375 0.50787353515625 0.37701416015625 0.27850341796875 0.35430908203125 0.32586669921875 0.36187744140625 0.32586669921875 0.35430908203125 0.3216552734375 0.36187744140625 0.3216552734375 0.36944580078125 0.32586669921875 0.36944580078125 0.3216552734375 0.4774169921875 0.6885986328125 0.46478271484375 0.6885986328125 0.4774169921875 0.8116455078125 0.46478271484375 0.8116455078125 0.49005126953125 0.6885986328125 0.49005126953125 0.8116455078125 0.45208740234375 0.8116455078125 0.45208740234375 0.6885986328125 0.439453125 0.8116455078125 0.439453125 0.6885986328125 0.42681884765625 0.8116455078125 0.42681884765625 0.6885986328125 0.4141845703125 0.8116455078125 0.4141845703125 0.6885986328125 0.4014892578125 0.8116455078125 0.4014892578125 0.6885986328125 0.38885498046875 0.8116455078125 0.38885498046875 0.6885986328125 0.376220703125 0.8116455078125 0.376220703125 0.6885986328125 0.363525390625 0.8116455078125 0.363525390625 0.6885986328125 -0.5692138671875 -0.0545654296875 -0.5794677734375 -0.0545654296875 -0.5692138671875 2.919189453125 -0.5794677734375 2.919189453125 -0.5589599609375 -0.0545654296875 -0.5589599609375 2.919189453125 -0.58966064453125 2.919189453125 -0.58966064453125 -0.0545654296875 -0.59991455078125 2.919189453125 -0.59991455078125 -0.0545654296875 -0.61016845703125 2.919189453125 -0.61016845703125 -0.0545654296875 0.38525390625 0.58221435546875 0.404541015625 0.58221435546875 0.38525390625 0.50543212890625 0.404541015625 0.50543212890625 0.36590576171875 0.58221435546875 0.36590576171875 0.50543212890625 0.3465576171875 0.58221435546875 0.3465576171875 0.50543212890625 0.4224853515625 0.28277587890625 0.4224853515625 0.3216552734375 0.4300537109375 0.28277587890625 0.4300537109375 0.3216552734375 0.4149169921875 0.27850341796875 0.4073486328125 0.27850341796875 0.4073486328125 0.32586669921875 0.4149169921875 0.32586669921875 0.3997802734375 0.27850341796875 0.3997802734375 0.32586669921875 0.3922119140625 0.27850341796875 0.3922119140625 0.32586669921875 0.38458251953125 0.27850341796875 0.38458251953125 0.32586669921875 0.4224853515625 0.32586669921875 0.4224853515625 0.27850341796875 0.4300537109375 0.32586669921875 0.4300537109375 0.27850341796875 0.37701416015625 0.32586669921875 0.50238037109375 0.50396728515625 0.50238037109375 0.57861328125 0.43133544921875 0.57861328125 0.4315185546875 0.50555419921875 0.419189453125 0.57861328125 0.419677734375 0.50396728515625 0.40753173828125 0.57861328125 0.407958984375 0.50396728515625 0.39617919921875 0.57861328125 0.396484375 0.50396728515625 0.38507080078125 0.57861328125 0.38507080078125 0.50396728515625 0.491455078125 0.50836181640625 0.48028564453125 0.50836181640625 0.501220703125 0.58221435546875 0.52056884765625 0.58221435546875 0.501220703125 0.50543212890625 0.52056884765625 0.50543212890625 0.50238037109375 0.50836181640625 0.5399169921875 0.50543212890625 0.5399169921875 0.58221435546875 0.4686279296875 0.50836181640625 0.4564208984375 0.50836181640625 0.4437255859375 0.50836181640625 0.4310302734375 0.50836181640625 0.41876220703125 0.50836181640625 0.4071044921875 0.50836181640625 0.39599609375 0.50836181640625 0.38507080078125 0.50836181640625 0.48187255859375 0.58221435546875 0.48187255859375 0.50543212890625 0.46258544921875 0.58221435546875 0.46258544921875 0.50543212890625 0.4432373046875 0.58221435546875 0.4432373046875 0.50543212890625 0.42388916015625 0.58221435546875 0.42388916015625 0.50543212890625 0.383544921875 0.50787353515625</float_array>
                    <technique_common>
                        <accessor count="199" source="#uvarray1" stride="2">
                            <param name="S" type="float"/>
                            <param name="T" type="float"/>
                        </accessor>
                    </technique_common>
                </source>
                <vertices id="vertices1">
                    <input semantic="POSITION" source="#points1"/>
                </vertices>
                <polylist count="230" material="Material1">
                    <input offset="0" semantic="VERTEX" source="#vertices1"/>
                    <input offset="1" semantic="TEXCOORD" source="#uvs1" set="0"/>
                    <vcount>3 3 3 3 3 3 3 3 3 3 3 3 3 3 3 3 3 3 3 3 3 3 3 3 3 3 3 3 3 3 3 3 3 3 3 3 3 3 3 3 3 3 3 3 3 3 3 3 3 3 3 3 3 3 3 3 3 3 3 3 3 3 3 3 3 3 3 3 3 3 3 3 3 3 3 3 3 3 3 3 3 3 3 3 3 3 3 3 3 3 3 3 3 3 3 3 3 3 3 3 3 3 3 3 3 3 3 3 3 3 3 3 3 3 3 3 3 3 3 3 3 3 3 3 3 3 3 3 3 3 3 3 3 3 3 3 3 3 3 3 3 3 3 3 3 3 3 3 3 3 3 3 3 3 3 3 3 3 3 3 3 3 3 3 3 3 3 3 3 3 3 3 3 3 3 3 3 3 3 3 3 3 3 3 3 3 3 3 3 3 3 3 3 3 3 3 3 3 3 3 3 3 3 3 3 3 3 3 3 3 3 3 3 3 3 3 3 3 3 3 3 3 3 3 3 3 3 3 3 3</vcount>
                    <p>2 2 1 1 0 0 3 1 1 1 2 2 4 2 3 1 2 2 5 3 3 1 4 2 6 0 5 3 4 2 7 4 5 3 6 0 8 5 7 4 6 0 9 6 7 4 8 5 10 7 9 6 8 5 11 8 9 6 10 7 12 9 11 8 10 7 13 8 11 8 12 9 14 9 13 8 12 9 15 6 13 8 14 9 16 7 15 6 14 9 17 4 15 6 16 7 18 5 17 4 16 7 19 3 17 4 18 5 0 0 19 3 18 5 1 1 19 3 0 0 22 12 21 11 20 10 23 13 21 11 22 12 24 14 23 13 22 12 3 15 23 13 24 14 1 16 3 15 24 14 22 12 26 18 25 17 27 19 26 18 22 12 20 10 27 19 22 12 9 20 27 19 20 10 7 21 9 20 20 10 21 11 7 21 20 10 5 22 7 21 21 11 23 13 5 22 21 11 3 15 5 22 23 13 29 24 22 12 28 23 30 25 22 12 29 24 19 26 30 25 29 24 1 16 30 25 19 26 26 18 13 27 25 17 11 28 13 27 26 18 27 19 11 28 26 18 9 20 11 28 27 19 25 17 28 30 22 29 15 31 28 30 25 17 13 27 15 31 25 17 33 34 32 33 31 32 34 35 32 33 33 34 36 37 31 32 35 36 33 34 31 32 36 37 38 39 35 36 37 38 36 37 35 36 38 39 40 41 37 38 39 40 38 39 37 38 40 41 16 44 42 43 41 42 14 45 42 43 16 44 18 47 41 42 43 46 16 44 41 42 18 47 46 50 45 49 44 48 47 51 45 49 46 50 49 53 47 51 48 52 45 49 47 51 49 53 51 55 48 52 50 54 49 53 48 52 51 55 53 57 50 54 52 56 51 55 50 54 53 57 55 59 52 56 54 58 53 57 52 56 55 59 56 61 14 45 12 60 42 43 14 45 56 61 57 63 12 60 10 62 56 61 12 60 57 63 58 65 10 62 8 64 57 63 10 62 58 65 59 67 8 64 6 66 58 65 8 64 59 67 60 69 6 66 4 68 59 67 6 66 60 69 61 71 4 68 2 70 60 69 4 68 61 71 62 73 2 70 0 72 61 71 2 70 62 73 43 75 0 72 18 74 62 73 0 72 43 75 65 78 64 77 63 76 66 79 64 77 65 78 68 81 66 79 67 80 64 77 66 79 68 81 70 83 63 76 69 82 65 78 63 76 70 83 72 85 69 82 71 84 70 83 69 82 72 85 39 88 74 87 73 86 37 89 74 87 39 88 30 25 24 14 22 12 1 16 24 14 30 25 37 89 75 90 74 87 35 91 75 90 37 89 29 24 17 92 19 26 28 23 17 92 29 24 35 91 55 59 75 90 31 93 55 59 35 91 76 96 62 95 43 94 77 97 62 95 76 96 77 97 61 98 62 95 78 99 61 98 77 97 81 102 80 101 79 100 82 103 80 101 81 102 84 105 79 100 83 104 81 102 79 100 84 105 86 107 82 103 85 106 80 101 82 103 86 107 88 109 85 106 87 108 86 107 85 106 88 109 90 111 87 108 89 110 88 109 87 108 90 111 92 113 89 110 91 112 90 111 89 110 92 113 94 115 91 112 93 114 92 113 91 112 94 115 96 117 93 114 95 116 94 115 93 114 96 117 98 119 95 116 97 118 96 117 95 116 98 119 83 121 97 118 84 120 98 119 97 118 83 121 101 124 100 123 99 122 102 125 100 123 101 124 39 127 99 122 40 126 101 124 99 122 39 127 104 129 102 125 103 128 100 123 102 125 104 129 106 131 103 128 105 130 104 129 103 128 106 131 108 133 105 130 107 132 106 131 105 130 108 133 34 35 107 132 32 33 108 133 107 132 34 35 95 136 33 135 36 134 93 137 33 135 95 136 97 139 36 134 38 138 95 136 36 134 97 139 84 141 38 138 40 140 97 139 38 138 84 141 75 90 54 58 78 99 55 59 54 58 75 90 74 87 78 99 77 97 75 90 78 99 74 87 73 86 77 97 76 96 74 87 77 97 73 86 110 143 44 48 109 142 46 50 44 48 110 143 76 145 109 142 73 144 110 143 109 142 76 145 44 48 103 147 102 146 45 49 103 147 44 48 47 51 42 149 56 148 46 50 42 149 47 51 105 150 45 49 49 53 103 147 45 49 105 150 48 52 56 148 57 151 47 51 56 148 48 52 107 152 49 53 51 55 105 150 49 53 107 152 50 54 57 151 58 153 48 52 57 151 50 54 32 154 51 55 53 57 107 152 51 55 32 154 52 56 58 153 59 155 50 54 58 153 52 56 31 93 53 57 55 59 32 154 53 57 31 93 41 156 46 50 110 143 42 149 46 50 41 156 109 142 102 146 101 157 44 48 102 146 109 142 43 158 110 143 76 145 41 156 110 143 43 158 73 144 101 157 39 159 109 142 101 157 73 144 54 58 59 155 60 160 52 56 59 155 54 58 78 99 60 160 61 98 54 58 60 160 78 99 112 162 71 84 111 161 72 85 71 84 112 162 114 164 67 80 113 163 68 81 67 80 114 164 116 166 113 163 115 165 114 164 113 163 116 166 118 168 115 165 117 167 116 166 115 165 118 168 120 170 117 167 119 169 118 168 117 167 120 170 111 172 119 169 112 171 120 170 119 169 111 172 79 173 70 83 72 85 80 174 70 83 79 173 82 177 99 176 100 175 81 178 99 176 82 177 83 179 72 85 112 162 79 173 72 85 83 179 40 181 81 178 84 180 99 176 81 178 40 181 65 78 80 174 86 182 70 83 80 174 65 78 66 79 86 182 88 183 65 78 86 182 66 79 67 80 88 183 90 184 66 79 88 183 67 80 113 163 90 184 92 185 67 80 90 184 113 163 115 165 92 185 94 186 113 163 92 185 115 165 117 167 94 186 96 187 115 165 94 186 117 167 119 169 96 187 98 188 117 167 96 187 119 169 112 171 98 188 83 189 119 169 98 188 112 171 85 191 100 175 104 190 82 177 100 175 85 191 87 193 104 190 106 192 85 191 104 190 87 193 89 195 106 192 108 194 87 193 106 192 89 195 91 197 108 194 34 196 89 195 108 194 91 197 93 137 34 196 33 135 91 197 34 196 93 137 15 31 17 198 28 30</p>
                </polylist>
            </mesh>
        </geometry>
        <geometry id="mesh2">
            <mesh>
                <source id="points2">
                    <float_array id="pointarray2" count="75">33.561921176218675 565.2238176104912 507.58526596751983 21.55161038146429 542.3624769779431 531.745090271208 33.85120133904715 576.5663382103179 517.6657159644614 21.551749627762305 552.2742081316994 541.6544459342617 27.59358047770364 587.0750259485342 527.221156965646 13.30967485262203 560.2969093011873 549.6743454469582 16.163976026257604 592.7663894728877 532.8436543583022 -0.026219530932307257 563.3640522666358 552.7393312589967 -0.023501761906207792 595.7287810869531 536.2234041920723 -13.362200070222876 560.2985187657132 549.6731103898815 -16.21102388008958 592.7683430818495 532.8421552146214 -27.640794362517063 587.0783589638238 527.2185993049741 -16.900742199665935 536.6387586326883 507.6029283180435 -0.025943918257363332 533.4613099482201 507.8195370049601 -26.407841598263005 547.3065215522863 506.1041319897748 -0.024784605624662302 563.7305218277545 522.22873439896 -33.60995362946982 565.2278709719424 507.58215553379193 -33.42223596634754 576.5703977003686 517.6626008278213 16.849257702703717 536.6367220519173 507.6044911319193 -0.026738236552377646 529.3913418726247 519.6695877018076 -15.128223786723787 532.7181851429593 522.3422373492664 -21.604639493695426 542.3650811613179 531.7430918953169 15.074901125906093 532.7163625917417 522.3436359229802 26.357783249099178 547.3033375091087 506.1065753335056 -21.604500247397404 552.2768123150742 541.6524475583706</float_array>
                    <technique_common>
                        <accessor count="25" source="#pointarray2" stride="3">
                            <param name="X" type="float"/>
                            <param name="Y" type="float"/>
                            <param name="Z" type="float"/>
                        </accessor>
                    </technique_common>
                </source>
                <source id="uvs2">
                    <float_array id="uvarray2" count="58">0.98583984375 0.85748291015625 0.86090087890625 0.867431640625 0.9876708984375 0.88287353515625 0.859130859375 0.91650390625 0.98944091796875 0.90887451171875 0.85888671875 0.93682861328125 0.9896240234375 0.94537353515625 0.8572998046875 0.989013671875 0.98828125 0.9888916015625 0.48095703125 0.24981689453125 0.49298095703125 0.248291015625 0.47418212890625 0.25469970703125 0.49298095703125 0.27197265625 0.46905517578125 0.26495361328125 0.46917724609375 0.27630615234375 0.93988037109375 0.80902099609375 0.93231201171875 0.775390625 0.86077880859375 0.77642822265625 0.86102294921875 0.80950927734375 0.961181640625 0.83160400390625 0.51177978515625 0.25469970703125 0.51690673828125 0.26495361328125 0.51708984375 0.27630615234375 0.51263427734375 0.2869873046875 0.5045166015625 0.29296875 0.49298095703125 0.29632568359375 0.4814453125 0.29296875 0.5050048828125 0.24981689453125 0.4732666015625 0.2869873046875</float_array>
                    <technique_common>
                        <accessor count="29" source="#uvarray2" stride="2">
                            <param name="S" type="float"/>
                            <param name="T" type="float"/>
                        </accessor>
                    </technique_common>
                </source>
                <vertices id="vertices2">
                    <input semantic="POSITION" source="#points2"/>
                </vertices>
                <polylist count="38" material="Material1">
                    <input offset="0" semantic="VERTEX" source="#vertices2"/>
                    <input offset="1" semantic="TEXCOORD" source="#uvs2" set="0"/>
                    <vcount>3 3 3 3 3 3 3 3 3 3 3 3 3 3 3 3 3 3 3 3 3 3 3 3 3 3 3 3 3 3 3 3 3 3 3 3 3 3</vcount>
                    <p>2 2 1 1 0 0 3 3 1 1 2 2 4 4 3 3 2 2 5 5 3 3 4 4 6 6 5 5 4 4 7 7 5 5 6 6 8 8 7 7 6 6 9 5 7 7 8 8 10 6 9 5 8 8 11 4 9 5 10 6 14 11 13 10 12 9 15 12 13 10 14 11 16 13 15 12 14 11 17 14 15 12 16 13 19 17 13 16 18 15 12 15 13 16 19 17 20 18 12 15 19 17 21 1 12 15 20 18 18 15 22 18 19 17 1 1 22 18 18 15 23 19 1 1 18 15 0 0 1 1 23 19 15 12 0 21 23 20 2 22 0 21 15 12 4 23 2 22 15 12 15 12 6 24 4 23 8 25 6 24 15 12 10 26 8 25 15 12 21 1 14 19 12 15 16 0 14 19 21 1 17 2 16 0 21 1 13 10 23 20 18 27 15 12 23 20 13 10 15 12 11 28 10 26 17 14 11 28 15 12 11 4 24 3 9 5 17 2 24 3 11 4 17 2 21 1 24 3</p>
                </polylist>
            </mesh>
        </geometry>
        <geometry id="mesh3">
            <mesh>
                <source id="points3">
                    <float_array id="pointarray3" count="363">-23.172177022983657 519.3660297342665 610.5605611148943 -18.75055809683255 501.13900645171657 592.3383777272944 -37.47706007841034 505.44405986515267 596.6404024787038 -18.750678870098834 492.5422095312904 583.743641154434 -37.47730178017848 488.23941615679325 579.4398821137376 -11.602339189180777 485.58036164277485 576.7842240425424 -23.17280991836496 474.31571990833135 565.5210482517169 -0.03206413442095708 482.9166453846768 574.1223799746397 -0.03225973122753975 468.99381232588894 560.2028837255343 11.538285743879158 485.5789652649407 576.7852955829823 23.10843994775491 474.31292715266295 565.5231913325965 18.686821021603798 492.539950435213 583.7453747201962 37.41332300318159 488.2348970217769 579.443349968787 18.686941794870084 501.13674735563916 592.3401112930567 37.41356470494973 505.4395407301363 596.6438703337532 11.538602113952027 508.0985952441547 599.2995284049482 23.109072843136214 519.3632369785981 610.562704195774 -0.031672940807791775 510.7623115022526 601.9613724728509 -0.03147734400120911 524.6851445610406 615.8808687219565 -11.602022819107907 508.0999916219889 599.2984568645084 8.291794414201423 521.2237728870338 547.4635629995093 -0.028544995099780396 519.3071229483054 545.5464851834141 -0.028502150128112053 528.4013837155118 556.472404820879 -8.348830537661392 521.2247770344973 547.4627924454454 -13.48938520108181 526.2306772165796 552.4669447238705 8.292021834297964 537.4118287847515 563.647739193906 13.432576497718383 532.4059286026691 558.6435869154811 13.432489721039905 526.2290526662701 552.4681913573464 -0.02836150671004547 538.4125636768307 566.4811854571408 -8.348603117564851 537.412832932215 563.646968639842 -13.489298424403334 532.4075531529785 558.6423402820052 -51.107176575703 513.062589566427 548.3456745129595 -31.591818404468057 494.07221462171776 529.3619319225268 -40.05130574462548 526.3633835253588 540.1244759034967 -24.762452391153307 511.47828940351746 525.2445795492044 -51.10684685537191 536.5325081512409 571.8099681900233 -40.05104743265234 544.7503630569645 558.5070487277123 -31.59095513951456 555.5205278280032 590.795518145762 -24.761775874579424 559.6336119989126 573.388361020317 -0.028353318671362496 562.7728612661665 598.0494791006997 -0.02732107743379164 565.317276281547 579.0733006620192 31.657393237877617 540.1390111210912 606.4229304670092 51.25087532223765 521.0712823895257 587.3618609594844 -0.030004292606002333 547.4283108649983 613.7071042507156 53.22806337495604 527.3295213781819 582.0081831114074 53.22771968342447 502.8651147177402 557.5496397022646 49.1652575407288 523.6563436788427 583.8259206481831 49.164939928771446 501.0483147595729 561.2233100722543 30.37562049065266 482.7563928926919 542.9337685728806 32.883691560148954 483.06497975087314 537.7520807851728 -0.030727530264043103 475.77471143670084 535.9505180302992 -0.030431149893346922 475.93417312907263 529.7577902745678 -30.43687933343192 482.76006250952554 542.9309526138045 -32.944433249426666 483.06895202623804 537.74903257459 -49.225684786608966 501.0542519582373 561.2187540356915 -53.28790500845234 502.87154220436787 557.5447074327316 51.25054436002207 497.51296486465606 563.809189528458 31.656526557741785 478.4476008296524 544.746305420377 -0.031075728446505125 471.16212533185984 537.459197019504 -31.71847325893012 478.4514250757668 544.7433708032104 -51.31195534329015 497.5191538073324 563.8044403107355 -51.311624381074566 521.077471332202 587.3571117417619 -31.717606578794285 540.1428353672057 606.4199958498425 32.09846794961472 540.3949376472028 529.5582027575799 22.457624446036125 526.0417851981318 515.5720204740574 26.629191198567646 536.6174391246007 536.0107516978009 16.441551981739526 526.7063227165218 526.1009242964845 -0.027251138800046475 522.9227368713703 522.3164891096724 -0.026865049048264717 521.0929178578949 511.59409691586757 32.09867534432393 555.1575606365209 544.31728766933 26.62936319956899 548.8606923223285 548.2510706216174 19.82540561185135 567.09768309549 556.2532397350578 16.442002475336913 558.7730382217619 558.1599545464086 -0.029364530116099297 554.6977320025181 609.3641554376806 -32.943533193645266 547.1360838316765 601.8008097589661 -53.28756131692077 527.3359488648096 582.0032508418743 -0.029699715616119476 548.9358842003792 609.0941566535754 -30.43604773653282 541.9542027443881 602.1109061109938 -49.22536717465161 523.6622808775071 583.8213646116202 11.855667560170634 551.1662332904773 556.8293043726687 19.199317101519167 544.0165258685748 549.6820935776683 11.85553441288819 549.9178975201795 558.077939398403 19.199183954236723 542.7681900982768 550.9307286034028 -0.02710648465405545 553.9017925446 559.562940895167 -0.027239631936501238 552.6534567743021 560.8115759209015 19.19905992102366 533.939345960204 542.1040004263907 19.199193068306105 535.1876817305022 540.8553654006561 11.855209504859475 526.7905248280815 534.9561095179445 11.855342652141921 528.0388605983798 533.7074744922098 -0.027641381567799595 524.0563996662519 532.2213725140086 -0.0275082342853538 525.3047354365498 530.9727374882739 -11.91041542639249 526.7919589203746 534.9550090365068 -11.910282279110042 528.0402946906727 533.7063740107722 -19.254064967741023 533.9416663422769 542.1022198315072 -19.25393182045858 535.190002112575 540.8535848057726 -19.25394093452796 542.7705104803497 550.9289480085195 -19.253807787245513 544.0188462506477 549.6803129827848 -11.910090518363777 549.9193316124724 558.0768389169655 -11.90995737108133 551.1676673827702 556.8282038912309 24.706973982319802 559.6306268995047 573.3906517002849 39.99582733579197 544.7455327776636 558.5107553459927 31.534044677880527 555.5167186676723 590.7984411865297 51.04940284911549 536.5263437229628 571.8146985960973 51.04907312878439 513.056425138149 548.3504049190334 39.995569023818845 526.3585532460579 540.128182521777 31.533181412927032 494.0684054613869 529.3648549632945 24.70629746574592 511.4753043041096 525.2468702291724 -0.029420407916163446 486.8160720232235 522.1108940083569 -0.0281573313997129 505.79164002147525 519.5619305874701 32.88459161593036 547.1321115563117 601.8038579695489 30.37645208755176 541.9505331275544 602.11372207007 -0.026092718436420168 571.6624762813657 560.8148220449362 -0.026694308843529 562.5586116188881 561.9428645426419 -16.495947922980488 526.7083102684965 526.0993991059057 -22.511125423880475 526.044498753437 515.5699381692729 -26.683308647212563 536.6206561679296 536.008283030697 -32.15153186452603 540.3988146935595 529.5552276230163 -26.68313664621122 548.8639093656575 548.2486019545136 -32.15132446981682 555.1614376828776 544.3143125347664 -16.495497429383104 558.7750257737366 558.1584293558298 -19.877719273297394 567.1000789064802 556.2514012581789</float_array>
                    <technique_common>
                        <accessor count="121" source="#pointarray3" stride="3">
                            <param name="X" type="float"/>
                            <param name="Y" type="float"/>
                            <param name="Z" type="float"/>
                        </accessor>
                    </technique_common>
                </source>
                <source id="uvs3">
                    <float_array id="uvarray3" count="398">0.3583984375 0.21075439453125 0.35968017578125 0.50787353515625 0.35430908203125 0.21075439453125 0.3616943359375 0.50787353515625 0.364990234375 0.50787353515625 0.364990234375 0.21075439453125 0.3682861328125 0.50787353515625 0.37158203125 0.21075439453125 0.370361328125 0.50787353515625 0.37567138671875 0.21075439453125 0.3695068359375 0.2908935546875 0.36639404296875 0.2908935546875 0.3658447265625 0.2908935546875 0.36334228515625 0.2908935546875 0.36016845703125 0.2908935546875 0.36016845703125 0.50787353515625 0.35687255859375 0.50787353515625 0.3797607421875 0.2908935546875 0.3760986328125 0.2908935546875 0.3726806640625 0.2908935546875 0.3695068359375 0.50787353515625 0.36639404296875 0.50787353515625 0.36334228515625 0.50787353515625 0.34954833984375 0.2908935546875 0.35333251953125 0.2908935546875 0.35687255859375 0.2908935546875 0.35333251953125 0.50787353515625 0.3760986328125 0.50787353515625 0.3726806640625 0.50787353515625 0.39984130859375 0.2908935546875 0.383544921875 0.2908935546875 0.3797607421875 0.50787353515625 -0.63067626953125 2.919189453125 -0.62042236328125 2.919189453125 -0.63067626953125 -0.0545654296875 -0.62042236328125 -0.0545654296875 -0.64093017578125 2.919189453125 -0.64093017578125 -0.0545654296875 -0.65118408203125 2.919189453125 -0.65118408203125 -0.0545654296875 -0.66143798828125 2.919189453125 -0.66143798828125 -0.0545654296875 0.53912353515625 0.50531005859375 0.51593017578125 0.50531005859375 0.53912353515625 0.58172607421875 0.51593017578125 0.58172607421875 0.56231689453125 0.50531005859375 0.56231689453125 0.58172607421875 0.4149169921875 0.28277587890625 0.4073486328125 0.28277587890625 0.4149169921875 0.3216552734375 0.4073486328125 0.3216552734375 0.3997802734375 0.3216552734375 0.3997802734375 0.28277587890625 0.3922119140625 0.3216552734375 0.3922119140625 0.28277587890625 0.38458251953125 0.3216552734375 0.38458251953125 0.28277587890625 0.37701416015625 0.3216552734375 0.37701416015625 0.28277587890625 0.4927978515625 0.58172607421875 0.4927978515625 0.50531005859375 0.4696044921875 0.58172607421875 0.4696044921875 0.50531005859375 0.4464111328125 0.58172607421875 0.4464111328125 0.50531005859375 0.4232177734375 0.58172607421875 0.4232177734375 0.50531005859375 0.4000244140625 0.58172607421875 0.4000244140625 0.50531005859375 0.3768310546875 0.58172607421875 0.3768310546875 0.50531005859375 0.3536376953125 0.58172607421875 0.3536376953125 0.50531005859375 0.33050537109375 0.58172607421875 0.33050537109375 0.50531005859375 0.46771240234375 0.50396728515625 0.45587158203125 0.50555419921875 0.46820068359375 0.57861328125 0.45611572265625 0.57861328125 0.4437255859375 0.57861328125 0.4437255859375 0.5096435546875 0.47943115234375 0.50396728515625 0.47991943359375 0.57861328125 0.490966796875 0.50396728515625 0.4912109375 0.57861328125 0.35430908203125 0.28277587890625 0.36187744140625 0.28277587890625 0.35430908203125 0.27850341796875 0.36187744140625 0.27850341796875 0.36944580078125 0.28277587890625 0.36944580078125 0.27850341796875 0.34954833984375 0.50787353515625 0.37701416015625 0.27850341796875 0.35430908203125 0.32586669921875 0.36187744140625 0.32586669921875 0.35430908203125 0.3216552734375 0.36187744140625 0.3216552734375 0.36944580078125 0.32586669921875 0.36944580078125 0.3216552734375 0.4774169921875 0.6885986328125 0.46478271484375 0.6885986328125 0.4774169921875 0.8116455078125 0.46478271484375 0.8116455078125 0.49005126953125 0.6885986328125 0.49005126953125 0.8116455078125 0.45208740234375 0.8116455078125 0.45208740234375 0.6885986328125 0.439453125 0.8116455078125 0.439453125 0.6885986328125 0.42681884765625 0.8116455078125 0.42681884765625 0.6885986328125 0.4141845703125 0.8116455078125 0.4141845703125 0.6885986328125 0.4014892578125 0.8116455078125 0.4014892578125 0.6885986328125 0.38885498046875 0.8116455078125 0.38885498046875 0.6885986328125 0.376220703125 0.8116455078125 0.376220703125 0.6885986328125 0.363525390625 0.8116455078125 0.363525390625 0.6885986328125 -0.5692138671875 -0.0545654296875 -0.5794677734375 -0.0545654296875 -0.5692138671875 2.919189453125 -0.5794677734375 2.919189453125 -0.5589599609375 -0.0545654296875 -0.5589599609375 2.919189453125 -0.58966064453125 2.919189453125 -0.58966064453125 -0.0545654296875 -0.59991455078125 2.919189453125 -0.59991455078125 -0.0545654296875 -0.61016845703125 2.919189453125 -0.61016845703125 -0.0545654296875 0.38525390625 0.58221435546875 0.404541015625 0.58221435546875 0.38525390625 0.50543212890625 0.404541015625 0.50543212890625 0.36590576171875 0.58221435546875 0.36590576171875 0.50543212890625 0.3465576171875 0.58221435546875 0.3465576171875 0.50543212890625 0.4224853515625 0.28277587890625 0.4224853515625 0.3216552734375 0.4300537109375 0.28277587890625 0.4300537109375 0.3216552734375 0.4149169921875 0.27850341796875 0.4073486328125 0.27850341796875 0.4073486328125 0.32586669921875 0.4149169921875 0.32586669921875 0.3997802734375 0.27850341796875 0.3997802734375 0.32586669921875 0.3922119140625 0.27850341796875 0.3922119140625 0.32586669921875 0.38458251953125 0.27850341796875 0.38458251953125 0.32586669921875 0.4224853515625 0.32586669921875 0.4224853515625 0.27850341796875 0.4300537109375 0.32586669921875 0.4300537109375 0.27850341796875 0.37701416015625 0.32586669921875 0.50238037109375 0.50396728515625 0.50238037109375 0.57861328125 0.43133544921875 0.57861328125 0.4315185546875 0.50555419921875 0.419189453125 0.57861328125 0.419677734375 0.50396728515625 0.40753173828125 0.57861328125 0.407958984375 0.50396728515625 0.39617919921875 0.57861328125 0.396484375 0.50396728515625 0.38507080078125 0.57861328125 0.38507080078125 0.50396728515625 0.491455078125 0.50836181640625 0.48028564453125 0.50836181640625 0.501220703125 0.58221435546875 0.52056884765625 0.58221435546875 0.501220703125 0.50543212890625 0.52056884765625 0.50543212890625 0.50238037109375 0.50836181640625 0.5399169921875 0.50543212890625 0.5399169921875 0.58221435546875 0.4686279296875 0.50836181640625 0.4564208984375 0.50836181640625 0.4437255859375 0.50836181640625 0.4310302734375 0.50836181640625 0.41876220703125 0.50836181640625 0.4071044921875 0.50836181640625 0.39599609375 0.50836181640625 0.38507080078125 0.50836181640625 0.48187255859375 0.58221435546875 0.48187255859375 0.50543212890625 0.46258544921875 0.58221435546875 0.46258544921875 0.50543212890625 0.4432373046875 0.58221435546875 0.4432373046875 0.50543212890625 0.42388916015625 0.58221435546875 0.42388916015625 0.50543212890625 0.383544921875 0.50787353515625</float_array>
                    <technique_common>
                        <accessor count="199" source="#uvarray3" stride="2">
                            <param name="S" type="float"/>
                            <param name="T" type="float"/>
                        </accessor>
                    </technique_common>
                </source>
                <vertices id="vertices3">
                    <input semantic="POSITION" source="#points3"/>
                </vertices>
                <polylist count="230" material="Material1">
                    <input offset="0" semantic="VERTEX" source="#vertices3"/>
                    <input offset="1" semantic="TEXCOORD" source="#uvs3" set="0"/>
                    <vcount>3 3 3 3 3 3 3 3 3 3 3 3 3 3 3 3 3 3 3 3 3 3 3 3 3 3 3 3 3 3 3 3 3 3 3 3 3 3 3 3 3 3 3 3 3 3 3 3 3 3 3 3 3 3 3 3 3 3 3 3 3 3 3 3 3 3 3 3 3 3 3 3 3 3 3 3 3 3 3 3 3 3 3 3 3 3 3 3 3 3 3 3 3 3 3 3 3 3 3 3 3 3 3 3 3 3 3 3 3 3 3 3 3 3 3 3 3 3 3 3 3 3 3 3 3 3 3 3 3 3 3 3 3 3 3 3 3 3 3 3 3 3 3 3 3 3 3 3 3 3 3 3 3 3 3 3 3 3 3 3 3 3 3 3 3 3 3 3 3 3 3 3 3 3 3 3 3 3 3 3 3 3 3 3 3 3 3 3 3 3 3 3 3 3 3 3 3 3 3 3 3 3 3 3 3 3 3 3 3 3 3 3 3 3 3 3 3 3 3 3 3 3 3 3 3 3 3 3 3 3</vcount>
                    <p>2 2 1 1 0 0 3 1 1 1 2 2 4 2 3 1 2 2 5 3 3 1 4 2 6 0 5 3 4 2 7 4 5 3 6 0 8 5 7 4 6 0 9 6 7 4 8 5 10 7 9 6 8 5 11 8 9 6 10 7 12 9 11 8 10 7 13 8 11 8 12 9 14 9 13 8 12 9 15 6 13 8 14 9 16 7 15 6 14 9 17 4 15 6 16 7 18 5 17 4 16 7 19 3 17 4 18 5 0 0 19 3 18 5 1 1 19 3 0 0 22 12 21 11 20 10 23 13 21 11 22 12 24 14 23 13 22 12 3 15 23 13 24 14 1 16 3 15 24 14 22 12 26 18 25 17 27 19 26 18 22 12 20 10 27 19 22 12 9 20 27 19 20 10 7 21 9 20 20 10 21 11 7 21 20 10 5 22 7 21 21 11 23 13 5 22 21 11 3 15 5 22 23 13 29 24 22 12 28 23 30 25 22 12 29 24 19 26 30 25 29 24 1 16 30 25 19 26 26 18 13 27 25 17 11 28 13 27 26 18 27 19 11 28 26 18 9 20 11 28 27 19 25 17 28 30 22 29 15 31 28 30 25 17 13 27 15 31 25 17 33 34 32 33 31 32 34 35 32 33 33 34 36 37 31 32 35 36 33 34 31 32 36 37 38 39 35 36 37 38 36 37 35 36 38 39 40 41 37 38 39 40 38 39 37 38 40 41 16 44 42 43 41 42 14 45 42 43 16 44 18 47 41 42 43 46 16 44 41 42 18 47 46 50 45 49 44 48 47 51 45 49 46 50 49 53 47 51 48 52 45 49 47 51 49 53 51 55 48 52 50 54 49 53 48 52 51 55 53 57 50 54 52 56 51 55 50 54 53 57 55 59 52 56 54 58 53 57 52 56 55 59 56 61 14 45 12 60 42 43 14 45 56 61 57 63 12 60 10 62 56 61 12 60 57 63 58 65 10 62 8 64 57 63 10 62 58 65 59 67 8 64 6 66 58 65 8 64 59 67 60 69 6 66 4 68 59 67 6 66 60 69 61 71 4 68 2 70 60 69 4 68 61 71 62 73 2 70 0 72 61 71 2 70 62 73 43 75 0 72 18 74 62 73 0 72 43 75 65 78 64 77 63 76 66 79 64 77 65 78 68 81 66 79 67 80 64 77 66 79 68 81 70 83 63 76 69 82 65 78 63 76 70 83 72 85 69 82 71 84 70 83 69 82 72 85 39 88 74 87 73 86 37 89 74 87 39 88 30 25 24 14 22 12 1 16 24 14 30 25 37 89 75 90 74 87 35 91 75 90 37 89 29 24 17 92 19 26 28 23 17 92 29 24 35 91 55 59 75 90 31 93 55 59 35 91 76 96 62 95 43 94 77 97 62 95 76 96 77 97 61 98 62 95 78 99 61 98 77 97 81 102 80 101 79 100 82 103 80 101 81 102 84 105 79 100 83 104 81 102 79 100 84 105 86 107 82 103 85 106 80 101 82 103 86 107 88 109 85 106 87 108 86 107 85 106 88 109 90 111 87 108 89 110 88 109 87 108 90 111 92 113 89 110 91 112 90 111 89 110 92 113 94 115 91 112 93 114 92 113 91 112 94 115 96 117 93 114 95 116 94 115 93 114 96 117 98 119 95 116 97 118 96 117 95 116 98 119 83 121 97 118 84 120 98 119 97 118 83 121 101 124 100 123 99 122 102 125 100 123 101 124 39 127 99 122 40 126 101 124 99 122 39 127 104 129 102 125 103 128 100 123 102 125 104 129 106 131 103 128 105 130 104 129 103 128 106 131 108 133 105 130 107 132 106 131 105 130 108 133 34 35 107 132 32 33 108 133 107 132 34 35 95 136 33 135 36 134 93 137 33 135 95 136 97 139 36 134 38 138 95 136 36 134 97 139 84 141 38 138 40 140 97 139 38 138 84 141 75 90 54 58 78 99 55 59 54 58 75 90 74 87 78 99 77 97 75 90 78 99 74 87 73 86 77 97 76 96 74 87 77 97 73 86 110 143 44 48 109 142 46 50 44 48 110 143 76 145 109 142 73 144 110 143 109 142 76 145 44 48 103 147 102 146 45 49 103 147 44 48 47 51 42 149 56 148 46 50 42 149 47 51 105 150 45 49 49 53 103 147 45 49 105 150 48 52 56 148 57 151 47 51 56 148 48 52 107 152 49 53 51 55 105 150 49 53 107 152 50 54 57 151 58 153 48 52 57 151 50 54 32 154 51 55 53 57 107 152 51 55 32 154 52 56 58 153 59 155 50 54 58 153 52 56 31 93 53 57 55 59 32 154 53 57 31 93 41 156 46 50 110 143 42 149 46 50 41 156 109 142 102 146 101 157 44 48 102 146 109 142 43 158 110 143 76 145 41 156 110 143 43 158 73 144 101 157 39 159 109 142 101 157 73 144 54 58 59 155 60 160 52 56 59 155 54 58 78 99 60 160 61 98 54 58 60 160 78 99 112 162 71 84 111 161 72 85 71 84 112 162 114 164 67 80 113 163 68 81 67 80 114 164 116 166 113 163 115 165 114 164 113 163 116 166 118 168 115 165 117 167 116 166 115 165 118 168 120 170 117 167 119 169 118 168 117 167 120 170 111 172 119 169 112 171 120 170 119 169 111 172 79 173 70 83 72 85 80 174 70 83 79 173 82 177 99 176 100 175 81 178 99 176 82 177 83 179 72 85 112 162 79 173 72 85 83 179 40 181 81 178 84 180 99 176 81 178 40 181 65 78 80 174 86 182 70 83 80 174 65 78 66 79 86 182 88 183 65 78 86 182 66 79 67 80 88 183 90 184 66 79 88 183 67 80 113 163 90 184 92 185 67 80 90 184 113 163 115 165 92 185 94 186 113 163 92 185 115 165 117 167 94 186 96 187 115 165 94 186 117 167 119 169 96 187 98 188 117 167 96 187 119 169 112 171 98 188 83 189 119 169 98 188 112 171 85 191 100 175 104 190 82 177 100 175 85 191 87 193 104 190 106 192 85 191 104 190 87 193 89 195 106 192 108 194 87 193 106 192 89 195 91 197 108 194 34 196 89 195 108 194 91 197 93 137 34 196 33 135 91 197 34 196 93 137 15 31 17 198 28 30</p>
                </polylist>
            </mesh>
        </geometry>
        <geometry id="mesh4">
            <mesh>
                <source id="points4">
                    <float_array id="pointarray4" count="75">33.561921176218675 565.2238176104912 507.58526596751983 32.09846794961472 540.3949376472028 529.5582027575799 33.85120133904715 576.5663382103179 517.6657159644614 32.09867534432393 555.1575606365209 544.31728766933 27.59358047770364 587.0750259485342 527.221156965646 19.82540561185135 567.09768309549 556.2532397350578 16.163976026257604 592.7663894728877 532.8436543583022 -0.026092718436420168 571.6624762813657 560.8148220449362 -0.023501761906207792 595.7287810869531 536.2234041920723 -19.877719273297394 567.1000789064802 556.2514012581789 -16.21102388008958 592.7683430818495 532.8421552146214 -27.640794362517063 587.0783589638238 527.2185993049741 -16.900742199665935 536.6387586326883 507.6029283180435 -0.025943918257363332 533.4613099482201 507.8195370049601 -26.407841598263005 547.3065215522863 506.1041319897748 -0.024784605624662302 563.7305218277545 522.22873439896 -33.60995362946982 565.2278709719424 507.58215553379193 -33.42223596634754 576.5703977003686 517.6626008278213 16.849257702703717 536.6367220519173 507.6044911319193 -0.026865049048264717 521.0929178578949 511.59409691586757 -22.511125423880475 526.044498753437 515.5699381692729 -32.15153186452603 540.3988146935595 529.5552276230163 22.457624446036125 526.0417851981318 515.5720204740574 26.357783249099178 547.3033375091087 506.1065753335056 -32.15132446981682 555.1614376828776 544.3143125347664</float_array>
                    <technique_common>
                        <accessor count="25" source="#pointarray4" stride="3">
                            <param name="X" type="float"/>
                            <param name="Y" type="float"/>
                            <param name="Z" type="float"/>
                        </accessor>
                    </technique_common>
                </source>
                <source id="uvs4">
                    <float_array id="uvarray4" count="58">0.98583984375 0.85748291015625 0.86090087890625 0.867431640625 0.9876708984375 0.88287353515625 0.859130859375 0.91650390625 0.98944091796875 0.90887451171875 0.85888671875 0.93682861328125 0.9896240234375 0.94537353515625 0.8572998046875 0.989013671875 0.98828125 0.9888916015625 0.48095703125 0.24981689453125 0.49298095703125 0.248291015625 0.47418212890625 0.25469970703125 0.49298095703125 0.27197265625 0.46905517578125 0.26495361328125 0.46917724609375 0.27630615234375 0.93988037109375 0.80902099609375 0.93231201171875 0.775390625 0.86077880859375 0.77642822265625 0.86102294921875 0.80950927734375 0.961181640625 0.83160400390625 0.51177978515625 0.25469970703125 0.51690673828125 0.26495361328125 0.51708984375 0.27630615234375 0.51263427734375 0.2869873046875 0.5045166015625 0.29296875 0.49298095703125 0.29632568359375 0.4814453125 0.29296875 0.5050048828125 0.24981689453125 0.4732666015625 0.2869873046875</float_array>
                    <technique_common>
                        <accessor count="29" source="#uvarray4" stride="2">
                            <param name="S" type="float"/>
                            <param name="T" type="float"/>
                        </accessor>
                    </technique_common>
                </source>
                <vertices id="vertices4">
                    <input semantic="POSITION" source="#points4"/>
                </vertices>
                <polylist count="38" material="Material1">
                    <input offset="0" semantic="VERTEX" source="#vertices4"/>
                    <input offset="1" semantic="TEXCOORD" source="#uvs4" set="0"/>
                    <vcount>3 3 3 3 3 3 3 3 3 3 3 3 3 3 3 3 3 3 3 3 3 3 3 3 3 3 3 3 3 3 3 3 3 3 3 3 3 3</vcount>
                    <p>2 2 1 1 0 0 3 3 1 1 2 2 4 4 3 3 2 2 5 5 3 3 4 4 6 6 5 5 4 4 7 7 5 5 6 6 8 8 7 7 6 6 9 5 7 7 8 8 10 6 9 5 8 8 11 4 9 5 10 6 14 11 13 10 12 9 15 12 13 10 14 11 16 13 15 12 14 11 17 14 15 12 16 13 19 17 13 16 18 15 12 15 13 16 19 17 20 18 12 15 19 17 21 1 12 15 20 18 18 15 22 18 19 17 1 1 22 18 18 15 23 19 1 1 18 15 0 0 1 1 23 19 15 12 0 21 23 20 2 22 0 21 15 12 4 23 2 22 15 12 15 12 6 24 4 23 8 25 6 24 15 12 10 26 8 25 15 12 21 1 14 19 12 15 16 0 14 19 21 1 17 2 16 0 21 1 13 10 23 20 18 27 15 12 23 20 13 10 15 12 11 28 10 26 17 14 11 28 15 12 11 4 24 3 9 5 17 2 24 3 11 4 17 2 21 1 24 3</p>
                </polylist>
            </mesh>
        </geometry>
        <geometry id="mesh5">
            <mesh>
                <source id="points5">
                    <float_array id="pointarray5" count="2538">415.8520216191393 33.75812903417176 16.899016759993287 576.5959489421855 38.24342103814956 -25.988969976123258 364.65870879546554 230.00559956140998 -34.08676590339428 501.5387182529346 237.48648903025872 -73.5619470768612 338.6421026768187 334.4204568536417 -59.93982887236075 467.339317731506 342.06197347542513 -96.2272863294366 312.6242846727721 460.81140399391836 -90.1999844885683 427.74725027829174 468.6372312440966 -124.83511160744422 267.8398590366516 697.4782028965624 -150.27613143293212 351.58724469133944 703.3965578095226 -179.60952674449123 236.4631982850127 887.9957443892712 -193.35965157362006 305.09118973006895 893.0942300529323 -217.97747523793333 229.48467285655263 977.1507332534644 -176.86501883763867 275.908012847086 980.4917925056615 -193.09487074151178 251.78861570792304 1019.0108781819664 -116.8065699510739 315.0431017125554 984.3043486099059 -162.42180487227066 330.02878263583835 992.5891788458099 -101.77899226555851 383.8289998214473 914.6469413542252 -70.3431183718412 335.6486615690557 916.7921405153036 7.6107717544343245 -236.4074503892785 888.0254469434749 -193.3815426632807 -229.41969284633188 977.1795930383815 -176.886263210236 -305.0325458370319 893.1322148885682 -218.00572191364762 -275.8411260137929 980.5262548351784 -193.12041434670778 -363.16157354089546 903.6255742147579 -173.31792382227894 -314.97859497246776 984.3435341508786 -162.45097293494268 -383.7814264948764 914.6944294303645 -70.37865756270412 -329.9688920602971 992.6301732312443 -101.80954838377167 -335.6080493066143 916.8338143062682 7.579694279835394 -296.1803978014619 996.9769981509697 -43.55357702867872 -267.0773747114987 911.7555900620681 32.20983882369649 -249.793932419891 993.6470837392145 -27.298214950591586 -208.9424328031079 901.2601736659097 -12.374504068924296 -210.66979328503007 989.8119470572402 -57.92949151902113 -186.03172310065474 890.3779311004631 -101.55555677661386 -196.50707587892006 981.444804329324 -124.24552699589765 545.03125 348.53125 270.4375 403.3125 338.71875 297.8125 491.1583835399164 480.7473087837689 204.7096207822151 366.6056625602317 472.17628808792574 236.32625251854586 408.7167052240372 714.1113780414166 96.66756536495899 304.31210581175657 706.4480253268171 122.62174882197303 267.1150938679245 911.7221871570607 32.234569456803456 296.2354182150753 996.9400818666984 -43.52615032874115 249.8470460668362 993.6157657794082 -27.275084244841793 210.725281335396 989.7853507005059 -57.909984036519916 196.56769590105574 981.4199169084228 -124.22733090191124 186.07925137777545 890.3543087007945 -101.53833142376538 363.2173445754268 903.5805741770482 -173.28429388099588 442.7766311796675 711.9055682632579 -120.87595395989837 531.1867769835337 478.1992636156006 -54.533127557939 581.0836016331571 347.801027443725 -19.823021486925654 625.5783655750324 232.77283476637297 14.929092879538587 708.7096256783991 30.629327419433025 68.56102839995913 -428.7800460504725 0.07128255260630567 50.01026533737797 -415.9179385904559 33.808351563577844 16.860445640682542 -570.8729675039955 0.05969747768693878 13.144509405022234 -576.6573508327924 38.31304287983579 -26.04242757322268 -703.7581291874346 0.08973900340646424 103.48814423890502 -708.7807013449464 30.71489415149631 68.49533514970784 -752.3575557334426 0.06788736180232036 201.0099694613516 -759.364416131049 18.524225060141532 202.00405660960263 -765.6628557138044 0.10264106872898537 276.23928043735987 -664.0675671543843 222.9705188345221 152.93316857338039 -670.4647831272688 212.0784669790956 244.90949113685338 670.3992580714144 211.99752411727584 244.9716361612352 664.0118747305389 222.89034743549325 152.99472159926592 765.5688454960263 0.010210825666831624 276.31024054978445 759.2795042309594 18.432554403227527 202.07443383732692 752.2705085515158 -0.02293753442842217 201.07969767650053 703.6801168175613 0.004778845416069544 103.55337202154914 570.8033198778824 -0.009225770787566034 13.197430921657713 428.70698728506216 0.019508174407008028 50.05002730109902 328.03912003420413 18.70469229577202 163.7648684637166 294.7312439885989 218.09503607884835 102.45333186814798 305.88275318144787 216.58104237673905 243.8522754147824 288.84375 334.25 201.4375 318.1875 333.4375 245.40625 271.7209099073737 463.17338490793867 159.0774635723738 614.0625 348.75 117.53125 601.625 347.6875 189.90625 558.6034174853853 483.3890402874924 82.20065196842063 465.1761730657954 716.427992799267 1.4074267252757409 -267.8110936450174 697.5116938110715 -150.3009296020154 -312.62964491915403 460.85030183288166 -90.22893177694155 -210.90668615081242 698.8779300804465 -48.314447608985006 -249.37532887851503 459.7892573067195 31.877135489623697 -233.74873792317592 699.6875816293913 67.3949859987506 -271.7490714500845 463.20734764714376 159.05230333850392 -304.3022896092818 706.4750701732956 122.56473802877917 -366.63989058070223 472.2217024799136 236.29230461363215 -408.70880055669966 714.1618721155778 96.629719457129 -491.18864766072596 480.8077547396594 204.66413808478228 -338.6655187029053 334.4624957755105 -59.971186537979776 -272.06410630184996 334.5644298723124 67.1489325571086 -288.84375 334.25 201.4375 -318.1875 333.4375 245.40625 -305.9476256220799 216.61799306248415 243.8238887289723 -364.6240543614843 201.12984793912733 321.65921249469534 -366.41072933090624 0.11272505126646593 385.62475861624216 162.7834600848657 480.6042913830577 478.62222194655965 124.80265885695445 504.5795736517383 606.5607945792317 145.55638823253528 479.6539090278982 608.2045609487311 111.67312067099624 519.4689549126954 691.8982032023075 120.61937123737908 500.27991497753214 694.1980493890569 99.04099950347646 551.2768920174722 753.5590311145459 138.48618600920716 493.41341969717143 700.2412894636337 154.8246956829496 502.95911575978073 706.5216201831352 210.0361500356609 486.26611351347606 627.7759548765557 165.25122879044855 998.24929382761 228.12817896039724 475.8866764710884 975.567175754083 -37.60759486780242 151.33066379389928 1031.4377164373802 224.82432966530928 461.67941691114106 1004.6620084313147 -39.66842633657481 166.8615017439704 1047.782389298026 246.64281056647656 473.57424317583633 1023.8193160140484 -19.6996046794078 187.89364871132912 1042.1892464573243 270.2221588249513 497.93242535010035 1019.9134310459998 4.466733292433162 508.18290026014347 986.6308691274266 1.0234698959716297 -625.6200793405804 232.84836692508966 14.871099874073707 -581.1091152681958 347.8723258519504 -19.876832046104482 -614.0625 348.75 117.53125 -601.625 347.6875 189.90625 -607.6655673172752 280.2983284896346 274.6851727528166 -545.03125 348.53125 270.4375 249.35853292206008 459.75799408517713 31.90022419079446 210.92617199714053 698.8513073064822 -48.294919854656285 233.7576052304069 699.6582027741952 67.4166286910446 208.98825488021737 901.2446352719834 -12.326322998551404 160.0230807430331 523.2708692543179 709.3445677662048 151.07683017665028 542.4599091894811 707.0447215794555 196.78710315896657 553.4316055050776 638.5780935628412 161.12875595826577 565.9829229546043 628.9263740491748 200.17288354997024 608.1508175563799 535.5881745164073 149.81487261309937 592.1862128482837 519.231792503299 0.01846396673120612 1096.4228423881932 282.42514570077435 78.64315656198855 1090.0506472237516 280.7647407350944 0.016177698258690917 1085.7400207660205 317.87730829470945 81.35996345008772 1080.6080474756545 310.4225749396518 0.008135223690224236 1018.6408855352399 404.1196365896078 84.60223041517547 1015.5616487579267 392.6575755193562 -0.008494166936983533 833.1213452274446 521.4825589778568 135.4924039084874 826.7487018836501 493.7919810156918 272.0289306026505 334.53042953598276 67.17412164193729 -364.6962201302773 230.0496420468467 -34.120594633595715 -501.57166931968163 237.54705077805525 -73.60845221685773 133.22773552088148 549.29459784188 700.9614312438989 116.90391178942225 539.7743324007643 694.6917855180668 131.31614605892202 545.7276740840728 615.6557319398083 137.64531915098354 532.2449316833954 495.7375184422219 364.55010361333814 201.08581636197655 321.69303285419016 366.3065946303122 0.06847966837511876 385.6587430441514 338.2047022385843 0.046210466022671426 311.2515287520454 352.00353975304176 0.035768625564116974 171.1754780437601 -328.120456186343 18.744317944222814 163.73442908797955 -294.7828387152541 218.1306401293445 102.42597855173943 678.9388610556049 0.030046432433039172 416.5109939777743 666.5719605521226 0.04199763601849327 474.7717733938465 608.8555289745783 138.15704495709244 441.7967834192133 617.1977347765983 0.03383365393023041 517.3106827509507 548.0933309060462 133.63361996490102 460.63692523052896 559.5226685627239 0.05484878829702211 505.7017234429709 522.746926584439 0.044600704352831144 467.3101379384831 479.8209706920238 215.78006026793162 373.04591503557594 538.3747805397529 233.7156627118222 395.18128270059674 593.3178692884892 216.41895307881984 340.7329326171681 692.6238378150986 136.08449146789434 376.24677600763016 666.7890922893064 234.58203891590148 306.7972647262677 734.4311271211658 135.89890933159035 323.13266952310494 -522.8586241897647 0.1077267434826581 467.26166503460774 -559.6379199962247 0.1224133689371456 505.64984452919896 -548.1882878437806 133.69980395679735 460.5861057411005 -617.3140631985426 0.1083588880723596 517.2534624306253 -608.9481944859566 138.23056197365295 441.7403367762439 -666.6843478383593 0.12248142339711876 474.7099806500694 -679.0458540408398 0.11202240937421948 416.4480561703757 -187.86210361590213 1042.2100435158263 270.2112192796528 -473.5180600140839 1023.9023874125633 -19.73875856791858 -166.82709805323523 1047.8029084843133 246.6343552046675 -461.62369637400644 1004.7455588960268 -39.70831536941307 -151.31671474925216 1031.458454022305 224.839329482548 -475.8346578551264 975.6522436743508 -37.65158926785841 -165.22108809361475 998.2713942760786 228.1151235352914 482.4841981536447 0.05388668803800556 489.66082558066967 423.45196515165435 0.04707226178425117 484.26976034040206 454.7542139525698 119.0710782792182 439.45577700715523 395.4748112462378 114.05247773785007 428.07011712787323 401.1548884264072 212.8067947068365 376.16599953082005 364.73986849085117 201.05290222681623 320.4855465650468 384.83701095347686 249.31284531281608 319.4711269105193 -593.3917301983421 216.49059377848684 340.6779258061555 -538.4515971366499 233.7806727134967 395.1313640977105 -479.89790256456916 215.83800363575958 373.0014191655308 607.6055186271517 280.2249643003594 274.7415021204954 514.6946794177297 280.8172283046665 323.9840021947466 412.8501343342532 268.1407784805588 335.54266569487083 -482.5979650279924 0.1121536935891072 489.61608136028553 -522.8348118609181 0.10388565552528917 467.16583265992074 -454.848967857741 119.12599750915501 439.4136017740942 -401.2324689962665 212.85524419790175 376.1287889904564 -448.23485814379626 255.7685830073096 346.52705325012096 -412.9470010748051 268.1965369551305 335.49674970321905 -558.6220163033951 483.4576252289214 82.14892364610733 -465.15916600655174 716.4853002066432 1.3643524602696289 -442.7488453644541 711.9601717030891 -120.91695327749306 -384.9049353534048 249.3593248774593 319.43542803538924 -364.8137113823407 201.09695669947348 320.45170863619467 -395.56911707396165 114.10024273085133 428.03343185176016 -423.565234258492 0.0982148573905306 484.2304831885857 -189.11516467931156 926.053343593331 228.8775786657505 -254.12528456479419 904.335913503879 181.38863624585724 -328.6828505211025 652.5882482287655 196.74702299219803 -517.8256327848508 868.2471452962753 -42.889534473015544 210.13254316659345 920.1123849258646 288.52122080948027 149.54789127115257 1063.7702032200295 279.2455203214304 148.00386815567356 928.7525135509593 379.141015599536 -147.99613098807214 928.7703751186101 379.1273091430255 146.46108566157184 817.9196607886907 483.7609393882949 -146.4764134910329 817.9373375554937 483.74737474267295 155.50898162500474 1000.7370564366273 362.5193808975455 -78.60684298312636 1090.0601361815661 280.75745918007317 -81.32753607929786 1080.6178645492598 310.41504159795056 -149.51460786373406 1063.7882495885278 279.2316720540309 -155.4910174753497 1000.7558231512874 362.5049798570901 -84.58526909540723 1015.5718580619028 392.64974119127896 -135.50759530757702 826.7650548729521 493.7794321990891 -403.3125 338.71875 297.8125 -338.30194901109564 0.0870639207506656 311.220147192863 -352.08781501599475 0.07828662775676776 171.1428191584285 -785.1950537028468 0.09714058635933043 327.4227266342167 -734.5130740803891 135.98758095168463 323.06459367052014 -774.3846205013281 0.10481206769753726 381.61045823827874 -692.710681821592 136.16811781775934 376.18257175121937 -727.9888142066314 0.09902058583730877 416.1590034505771 -637.5567620857153 256.08352884993707 255.80640159049028 -666.857617491319 234.66254626132368 306.7354539047217 -467.35844941761366 342.1195441253837 -96.27056259927681 251.12896095938845 585.845298726604 534.9080917329264 215.71209676104777 515.5285769232169 636.3324461931907 -427.7565456935812 468.6613160001503 -124.86538930100761 -531.1933393751979 478.26453901868354 -54.582316235116 -351.55504746578333 703.4401556763953 -179.64208069994976 -196.3178448743901 1009.1790054361719 267.4577083345266 -508.13312397620706 986.7161311662758 0.9775451602701537 -497.87895148901987 1019.9971254428558 4.424948984562889 273.48867929491814 536.1422151208782 517.7313055419506 -594.0600496878811 260.3924228701588 305.51139762109676 213.87000319456257 463.9610657252562 478.08713609636504 180.2328814399776 466.02704302528696 614.5453642963823 259.87916614234877 482.4557224091664 494.21637819110913 785.096302435247 0.0023533613010044974 327.49549542726004 774.2808518942226 0.011329816242607649 381.68222563187624 727.8818458554526 0.01113786418949303 416.2264739250419 197.18961990771652 884.3332154230333 359.01365536598064 -383.4441140542621 0.09456433690729682 447.9358340015988 522.723122667452 0.040762489709152305 467.21430335889715 383.3342062618364 0.048263606744455956 447.9713956442599 485.1270737785704 258.73897557346106 344.5729819148945 559.7970226197631 259.18059037608805 324.67346368467736 -514.7592181114401 280.87937970241774 323.9362772028087 593.9947439322941 260.32070099726184 305.56646672212617 637.4955390414403 256.0065572747754 255.86549916299475 448.16519753280465 255.7144604953839 346.5686171045512 -210.11745561772787 920.1377441279094 288.50176088262697 196.34565832264056 1009.1569243027299 267.4725977726415 -197.1853789514548 884.3570132464868 358.995393596432 -559.8642358885188 259.2481851687223 324.621561587085 -485.19618412628546 258.7975588430941 344.5279950024933 -285.6024587834475 915.4622812795404 220.35908826824567 -550.015353389891 881.7172792971803 -4.290174627389774 -360.7803169949462 663.7771339157596 235.7165242710039 -221.12654120287104 934.8984801076064 268.1290488450411 360.7693811494159 663.7321658353961 235.77976007813368 285.6233220477615 915.4249103043085 220.39123212473908 550.052944622884 881.626459000437 -4.230304480142422 517.8651731797314 868.156508877945 -42.83135390041019 328.67417343896216 652.5434173763024 196.808359066405 254.14841421869562 904.2986048066424 181.41893182536717 -251.7241455795357 1019.0424297772815 -116.8298799420356 221.14532722518723 934.8734702673913 268.1533573420329 189.1365184446107 926.0284335278527 228.89977070781953 0.024470418387269748 1092.7329102072638 147.90331236758084 0.0099216082948698 919.3726202967662 236.18004733272005 -108.5694659001506 1065.3711453824308 116.26371901698809 -142.38905814646967 974.8002535831316 151.39590951636978 -182.10297519552813 1004.5870608448923 85.83932965146437 -143.86642477457985 857.2367510584037 184.2747357589451 -214.07703482521487 908.9033049270738 75.81202099240193 -253.625 766.125 69.25 -235.41524516374383 929.6929981528774 -16.729880948357675 -279.21875 786.1875 -33.96875 -244.00348572584022 935.0341994157035 -128.7499894501019 -288.59375 807.0625 -172.53125 -275.125 814.28125 -246.625 -334.2037570495234 677.3003708534161 -188.8162537146882 -306.3528742149619 705.2484062121187 -306.4323171554412 -368.6801402123249 539.4154283357707 -203.65995601919457 -337.9236678446651 543.8360448249873 -337.6723719942737 -363.81296035234806 416.81761852589756 -194.5418779407114 -336.7757451819941 409.78303831803214 -332.5291033648647 -317.691694813859 294.7600530300995 -272.95013494008396 -195.40299927890956 286.7310560242448 -444.1967373102198 -195.4132650114363 193.11789295951178 -344.4934352225109 -97.68492589764615 255.6479579407984 -470.08453999558435 -97.69616542654494 153.15878563555836 -360.918231500599 0.0018755156702560992 239.79410584506627 -475.65194164935724 -0.009473561770406778 137.050987803204 -364.450789259659 195.40949959056715 286.7074731732059 -444.1786405043581 195.41711686767044 389.01103811822065 -475.36189852177415 97.69007353718263 255.6361684010019 -470.07549303970336 97.69986136660758 383.5302153836011 -514.785030374998 0.012281206950757679 377.79557531808416 -520.533127880442 -97.67513806822119 383.5420049233976 -514.794077330879 0.02231713100635848 536.1774060834834 -530.8702800749846 -97.66540217345755 537.0401886358935 -525.0160226564874 0.032034743159422556 744.2004623437738 -469.64331724398494 -97.65579383636121 742.9400040923463 -464.1960937331402 0 908.59375 -353.84375 -195.40625 885.5625 -322.59375 0.03763800522436049 1023.5753675196951 -226.5820855020748 -181.21480854647754 989.405444934206 -218.2870369888583 0.03598446655724022 1102.0974489780522 -88.54677983233682 -151.62210354826829 1068.626365034479 -92.48094762295102 0.0303738471582793 1116.6862497101865 51.62965358897338 -128.1584744074234 1084.089085452259 38.259103691231076 0 716.53125 252.46875 -156.125 729.59375 181.71875 0 584.25 211.3125 -186.25 607.96875 143.03125 -110.00889732877573 523.1650272576823 126.26268416692722 -220.00580647598258 542.5155876263926 84.72348192701878 -103.85924452171913 430.7030403646794 148.2419858682057 -207.69957082539193 457.7155068170154 109.49980409325678 -97.709652102922 306.5438471287241 130.219200213183 -195.42485892874524 335.2673858678531 91.12698154883952 -97.71354282068955 184.94550735805973 55.78095898132102 -195.42878060437798 220.89826131206064 26.778047103799224 -97.71184286037263 120.438133675075 -64.99358767668306 -195.42788628654168 160.8975887540419 -70.7252098269214 -97.70568652698535 103.98498729537528 -219.3845976978959 -195.42222139766085 145.28660096415138 -213.40569160244465 97.70959726137123 537.028399096097 -525.0069757006065 97.71920559846755 742.9282145525499 -464.1870467772592 195.40625 885.5625 -322.59375 181.28519040490016 989.3835705481472 -218.27025121019238 151.69039557432413 1068.608062207661 -92.46690255676725 128.2165248509476 1084.073614981291 38.27097528848759 108.61803347158002 1065.358039608025 116.2737760136888 -0.010548651500594697 513.9682369505842 149.94616651897735 -0.01779309660714741 408.03574222190036 168.34883128730303 -0.02398517134511375 289.80581973502234 147.999469547496 -0.027367239597479276 172.78671992186253 68.54404158247684 -0.025241202656715683 103.82360576931308 -67.23840955945983 -0.01907995270415973 86.50426953154533 -222.86437130230223 -426.5280407055141 200.70216819282004 -142.13719655237753 -475.8125 219.875 -175.9375 -334.59375 215.53125 -156.25 -472.2515180445368 277.64563131919596 -141.0391219261083 -344.0414366767644 273.0336550697132 -126.3338327056988 -464.1334274075045 356.052967683861 -127.30584098227689 -352.2155451455452 354.90487557409347 -111.52647281310678 -452.9263991546575 430.0275630885543 -151.97445786084995 -366.11932712884254 427.9304506052041 -141.27191041703313 -395.8483636683768 479.0380262210037 -226.78146936466692 -307.06814411565205 436.352423797428 -183.01960435534724 -301.56076942954275 449.9221026670869 -267.7753507427819 -279.6591810851265 403.8180716742875 -298.8269944113419 -362.2409331838869 421.5417175837036 -368.34781268976485 -354.0275409449266 358.7792670520394 -404.11131744586226 -498.172448950231 1.6384102945744985 -429.183041710874 -508.3054379451803 31.929548315378725 -451.12986485501784 -569.6209642068068 1.8646437050916234 -340.83334540331833 -583.8057046580604 23.536856544011016 -353.893151079807 -590.2511807566161 1.9147435696777961 -250.7508200075789 -598.7686851245048 12.453385318810263 -247.64832463265267 -591.5761255525172 1.95070355710385 -183.20757528351623 -574.7947578802895 145.3784203404896 -251.71855022214856 -563.5961973716476 148.72931478816452 -202.6295398793557 -554.5625 231.71875 -253.8125 -506.9227698717595 196.4090927463855 -170.4126136668478 -474.9094665724659 153.49378110115111 -131.40854956597687 317.68330334815937 294.72171251136274 -272.9207135218222 307.23957886340384 261.31571316704714 -182.0325232043002 363.81203754281387 416.77371135305333 -194.5081848311892 307.2362985312069 272.35633968550616 -96.8039870004892 354.80554848264376 405.9736370922673 -68.44731416439367 289.4537669230119 295.2780888608444 -39.257445170993236 301.61212115416015 380.0788532576925 25.809159037503605 195.38371826509874 220.87467846102174 26.79614390966094 195.38763994073148 335.24380301681424 91.14507835470118 97.66145661413923 184.9337178182632 55.79000593720201 97.66534733190674 306.5320575889276 130.228247169064 -382.67732177139396 155.18937825883714 -111.56135572974532 -335.17575301139 191.2809921226613 -145.37424977522346 -280.25033759213176 140.240109925442 -162.6239309205083 -243.9375 228.6875 -235.9375 -225.11712742174402 146.26973523758573 -253.6420282636494 -233.23779885500375 145.3819220883238 -372.97200127901357 -230.6645213731561 18.425959587718864 -365.0549932553722 -345.9272921178772 30.20880358650021 -449.4032243444872 -347.00117326037594 1.5463516972130265 -426.5827829585591 -292.5625 632.25 47.125 -324.5 648.9375 -49.875 -279.75165895478807 570.7833777169603 31.988452591302007 -359.0938465426724 527.3442320424136 -58.36554674753188 -308.2567731287622 493.5073445841565 41.728387562799526 -301.63787710078776 380.115255253251 25.78122518652367 359.09365137979 527.3008943578961 -58.332290647074956 308.24322508785684 493.4701430420731 41.7569349629307 279.74833942671773 570.7496157335124 32.01436057244291 207.67542797303156 457.69044178774874 109.51903828032812 219.99419225120695 542.4890366474524 84.74385638939941 103.82825487749261 430.69050785004606 148.25160296174136 109.99110203481905 523.1517517682121 126.2728713981175 279.21875 786.1875 -33.96875 324.5 648.9375 -49.875 253.625 766.125 69.25 292.5625 632.25 47.125 156.125 729.59375 181.71875 186.25 607.96875 143.03125 334.23374101685334 677.260035239813 -188.7853013176482 288.59375 807.0625 -172.53125 275.125 814.28125 -246.625 244.05901286231648 935.0047481948875 -128.72738942499808 212.0937909859072 1019.2130417574514 -95.18551967541475 -212.03120778720478 1019.2386347891401 -95.20515903645389 -210.16088238500782 1020.6304350255349 7.559715616765402 -554.5895373275871 140.54250394235623 -360.6975686227995 -532.21875 241.34375 -352.375 -517.0751829240252 339.7690363075836 -335.39122854186536 -461.9844199437639 359.60854826642833 -404.0376365605121 -458.2519532609222 419.6311598683213 -368.5845796813828 -370.711967010734 467.348808842479 -320.95400845925775 -496.79313617796834 439.92467893981853 -214.95293598883302 -530.3838725132923 375.2409430685483 -204.2052078452208 -544.2793759570122 307.325640711778 -225.95974065212204 -280.5607922839427 140.23095383006978 -163.41586959411256 -262.8327667156266 1.5675269634577944 -144.17875268774145 -290.4673942155588 83.46110674807647 -99.7363148481574 -280.44158653487693 1.6706631329436163 -81.82685097002138 -340.1425797271051 89.22662885442577 -80.40089832698683 -341.2041481017292 1.8956640328887602 -58.764072810625436 -378.42862464837737 1.9552269372293267 -79.3236478600632 210.21411639895197 1020.6050682805985 7.579181331818347 182.14702375078735 1004.5650808583491 85.85619646492381 142.4234410296387 974.7830671042921 151.40909792902164 143.88357439303104 857.2193873216081 184.288060194286 195.39923385804045 193.0943101084729 -344.47533841664915 195.39027747181586 145.2630181131125 -213.3875947965829 195.38461258293503 160.87400590300302 -70.70711302105963 97.67883400828383 153.14699609576186 -360.909184544718 97.66931290784343 103.97319775557878 -219.37555074201492 97.66315657445614 120.4263441352785 -64.98454072080207 -248.5 239.625 -364.875 -264.40091906406553 296.50431950694315 -203.79502665713068 -262.7480465830614 336.33705076648033 -338.770926740366 -279.0332997433333 372.0332892151271 -182.28556728800157 -344.79211551121483 149.19949696415622 -450.96993551405086 -346.09375 242.21875 -437.75 214.1104639361453 908.8774667514034 75.83184846992617 235.45975347413201 929.6645840796763 -16.708076800690606 -378.4429985907181 1.97507063815209 -79.23315653553283 -425.60276594663577 97.17832674786678 -61.23965505287788 -429.34500702601554 2.1596455328990487 -38.537061237751004 -468.46618152526304 101.8769848105718 -73.22262728824873 -483.32992922232984 1.8426168595209447 -52.80549545994768 -499.5218040398882 1.847320042127535 -102.54936996309723 306.39712401250495 705.2114309567877 -306.40394340129626 368.69485765463276 539.3709328173704 -203.62581143010826 -507.6502974693942 400.84346455604606 -307.0099860042668 -479.5662864318193 455.444175106574 -286.66748534723496 -354.81944946458776 406.01645808870035 -68.48017377318212 -289.4837314022661 295.3130237639586 -39.28425321716264 -485.6783745756824 181.15751071384145 -151.29383220375246 -530.8732848489467 164.9543916270954 -136.23901330946427 -536.4909871150919 104.21073338730736 -97.87831780502532 -560.4929474685348 1.994344901911461 -84.45605158637295 -599.3920410246762 2.0522388321600715 -118.91128098433066 -575.1466123681373 105.73979969965342 -128.667693362124 -535.7778401444164 184.0241545192164 -194.68391113771327 -439.34810203164864 170.39450762858039 -104.40748423115801 -318.3089133513023 150.09654149492152 -115.92210432922656 195.43559886856775 731.9540458815857 -427.58678733723826 337.95133020019676 543.7952604093252 -337.64107519936107 -446.72902458683683 465.2932699726382 -324.43050300132774 -195.38550640406922 546.0095254792946 -484.0882304014318 -195.37690000090896 731.9776287326245 -427.6048841431 -195.39538200180627 389.03462096925955 -475.37999532763587 336.78675286955723 409.7423934458674 -332.4979136516435 195.4269924654075 545.9859426282555 -484.0701335955701 -307.26369969119753 272.39342054132163 -96.83244178942769 -307.2604193590006 261.35279402286267 -182.0609779932387 -486.89803864573463 150.61428972817794 -454.81605912533996 -472.625 246.90625 -441.375 -214.7827567752047 1.2897594681787155 -258.11957501014894 -248.21593134651198 1.327243847162606 -357.585923293467 -389.70537813548316 186.99875041393557 -135.29043272331245 -450.70641395923667 189.69162577838483 -147.73970400271597 -360.6051127816521 183.41359684666827 -133.89640957134128 -306.6029865619688 176.4293209135008 -157.39256574645356 216.65898824082447 457.9424446722307 464.87489471949846 268.6272886762218 473.4375443749828 494.77922424083295 270.03446257414606 478.6914154762527 481.6737066738981 285.785996220763 535.1884763631851 522.1787170952055 287.1931701186873 540.442347464455 509.0731995282704 256.63246900200653 595.546399717649 542.0320555655205 258.0396428999308 600.800270818919 528.9265379985854 198.25885820955511 619.095782141531 542.7159281816978 199.66603233553522 624.3709686008832 529.6332627045964 140.9148648994239 600.903212528397 524.2591436078235 142.3220387973482 606.1570836296669 511.1536260408884 126.09939777540596 530.3887425440353 496.444299400383 127.47532167342062 535.6426155310279 483.3387803863982 156.8466749895521 470.03072301770163 476.59103472961215 158.25385125346347 475.30744620872855 463.4642018046427 215.25181434290025 452.68857357096084 477.98041228643365 -198.3036406432883 619.1197119655901 542.6975651186572 -199.7089665091723 624.3950681400065 529.6147694070663 -140.9601342851819 600.9202217492806 524.2460912178608 -142.36546037912177 606.1742625656148 511.14044341643614 -126.15060149489759 530.4039640995754 496.4326188137113 -127.52467758892786 535.6580030301866 483.3269724593365 -156.90332410284728 470.04965567598003 476.576506348767 -158.30864783080008 475.32654858207127 463.4495431893074 -215.3106844115897 452.71455506157446 477.96047483311816 -216.7160105055295 457.9685958779085 464.8548270316934 -268.68520976946684 473.4699674951461 494.75434366511047 -270.0905358634068 478.72400831148025 481.6486958636858 -285.8390021256682 535.2229700071323 522.152247658709 -287.244328219608 540.4770108234663 509.0465998572845 -256.6800295131082 595.5773746025974 542.0082863241096 -258.08535560704803 600.8314154189316 528.9026385226849 134.323510562578 586.2755268228132 453.46073305342054 148.76378006148468 543.3397406605748 337.70070712832194 105.50695971878545 514.6021757011586 447.538464124062 131.70039316881184 512.3932384344664 316.5247436488735 67.47285823719498 471.94401304711255 453.52573922685633 78.51067729685666 473.61936323428813 313.84647008243746 -0.02119000156052782 461.31427461831095 311.13715681119254 -0.013776807571588195 503.6155371707872 206.16921338494438 -78.55182224880063 473.62884087776496 313.8391972097155 -117.32428530326256 526.141831814407 192.50917023260644 -131.73710606912906 512.4091350788178 316.51254501834296 -228.0037282228387 612.7381340782268 131.3522356616155 -148.79871907774108 543.3576965143723 337.6869283193171 -220.06564408329933 661.7846918229295 182.6528691996299 347.0011424069391 1.5462584493768645 -426.5829319118535 498.17241809679416 1.6383170467383366 -429.1831906641684 345.92726126444035 30.208710338664105 -449.4033732977816 508.3054070917435 31.92945506754262 -451.13001380831224 344.792084657778 149.19940371632006 -450.97008446734526 486.8980077922978 150.6141964803418 -454.8162080786343 346.09375 242.21875 -437.75 472.625 246.90625 -441.375 354.0275104273485 358.7795054706185 -404.11140518389936 461.98438942618577 359.60878668500743 -404.0377242985492 362.2409026663088 421.5419560022827 -368.34790042780196 458.2519227433441 419.6313982869004 -368.58466741941993 370.71193649315586 467.3490472610581 -320.95409619729486 446.7289940692587 465.2935083912173 -324.43059073936485 335.17572215795315 191.28089887482517 -145.37439872851783 280.250306738695 140.24001667760587 -162.62407987380266 334.59375 215.53125 -156.25 243.9375 228.6875 -235.9375 344.0414061591863 273.0338934882923 -126.3339204437359 264.4008885464874 296.50455792552225 -203.79511439516776 352.21551462796714 354.90511399267257 -111.52656055114389 279.0332692257552 372.0335276337062 -182.28565502603863 366.1192966112644 427.9306890237832 -141.2719981550702 307.0681135980739 436.3526622160071 -183.01969209338435 395.8483331507987 479.0382646395828 -226.78155710270403 301.5607389119646 449.922341085666 -267.77543848081893 -149.86072833200174 592.20402040419 519.2176201523097 -161.18793286950392 566.0020967447136 628.9111532891064 -200.21832676166568 608.1747026078112 535.5693384690537 -196.8486882865104 553.4550829133623 638.5595703291876 -251.177032568007 585.8753336354688 534.8845364607488 -215.79273193511514 515.5797709755848 636.3228537248082 -273.54115836180875 536.174948806668 517.7056793054948 -210.10484056349344 486.2911903285484 627.7562043038462 -259.9359468436784 482.48681387317504 494.1920121487117 -180.30278958977058 466.0485230685656 614.5283737835473 -213.927522731007 463.98660455966655 478.0670309832208 -145.6240649786151 479.6712039599654 608.1907819706245 -162.83902115858646 480.62366465504215 478.60684810980206 -155.15272044170868 470.3565529909197 463.94008709786 -126.2674655007984 590.2939845494459 398.7761092322669 -122.18103632539406 535.4103211231741 485.35277557960694 -153.01653699309165 647.9237576003535 453.8229336430679 -136.20920540645116 610.4077647928586 516.5503279614973 -219.98468143802992 676.7481516856345 478.3038944704292 -199.80257007176772 631.141881843661 535.2444605983083 -291.17321232774805 645.6166930771221 459.99323534841415 -262.7728202440898 605.7219367829271 534.5117417098963 -320.64246493851994 590.3057137461085 398.76710858198226 -294.2132545928899 540.6467608921664 513.0762720437599 -275.7159063384248 474.03739141951877 483.54163324756234 -213.95839149903279 912.5527917126567 217.84443508114134 -264.61765165840467 882.0279877126383 243.06925849956258 -247.55350203304155 861.7228781698648 180.9849711937619 -306.4675077882218 804.2459052066054 273.57084457718815 -279.58986682182444 777.0594292959092 181.1110525649243 -327.3516607193025 686.5807256594844 317.89777565886834 -295.9423865035949 665.2745926936669 224.82471264666884 -293.5414787994342 604.9601174853747 261.5964737937352 -220.0416631422596 580.0126997696834 233.07184541328695 -291.17371866588564 543.3662878680692 337.68033556004093 -219.98642577715873 520.4543280647009 312.2997692170013 -218.15391993227456 451.6250764099826 465.4300218817423 382.6772909179571 155.18928501100103 -111.56150468303969 426.52800985207733 200.70207494498385 -142.13734550567193 475.8125 219.875 -175.9375 472.25148752695867 277.64586973777506 -141.03920966414546 544.2793454394341 307.3258791303571 -225.95982839015915 530.3838419957142 375.2411814871274 -204.2052955832579 507.6502669518161 400.84370297462516 -307.0100737423039 479.5662559142412 455.4444135251531 -286.66757308527207 0.015090188043979068 1058.6078475553927 306.00552184486287 0.011402548088233929 947.3234352631515 240.6222745998939 -110.29866526592096 1037.8083638762769 306.0061443370763 -82.58234721298861 947.3284192288716 240.61845004704787 -155.02450277058873 925.6056586194412 312.8457585251184 -116.08737337070062 867.9743187634488 245.7492699675979 -152.2158829344258 901.2208440653382 364.8635711025462 -113.96527774969785 849.7268506108408 284.6922026617324 -108.06697673473802 850.1467410049385 456.9033442637824 -80.90827619283942 811.5073561350634 353.63105554572576 -0.0044770473359397045 850.1402201750254 456.9083481622847 -0.002026426881061104 811.5024739983819 353.6348019578779 80.90422333907729 811.4975918617004 353.6385483700302 -222.5209969095475 867.4038185652286 161.2844294333416 -236.7143847487359 764.2260996476954 153.97929117346575 -220.06571885443304 660.546466551751 182.65400815712087 152.98346212172657 647.9052926013632 453.8371031555416 177.21113288966578 759.7348158760767 406.9193626622257 219.95281728934043 676.7216044781401 478.3242660387101 226.1461954419102 741.7144903568412 436.07753150478516 295.927976949078 723.3946019570785 400.7300807354068 279.5918383871661 819.1197729774835 361.0992656179351 306.46999043870255 804.2089186369367 273.59922701363246 264.6323468106069 881.9960511089923 243.09376573641487 247.57149653468505 861.6930007756653 181.00789825213974 213.97910726305054 912.5269686227698 217.8642509822664 222.5415018029975 867.3769620991725 161.30503831780362 506.9227390183227 196.40899949854938 -170.41276262014216 554.5625 231.71875 -253.8125 563.5961665182107 148.72922154032835 -202.6296888326501 574.7947270268527 145.37832709265342 -251.71869917544296 591.5760946990804 1.9506103092678018 -183.20772423681063 598.768654271068 12.4532920709741 -247.64847358594707 590.2511499031793 1.9146503218416342 -250.75096896087328 583.8056738046237 23.53676329617491 -353.8933000331014 569.62093335337 1.8645504572554614 -340.83349435661273 291.13928598776687 645.5815545159307 460.02019967597107 327.3358373868495 686.5412197639731 317.92809135395896 320.60753320650343 590.2670187114596 398.79680204562237 293.5210195023401 604.9246922942971 261.6236580728747 291.13877964962927 543.3311493068778 337.70729988759797 220.02083558474914 579.9861450192972 233.09222276976743 219.95107295021162 520.4277808572065 312.3201407852822 155.09727866081533 470.33783153361003 463.95445340911806 -149.51460857921757 1063.7714999639902 279.2252961223227 -210.1174515169357 920.1777977817982 288.4653974767855 -197.18537755317308 884.3593305555798 358.9682165790923 -146.4764143785774 817.9072910697519 483.7273867783463 -0.00766480227502651 817.8984526863503 483.73416910115725 108.05802264006616 850.1336993451123 456.913352060787 -0.04991542657375152 369.3974873333271 811.7003665402256 37.37881365586917 280.19805770019946 884.8762452090896 38.73124972882234 361.61597686703436 803.3945898989132 60.25328088099576 257.2797976915092 866.5173716011254 61.262264969956156 339.9566968626729 780.24048160343 57.25250632396859 217.1474054855439 830.9457322516455 57.91817493524656 308.9065220001537 747.1205145371459 34.095928140670274 195.8226326702012 810.2422452726414 34.76169801420967 288.0897994464581 724.8922676642942 -0.06044610234949832 188.57603894341253 803.4798237302391 110.45014829868173 673.7096559594663 532.0310246047239 133.5743824624896 631.6798703053871 493.80009699013374 85.75567259175982 281.2953531137542 846.1642568799252 81.94237197998781 234.35611146783467 802.2848909544102 54.7857093750727 207.74976983970183 776.5216188210536 -0.05826688203369231 193.67562223199138 763.0636403583972 -0.027950195806685278 459.225926728501 454.4065950087836 -177.22636608503473 759.756203745618 406.90295022243004 -226.16630324966238 741.7417843106184 436.0565869047497 -219.97316499854185 812.8653575367287 406.9798876342843 -279.59565999524375 819.1535161037023 361.07337210729304 -245.02694723601672 890.2442088574794 319.54871449933535 389.7053472820464 186.99865716609943 -135.29058167660682 439.34807117821185 170.39441438074422 -104.40763318445238 425.60273509319893 97.17823350003067 -61.23980400617228 378.4429677372813 1.974977390315928 -79.23330548882717 429.34497617257875 2.1595522850628868 -38.53721019104546 483.32989836889305 1.8425236116847827 -52.80564441324208 468.46615067182626 101.87689156273564 -73.2227762415431 499.5217731864514 1.8472267942913732 -102.5495189163916 474.90943571902903 153.49368785331495 -131.40869851927127 -0.05840740276554473 289.41551964517726 890.8617178313893 58.03751204348355 309.84939610067397 870.6431239183244 275.6590920665846 474.00411972403424 483.56716499573304 294.16174370508776 540.6112565007255 513.1035170989946 262.72717823576943 605.6902264660336 534.5360753007625 199.75992877239744 631.1177709901999 535.2629625781378 136.1657938056358 610.3913288317476 516.5629404482949 -154.8986649634567 502.97752962899847 706.5069825646398 -160.09486005021452 523.2899103650795 709.3294488204757 -99.11349432809602 551.2885734715951 753.5495597589738 -151.1460807422433 542.4778704580549 707.0304312737584 -133.29559805917154 549.31040488607 700.9487940284235 -131.37653883551744 545.7432499749156 615.6432721048053 -137.6962332674618 532.2612708465474 495.72447289386366 554.5895064741502 140.5424106945201 -360.6977175760939 532.21875 241.34375 -352.375 517.075152406447 339.7692747261627 -335.39131627990247 -57.37249334444982 217.15432231727354 830.9404244726672 -82.05762754560104 234.36600774180334 802.2772968366139 -60.37171877006614 257.2870765820426 866.5117859885693 -85.86932691177178 281.3057095041192 846.1563096819573 -37.49618612753609 280.2025758923544 884.872778077565 -58.14998762041493 309.8564072185503 870.6377437868521 -0.05569731046417574 327.6424362284147 882.1508842063217 -58.019324729375114 308.91351803224666 747.1151459820726 -61.36273467532025 339.96409643947425 780.2348033796811 -38.83125004680866 361.6206572313617 803.3909983210988 248.5 239.625 -364.875 262.7480160654833 336.33728918505943 -338.77101447840306 279.65915056754835 403.8183100928666 -298.82708214937895 464.13339688992636 356.05320610244013 -127.305928720314 496.7931056603902 439.92491735839764 -214.95302372687013 110.32633409586583 1037.7950506723478 306.0163605092645 210.1325472673857 920.1524385797536 288.4848574036388 155.03799633247766 925.5869484764693 312.86011615407733 197.1896213059982 884.3355327321264 358.98647834864084 152.22161618491228 901.2024733524946 364.87766826252584 146.46108477402734 817.8896143029489 483.74095142396834 280.56076143050586 140.23086058223367 -163.41601854740694 290.467363362122 83.46101350024037 -99.7364638014518 262.8327358621898 1.5674337156216325 -144.17890164103585 280.44155568144015 1.6705698851074544 -81.82699992331578 341.2041172482924 1.8955707850525982 -58.76422176391986 340.14254887366826 89.22653560658961 -80.4010472802812 378.4285937949406 1.9551336893931648 -79.3237968133576 119.0280943977515 620.1306351304834 128.641331532251 253.4428357541777 740.824802030254 102.55585994809428 0.004253602891731075 722.907912535097 102.56140762304517 225.54777250624016 908.5818659846014 79.58140635425286 0.014653652246868768 877.618528109486 79.57658484267256 0.022097877994690967 1018.5923793594352 102.52366572109054 -225.51472618894832 908.6090845094611 79.56051963621292 -182.1655641074644 1015.9060853425987 102.50982367624704 245.0355513463545 890.2146369503954 319.57140713563194 219.9643337288285 812.8388103292343 407.0002592025651 -0.018180164802446466 708.3267143598902 568.0319802447889 -64.7682708878369 696.4627762063027 554.5266692164688 -110.4873510622011 673.7229880206246 532.020793962037 -133.6131167646035 631.6959932364907 493.78772471361697 -134.36398866017598 586.2917402686177 453.4482913185094 220.05927987239488 660.519908029919 182.67438840770114 295.9326117842581 665.2388771012572 224.85211977149055 236.72311388172724 764.1975309452134 154.00121397922334 279.5976315605854 777.0256861696905 181.1369460755664 -34.21657166171867 195.82675486053952 810.2390820215926 -34.86330178438254 288.09400083715974 724.8890436371503 -0.05087469242332305 281.3072232299091 717.6215271260412 -253.43216277955912 740.8553884562775 102.53238879895969 -119.03440491359297 620.1450005678106 128.63030790622713 -0.003749437122749248 608.2254974419861 125.9439734705478 117.30071401802572 526.1276738066028 192.52003468314297 227.99627045806682 612.7106176091432 131.3733510135374 220.0593546435286 661.7581333010976 182.67324945021016 196.35967386207565 982.5005516625833 188.83482892874576 149.54789055566908 1063.7534535954917 279.239144389722 0.0063762934690619055 867.9673133027412 245.7546457579208 0.0034719206189317148 849.7199733792927 284.69748005266297 116.10012595763875 867.9603078420337 245.76002154824346 113.9722215909357 849.7130961477447 284.70275744359344 -67.52714137228361 471.9521593701965 453.5194879713531 -105.5555396706633 514.614911873869 447.52869074913883 144.32974864160644 702.7556740681739 470.53700694491556 135.4806324569753 631.6797552762879 493.8001852601766 126.23253376878196 590.2787479081221 398.78780139533774 -120.69252295583313 500.2942006844537 694.1865796043198 -111.7437436478619 519.4821607774289 691.8875620576025 -116.9723428425312 539.7881694178905 694.6806600450543 -124.86717542658236 504.59436370295975 606.5489377750938 225.11709656830723 146.2696419897496 -253.64217721694376 233.23776800156693 145.38182884048769 -372.9721502323079 214.78272592176788 1.2896662203425535 -258.1197239634433 230.66449051971924 18.425866339882703 -365.05514220866655 248.21590049307517 1.327150599326444 -357.5860722467613 -295.94702133877496 723.4303175494883 400.70267361058495 599.3920101712395 2.0521455843239664 -118.91142993762503 575.1465815147005 105.7397064518172 -128.6678423154184 560.492916615098 1.994251654075299 -84.45620053966735 536.4909562616551 104.21064013947125 -97.87846675831975 -54.90179030762867 207.7563887272076 776.5165396759571 -0.05034927810649527 329.48503750883623 769.0577718716399 452.92636863707935 430.0278015071334 -151.97454559888706 318.30888249786545 150.09644824708536 -115.9222532825209 360.6050819282153 183.41350359883214 -133.89655852463565 100.86912714738959 1088.755116299848 123.14453749899423 127.20916114763173 1087.0555097983342 201.18081512865558 57.526228519251255 1106.0580830704062 127.30425068897273 70.55306730247351 1103.2249915451625 218.87626739393022 0.026507703423068477 1113.897776382421 131.48778734327271 0.021939827653702233 1109.7049040545799 224.6701463354094 -100.81837226917868 1088.7672867556776 123.13519823903641 -57.47377114808238 1106.0650225308111 127.29892554539595 -127.16583811652471 1087.0708595830342 201.16903614259172 -70.5094322894678 1103.2335036984964 218.8697354107494 -78.60684503175973 1090.0466538377436 280.7841312590167 218.09607880576274 451.59875171779464 465.4502226981367 -138.56072588427995 493.42986176705926 700.2281649475877 -196.3278250019772 982.5242476569983 188.81664529989098 530.8732539955099 164.95429837925926 -136.23916226275867 535.7778092909796 184.02406127138028 -194.68406009100767 182.20943483848944 1015.8840978131637 102.52669627790601 450.7063831057999 189.69153253054867 -147.73985295601034 -206.05727690966884 534.2485151088565 510.62476684556066 206.0052218983369 534.223649966221 510.6438476453443 78.64315451335517 1090.0371648799292 280.79141281403804 0.018465057268793703 1096.4411813298047 282.4254932109909 -144.3577505232925 702.7730943766576 470.523639098078 -135.51936675908914 631.6961082655898 493.787636443574 135.49240661586398 826.7831918217221 493.77845898649105 132.6462882130796 801.9201452327287 512.5252297744394 64.73172873755182 696.4549617704555 554.5326657911922 103.66893899767005 677.3138974089436 535.8485463289242 -0.023313139091900706 580.3301929188397 512.0833008103663 122.13146296787072 535.3955785412597 485.3640886156078 485.6783437222456 181.15741746600528 -151.29398115704686 306.602955708532 176.42922766566463 -157.39271469974793 -135.50759260020044 826.7995448110239 493.76591016988846 -0.008494768302715523 833.1231501082622 521.4978978990712 -132.66621101943736 801.9361550204562 512.5129443209157 -0.01720571169899958 735.9529193346657 582.9891072852546 -0.017056118891297333 724.5540661921916 564.9041370885988 82.60515230916508 947.3184512974312 240.62609915273993 -168.25817528101683 756.667502611364 414.9546771881801 -135.95142335255014 706.0219408211228 473.09134496202046 -103.70606040244569 677.3264110663476 535.8389437058875 -128.16635125784035 789.8210764271766 499.75400290990433 135.9235758609832 706.0055350315787 473.1039342960198 168.24182374557245 756.647197146788 414.9702590213416 128.14614800071138 789.8056097276549 499.7658716130611 -208.18143478371636 541.1782322708676 501.4688271781563 208.13106401199522 541.1531106699128 501.4881047767243</float_array>
                    <technique_common>
                        <accessor count="846" source="#pointarray5" stride="3">
                            <param name="X" type="float"/>
                            <param name="Y" type="float"/>
                            <param name="Z" type="float"/>
                        </accessor>
                    </technique_common>
                </source>
                <source id="uvs5">
                    <float_array id="uvarray5" count="1364">0.9847412109375 0.05584716796875 0.95452880859375 0.0323486328125 0.9847412109375 0.14697265625 0.9488525390625 0.13665771484375 0.98089599609375 0.2078857421875 0.945068359375 0.19586181640625 0.97711181640625 0.30316162109375 0.94818115234375 0.29437255859375 0.9656982421875 0.379638671875 0.92596435546875 0.379638671875 0.9403076171875 0.47467041015625 0.9024658203125 0.47467041015625 0.88726806640625 0.47900390625 0.858642578125 0.50067138671875 0.77496337890625 0.57269287109375 0.81121826171875 0.54351806640625 0.78155517578125 0.53924560546875 0.8223876953125 0.49627685546875 0.75543212890625 0.47467041015625 0.8583984375 0.49591064453125 0.72021484375 0.47467041015625 0.754150390625 0.53924560546875 0.6824951171875 0.47467041015625 0.7183837890625 0.53924560546875 0.68487548828125 0.47467041015625 0.69293212890625 0.53924560546875 0.64422607421875 0.47467041015625 0.66143798828125 0.53924560546875 0.60833740234375 0.47467041015625 0.63531494140625 0.53924560546875 0.7686767578125 0.19281005859375 0.71661376953125 0.17694091796875 0.77349853515625 0.25640869140625 0.71612548828125 0.24871826171875 0.767333984375 0.39892578125 0.71673583984375 0.39019775390625 0.71771240234375 0.47467041015625 0.58990478515625 0.379638671875 0.919921875 0.379638671875 0.90447998046875 0.28546142578125 0.88909912109375 0.17950439453125 0.89825439453125 0.1239013671875 0.90167236328125 0.0155029296875 0.9847412109375 0.03778076171875 0.9566650390625 0.0145263671875 0.9031982421875 0.00543212890625 0.868896484375 0.00439453125 0.86767578125 0.00860595703125 0.7872314453125 0.02191162109375 0.8590087890625 0.105224609375 0.74993896484375 0.09613037109375 0.57501220703125 0.0228271484375 0.57501220703125 0.04083251953125 0.6243896484375 0.02728271484375 0.62225341796875 0.12261962890625 0.651611328125 0.12139892578125 0.66339111328125 0.187255859375 0.67578125 0.1817626953125 0.6751708984375 0.25311279296875 0.197998046875 0.0201416015625 0.09625244140625 0 0.1920166015625 0.12103271484375 0.11328125 0.1236572265625 0.2056884765625 0.239013671875 0.06396484375 0.2398681640625 0.25811767578125 0.4622802734375 0.12774658203125 0.463134765625 0.286376953125 0.5399169921875 0.147705078125 0.53936767578125 0.3145751953125 0.0433349609375 0.3319091796875 0.13134765625 0.35382080078125 0.24755859375 0.39288330078125 0.46466064453125 0.39300537109375 0.53985595703125 0.5791015625 0.26031494140625 0.63226318359375 0.379638671875 0.62152099609375 0.2578125 0.678955078125 0.379638671875 0.577392578125 0.19451904296875 0.62188720703125 0.190185546875 0.654052734375 0.1163330078125 0.67437744140625 0.0172119140625 0.243896484375 0.993896484375 0.25079345703125 0.9879150390625 0.24713134765625 0.9879150390625 0.2557373046875 0.97320556640625 0.25347900390625 0.97320556640625 0.26446533203125 0.9517822265625 0.27178955078125 0.97320556640625 0.2740478515625 0.97320556640625 0.2806396484375 0.9879150390625 0.3387451171875 0.9681396484375 0.5982666015625 0.95916748046875 0.3330078125 0.990966796875 0.5931396484375 0.97833251953125 0.3330078125 0.99444580078125 0.5931396484375 0.9818115234375 0.0546875 0.05731201171875 0.0318603515625 0.1236572265625 0.269287109375 0.97320556640625 0.26641845703125 0.97320556640625 0.2630615234375 0.97320556640625 0.26275634765625 0.9879150390625 0.25830078125 0.9879150390625 0.25762939453125 0.993896484375 0.2520751953125 0.993896484375 0.0118408203125 0.9293212890625 0.06488037109375 0.9248046875 0.01190185546875 0.91436767578125 0.0653076171875 0.91485595703125 0.01190185546875 0.8360595703125 0.0616455078125 0.852294921875 0.01190185546875 0.7205810546875 0.10479736328125 0.74169921875 0.57568359375 0.1287841796875 0.26043701171875 0.97320556640625 0.25811767578125 0.97320556640625 0.25439453125 0.9879150390625 0.2479248046875 0.993896484375 0.65283203125 0.01751708984375 0.6243896484375 0.01666259765625 0.2894287109375 0.69525146484375 0.2646484375 0.69317626953125 0.25482177734375 0.7562255859375 0.25244140625 0.69207763671875 0.23260498046875 0.75341796875 0.24029541015625 0.69097900390625 0.21502685546875 0.6893310546875 0.20697021484375 0.81170654296875 0.23583984375 0.81781005859375 0.26373291015625 0.81378173828125 0.2528076171875 0.81378173828125 0.5631103515625 0.95916748046875 0.213623046875 0.83184814453125 0.790771484375 0.15411376953125 0.76397705078125 0.13031005859375 0.75213623046875 0.1595458984375 0.71710205078125 0.1051025390625 0.70361328125 0.13287353515625 0.25115966796875 0.83209228515625 0.23028564453125 0.8424072265625 0.34912109375 0.92779541015625 0.3935546875 0.91912841796875 0.419677734375 0.7930908203125 0.5787353515625 0.90185546875 0.236328125 0.6815185546875 0.24151611328125 0.6802978515625 0.24053955078125 0.69866943359375 0.265380859375 0.7010498046875 0.239501953125 0.71795654296875 0.26409912109375 0.72027587890625 0.10736083984375 0.857177734375 0.10809326171875 0.91925048828125 0.511474609375 0.260009765625 0.511474609375 0.2469482421875 0.4671630859375 0.25604248046875 0.466796875 0.2474365234375 0.42486572265625 0.251220703125 0.4232177734375 0.197265625 0.511474609375 0.2003173828125 0.4697265625 0.19976806640625 0.42193603515625 0.11163330078125 0.24017333984375 0.83209228515625 0.26275634765625 0.993896484375 0.267822265625 0.9879150390625 0.26922607421875 0.97320556640625 0.90447998046875 0.26666259765625 0.2630615234375 0.7220458984375 0.2513427734375 0.72607421875 0.24029541015625 0.7198486328125 0.2474365234375 0.68115234375 0.2540283203125 0.68212890625 0.2606201171875 0.68243408203125 0.2666015625 0.6827392578125 0.26885986328125 0.993896484375 0.2725830078125 0.9879150390625 0.285400390625 0.993896484375 0.280517578125 0.993896484375 0.27685546875 0.9879150390625 0.275146484375 0.993896484375 0.2626953125 0.6834716796875 0.2535400390625 0.682373046875 0.24432373046875 0.6812744140625 0.44781494140625 0.899169921875 0.42901611328125 0.8916015625 0.42181396484375 0.96270751953125 0.40850830078125 0.89569091796875 0.39532470703125 0.90283203125 0.17950439453125 0.84857177734375 0.16015625 0.8055419921875 0.11798095703125 0.728759765625 0.46148681640625 0.92266845703125 0.44952392578125 0.9488525390625 0.43536376953125 0.95892333984375 0.23583984375 0.69451904296875 0.58282470703125 0.95916748046875 0.60302734375 0.98138427734375 0.31182861328125 0.98736572265625 0.31640625 0.96807861328125 0.32135009765625 0.9957275390625 0.2716064453125 0.6849365234375 0.61285400390625 0.97833251953125 0.6180419921875 0.95916748046875 0.2705078125 0.6978759765625 0.3343505859375 0.900390625 0.35498046875 0.90399169921875 0.32794189453125 0.92425537109375 0.3731689453125 0.82818603515625 0.3529052734375 0.8245849609375 0.61395263671875 0.90185546875 0.6336669921875 0.89794921875 0.40130615234375 0.95294189453125 0.3851318359375 0.92974853515625 0.37554931640625 0.18975830078125 0.39105224609375 0.15234375 0.424560546875 0.774658203125 0.61883544921875 0.88336181640625 0.511474609375 0.0911865234375 0.411376953125 0.11248779296875 0.5836181640625 0.88336181640625 0.59844970703125 0.89794921875 0.11248779296875 0.53936767578125 0.65130615234375 0.6416015625 0.5850830078125 0.5845947265625 0.8157958984375 0.68939208984375 0.64276123046875 0.60693359375 0.7020263671875 0.60211181640625 0.61248779296875 0.5693359375 0.6783447265625 0.56414794921875 0.61962890625 0.4951171875 0.72088623046875 0.5450439453125 0.6953125 0.47607421875 0.74554443359375 0.50787353515625 0.729736328125 0.4361572265625 0.75140380859375 0.41314697265625 0.7091064453125 0.35772705078125 0.74530029296875 0.3353271484375 0.70550537109375 0.2808837890625 0.74273681640625 0.2459716796875 0.68505859375 0.2269287109375 0.72845458984375 0.18731689453125 0.69012451171875 0.1536865234375 0.77001953125 0.11016845703125 0.69378662109375 0.07464599609375 0.78387451171875 0.05291748046875 0.6654052734375 0.029541015625 0.89019775390625 0.00335693359375 0.75762939453125 0.018798828125 0.994384765625 0.0460205078125 0.9954833984375 0.12921142578125 0.95318603515625 0.0263671875 0.9483642578125 0.11993408203125 0.89019775390625 0.09796142578125 0.8260498046875 0.088623046875 0.89019775390625 0.1851806640625 0.843017578125 0.18408203125 0.89019775390625 0.3001708984375 0.84893798828125 0.3018798828125 0.89019775390625 0.41973876953125 0.78680419921875 0.41705322265625 0.89019775390625 0.507080078125 0.78680419921875 0.49853515625 0.89019775390625 0.57513427734375 0.78680419921875 0.565673828125 0.89019775390625 0.66375732421875 0.81036376953125 0.6575927734375 0.89019775390625 0.69842529296875 0.56488037109375 0.51104736328125 0.5989990234375 0.50848388671875 0.55303955078125 0.43975830078125 0.6019287109375 0.4307861328125 0.5728759765625 0.3797607421875 0.61492919921875 0.373779296875 0.56689453125 0.32879638671875 0.59857177734375 0.33135986328125 0.5615234375 0.265869140625 0.58837890625 0.26739501953125 0.561767578125 0.20050048828125 0.58819580078125 0.2064208984375 0.56787109375 0.1396484375 0.59686279296875 0.15631103515625 0.584716796875 0.0753173828125 0.6251220703125 0.1025390625 0.9378662109375 0.19061279296875 0.93194580078125 0.30902099609375 0.9954833984375 0.41705322265625 0.9954833984375 0.49853515625 0.9954833984375 0.565673828125 0.99163818359375 0.65545654296875 0.975830078125 0.68634033203125 0.5435791015625 0.38201904296875 0.5435791015625 0.3231201171875 0.5435791015625 0.26483154296875 0.5435791015625 0.2001953125 0.5435791015625 0.13232421875 0.5435791015625 0.0650634765625 0.5435791015625 0.00091552734375 0.5936279296875 0.63330078125 0.60577392578125 0.64306640625 0.563720703125 0.64306640625 0.60577392578125 0.6934814453125 0.5640869140625 0.6934814453125 0.60577392578125 0.743896484375 0.5706787109375 0.743896484375 0.60577392578125 0.77825927734375 0.5819091796875 0.77825927734375 0.60577392578125 0.8016357421875 0.52996826171875 0.77825927734375 0.498046875 0.77825927734375 0.47882080078125 0.743896484375 0.43597412109375 0.743896484375 0.4239501953125 0.6934814453125 0.45599365234375 0.54425048828125 0.45599365234375 0.55364990234375 0.50701904296875 0.54425048828125 0.50701904296875 0.55364990234375 0.55780029296875 0.5421142578125 0.54742431640625 0.55059814453125 0.5594482421875 0.5482177734375 0.5489501953125 0.60137939453125 0.56304931640625 0.60205078125 0.55316162109375 0.64306640625 0.5982666015625 0.6328125 0.605712890625 0.6121826171875 0.6890869140625 0.1536865234375 0.6458740234375 0.15753173828125 0.68402099609375 0.2269287109375 0.62115478515625 0.185546875 0.64837646484375 0.25830078125 0.60760498046875 0.21673583984375 0.6068115234375 0.2718505859375 0.587158203125 0.2064208984375 0.58734130859375 0.26739501953125 0.56072998046875 0.20050048828125 0.56048583984375 0.265869140625 0.57672119140625 0.60906982421875 0.5615234375 0.63250732421875 0.55645751953125 0.60150146484375 0.51446533203125 0.64306640625 0.51641845703125 0.60223388671875 0.4642333984375 0.60223388671875 0.4642333984375 0.5543212890625 0.41815185546875 0.55841064453125 0.41815185546875 0.54833984375 0.64483642578125 0.40936279296875 0.67718505859375 0.38800048828125 0.6376953125 0.37127685546875 0.66357421875 0.3175048828125 0.630126953125 0.32977294921875 0.6077880859375 0.2718505859375 0.66259765625 0.3175048828125 0.62908935546875 0.32977294921875 0.63665771484375 0.37127685546875 0.5975341796875 0.33135986328125 0.6138916015625 0.373779296875 0.56585693359375 0.32879638671875 0.57183837890625 0.3797607421875 0.69427490234375 0.47607421875 0.6761474609375 0.38800048828125 0.65380859375 0.4951171875 0.643798828125 0.40936279296875 0.562744140625 0.50848388671875 0.6009521484375 0.4307861328125 0.552001953125 0.43975830078125 0.66436767578125 0.3175048828125 0.677978515625 0.38800048828125 0.70989990234375 0.35772705078125 0.73052978515625 0.4361572265625 0.752197265625 0.41314697265625 0.74627685546875 0.50787353515625 0.76336669921875 0.544189453125 0.7625732421875 0.544189453125 0.7486572265625 0.5784912109375 0.50701904296875 0.60076904296875 0.5084228515625 0.64306640625 0.51617431640625 0.6934814453125 0.46630859375 0.6934814453125 0.4781494140625 0.743896484375 0.4361572265625 0.743896484375 0.46630859375 0.77825927734375 0.58648681640625 0.77825927734375 0.57501220703125 0.743896484375 0.5650634765625 0.6934814453125 0.244140625 0.6817626953125 0.26251220703125 0.6839599609375 0.74761962890625 0.5784912109375 0.70098876953125 0.60211181640625 0.6417236328125 0.60693359375 0.61151123046875 0.5693359375 0.58404541015625 0.5845947265625 0.5638427734375 0.51104736328125 0.69281005859375 0.07464599609375 0.62408447265625 0.1025390625 0.5958251953125 0.15631103515625 0.66436767578125 0.029541015625 0.583740234375 0.0753173828125 0.56683349609375 0.1396484375 0.46527099609375 0.64306640625 0.517333984375 0.6934814453125 0.47064208984375 0.6934814453125 0.521728515625 0.743896484375 0.41815185546875 0.60638427734375 0.416015625 0.64306640625 0.67730712890625 0.56414794921875 0.71990966796875 0.5450439453125 0.24359130859375 0.68115234375 0.261962890625 0.683349609375 0.74609375 0.3353271484375 0.706298828125 0.2808837890625 0.68585205078125 0.2269287109375 0.52789306640625 0.743896484375 0.54937744140625 0.77825927734375 0.6494140625 0.25830078125 0.60858154296875 0.21673583984375 0.266357421875 0.81378173828125 0.25244140625 0.83343505859375 0.78680419921875 0.30987548828125 0.7435302734375 0.2459716796875 0.5025634765625 0.77825927734375 0.78680419921875 0.20196533203125 0.78680419921875 0.18560791015625 0.69091796875 0.1536865234375 0.729248046875 0.18731689453125 0.694580078125 0.07464599609375 0.6221923828125 0.185546875 0.6468505859375 0.15753173828125 0.4183349609375 0.60638427734375 0.41619873046875 0.64306640625 0.45599365234375 0.60223388671875 0.45892333984375 0.64306640625 0.4195556640625 0.95037841796875 0.41070556640625 0.92578125 0.48040771484375 0.94195556640625 0.4168701171875 0.904296875 0.43511962890625 0.889404296875 0.42413330078125 0.6934814453125 0.4642333984375 0.54425048828125 0.51641845703125 0.54425048828125 0.44097900390625 0.96435546875 0.46337890625 0.9593505859375 0.463134765625 0.88885498046875 0.476318359375 0.90789794921875 0.55645751953125 0.54425048828125 0.24420166015625 0.6810302734375 0.26251220703125 0.6832275390625 0.46612548828125 0.77825927734375 0.4183349609375 0.54833984375 0.4183349609375 0.55841064453125 0.45599365234375 0.5543212890625 0.9954833984375 0.30987548828125 0.9954833984375 0.20196533203125 0.7584228515625 0.018798828125 0.66619873046875 0.029541015625 0.78497314453125 0.05291748046875 0.6502685546875 0.6416015625 0.69610595703125 0.47607421875 0.74945068359375 0.5784912109375 0.7216796875 0.5450439453125 0.48016357421875 0.9273681640625 0.66400146484375 0.3175048828125 0.6844482421875 0.2269287109375 0.455078125 0.47705078125 0.42767333984375 0.4605712890625 0.42767333984375 0.47705078125 0.455078125 0.4605712890625 0.24371337890625 0.62811279296875 0.31341552734375 0.65338134765625 0.298828125 0.59698486328125 0.33465576171875 0.64727783203125 0.341796875 0.57470703125 0.36846923828125 0.63018798828125 0.38848876953125 0.62554931640625 0.38848876953125 0.6796875 0.36151123046875 0.7022705078125 0.35003662109375 0.7666015625 0.31903076171875 0.7508544921875 0.65289306640625 0.70343017578125 0.64947509765625 0.746826171875 0.6312255859375 0.69842529296875 0.6270751953125 0.746826171875 0.597900390625 0.694091796875 0.6014404296875 0.746826171875 0.56732177734375 0.69384765625 0.5704345703125 0.746826171875 0.53509521484375 0.70513916015625 0.539794921875 0.746826171875 0.468505859375 0.70916748046875 0.50262451171875 0.746826171875 0.46649169921875 0.746826171875 0.48626708984375 0.50164794921875 0.4873046875 0.539794921875 0.45684814453125 0.53802490234375 0.4873046875 0.59210205078125 0.4483642578125 0.586669921875 0.46295166015625 0.6494140625 0.44873046875 0.64862060546875 0.4537353515625 0.67828369140625 0.42333984375 0.67718505859375 0.45880126953125 0.70794677734375 0.42779541015625 0.7069091796875 0.43609619140625 0.746826171875 -0.7376708984375 0.7276611328125 -0.72430419921875 0.71893310546875 -0.74468994140625 0.70556640625 -0.72705078125 0.70562744140625 -0.7529296875 0.6922607421875 -0.7332763671875 0.6956787109375 -0.76312255859375 0.70013427734375 -0.74090576171875 0.7015380859375 -0.77520751953125 0.72650146484375 -0.7498779296875 0.72125244140625 -0.7685546875 0.74786376953125 -0.7474365234375 0.7340087890625 0.445068359375 0.52362060546875 0.4261474609375 0.58154296875 0.4188232421875 0.6474609375 0.4029541015625 0.70001220703125 0.40655517578125 0.746826171875 0.59271240234375 0.62432861328125 0.5640869140625 0.647216796875 0.53240966796875 0.65301513671875 0.529052734375 0.59759521484375 0.45928955078125 0.70916748046875 0.41851806640625 0.67828369140625 0.423583984375 0.70794677734375 -0.7452392578125 0.68951416015625 -0.75640869140625 0.6715087890625 -0.770263671875 0.68212890625 -0.78656005859375 0.71783447265625 -0.7740478515625 0.75140380859375 0.6671142578125 0.99908447265625 0.68621826171875 0.91595458984375 0.6671142578125 0.91595458984375 0.68621826171875 0.86553955078125 0.6671142578125 0.86553955078125 0.68621826171875 0.80340576171875 0.6671142578125 0.80340576171875 0.68621826171875 0.76513671875 0.6671142578125 0.76513671875 0.68621826171875 0.71746826171875 0.98663330078125 0.7982177734375 0.98663330078125 0.76202392578125 0.72552490234375 0.78204345703125 0.98663330078125 0.7425537109375 0.72552490234375 0.7515869140625 0.96600341796875 0.72894287109375 0.72552490234375 0.72210693359375 0.948486328125 0.7314453125 0.72552490234375 0.7222900390625 0.9432373046875 0.7222900390625 0.561767578125 0.600341796875 0.52691650390625 0.545166015625 0.52484130859375 0.5059814453125 0.68621826171875 0.99908447265625 0.72137451171875 0.91595458984375 0.72137451171875 0.86553955078125 0.72137451171875 0.80340576171875 0.72137451171875 0.76513671875 0.72137451171875 0.71746826171875 0.72137451171875 0.99908447265625 0.02490234375 0.37939453125 0.06060791015625 0.41424560546875 0 0.4105224609375 0.06695556640625 0.44110107421875 0 0.4415283203125 0 0.475830078125 0.05889892578125 0.47784423828125 0.55499267578125 0.5478515625 0.98663330078125 0.8583984375 0.72723388671875 0.8583984375 0.98663330078125 0.89154052734375 0.72552490234375 0.90576171875 0.98663330078125 0.9183349609375 0.72552490234375 0.93450927734375 0.98663330078125 0.93780517578125 0.98663330078125 0.957275390625 0.41351318359375 0.64862060546875 0.6671142578125 0.71746826171875 0.06072998046875 0.41424560546875 0.04693603515625 0.37939453125 0.02392578125 0.3477783203125 0.00006103515625 0.380615234375 0.00006103515625 0.34234619140625 0.314697265625 0.8470458984375 0.26123046875 0.868408203125 0.2666015625 0.93035888671875 0.21441650390625 0.8726806640625 0.1837158203125 0.921630859375 -0.725341796875 0.7196044921875 -0.73333740234375 0.72479248046875 0.1285400390625 0.63885498046875 0.1656494140625 0.67578125 0.1861572265625 0.63348388671875 0.206787109375 0.65673828125 0.279541015625 0.6513671875 0.633056640625 0.8333740234375 0.637939453125 0.8394775390625 0.62579345703125 0.8314208984375 0.62579345703125 0.845458984375 0.63861083984375 0.8485107421875 0.1063232421875 0.99298095703125 0.10723876953125 0.95611572265625 0.06195068359375 0.99407958984375 0.0635986328125 0.9544677734375 0.0118408203125 0.99420166015625 0.0118408203125 0.95428466796875 0.431640625 0.3153076171875 0.469482421875 0.3162841796875 0.42828369140625 0.28326416015625 0.4681396484375 0.2818603515625 0.37225341796875 0.2532958984375 0.373291015625 0.30133056640625 0.0179443359375 0.50787353515625 0 0.50897216796875 0.03936767578125 0.49835205078125 0.2906494140625 0.8284912109375 0.6339111328125 0.8548583984375 0.62579345703125 0.85711669921875 0.44122314453125 0.381103515625 0.01190185546875 0.92431640625 -0.73468017578125 0.7122802734375 0.18035888671875 0.71929931640625 0.182373046875 0.97686767578125 0.11383056640625 0.70556640625 0.62762451171875 0.835693359375 0.6343994140625 0.84088134765625 0.63037109375 0.84271240234375 0.6392822265625 0.83245849609375 0.6414794921875 0.83795166015625 0.64373779296875 0.843505859375 0.64227294921875 0.8492431640625 0.63934326171875 0.8524169921875 0.63336181640625 0.8553466796875 0.511474609375 0.31640625 0.511474609375 0.28167724609375 0.511474609375 0.255615234375 0.63470458984375 0.83001708984375 0.62738037109375 0.83001708984375 -0.73284912109375 0.7244873046875 0.422607421875 0.0853271484375 0.511474609375 0.03515625 0.61517333984375 0.84197998046875 0.61517333984375 0.8392333984375 0.72552490234375 0.956787109375 0.96600341796875 0.96923828125 0.72552490234375 0.97607421875 0.948486328125 0.985107421875 0.72552490234375 0.99530029296875 0.9432373046875 0.995361328125 0.98663330078125 0.858154296875 0.98663330078125 0.82275390625 0.72723388671875 0.858154296875 0.72552490234375 0.810791015625 0.18017578125 0.71923828125 0.190185546875 0.722412109375 0.16546630859375 0.67578125 0.17596435546875 0.6724853515625 0.129638671875 0.639892578125 0.14227294921875 0.63800048828125 0.01190185546875 0.6456298828125 0.38385009765625 0.09039306640625 0.3839111328125 0.091552734375 0.4228515625 0.08319091796875 0.42279052734375 0.0853271484375 0.50958251953125 0.03399658203125 0.38848876953125 0.56298828125 0.11358642578125 0.70556640625 0.0133056640625 0.6441650390625 0.11529541015625 0.70367431640625 0.1787109375 0.7161865234375 0.42132568359375 0.746826171875 0.4512939453125 0.746826171875 0.63958740234375 0.746826171875 0.6142578125 0.746826171875 0.5859375 0.746826171875 0.55511474609375 0.746826171875 0.52117919921875 0.746826171875 0.48455810546875 0.746826171875 0.6356201171875 0.83099365234375 0.6412353515625 0.83685302734375 0.6474609375 0.84857177734375 0.3837890625 0.091552734375</float_array>
                    <technique_common>
                        <accessor count="682" source="#uvarray5" stride="2">
                            <param name="S" type="float"/>
                            <param name="T" type="float"/>
                        </accessor>
                    </technique_common>
                </source>
                <vertices id="vertices5">
                    <input semantic="POSITION" source="#points5"/>
                </vertices>
                <polylist count="1570" material="Material1">
                    <input offset="0" semantic="VERTEX" source="#vertices5"/>
                    <input offset="1" semantic="TEXCOORD" source="#uvs5" set="0"/>
                    <vcount>3 3 3 3 3 3 3 3 3 3 3 3 3 3 3 3 3 3 3 3 3 3 3 3 3 3 3 3 3 3 3 3 3 3 3 3 3 3 3 3 3 3 3 3 3 3 3 3 3 3 3 3 3 3 3 3 3 3 3 3 3 3 3 3 3 3 3 3 3 3 3 3 3 3 3 3 3 3 3 3 3 3 3 3 3 3 3 3 3 3 3 3 3 3 3 3 3 3 3 3 3 3 3 3 3 3 3 3 3 3 3 3 3 3 3 3 3 3 3 3 3 3 3 3 3 3 3 3 3 3 3 3 3 3 3 3 3 3 3 3 3 3 3 3 3 3 3 3 3 3 3 3 3 3 3 3 3 3 3 3 3 3 3 3 3 3 3 3 3 3 3 3 3 3 3 3 3 3 3 3 3 3 3 3 3 3 3 3 3 3 3 3 3 3 3 3 3 3 3 3 3 3 3 3 3 3 3 3 3 3 3 3 3 3 3 3 3 3 3 3 3 3 3 3 3 3 3 3 3 3 3 3 3 3 3 3 3 3 3 3 3 3 3 3 3 3 3 3 3 3 3 3 3 3 3 3 3 3 3 3 3 3 3 3 3 3 3 3 3 3 3 3 3 3 3 3 3 3 3 3 3 3 3 3 3 3 3 3 3 3 3 3 3 3 3 3 3 3 3 3 3 3 3 3 3 3 3 3 3 3 3 3 3 3 3 3 3 3 3 3 3 3 3 3 3 3 3 3 3 3 3 3 3 3 3 3 3 3 3 3 3 3 3 3 3 3 3 3 3 3 3 3 3 3 3 3 3 3 3 3 3 3 3 3 3 3 3 3 3 3 3 3 3 3 3 3 3 3 3 3 3 3 3 3 3 3 3 3 3 3 3 3 3 3 3 3 3 3 3 3 3 3 3 3 3 3 3 3 3 3 3 3 3 3 3 3 3 3 3 3 3 3 3 3 3 3 3 3 3 3 3 3 3 3 3 3 3 3 3 3 3 3 3 3 3 3 3 3 3 3 3 3 3 3 3 3 3 3 3 3 3 3 3 3 3 3 3 3 3 3 3 3 3 3 3 3 3 3 3 3 3 3 3 3 3 3 3 3 3 3 3 3 3 3 3 3 3 3 3 3 3 3 3 3 3 3 3 3 3 3 3 3 3 3 3 3 3 3 3 3 3 3 3 3 3 3 3 3 3 3 3 3 3 3 3 3 3 3 3 3 3 3 3 3 3 3 3 3 3 3 3 3 3 3 3 3 3 3 3 3 3 3 3 3 3 3 3 3 3 3 3 3 3 3 3 3 3 3 3 3 3 3 3 3 3 3 3 3 3 3 3 3 3 3 3 3 3 3 3 3 3 3 3 3 3 3 3 3 3 3 3 3 3 3 3 3 3 3 3 3 3 3 3 3 3 3 3 3 3 3 3 3 3 3 3 3 3 3 3 3 3 3 3 3 3 3 3 3 3 3 3 3 3 3 3 3 3 3 3 3 3 3 3 3 3 3 3 3 3 3 3 3 3 3 3 3 3 3 3 3 3 3 3 3 3 3 3 3 3 3 3 3 3 3 3 3 3 3 3 3 3 3 3 3 3 3 3 3 3 3 3 3 3 3 3 3 3 3 3 3 3 3 3 3 3 3 3 3 3 3 3 3 3 3 3 3 3 3 3 3 3 3 3 3 3 3 3 3 3 3 3 3 3 3 3 3 3 3 3 3 3 3 3 3 3 3 3 3 3 3 3 3 3 3 3 3 3 3 3 3 3 3 3 3 3 3 3 3 3 3 3 3 3 3 3 3 3 3 3 3 3 3 3 3 3 3 3 3 3 3 3 3 3 3 3 3 3 3 3 3 3 3 3 3 3 3 3 3 3 3 3 3 3 3 3 3 3 3 3 3 3 3 3 3 3 3 3 3 3 3 3 3 3 3 3 3 3 3 3 3 3 3 3 3 3 3 3 3 3 3 3 3 3 3 3 3 3 3 3 3 3 3 3 3 3 3 3 3 3 3 3 3 3 3 3 3 3 3 3 3 3 3 3 3 3 3 3 3 3 3 3 3 3 3 3 3 3 3 3 3 3 3 3 3 3 3 3 3 3 3 3 3 3 3 3 3 3 3 3 3 3 3 3 3 3 3 3 3 3 3 3 3 3 3 3 3 3 3 3 3 3 3 3 3 3 3 3 3 3 3 3 3 3 3 3 3 3 3 3 3 3 3 3 3 3 3 3 3 3 3 3 3 3 3 3 3 3 3 3 3 3 3 3 3 3 3 3 3 3 3 3 3 3 3 3 3 3 3 3 3 3 3 3 3 3 3 3 3 3 3 3 3 3 3 3 3 3 3 3 3 3 3 3 3 3 3 3 3 3 3 3 3 3 3 3 3 3 3 3 3 3 3 3 3 3 3 3 3 3 3 3 3 3 3 3 3 3 3 3 3 3 3 3 3 3 3 3 3 3 3 3 3 3 3 3 3 3 3 3 3 3 3 3 3 3 3 3 3 3 3 3 3 3 3 3 3 3 3 3 3 3 3 3 3 3 3 3 3 3 3 3 3 3 3 3 3 3 3 3 3 3 3 3 3 3 3 3 3 3 3 3 3 3 3 3 3 3 3 3 3 3 3 3 3 3 3 3 3 3 3 3 3 3 3 3 3 3 3 3 3 3 3 3 3 3 3 3 3 3 3 3 3 3 3 3 3 3 3 3 3 3 3 3 3 3 3 3 3 3 3 3 3 3 3 3 3 3 3 3 3 3 3 3 3 3 3 3 3 3 3 3 3 3 3 3 3 3 3 3 3 3 3 3 3 3 3 3 3 3 3 3 3 3 3 3 3 3 3 3 3 3 3 3 3 3 3 3 3 3 3 3 3 3 3 3 3 3 3 3 3 3 3 3 3 3 3 3 3 3 3 3 3 3 3 3 3 3 3 3 3 3 3 3 3 3 3 3 3 3 3 3 3 3 3 3 3 3 3 3 3 3 3 3 3 3 3 3 3 3 3 3 3 3 3 3 3 3 3 3 3 3 3 3 3 3 3 3 3 3 3 3 3 3 3 3 3 3 3 3 3 3 3 3 3 3 3 3 3 3 3 3 3 3 3 3 3 3 3 3 3 3 3 3 3 3 3 3 3 3 3 3 3 3 3 3 3 3 3 3 3 3 3 3 3 3 3 3 3 3 3 3 3 3 3 3 3 3 3 3 3 3 3 3 3 3 3 3 3 3 3 3 3 3 3 3 3 3 3 3 3 3 3 3 3 3 3 3 3 3 3 3 3 3 3 3 3 3 3 3 3 3 3 3 3 3 3 3 3 3 3 3 3 3 3 3 3 3 3 3 3 3 3 3 3 3 3 3 3 3 3 3 3 3 3 3 3 3 3 3 3 3 3 3 3 3 3 3 3 3 3 3 3 3 3 3 3 3 3 3 3 3 3 3 3 3 3 3 3 3 3 3 3 3 3 3 3 3 3 3 3 3 3 3 3 3 3 3 3 3 3 3 3 3 3 3 3 3 3 3 3 3 3 3 3 3 3 3 3 3 3</vcount>
                    <p>2 2 1 1 0 0 3 3 1 1 2 2 4 4 3 3 2 2 5 5 3 3 4 4 6 6 5 5 4 4 7 7 5 5 6 6 8 8 7 7 6 6 9 9 7 7 8 8 10 10 9 9 8 8 11 11 9 9 10 10 12 12 11 11 10 10 13 13 11 11 12 12 14 14 13 13 12 12 15 15 13 13 14 14 16 16 15 15 14 14 17 17 15 15 16 16 18 18 17 17 16 16 21 11 20 12 19 10 22 13 20 12 21 11 23 19 22 13 21 11 24 15 22 13 23 19 25 17 24 15 23 19 26 16 24 15 25 17 27 20 26 16 25 17 28 21 26 16 27 20 29 22 28 21 27 20 30 23 28 21 29 22 31 24 30 23 29 22 32 25 30 23 31 24 33 26 32 25 31 24 34 27 32 25 33 26 19 28 34 27 33 26 20 29 34 27 19 28 37 32 36 31 35 30 38 33 36 31 37 32 39 34 38 33 37 32 40 35 38 33 39 34 18 18 40 35 39 34 41 36 40 35 18 18 42 21 41 36 18 18 43 23 41 36 42 21 14 14 43 23 42 21 44 25 43 23 14 14 45 27 44 25 14 14 46 26 44 25 45 27 10 28 46 26 45 27 8 37 46 26 10 28 48 38 11 11 47 19 9 9 11 11 48 38 49 39 9 9 48 38 7 7 9 9 49 39 50 40 7 7 49 39 5 5 7 7 50 40 51 41 5 5 50 40 3 3 5 5 51 41 52 42 3 3 51 41 1 1 3 3 52 42 55 44 54 0 53 43 56 1 54 0 55 44 57 45 56 1 55 44 58 42 56 1 57 45 59 46 58 42 57 45 60 47 58 42 59 46 61 48 60 47 59 46 62 49 60 47 61 48 63 50 62 49 61 48 66 48 65 49 64 50 67 47 65 49 66 48 68 46 67 47 66 48 52 42 67 47 68 46 69 45 52 42 68 46 1 1 52 42 69 45 70 44 1 1 69 45 0 0 1 1 70 44 71 43 0 0 70 44 72 53 0 52 71 51 73 54 0 52 72 53 74 55 73 54 72 53 75 56 73 54 74 55 76 57 75 56 74 55 77 58 75 56 76 57 38 33 77 58 76 57 40 35 77 58 38 33 78 61 64 60 65 59 79 62 64 60 78 61 80 63 79 62 78 61 37 64 79 62 80 63 81 65 37 64 80 63 39 66 37 64 81 65 17 67 39 66 81 65 18 68 39 66 17 67 50 70 65 59 51 69 78 61 65 59 50 70 49 71 78 61 50 70 80 63 78 61 49 71 48 72 80 63 49 71 81 65 80 63 48 72 47 73 81 65 48 72 17 67 81 65 47 73 84 75 83 74 82 37 85 76 83 74 84 75 86 77 85 76 84 75 87 58 85 76 86 77 88 35 87 58 86 77 89 33 87 58 88 35 90 34 89 33 88 35 91 32 89 33 90 34 85 76 92 78 83 74 93 79 92 78 85 76 87 58 93 79 85 76 94 56 93 79 87 58 95 57 94 56 87 58 96 55 94 56 95 57 97 80 96 55 95 57 98 81 96 55 97 80 33 26 82 37 19 28 84 75 82 37 33 26 31 24 84 75 33 26 86 77 84 75 31 24 29 22 86 77 31 24 88 35 86 77 29 22 27 20 88 35 29 22 90 34 88 35 27 20 101 84 100 83 99 82 102 85 100 83 101 84 103 86 102 85 101 84 104 87 102 85 103 86 105 88 104 87 103 86 106 89 104 87 105 88 107 90 106 89 105 88 110 93 109 92 108 91 111 94 109 92 110 93 112 95 111 94 110 93 113 96 111 94 112 95 114 93 113 96 112 95 115 94 113 96 114 93 116 92 115 94 114 93 62 59 118 70 117 69 119 61 118 70 62 59 63 60 119 61 62 59 120 62 119 61 63 60 121 97 120 62 63 60 122 98 120 62 121 97 123 76 6 74 4 78 124 75 6 74 123 76 125 77 124 75 123 76 126 24 124 75 125 77 41 36 126 24 125 77 43 23 126 24 41 36 127 100 104 87 106 99 128 101 104 87 127 100 129 102 128 101 127 100 130 103 128 101 129 102 131 104 130 103 129 102 132 105 130 103 131 104 135 108 134 107 133 106 136 109 134 107 135 108 137 110 136 109 135 108 138 111 136 109 137 110 139 112 138 111 137 110 140 113 138 111 139 112 141 79 4 78 2 114 123 76 4 78 141 79 77 58 123 76 141 79 125 77 123 76 77 58 40 35 125 77 77 58 41 36 125 77 40 35 56 1 142 2 54 0 143 3 142 2 56 1 58 42 143 3 56 1 117 41 143 3 58 42 60 47 117 41 58 42 62 49 117 41 60 47 144 115 104 87 128 101 145 116 104 87 144 115 146 117 145 116 144 115 100 83 145 116 146 117 147 118 100 83 146 117 99 82 100 83 147 118 74 55 149 81 148 80 150 119 149 81 74 55 72 53 150 119 74 55 151 120 150 119 72 53 71 51 151 120 72 53 54 52 152 53 53 51 153 54 152 53 54 52 142 114 153 54 54 52 93 79 153 54 142 114 92 78 93 79 142 114 156 123 155 122 154 121 157 124 155 122 156 123 158 125 157 124 156 123 159 126 157 124 158 125 160 127 159 126 158 125 158 125 161 128 160 127 162 129 161 128 158 125 156 123 162 129 158 125 163 130 162 129 156 123 154 121 163 130 156 123 164 125 163 128 154 127 165 129 163 128 164 125 166 123 165 129 164 125 64 131 165 129 166 123 66 121 64 131 166 123 169 125 168 126 167 127 170 124 168 126 169 125 171 123 170 124 169 125 172 122 170 124 171 123 173 121 172 122 171 123 176 95 175 96 174 93 177 94 175 96 176 95 178 93 177 94 176 95 179 132 177 94 178 93 180 91 179 132 178 93 183 123 182 124 181 122 184 125 182 124 183 123 185 129 184 125 183 123 186 128 184 125 185 129 187 133 186 128 185 129 171 123 188 130 173 121 189 129 188 130 171 123 169 125 189 129 171 123 190 128 189 129 169 125 167 127 190 128 169 125 35 30 163 135 191 134 192 136 163 135 35 30 36 31 192 136 35 30 161 137 192 136 36 31 193 138 161 137 36 31 196 123 195 121 194 122 190 130 195 121 196 123 197 129 190 130 196 123 198 139 190 130 197 129 199 140 198 139 197 129 91 64 120 62 122 98 200 63 120 62 91 64 201 65 200 63 91 64 202 72 200 63 201 65 23 73 202 72 201 65 124 75 8 37 6 74 46 26 8 37 124 75 126 24 46 26 124 75 44 25 46 26 126 24 43 23 44 25 126 24 197 129 204 128 203 133 205 125 204 128 197 129 196 123 205 125 197 129 206 124 205 125 196 123 194 122 206 124 196 123 130 103 144 115 128 101 146 117 144 115 130 103 132 105 146 117 130 103 147 118 146 117 132 105 208 142 180 91 207 141 179 132 180 91 208 142 209 143 179 132 208 142 210 144 179 132 209 143 213 147 212 146 211 145 214 148 212 146 213 147 215 149 214 148 213 147 216 150 214 148 215 149 217 151 138 111 140 113 136 109 138 111 217 151 212 152 136 109 217 151 134 107 136 109 212 152 218 155 135 154 133 153 219 156 135 154 218 155 220 157 219 156 218 155 221 158 219 156 220 157 219 156 137 159 135 154 222 160 137 159 219 156 221 158 222 160 219 156 223 161 222 160 221 158 95 57 199 138 97 80 224 31 199 138 95 57 89 33 224 31 95 57 91 32 224 31 89 33 225 119 96 55 98 81 152 53 96 55 225 119 226 120 152 53 225 119 53 51 152 53 226 120 229 124 228 123 227 122 230 125 228 123 229 124 231 126 230 125 229 124 173 127 230 125 231 126 63 131 233 129 232 162 228 123 233 129 63 131 61 121 228 123 63 131 227 122 228 123 61 121 143 3 92 4 142 2 234 5 92 4 143 3 117 41 234 5 143 3 118 40 234 5 117 41 129 102 235 163 131 104 236 164 235 163 129 102 127 100 236 164 129 102 106 165 236 164 127 100 73 54 2 114 0 52 141 79 2 114 73 54 75 56 141 79 73 54 77 58 141 79 75 56 234 5 83 6 92 4 237 7 83 6 234 5 118 40 237 7 234 5 238 166 237 7 118 40 239 9 19 10 82 8 21 11 19 10 239 9 202 38 21 11 239 9 23 19 21 11 202 38 237 7 82 8 83 6 239 9 82 8 237 7 238 166 239 9 237 7 202 38 239 9 238 166 47 19 15 15 17 17 13 13 15 15 47 19 11 11 13 13 47 19 174 93 241 92 240 91 242 94 241 92 174 93 175 96 242 94 174 93 216 150 139 168 223 167 140 169 139 168 216 150 215 149 140 169 216 150 230 125 233 129 228 123 188 128 233 129 230 125 173 127 188 128 230 125 212 146 133 171 134 170 218 172 133 171 212 146 220 173 218 172 212 146 236 164 243 174 235 163 107 175 243 174 236 164 106 165 107 175 236 164 233 129 121 140 232 162 244 133 121 140 233 129 188 128 244 133 233 129 245 177 101 90 99 176 246 178 101 90 245 177 247 179 246 178 245 177 249 181 66 121 248 180 154 127 66 121 249 181 250 182 154 127 249 181 66 185 151 184 71 183 150 186 151 184 66 185 149 187 150 186 66 185 217 151 211 188 212 152 251 189 211 188 217 151 215 190 251 189 217 151 205 125 98 127 204 128 252 126 98 127 205 125 206 124 252 126 205 125 182 181 253 121 181 180 149 127 253 121 182 181 254 182 149 127 182 181 200 63 119 61 120 62 238 71 119 61 200 63 202 72 238 71 200 63 201 65 25 67 23 73 90 66 25 67 201 65 91 64 90 66 201 65 76 57 36 31 38 33 193 138 36 31 76 57 148 80 193 138 76 57 162 129 255 133 161 128 192 140 255 133 162 129 256 139 192 140 162 129 224 31 190 137 199 138 257 136 190 137 224 31 122 30 257 136 224 31 166 123 248 122 66 121 249 124 248 122 166 123 164 125 249 124 166 123 69 192 71 183 70 191 66 185 71 183 69 192 68 193 66 185 69 192 165 129 258 133 163 128 191 140 258 133 165 129 259 162 191 140 165 129 61 185 225 186 98 187 226 184 225 186 61 185 53 183 226 184 61 185 185 129 193 140 187 133 260 139 193 140 185 129 161 130 260 139 185 129 51 41 67 47 52 42 65 49 67 47 51 41 213 147 251 194 215 149 211 145 251 194 213 147 242 94 179 195 241 92 175 196 179 195 242 94 42 21 16 16 14 14 18 18 16 16 42 21 145 116 102 85 104 87 100 83 102 85 145 116 105 88 246 178 107 90 103 86 246 178 105 88 176 199 180 198 178 197 174 93 180 198 176 199 220 173 214 148 261 200 212 146 214 148 220 173 114 93 108 198 262 91 112 199 108 198 114 93 113 196 109 202 111 201 115 94 109 202 113 196 263 203 214 148 216 150 261 200 214 148 263 203 250 126 164 125 154 127 249 124 164 125 250 126 149 127 184 125 186 128 254 126 184 125 149 127 253 121 183 123 181 122 161 130 183 123 253 121 189 129 264 139 188 130 257 140 264 139 189 129 265 133 189 129 190 128 257 140 189 129 265 133 267 144 266 142 241 92 268 143 266 142 267 144 207 206 266 205 208 204 269 141 266 205 207 206 209 208 266 205 268 207 208 204 266 205 209 208 240 91 266 142 269 141 241 92 266 142 240 91 272 209 271 142 270 143 116 92 271 142 272 209 116 92 273 210 109 202 272 209 273 210 116 92 274 143 109 92 273 209 275 142 109 92 274 143 94 56 153 54 93 79 96 55 153 54 94 56 276 14 34 27 20 29 32 25 34 27 276 14 30 23 276 14 28 21 32 25 276 14 30 23 26 16 276 14 24 15 28 21 276 14 26 16 22 13 276 14 20 12 24 15 276 14 22 13 154 211 149 187 66 185 160 212 149 187 154 211 160 127 157 181 159 182 154 121 157 181 160 127 188 135 122 30 121 134 257 136 122 30 188 135 261 213 221 158 220 157 263 214 221 158 261 213 195 121 206 181 194 180 98 127 206 181 195 121 173 121 170 181 172 180 167 127 170 181 173 121 53 183 57 192 55 191 61 185 57 192 53 183 173 211 98 187 167 212 61 185 98 187 173 211 61 121 229 181 227 180 173 127 229 181 61 121 273 216 270 143 274 215 272 209 270 143 273 216 274 208 271 205 275 204 270 207 271 205 274 208 278 206 271 205 277 141 275 204 271 205 278 206 262 91 278 206 277 141 108 198 278 206 262 91 271 142 262 91 277 141 116 92 262 91 271 142 12 29 45 27 14 14 10 28 45 27 12 29 35 98 79 62 37 64 191 97 79 62 35 98 275 142 108 91 109 92 278 141 108 91 275 142 107 175 247 179 243 174 246 178 247 179 107 175 139 217 222 160 223 161 137 159 222 160 139 217 223 161 263 214 216 218 221 158 263 214 223 161 210 219 268 143 267 144 209 215 268 143 210 219 240 91 207 206 180 198 269 141 207 206 240 91 241 92 210 220 267 144 179 195 210 220 241 92 79 62 191 97 64 60 246 178 103 86 101 84 173 127 231 182 229 181 98 127 252 182 206 181 167 127 168 182 170 181 179 195 175 196 177 201 199 140 197 129 203 133 114 93 262 91 116 92 180 198 174 93 240 91 157 181 154 121 155 180 119 61 238 71 118 70 61 185 59 193 57 192 90 66 27 221 25 67 74 55 148 80 76 57 108 198 112 199 110 197 109 202 115 94 116 92 163 130 256 139 162 129 95 57 87 58 89 33 91 32 122 30 224 31 152 53 153 54 96 55 64 131 259 162 165 129 254 126 182 124 184 125 161 130 185 129 183 123 217 151 140 113 215 190 281 224 280 223 279 222 282 225 280 223 281 224 283 226 282 225 281 224 284 227 282 225 283 226 285 228 284 227 283 226 286 229 284 227 285 228 287 230 286 229 285 228 288 231 286 229 287 230 289 232 288 231 287 230 290 233 288 231 289 232 291 234 290 233 289 232 292 235 290 233 291 234 293 236 292 235 291 234 294 237 292 235 293 236 295 238 294 237 293 236 296 239 294 237 295 238 297 240 296 239 295 238 298 241 296 239 297 240 299 242 298 241 297 240 300 243 298 241 299 242 301 244 300 243 299 242 302 245 300 243 301 244 303 246 302 245 301 244 304 247 302 245 303 246 307 250 306 249 305 248 308 251 306 249 307 250 303 246 308 251 307 250 309 252 308 251 303 246 310 253 309 252 303 246 311 254 309 252 310 253 312 255 311 254 310 253 313 256 311 254 312 255 314 257 313 256 312 255 315 258 313 256 314 257 316 259 315 258 314 257 317 260 315 258 316 259 318 261 317 260 316 259 319 262 317 260 318 261 320 263 319 262 318 261 321 264 319 262 320 263 322 265 321 264 320 263 279 266 321 264 322 265 281 224 279 266 322 265 284 227 280 223 282 225 323 267 280 223 284 227 324 268 323 267 284 227 325 269 323 267 324 268 326 270 325 269 324 268 327 271 325 269 326 270 328 272 327 271 326 270 329 273 327 271 328 272 330 274 329 273 328 272 331 275 329 273 330 274 332 276 331 275 330 274 333 277 331 275 332 276 334 278 333 277 332 276 335 279 333 277 334 278 336 280 335 279 334 278 337 281 335 279 336 280 338 282 337 281 336 280 302 245 337 281 338 282 300 243 302 245 338 282 311 254 308 251 309 252 339 283 308 251 311 254 313 256 339 283 311 254 340 284 339 283 313 256 315 258 340 284 313 256 341 285 340 284 315 258 317 260 341 285 315 258 342 286 341 285 317 260 319 262 342 286 317 260 343 287 342 286 319 262 321 264 343 287 319 262 344 288 343 287 321 264 279 266 344 288 321 264 345 289 344 288 279 266 327 271 346 290 325 269 347 291 346 290 327 271 329 273 347 291 327 271 348 292 347 291 329 273 331 275 348 292 329 273 349 293 348 292 331 275 333 277 349 293 331 275 350 294 349 293 333 277 335 279 350 294 333 277 351 295 350 294 335 279 337 281 351 295 335 279 304 296 351 295 337 281 302 245 304 296 337 281 354 299 353 298 352 297 355 300 353 298 354 299 356 301 355 300 354 299 357 302 355 300 356 301 358 303 357 302 356 301 359 304 357 302 358 303 360 305 359 304 358 303 361 306 359 304 360 305 362 307 361 306 360 305 363 308 361 306 362 307 364 309 363 308 362 307 365 310 363 308 364 309 366 311 365 310 364 309 369 314 368 313 367 312 370 315 368 313 369 314 371 316 370 315 369 314 372 317 370 315 371 316 373 318 372 317 371 316 374 319 372 317 373 318 375 320 374 319 373 318 376 321 374 319 375 320 377 322 376 321 375 320 353 298 376 321 377 322 378 323 353 298 377 322 352 297 353 298 378 323 381 326 380 325 379 324 382 327 380 325 381 326 383 328 382 327 381 326 384 329 382 327 383 328 385 330 384 329 383 328 386 331 384 329 385 330 387 332 386 331 385 330 388 333 386 331 387 332 389 334 388 333 387 332 349 293 388 333 389 334 348 292 349 293 389 334 391 336 352 297 390 335 354 299 352 297 391 336 392 337 354 299 391 336 393 338 354 299 392 337 394 339 393 338 392 337 395 340 393 338 394 339 396 341 395 340 394 339 397 342 395 340 396 341 398 343 397 342 396 341 286 229 324 268 284 227 399 344 324 268 286 229 400 345 399 344 286 229 401 346 399 344 400 345 402 347 401 346 400 345 403 348 401 346 402 347 404 349 403 348 402 347 332 276 403 348 404 349 334 278 332 276 404 349 405 350 385 330 383 328 406 351 385 330 405 350 407 352 406 351 405 350 408 353 406 351 407 352 409 354 408 353 407 352 410 355 408 353 409 354 411 356 410 355 409 354 347 291 410 355 411 356 414 359 413 358 412 357 415 360 413 358 414 359 416 361 415 360 414 359 417 362 415 360 416 361 325 363 417 362 416 361 411 356 417 362 325 363 346 290 411 356 325 363 347 291 411 356 346 290 418 366 413 365 405 364 419 367 413 365 418 366 420 368 419 367 418 366 421 369 419 367 420 368 342 261 421 369 420 368 422 370 421 369 342 261 343 263 422 370 342 261 344 265 422 370 343 263 291 234 316 259 293 236 318 261 316 259 291 234 289 232 318 261 291 234 423 371 318 261 289 232 287 230 423 371 289 232 424 372 423 371 287 230 285 228 424 372 287 230 283 226 424 372 285 228 376 321 425 373 374 319 426 374 425 373 376 321 427 375 426 374 376 321 428 376 426 374 427 375 429 377 428 376 427 375 365 378 428 376 429 377 430 379 365 378 429 377 431 380 359 304 361 306 357 302 359 304 431 380 432 381 357 302 431 380 355 300 357 302 432 381 433 382 355 300 432 381 353 298 355 300 433 382 376 321 353 298 433 382 399 344 326 270 324 268 328 272 326 270 399 344 401 346 328 272 399 344 330 274 328 272 401 346 403 348 330 274 401 346 332 276 330 274 403 348 436 125 435 127 434 128 437 383 435 127 436 125 438 123 437 383 436 125 439 384 437 383 438 123 440 121 439 384 438 123 435 127 439 384 440 121 345 224 441 385 344 265 442 386 441 385 345 224 443 387 442 386 345 224 444 388 442 386 443 387 280 389 444 388 443 387 323 390 444 388 280 389 380 325 445 391 379 324 446 392 445 391 380 325 382 327 446 392 380 325 447 393 446 392 382 327 384 329 447 393 382 327 386 331 447 393 384 329 446 392 448 394 445 391 449 395 448 394 446 392 447 393 449 395 446 392 450 396 449 395 447 393 386 331 450 396 447 393 388 333 450 396 386 331 449 395 304 296 448 394 351 295 304 296 449 395 450 396 351 295 449 395 350 294 351 295 450 396 388 333 350 294 450 396 349 293 350 294 388 333 451 397 393 338 395 340 452 398 393 338 451 397 453 399 452 398 451 397 454 400 452 398 453 399 364 309 454 400 453 399 362 307 454 400 364 309 455 401 395 340 397 342 451 397 395 340 455 401 456 402 451 397 455 401 453 399 451 397 456 402 366 311 453 399 456 402 364 309 453 399 366 311 416 361 323 390 325 363 444 388 323 390 416 361 414 359 444 388 416 361 457 403 444 388 414 359 458 404 457 403 414 359 441 385 457 403 458 404 460 125 459 127 390 128 461 405 459 127 460 125 462 123 461 405 460 125 463 406 461 405 462 123 464 121 463 406 462 123 459 127 463 406 464 121 420 368 341 259 342 261 465 407 341 259 420 368 418 366 465 407 420 368 466 408 465 407 418 366 405 364 466 408 418 366 381 409 466 408 405 364 433 382 427 375 376 321 467 410 427 375 433 382 432 381 467 410 433 382 468 411 467 410 432 381 431 380 468 411 432 381 361 306 468 411 431 380 469 412 402 347 296 239 404 349 402 347 469 412 470 413 404 349 469 412 334 278 404 349 470 413 336 280 334 278 470 413 472 129 471 133 377 140 378 128 471 133 472 129 473 125 378 128 472 129 464 127 378 128 473 125 474 126 464 127 473 125 476 123 373 121 475 122 375 414 373 121 476 123 472 129 375 414 476 123 477 415 375 414 472 129 377 140 477 415 472 129 423 371 320 263 318 261 322 265 320 263 423 371 424 372 322 265 423 371 281 224 322 265 424 372 283 226 281 224 424 372 462 123 378 414 464 121 478 129 378 414 462 123 460 125 478 129 462 123 390 128 478 129 460 125 438 123 390 414 440 121 479 129 390 414 438 123 436 125 479 129 438 123 434 128 479 129 436 125 465 407 480 416 341 259 481 417 480 416 465 407 466 408 481 417 465 407 381 409 481 417 466 408 292 235 400 345 290 233 402 347 400 345 292 235 294 237 402 347 292 235 296 239 402 347 294 237 467 410 429 377 427 375 482 418 429 377 467 410 468 411 482 418 467 410 361 306 482 418 468 411 483 419 314 257 312 255 484 416 314 257 483 419 295 238 484 416 483 419 293 236 484 416 295 238 485 420 312 255 310 253 483 419 312 255 485 420 297 240 483 419 485 420 295 238 483 419 297 240 301 244 310 253 303 246 485 420 310 253 301 244 299 242 485 420 301 244 297 240 485 420 299 242 486 422 381 409 379 421 481 417 381 409 486 422 487 419 481 417 486 422 480 416 481 417 487 419 305 242 379 421 445 423 486 422 379 421 305 242 306 420 486 422 305 242 487 419 486 422 306 420 296 239 488 424 469 412 489 425 488 424 296 239 298 241 489 425 296 239 300 243 489 425 298 241 490 428 456 427 455 426 491 429 456 427 490 428 425 373 491 429 490 428 426 374 491 429 425 373 370 315 490 428 368 313 425 373 490 428 370 315 372 317 425 373 370 315 374 319 425 373 372 317 373 432 492 431 435 430 493 433 492 431 373 432 398 434 493 433 373 432 366 435 428 376 365 378 491 429 428 376 366 435 456 427 491 429 366 435 396 341 493 436 398 343 492 437 493 436 396 341 394 339 492 437 396 341 488 424 470 413 469 412 336 280 470 413 488 424 338 282 336 280 488 424 409 354 417 362 411 356 415 360 417 362 409 354 407 352 415 360 409 354 476 123 473 125 472 129 474 126 473 125 476 123 475 122 474 126 476 123 408 353 389 334 387 332 410 355 389 334 408 353 430 379 482 418 361 306 429 377 482 418 430 379 338 282 489 425 300 243 488 424 489 425 338 282 406 351 387 332 385 330 408 353 387 332 406 351 348 292 410 355 347 291 389 334 410 355 348 292 413 358 407 352 405 350 415 360 407 352 413 358 494 133 478 129 390 128 352 140 478 129 494 133 478 129 495 415 378 414 352 140 495 415 478 129 479 129 496 415 390 414 391 140 496 415 479 129 497 133 479 129 434 128 391 140 479 129 497 133 464 439 435 430 459 438 373 432 435 430 464 439 398 434 369 441 367 440 373 432 369 441 398 434 435 442 394 339 392 337 492 437 394 339 435 442 475 444 464 127 474 443 373 121 464 127 475 444 363 308 430 445 361 306 365 310 430 445 363 308 367 312 397 447 398 446 368 448 397 447 367 312 368 448 455 426 397 447 490 428 455 426 368 448 480 449 340 284 341 285 487 450 340 284 480 449 487 450 339 283 340 284 306 249 339 283 487 450 303 246 448 452 304 451 307 453 448 452 303 246 307 453 445 423 448 452 305 242 445 423 307 453 288 231 400 345 286 229 290 233 400 345 288 231 484 416 316 259 314 257 293 236 316 259 484 416 345 224 280 389 443 387 279 454 280 389 345 224 393 338 356 301 354 299 452 398 356 301 393 338 452 398 358 303 356 301 454 400 358 303 452 398 360 305 454 400 362 307 358 303 454 400 360 305 442 386 457 403 441 385 444 388 457 403 442 386 419 367 412 455 413 365 421 369 412 455 419 367 441 456 422 370 344 265 458 457 422 370 441 456 458 457 421 369 422 370 412 455 421 369 458 457 435 127 437 383 439 384 339 283 306 249 308 251 459 127 461 405 463 406 426 374 428 376 491 429 414 359 412 357 458 404 373 432 371 458 369 441 383 328 381 460 405 459 500 463 499 462 498 461 501 464 499 462 500 463 502 461 501 464 500 463 503 462 501 464 502 461 504 463 503 462 502 461 505 464 503 462 504 463 506 461 505 464 504 463 507 462 505 464 506 461 508 463 507 462 506 461 509 464 507 462 508 463 510 461 509 464 508 463 511 462 509 464 510 461 512 463 511 462 510 461 513 464 511 462 512 463 498 461 513 464 512 463 499 462 513 464 498 461 516 462 515 461 514 464 517 463 515 461 516 462 518 464 517 463 516 462 519 461 517 463 518 464 520 462 519 461 518 464 521 463 519 461 520 462 522 464 521 463 520 462 523 461 521 463 522 464 524 462 523 461 522 464 525 463 523 461 524 462 526 464 525 463 524 462 527 461 525 463 526 464 528 462 527 461 526 464 529 463 527 461 528 462 514 464 529 463 528 462 515 461 529 463 514 464 532 467 531 466 530 465 533 468 531 466 532 467 534 469 533 468 532 467 535 470 533 468 534 469 536 471 535 470 534 469 537 472 535 470 536 471 538 470 537 472 536 471 539 473 537 472 538 470 540 468 539 473 538 470 541 474 539 473 540 468 542 466 541 474 540 468 543 475 541 474 542 466 546 447 545 312 544 446 547 448 545 312 546 447 548 426 547 448 546 447 549 428 547 448 548 426 550 427 549 428 548 426 551 429 549 428 550 427 552 435 551 429 550 427 553 376 551 429 552 435 554 378 553 376 552 435 555 377 553 376 554 378 556 379 555 377 554 378 557 418 555 377 556 379 560 299 559 337 558 336 561 338 559 337 560 299 562 301 561 338 560 299 563 398 561 338 562 301 564 303 563 398 562 301 565 400 563 398 564 303 566 305 565 400 564 303 567 307 565 400 566 305 568 306 567 307 566 305 569 308 567 307 568 306 556 445 569 308 568 306 554 310 569 308 556 445 572 104 571 103 570 105 573 102 571 103 572 104 574 163 573 102 572 104 575 164 573 102 574 163 576 174 575 164 574 163 577 175 575 164 576 174 578 179 577 175 576 174 579 178 577 175 578 179 580 177 579 178 578 179 581 90 579 178 580 177 582 176 581 90 580 177 584 478 583 477 542 476 585 479 583 477 584 478 586 480 585 479 584 478 587 481 585 479 586 480 588 482 587 481 586 480 589 483 587 481 588 482 590 484 589 483 588 482 591 485 589 483 590 484 592 486 591 485 590 484 593 487 591 485 592 486 594 488 593 487 592 486 597 491 596 490 595 489 598 492 596 490 597 491 599 493 598 492 597 491 600 494 598 492 599 493 601 495 600 494 599 493 602 496 600 494 601 495 603 497 602 496 601 495 604 498 602 496 603 497 605 499 604 498 603 497 594 488 604 498 605 499 606 500 594 488 605 499 608 297 558 336 607 335 560 299 558 336 608 297 609 298 560 299 608 297 610 300 560 299 609 298 611 382 610 300 609 298 612 381 610 300 611 382 613 410 612 381 611 382 614 411 612 381 613 410 557 418 614 411 613 410 568 306 614 411 557 418 556 379 568 306 557 418 617 503 616 502 615 501 618 504 616 502 617 503 619 505 618 504 617 503 620 506 618 504 619 505 621 507 620 506 619 505 622 508 620 506 621 507 623 509 622 508 621 507 624 510 622 508 623 509 625 511 624 510 623 509 626 512 624 510 625 511 627 510 626 512 625 511 628 513 597 491 595 489 599 493 597 491 628 513 629 514 599 493 628 513 601 495 599 493 629 514 630 515 601 495 629 514 603 497 601 495 630 515 542 516 603 497 630 515 605 499 603 497 542 516 583 517 605 499 542 516 606 500 605 499 583 517 633 482 632 518 631 480 634 519 632 518 633 482 635 520 634 519 633 482 636 521 634 519 635 520 637 492 636 521 635 520 638 490 636 521 637 492 639 491 638 490 637 492 640 489 638 490 639 491 641 513 640 489 639 491 644 320 643 321 642 322 645 319 643 321 644 320 646 318 645 319 644 320 647 317 645 319 646 318 648 316 647 317 646 318 649 315 647 317 648 316 650 314 649 315 648 316 547 313 649 315 650 314 545 312 547 313 650 314 651 484 635 520 633 482 652 494 635 520 651 484 653 522 652 494 651 484 654 523 652 494 653 522 655 524 654 523 653 522 656 497 654 523 655 524 657 499 656 497 655 524 531 516 656 497 657 499 658 517 531 516 657 499 660 526 617 503 659 525 619 505 617 503 660 526 661 527 619 505 660 526 621 507 619 505 661 527 662 528 621 507 661 527 623 509 621 507 662 528 663 529 623 509 662 528 625 511 623 509 663 529 664 509 625 511 663 529 667 532 666 531 665 530 668 533 666 531 667 532 669 534 668 533 667 532 670 535 668 533 669 534 671 536 670 535 669 534 672 537 670 535 671 536 673 538 672 537 671 536 674 539 672 537 673 538 677 542 676 541 675 540 530 543 676 541 677 542 678 544 530 543 677 542 532 545 530 543 678 544 679 546 532 545 678 544 534 547 532 545 679 546 680 548 534 547 679 546 681 549 534 547 680 548 682 518 588 482 586 480 683 519 588 482 682 518 684 550 683 519 682 518 685 521 683 519 684 550 686 551 685 521 684 550 596 490 685 521 686 551 660 552 596 490 686 551 595 489 596 490 660 552 607 128 688 129 687 133 689 125 688 129 607 128 690 127 689 125 607 128 691 405 689 125 690 127 692 406 691 405 690 127 693 123 691 405 692 406 694 121 693 123 692 406 695 414 693 123 694 121 666 531 697 554 696 553 677 555 697 554 666 531 668 533 677 555 666 531 678 556 677 555 668 533 670 535 678 556 668 533 679 557 678 556 670 535 672 537 679 557 670 535 680 558 679 557 672 537 653 522 699 487 698 488 700 485 699 487 653 522 651 484 700 485 653 522 701 483 700 485 651 484 633 482 701 483 651 484 702 481 701 483 633 482 631 480 702 481 633 482 705 87 704 100 703 99 706 101 704 100 705 87 707 115 706 101 705 87 571 103 706 101 707 115 708 117 571 103 707 115 570 105 571 103 708 117 709 118 570 105 708 117 549 428 649 315 547 313 710 373 649 315 549 428 551 429 710 373 549 428 711 374 710 373 551 429 553 376 711 374 551 429 712 375 711 374 553 376 555 377 712 375 553 376 715 533 714 556 713 535 716 555 714 556 715 533 717 531 716 555 715 533 718 554 716 555 717 531 696 553 718 554 717 531 719 559 718 554 696 553 697 554 719 559 696 553 721 534 713 535 720 536 715 533 713 535 721 534 722 532 715 533 721 534 717 531 715 533 722 532 665 530 717 531 722 532 696 553 717 531 665 530 666 531 696 553 665 530 563 398 723 397 561 338 724 399 723 397 563 398 565 400 724 399 563 398 725 309 724 399 565 400 567 307 725 309 565 400 569 308 725 309 567 307 610 300 562 301 560 299 726 302 562 301 610 300 612 381 726 302 610 300 727 380 726 302 612 381 614 411 727 380 612 381 568 306 727 380 614 411 730 505 729 526 728 503 731 527 729 526 730 505 732 507 731 527 730 505 733 528 731 527 732 507 664 509 733 528 732 507 663 529 733 528 664 509 736 127 735 125 734 128 737 383 735 125 736 127 738 384 737 383 736 127 739 123 737 383 738 384 740 121 739 123 738 384 607 414 739 123 740 121 613 410 555 377 557 418 712 375 555 377 613 410 611 382 712 375 613 410 643 321 712 375 611 382 609 298 643 321 611 382 642 322 643 321 609 298 743 562 742 561 741 560 744 563 742 561 743 562 745 564 744 563 743 562 746 565 744 563 745 564 747 563 746 565 745 564 748 566 746 565 747 563 729 552 638 490 640 489 749 551 638 490 729 552 731 567 749 551 729 552 750 550 749 551 731 567 632 518 750 550 731 567 634 519 750 550 632 518 752 570 719 569 751 568 718 571 719 569 752 570 753 572 718 571 752 570 716 573 718 571 753 572 754 574 716 573 753 572 755 575 716 573 754 574 756 515 656 497 531 516 757 576 656 497 756 515 758 514 757 576 756 515 759 493 757 576 758 514 641 513 759 493 758 514 639 491 759 493 641 513 760 537 720 536 713 535 761 538 720 536 760 537 674 539 761 538 760 537 762 577 761 538 674 539 673 538 762 577 674 539 764 560 541 579 763 578 539 580 541 579 764 560 765 581 539 580 764 560 537 582 539 580 765 581 766 580 537 582 765 581 766 473 535 470 537 472 533 468 535 470 766 473 767 474 533 468 766 473 531 466 533 468 767 474 768 475 531 466 767 474 744 585 641 584 742 583 640 586 641 584 744 585 769 587 640 586 744 585 729 188 640 586 769 587 770 152 729 188 769 587 620 506 616 502 618 504 771 588 616 502 620 506 772 589 771 588 620 506 773 506 771 588 772 589 774 508 773 506 772 589 775 469 538 470 536 471 540 468 538 470 775 469 776 467 540 468 775 469 542 466 540 468 776 467 755 465 542 466 776 467 778 592 777 591 675 590 631 593 777 591 778 592 530 465 631 593 778 592 779 594 631 593 530 465 531 466 779 594 530 465 781 85 705 87 780 86 782 116 705 87 781 85 783 83 782 116 781 85 708 117 782 116 783 83 709 118 708 117 783 83 561 338 784 339 559 337 785 340 784 339 561 338 723 397 785 340 561 338 548 401 785 340 723 397 550 402 548 401 723 397 784 339 736 442 559 337 786 437 736 442 784 339 787 341 786 437 784 339 788 436 786 437 787 341 544 343 788 436 787 341 724 399 550 402 723 397 552 311 550 402 724 399 725 309 552 311 724 399 554 310 552 311 725 309 569 308 554 310 725 309 598 492 685 521 596 490 789 520 685 521 598 492 600 494 789 520 598 492 590 484 789 520 600 494 592 486 590 484 600 494 791 123 790 122 646 121 792 126 790 122 791 123 793 125 792 126 791 123 694 127 792 126 793 125 695 128 694 127 793 125 794 557 713 535 714 556 760 537 713 535 794 557 680 558 760 537 794 557 674 539 760 537 680 558 672 537 674 539 680 558 762 597 720 596 761 595 795 598 720 596 762 597 671 596 795 598 762 597 669 599 795 598 671 596 726 302 564 303 562 301 796 304 564 303 726 302 727 380 796 304 726 302 568 306 796 304 727 380 643 321 711 374 712 375 710 373 711 374 643 321 645 319 710 373 643 321 647 317 710 373 645 319 783 83 582 82 709 118 581 84 582 82 783 83 781 85 581 84 783 83 780 86 581 84 781 85 739 123 735 125 737 383 797 129 735 125 739 123 607 414 797 129 739 123 798 415 797 129 607 414 801 602 800 601 799 600 802 603 800 601 801 602 803 604 802 603 801 602 804 605 802 603 803 604 807 608 806 607 805 606 808 609 806 607 807 608 659 157 808 609 807 608 809 155 808 609 659 157 657 499 810 500 658 517 698 488 810 500 657 499 655 524 698 488 657 499 653 522 698 488 655 524 765 581 741 560 766 580 743 562 741 560 765 581 764 560 743 562 765 581 763 561 743 562 764 560 811 88 705 87 703 89 780 86 705 87 811 88 579 178 780 86 811 88 581 84 780 86 579 178 659 157 812 610 660 213 748 611 812 610 659 157 807 608 748 611 659 157 805 606 748 611 807 608 644 414 791 123 646 121 813 129 791 123 644 414 814 415 813 129 644 414 642 140 813 129 814 415 746 565 803 613 801 612 806 612 803 613 746 565 805 614 806 612 746 565 746 565 815 566 744 563 799 614 815 566 746 565 801 612 799 614 746 565 688 129 608 140 687 133 816 415 608 140 688 129 695 414 816 415 688 129 664 509 627 510 625 511 774 508 627 510 664 509 732 507 774 508 664 509 742 583 768 475 767 474 758 615 768 475 742 583 641 584 758 615 742 583 789 520 683 519 685 521 588 482 683 519 789 520 590 484 588 482 789 520 795 598 721 599 720 596 722 616 721 599 795 598 665 617 722 616 795 598 817 618 522 464 520 462 524 462 522 464 817 618 526 464 524 462 817 618 817 618 516 462 514 464 518 464 516 462 817 618 520 462 518 464 817 618 592 486 604 498 594 488 602 496 604 498 592 486 600 494 602 496 592 486 818 618 499 462 501 464 513 464 499 462 818 618 511 462 513 464 818 618 636 521 750 550 634 519 749 551 750 550 636 521 638 490 749 551 636 521 802 603 770 152 800 601 819 107 770 152 802 603 820 619 819 107 802 603 652 494 637 492 635 520 759 493 637 492 652 494 757 576 759 493 652 494 787 341 546 342 544 343 785 340 546 342 787 341 784 339 785 340 787 341 728 503 819 620 615 501 770 525 819 620 728 503 729 526 770 525 728 503 650 441 544 434 545 440 646 432 544 434 650 441 648 458 646 432 650 441 646 432 788 433 544 434 786 431 788 433 646 432 736 430 786 431 646 432 586 593 821 591 682 621 822 592 821 591 586 593 755 465 822 592 586 593 747 585 812 587 748 622 595 586 812 587 747 585 628 584 595 586 747 585 824 623 733 190 823 113 731 189 733 190 824 623 632 621 731 189 824 623 827 626 826 625 825 624 675 627 826 625 827 626 778 628 675 627 827 626 827 626 530 629 778 628 532 630 530 629 827 626 534 631 532 630 827 626 827 626 681 632 534 631 775 631 681 632 827 626 776 630 775 631 827 626 763 583 628 584 747 585 629 615 628 584 763 583 543 475 629 615 763 583 808 609 803 633 806 607 804 634 803 633 808 609 820 635 804 634 808 609 782 116 707 115 705 87 708 117 707 115 782 116 767 579 741 560 742 578 766 580 741 560 767 579 811 88 577 90 579 178 703 89 577 90 811 88 654 523 757 576 652 494 656 497 757 576 654 523 704 100 573 102 575 164 706 101 573 102 704 100 800 601 815 622 799 600 770 152 815 622 800 601 658 477 779 478 531 476 828 479 779 478 658 477 828 479 631 480 779 478 702 481 631 480 828 479 751 637 827 626 825 636 752 636 827 626 751 637 813 129 793 125 791 123 695 128 793 125 813 129 829 133 813 129 642 140 695 128 813 129 829 133 688 129 693 123 695 414 689 125 693 123 688 129 734 128 797 129 830 133 735 125 797 129 734 128 558 140 797 129 798 415 830 133 797 129 558 140 809 620 617 503 615 501 659 525 617 503 809 620 820 638 615 501 819 620 809 620 615 501 820 638 833 639 832 217 831 161 834 640 832 217 833 639 751 642 835 641 752 624 825 624 835 641 751 642 773 506 732 507 730 505 774 508 732 507 773 506 836 504 730 505 728 503 773 506 730 505 836 504 616 502 728 503 615 501 836 504 728 503 616 502 584 594 755 465 586 593 542 466 755 465 584 594 703 165 575 164 577 175 704 100 575 164 703 165 755 575 714 643 716 573 776 644 714 643 755 575 776 644 794 645 714 643 775 646 794 645 776 644 775 646 680 647 794 645 681 648 680 647 775 646 719 651 825 650 751 649 697 652 825 650 719 651 817 618 528 462 526 464 514 464 528 462 817 618 697 652 675 540 825 650 677 542 675 540 697 652 736 430 694 439 690 438 646 432 694 439 736 430 507 462 818 618 505 464 509 464 818 618 507 462 503 462 818 618 501 464 505 464 818 618 503 462 695 323 609 298 608 297 642 322 609 298 695 323 616 502 773 506 836 504 771 588 773 506 616 502 821 655 837 654 682 653 838 656 837 654 821 655 839 658 821 655 753 657 838 656 821 655 839 658 824 623 832 112 834 659 823 113 832 112 824 623 840 662 682 661 837 660 833 663 682 661 840 662 835 664 833 663 840 662 834 640 833 663 835 664 747 563 743 562 763 561 745 564 743 562 747 563 662 218 833 639 831 161 661 214 833 639 662 218 686 551 661 567 660 552 684 550 661 567 686 551 790 444 694 127 646 121 792 443 694 127 790 444 566 305 796 304 568 306 564 303 796 304 566 305 795 598 667 616 665 617 669 599 667 616 795 598 826 658 777 655 841 656 675 657 777 655 826 658 681 665 536 471 534 469 775 469 536 471 681 665 842 654 777 655 632 653 841 656 777 655 842 654 835 667 824 666 834 659 843 668 824 666 835 667 843 668 632 653 824 666 842 669 632 653 843 668 815 622 769 587 744 585 770 152 769 587 815 622 626 512 772 589 624 510 627 510 772 589 626 512 839 625 827 626 752 624 753 627 827 626 839 625 822 628 827 626 753 627 755 629 827 626 822 628 622 508 772 589 620 506 624 510 772 589 622 508 827 626 755 629 776 630 647 317 649 315 710 373 511 462 818 618 509 464 583 517 844 670 606 500 606 500 844 671 594 488 820 619 802 603 804 605 682 518 661 567 684 550 632 621 777 591 631 593 627 510 774 508 772 589 746 565 748 566 805 614 671 596 762 597 673 595 658 517 810 500 845 670 546 342 785 340 548 401 595 586 660 188 812 587 821 591 822 592 753 590 585 479 844 672 583 477 587 481 844 673 585 479 589 483 844 674 587 481 736 127 740 121 738 384 591 485 844 675 589 483 593 487 844 676 591 485 594 488 844 677 593 487 837 680 838 679 839 678 842 680 826 678 841 679 828 479 658 477 845 672 702 481 828 479 845 673 701 483 702 481 845 674 690 127 694 121 692 406 691 405 693 123 689 125 700 485 701 483 845 675 699 487 700 485 845 676 820 635 808 609 809 155 698 488 699 487 845 677 833 639 661 214 682 681 571 103 573 102 706 101 543 475 763 583 541 474 810 500 698 488 845 671 637 492 759 493 639 491</p>
                </polylist>
            </mesh>
        </geometry>
        <geometry id="mesh6">
            <mesh>
                <source id="points6">
                    <float_array id="pointarray6" count="66">-125.01495716756028 718.4555464823877 511.6207997233744 -132.2012030295066 733.9519206246014 504.7305081307645 -117.82867136686873 707.683498176094 523.8050924984045 -114.0461015507475 731.898529731571 526.8588424744037 -98.01708483560392 703.4088531407408 537.9627887445614 -93.04723494679854 723.1296893662097 539.9094785698729 -77.14206841654956 710.1032916083179 546.3333694059036 -57.922119369105104 729.5773006932739 545.8179002407842 124.98504210925196 718.4404606988988 511.6323761224545 117.7963279515268 707.6692798251556 523.8160032545375 132.17379620572234 733.935967408562 504.7427501727914 114.01639778952449 731.8847677255834 526.8694030444643 131.36302101783645 761.6996958897103 503.6745407856481 104.45520615454463 752.0524220661351 524.8952742539045 97.98291459741687 703.3970258864856 537.97186464144 93.01526451496898 723.1184617718482 539.9180943048883 80.23522976003947 741.1253777464423 537.1389853543055 -131.38697822209318 761.7155510481571 503.6623739902152 -104.4822932410512 752.0650300096859 524.8855992783735 -80.26476977567397 741.135062819442 537.1315533060962 57.89038029587816 729.5703122040727 545.8232630076578 77.10793113724358 710.0939836799054 546.3405120441357</float_array>
                    <technique_common>
                        <accessor count="22" source="#pointarray6" stride="3">
                            <param name="X" type="float"/>
                            <param name="Y" type="float"/>
                            <param name="Z" type="float"/>
                        </accessor>
                    </technique_common>
                </source>
                <source id="uvs6">
                    <float_array id="uvarray6" count="22">0.08349609375 0.55133056640625 0.0921630859375 0.55999755859375 0.071533203125 0.54522705078125 0.0692138671875 0.5689697265625 0.0478515625 0.5426025390625 0.04229736328125 0.56787109375 0.02398681640625 0.558837890625 0.0155029296875 0.57611083984375 0.09954833984375 0.5928955078125 0.07208251953125 0.59100341796875 0.0408935546875 0.58551025390625</float_array>
                    <technique_common>
                        <accessor count="11" source="#uvarray6" stride="2">
                            <param name="S" type="float"/>
                            <param name="T" type="float"/>
                        </accessor>
                    </technique_common>
                </source>
                <vertices id="vertices6">
                    <input semantic="POSITION" source="#points6"/>
                </vertices>
                <polylist count="22" material="Material1">
                    <input offset="0" semantic="VERTEX" source="#vertices6"/>
                    <input offset="1" semantic="TEXCOORD" source="#uvs6" set="0"/>
                    <vcount>3 3 3 3 3 3 3 3 3 3 3 3 3 3 3 3 3 3 3 3 3 3</vcount>
                    <p>2 2 1 1 0 0 3 3 1 1 2 2 4 4 3 3 2 2 5 5 3 3 4 4 6 6 5 5 4 4 7 7 5 5 6 6 10 1 9 2 8 0 11 3 9 2 10 1 12 8 11 3 10 1 13 9 11 3 12 8 11 3 14 4 9 2 15 5 14 4 11 3 13 9 15 5 11 3 16 10 15 5 13 9 3 3 17 8 1 1 18 9 17 8 3 3 5 5 18 9 3 3 19 10 5 5 7 7 18 9 5 5 19 10 20 7 15 5 16 10 21 6 15 5 20 7 21 6 14 4 15 5</p>
                </polylist>
            </mesh>
        </geometry>
        <geometry id="mesh7">
            <mesh>
                <source id="points7">
                    <float_array id="pointarray7" count="27">-0.017056118891297333 724.5540661921916 564.9041370885988 -64.7682708878369 696.4627762063027 554.5266692164688 -128.16635125784035 789.8210764271766 499.75400290990433 -103.70606040244569 677.3264110663476 535.8389437058875 128.14614800071138 789.8056097276549 499.7658716130611 64.73172873755182 696.4549617704555 554.5326657911922 103.66893899767005 677.3138974089436 535.8485463289242 -168.25817528101683 756.667502611364 414.9546771881801 168.24182374557245 756.647197146788 414.9702590213416</float_array>
                    <technique_common>
                        <accessor count="9" source="#pointarray7" stride="3">
                            <param name="X" type="float"/>
                            <param name="Y" type="float"/>
                            <param name="Z" type="float"/>
                        </accessor>
                    </technique_common>
                </source>
                <source id="uvs7">
                    <float_array id="uvarray7" count="12">0.61517333984375 0.84197998046875 0.62762451171875 0.835693359375 0.6397705078125 0.8553466796875 0.6343994140625 0.84088134765625 0.6356201171875 0.83099365234375 0.6474609375 0.84857177734375</float_array>
                    <technique_common>
                        <accessor count="6" source="#uvarray7" stride="2">
                            <param name="S" type="float"/>
                            <param name="T" type="float"/>
                        </accessor>
                    </technique_common>
                </source>
                <vertices id="vertices7">
                    <input semantic="POSITION" source="#points7"/>
                </vertices>
                <polylist count="6" material="Material1">
                    <input offset="0" semantic="VERTEX" source="#vertices7"/>
                    <input offset="1" semantic="TEXCOORD" source="#uvs7" set="0"/>
                    <vcount>3 3 3 3 3 3</vcount>
                    <p>2 2 1 1 0 0 3 3 1 1 2 2 5 1 4 2 0 0 6 3 4 2 5 1 2 2 7 5 3 4 4 2 6 4 8 5</p>
                </polylist>
            </mesh>
        </geometry>
    </library_geometries>
    <library_controllers>
        <controller id="controller0">
            <skin source="#mesh0">
                <bind_shape_matrix>1 0 0 0 0 1 0 0 0 0 1 0 0 0 0 1</bind_shape_matrix>
                <source id="joints0">
                    <Name_array id="JointArr0" count="24">jointnode-1 jointnode0 jointnode1 jointnode2 jointnode3 jointnode4 jointnode5 jointnode6 jointnode7 jointnode8 jointnode9 jointnode10 jointnode11 jointnode12 jointnode13 jointnode14 jointnode15 jointnode16 jointnode17 jointnode18 jointnode19 jointnode20 jointnode21 jointnode22</Name_array>
                    <technique_common>
                        <accessor source="#JointArr0" count="24">
                            <param name="JOINT" type="Name" />
                        </accessor>
                    </technique_common>
                </source>
                <source id="matrices0">
                    <float_array id="MatArr0" count="384">1 0 0 0 0 1 0 0 0 0 1 0 0 0 0 1 1 0 0 0 0 1 0 0 0 0 1 0 0 0 0 1 1 0 0 0 0 1 0 -360.3581237792969 0 0 1 278.03594970703125 0 0 0 1 0.00004608209989780121 -0.9612781367187081 -0.275580009694188 303.53680522244275 0.17367167871187364 -0.27138449509570356 0.9466723846373939 267.19375050133715 -0.9848036077766165 -0.04790406755442335 0.16693428174554628 456.4821143577913 0 0 0 1 0.08157329583054618 -0.9761673238459554 0.20110483152517247 244.58501878305105 0.15332205163479387 0.21166614317638763 0.9652407949912449 172.56878069251087 -0.9848036077766165 -0.04790406755442336 0.16693428174554628 456.4821143577913 0 0 0 1 0.00004608209989780815 0.9612781367187081 0.27558000969418806 -303.536600213318 0.17367167871187358 0.27138449509570356 -0.9466723846373939 -267.1935974390156 -0.9848036077766165 0.047904067554423405 -0.16693428174554625 -456.48211834390645 0 0 0 1 0.08157329583054615 0.9761673238459552 -0.2011048315251724 -244.58507733649793 0.1533220516347938 -0.2116661431763876 -0.9652407949912448 -172.56861244879258 -0.9848036077766164 0.0479040675544234 -0.16693428174554625 -456.4821243439066 0 0 0 1 0.00004630559632005922 0.9659402989232351 0.25876502231152365 -276.13845507344456 -0.000060343133955823716 -0.2587650194187727 0.9659402989232351 361.81420526887763 0.9999999971072491 -0.000060343133955877344 0.000046305596320044855 0.03461975898489682 0 0 0 1 -0.000005961069073462202 0.544736863354775 0.8386070293450125 -266.50340525983444 -0.00007582854160319963 -0.8386070271951621 0.5447368614192775 726.7738630301567 0.9999999971072491 -0.00006034313395587733 0.000046305596320044855 0.03461975898489682 0 0 0 1 0.2586957616040727 -0.91864221787213 0.2986184496494861 808.9128622927759 -0.1676765273286761 -0.34715502882316945 -0.922696032366987 280.1343328409301 0.9512944260906215 0.1886262481887347 -0.24384227152640575 -457.563434837071 0 0 0 1 0.2586957616040727 -0.91864221787213 0.2986184496494861 143.3236288943383 -0.1676765273286761 -0.34715502882316945 -0.922696032366987 280.1343328409301 0.9512944260906215 0.1886262481887347 -0.24384227152640575 -457.563434837071 0 0 0 1 0.25883428152188953 0.9186109884873215 -0.2985944851121561 -808.8959932124473 -0.1677200805235511 0.3471752677056635 0.922680501627012 -280.1463700977381 0.9512490679618146 -0.1887410536259854 0.2439303699376774 457.6296065858007 0 0 0 1 0.25883428152188953 0.9186109884873215 -0.2985944851121561 -143.30596635697847 -0.1677200805235511 0.3471752677056635 0.922680501627012 -280.14576809775264 0.9512490679618146 -0.1887410536259854 0.2439303699376774 457.6285505857924 0 0 0 1 -0.00007571158671318107 -0.7312668722247735 0.6820914571040696 567.9323484598804 -0.000007297787578385094 -0.6820914586368187 -0.7312668746780747 624.6203225672923 0.9999999971072492 -0.00006034313395587733 0.00004630559632004486 0.03461975898489682 0 0 0 1 -0.00007541085023542537 -0.7070220291953123 0.7071915190001553 22.957042123329362 -0.000009935075889846647 -0.7071915204463703 -0.7070220317006005 766.3748125038031 0.9999999971072491 -0.00006034313395587733 0.00004630559632004486 0.03461975898489681 0 0 0 1 3.9999999693148656 -0.0003815954813591297 0.0003160157753626771 0.145622701458428 0.00038164092565445536 3.999999940429646 -0.0005752504127762997 -1674.413193187687 -0.000315960892418132 0.0005752805595004505 3.9999999461526237 -1577.142313749933 0 0 0 1 0.00007605570913388924 0.7851380830847267 -0.6193207446110378 -343.1190785949794 -0.0000010154675225604368 -0.6193207463413016 -0.7851380854029574 888.686401237414 -0.9999999971072493 0.00006034313395578118 -0.00004630559631996902 -0.034619758984854795 0 0 0 1 0.7547458918332729 -0.00013989374801172248 -0.6560172400101522 22.854231115313933 -0.6560172485033386 -0.000021014762820181413 -0.7547458971233224 304.3261914836259 0.00009179818564004415 0.9999999899940597 -0.00010763351756014541 -973.927399363809 0 0 0 1 0.7546851416486741 -0.000014090187104691809 0.6560871411452803 -22.740683150267614 -0.6560871406603545 0.000027831601269441037 0.7546851416885867 -304.30105908207696 -0.000028893610561740255 -0.9999999995134342 0.000011759705377682027 973.951437389933 0 0 0 1 -0.1710284359274415 -0.2960716528397919 0.9397291367670407 -281.3288399825129 0.8659654310315532 -0.500103859824508 0.000040582828886914806 85.80528814795669 0.46995015306152416 0.8137798877911293 0.3419197974146966 -701.8503814625466 0 0 0 1 -0.17090567272989535 0.2960922862155741 -0.9397449702298902 281.31680609396244 0.8660257804381234 0.4999993460465216 0.00003961805721292014 -85.74518911084971 0.46988360116658856 -0.8138366003054212 -0.341876277852139 701.8825927279544 0 0 0 1 -0.0003016434009417015 -2.8280881167812493 2.8287660760006212 -81.13959540866405 -0.00003974030355938659 -2.8287660817854814 -2.828088126802402 3068.4769116573784 3.9999999884289963 -0.00024137253582350932 0.00018522238528017945 0.13847903593958724 0 0 0 1 -0.0003016434009417015 -2.8280881167812493 2.8287660760006212 -81.13959540866405 -0.00003974030355938659 -2.8287660817854814 -2.828088126802402 3068.4769116573784 3.9999999884289963 -0.00024137253582350932 0.00018522238528017945 0.13847903593958724 0 0 0 1 0.0000677946718567867 0.43107422103919224 -0.9023164696265589 -537.0825208345727 -0.000034487454733653913 -0.9023164701556546 -0.43107422388314454 496.9768158968211 -0.9999999971072491 0.000060343133955987844 -0.00004630559631999207 -0.034619758984957685 0 0 0 1</float_array>
                    <technique_common>
                        <accessor source="#MatArr0" count="24" stride="16">
                            <param type="float4x4" />
                        </accessor>
                    </technique_common>
                </source>
                <source id="weights0">
                    <float_array id="WeightArr0" count="2">1 0.5</float_array>
                    <technique_common>
                        <accessor source="#WeightArr0" count="1">
                            <param type="float" />
                        </accessor>
                    </technique_common>
                </source>
                <joints>
                    <input semantic="JOINT" source="#joints0" />
                    <input semantic="INV_BIND_MATRIX" source="#matrices0" />
                </joints>
                <vertex_weights count="90">
                    <input semantic="JOINT" offset="0" source="#joints0" />
                    <input semantic="WEIGHT" offset="1" source="#weights0" />
                    <vcount>1 1 1 1 1 1 1 1 1 1 1 1 1 1 1 1 1 1 1 1 1 1 1 1 1 1 1 1 1 1 1 1 1 1 1 1 1 1 1 1 1 1 1 1 1 1 1 1 1 1 1 1 1 1 1 1 1 1 1 1 1 1 1 1 1 1 1 1 1 1 1 1 1 1 1 1 1 1 1 1 1 1 1 1 1 1 1 1 1 1</vcount>
                    <v>15 0 15 0 15 0 15 0 15 0 15 0 15 0 15 0 15 0 15 0 15 0 15 0 15 0 15 0 15 0 15 0 15 0 15 0 15 0 15 0 15 0 15 0 15 0 15 0 15 0 15 0 15 0 15 0 15 0 15 0 15 0 15 0 15 0 15 0 15 0 15 0 15 0 15 0 15 0 15 0 15 0 15 0 15 0 15 0 15 0 15 0 15 0 15 0 15 0 15 0 15 0 15 0 15 0 15 0 15 0 15 0 15 0 15 0 15 0 15 0 15 0 15 0 15 0 15 0 15 0 15 0 15 0 15 0 15 0 15 0 15 0 15 0 15 0 15 0 15 0 15 0 15 0 15 0 15 0 15 0 15 0 15 0 15 0 15 0 15 0 15 0 15 0 15 0 15 0 15 0</v>
                </vertex_weights>
            </skin>
        </controller>
        <controller id="controller1">
            <skin source="#mesh1">
                <bind_shape_matrix>1 0 0 0 0 1 0 0 0 0 1 0 0 0 0 1</bind_shape_matrix>
                <source id="joints1">
                    <Name_array id="JointArr1" count="24">jointnode-1 jointnode0 jointnode1 jointnode2 jointnode3 jointnode4 jointnode5 jointnode6 jointnode7 jointnode8 jointnode9 jointnode10 jointnode11 jointnode12 jointnode13 jointnode14 jointnode15 jointnode16 jointnode17 jointnode18 jointnode19 jointnode20 jointnode21 jointnode22</Name_array>
                    <technique_common>
                        <accessor source="#JointArr1" count="24">
                            <param name="JOINT" type="Name" />
                        </accessor>
                    </technique_common>
                </source>
                <source id="matrices1">
                    <float_array id="MatArr1" count="384">1 0 0 0 0 1 0 0 0 0 1 0 0 0 0 1 1 0 0 0 0 1 0 0 0 0 1 0 0 0 0 1 1 0 0 0 0 1 0 -360.3581237792969 0 0 1 278.03594970703125 0 0 0 1 0.00004608209989780121 -0.9612781367187081 -0.275580009694188 303.53680522244275 0.17367167871187364 -0.27138449509570356 0.9466723846373939 267.19375050133715 -0.9848036077766165 -0.04790406755442335 0.16693428174554628 456.4821143577913 0 0 0 1 0.08157329583054618 -0.9761673238459554 0.20110483152517247 244.58501878305105 0.15332205163479387 0.21166614317638763 0.9652407949912449 172.56878069251087 -0.9848036077766165 -0.04790406755442336 0.16693428174554628 456.4821143577913 0 0 0 1 0.00004608209989780815 0.9612781367187081 0.27558000969418806 -303.536600213318 0.17367167871187358 0.27138449509570356 -0.9466723846373939 -267.1935974390156 -0.9848036077766165 0.047904067554423405 -0.16693428174554625 -456.48211834390645 0 0 0 1 0.08157329583054615 0.9761673238459552 -0.2011048315251724 -244.58507733649793 0.1533220516347938 -0.2116661431763876 -0.9652407949912448 -172.56861244879258 -0.9848036077766164 0.0479040675544234 -0.16693428174554625 -456.4821243439066 0 0 0 1 0.00004630559632005922 0.9659402989232351 0.25876502231152365 -276.13845507344456 -0.000060343133955823716 -0.2587650194187727 0.9659402989232351 361.81420526887763 0.9999999971072491 -0.000060343133955877344 0.000046305596320044855 0.03461975898489682 0 0 0 1 -0.000005961069073462202 0.544736863354775 0.8386070293450125 -266.50340525983444 -0.00007582854160319963 -0.8386070271951621 0.5447368614192775 726.7738630301567 0.9999999971072491 -0.00006034313395587733 0.000046305596320044855 0.03461975898489682 0 0 0 1 0.2586957616040727 -0.91864221787213 0.2986184496494861 808.9128622927759 -0.1676765273286761 -0.34715502882316945 -0.922696032366987 280.1343328409301 0.9512944260906215 0.1886262481887347 -0.24384227152640575 -457.563434837071 0 0 0 1 0.2586957616040727 -0.91864221787213 0.2986184496494861 143.3236288943383 -0.1676765273286761 -0.34715502882316945 -0.922696032366987 280.1343328409301 0.9512944260906215 0.1886262481887347 -0.24384227152640575 -457.563434837071 0 0 0 1 0.25883428152188953 0.9186109884873215 -0.2985944851121561 -808.8959932124473 -0.1677200805235511 0.3471752677056635 0.922680501627012 -280.1463700977381 0.9512490679618146 -0.1887410536259854 0.2439303699376774 457.6296065858007 0 0 0 1 0.25883428152188953 0.9186109884873215 -0.2985944851121561 -143.30596635697847 -0.1677200805235511 0.3471752677056635 0.922680501627012 -280.14576809775264 0.9512490679618146 -0.1887410536259854 0.2439303699376774 457.6285505857924 0 0 0 1 -0.00007571158671318107 -0.7312668722247735 0.6820914571040696 567.9323484598804 -0.000007297787578385094 -0.6820914586368187 -0.7312668746780747 624.6203225672923 0.9999999971072492 -0.00006034313395587733 0.00004630559632004486 0.03461975898489682 0 0 0 1 -0.00007541085023542537 -0.7070220291953123 0.7071915190001553 22.957042123329362 -0.000009935075889846647 -0.7071915204463703 -0.7070220317006005 766.3748125038031 0.9999999971072491 -0.00006034313395587733 0.00004630559632004486 0.03461975898489681 0 0 0 1 3.9999999693148656 -0.0003815954813591297 0.0003160157753626771 0.145622701458428 0.00038164092565445536 3.999999940429646 -0.0005752504127762997 -1674.413193187687 -0.000315960892418132 0.0005752805595004505 3.9999999461526237 -1577.142313749933 0 0 0 1 0.00007605570913388924 0.7851380830847267 -0.6193207446110378 -343.1190785949794 -0.0000010154675225604368 -0.6193207463413016 -0.7851380854029574 888.686401237414 -0.9999999971072493 0.00006034313395578118 -0.00004630559631996902 -0.034619758984854795 0 0 0 1 0.7547458918332729 -0.00013989374801172248 -0.6560172400101522 22.854231115313933 -0.6560172485033386 -0.000021014762820181413 -0.7547458971233224 304.3261914836259 0.00009179818564004415 0.9999999899940597 -0.00010763351756014541 -973.927399363809 0 0 0 1 0.7546851416486741 -0.000014090187104691809 0.6560871411452803 -22.740683150267614 -0.6560871406603545 0.000027831601269441037 0.7546851416885867 -304.30105908207696 -0.000028893610561740255 -0.9999999995134342 0.000011759705377682027 973.951437389933 0 0 0 1 -0.1710284359274415 -0.2960716528397919 0.9397291367670407 -281.3288399825129 0.8659654310315532 -0.500103859824508 0.000040582828886914806 85.80528814795669 0.46995015306152416 0.8137798877911293 0.3419197974146966 -701.8503814625466 0 0 0 1 -0.17090567272989535 0.2960922862155741 -0.9397449702298902 281.31680609396244 0.8660257804381234 0.4999993460465216 0.00003961805721292014 -85.74518911084971 0.46988360116658856 -0.8138366003054212 -0.341876277852139 701.8825927279544 0 0 0 1 -0.0003016434009417015 -2.8280881167812493 2.8287660760006212 -81.13959540866405 -0.00003974030355938659 -2.8287660817854814 -2.828088126802402 3068.4769116573784 3.9999999884289963 -0.00024137253582350932 0.00018522238528017945 0.13847903593958724 0 0 0 1 -0.0003016434009417015 -2.8280881167812493 2.8287660760006212 -81.13959540866405 -0.00003974030355938659 -2.8287660817854814 -2.828088126802402 3068.4769116573784 3.9999999884289963 -0.00024137253582350932 0.00018522238528017945 0.13847903593958724 0 0 0 1 0.0000677946718567867 0.43107422103919224 -0.9023164696265589 -537.0825208345727 -0.000034487454733653913 -0.9023164701556546 -0.43107422388314454 496.9768158968211 -0.9999999971072491 0.000060343133955987844 -0.00004630559631999207 -0.034619758984957685 0 0 0 1</float_array>
                    <technique_common>
                        <accessor source="#MatArr1" count="24" stride="16">
                            <param type="float4x4" />
                        </accessor>
                    </technique_common>
                </source>
                <source id="weights1">
                    <float_array id="WeightArr1" count="2">1 0.5</float_array>
                    <technique_common>
                        <accessor source="#WeightArr1" count="1">
                            <param type="float" />
                        </accessor>
                    </technique_common>
                </source>
                <joints>
                    <input semantic="JOINT" source="#joints1" />
                    <input semantic="INV_BIND_MATRIX" source="#matrices1" />
                </joints>
                <vertex_weights count="121">
                    <input semantic="JOINT" offset="0" source="#joints1" />
                    <input semantic="WEIGHT" offset="1" source="#weights1" />
                    <vcount>1 1 1 1 1 1 1 1 1 1 1 1 1 1 1 1 1 1 1 1 1 1 1 1 1 1 1 1 1 1 1 1 1 1 1 1 1 1 1 1 1 1 1 1 1 1 1 1 1 1 1 1 1 1 1 1 1 1 1 1 1 1 1 1 1 1 1 1 1 1 1 1 1 1 1 1 1 1 1 1 1 1 1 1 1 1 1 1 1 1 1 1 1 1 1 1 1 1 1 1 1 1 1 1 1 1 1 1 1 1 1 1 1 1 1 1 1 1 1 1 1</vcount>
                    <v>21 0 21 0 21 0 21 0 21 0 21 0 21 0 21 0 21 0 21 0 21 0 21 0 21 0 21 0 21 0 21 0 21 0 21 0 21 0 21 0 21 0 21 0 21 0 21 0 21 0 21 0 21 0 21 0 21 0 21 0 21 0 21 0 21 0 21 0 21 0 21 0 21 0 21 0 21 0 21 0 21 0 21 0 21 0 21 0 21 0 21 0 21 0 21 0 21 0 21 0 21 0 21 0 21 0 21 0 21 0 21 0 21 0 21 0 21 0 21 0 21 0 21 0 21 0 21 0 21 0 21 0 21 0 21 0 21 0 21 0 21 0 21 0 21 0 21 0 21 0 21 0 21 0 21 0 21 0 21 0 21 0 21 0 21 0 21 0 21 0 21 0 21 0 21 0 21 0 21 0 21 0 21 0 21 0 21 0 21 0 21 0 21 0 21 0 21 0 21 0 21 0 21 0 21 0 21 0 21 0 21 0 21 0 21 0 21 0 21 0 21 0 21 0 21 0 21 0 21 0 21 0 21 0 21 0 21 0 21 0 21 0</v>
                </vertex_weights>
            </skin>
        </controller>
        <controller id="controller2">
            <skin source="#mesh2">
                <bind_shape_matrix>1 0 0 0 0 1 0 0 0 0 1 0 0 0 0 1</bind_shape_matrix>
                <source id="joints2">
                    <Name_array id="JointArr2" count="24">jointnode-1 jointnode0 jointnode1 jointnode2 jointnode3 jointnode4 jointnode5 jointnode6 jointnode7 jointnode8 jointnode9 jointnode10 jointnode11 jointnode12 jointnode13 jointnode14 jointnode15 jointnode16 jointnode17 jointnode18 jointnode19 jointnode20 jointnode21 jointnode22</Name_array>
                    <technique_common>
                        <accessor source="#JointArr2" count="24">
                            <param name="JOINT" type="Name" />
                        </accessor>
                    </technique_common>
                </source>
                <source id="matrices2">
                    <float_array id="MatArr2" count="384">1 0 0 0 0 1 0 0 0 0 1 0 0 0 0 1 1 0 0 0 0 1 0 0 0 0 1 0 0 0 0 1 1 0 0 0 0 1 0 -360.3581237792969 0 0 1 278.03594970703125 0 0 0 1 0.00004608209989780121 -0.9612781367187081 -0.275580009694188 303.53680522244275 0.17367167871187364 -0.27138449509570356 0.9466723846373939 267.19375050133715 -0.9848036077766165 -0.04790406755442335 0.16693428174554628 456.4821143577913 0 0 0 1 0.08157329583054618 -0.9761673238459554 0.20110483152517247 244.58501878305105 0.15332205163479387 0.21166614317638763 0.9652407949912449 172.56878069251087 -0.9848036077766165 -0.04790406755442336 0.16693428174554628 456.4821143577913 0 0 0 1 0.00004608209989780815 0.9612781367187081 0.27558000969418806 -303.536600213318 0.17367167871187358 0.27138449509570356 -0.9466723846373939 -267.1935974390156 -0.9848036077766165 0.047904067554423405 -0.16693428174554625 -456.48211834390645 0 0 0 1 0.08157329583054615 0.9761673238459552 -0.2011048315251724 -244.58507733649793 0.1533220516347938 -0.2116661431763876 -0.9652407949912448 -172.56861244879258 -0.9848036077766164 0.0479040675544234 -0.16693428174554625 -456.4821243439066 0 0 0 1 0.00004630559632005922 0.9659402989232351 0.25876502231152365 -276.13845507344456 -0.000060343133955823716 -0.2587650194187727 0.9659402989232351 361.81420526887763 0.9999999971072491 -0.000060343133955877344 0.000046305596320044855 0.03461975898489682 0 0 0 1 -0.000005961069073462202 0.544736863354775 0.8386070293450125 -266.50340525983444 -0.00007582854160319963 -0.8386070271951621 0.5447368614192775 726.7738630301567 0.9999999971072491 -0.00006034313395587733 0.000046305596320044855 0.03461975898489682 0 0 0 1 0.2586957616040727 -0.91864221787213 0.2986184496494861 808.9128622927759 -0.1676765273286761 -0.34715502882316945 -0.922696032366987 280.1343328409301 0.9512944260906215 0.1886262481887347 -0.24384227152640575 -457.563434837071 0 0 0 1 0.2586957616040727 -0.91864221787213 0.2986184496494861 143.3236288943383 -0.1676765273286761 -0.34715502882316945 -0.922696032366987 280.1343328409301 0.9512944260906215 0.1886262481887347 -0.24384227152640575 -457.563434837071 0 0 0 1 0.25883428152188953 0.9186109884873215 -0.2985944851121561 -808.8959932124473 -0.1677200805235511 0.3471752677056635 0.922680501627012 -280.1463700977381 0.9512490679618146 -0.1887410536259854 0.2439303699376774 457.6296065858007 0 0 0 1 0.25883428152188953 0.9186109884873215 -0.2985944851121561 -143.30596635697847 -0.1677200805235511 0.3471752677056635 0.922680501627012 -280.14576809775264 0.9512490679618146 -0.1887410536259854 0.2439303699376774 457.6285505857924 0 0 0 1 -0.00007571158671318107 -0.7312668722247735 0.6820914571040696 567.9323484598804 -0.000007297787578385094 -0.6820914586368187 -0.7312668746780747 624.6203225672923 0.9999999971072492 -0.00006034313395587733 0.00004630559632004486 0.03461975898489682 0 0 0 1 -0.00007541085023542537 -0.7070220291953123 0.7071915190001553 22.957042123329362 -0.000009935075889846647 -0.7071915204463703 -0.7070220317006005 766.3748125038031 0.9999999971072491 -0.00006034313395587733 0.00004630559632004486 0.03461975898489681 0 0 0 1 3.9999999693148656 -0.0003815954813591297 0.0003160157753626771 0.145622701458428 0.00038164092565445536 3.999999940429646 -0.0005752504127762997 -1674.413193187687 -0.000315960892418132 0.0005752805595004505 3.9999999461526237 -1577.142313749933 0 0 0 1 0.00007605570913388924 0.7851380830847267 -0.6193207446110378 -343.1190785949794 -0.0000010154675225604368 -0.6193207463413016 -0.7851380854029574 888.686401237414 -0.9999999971072493 0.00006034313395578118 -0.00004630559631996902 -0.034619758984854795 0 0 0 1 0.7547458918332729 -0.00013989374801172248 -0.6560172400101522 22.854231115313933 -0.6560172485033386 -0.000021014762820181413 -0.7547458971233224 304.3261914836259 0.00009179818564004415 0.9999999899940597 -0.00010763351756014541 -973.927399363809 0 0 0 1 0.7546851416486741 -0.000014090187104691809 0.6560871411452803 -22.740683150267614 -0.6560871406603545 0.000027831601269441037 0.7546851416885867 -304.30105908207696 -0.000028893610561740255 -0.9999999995134342 0.000011759705377682027 973.951437389933 0 0 0 1 -0.1710284359274415 -0.2960716528397919 0.9397291367670407 -281.3288399825129 0.8659654310315532 -0.500103859824508 0.000040582828886914806 85.80528814795669 0.46995015306152416 0.8137798877911293 0.3419197974146966 -701.8503814625466 0 0 0 1 -0.17090567272989535 0.2960922862155741 -0.9397449702298902 281.31680609396244 0.8660257804381234 0.4999993460465216 0.00003961805721292014 -85.74518911084971 0.46988360116658856 -0.8138366003054212 -0.341876277852139 701.8825927279544 0 0 0 1 -0.0003016434009417015 -2.8280881167812493 2.8287660760006212 -81.13959540866405 -0.00003974030355938659 -2.8287660817854814 -2.828088126802402 3068.4769116573784 3.9999999884289963 -0.00024137253582350932 0.00018522238528017945 0.13847903593958724 0 0 0 1 -0.0003016434009417015 -2.8280881167812493 2.8287660760006212 -81.13959540866405 -0.00003974030355938659 -2.8287660817854814 -2.828088126802402 3068.4769116573784 3.9999999884289963 -0.00024137253582350932 0.00018522238528017945 0.13847903593958724 0 0 0 1 0.0000677946718567867 0.43107422103919224 -0.9023164696265589 -537.0825208345727 -0.000034487454733653913 -0.9023164701556546 -0.43107422388314454 496.9768158968211 -0.9999999971072491 0.000060343133955987844 -0.00004630559631999207 -0.034619758984957685 0 0 0 1</float_array>
                    <technique_common>
                        <accessor source="#MatArr2" count="24" stride="16">
                            <param type="float4x4" />
                        </accessor>
                    </technique_common>
                </source>
                <source id="weights2">
                    <float_array id="WeightArr2" count="2">1 0.5</float_array>
                    <technique_common>
                        <accessor source="#WeightArr2" count="1">
                            <param type="float" />
                        </accessor>
                    </technique_common>
                </source>
                <joints>
                    <input semantic="JOINT" source="#joints2" />
                    <input semantic="INV_BIND_MATRIX" source="#matrices2" />
                </joints>
                <vertex_weights count="25">
                    <input semantic="JOINT" offset="0" source="#joints2" />
                    <input semantic="WEIGHT" offset="1" source="#weights2" />
                    <vcount>1 1 1 1 1 1 1 1 1 1 1 1 1 1 1 1 1 1 1 1 1 1 1 1 1</vcount>
                    <v>21 0 21 0 21 0 21 0 21 0 21 0 21 0 21 0 21 0 21 0 21 0 21 0 21 0 21 0 21 0 21 0 21 0 21 0 21 0 21 0 21 0 21 0 21 0 21 0 21 0</v>
                </vertex_weights>
            </skin>
        </controller>
        <controller id="controller3">
            <skin source="#mesh3">
                <bind_shape_matrix>1 0 0 0 0 1 0 0 0 0 1 0 0 0 0 1</bind_shape_matrix>
                <source id="joints3">
                    <Name_array id="JointArr3" count="24">jointnode-1 jointnode0 jointnode1 jointnode2 jointnode3 jointnode4 jointnode5 jointnode6 jointnode7 jointnode8 jointnode9 jointnode10 jointnode11 jointnode12 jointnode13 jointnode14 jointnode15 jointnode16 jointnode17 jointnode18 jointnode19 jointnode20 jointnode21 jointnode22</Name_array>
                    <technique_common>
                        <accessor source="#JointArr3" count="24">
                            <param name="JOINT" type="Name" />
                        </accessor>
                    </technique_common>
                </source>
                <source id="matrices3">
                    <float_array id="MatArr3" count="384">1 0 0 0 0 1 0 0 0 0 1 0 0 0 0 1 1 0 0 0 0 1 0 0 0 0 1 0 0 0 0 1 1 0 0 0 0 1 0 -360.3581237792969 0 0 1 278.03594970703125 0 0 0 1 0.00004608209989780121 -0.9612781367187081 -0.275580009694188 303.53680522244275 0.17367167871187364 -0.27138449509570356 0.9466723846373939 267.19375050133715 -0.9848036077766165 -0.04790406755442335 0.16693428174554628 456.4821143577913 0 0 0 1 0.08157329583054618 -0.9761673238459554 0.20110483152517247 244.58501878305105 0.15332205163479387 0.21166614317638763 0.9652407949912449 172.56878069251087 -0.9848036077766165 -0.04790406755442336 0.16693428174554628 456.4821143577913 0 0 0 1 0.00004608209989780815 0.9612781367187081 0.27558000969418806 -303.536600213318 0.17367167871187358 0.27138449509570356 -0.9466723846373939 -267.1935974390156 -0.9848036077766165 0.047904067554423405 -0.16693428174554625 -456.48211834390645 0 0 0 1 0.08157329583054615 0.9761673238459552 -0.2011048315251724 -244.58507733649793 0.1533220516347938 -0.2116661431763876 -0.9652407949912448 -172.56861244879258 -0.9848036077766164 0.0479040675544234 -0.16693428174554625 -456.4821243439066 0 0 0 1 0.00004630559632005922 0.9659402989232351 0.25876502231152365 -276.13845507344456 -0.000060343133955823716 -0.2587650194187727 0.9659402989232351 361.81420526887763 0.9999999971072491 -0.000060343133955877344 0.000046305596320044855 0.03461975898489682 0 0 0 1 -0.000005961069073462202 0.544736863354775 0.8386070293450125 -266.50340525983444 -0.00007582854160319963 -0.8386070271951621 0.5447368614192775 726.7738630301567 0.9999999971072491 -0.00006034313395587733 0.000046305596320044855 0.03461975898489682 0 0 0 1 0.2586957616040727 -0.91864221787213 0.2986184496494861 808.9128622927759 -0.1676765273286761 -0.34715502882316945 -0.922696032366987 280.1343328409301 0.9512944260906215 0.1886262481887347 -0.24384227152640575 -457.563434837071 0 0 0 1 0.2586957616040727 -0.91864221787213 0.2986184496494861 143.3236288943383 -0.1676765273286761 -0.34715502882316945 -0.922696032366987 280.1343328409301 0.9512944260906215 0.1886262481887347 -0.24384227152640575 -457.563434837071 0 0 0 1 0.25883428152188953 0.9186109884873215 -0.2985944851121561 -808.8959932124473 -0.1677200805235511 0.3471752677056635 0.922680501627012 -280.1463700977381 0.9512490679618146 -0.1887410536259854 0.2439303699376774 457.6296065858007 0 0 0 1 0.25883428152188953 0.9186109884873215 -0.2985944851121561 -143.30596635697847 -0.1677200805235511 0.3471752677056635 0.922680501627012 -280.14576809775264 0.9512490679618146 -0.1887410536259854 0.2439303699376774 457.6285505857924 0 0 0 1 -0.00007571158671318107 -0.7312668722247735 0.6820914571040696 567.9323484598804 -0.000007297787578385094 -0.6820914586368187 -0.7312668746780747 624.6203225672923 0.9999999971072492 -0.00006034313395587733 0.00004630559632004486 0.03461975898489682 0 0 0 1 -0.00007541085023542537 -0.7070220291953123 0.7071915190001553 22.957042123329362 -0.000009935075889846647 -0.7071915204463703 -0.7070220317006005 766.3748125038031 0.9999999971072491 -0.00006034313395587733 0.00004630559632004486 0.03461975898489681 0 0 0 1 3.9999999693148656 -0.0003815954813591297 0.0003160157753626771 0.145622701458428 0.00038164092565445536 3.999999940429646 -0.0005752504127762997 -1674.413193187687 -0.000315960892418132 0.0005752805595004505 3.9999999461526237 -1577.142313749933 0 0 0 1 0.00007605570913388924 0.7851380830847267 -0.6193207446110378 -343.1190785949794 -0.0000010154675225604368 -0.6193207463413016 -0.7851380854029574 888.686401237414 -0.9999999971072493 0.00006034313395578118 -0.00004630559631996902 -0.034619758984854795 0 0 0 1 0.7547458918332729 -0.00013989374801172248 -0.6560172400101522 22.854231115313933 -0.6560172485033386 -0.000021014762820181413 -0.7547458971233224 304.3261914836259 0.00009179818564004415 0.9999999899940597 -0.00010763351756014541 -973.927399363809 0 0 0 1 0.7546851416486741 -0.000014090187104691809 0.6560871411452803 -22.740683150267614 -0.6560871406603545 0.000027831601269441037 0.7546851416885867 -304.30105908207696 -0.000028893610561740255 -0.9999999995134342 0.000011759705377682027 973.951437389933 0 0 0 1 -0.1710284359274415 -0.2960716528397919 0.9397291367670407 -281.3288399825129 0.8659654310315532 -0.500103859824508 0.000040582828886914806 85.80528814795669 0.46995015306152416 0.8137798877911293 0.3419197974146966 -701.8503814625466 0 0 0 1 -0.17090567272989535 0.2960922862155741 -0.9397449702298902 281.31680609396244 0.8660257804381234 0.4999993460465216 0.00003961805721292014 -85.74518911084971 0.46988360116658856 -0.8138366003054212 -0.341876277852139 701.8825927279544 0 0 0 1 -0.0003016434009417015 -2.8280881167812493 2.8287660760006212 -81.13959540866405 -0.00003974030355938659 -2.8287660817854814 -2.828088126802402 3068.4769116573784 3.9999999884289963 -0.00024137253582350932 0.00018522238528017945 0.13847903593958724 0 0 0 1 -0.0003016434009417015 -2.8280881167812493 2.8287660760006212 -81.13959540866405 -0.00003974030355938659 -2.8287660817854814 -2.828088126802402 3068.4769116573784 3.9999999884289963 -0.00024137253582350932 0.00018522238528017945 0.13847903593958724 0 0 0 1 0.0000677946718567867 0.43107422103919224 -0.9023164696265589 -537.0825208345727 -0.000034487454733653913 -0.9023164701556546 -0.43107422388314454 496.9768158968211 -0.9999999971072491 0.000060343133955987844 -0.00004630559631999207 -0.034619758984957685 0 0 0 1</float_array>
                    <technique_common>
                        <accessor source="#MatArr3" count="24" stride="16">
                            <param type="float4x4" />
                        </accessor>
                    </technique_common>
                </source>
                <source id="weights3">
                    <float_array id="WeightArr3" count="2">1 0.5</float_array>
                    <technique_common>
                        <accessor source="#WeightArr3" count="1">
                            <param type="float" />
                        </accessor>
                    </technique_common>
                </source>
                <joints>
                    <input semantic="JOINT" source="#joints3" />
                    <input semantic="INV_BIND_MATRIX" source="#matrices3" />
                </joints>
                <vertex_weights count="121">
                    <input semantic="JOINT" offset="0" source="#joints3" />
                    <input semantic="WEIGHT" offset="1" source="#weights3" />
                    <vcount>1 1 1 1 1 1 1 1 1 1 1 1 1 1 1 1 1 1 1 1 1 1 1 1 1 1 1 1 1 1 1 1 1 1 1 1 1 1 1 1 1 1 1 1 1 1 1 1 1 1 1 1 1 1 1 1 1 1 1 1 1 1 1 1 1 1 1 1 1 1 1 1 1 1 1 1 1 1 1 1 1 1 1 1 1 1 1 1 1 1 1 1 1 1 1 1 1 1 1 1 1 1 1 1 1 1 1 1 1 1 1 1 1 1 1 1 1 1 1 1 1</vcount>
                    <v>22 0 22 0 22 0 22 0 22 0 22 0 22 0 22 0 22 0 22 0 22 0 22 0 22 0 22 0 22 0 22 0 22 0 22 0 22 0 22 0 22 0 22 0 22 0 22 0 22 0 22 0 22 0 22 0 22 0 22 0 22 0 22 0 22 0 22 0 22 0 22 0 22 0 22 0 22 0 22 0 22 0 22 0 22 0 22 0 22 0 22 0 22 0 22 0 22 0 22 0 22 0 22 0 22 0 22 0 22 0 22 0 22 0 22 0 22 0 22 0 22 0 22 0 22 0 22 0 22 0 22 0 22 0 22 0 22 0 22 0 22 0 22 0 22 0 22 0 22 0 22 0 22 0 22 0 22 0 22 0 22 0 22 0 22 0 22 0 22 0 22 0 22 0 22 0 22 0 22 0 22 0 22 0 22 0 22 0 22 0 22 0 22 0 22 0 22 0 22 0 22 0 22 0 22 0 22 0 22 0 22 0 22 0 22 0 22 0 22 0 22 0 22 0 22 0 22 0 22 0 22 0 22 0 22 0 22 0 22 0 22 0</v>
                </vertex_weights>
            </skin>
        </controller>
        <controller id="controller4">
            <skin source="#mesh4">
                <bind_shape_matrix>1 0 0 0 0 1 0 0 0 0 1 0 0 0 0 1</bind_shape_matrix>
                <source id="joints4">
                    <Name_array id="JointArr4" count="24">jointnode-1 jointnode0 jointnode1 jointnode2 jointnode3 jointnode4 jointnode5 jointnode6 jointnode7 jointnode8 jointnode9 jointnode10 jointnode11 jointnode12 jointnode13 jointnode14 jointnode15 jointnode16 jointnode17 jointnode18 jointnode19 jointnode20 jointnode21 jointnode22</Name_array>
                    <technique_common>
                        <accessor source="#JointArr4" count="24">
                            <param name="JOINT" type="Name" />
                        </accessor>
                    </technique_common>
                </source>
                <source id="matrices4">
                    <float_array id="MatArr4" count="384">1 0 0 0 0 1 0 0 0 0 1 0 0 0 0 1 1 0 0 0 0 1 0 0 0 0 1 0 0 0 0 1 1 0 0 0 0 1 0 -360.3581237792969 0 0 1 278.03594970703125 0 0 0 1 0.00004608209989780121 -0.9612781367187081 -0.275580009694188 303.53680522244275 0.17367167871187364 -0.27138449509570356 0.9466723846373939 267.19375050133715 -0.9848036077766165 -0.04790406755442335 0.16693428174554628 456.4821143577913 0 0 0 1 0.08157329583054618 -0.9761673238459554 0.20110483152517247 244.58501878305105 0.15332205163479387 0.21166614317638763 0.9652407949912449 172.56878069251087 -0.9848036077766165 -0.04790406755442336 0.16693428174554628 456.4821143577913 0 0 0 1 0.00004608209989780815 0.9612781367187081 0.27558000969418806 -303.536600213318 0.17367167871187358 0.27138449509570356 -0.9466723846373939 -267.1935974390156 -0.9848036077766165 0.047904067554423405 -0.16693428174554625 -456.48211834390645 0 0 0 1 0.08157329583054615 0.9761673238459552 -0.2011048315251724 -244.58507733649793 0.1533220516347938 -0.2116661431763876 -0.9652407949912448 -172.56861244879258 -0.9848036077766164 0.0479040675544234 -0.16693428174554625 -456.4821243439066 0 0 0 1 0.00004630559632005922 0.9659402989232351 0.25876502231152365 -276.13845507344456 -0.000060343133955823716 -0.2587650194187727 0.9659402989232351 361.81420526887763 0.9999999971072491 -0.000060343133955877344 0.000046305596320044855 0.03461975898489682 0 0 0 1 -0.000005961069073462202 0.544736863354775 0.8386070293450125 -266.50340525983444 -0.00007582854160319963 -0.8386070271951621 0.5447368614192775 726.7738630301567 0.9999999971072491 -0.00006034313395587733 0.000046305596320044855 0.03461975898489682 0 0 0 1 0.2586957616040727 -0.91864221787213 0.2986184496494861 808.9128622927759 -0.1676765273286761 -0.34715502882316945 -0.922696032366987 280.1343328409301 0.9512944260906215 0.1886262481887347 -0.24384227152640575 -457.563434837071 0 0 0 1 0.2586957616040727 -0.91864221787213 0.2986184496494861 143.3236288943383 -0.1676765273286761 -0.34715502882316945 -0.922696032366987 280.1343328409301 0.9512944260906215 0.1886262481887347 -0.24384227152640575 -457.563434837071 0 0 0 1 0.25883428152188953 0.9186109884873215 -0.2985944851121561 -808.8959932124473 -0.1677200805235511 0.3471752677056635 0.922680501627012 -280.1463700977381 0.9512490679618146 -0.1887410536259854 0.2439303699376774 457.6296065858007 0 0 0 1 0.25883428152188953 0.9186109884873215 -0.2985944851121561 -143.30596635697847 -0.1677200805235511 0.3471752677056635 0.922680501627012 -280.14576809775264 0.9512490679618146 -0.1887410536259854 0.2439303699376774 457.6285505857924 0 0 0 1 -0.00007571158671318107 -0.7312668722247735 0.6820914571040696 567.9323484598804 -0.000007297787578385094 -0.6820914586368187 -0.7312668746780747 624.6203225672923 0.9999999971072492 -0.00006034313395587733 0.00004630559632004486 0.03461975898489682 0 0 0 1 -0.00007541085023542537 -0.7070220291953123 0.7071915190001553 22.957042123329362 -0.000009935075889846647 -0.7071915204463703 -0.7070220317006005 766.3748125038031 0.9999999971072491 -0.00006034313395587733 0.00004630559632004486 0.03461975898489681 0 0 0 1 3.9999999693148656 -0.0003815954813591297 0.0003160157753626771 0.145622701458428 0.00038164092565445536 3.999999940429646 -0.0005752504127762997 -1674.413193187687 -0.000315960892418132 0.0005752805595004505 3.9999999461526237 -1577.142313749933 0 0 0 1 0.00007605570913388924 0.7851380830847267 -0.6193207446110378 -343.1190785949794 -0.0000010154675225604368 -0.6193207463413016 -0.7851380854029574 888.686401237414 -0.9999999971072493 0.00006034313395578118 -0.00004630559631996902 -0.034619758984854795 0 0 0 1 0.7547458918332729 -0.00013989374801172248 -0.6560172400101522 22.854231115313933 -0.6560172485033386 -0.000021014762820181413 -0.7547458971233224 304.3261914836259 0.00009179818564004415 0.9999999899940597 -0.00010763351756014541 -973.927399363809 0 0 0 1 0.7546851416486741 -0.000014090187104691809 0.6560871411452803 -22.740683150267614 -0.6560871406603545 0.000027831601269441037 0.7546851416885867 -304.30105908207696 -0.000028893610561740255 -0.9999999995134342 0.000011759705377682027 973.951437389933 0 0 0 1 -0.1710284359274415 -0.2960716528397919 0.9397291367670407 -281.3288399825129 0.8659654310315532 -0.500103859824508 0.000040582828886914806 85.80528814795669 0.46995015306152416 0.8137798877911293 0.3419197974146966 -701.8503814625466 0 0 0 1 -0.17090567272989535 0.2960922862155741 -0.9397449702298902 281.31680609396244 0.8660257804381234 0.4999993460465216 0.00003961805721292014 -85.74518911084971 0.46988360116658856 -0.8138366003054212 -0.341876277852139 701.8825927279544 0 0 0 1 -0.0003016434009417015 -2.8280881167812493 2.8287660760006212 -81.13959540866405 -0.00003974030355938659 -2.8287660817854814 -2.828088126802402 3068.4769116573784 3.9999999884289963 -0.00024137253582350932 0.00018522238528017945 0.13847903593958724 0 0 0 1 -0.0003016434009417015 -2.8280881167812493 2.8287660760006212 -81.13959540866405 -0.00003974030355938659 -2.8287660817854814 -2.828088126802402 3068.4769116573784 3.9999999884289963 -0.00024137253582350932 0.00018522238528017945 0.13847903593958724 0 0 0 1 0.0000677946718567867 0.43107422103919224 -0.9023164696265589 -537.0825208345727 -0.000034487454733653913 -0.9023164701556546 -0.43107422388314454 496.9768158968211 -0.9999999971072491 0.000060343133955987844 -0.00004630559631999207 -0.034619758984957685 0 0 0 1</float_array>
                    <technique_common>
                        <accessor source="#MatArr4" count="24" stride="16">
                            <param type="float4x4" />
                        </accessor>
                    </technique_common>
                </source>
                <source id="weights4">
                    <float_array id="WeightArr4" count="2">1 0.5</float_array>
                    <technique_common>
                        <accessor source="#WeightArr4" count="1">
                            <param type="float" />
                        </accessor>
                    </technique_common>
                </source>
                <joints>
                    <input semantic="JOINT" source="#joints4" />
                    <input semantic="INV_BIND_MATRIX" source="#matrices4" />
                </joints>
                <vertex_weights count="25">
                    <input semantic="JOINT" offset="0" source="#joints4" />
                    <input semantic="WEIGHT" offset="1" source="#weights4" />
                    <vcount>1 1 1 1 1 1 1 1 1 1 1 1 1 1 1 1 1 1 1 1 1 1 1 1 1</vcount>
                    <v>22 0 22 0 22 0 22 0 22 0 22 0 22 0 22 0 22 0 22 0 22 0 22 0 22 0 22 0 22 0 22 0 22 0 22 0 22 0 22 0 22 0 22 0 22 0 22 0 22 0</v>
                </vertex_weights>
            </skin>
        </controller>
        <controller id="controller5">
            <skin source="#mesh5">
                <bind_shape_matrix>1 0 0 0 0 1 0 0 0 0 1 0 0 0 0 1</bind_shape_matrix>
                <source id="joints5">
                    <Name_array id="JointArr5" count="24">jointnode-1 jointnode0 jointnode1 jointnode2 jointnode3 jointnode4 jointnode5 jointnode6 jointnode7 jointnode8 jointnode9 jointnode10 jointnode11 jointnode12 jointnode13 jointnode14 jointnode15 jointnode16 jointnode17 jointnode18 jointnode19 jointnode20 jointnode21 jointnode22</Name_array>
                    <technique_common>
                        <accessor source="#JointArr5" count="24">
                            <param name="JOINT" type="Name" />
                        </accessor>
                    </technique_common>
                </source>
                <source id="matrices5">
                    <float_array id="MatArr5" count="384">1 0 0 0 0 1 0 0 0 0 1 0 0 0 0 1 1 0 0 0 0 1 0 0 0 0 1 0 0 0 0 1 1 0 0 0 0 1 0 -360.3581237792969 0 0 1 278.03594970703125 0 0 0 1 0.00004608209989780121 -0.9612781367187081 -0.275580009694188 303.53680522244275 0.17367167871187364 -0.27138449509570356 0.9466723846373939 267.19375050133715 -0.9848036077766165 -0.04790406755442335 0.16693428174554628 456.4821143577913 0 0 0 1 0.08157329583054618 -0.9761673238459554 0.20110483152517247 244.58501878305105 0.15332205163479387 0.21166614317638763 0.9652407949912449 172.56878069251087 -0.9848036077766165 -0.04790406755442336 0.16693428174554628 456.4821143577913 0 0 0 1 0.00004608209989780815 0.9612781367187081 0.27558000969418806 -303.536600213318 0.17367167871187358 0.27138449509570356 -0.9466723846373939 -267.1935974390156 -0.9848036077766165 0.047904067554423405 -0.16693428174554625 -456.48211834390645 0 0 0 1 0.08157329583054615 0.9761673238459552 -0.2011048315251724 -244.58507733649793 0.1533220516347938 -0.2116661431763876 -0.9652407949912448 -172.56861244879258 -0.9848036077766164 0.0479040675544234 -0.16693428174554625 -456.4821243439066 0 0 0 1 0.00004630559632005922 0.9659402989232351 0.25876502231152365 -276.13845507344456 -0.000060343133955823716 -0.2587650194187727 0.9659402989232351 361.81420526887763 0.9999999971072491 -0.000060343133955877344 0.000046305596320044855 0.03461975898489682 0 0 0 1 -0.000005961069073462202 0.544736863354775 0.8386070293450125 -266.50340525983444 -0.00007582854160319963 -0.8386070271951621 0.5447368614192775 726.7738630301567 0.9999999971072491 -0.00006034313395587733 0.000046305596320044855 0.03461975898489682 0 0 0 1 0.2586957616040727 -0.91864221787213 0.2986184496494861 808.9128622927759 -0.1676765273286761 -0.34715502882316945 -0.922696032366987 280.1343328409301 0.9512944260906215 0.1886262481887347 -0.24384227152640575 -457.563434837071 0 0 0 1 0.2586957616040727 -0.91864221787213 0.2986184496494861 143.3236288943383 -0.1676765273286761 -0.34715502882316945 -0.922696032366987 280.1343328409301 0.9512944260906215 0.1886262481887347 -0.24384227152640575 -457.563434837071 0 0 0 1 0.25883428152188953 0.9186109884873215 -0.2985944851121561 -808.8959932124473 -0.1677200805235511 0.3471752677056635 0.922680501627012 -280.1463700977381 0.9512490679618146 -0.1887410536259854 0.2439303699376774 457.6296065858007 0 0 0 1 0.25883428152188953 0.9186109884873215 -0.2985944851121561 -143.30596635697847 -0.1677200805235511 0.3471752677056635 0.922680501627012 -280.14576809775264 0.9512490679618146 -0.1887410536259854 0.2439303699376774 457.6285505857924 0 0 0 1 -0.00007571158671318107 -0.7312668722247735 0.6820914571040696 567.9323484598804 -0.000007297787578385094 -0.6820914586368187 -0.7312668746780747 624.6203225672923 0.9999999971072492 -0.00006034313395587733 0.00004630559632004486 0.03461975898489682 0 0 0 1 -0.00007541085023542537 -0.7070220291953123 0.7071915190001553 22.957042123329362 -0.000009935075889846647 -0.7071915204463703 -0.7070220317006005 766.3748125038031 0.9999999971072491 -0.00006034313395587733 0.00004630559632004486 0.03461975898489681 0 0 0 1 3.9999999693148656 -0.0003815954813591297 0.0003160157753626771 0.145622701458428 0.00038164092565445536 3.999999940429646 -0.0005752504127762997 -1674.413193187687 -0.000315960892418132 0.0005752805595004505 3.9999999461526237 -1577.142313749933 0 0 0 1 0.00007605570913388924 0.7851380830847267 -0.6193207446110378 -343.1190785949794 -0.0000010154675225604368 -0.6193207463413016 -0.7851380854029574 888.686401237414 -0.9999999971072493 0.00006034313395578118 -0.00004630559631996902 -0.034619758984854795 0 0 0 1 0.7547458918332729 -0.00013989374801172248 -0.6560172400101522 22.854231115313933 -0.6560172485033386 -0.000021014762820181413 -0.7547458971233224 304.3261914836259 0.00009179818564004415 0.9999999899940597 -0.00010763351756014541 -973.927399363809 0 0 0 1 0.7546851416486741 -0.000014090187104691809 0.6560871411452803 -22.740683150267614 -0.6560871406603545 0.000027831601269441037 0.7546851416885867 -304.30105908207696 -0.000028893610561740255 -0.9999999995134342 0.000011759705377682027 973.951437389933 0 0 0 1 -0.1710284359274415 -0.2960716528397919 0.9397291367670407 -281.3288399825129 0.8659654310315532 -0.500103859824508 0.000040582828886914806 85.80528814795669 0.46995015306152416 0.8137798877911293 0.3419197974146966 -701.8503814625466 0 0 0 1 -0.17090567272989535 0.2960922862155741 -0.9397449702298902 281.31680609396244 0.8660257804381234 0.4999993460465216 0.00003961805721292014 -85.74518911084971 0.46988360116658856 -0.8138366003054212 -0.341876277852139 701.8825927279544 0 0 0 1 -0.0003016434009417015 -2.8280881167812493 2.8287660760006212 -81.13959540866405 -0.00003974030355938659 -2.8287660817854814 -2.828088126802402 3068.4769116573784 3.9999999884289963 -0.00024137253582350932 0.00018522238528017945 0.13847903593958724 0 0 0 1 -0.0003016434009417015 -2.8280881167812493 2.8287660760006212 -81.13959540866405 -0.00003974030355938659 -2.8287660817854814 -2.828088126802402 3068.4769116573784 3.9999999884289963 -0.00024137253582350932 0.00018522238528017945 0.13847903593958724 0 0 0 1 0.0000677946718567867 0.43107422103919224 -0.9023164696265589 -537.0825208345727 -0.000034487454733653913 -0.9023164701556546 -0.43107422388314454 496.9768158968211 -0.9999999971072491 0.000060343133955987844 -0.00004630559631999207 -0.034619758984957685 0 0 0 1</float_array>
                    <technique_common>
                        <accessor source="#MatArr5" count="24" stride="16">
                            <param type="float4x4" />
                        </accessor>
                    </technique_common>
                </source>
                <source id="weights5">
                    <float_array id="WeightArr5" count="2">1 0.5</float_array>
                    <technique_common>
                        <accessor source="#WeightArr5" count="1">
                            <param type="float" />
                        </accessor>
                    </technique_common>
                </source>
                <joints>
                    <input semantic="JOINT" source="#joints5" />
                    <input semantic="INV_BIND_MATRIX" source="#matrices5" />
                </joints>
                <vertex_weights count="846">
                    <input semantic="JOINT" offset="0" source="#joints5" />
                    <input semantic="WEIGHT" offset="1" source="#weights5" />
                    <vcount>1 1 1 1 1 1 1 1 1 1 1 1 1 1 1 1 1 1 1 1 1 1 1 1 1 1 1 1 1 1 1 1 1 1 1 2 2 1 1 1 1 1 1 1 1 1 1 1 1 1 1 1 1 1 1 1 1 1 1 1 1 1 1 1 1 1 1 1 1 1 1 1 1 1 1 2 2 1 2 2 1 1 1 1 1 1 1 1 1 1 1 1 1 1 2 2 1 1 1 1 1 1 1 1 1 1 1 1 1 1 1 1 1 1 1 1 1 1 1 2 2 1 2 1 1 1 1 1 1 1 1 1 1 1 1 1 1 1 1 1 1 1 1 1 1 1 1 1 1 1 1 1 1 1 1 1 1 1 1 1 1 1 1 1 1 1 1 1 1 1 1 1 1 1 1 1 1 1 1 1 1 1 1 1 1 1 1 1 1 1 1 1 1 1 1 1 1 1 1 1 1 1 1 1 1 1 1 1 1 1 1 1 1 1 1 1 1 1 1 1 1 1 1 1 2 1 1 1 1 1 1 1 1 1 1 1 1 1 1 1 1 1 1 1 1 1 1 1 1 1 1 1 1 1 1 1 1 1 1 1 1 1 1 1 1 1 1 1 1 1 1 1 1 1 1 1 1 1 1 1 1 1 1 1 1 1 2 1 2 1 2 2 1 1 1 1 1 1 1 1 1 1 1 1 1 1 1 1 1 1 1 1 1 1 1 2 2 1 1 1 1 1 1 2 2 2 2 1 1 1 1 1 1 1 1 1 1 1 1 1 1 2 1 1 1 1 1 1 1 1 1 1 1 2 2 1 1 1 1 1 1 1 1 1 1 1 1 1 1 1 1 1 1 1 1 1 2 1 1 1 1 1 1 1 1 1 1 1 1 1 1 1 1 2 1 1 1 1 1 2 2 1 1 1 1 1 1 1 1 1 1 1 2 2 2 2 2 2 1 2 2 1 1 1 1 1 2 1 1 1 1 1 1 1 1 1 1 1 1 1 1 1 1 1 1 1 1 1 1 1 1 2 1 1 1 1 2 1 1 1 1 1 1 1 1 1 1 1 1 1 1 1 1 1 1 1 1 1 1 1 1 1 1 1 1 1 1 1 1 1 1 2 1 1 1 1 1 1 1 1 1 1 1 1 1 1 1 1 1 1 1 1 1 1 1 1 1 1 1 1 1 1 1 1 1 1 1 1 1 1 1 1 1 1 1 1 1 1 1 1 1 1 1 1 1 1 1 1 1 1 2 2 1 1 1 1 1 1 1 1 2 2 1 1 1 1 1 1 1 1 1 1 1 1 1 1 1 1 1 1 1 1 1 1 1 1 1 1 1 1 1 1 1 1 1 1 1 1 1 1 1 1 1 1 1 1 1 1 1 2 1 1 1 1 1 1 1 1 1 1 1 1 1 1 1 1 1 1 1 1 1 1 1 1 1 1 1 1 1 1 1 1 1 2 1 1 1 1 1 1 1 1 1 1 1 1 1 1 1 1 1 1 1 1 1 1 1 1 1 1 1 1 1 1 1 1 1 1 1 1 1 1 1 1 1 1 1 1 1 1 1 1 1 1 1 1 1 1 1 1 1 1 1 1 1 1 1 1 1 1 1 2 1 1 1 1 1 1 1 1 1 1 1 2 1 1 1 1 1 1 1 1 1 1 1 1 1 1 1 1 1 1 1 1 1 1 1 1 1 1 1 1 1 1 1 1 1 1 1 1 1 1 1 1 1 1 1 1 1 1 1 1 1 1 1 1 1 1 1 1 1 1 1 1 1 1 1 1 1 1 1 1 1 1 1 1 1 1 1 1 1 1 1 1 1 1 1 1 1 1 1 1 1 1 1 1 1 1 1 1 1 1 1 1 1 1 1 1 1 1 1 1 1 1 1 1 1 1 1 1 1 1 1 1 1 1</vcount>
                    <v>10 0 10 0 10 0 10 0 9 0 9 0 9 0 9 0 9 0 9 0 9 0 9 0 9 0 9 0 9 0 9 0 9 0 9 0 9 0 11 0 11 0 11 0 11 0 11 0 11 0 11 0 11 0 11 0 11 0 11 0 11 0 11 0 11 0 11 0 11 0 9 1 10 1 9 1 10 1 9 0 9 0 9 0 9 0 9 0 9 0 9 0 9 0 9 0 9 0 9 0 9 0 9 0 9 0 10 0 10 0 12 0 12 0 12 0 12 0 12 0 12 0 12 0 12 0 12 0 12 0 12 0 10 0 10 0 10 0 10 0 10 0 10 0 10 0 10 0 10 0 10 0 10 0 9 1 10 1 9 1 10 1 9 0 9 1 10 1 9 1 10 1 9 0 9 0 11 0 11 0 11 0 11 0 11 0 11 0 11 0 11 0 11 0 11 0 11 0 11 0 11 1 12 1 11 1 12 1 12 0 12 0 12 0 19 0 19 0 19 0 19 0 19 0 19 0 19 0 19 0 19 0 17 0 17 0 17 0 17 0 17 0 17 0 17 0 17 0 17 0 12 0 11 0 11 1 12 1 11 1 12 1 12 0 11 1 12 1 9 0 9 0 9 0 9 0 19 0 19 0 19 0 19 0 19 0 19 0 16 0 16 0 16 0 16 0 16 0 16 0 16 0 16 0 9 0 12 0 12 0 19 0 19 0 19 0 19 0 10 0 10 0 10 0 10 0 12 0 12 0 10 0 10 0 10 0 10 0 10 0 10 0 10 0 10 0 10 0 10 0 10 0 10 0 10 0 12 0 12 0 12 0 12 0 12 0 12 0 12 0 18 0 18 0 18 0 18 0 18 0 18 0 18 0 10 0 10 0 10 0 10 0 10 0 10 0 10 0 12 0 12 0 12 0 10 0 10 0 10 0 12 0 12 0 12 0 12 0 12 0 12 0 11 0 11 0 11 0 12 0 12 0 12 0 12 0 18 0 18 0 18 0 18 0 16 0 16 0 16 0 16 0 16 0 16 0 16 0 16 0 16 0 16 0 16 0 16 0 16 0 11 1 12 1 12 0 12 0 12 0 12 0 12 0 12 0 12 0 12 0 12 0 11 0 19 0 19 0 11 0 11 0 11 0 18 0 18 0 18 0 19 0 12 0 19 0 19 0 19 0 10 0 10 0 10 0 16 0 12 0 10 0 10 0 10 0 10 0 12 0 10 0 10 0 10 0 16 0 17 0 16 0 12 0 12 0 18 0 18 0 18 0 18 0 17 0 17 0 17 0 17 0 17 0 17 0 11 0 17 0 17 0 8 0 8 0 8 0 8 0 8 0 8 0 8 0 7 1 8 1 8 0 7 1 8 1 8 0 7 1 8 1 7 1 8 1 7 0 7 0 7 0 7 0 7 0 7 0 7 0 7 0 7 0 7 0 7 0 7 0 7 0 7 0 7 0 7 0 7 0 7 0 7 0 7 0 7 0 7 0 7 0 7 1 8 1 7 1 8 1 8 0 8 0 8 0 8 0 8 0 8 0 7 1 8 1 7 1 8 1 7 1 8 1 7 1 8 1 7 0 7 0 7 0 7 0 7 0 7 0 7 0 7 0 7 0 7 0 7 0 7 0 7 0 7 0 7 1 8 1 8 0 8 0 8 0 8 0 7 0 7 0 7 0 7 0 7 0 7 0 6 0 5 1 6 1 5 1 6 1 5 0 5 0 5 0 5 0 5 0 5 0 5 0 5 0 5 0 5 0 5 0 5 0 6 0 6 0 6 0 6 0 6 0 6 0 6 0 6 0 6 0 5 1 6 1 6 0 6 0 7 0 7 0 7 0 7 0 7 0 7 0 7 0 7 0 7 0 7 0 7 0 6 0 6 0 6 0 5 1 6 1 6 0 6 0 6 0 6 0 6 0 7 1 8 1 7 1 8 1 7 0 7 0 7 0 7 0 7 0 7 0 7 0 7 0 7 0 7 0 7 0 7 1 8 1 7 1 8 1 7 1 8 1 7 1 8 1 7 1 8 1 7 1 8 1 7 0 7 1 8 1 7 1 8 1 8 0 8 0 8 0 8 0 6 0 5 1 6 1 5 0 5 0 5 0 5 0 5 0 5 0 5 0 6 0 6 0 6 0 6 0 6 0 6 0 6 0 8 0 8 0 8 0 8 0 7 0 7 0 7 0 7 0 7 0 7 0 5 1 6 1 5 0 5 0 5 0 6 0 5 1 6 1 8 0 8 0 6 0 6 0 6 0 6 0 6 0 6 0 7 0 7 0 5 0 5 0 7 0 7 0 6 0 6 0 6 0 6 0 6 0 6 0 6 0 6 0 6 0 7 0 7 0 5 0 7 0 7 0 7 0 7 0 7 0 7 0 7 0 6 0 5 1 6 1 6 0 6 0 6 0 6 0 6 0 6 0 13 0 13 0 13 0 13 0 13 0 13 0 13 0 13 0 13 0 13 0 13 0 13 0 13 0 13 0 13 0 13 0 13 0 13 0 13 0 13 0 13 0 13 0 13 0 13 0 13 0 13 0 13 0 13 0 13 0 13 0 13 0 13 0 13 0 13 0 13 0 13 0 13 0 13 0 13 0 13 0 13 0 13 0 13 0 13 0 13 0 13 0 4 0 4 0 4 0 4 0 4 0 4 0 3 1 4 1 3 1 4 1 3 0 3 0 3 0 3 0 3 0 3 0 4 0 4 0 3 1 4 1 3 1 4 1 3 0 3 0 3 0 3 0 3 0 3 0 3 0 3 0 20 0 20 0 20 0 20 0 20 0 20 0 20 0 20 0 20 0 20 0 20 0 20 0 20 0 13 0 13 0 13 0 13 0 13 0 13 0 13 0 13 0 13 0 13 0 13 0 13 0 13 0 13 0 13 0 13 0 13 0 13 0 13 0 13 0 13 0 13 0 13 0 13 0 4 0 4 0 3 1 4 1 3 0 3 0 3 0 3 0 3 0 13 0 13 0 13 0 13 0 13 0 13 0 13 0 13 0 13 0 13 0 13 0 13 0 13 0 13 0 13 0 13 0 13 0 13 0 13 0 13 0 13 0 13 0 13 0 13 0 13 0 13 0 13 0 4 0 3 1 4 1 4 0 4 0 4 0 4 0 4 0 4 0 4 0 13 0 13 0 13 0 13 0 13 0 13 0 13 0 13 0 13 0 13 0 13 0 13 0 13 0 13 0 14 0 14 0 14 0 14 0 14 0 14 0 14 0 14 0 14 0 14 0 13 0 13 0 14 0 14 0 14 0 14 0 13 0 13 0 13 0 13 0 13 0 13 0 4 0 4 0 4 0 4 0 4 0 4 0 4 0 4 0 4 0 14 0 14 0 13 0 13 0 13 0 13 0 13 0 20 0 20 0 20 0 20 0 20 0 20 0 20 0 4 0 3 1 4 1 3 0 14 0 14 0 14 0 14 0 14 0 14 0 14 0 14 0 14 0 14 0 3 1 4 1 3 0 3 0 3 0 3 0 13 0 13 0 13 0 13 0 13 0 13 0 4 0 4 0 4 0 4 0 4 0 4 0 4 0 13 0 13 0 13 0 13 0 13 0 13 0 13 0 13 0 13 0 13 0 13 0 13 0 13 0 13 0 13 0 13 0 13 0 13 0 13 0 14 0 14 0 14 0 13 0 13 0 13 0 13 0 13 0 13 0 13 0 13 0 13 0 13 0 13 0 13 0 13 0 13 0 13 0 13 0 13 0 20 0 20 0 20 0 20 0 4 0 4 0 4 0 4 0 4 0 13 0 4 0 4 0 4 0 4 0 14 0 14 0 3 0 4 0 4 0 13 0 13 0 13 0 13 0 13 0 13 0 13 0 13 0 13 0 13 0 13 0 13 0 20 0 13 0 4 0 4 0 13 0 4 0 13 0 13 0 13 0 13 0 13 0 13 0 13 0 13 0 13 0 13 0 13 0 13 0 4 0 4 0 13 0 13 0 13 0 13 0 13 0 13 0 13 0 13 0 13 0 13 0 13 0 13 0 13 0 13 0 13 0</v>
                </vertex_weights>
            </skin>
        </controller>
        <controller id="controller6">
            <skin source="#mesh6">
                <bind_shape_matrix>1 0 0 0 0 1 0 0 0 0 1 0 0 0 0 1</bind_shape_matrix>
                <source id="joints6">
                    <Name_array id="JointArr6" count="24">jointnode-1 jointnode0 jointnode1 jointnode2 jointnode3 jointnode4 jointnode5 jointnode6 jointnode7 jointnode8 jointnode9 jointnode10 jointnode11 jointnode12 jointnode13 jointnode14 jointnode15 jointnode16 jointnode17 jointnode18 jointnode19 jointnode20 jointnode21 jointnode22</Name_array>
                    <technique_common>
                        <accessor source="#JointArr6" count="24">
                            <param name="JOINT" type="Name" />
                        </accessor>
                    </technique_common>
                </source>
                <source id="matrices6">
                    <float_array id="MatArr6" count="384">1 0 0 0 0 1 0 0 0 0 1 0 0 0 0 1 1 0 0 0 0 1 0 0 0 0 1 0 0 0 0 1 1 0 0 0 0 1 0 -360.3581237792969 0 0 1 278.03594970703125 0 0 0 1 0.00004608209989780121 -0.9612781367187081 -0.275580009694188 303.53680522244275 0.17367167871187364 -0.27138449509570356 0.9466723846373939 267.19375050133715 -0.9848036077766165 -0.04790406755442335 0.16693428174554628 456.4821143577913 0 0 0 1 0.08157329583054618 -0.9761673238459554 0.20110483152517247 244.58501878305105 0.15332205163479387 0.21166614317638763 0.9652407949912449 172.56878069251087 -0.9848036077766165 -0.04790406755442336 0.16693428174554628 456.4821143577913 0 0 0 1 0.00004608209989780815 0.9612781367187081 0.27558000969418806 -303.536600213318 0.17367167871187358 0.27138449509570356 -0.9466723846373939 -267.1935974390156 -0.9848036077766165 0.047904067554423405 -0.16693428174554625 -456.48211834390645 0 0 0 1 0.08157329583054615 0.9761673238459552 -0.2011048315251724 -244.58507733649793 0.1533220516347938 -0.2116661431763876 -0.9652407949912448 -172.56861244879258 -0.9848036077766164 0.0479040675544234 -0.16693428174554625 -456.4821243439066 0 0 0 1 0.00004630559632005922 0.9659402989232351 0.25876502231152365 -276.13845507344456 -0.000060343133955823716 -0.2587650194187727 0.9659402989232351 361.81420526887763 0.9999999971072491 -0.000060343133955877344 0.000046305596320044855 0.03461975898489682 0 0 0 1 -0.000005961069073462202 0.544736863354775 0.8386070293450125 -266.50340525983444 -0.00007582854160319963 -0.8386070271951621 0.5447368614192775 726.7738630301567 0.9999999971072491 -0.00006034313395587733 0.000046305596320044855 0.03461975898489682 0 0 0 1 0.2586957616040727 -0.91864221787213 0.2986184496494861 808.9128622927759 -0.1676765273286761 -0.34715502882316945 -0.922696032366987 280.1343328409301 0.9512944260906215 0.1886262481887347 -0.24384227152640575 -457.563434837071 0 0 0 1 0.2586957616040727 -0.91864221787213 0.2986184496494861 143.3236288943383 -0.1676765273286761 -0.34715502882316945 -0.922696032366987 280.1343328409301 0.9512944260906215 0.1886262481887347 -0.24384227152640575 -457.563434837071 0 0 0 1 0.25883428152188953 0.9186109884873215 -0.2985944851121561 -808.8959932124473 -0.1677200805235511 0.3471752677056635 0.922680501627012 -280.1463700977381 0.9512490679618146 -0.1887410536259854 0.2439303699376774 457.6296065858007 0 0 0 1 0.25883428152188953 0.9186109884873215 -0.2985944851121561 -143.30596635697847 -0.1677200805235511 0.3471752677056635 0.922680501627012 -280.14576809775264 0.9512490679618146 -0.1887410536259854 0.2439303699376774 457.6285505857924 0 0 0 1 -0.00007571158671318107 -0.7312668722247735 0.6820914571040696 567.9323484598804 -0.000007297787578385094 -0.6820914586368187 -0.7312668746780747 624.6203225672923 0.9999999971072492 -0.00006034313395587733 0.00004630559632004486 0.03461975898489682 0 0 0 1 -0.00007541085023542537 -0.7070220291953123 0.7071915190001553 22.957042123329362 -0.000009935075889846647 -0.7071915204463703 -0.7070220317006005 766.3748125038031 0.9999999971072491 -0.00006034313395587733 0.00004630559632004486 0.03461975898489681 0 0 0 1 3.9999999693148656 -0.0003815954813591297 0.0003160157753626771 0.145622701458428 0.00038164092565445536 3.999999940429646 -0.0005752504127762997 -1674.413193187687 -0.000315960892418132 0.0005752805595004505 3.9999999461526237 -1577.142313749933 0 0 0 1 0.00007605570913388924 0.7851380830847267 -0.6193207446110378 -343.1190785949794 -0.0000010154675225604368 -0.6193207463413016 -0.7851380854029574 888.686401237414 -0.9999999971072493 0.00006034313395578118 -0.00004630559631996902 -0.034619758984854795 0 0 0 1 0.7547458918332729 -0.00013989374801172248 -0.6560172400101522 22.854231115313933 -0.6560172485033386 -0.000021014762820181413 -0.7547458971233224 304.3261914836259 0.00009179818564004415 0.9999999899940597 -0.00010763351756014541 -973.927399363809 0 0 0 1 0.7546851416486741 -0.000014090187104691809 0.6560871411452803 -22.740683150267614 -0.6560871406603545 0.000027831601269441037 0.7546851416885867 -304.30105908207696 -0.000028893610561740255 -0.9999999995134342 0.000011759705377682027 973.951437389933 0 0 0 1 -0.1710284359274415 -0.2960716528397919 0.9397291367670407 -281.3288399825129 0.8659654310315532 -0.500103859824508 0.000040582828886914806 85.80528814795669 0.46995015306152416 0.8137798877911293 0.3419197974146966 -701.8503814625466 0 0 0 1 -0.17090567272989535 0.2960922862155741 -0.9397449702298902 281.31680609396244 0.8660257804381234 0.4999993460465216 0.00003961805721292014 -85.74518911084971 0.46988360116658856 -0.8138366003054212 -0.341876277852139 701.8825927279544 0 0 0 1 -0.0003016434009417015 -2.8280881167812493 2.8287660760006212 -81.13959540866405 -0.00003974030355938659 -2.8287660817854814 -2.828088126802402 3068.4769116573784 3.9999999884289963 -0.00024137253582350932 0.00018522238528017945 0.13847903593958724 0 0 0 1 -0.0003016434009417015 -2.8280881167812493 2.8287660760006212 -81.13959540866405 -0.00003974030355938659 -2.8287660817854814 -2.828088126802402 3068.4769116573784 3.9999999884289963 -0.00024137253582350932 0.00018522238528017945 0.13847903593958724 0 0 0 1 0.0000677946718567867 0.43107422103919224 -0.9023164696265589 -537.0825208345727 -0.000034487454733653913 -0.9023164701556546 -0.43107422388314454 496.9768158968211 -0.9999999971072491 0.000060343133955987844 -0.00004630559631999207 -0.034619758984957685 0 0 0 1</float_array>
                    <technique_common>
                        <accessor source="#MatArr6" count="24" stride="16">
                            <param type="float4x4" />
                        </accessor>
                    </technique_common>
                </source>
                <source id="weights6">
                    <float_array id="WeightArr6" count="2">1 0.5</float_array>
                    <technique_common>
                        <accessor source="#WeightArr6" count="1">
                            <param type="float" />
                        </accessor>
                    </technique_common>
                </source>
                <joints>
                    <input semantic="JOINT" source="#joints6" />
                    <input semantic="INV_BIND_MATRIX" source="#matrices6" />
                </joints>
                <vertex_weights count="22">
                    <input semantic="JOINT" offset="0" source="#joints6" />
                    <input semantic="WEIGHT" offset="1" source="#weights6" />
                    <vcount>1 1 1 1 1 1 1 1 1 1 1 1 1 1 1 1 1 1 1 1 1 1</vcount>
                    <v>13 0 13 0 13 0 13 0 13 0 13 0 13 0 13 0 13 0 13 0 13 0 13 0 13 0 13 0 13 0 13 0 13 0 13 0 13 0 13 0 13 0 13 0</v>
                </vertex_weights>
            </skin>
        </controller>
        <controller id="controller7">
            <skin source="#mesh7">
                <bind_shape_matrix>1 0 0 0 0 1 0 0 0 0 1 0 0 0 0 1</bind_shape_matrix>
                <source id="joints7">
                    <Name_array id="JointArr7" count="24">jointnode-1 jointnode0 jointnode1 jointnode2 jointnode3 jointnode4 jointnode5 jointnode6 jointnode7 jointnode8 jointnode9 jointnode10 jointnode11 jointnode12 jointnode13 jointnode14 jointnode15 jointnode16 jointnode17 jointnode18 jointnode19 jointnode20 jointnode21 jointnode22</Name_array>
                    <technique_common>
                        <accessor source="#JointArr7" count="24">
                            <param name="JOINT" type="Name" />
                        </accessor>
                    </technique_common>
                </source>
                <source id="matrices7">
                    <float_array id="MatArr7" count="384">1 0 0 0 0 1 0 0 0 0 1 0 0 0 0 1 1 0 0 0 0 1 0 0 0 0 1 0 0 0 0 1 1 0 0 0 0 1 0 -360.3581237792969 0 0 1 278.03594970703125 0 0 0 1 0.00004608209989780121 -0.9612781367187081 -0.275580009694188 303.53680522244275 0.17367167871187364 -0.27138449509570356 0.9466723846373939 267.19375050133715 -0.9848036077766165 -0.04790406755442335 0.16693428174554628 456.4821143577913 0 0 0 1 0.08157329583054618 -0.9761673238459554 0.20110483152517247 244.58501878305105 0.15332205163479387 0.21166614317638763 0.9652407949912449 172.56878069251087 -0.9848036077766165 -0.04790406755442336 0.16693428174554628 456.4821143577913 0 0 0 1 0.00004608209989780815 0.9612781367187081 0.27558000969418806 -303.536600213318 0.17367167871187358 0.27138449509570356 -0.9466723846373939 -267.1935974390156 -0.9848036077766165 0.047904067554423405 -0.16693428174554625 -456.48211834390645 0 0 0 1 0.08157329583054615 0.9761673238459552 -0.2011048315251724 -244.58507733649793 0.1533220516347938 -0.2116661431763876 -0.9652407949912448 -172.56861244879258 -0.9848036077766164 0.0479040675544234 -0.16693428174554625 -456.4821243439066 0 0 0 1 0.00004630559632005922 0.9659402989232351 0.25876502231152365 -276.13845507344456 -0.000060343133955823716 -0.2587650194187727 0.9659402989232351 361.81420526887763 0.9999999971072491 -0.000060343133955877344 0.000046305596320044855 0.03461975898489682 0 0 0 1 -0.000005961069073462202 0.544736863354775 0.8386070293450125 -266.50340525983444 -0.00007582854160319963 -0.8386070271951621 0.5447368614192775 726.7738630301567 0.9999999971072491 -0.00006034313395587733 0.000046305596320044855 0.03461975898489682 0 0 0 1 0.2586957616040727 -0.91864221787213 0.2986184496494861 808.9128622927759 -0.1676765273286761 -0.34715502882316945 -0.922696032366987 280.1343328409301 0.9512944260906215 0.1886262481887347 -0.24384227152640575 -457.563434837071 0 0 0 1 0.2586957616040727 -0.91864221787213 0.2986184496494861 143.3236288943383 -0.1676765273286761 -0.34715502882316945 -0.922696032366987 280.1343328409301 0.9512944260906215 0.1886262481887347 -0.24384227152640575 -457.563434837071 0 0 0 1 0.25883428152188953 0.9186109884873215 -0.2985944851121561 -808.8959932124473 -0.1677200805235511 0.3471752677056635 0.922680501627012 -280.1463700977381 0.9512490679618146 -0.1887410536259854 0.2439303699376774 457.6296065858007 0 0 0 1 0.25883428152188953 0.9186109884873215 -0.2985944851121561 -143.30596635697847 -0.1677200805235511 0.3471752677056635 0.922680501627012 -280.14576809775264 0.9512490679618146 -0.1887410536259854 0.2439303699376774 457.6285505857924 0 0 0 1 -0.00007571158671318107 -0.7312668722247735 0.6820914571040696 567.9323484598804 -0.000007297787578385094 -0.6820914586368187 -0.7312668746780747 624.6203225672923 0.9999999971072492 -0.00006034313395587733 0.00004630559632004486 0.03461975898489682 0 0 0 1 -0.00007541085023542537 -0.7070220291953123 0.7071915190001553 22.957042123329362 -0.000009935075889846647 -0.7071915204463703 -0.7070220317006005 766.3748125038031 0.9999999971072491 -0.00006034313395587733 0.00004630559632004486 0.03461975898489681 0 0 0 1 3.9999999693148656 -0.0003815954813591297 0.0003160157753626771 0.145622701458428 0.00038164092565445536 3.999999940429646 -0.0005752504127762997 -1674.413193187687 -0.000315960892418132 0.0005752805595004505 3.9999999461526237 -1577.142313749933 0 0 0 1 0.00007605570913388924 0.7851380830847267 -0.6193207446110378 -343.1190785949794 -0.0000010154675225604368 -0.6193207463413016 -0.7851380854029574 888.686401237414 -0.9999999971072493 0.00006034313395578118 -0.00004630559631996902 -0.034619758984854795 0 0 0 1 0.7547458918332729 -0.00013989374801172248 -0.6560172400101522 22.854231115313933 -0.6560172485033386 -0.000021014762820181413 -0.7547458971233224 304.3261914836259 0.00009179818564004415 0.9999999899940597 -0.00010763351756014541 -973.927399363809 0 0 0 1 0.7546851416486741 -0.000014090187104691809 0.6560871411452803 -22.740683150267614 -0.6560871406603545 0.000027831601269441037 0.7546851416885867 -304.30105908207696 -0.000028893610561740255 -0.9999999995134342 0.000011759705377682027 973.951437389933 0 0 0 1 -0.1710284359274415 -0.2960716528397919 0.9397291367670407 -281.3288399825129 0.8659654310315532 -0.500103859824508 0.000040582828886914806 85.80528814795669 0.46995015306152416 0.8137798877911293 0.3419197974146966 -701.8503814625466 0 0 0 1 -0.17090567272989535 0.2960922862155741 -0.9397449702298902 281.31680609396244 0.8660257804381234 0.4999993460465216 0.00003961805721292014 -85.74518911084971 0.46988360116658856 -0.8138366003054212 -0.341876277852139 701.8825927279544 0 0 0 1 -0.0003016434009417015 -2.8280881167812493 2.8287660760006212 -81.13959540866405 -0.00003974030355938659 -2.8287660817854814 -2.828088126802402 3068.4769116573784 3.9999999884289963 -0.00024137253582350932 0.00018522238528017945 0.13847903593958724 0 0 0 1 -0.0003016434009417015 -2.8280881167812493 2.8287660760006212 -81.13959540866405 -0.00003974030355938659 -2.8287660817854814 -2.828088126802402 3068.4769116573784 3.9999999884289963 -0.00024137253582350932 0.00018522238528017945 0.13847903593958724 0 0 0 1 0.0000677946718567867 0.43107422103919224 -0.9023164696265589 -537.0825208345727 -0.000034487454733653913 -0.9023164701556546 -0.43107422388314454 496.9768158968211 -0.9999999971072491 0.000060343133955987844 -0.00004630559631999207 -0.034619758984957685 0 0 0 1</float_array>
                    <technique_common>
                        <accessor source="#MatArr7" count="24" stride="16">
                            <param type="float4x4" />
                        </accessor>
                    </technique_common>
                </source>
                <source id="weights7">
                    <float_array id="WeightArr7" count="2">1 0.5</float_array>
                    <technique_common>
                        <accessor source="#WeightArr7" count="1">
                            <param type="float" />
                        </accessor>
                    </technique_common>
                </source>
                <joints>
                    <input semantic="JOINT" source="#joints7" />
                    <input semantic="INV_BIND_MATRIX" source="#matrices7" />
                </joints>
                <vertex_weights count="9">
                    <input semantic="JOINT" offset="0" source="#joints7" />
                    <input semantic="WEIGHT" offset="1" source="#weights7" />
                    <vcount>1 1 1 1 1 1 1 1 1</vcount>
                    <v>13 0 13 0 13 0 13 0 13 0 13 0 13 0 13 0 13 0</v>
                </vertex_weights>
            </skin>
        </controller>
    </library_controllers>
    <library_visual_scenes>
        <visual_scene id="VisualSceneNode">
            <node id="node0" name="m0" type="NODE">
                <instance_controller url="#controller0">
                    <skeleton>#jointnode-1</skeleton>
                    <bind_material>
                        <technique_common>
                            <instance_material symbol="Material1" target="#mat4">
                                <bind_vertex_input semantic="UVSET0" input_semantic="TEXCOORD" input_set="0"></bind_vertex_input>
                            </instance_material>
                        </technique_common>
                    </bind_material>
                </instance_controller>
            </node>
            <node id="node1" name="m1" type="NODE">
                <instance_controller url="#controller1">
                    <skeleton>#jointnode-1</skeleton>
                    <bind_material>
                        <technique_common>
                            <instance_material symbol="Material1" target="#mat3">
                                <bind_vertex_input semantic="UVSET0" input_semantic="TEXCOORD" input_set="0"></bind_vertex_input>
                            </instance_material>
                        </technique_common>
                    </bind_material>
                </instance_controller>
            </node>
            <node id="node2" name="m2" type="NODE">
                <instance_controller url="#controller2">
                    <skeleton>#jointnode-1</skeleton>
                    <bind_material>
                        <technique_common>
                            <instance_material symbol="Material1" target="#mat5">
                                <bind_vertex_input semantic="UVSET0" input_semantic="TEXCOORD" input_set="0"></bind_vertex_input>
                            </instance_material>
                        </technique_common>
                    </bind_material>
                </instance_controller>
            </node>
            <node id="node3" name="m3" type="NODE">
                <instance_controller url="#controller3">
                    <skeleton>#jointnode-1</skeleton>
                    <bind_material>
                        <technique_common>
                            <instance_material symbol="Material1" target="#mat7">
                                <bind_vertex_input semantic="UVSET0" input_semantic="TEXCOORD" input_set="0"></bind_vertex_input>
                            </instance_material>
                        </technique_common>
                    </bind_material>
                </instance_controller>
            </node>
            <node id="node4" name="m4" type="NODE">
                <instance_controller url="#controller4">
                    <skeleton>#jointnode-1</skeleton>
                    <bind_material>
                        <technique_common>
                            <instance_material symbol="Material1" target="#mat6">
                                <bind_vertex_input semantic="UVSET0" input_semantic="TEXCOORD" input_set="0"></bind_vertex_input>
                            </instance_material>
                        </technique_common>
                    </bind_material>
                </instance_controller>
            </node>
            <node id="node5" name="m5" type="NODE">
                <instance_controller url="#controller5">
                    <skeleton>#jointnode-1</skeleton>
                    <bind_material>
                        <technique_common>
                            <instance_material symbol="Material1" target="#mat0">
                                <bind_vertex_input semantic="UVSET0" input_semantic="TEXCOORD" input_set="0"></bind_vertex_input>
                            </instance_material>
                        </technique_common>
                    </bind_material>
                </instance_controller>
            </node>
            <node id="node6" name="m6" type="NODE">
                <instance_controller url="#controller6">
                    <skeleton>#jointnode-1</skeleton>
                    <bind_material>
                        <technique_common>
                            <instance_material symbol="Material1" target="#mat2">
                                <bind_vertex_input semantic="UVSET0" input_semantic="TEXCOORD" input_set="0"></bind_vertex_input>
                            </instance_material>
                        </technique_common>
                    </bind_material>
                </instance_controller>
            </node>
            <node id="node7" name="m7" type="NODE">
                <instance_controller url="#controller7">
                    <skeleton>#jointnode-1</skeleton>
                    <bind_material>
                        <technique_common>
                            <instance_material symbol="Material1" target="#mat1">
                                <bind_vertex_input semantic="UVSET0" input_semantic="TEXCOORD" input_set="0"></bind_vertex_input>
                            </instance_material>
                        </technique_common>
                    </bind_material>
                </instance_controller>
            </node>
            <node id="jointnode-1" name="root" sid="jointnode-1" type="JOINT">
                <node id="jointnode0" name="Root" sid="jointnode0" type="JOINT">
                    <node id="jointnode1" name="Center" sid="jointnode1" type="JOINT">
                        <translate>0 360.3581237792969 -278.03594970703125</translate>
                        <node id="jointnode2" name="Leg01_L" sid="jointnode2" type="JOINT">
                            <translate>403.12725830078125 25.80476188659668 32.537166595458984</translate>
                            <rotate>0 0 1 -89.99725333414716</rotate>
                            <rotate>0 1 0 15.996581926938688</rotate>
                            <rotate>1 0 0 79.99938962981048</rotate>
                            <node id="jointnode3" name="Leg02_L" sid="jointnode3" type="JOINT">
                                <translate>168.59490966796875 0 0</translate>
                                <rotate>0 0 1 27.999511703848384</rotate>
                            </node>
                        </node>
                        <node id="jointnode4" name="Leg01_R" sid="jointnode4" type="JOINT">
                            <translate>-403.1272888183594 25.804523468017578 32.537254333496094</translate>
                            <rotate>0 0 1 89.99725333414716</rotate>
                            <rotate>0 1 0 -15.996581926938688</rotate>
                            <rotate>1 0 0 -100.00061037018952</rotate>
                            <node id="jointnode5" name="Leg02_R" sid="jointnode5" type="JOINT">
                                <translate>-168.59457397460938 0.00003199999991920777 0.000006000000212225132</translate>
                                <rotate>0 0 1 27.999511703848384</rotate>
                            </node>
                        </node>
                        <node id="jointnode6" name="Waist" sid="jointnode6" type="JOINT">
                            <rotate>0 0 1 89.99725333414716</rotate>
                            <rotate>0 1 0 -14.99679555650502</rotate>
                            <rotate>1 0 0 89.99725333414716</rotate>
                            <node id="jointnode7" name="Chest" sid="jointnode7" type="JOINT">
                                <translate>408.19683837890625 0 0</translate>
                                <rotate>0 0 1 41.996520889919736</rotate>
                                <node id="jointnode8" name="Arm01_L" sid="jointnode8" type="JOINT">
                                    <translate>158.90603637695312 -101.91020965576172 272.96148681640625</translate>
                                    <rotate>0 0 1 104.99954222235786</rotate>
                                    <rotate>0 1 0 -14.99679555650502</rotate>
                                    <rotate>1 0 0 -9.99786370433668</rotate>
                                    <node id="jointnode9" name="Arm02_L" sid="jointnode9" type="JOINT">
                                        <translate>665.5892333984375 0 0</translate>
                                    </node>
                                </node>
                                <node id="jointnode10" name="Arm01_R" sid="jointnode10" type="JOINT">
                                    <translate>158.90667724609375 -101.91118621826172 -272.9615783691406</translate>
                                    <rotate>0 0 1 -75.00045777764214</rotate>
                                    <rotate>0 1 0 -14.99679555650502</rotate>
                                    <rotate>1 0 0 -9.99786370433668</rotate>
                                    <node id="jointnode11" name="Arm02_R" sid="jointnode11" type="JOINT">
                                        <translate>-665.5900268554688 -0.0006019999855197966 0.0010560000082477927</translate>
                                    </node>
                                </node>
                                <node id="jointnode12" name="Head" sid="jointnode12" type="JOINT">
                                    <translate>250 59 0</translate>
                                    <rotate>0 0 1 79.99938962981048</rotate>
                                    <node id="jointnode13" name="Cannon" sid="jointnode13" type="JOINT">
                                        <translate>518.2489013671875 -140.48681640625 0</translate>
                                        <rotate>0 0 1 -1.999572740867336</rotate>
                                    </node>
                                    <node id="jointnode14" name="CannonPineModel" sid="jointnode14" type="JOINT">
                                        <translate>530.6779174804688 50.77195739746094 0</translate>
                                        <rotate>0 1 0 -89.99725333414716</rotate>
                                        <rotate>1 0 0 132.99905392620624</rotate>
                                        <scale>0.25 0.25 0.25</scale>
                                    </node>
                                    <node id="jointnode15" name="Cockpit" sid="jointnode15" type="JOINT">
                                        <translate>299.4346008300781 -289.38360595703125 0</translate>
                                        <rotate>0 0 1 4.740745262001404</rotate>
                                        <rotate>0 1 0 180</rotate>
                                    </node>
                                    <node id="jointnode16" name="Ear_L" sid="jointnode16" type="JOINT">
                                        <translate>22.534486770629883 -218.54608154296875 182.47067260742188</translate>
                                        <rotate>0 0 1 132.99905392620624</rotate>
                                        <rotate>0 1 0 -49.000518814661085</rotate>
                                        <rotate>1 0 0 -89.99725333414716</rotate>
                                    </node>
                                    <node id="jointnode17" name="Ear_R" sid="jointnode17" type="JOINT">
                                        <translate>22.53400421142578 -218.54641723632812 -182.47064208984375</translate>
                                        <rotate>0 0 1 -46.99545274208808</rotate>
                                        <rotate>0 1 0 -49.000518814661085</rotate>
                                        <rotate>1 0 0 -89.99725333414716</rotate>
                                    </node>
                                    <node id="jointnode18" name="Horn_L" sid="jointnode18" type="JOINT">
                                        <translate>523.7923583984375 -106.22622680664062 207.4409942626953</translate>
                                        <rotate>0 0 1 -29.504684591204565</rotate>
                                        <rotate>0 1 0 9.844050416577655</rotate>
                                        <rotate>1 0 0 61.51432844019898</rotate>
                                    </node>
                                    <node id="jointnode19" name="Horn_R" sid="jointnode19" type="JOINT">
                                        <translate>523.7923583984375 -106.22582244873047 -207.4409942626953</translate>
                                        <rotate>0 0 1 150.49531540879542</rotate>
                                        <rotate>0 1 0 9.844050416577655</rotate>
                                        <rotate>1 0 0 61.51432844019898</rotate>
                                    </node>
                                    <node id="jointnode20" name="LaserCannonModel" sid="jointnode20" type="JOINT">
                                        <translate>561.4385375976562 -142.7395782470703 0</translate>
                                        <rotate>0 0 1 -1.999572740867336</rotate>
                                        <scale>0.25 0.25 0.25</scale>
                                    </node>
                                    <node id="jointnode21" name="LaserCannonPineModel" sid="jointnode21" type="JOINT">
                                        <translate>561.4385375976562 -142.7395782470703 0</translate>
                                        <rotate>0 0 1 -1.999572740867336</rotate>
                                        <scale>0.25 0.25 0.25</scale>
                                    </node>
                                </node>
                            </node>
                            <node id="jointnode22" name="Eng01" sid="jointnode22" type="JOINT">
                                <translate>310.6893005371094 -75.30908966064453 0</translate>
                                <rotate>0 0 1 -79.46104312265389</rotate>
                                <rotate>1 0 0 -180</rotate>
                            </node>
                        </node>
                    </node>
                </node>
            </node>
        </visual_scene>
    </library_visual_scenes>
    <scene>
        <instance_visual_scene url="#VisualSceneNode"></instance_visual_scene>
    </scene>
</COLLADA>
