<?xml version="1.0"?>
<COLLADA xmlns="http://www.collada.org/2005/11/COLLADASchema" version="1.4.1">
    <asset>
        <contributor>
            <authoring_tool>J3D Ripoff Exporter</authoring_tool>
        </contributor>
        <created>2024-08-19T02:23:41.905Z</created>
        <modified>2024-08-19T02:23:41.905Z</modified>
		<unit meter="0.01" name="centimeter" ></unit>
        <up_axis>Y_UP</up_axis>
    </asset>
    <library_images>
        <image id="tex0">
            <init_from>konfu_body.png</init_from>
        </image>
    </library_images>
    <library_effects>
        <effect id="effect0">
            <profile_COMMON>
                <newparam sid="surface0">
                    <surface type="2D">
                        <init_from>tex0</init_from>
                    </surface>
                </newparam>
                <newparam sid="sampler0">
                    <sampler2D>
                        <source>surface0</source>
                    </sampler2D>
                </newparam>
                <technique sid="COMMON">
                    <blinn>
                        <diffuse>
                            <texture texture="sampler0" texcoord="UVSET0"></texture>
                        </diffuse>
                    </blinn>
                </technique>
            </profile_COMMON>
        </effect>
        <effect id="effect1">
            <profile_COMMON>
                <newparam sid="surface1">
                    <surface type="2D">
                        <init_from>tex0</init_from>
                    </surface>
                </newparam>
                <newparam sid="sampler1">
                    <sampler2D>
                        <source>surface1</source>
                    </sampler2D>
                </newparam>
                <technique sid="COMMON">
                    <blinn>
                        <diffuse>
                            <texture texture="sampler1" texcoord="UVSET0"></texture>
                        </diffuse>
                    </blinn>
                </technique>
            </profile_COMMON>
        </effect>
        <effect id="effect2">
            <profile_COMMON>
                <newparam sid="surface2">
                    <surface type="2D">
                        <init_from>tex0</init_from>
                    </surface>
                </newparam>
                <newparam sid="sampler2">
                    <sampler2D>
                        <source>surface2</source>
                    </sampler2D>
                </newparam>
                <technique sid="COMMON">
                    <blinn>
                        <diffuse>
                            <texture texture="sampler2" texcoord="UVSET0"></texture>
                        </diffuse>
                    </blinn>
                </technique>
            </profile_COMMON>
        </effect>
        <effect id="effect3">
            <profile_COMMON>
                <newparam sid="surface3">
                    <surface type="2D">
                        <init_from>tex0</init_from>
                    </surface>
                </newparam>
                <newparam sid="sampler3">
                    <sampler2D>
                        <source>surface3</source>
                    </sampler2D>
                </newparam>
                <technique sid="COMMON">
                    <blinn>
                        <diffuse>
                            <texture texture="sampler3" texcoord="UVSET0"></texture>
                        </diffuse>
                    </blinn>
                </technique>
            </profile_COMMON>
        </effect>
    </library_effects>
    <library_materials>
        <material id="mat0" name="Skin_etc">
            <instance_effect url="#effect0"></instance_effect>
        </material>
        <material id="mat1" name="Skin_spc">
            <instance_effect url="#effect1"></instance_effect>
        </material>
        <material id="mat2" name="Skin_spc(2)">
            <instance_effect url="#effect2"></instance_effect>
        </material>
        <material id="mat3" name="Skin_spc(3)">
            <instance_effect url="#effect3"></instance_effect>
        </material>
    </library_materials>
    <library_geometries>
        <geometry id="mesh0">
            <mesh>
                <source id="points0">
                    <float_array id="pointarray0" count="522">300.41992359071764 217.37471599440448 30.252181962134465 290.5594450093134 216.7478631993142 49.51718195565129 283.8569855609507 217.41968551844082 37.43868468109543 281.1844511612919 215.8719190022298 50.78219924951728 273.4038782128338 222.43471488399072 29.31329431277067 271.40332424506585 218.27752508782285 44.9848493376816 263.9969824775009 226.9649045995215 32.937943866986416 241.40333224713737 230.83814457999003 25.23364116331381 262.48106286728273 233.40250967450433 27.76628600512418 258.4491290100043 244.73055957326403 21.407210771216892 276.76131465381076 246.82594249553114 23.345916246100337 279.29192986040607 257.1233226648114 17.784062606926835 298.1519940936563 249.89073105766914 17.659853938863492 293.18225075818685 262.9216992386289 13.769553762528007 316.212870824272 274.1585855390098 6.662107193070236 292.6045322124965 266.31284653225885 1.7384314423277023 313.6350318280959 277.2369252440784 -2.884775809610127 290.91780727267377 262.39113462674885 -4.980608372682003 311.49521848272036 273.237068856935 -10.088221713164286 294.3246589312665 258.43851269132404 -8.77746729891203 312.6209876405323 266.5966637783355 -12.463472139130598 228.68624136342052 254.5744160229389 -39.32848846307834 229.09361994551602 248.26237832736854 -48.17251651569942 265.64059655566496 248.51592223319315 -50.24842401033764 272.73551363655866 242.23579774577738 -59.77954698852352 281.2345149003967 249.11132011066712 -53.966204492404685 284.20448148485644 240.81507026919212 -61.16954803195413 288.54740160555605 244.7682413071198 -53.59097142325896 290.42368503734536 229.54954824352893 -51.091587802782854 291.17300427186285 232.08051758983902 -43.763296226232036 290.95618424813483 214.53384155469587 -48.34227553813053 292.0961456747925 216.75233797820871 -40.81085036886687 285.1752501206452 209.6113041346035 -45.88973536411379 286.78393426476407 211.93920625024407 -38.077026664776085 266.5032362469573 208.7031161678526 -42.172155619376284 269.9400947480596 210.68745405653598 -34.640603074245774 266.11126825711915 218.7808919288201 -35.65607110845463 274.2521593976688 214.65656176566324 -33.624527582924976 304.59061872527644 240.07899660670785 14.347272065624356 317.3555628173026 249.7053794015384 10.598503833862965 325.05704991548237 270.45635769156144 5.334338383403326 324.2137522576903 271.909871345229 -4.431267849069607 321.62080550284384 268.26936747766024 -12.056598869417064 341.793933494376 250.69282302021554 -5.368724188026685 337.0444806493246 249.9896324051603 -13.33779452023338 341.3259724779232 241.5208439682604 -4.119192141338008 336.795353029226 239.69265599702123 -11.713303201464038 321.14042751962353 222.8472216076617 -7.355680450673452 331.7015594204866 241.78604803732807 -14.2603852236556 323.78072516971656 229.0820521805261 -11.667722232456041 286.1383933059895 257.0167402706661 -27.01240449931158 311.1688680626586 268.7849893958687 -32.54157991238587 313.8867445988605 273.05049605125055 -24.728711389238924 319.82559757283974 264.4577371396154 -33.728764997550094 323.4654610300833 267.7858494074559 -26.30651078018816 334.6713151417317 244.77172530707986 -35.588187944887096 339.45204280758 245.77183581441187 -28.494101493263035 334.71911951461135 234.74046704631255 -35.32304097343314 338.952976295023 235.39675354395365 -27.760254003730772 319.73601178566264 216.55119991193743 -27.918567099471034 320.3763694684362 214.78529071624382 -20.731113097397188 310.4696213134889 222.72205558739083 -24.87195541239804 313.7499568625744 224.8311712529536 -13.012281317447803 227.2622489100287 259.57297408834177 -12.047084671528228 228.18501888883856 260.40195902114 -28.171989293839967 268.1997962171226 261.23324394515174 -15.419534788953218 278.5446828168926 256.54727087182516 -26.934760233862292 280.34036488340325 263.1719884780451 -17.51245924975539 288.93423852422274 263.2510274994437 -19.68381188635657 315.3083570241151 270.6439912901918 -16.61936595226845 323.79326967599053 265.7698530826259 -17.915962624267976 318.76216786154913 261.56605693741255 -13.807092740593781 266.81071123443405 255.9683171571059 -32.71674607066744 284.27951720729743 256.9857090577453 -35.231268181668234 292.34206562385384 251.82987134271127 -27.981028820142505 293.8582134051419 251.20538273351093 -35.66846729293038 297.21930720427616 231.87749278791887 -33.96606607806413 290.1402548766322 247.6897728421281 -43.293860212316154 294.1887305045047 229.45568569694007 -41.34136507939367 290.0321741357136 233.23658368088343 -42.169559639083445 291.0332193101857 220.5959368858907 -39.7482302378749 225.9036699834678 236.1185974782764 11.38920897827427 258.5264869394815 258.0122018922517 13.376602157802392 270.52631646899135 264.51368409076326 6.049512933508296 282.4480225864843 266.5460756080004 5.675329760556446 280.9336219392268 260.21830669835583 -4.731315016914881 296.8435415783256 234.15826996755175 -24.840979381833797 296.73608674244997 217.34602642856234 -30.404291887399175 297.3915001825126 220.18938656026103 -20.98224099469664 290.64264746930286 211.90779186255057 -27.061170291569603 289.48545029663995 215.84472518042327 -17.51417634937345 275.18862735278253 214.1714189149793 -15.765119279044217 289.422296394317 222.42281728636044 -16.95136479471839 272.06317783991665 219.42116033313494 -16.515056199743146 226.36054709346942 206.9319358751634 -5.205912755230822 226.12457276126293 216.97827036292233 5.607054674242695 232.0948236396359 196.54099515063916 12.65331016384895 230.35820930363772 212.7277645492888 24.482106425058117 244.61008952994314 192.69785162803194 24.607006162505773 251.7796909042714 206.0570964335272 41.420579310897764 258.51562969220396 192.3860749093903 36.8578303546148 279.1228302215076 202.9027020314907 56.46895309763096 277.93697822418045 191.05926266925377 47.65581372077144 287.92152497523614 190.49779801245842 45.68763929550406 288.1586492735683 214.7830723345961 -37.79555737010889 289.74999267286057 245.47110814206567 -45.840865135702444 289.3125547703987 243.61160203085575 -43.965980674065484 276.6711656927321 251.68853345093504 -43.91948127341926 338.68579844680943 246.63071092653723 -19.57223152849479 338.7336367424766 236.09944218135252 -19.08835852561819 322.5319749028977 217.97272049278627 -15.02770519433998 293.70550264666457 215.64301727510832 -38.779556431862815 288.3775019632405 212.78302479450105 -36.37376504501077 271.3304664367539 211.48431853106422 -31.687355963286855 268.3609345641192 219.64027821503706 -31.468394143974642 286.3473227759511 214.37755342211847 -56.608186168157104 286.0337591631918 227.28389525113636 -59.13883634712243 275.7372383512781 221.95468226831045 -56.686588154058626 272.54924800656806 228.79825468142985 -59.24895244332851 254.29951800757652 225.70276753919518 -58.89082708916536 246.2511731713889 241.10824486064504 -58.59369918765519 229.2820390166864 239.98125615991103 -50.469777162510745 311.1240318810234 245.4411070149223 -29.87082675173839 313.46743518920454 251.30086616453787 -33.27665442784408 315.37474584960717 237.03519541949447 -28.574098239187045 317.29658183500493 240.16057952731705 -32.80820744657057 318.34470123184946 225.67620738559907 -30.808838597050077 274.1865862813193 218.02936702556863 12.031880293272062 291.8743544916738 224.3285935745037 -2.248000420518582 266.172524425055 212.38880614314763 -5.062623767665814 268.2196008564134 217.40515961519958 -16.23413478227275 269.3291711123524 219.65558775860666 -22.98395995846226 253.1270769467072 211.1386170577985 -26.766595970278697 298.40673022416206 193.62467973184022 27.047796857003082 308.37513194977447 193.57846405631756 32.89214618252848 302.421450497169 204.62516298609407 24.86106649113419 314.452193725821 203.96959514885702 34.28363606199161 310.4041041319386 216.1566612559597 35.37772605789468 291.07623983720066 203.04469023767126 51.53218119536402 263.3152692955045 219.89078238744122 -51.906186665974865 266.6129861750419 209.29721880491417 -49.31274553573978 281.6912753053577 210.51761153198947 -53.936777171923396 271.4344660413167 232.62226599795707 24.376163864675966 292.05958574623384 234.8744734209776 18.87751640538877 314.57547172766266 243.8618504823627 0.5199308969493777 244.34604255231915 207.95022208850588 -25.361028697124205 256.78371349593067 200.90412750004594 -17.18874094642878 235.5962566851469 204.7774550642124 -23.955458789110324 245.79903438464177 193.85544802957924 -1.1428666724445251 226.7672899405689 207.6355433657137 -14.471479506613328 312.8571939286674 245.17466191799963 -9.355109880305225 312.2487399729637 243.3158220267095 -21.714610748633675 317.5770040176405 237.62850883029722 -15.136436863932158 289.2776649236859 261.2819053996351 -11.246385540651533 313.42088343243955 229.86201351085856 -5.152684965063852 321.95260339651384 221.14378815891803 0.6755369171247623 324.07679610649984 225.2374035602065 7.660236372384183 339.4972729477841 241.8639909539795 4.8650889870223 285.60844359420764 206.45143759357418 30.407014513816627 275.0307998028148 207.6384118506171 20.578308102656656 272.43808631112717 195.8099803003663 21.874459580996415 226.41838095238506 254.04113672120812 -1.4536507664554077 235.12819066929077 207.5750387043161 -39.658477959804046 250.6278075826352 211.67025169161354 -39.70422133486704 263.5180220068136 217.57783261521695 -42.1250352885884 339.7307527493046 251.83279819347314 4.131205993724544 317.02952495876593 240.9563515540046 -10.323810344284952 321.60603185692503 245.15893716944848 9.926667354703206 315.5762067745486 231.5803592029863 7.519402511509658 272.1425175365751 210.62459912144698 -22.906098151838002 283.12499602658266 194.66980820225126 33.437549834514655 228.01815987492034 212.90237156622834 -37.11177659266873 227.1585039998733 209.33930069362455 -26.893249255697697 228.8462639429609 220.02796644094883 -47.89263504234596</float_array>
                    <technique_common>
                        <accessor count="174" source="#pointarray0" stride="3">
                            <param name="X" type="float"/>
                            <param name="Y" type="float"/>
                            <param name="Z" type="float"/>
                        </accessor>
                    </technique_common>
                </source>
                <source id="uvs0">
                    <float_array id="uvarray0" count="476">0.3944091796875 0.13885498046875 0.39666748046875 0.1353759765625 0.39373779296875 0.13238525390625 0.3958740234375 0.119140625 0.38873291015625 0.10540771484375 0.39501953125 0.10528564453125 0.38702392578125 0.0899658203125 0.38671875 0.0438232421875 0.38140869140625 0.09381103515625 0.3721923828125 0.07244873046875 0.3712158203125 0.1002197265625 0.35992431640625 0.1014404296875 0.37158203125 0.130126953125 0.35894775390625 0.1248779296875 0.35894775390625 0.17010498046875 0.3521728515625 0.1248779296875 0.35205078125 0.16937255859375 0.34356689453125 0.1248779296875 0.34356689453125 0.17010498046875 0.33941650390625 0.121826171875 0.3389892578125 0.169677734375 0.29827880859375 0.01995849609375 0.28448486328125 0.01995849609375 0.28326416015625 0.08380126953125 0.27020263671875 0.09820556640625 0.28179931640625 0.109130859375 0.27288818359375 0.13946533203125 0.28094482421875 0.1229248046875 0.28094482421875 0.14666748046875 0.28765869140625 0.14642333984375 0.28094482421875 0.169921875 0.28765869140625 0.169921875 0.28094482421875 0.1776123046875 0.2877197265625 0.17730712890625 0.28033447265625 0.2093505859375 0.29022216796875 0.20855712890625 0.290283203125 0.22088623046875 0.37957763671875 0.14447021484375 0.37115478515625 0.17303466796875 0.35894775390625 0.1849365234375 0.3521728515625 0.185546875 0.34356689453125 0.18450927734375 0.3521728515625 0.22393798828125 0.34356689453125 0.22412109375 0.3521728515625 0.23565673828125 0.343505859375 0.23455810546875 0.34344482421875 0.26116943359375 0.3389892578125 0.2264404296875 0.3388671875 0.26416015625 0.317626953125 0.12640380859375 0.3201904296875 0.17010498046875 0.3277587890625 0.1695556640625 0.3201904296875 0.1849365234375 0.3277587890625 0.18341064453125 0.3201904296875 0.22332763671875 0.3277587890625 0.22357177734375 0.3201904296875 0.23492431640625 0.3277587890625 0.23480224609375 0.3201904296875 0.2625732421875 0.3277587890625 0.26214599609375 0.3201904296875 0.273193359375 0.33367919921875 0.2735595703125 0.33709716796875 0.01904296875 0.31683349609375 0.01995849609375 0.3267822265625 0.0848388671875 0.3150634765625 0.1015625 0.323974609375 0.1029052734375 0.3277587890625 0.1248779296875 0.33453369140625 0.17010498046875 0.33453369140625 0.18524169921875 0.3389892578125 0.18524169921875 0.30438232421875 0.0858154296875 0.3045654296875 0.109619140625 0.3133544921875 0.146728515625 0.30224609375 0.12542724609375 0.30224609375 0.14862060546875 0.2955322265625 0.1229248046875 0.2955322265625 0.14959716796875 0.291015625 0.14984130859375 0.2904052734375 0.1707763671875 0.37689208984375 0.00848388671875 0.359130859375 0.0697021484375 0.34771728515625 0.0882568359375 0.3502197265625 0.105224609375 0.3402099609375 0.1014404296875 0.3106689453125 0.14959716796875 0.30224609375 0.16943359375 0.31005859375 0.16998291015625 0.30224609375 0.178466796875 0.31005859375 0.1773681640625 0.31005859375 0.20751953125 0.31488037109375 0.17169189453125 0.31280517578125 0.22064208984375 0.40325927734375 0.00848388671875 0.3951416015625 0.00848388671875 0.41082763671875 0.03533935546875 0.39764404296875 0.03350830078125 0.4127197265625 0.07379150390625 0.4034423828125 0.092529296875 0.41229248046875 0.0927734375 0.40509033203125 0.11749267578125 0.413330078125 0.1153564453125 0.41400146484375 0.1324462890625 0.29034423828125 0.17803955078125 0.28765869140625 0.1229248046875 0.291015625 0.11553955078125 0.29327392578125 0.10076904296875 0.33453369140625 0.222900390625 0.33453369140625 0.23468017578125 0.33453369140625 0.26129150390625 0.2955322265625 0.16943359375 0.2955322265625 0.17767333984375 0.2955322265625 0.20721435546875 0.29608154296875 0.220458984375 0.2386474609375 0.13665771484375 0.2523193359375 0.13592529296875 0.24420166015625 0.09832763671875 0.25323486328125 0.1004638671875 0.2470703125 0.06097412109375 0.27069091796875 0.04718017578125 0.27337646484375 0.01995849609375 0.36968994140625 0.25238037109375 0.38421630859375 0.25946044921875 0.388671875 0.24603271484375 0.384765625 0.27703857421875 0.392822265625 0.27264404296875 0.38177490234375 0.2886962890625 0.39324951171875 0.28515625 0.3890380859375 0.29864501953125 0.4039306640625 0.289794921875 0.23828125 0.2269287109375 0.24749755859375 0.208984375 0.24346923828125 0.2313232421875 0.26239013671875 0.2205810546875 0.25836181640625 0.23077392578125 0.268798828125 0.22503662109375 0.26971435546875 0.25079345703125 0.2762451171875 0.22662353515625 0.2803955078125 0.23028564453125 0.41455078125 0.1654052734375 0.4144287109375 0.15289306640625 0.4063720703125 0.1734619140625 0.40576171875 0.15765380859375 0.3973388671875 0.154296875 0.4056396484375 0.13726806640625 0.27301025390625 0.22088623046875 0.2730712890625 0.20782470703125 0.27301025390625 0.17767333984375 0.27301025390625 0.169921875 0.27301025390625 0.1468505859375 0.23016357421875 0.22015380859375 0.23052978515625 0.207763671875 0.2315673828125 0.19659423828125 0.23309326171875 0.18157958984375 0.24176025390625 0.18267822265625 0.2392578125 0.170654296875 0.26959228515625 0.2506103515625 0.26617431640625 0.2696533203125 0.2576904296875 0.24090576171875 0.263671875 0.283935546875 0.2410888671875 0.27685546875 0.25653076171875 0.31866455078125 0.24774169921875 0.32373046875 0.24761962890625 0.18463134765625 0.25396728515625 0.18768310546875 0.2518310546875 0.1778564453125 0.25592041015625 0.17962646484375 0.25238037109375 0.16961669921875 0.2578125 0.17156982421875 0.33453369140625 0.1248779296875 0.343994140625 0.27392578125 0.35211181640625 0.259521484375 0.35894775390625 0.259521484375 0.35894775390625 0.235595703125 0.39788818359375 0.166015625 0.39837646484375 0.18536376953125 0.40924072265625 0.1849365234375 0.40814208984375 0.19268798828125 0.41485595703125 0.1968994140625 0.406982421875 0.20037841796875 0.3505859375 0.00830078125 0.26629638671875 0.269775390625 0.281494140625 0.2850341796875 0.282470703125 0.2548828125 0.29730224609375 0.23486328125 0.28765869140625 0.23455810546875 0.35894775390625 0.22467041015625 0.376953125 0.16180419921875 0.37384033203125 0.16790771484375 0.3807373046875 0.16546630859375 0.380859375 0.17816162109375 0.39068603515625 0.1575927734375 0.39666748046875 0.171630859375 0.3026123046875 0.2210693359375 0.30224609375 0.208740234375 0.232421875 0.2467041015625 0.21783447265625 0.2802734375 0.2265625 0.29779052734375 0.227294921875 0.17822265625 0.22943115234375 0.19439697265625 0.2176513671875 0.20318603515625 0.2276611328125 0.2279052734375 0.213623046875 0.22509765625 0.21527099609375 0.26171875 0.414794921875 0.18463134765625 0.41302490234375 0.27447509765625 0.2789306640625 0.31219482421875 0.26519775390625 0.316162109375 0.2637939453125 0.2840576171875 0.24365234375 0.0699462890625 0.232666015625 0.0826416015625 0.23455810546875 0.1138916015625 0.25848388671875 0.17767333984375 0.261474609375 0.177734375 0.2567138671875 0.1898193359375 0.26513671875 0.18389892578125 0.25909423828125 0.20635986328125 0.2476806640625 0.17718505859375 0.24871826171875 0.169677734375 0.2421875 0.0203857421875 0.23907470703125 0.03662109375 0.24969482421875 0.01953125 0.38372802734375 0.124267578125 0.38262939453125 0.10260009765625 0.37823486328125 0.20220947265625 0.3856201171875 0.19757080078125 0.37384033203125 0.234375 0.39093017578125 0.2119140625 0.41021728515625 0.24041748046875 0.36529541015625 0.2294921875 0.3790283203125 0.209228515625 0.39788818359375 0.19525146484375 0.39813232421875 0.1903076171875 0.27996826171875 0.22052001953125 0.3521728515625 0.2734375 0.38507080078125 0.1552734375 0.26507568359375 0.3160400390625 0.2449951171875 0.1697998046875</float_array>
                    <technique_common>
                        <accessor count="238" source="#uvarray0" stride="2">
                            <param name="S" type="float"/>
                            <param name="T" type="float"/>
                        </accessor>
                    </technique_common>
                </source>
                <vertices id="vertices0">
                    <input semantic="POSITION" source="#points0"/>
                </vertices>
                <polylist count="333" material="Material1">
                    <input offset="0" semantic="VERTEX" source="#vertices0"/>
                    <input offset="1" semantic="TEXCOORD" source="#uvs0" set="0"/>
                    <vcount>3 3 3 3 3 3 3 3 3 3 3 3 3 3 3 3 3 3 3 3 3 3 3 3 3 3 3 3 3 3 3 3 3 3 3 3 3 3 3 3 3 3 3 3 3 3 3 3 3 3 3 3 3 3 3 3 3 3 3 3 3 3 3 3 3 3 3 3 3 3 3 3 3 3 3 3 3 3 3 3 3 3 3 3 3 3 3 3 3 3 3 3 3 3 3 3 3 3 3 3 3 3 3 3 3 3 3 3 3 3 3 3 3 3 3 3 3 3 3 3 3 3 3 3 3 3 3 3 3 3 3 3 3 3 3 3 3 3 3 3 3 3 3 3 3 3 3 3 3 3 3 3 3 3 3 3 3 3 3 3 3 3 3 3 3 3 3 3 3 3 3 3 3 3 3 3 3 3 3 3 3 3 3 3 3 3 3 3 3 3 3 3 3 3 3 3 3 3 3 3 3 3 3 3 3 3 3 3 3 3 3 3 3 3 3 3 3 3 3 3 3 3 3 3 3 3 3 3 3 3 3 3 3 3 3 3 3 3 3 3 3 3 3 3 3 3 3 3 3 3 3 3 3 3 3 3 3 3 3 3 3 3 3 3 3 3 3 3 3 3 3 3 3 3 3 3 3 3 3 3 3 3 3 3 3 3 3 3 3 3 3 3 3 3 3 3 3 3 3 3 3 3 3 3 3 3 3 3 3 3 3 3 3 3 3 3 3 3 3 3 3 3 3 3 3 3 3 3 3 3 3 3 3</vcount>
                    <p>2 2 1 1 0 0 3 3 1 1 2 2 4 4 3 3 2 2 5 5 3 3 4 4 6 6 5 5 4 4 7 7 5 5 6 6 8 8 7 7 6 6 9 9 7 7 8 8 10 10 9 9 8 8 11 11 9 9 10 10 12 12 11 11 10 10 13 13 11 11 12 12 14 14 13 13 12 12 15 15 13 13 14 14 16 16 15 15 14 14 17 17 15 15 16 16 18 18 17 17 16 16 19 19 17 17 18 18 20 20 19 19 18 18 23 23 22 22 21 21 24 24 22 22 23 23 25 25 24 24 23 23 26 26 24 24 25 25 27 27 26 26 25 25 28 28 26 26 27 27 29 29 28 28 27 27 30 30 28 28 29 29 31 31 30 30 29 29 32 32 30 30 31 31 33 33 32 32 31 31 34 34 32 32 33 33 35 35 34 34 33 33 36 36 34 34 35 35 37 35 36 36 35 35 39 38 12 12 38 37 14 14 12 12 39 38 40 39 14 14 39 38 16 16 14 14 40 39 41 40 16 16 40 39 42 41 16 16 41 40 43 42 42 41 41 40 44 43 42 41 43 42 45 44 44 43 43 42 46 45 44 43 45 44 47 46 46 45 45 44 48 47 46 45 47 46 49 48 48 47 47 46 52 51 51 50 50 49 53 52 51 50 52 51 54 53 53 52 52 51 55 54 53 52 54 53 56 55 55 54 54 53 57 56 55 54 56 55 58 57 57 56 56 55 59 58 57 56 58 57 60 59 59 58 58 57 61 60 59 58 60 59 62 61 61 60 60 59 65 64 64 63 63 62 66 65 64 63 65 64 67 66 66 65 65 64 50 49 66 65 67 66 68 67 50 49 67 66 52 51 50 49 68 67 69 68 52 51 68 67 70 69 52 51 69 68 71 70 70 69 69 68 48 47 70 69 71 70 66 65 72 71 64 63 73 72 72 71 66 65 74 73 73 72 66 65 75 74 73 72 74 73 76 75 75 74 74 73 77 76 75 74 76 75 78 77 77 76 76 75 79 78 77 76 78 77 80 79 79 78 78 77 9 9 81 80 7 7 82 81 81 80 9 9 11 11 82 81 9 9 83 82 82 81 11 11 84 83 83 82 11 11 85 84 83 82 84 83 17 17 85 84 84 83 19 19 85 84 17 17 86 85 76 75 74 73 87 86 76 75 86 85 88 87 87 86 86 85 89 88 87 86 88 87 90 89 89 88 88 87 91 90 89 88 90 89 92 91 91 90 90 89 93 92 91 90 92 91 96 95 95 94 94 93 97 96 95 94 96 95 98 97 97 96 96 95 99 98 97 96 98 97 100 99 99 98 98 97 101 100 99 98 100 99 102 101 101 100 100 99 103 102 101 100 102 101 31 31 104 103 33 33 80 79 104 103 31 31 29 29 80 79 31 31 79 78 80 79 29 29 105 104 79 78 29 29 106 105 79 78 105 104 107 106 106 105 105 104 70 69 54 53 52 51 108 107 54 53 70 69 48 47 108 107 70 69 109 108 108 107 48 47 110 109 109 108 48 47 60 59 109 108 110 109 62 61 60 59 110 109 87 86 78 77 76 75 111 110 78 77 87 86 89 88 111 110 87 86 112 111 111 110 89 88 113 112 112 111 89 88 37 35 112 111 113 112 114 113 37 35 113 112 117 116 116 115 115 114 118 117 116 115 117 116 119 118 118 117 117 116 24 24 118 117 119 118 120 119 24 24 119 118 22 22 24 24 120 119 121 120 22 22 120 119 97 96 81 80 95 94 7 7 81 80 97 96 99 98 7 7 97 96 5 5 7 7 99 98 101 100 5 5 99 98 3 3 5 5 101 100 1 1 3 3 101 100 123 123 122 122 86 121 124 124 122 122 123 123 125 125 124 124 123 123 61 126 124 124 125 125 126 127 61 126 125 125 59 128 61 126 126 127 57 129 59 128 126 127 129 132 128 131 127 130 93 133 128 131 129 132 130 134 93 133 129 132 131 135 93 133 130 134 132 136 131 135 130 134 114 137 131 135 132 136 36 138 114 137 132 136 135 141 134 140 133 139 136 142 134 140 135 141 137 143 136 142 135 141 138 144 136 142 137 143 1 1 138 144 137 143 101 100 138 144 1 1 140 146 34 34 139 145 32 32 34 34 140 146 141 147 32 32 140 146 30 30 32 32 141 147 115 148 30 30 141 147 116 149 30 30 115 148 127 130 142 151 4 150 143 152 142 151 127 130 128 131 143 152 127 130 38 153 143 152 128 131 144 154 38 153 128 131 39 155 38 153 144 154 146 158 145 157 132 156 147 159 145 157 146 158 148 160 147 159 146 158 149 161 147 159 148 160 94 162 149 161 148 160 151 164 150 163 128 131 152 165 150 163 151 164 124 166 152 165 151 164 62 167 152 165 124 166 61 168 62 167 124 166 85 84 65 64 63 62 67 66 65 64 85 84 153 169 67 66 85 84 68 67 67 66 153 169 69 68 68 67 153 169 47 46 154 170 49 48 155 171 154 170 47 46 45 44 155 171 47 46 156 172 155 171 45 44 157 173 156 172 45 44 158 176 2 175 0 174 159 177 2 175 158 176 160 178 159 177 158 176 129 179 159 177 160 178 82 81 161 180 81 80 63 62 161 180 82 81 83 82 63 62 82 81 85 84 63 62 83 82 162 182 132 136 145 181 163 183 132 136 162 182 139 184 163 183 162 182 164 185 163 183 139 184 165 186 41 40 40 39 43 42 41 40 165 186 157 173 43 42 165 186 45 44 43 42 157 173 58 57 109 108 60 59 108 107 109 108 58 57 56 55 108 107 58 57 54 53 108 107 56 55 166 189 144 188 150 187 167 190 144 188 166 189 168 191 167 190 166 189 156 192 167 190 168 191 104 103 112 111 37 35 111 110 112 111 104 103 80 79 111 110 104 103 78 77 111 110 80 79 113 112 131 193 114 113 169 194 131 193 113 112 89 88 169 194 113 112 91 90 169 194 89 88 160 195 146 158 129 132 148 160 146 158 160 195 98 196 148 160 160 195 96 197 148 160 98 196 103 200 133 199 134 198 170 201 133 199 103 200 102 202 170 201 103 200 100 203 170 201 102 202 158 176 170 204 160 178 133 139 170 204 158 176 135 141 133 139 158 176 138 144 134 140 136 142 103 102 134 140 138 144 101 100 103 102 138 144 77 76 73 72 75 74 107 106 73 72 77 76 106 105 107 106 77 76 55 205 125 125 123 123 126 127 125 125 55 205 57 129 126 127 55 205 162 182 172 207 171 206 147 208 172 207 162 182 145 181 147 208 162 182 117 116 140 210 139 209 141 211 140 210 117 116 115 114 141 211 117 116 151 214 122 213 124 212 86 215 122 213 151 214 92 216 86 215 151 214 152 165 166 217 150 163 49 218 166 217 152 165 62 167 49 218 152 165 173 221 162 220 171 219 119 118 162 220 173 221 120 119 119 118 173 221 27 27 105 104 29 29 25 25 105 104 27 27 25 25 107 106 105 104 23 23 107 106 25 25 21 21 107 106 23 23 64 63 107 106 21 21 143 222 12 12 10 10 38 37 12 12 143 222 142 223 10 10 8 8 143 222 10 10 142 223 69 68 20 20 71 70 153 169 20 20 69 68 153 169 19 19 20 20 85 84 19 19 153 169 92 216 128 131 93 133 151 214 128 131 92 216 110 109 49 48 62 61 48 47 49 48 110 109 72 71 107 106 64 63 73 72 107 106 72 71 167 190 39 38 144 188 165 224 39 38 167 190 92 91 88 87 86 85 90 89 88 87 92 91 157 225 167 190 156 192 165 224 167 190 157 225 100 203 160 195 170 201 98 196 160 195 100 203 131 193 91 90 93 92 169 194 91 90 131 193 4 4 8 8 6 6 142 223 8 8 4 4 74 226 123 123 86 121 51 227 123 123 74 226 53 228 123 123 51 227 55 205 123 123 53 228 130 134 146 158 132 136 129 132 146 158 130 134 18 18 42 41 20 20 16 16 42 41 18 18 13 13 84 83 11 11 15 15 84 83 13 13 36 138 163 183 164 185 132 136 163 183 36 138 118 117 26 26 116 115 24 24 26 26 118 117 119 118 139 209 162 220 117 116 139 209 119 118 50 230 74 226 66 229 51 227 74 226 50 230 137 143 0 174 1 1 135 141 0 174 137 143 127 231 159 177 129 179 4 232 159 177 127 231 71 70 42 41 44 43 20 20 42 41 71 70 48 47 44 43 46 45 71 70 44 43 48 47 164 233 34 34 36 36 139 145 34 34 164 233 168 234 155 171 156 172 154 170 155 171 168 234 28 28 116 149 26 26 30 30 116 149 28 28 35 35 104 103 37 35 33 33 104 103 35 35 120 119 173 221 121 120 94 162 148 160 96 197 37 35 114 113 36 36 166 189 154 235 168 191 147 159 149 161 172 236 17 17 84 83 15 15 79 78 106 105 77 76 128 131 150 163 144 154 166 217 49 218 154 237 135 141 158 176 0 174 2 175 159 177 4 232 165 224 40 39 39 38</p>
                </polylist>
            </mesh>
        </geometry>
        <geometry id="mesh1">
            <mesh>
                <source id="points1">
                    <float_array id="pointarray1" count="522">-292.06062939485224 234.84887427009588 18.849156502988183 -304.6073519063422 240.05219599279604 14.31771017057988 -298.16998562481575 249.84892269769563 17.630908548672902 -317.35723440747194 249.67735492511082 10.56771860591375 -316.23213450943297 274.1306705003186 6.631430873245092 -325.07583125973923 270.4275947250641 5.3028141357711265 -313.65367535420654 277.2092573898778 -2.9152049449444277 -324.23173667348516 271.88118926955303 -4.462711205880427 -321.62208481113197 268.240934082537 -12.087793016062456 -341.8097942023627 250.66245476709906 -5.386227973239715 -337.04388435230385 249.944095328503 -13.370468097499591 -341.34107305679856 241.4905213671945 -4.15227602354064 -336.8095502705764 239.66276782021592 -11.745952659405583 -321.13780261441 222.81883445676795 -7.38682835308928 -331.70008821036106 241.75664826438657 -14.29254574812034 -323.77828459092376 229.05341187770364 -11.699123286800818 -271.4209049080837 218.25390632239856 44.95846929112829 -264.0142411082532 226.9419959453296 32.91227393166629 -241.4202237502739 230.80177714860974 25.210136701722686 -262.49844288684193 233.3797463559012 27.740761405393005 -258.45136045009497 244.692557825984 21.382072523336635 -276.7795582814418 246.80180924270974 23.33464746118952 -279.3106269364064 257.09894751219497 17.75692617318052 -293.2011187123402 262.8803673193574 13.741084813039976 -292.6069468250183 266.2871950679728 1.710019226522685 -290.9348267002655 262.3656449035018 -5.008859377060223 -311.49716289257947 273.2096062380525 -10.118445083567792 -294.3409353326969 258.412696365916 -8.806044905451573 -312.63769264851106 266.56909324030016 -12.493803958299443 -276.6834257893308 251.66440987718292 -43.946366128300994 -289.3240359028522 243.5862664794586 -43.99407750659363 -289.7458473013196 245.43010567617438 -45.86900410219747 -290.0428327737383 233.21117917416714 -42.19772542693079 -291.1833992573259 232.0550037167043 -43.791571380497956 -291.0272731443372 220.57043647474205 -39.77649140054235 -292.1053540813936 216.71111065419876 -40.83921472309322 -288.1679580315985 214.7578475200193 -37.82354346581658 -286.79294338851105 211.91411325320445 -38.10488094294646 -269.9336884857896 210.66397600715175 -34.666841875146496 -266.511542663861 208.67996765141118 -42.198065416946235 -266.12116564260134 218.75778091671748 -35.68194340168571 -263.5271838220907 217.53934527035133 -42.150659663667255 -229.1051442238422 248.24281636817162 -48.194839756020734 -228.69921873388003 254.53926805222426 -39.35077346400241 -265.65194633092784 248.49285552888534 -50.25862624673365 -281.229939613365 249.0867591014912 -53.99352625309831 -288.5424458272483 244.74297918055467 -53.61899430134259 -290.4175097560592 229.52410628351373 -51.1197905143168 -290.94883290023154 214.50834859677883 -48.37052924756635 -286.0422207101679 227.25887345563734 -59.150993674711856 -286.35478897757037 214.35250235992373 -56.635998511482505 -300.4360049087287 217.34831528433344 30.223019970931176 -283.873760361089 217.39487277538404 37.41111065690825 -290.5616883824871 216.7224078195009 49.488965824319294 -281.1867319236982 215.8473624643334 50.75488196010324 -279.14003775858595 202.86271816301667 56.44183219894198 -251.7801333624745 206.03535921587607 41.39608134173221 -230.37329251525048 212.70808117479592 24.4596617694408 -225.91974056835306 236.099341143093 11.367191361966862 -226.13825385822446 216.95899296285216 5.585015993048467 -258.52994889428317 192.36369193026474 36.83268609436162 -277.95220531260054 191.0350175913086 47.62880736169652 -287.9208844383745 190.47259568602934 45.65967621755659 -291.0929875817988 203.01918533745277 51.50391501401432 -308.3891847990835 193.55130072416188 32.862221569239686 -314.46737619837603 203.94184911376692 34.25312874576771 -302.4357925289012 204.59857045955624 24.831712683463934 -310.40493499546386 216.1293033029296 35.34760735334368 -313.7626049035158 224.8034926675308 -13.042721184004336 -322.52814706508485 217.94419998255302 -15.058986456095457 -320.38731422603047 214.75697689373283 -20.762188201042584 -338.7311573642969 236.06936824419566 -19.121193214299073 -338.9495981104048 235.36665862032612 -27.793109678882374 -338.6842823804659 246.60064152977992 -19.605061676776117 -339.46521398837814 245.74169297207828 -28.527005616733156 -323.48095272839157 267.7572391949891 -26.33788227378968 -334.6837103213808 244.74204086245936 -35.620633670643585 -319.8244335946868 264.4294759802768 -33.759786908410675 -296.8559499039656 234.11658732537026 -24.869799054232203 -289.41871108738303 222.39747121204985 -16.97947162054756 -297.40293920108127 220.16327642805328 -21.011112408036325 -289.4968053171033 215.8037480584316 -17.54229050158122 -290.65270970990167 211.88232885424054 -27.089394581010783 -275.18436476741635 214.13181255072897 -15.791862143896669 -272.13723026807753 210.58528485735218 -22.93254891653459 -269.3403672917406 219.6321681622541 -23.010140835943645 -271.34004526525166 211.46070638556145 -31.69810364087845 -268.3713158248165 219.61695148909985 -31.494482151040543 -274.2618566139305 214.63266949213192 -33.63555538854548 -266.80883083488925 255.94513892580252 -32.74268505348694 -228.19962466380076 260.38248402791504 -28.19422556818923 -278.5590371755267 256.522967570991 -26.96182481582629 -268.2157039887035 261.20993240369967 -15.445607611533958 -280.3562577611171 263.14751293934074 -17.539696069589777 -280.9348320108546 260.17814926048777 -4.758608955385652 -289.278352274905 261.25657298729203 -11.27447870451315 -312.26232592463504 243.28828732808398 -21.744906728392692 -291.8723621473515 224.3030115794872 -2.260717418013722 -272.059346709798 219.38185360606553 -16.541499427414312 -266.16911713171174 212.35006417231915 -5.088502239095421 -268.2156034334629 217.38184640565964 -16.260208743328956 -256.79366814380705 200.8819100315619 -17.198093947000082 -253.12146900347503 211.1011259472491 -26.79122358142777 -283.1235810340278 194.64506578843643 33.410046669181966 -272.45129765668514 195.78626178576022 21.863605534301396 -244.62326418307651 192.67680192142765 24.583195174775394 -245.8098511999233 193.8342844438667 -1.1667915392832926 -232.09159579461473 196.5211454295465 12.630699691244038 -226.3722282667112 206.91263594652006 -5.2279739649982195 -286.1527851617301 256.9917089079403 -27.040197143168076 -288.94993071876183 263.2257280178979 -19.711872649033303 -313.88726741654517 273.0228042088245 -24.759163983186248 -315.3250515984088 270.6161630964807 -16.649955427113422 -323.8093730720225 265.72558566259124 -17.93174132548233 -318.7782616474685 261.5222726324463 -13.838014075779366 -275.74542360380053 221.9306484317948 -56.713383271703805 -272.5578437566082 228.77452647930997 -59.27544192657754 -254.29222647610166 225.68078909952803 -58.915566280347214 -272.7453468608379 242.21205162579633 -59.8060543896337 -246.261012228247 241.0870379722184 -58.61766735720809 -229.27692407259224 239.9616762098613 -50.49211786407244 -263.30809011150126 219.86793954167922 -51.93179026325255 -266.6206649351766 209.27405979609784 -49.3386658256846 -285.1676620106363 209.58636544506942 -45.91743480516598 -281.6830025971459 210.49300690737005 -53.96414254806058 -310.48093010277125 222.69469157399965 -24.902080706922554 -319.74643674918303 216.52294750974218 -27.949580782800684 -334.7305783510564 234.71077806325206 -35.3554912376296 -311.1214146171293 245.4136802028748 -29.901014315306867 -313.4806781786713 251.27321463784705 -33.30706723566857 -315.3870719414392 237.00736107005804 -28.604693869757327 -317.3088016082391 240.13256092363662 -32.838987331385056 -318.3557239742243 225.64808834904693 -30.839718914736416 -288.38675527804287 212.7577789997029 -36.401772120939825 -293.6991744598132 215.61726067249788 -38.80807378599229 -284.293118107222 256.96085595588954 -35.25888256465443 -292.35586725403584 251.80424522049356 -28.009416223491556 -312.8565180827011 245.14706884298232 -9.385463706843744 -317.0283517608362 240.9283584733937 -10.354564176417476 -314.57561678440857 243.8340926251442 0.48941228820952665 -321.6228280965408 245.13050517042404 9.895474074544245 -339.7476330403937 251.80262845153436 4.098274970649226 -311.1838578702631 268.7575581645271 -32.571772424860875 -290.15219199898814 247.66435716265448 -43.306411423880654 -293.8712181010406 251.1796112862127 -35.69700002136013 -297.23062199514624 231.85139917096524 -33.99492097614964 -324.0758405436226 225.19310905085834 7.644431111468734 -339.4976428011817 241.81821866531328 4.832180197746876 -298.42022725903917 193.59847216404273 27.01882800807359 -285.60786760506153 206.42645703471885 30.379273203443134 -275.0450203443584 207.5988204558109 20.55157967763595 -274.2009837034221 218.00548156269417 12.005233549268258 -313.43476736944183 229.83436641667174 -5.183093340384336 -321.96621017102296 221.1153230846471 0.6443105617192229 -315.5914703737833 231.53688039733362 7.488786675637975 -317.5750503331482 237.60046329660227 -15.167243149148788 -258.54484683076373 257.9741926784816 13.351455913819564 -226.41931355558066 254.02183103940627 -1.4757171997688787 -227.2626961906105 259.53796252252596 -12.069232737940874 -270.52897209347844 264.47452440196486 6.023216744108307 -296.746350354747 217.31997844255451 -30.417475405498642 -294.1834810087973 229.4298827123144 -41.369928815538444 -284.2140451202639 240.79022455505554 -61.19715502722112 -282.46646211051524 266.5213978718955 5.647890743321278 -228.02735442901425 212.8829128303043 -37.133996609717066 -228.8551080347415 220.00842832591917 -47.9149344385 -235.1366302214137 207.55489831811667 -39.68137962712855 -273.42035489783376 222.41090436492624 29.286722512576937 -226.77815021745886 207.6162044792506 -14.493579674200546 -235.6059335638597 204.75726974206077 -23.97840539238707 -250.63663524216392 211.6486252342967 -39.728609073310615 -271.45144613755696 232.5986442755495 24.349780861139394 -244.3558887836723 207.9291978574202 -25.38481420933593 -227.168337194823 209.30429859905053 -26.89976263144075</float_array>
                    <technique_common>
                        <accessor count="174" source="#pointarray1" stride="3">
                            <param name="X" type="float"/>
                            <param name="Y" type="float"/>
                            <param name="Z" type="float"/>
                        </accessor>
                    </technique_common>
                </source>
                <source id="uvs1">
                    <float_array id="uvarray1" count="476">0.38372802734375 0.124267578125 0.37957763671875 0.14447021484375 0.37158203125 0.130126953125 0.37115478515625 0.17303466796875 0.35894775390625 0.17010498046875 0.35894775390625 0.1849365234375 0.35205078125 0.16937255859375 0.3521728515625 0.185546875 0.34356689453125 0.18450927734375 0.3521728515625 0.22393798828125 0.34356689453125 0.22412109375 0.3521728515625 0.23565673828125 0.343505859375 0.23455810546875 0.34344482421875 0.26116943359375 0.3389892578125 0.2264404296875 0.3388671875 0.26416015625 0.39501953125 0.10528564453125 0.38702392578125 0.0899658203125 0.38671875 0.0438232421875 0.38140869140625 0.09381103515625 0.3721923828125 0.07244873046875 0.3712158203125 0.1002197265625 0.35992431640625 0.1014404296875 0.35894775390625 0.1248779296875 0.3521728515625 0.1248779296875 0.34356689453125 0.1248779296875 0.34356689453125 0.17010498046875 0.33941650390625 0.121826171875 0.3389892578125 0.169677734375 0.29327392578125 0.10076904296875 0.291015625 0.11553955078125 0.28765869140625 0.1229248046875 0.291015625 0.14984130859375 0.28765869140625 0.14642333984375 0.2904052734375 0.1707763671875 0.28765869140625 0.169921875 0.29034423828125 0.17803955078125 0.2877197265625 0.17730712890625 0.29022216796875 0.20855712890625 0.28033447265625 0.2093505859375 0.290283203125 0.22088623046875 0.27996826171875 0.22052001953125 0.28448486328125 0.01995849609375 0.29827880859375 0.01995849609375 0.28326416015625 0.08380126953125 0.28179931640625 0.109130859375 0.28094482421875 0.1229248046875 0.28094482421875 0.14666748046875 0.28094482421875 0.169921875 0.27301025390625 0.1468505859375 0.27301025390625 0.169921875 0.3944091796875 0.13885498046875 0.39373779296875 0.13238525390625 0.39666748046875 0.1353759765625 0.3958740234375 0.119140625 0.40509033203125 0.11749267578125 0.4034423828125 0.092529296875 0.39764404296875 0.03350830078125 0.37689208984375 0.00848388671875 0.3951416015625 0.00848388671875 0.41229248046875 0.0927734375 0.413330078125 0.1153564453125 0.41400146484375 0.1324462890625 0.4056396484375 0.13726806640625 0.4144287109375 0.15289306640625 0.40576171875 0.15765380859375 0.4063720703125 0.1734619140625 0.3973388671875 0.154296875 0.39788818359375 0.166015625 0.33367919921875 0.2735595703125 0.33453369140625 0.26129150390625 0.3277587890625 0.26214599609375 0.33453369140625 0.23468017578125 0.3277587890625 0.23480224609375 0.33453369140625 0.222900390625 0.3277587890625 0.22357177734375 0.3277587890625 0.18341064453125 0.3201904296875 0.22332763671875 0.3201904296875 0.1849365234375 0.3106689453125 0.14959716796875 0.31488037109375 0.17169189453125 0.31005859375 0.16998291015625 0.31005859375 0.1773681640625 0.30224609375 0.178466796875 0.31005859375 0.20751953125 0.30224609375 0.208740234375 0.3026123046875 0.2210693359375 0.2955322265625 0.20721435546875 0.29608154296875 0.220458984375 0.30438232421875 0.0858154296875 0.31683349609375 0.01995849609375 0.3150634765625 0.1015625 0.3267822265625 0.0848388671875 0.323974609375 0.1029052734375 0.3402099609375 0.1014404296875 0.33453369140625 0.1248779296875 0.26513671875 0.18389892578125 0.2567138671875 0.1898193359375 0.25909423828125 0.20635986328125 0.24749755859375 0.208984375 0.26239013671875 0.2205810546875 0.24346923828125 0.2313232421875 0.25836181640625 0.23077392578125 0.2576904296875 0.24090576171875 0.26971435546875 0.25079345703125 0.2176513671875 0.20318603515625 0.213623046875 0.22509765625 0.2276611328125 0.2279052734375 0.21527099609375 0.26171875 0.232421875 0.2467041015625 0.21783447265625 0.2802734375 0.2410888671875 0.27685546875 0.2265625 0.29779052734375 0.24774169921875 0.32373046875 0.317626953125 0.12640380859375 0.3277587890625 0.1248779296875 0.3277587890625 0.1695556640625 0.33453369140625 0.17010498046875 0.33453369140625 0.18524169921875 0.3389892578125 0.18524169921875 0.2523193359375 0.13592529296875 0.24420166015625 0.09832763671875 0.25323486328125 0.1004638671875 0.2470703125 0.06097412109375 0.27020263671875 0.09820556640625 0.27069091796875 0.04718017578125 0.27337646484375 0.01995849609375 0.27301025390625 0.22088623046875 0.2730712890625 0.20782470703125 0.28094482421875 0.1776123046875 0.27301025390625 0.17767333984375 0.3201904296875 0.273193359375 0.3201904296875 0.2625732421875 0.3201904296875 0.23492431640625 0.38421630859375 0.25946044921875 0.388671875 0.24603271484375 0.384765625 0.27703857421875 0.392822265625 0.27264404296875 0.38177490234375 0.2886962890625 0.39324951171875 0.28515625 0.3890380859375 0.29864501953125 0.4039306640625 0.289794921875 0.2955322265625 0.17767333984375 0.2955322265625 0.16943359375 0.3045654296875 0.109619140625 0.3133544921875 0.146728515625 0.376953125 0.16180419921875 0.3807373046875 0.16546630859375 0.37384033203125 0.16790771484375 0.380859375 0.17816162109375 0.37823486328125 0.20220947265625 0.36529541015625 0.2294921875 0.3790283203125 0.209228515625 0.37384033203125 0.234375 0.39093017578125 0.2119140625 0.41021728515625 0.24041748046875 0.41302490234375 0.27447509765625 0.2955322265625 0.1229248046875 0.30224609375 0.12542724609375 0.30224609375 0.14862060546875 0.35894775390625 0.259521484375 0.35894775390625 0.235595703125 0.35894775390625 0.22467041015625 0.41455078125 0.1654052734375 0.414794921875 0.18463134765625 0.40924072265625 0.1849365234375 0.41485595703125 0.1968994140625 0.40814208984375 0.19268798828125 0.406982421875 0.20037841796875 0.39788818359375 0.19525146484375 0.343994140625 0.27392578125 0.35211181640625 0.259521484375 0.3521728515625 0.2734375 0.25396728515625 0.18768310546875 0.24761962890625 0.18463134765625 0.2518310546875 0.1778564453125 0.2476806640625 0.17718505859375 0.24871826171875 0.169677734375 0.359130859375 0.0697021484375 0.3505859375 0.00830078125 0.33709716796875 0.01904296875 0.34771728515625 0.0882568359375 0.39837646484375 0.18536376953125 0.30224609375 0.16943359375 0.2955322265625 0.14959716796875 0.268798828125 0.22503662109375 0.2762451171875 0.22662353515625 0.2803955078125 0.23028564453125 0.27288818359375 0.13946533203125 0.3502197265625 0.105224609375 0.2421875 0.0203857421875 0.24969482421875 0.01953125 0.23907470703125 0.03662109375 0.24365234375 0.0699462890625 0.39068603515625 0.1575927734375 0.39666748046875 0.171630859375 0.3856201171875 0.19757080078125 0.39813232421875 0.1903076171875 0.25653076171875 0.31866455078125 0.263671875 0.283935546875 0.25592041015625 0.17962646484375 0.25238037109375 0.16961669921875 0.281494140625 0.2850341796875 0.29730224609375 0.23486328125 0.282470703125 0.2548828125 0.28765869140625 0.23455810546875 0.2392578125 0.170654296875 0.23309326171875 0.18157958984375 0.24176025390625 0.18267822265625 0.2315673828125 0.19659423828125 0.23828125 0.2269287109375 0.31280517578125 0.22064208984375 0.38873291015625 0.10540771484375 0.38262939453125 0.10260009765625 0.25848388671875 0.17767333984375 0.261474609375 0.177734375 0.26959228515625 0.2506103515625 0.26617431640625 0.2696533203125 0.40325927734375 0.00848388671875 0.41082763671875 0.03533935546875 0.4127197265625 0.07379150390625 0.2789306640625 0.31219482421875 0.26519775390625 0.316162109375 0.2637939453125 0.2840576171875 0.36968994140625 0.25238037109375 0.23455810546875 0.1138916015625 0.2386474609375 0.13665771484375 0.232666015625 0.0826416015625 0.38507080078125 0.1552734375 0.23016357421875 0.22015380859375 0.23052978515625 0.207763671875 0.227294921875 0.17822265625 0.22943115234375 0.19439697265625 0.26629638671875 0.269775390625 0.3201904296875 0.17010498046875 0.2449951171875 0.1697998046875 0.26507568359375 0.3160400390625 0.2578125 0.17156982421875</float_array>
                    <technique_common>
                        <accessor count="238" source="#uvarray1" stride="2">
                            <param name="S" type="float"/>
                            <param name="T" type="float"/>
                        </accessor>
                    </technique_common>
                </source>
                <vertices id="vertices1">
                    <input semantic="POSITION" source="#points1"/>
                </vertices>
                <polylist count="333" material="Material1">
                    <input offset="0" semantic="VERTEX" source="#vertices1"/>
                    <input offset="1" semantic="TEXCOORD" source="#uvs1" set="0"/>
                    <vcount>3 3 3 3 3 3 3 3 3 3 3 3 3 3 3 3 3 3 3 3 3 3 3 3 3 3 3 3 3 3 3 3 3 3 3 3 3 3 3 3 3 3 3 3 3 3 3 3 3 3 3 3 3 3 3 3 3 3 3 3 3 3 3 3 3 3 3 3 3 3 3 3 3 3 3 3 3 3 3 3 3 3 3 3 3 3 3 3 3 3 3 3 3 3 3 3 3 3 3 3 3 3 3 3 3 3 3 3 3 3 3 3 3 3 3 3 3 3 3 3 3 3 3 3 3 3 3 3 3 3 3 3 3 3 3 3 3 3 3 3 3 3 3 3 3 3 3 3 3 3 3 3 3 3 3 3 3 3 3 3 3 3 3 3 3 3 3 3 3 3 3 3 3 3 3 3 3 3 3 3 3 3 3 3 3 3 3 3 3 3 3 3 3 3 3 3 3 3 3 3 3 3 3 3 3 3 3 3 3 3 3 3 3 3 3 3 3 3 3 3 3 3 3 3 3 3 3 3 3 3 3 3 3 3 3 3 3 3 3 3 3 3 3 3 3 3 3 3 3 3 3 3 3 3 3 3 3 3 3 3 3 3 3 3 3 3 3 3 3 3 3 3 3 3 3 3 3 3 3 3 3 3 3 3 3 3 3 3 3 3 3 3 3 3 3 3 3 3 3 3 3 3 3 3 3 3 3 3 3 3 3 3 3 3 3 3 3 3 3 3 3 3 3 3 3 3 3 3 3 3 3 3 3</vcount>
                    <p>2 2 1 1 0 0 3 3 1 1 2 2 4 4 3 3 2 2 5 5 3 3 4 4 6 6 5 5 4 4 7 7 5 5 6 6 8 8 7 7 6 6 9 9 7 7 8 8 10 10 9 9 8 8 11 11 9 9 10 10 12 12 11 11 10 10 13 13 11 11 12 12 14 14 13 13 12 12 15 15 13 13 14 14 18 18 17 17 16 16 19 19 17 17 18 18 20 20 19 19 18 18 21 21 19 19 20 20 22 22 21 21 20 20 2 2 21 21 22 22 23 23 2 2 22 22 4 4 2 2 23 23 24 24 4 4 23 23 6 6 4 4 24 24 25 25 6 6 24 24 26 26 6 6 25 25 27 27 26 26 25 25 28 28 26 26 27 27 31 31 30 30 29 29 32 32 30 30 31 31 33 33 32 32 31 31 34 34 32 32 33 33 35 35 34 34 33 33 36 36 34 34 35 35 37 37 36 36 35 35 38 38 36 36 37 37 39 39 38 38 37 37 40 40 38 38 39 39 41 41 40 40 39 39 44 44 43 43 42 42 29 29 43 43 44 44 45 45 29 29 44 44 31 31 29 29 45 45 46 46 31 31 45 45 33 33 31 31 46 46 47 47 33 33 46 46 48 48 33 33 47 47 49 49 48 48 47 47 50 50 48 48 49 49 53 53 52 52 51 51 54 54 52 52 53 53 55 55 54 54 53 53 16 16 54 54 55 55 56 56 16 16 55 55 18 18 16 16 56 56 57 57 18 18 56 56 58 58 18 18 57 57 59 59 58 58 57 57 55 55 61 61 60 60 62 62 61 61 55 55 63 63 62 62 55 55 64 64 62 62 63 63 65 65 64 64 63 63 66 66 64 64 65 65 67 67 66 66 65 65 51 68 66 66 67 67 53 53 51 68 67 67 69 70 68 69 15 15 70 71 68 69 69 70 71 72 70 71 69 70 72 73 70 71 71 72 73 74 72 73 71 72 74 75 72 73 73 74 75 76 74 75 73 74 76 77 74 75 75 76 77 78 76 77 75 76 80 81 79 80 78 79 81 82 79 80 80 81 82 83 81 82 80 81 83 84 81 82 82 83 84 85 83 84 82 83 85 86 83 84 84 85 86 87 85 86 84 85 87 88 85 86 86 87 88 38 87 88 86 87 91 91 90 90 89 89 92 92 90 90 91 91 93 93 92 92 91 91 94 94 92 92 93 93 95 95 94 94 93 93 27 27 94 94 95 95 28 28 27 27 95 95 79 98 96 97 78 96 97 99 96 97 79 98 98 100 97 99 79 98 99 101 97 99 98 100 100 102 99 101 98 100 101 103 99 101 100 102 102 104 101 103 100 102 103 107 61 106 62 105 60 108 61 106 103 107 104 109 60 108 103 107 105 110 60 108 104 109 106 111 105 110 104 109 107 112 105 110 106 111 108 113 107 112 106 111 109 114 93 93 91 91 110 115 93 93 109 114 111 116 110 115 109 114 112 117 110 115 111 116 113 118 112 117 111 116 114 119 112 117 113 118 14 14 114 119 113 118 116 122 115 121 49 120 117 123 115 121 116 122 118 124 117 123 116 122 119 125 117 123 118 124 42 42 119 125 118 124 120 126 119 125 42 42 39 39 121 127 41 41 122 128 121 127 39 39 123 129 122 128 39 39 124 130 122 128 123 129 48 48 124 130 123 129 50 50 124 130 48 48 70 71 125 131 68 69 126 132 125 131 70 71 72 73 126 132 70 71 127 133 126 132 72 73 74 75 127 133 72 73 76 77 127 133 74 75 130 136 129 135 128 134 131 137 129 135 130 136 125 138 131 137 130 136 132 139 131 137 125 138 126 140 132 139 125 138 127 141 132 139 126 140 10 10 14 14 12 12 114 119 14 14 10 10 8 8 114 119 10 10 28 28 114 119 8 8 26 26 28 28 8 8 82 83 86 87 84 85 133 142 86 87 82 83 134 143 133 142 82 83 36 36 133 142 134 143 34 34 36 36 134 143 29 29 90 90 43 43 89 89 90 90 29 29 135 144 89 89 29 29 91 91 89 89 135 144 136 145 91 91 135 144 139 148 138 147 137 146 140 149 138 147 139 148 3 3 140 149 139 148 141 150 140 149 3 3 5 5 141 150 3 3 136 153 109 152 91 151 142 154 109 152 136 153 129 135 142 154 136 153 77 155 142 154 129 135 76 156 77 155 129 135 143 157 135 144 29 29 144 158 135 144 143 157 145 159 144 158 143 157 136 145 144 158 145 159 78 79 136 145 145 159 147 161 11 11 146 160 9 9 11 11 147 161 141 162 9 9 147 161 7 7 9 9 141 162 5 5 7 7 141 162 149 165 103 164 148 163 104 166 103 164 149 165 150 167 104 166 149 165 99 168 104 166 150 167 151 169 99 168 150 167 152 170 13 13 15 15 153 171 13 13 152 170 154 172 153 171 152 170 146 160 153 171 154 172 137 174 96 173 97 99 155 175 96 173 137 174 138 176 155 175 137 174 15 177 155 175 138 176 58 58 20 20 18 18 156 178 20 20 58 58 157 179 156 178 58 58 158 180 156 178 157 179 156 178 22 22 20 20 159 181 22 22 156 178 158 180 159 181 156 178 94 94 159 181 158 180 66 66 148 163 64 64 149 165 148 163 66 66 51 68 149 165 66 66 52 182 149 165 51 68 160 183 134 143 82 83 161 184 134 143 160 183 145 159 161 184 160 183 143 157 161 184 145 159 85 185 100 102 98 100 102 104 100 102 85 185 87 186 102 104 85 185 40 187 102 104 87 186 45 45 162 188 46 46 118 124 162 188 45 45 44 44 118 124 45 45 42 42 118 124 44 44 25 25 94 94 27 27 163 189 94 94 25 25 24 24 163 189 25 25 23 23 163 189 24 24 113 118 73 74 14 14 75 76 73 74 113 118 111 116 75 76 113 118 77 78 75 76 111 116 166 192 165 191 164 190 117 123 165 191 166 192 121 193 117 123 166 192 115 121 117 123 121 193 140 149 146 195 154 194 147 196 146 195 140 149 141 150 147 196 140 149 150 167 167 197 151 169 52 182 167 197 150 167 149 165 52 182 150 167 63 63 67 67 65 65 53 53 67 67 63 63 55 55 53 53 63 63 106 111 168 198 108 113 169 199 168 198 106 111 101 103 169 199 106 111 14 14 69 70 15 15 71 72 69 70 14 14 73 74 71 72 14 14 155 175 130 200 96 173 68 201 130 200 155 175 15 177 68 201 155 175 170 204 121 203 166 202 41 205 121 203 170 204 40 187 41 205 170 204 139 208 1 207 3 206 97 99 1 207 139 208 137 174 97 99 139 208 97 99 0 209 1 207 151 210 0 209 97 99 99 101 151 210 97 99 83 84 79 80 81 82 98 211 79 80 83 84 85 86 98 211 83 84 19 19 171 213 167 212 21 21 171 213 19 19 17 17 167 212 16 16 19 19 167 212 17 17 30 30 143 157 29 29 32 32 143 157 30 30 22 22 163 189 23 23 159 181 163 189 22 22 21 21 0 0 171 213 2 2 0 0 21 21 153 171 11 11 13 13 146 160 11 11 153 171 119 125 165 191 117 123 120 126 165 191 119 125 162 188 116 122 49 120 118 124 116 122 162 188 170 204 102 104 40 187 166 202 102 104 170 204 88 38 133 142 36 36 86 87 133 142 88 38 80 81 160 183 82 83 78 79 160 183 80 81 32 32 161 184 143 157 34 34 161 184 32 32 128 215 96 97 130 214 78 96 96 97 128 215 172 217 101 103 102 216 169 199 101 103 172 217 59 59 107 219 108 218 57 57 107 219 59 59 57 57 105 220 107 219 56 56 105 220 57 57 56 56 60 60 105 220 55 55 60 60 56 56 104 109 101 103 106 111 99 101 101 103 104 109 54 54 167 212 52 52 16 16 167 212 54 54 173 222 166 202 164 221 169 223 166 202 173 222 78 224 129 135 136 153 128 134 129 135 78 224 50 226 115 121 124 225 49 120 115 121 50 226 122 227 115 121 121 193 124 225 115 121 122 227 138 147 154 194 152 228 140 149 154 194 138 147 171 230 151 210 167 229 0 209 151 210 171 230 131 137 76 156 129 135 132 139 76 156 131 137 148 232 62 105 64 231 103 107 62 105 148 232 172 233 166 202 169 223 102 104 166 202 172 233 92 92 158 180 90 90 94 94 158 180 92 92 88 38 38 38 40 40 36 36 38 38 88 38 28 28 112 117 114 119 95 95 112 117 28 28 110 115 95 95 93 93 112 117 95 95 110 115 142 234 111 116 109 114 77 78 111 116 142 234 37 37 123 129 39 39 35 35 123 129 37 37 35 35 48 48 123 129 33 33 48 48 35 35 47 47 162 188 49 49 46 46 162 188 47 47 34 34 134 143 161 184 160 183 78 79 145 159 138 176 152 235 15 177 169 199 173 236 168 198 88 38 40 40 87 88 6 6 26 26 8 8 68 201 125 237 130 200 132 139 127 141 76 156 159 181 94 94 163 189 136 145 135 144 144 158</p>
                </polylist>
            </mesh>
        </geometry>
        <geometry id="mesh2">
            <mesh>
                <source id="points2">
                    <float_array id="pointarray2" count="1308">0.6467383097962248 7.952842064932611 4.52281229803677 -1.8526819298869737 8.452722247393353 -8.071057533398882 1.0681219406104248 18.140362277079802 4.585332521961661 -3.1345648631356924 19.702660808951194 -6.1179939566701425 5.505454146143427 26.312450004909977 -0.08632974618626665 2.8656141428978747 27.202948456326 -17.35208131358597 10.928391268027575 31.5158349776148 -27.44544479893963 2.976111948981279 21.109203746407914 -34.680201050416805 23.63214617887947 33.188318976745435 -42.257335814907464 26.617669445611337 20.157212082868924 -53.17906773630698 36.35111262131882 34.42330370458926 -48.006726092251576 48.72704439480208 20.15827197010256 -53.17800784907213 52.58523366049694 33.64283194087275 -41.92782284988083 65.66421028541457 19.00283390877422 -45.05219590239214 66.36594282417448 31.659117563225692 -28.661537214564504 76.89778453913574 18.14399742694286 -27.489157365030266 75.7867616604731 32.33144418262728 -7.30171056984755 76.50622099677989 18.14397865602777 -7.911051113449258 77.1611279720843 23.034635056815375 15.21398031952955 82.64595163259284 14.331772980280661 14.557993232240808 76.78558342310984 15.690867045386312 33.91708732115289 81.27029023615773 8.894207027077869 33.792302294891144 78.00377988202939 16.503425444663492 44.651520733698 83.4729373455435 8.394312617799187 44.26115789706712 79.44097876588657 12.831619337405613 54.60471463365762 80.2069992556183 4.159781049209272 55.02662633598171 71.87869750204521 5.487506805585866 57.385602096594944 1.768832043983724 7.140395855335328 65.9603661581003 6.4408231339693875 1.1093698160082113 69.56996511599061 -0.6370614089155332 10.780905524925814 54.88212581914464 7.441430600608797 0.07816778230684918 57.929388067728745 0.6761996095730755 10.937218480688273 38.8509387566661 8.535729642153205 3.4532202450891134 43.10131551735095 3.4582330957944025 0.07797683434043279 33.36669709153877 26.77073079510951 0.07909439730880763 33.41468965456222 3.7090690204161527 0.07798885900399455 15.929209096165852 27.053435424150603 0.0791079497057865 3.0709531720929704 28.069867134573233 0.07915667577771046 -13.757123121171304 8.570239450732126 3.031346898948101 -24.47680790692503 -10.8517957985342 0.07729083498622913 -18.180863967045862 -11.085489174403646 0.07727963210842859 -32.39962518626163 -18.726457215751566 0.63941333725802 -25.80624147288961 -19.61686499300014 8.279995661346533 -37.97815915400776 -27.133136394585286 3.45151033805476 -19.666019461805774 -31.852013720017073 11.8731591324795 -25.43187066432918 -29.79003130926461 11.873257980540018 -14.63489680386246 -40.83952733669362 301.82460082929265 76.02755430607503 -45.7456065297773 296.73054223427147 77.55832491893072 -42.792480066570086 302.8247274247898 71.43375862538001 -47.24535037452145 298.1526696719918 70.79269618929406 -42.464026251717286 301.9187785533928 65.480605924695 -45.88557165920896 296.6530666809107 63.87081446386896 -39.79189883080167 298.93464101019583 63.19934094919936 -43.072800514740436 293.9189665904571 60.948943215768416 -38.69817128675586 295.3251229430684 67.27734534488434 -38.822784031906515 290.7471597536066 63.77711989281645 -35.82332708190944 294.5281917578311 71.32431995749403 -37.33867417542578 289.3875255741232 70.6677508692766 -35.74555037969357 297.16859877139177 75.94945027928844 -39.292164686659866 290.09022510363286 77.58956593041628 -38.82400045334767 300.27765017186056 79.62132676892384 -42.651866261619524 294.0586777203218 80.43334513632057 -48.260944632265314 291.4335796107057 76.87045040205338 -45.99535033688979 289.3398071381263 79.60483363517575 -42.151322452345795 286.2932482450261 76.85487184237833 -40.16658119081802 285.29366173096173 70.21429404696477 -41.713216514410185 286.9189051794491 63.58929780737407 -45.36949423427003 290.2313609849422 60.85490633484558 -47.822839443330714 292.0592357960558 63.620501367013226 -49.80758070493031 293.07444805915713 70.24545491149962 -2.1193091406676783 6.5777094635669755 14.710179706796923 1.677039277655525 16.499766465694748 15.772861721546429 -2.4950724084215907 8.327691452101988 28.882036713626864 1.0826623351227456 17.577862973476172 27.772833244355137 4.238220966797418 20.59363924925519 39.179234536705714 2.9248902878757654 20.812326290584238 56.28854659794544 4.689776733420941 17.843660892939425 74.66363121800318 13.143437275388271 23.844066154478213 57.492161466705454 20.642848515138315 18.875675658264342 74.74252098460371 23.549785375309735 20.81331501428393 58.477035324159814 27.83157467204985 10.782270264725582 57.25849056167494 26.566688225355787 10.938459628319961 41.69592990756681 13.26923874459932 22.234697183345418 42.3827924763621 23.22251128199841 19.891424324240518 41.64889461372084 29.285200774405755 16.29796495551848 41.28981024045684 27.784385076653102 19.782268012875022 54.82098831736499 36.47247454873993 20.59518450659222 41.71202979695301 36.36233178615411 22.23580422841367 56.08702453717712 45.67501902398187 19.783125660572708 54.634345964848215 44.34632700609007 17.533061962667603 68.71240728053404 48.70661507207075 9.142645978096851 58.056366274077874 46.8467644379033 7.67380681821507 69.44690212559664 26.409657729250473 6.625952095579834 62.28967239353454 31.722243856287328 1.1105817659224044 66.00867706181268 24.45698964625647 9.141483490759754 50.242703777762536 32.4259613428707 0.07936549980146879 54.68058578149036 37.27023640661608 2.642097729360529 41.16519299846407 47.98971070067965 0.0801116004619189 28.61883185220473 56.444261098501414 0.0805168977646531 -1.1151378846581328 52.679317730747094 0.08033641254428403 -15.33406838621671 68.35119793799018 0.08108769682064576 -15.442692102065198 63.852110275293086 0.08087201792477572 -34.47415780282902 75.71077141585951 8.331440512202306 -27.832964291440828 66.39905642794655 8.330994123832625 -44.20841069862664 76.3191996317995 8.33146967925478 -8.082935101694748 69.67863606808768 0.08115133203102687 -1.1145034503910538 82.05247877761619 3.4411195176499234 19.667339762967142 78.11471512567128 0.08155574384801412 28.526525995484736 73.97369089851145 1.0032322309862423 35.93257749219213 79.89521383755286 0.08164109804090458 44.19848636768538 68.56706264729387 0.08109804502132079 44.744818315293564 74.16027857111904 1.1126161758194257 54.85446145889306 64.84786023754354 2.5184197553483045 51.74464003646448 64.67558824837347 11.565286507306482 50.97900679793815 0.3142767921722307 364.5458847039282 64.3294089303779 9.080037341066477 364.5776919938917 61.470455644732205 12.54876863169733 359.43696812012183 67.00162548507126 14.939726909962578 364.156392269323 55.330091323690354 20.33045078739567 359.4377733555234 57.986373526173686 14.940096167458421 364.15676156222423 47.62696634139281 20.33098557411379 359.4383081935182 46.8301235518117 12.550167765576097 359.4383673881531 37.81412555214668 22.018802425956732 353.282160826765 46.37678432829564 13.59739631994054 353.2822260154547 36.59513061987658 20.331574345351747 347.1570582217429 46.82953480879711 12.550756536814056 347.1571174163778 37.81353680913208 14.675487663335247 342.20358792355387 48.37590120917719 9.066425009645481 342.2036313826683 41.86000731989814 9.0654138582877 342.2026201343589 62.95375727142288 -0.012830212009900012 342.202065841333 65.4376970752659 12.54935740293529 347.15571814834664 67.00103674205668 -0.0133080974172709 347.1549503775739 70.45355950844136 13.595880341904873 353.2807098920633 68.22013054719957 -0.013673638059982172 353.2798784525066 71.95385312746463 -0.01389686865523036 359.4362003493492 70.45414825145595 -12.576231310563243 359.4357636687638 67.0004210337118 -8.419962618645194 364.5612273235108 61.48524097431447 -13.591612155589821 364.15493538825183 57.18809857801041 -13.622869595544081 353.2794050697587 68.21882572489349 -20.35704911910093 359.4358228633987 57.98442303404679 -22.04427645056128 353.27946950937564 58.45279701643852 -20.35651433238281 359.4363577013935 46.82817305968481 -22.043697472783826 353.28004854266686 46.374672044195094 -12.574832176684476 359.437162936795 37.81292110078722 -13.621353617508415 353.2809211931501 36.593825797570496 -0.012142705857984055 358.9066792106429 34.39162286707561 -0.01180113554557139 353.2817511345612 32.891353217233636 -12.575642539325283 347.15451369698854 66.99983229069723 -20.35646034786297 347.15457289162345 57.98383429103218 -20.355925561144854 347.15510772961824 46.82758431667022 -12.574243405446516 347.15591296501975 37.812332357772625 -0.011579403095966865 347.15667923764676 34.39105959131612 47.45745699243495 9.314461095701319 40.32193137150222 44.28516403712556 18.079934031243397 40.27490431706231 50.832163362208085 17.33024788280933 38.43146816564828 59.301123822118505 27.221278882271648 24.150624160066034 61.81659226762287 16.94014945789654 37.69761973944341 69.03555872270185 15.690495521891904 34.43234079825052 65.66077295501572 9.315333732862854 36.33842900408651 65.25380313147434 16.502814231654625 44.16653452013186 62.145050588296165 7.612040192932227 40.072635466489665 -9.090836099987666 342.2017497534645 62.952886890527544 -14.699898753677433 342.201793212579 56.436993001248496 -14.69951226915846 342.2021797341551 48.37449301977682 -9.089824948629884 342.202761001774 41.8591369390028 -0.011580878332285138 342.20331529479984 39.37519713515979 -37.46282255029436 287.06013467112626 55.23013330595777 -44.86917141519561 290.05982456510367 54.29242207970201 -39.338453980907964 292.95032070522376 62.511575791711685 -42.19766344655093 293.2628641573003 58.74582870734824 -43.979252021074814 299.8252547816799 59.24605791149485 -45.58841954007603 298.9503431779823 55.79281382256098 -46.994808123000716 303.5128559049664 54.12109013185969 -45.885045847504216 293.8253319543504 55.73005390689535 -51.44770166111474 301.2627660316324 51.54264380094799 -48.197275456489415 294.62240471305836 49.29248126510848 -52.57251815924372 302.55983279387965 46.417652052131686 -3.1013167247159488 10.54639873801355 -38.60141745316714 2.7426122816773364 6.406053881643601 -38.19488731382769 3.429321297115244 19.702961816628104 -34.99172935988396 11.14887274887573 8.453331866358127 -40.46010932936408 12.601068939762115 18.76590149411524 -31.39753967934419 22.46044616421516 18.719499136461977 -31.397067037050782 12.350256235284448 23.43776447593305 -19.116301678046515 22.537819130973556 22.157002849545165 -19.14706330594197 21.943697610028778 18.719474364382393 -7.959591782199665 29.803720508898436 11.876101153146593 -14.631090008965103 19.17868457954406 5.797466799337343 -7.803474361913173 37.443369601327234 287.7512008331099 55.74938214536798 39.317795838333154 292.95409135704995 62.51534644354225 44.84957837862293 290.06412553506516 54.296723049668444 42.17733635954801 293.26690895663717 58.749873506689724 45.86495394164634 293.8297302991108 55.734452251660755 45.567830250439 298.95471305933984 55.797183703923615 46.973941661050965 303.51736061296856 54.125594839867034 43.9582477768372 299.8294703614332 59.250273491252976 47.06736733190945 306.01716060456425 58.39134417019204 43.64526614175674 305.95426734934017 63.172427123972234 47.69213362147632 310.5171725779512 58.76658985343814 -26.558309697443722 10.935899248627265 41.69433315015873 -26.760517126756397 0.07651454265635493 33.413073422194344 -37.26101146699001 2.6385111690953806 41.162570060482324 -47.97903712366121 0.07549736155039 28.61518123557547 -47.44879083434763 9.309897791300045 40.318331689383186 -56.948334649034635 1.8094423901060566 38.302251277254854 -50.37056096246441 0.0753827158134186 47.3650666113829 -63.058170292696914 0.07477449259653213 49.64570839078658 -57.15245886381133 0.450057603163458 60.505366514262604 -63.87147850166042 4.512235509031598 62.06754442659374 -56.79360444529288 5.481324811837823 66.33350873541488 -65.24619461351072 16.4965446211627 44.16122853192026 -69.02693900490394 15.68386337753347 34.426672276172035 -65.65172478810216 9.309025172451385 36.333084065955326 -61.80840549316153 16.934209423646877 37.69264332747445 -64.30905040819947 17.105964547021628 50.973773466307314 -55.80936427420041 19.981372011361188 54.64605593816999 -64.34058728926559 13.01221303049131 61.05189695665329 -56.13781135931926 16.02823126160341 65.31791519613233 -46.05919950848521 12.231839409390247 58.959023332249735 -65.01023465193792 0.07468091382742159 27.52061478659479 -73.96380680640071 0.9961266952979884 35.92643557878331 -78.10403256020986 0.07405321859522473 28.519987092510906 -81.26095743521672 8.886401890911742 33.785460781003636 -82.04126889016752 3.433239477792398 19.66042334538811 -82.6352960324619 14.323836013617637 14.55101988785623 -76.30579806234037 8.324139432492274 -8.089301726178102 -47.714116159271846 310.51259895855287 58.76201623403461 -50.02644314571305 312.90340073955906 52.76201999300758 -44.4481286545269 311.4350372516916 50.27784199542564 -53.22916591001779 309.684745137493 47.58983715072105 -44.36961489812064 305.9820433517882 47.62133433283144 -42.416068919589705 296.31021930647955 48.51158930654919 -36.336385256524366 34.41980553067995 -48.009260643877354 -26.601078476972717 20.154647208954756 -53.18066898793654 -23.6178517574213 33.186040234932506 -42.25865093443546 -2.9613860822591884 21.10890545819622 -34.67953571634132 -10.915356726658953 31.51477416982442 -27.445541984443704 -2.8531338888452984 27.20266065463109 -17.35140549299367 -5.494543873462976 26.311909028738043 -0.08590710007127322 3.146687077544094 19.702948267606416 -6.116742875727063 -1.0568760993914978 18.140246753875147 4.586180621044424 1.8660700166816602 8.452886863994621 -8.069929294509876 12.334320385001206 18.765888706626285 -7.960052439902443 0.3153965458750217 365.15640878023646 40.360688197899826 -76.4937766964982 18.13663043237932 -7.917435714818575 -77.15136971817756 23.02722391406614 15.207532799059369 -76.77691426887559 15.683491856408978 33.91067575445463 -77.99621780435446 16.49593340592753 44.644992317241 -83.46456031570501 8.386296253223236 44.25410515476956 -79.43401891389027 12.823989475877411 54.59804839440824 -80.19924842063962 4.152077782063458 55.019886691114635 -71.8713002124902 5.4806020117906655 57.37966092507935 -6.434174881328103 1.1087389554065794 69.5702978776758 -13.434860234018368 7.561528361428429 77.41371230012501 -4.685221289919854 17.843197816606576 74.66413176395734 -20.638399434879155 18.87368304855265 74.74149199717728 -13.137810709100497 23.84279262020418 57.49185155471749 -23.543962561350103 20.811043762840157 58.47572769500095 -13.262009239314928 22.233411664480755 42.382470579783494 -23.214986656169543 19.889184532347116 41.647618444112425 -24.683371122781047 37.123489160203135 16.788173063206898 -29.2772971358979 16.295143910979633 41.28795281820231 -27.82467324493262 10.779588541052803 57.256772460286626 -20.824145939031027 0.07679912257094657 56.96023302916569 -18.964233883836716 3.4518882875875363 42.382197181309486 -8.526768363521048 3.452388642594485 43.101447537142896 -3.448014933219793 0.07763210584002422 33.36731598532552 -0.6675484322242274 10.93714040932933 38.85182430759462 2.5049295352026197 8.327917489730254 28.883226373542907 -31.715254042813157 1.1075270218663036 66.00658594004062 -37.05970063486334 7.560395825262447 74.08445476013357 -28.84108997461718 14.638914820133607 69.91297375834456 -44.341170834983735 17.52879677495814 68.70910571510721 -36.35641609161726 22.232304556430535 56.084488487477515 -45.66872881098764 19.778733136587817 54.63091706314583 -36.46502332852873 20.591674348092297 41.70948326073661 -44.277333804235504 18.075674835829247 40.2716087439308 -38.9335987972553 38.20093102886025 20.45936493732119 -59.29262395022814 27.21558003790834 24.14588893798374 -70.59007193750583 18.1369134463189 45.17659736012831 -71.34045694075601 15.058752470553586 56.285936393591236 -64.66815949926875 11.559072325546197 50.97375623845826 27.352442182526246 0.07912228360024187 -41.39778254510914 -2.7261396608696464 6.405805372907935 -38.1960994448512 -11.132379155034672 8.45227739390279 -40.46212742410821 65.02101309412437 0.08092805321194874 27.52589830369893 14.675101178816274 342.20320140197776 56.43840119064886 20.33103955863363 347.1565233837481 57.985784783159076 22.018223448179278 353.2815817934737 58.454909300539065 20.347063364531735 1.1100364583950864 69.77375675861164 20.832102010124665 0.07880970916860974 56.96127999347811 18.97326407386498 3.4537206033995744 42.383065874836106 2.130692804680097 6.577899547423357 14.71133341294104 -3.697179007449 0.07762016132230087 15.929804020771316 -27.040312496422633 0.0765011297243916 3.069309974396153 -56.43073668698741 0.07509220091196767 -1.119598959229506 -69.66511165657369 0.07445776664562231 -1.120233393496585 -68.33629979277548 0.07452146771063894 -15.448294708895165 -75.69547628108118 8.324168690319112 -27.83927249104481 44.59796215309987 7.298699013884772 44.8374192925581 46.440908432253266 17.11128737298678 51.790632670924644 46.06579832468893 12.23626938522085 58.96248968579789 55.815633514161014 19.986736785260717 54.65045708978815 56.14343642753407 16.033627495053352 65.32234780730093 64.34691045988475 13.018395752701181 61.05711605658273 56.800143338544196 5.486783964388593 66.33800426568433 63.87851924964438 4.518373289026641 62.072718584308284 49.321273777063354 8.330175442895126 -51.349854387769945 27.00877382833941 8.329105818181603 -51.35092401248469 3.1174313058781817 10.546710508889717 -38.60206930457816 -22.44580568770103 18.71736005855479 -31.40016973724795 -22.52468272058356 22.154856281268835 -19.150173496508298 -21.931304244257316 18.71738472291156 -7.9626450459604445 -19.165067287453326 5.7956423169341065 -7.806262466606013 -3.4144306422718693 19.702647392643982 -34.99300740615599 -12.337245663096182 23.436594651792888 -19.118435124475567 -12.586432957469473 18.764707700793807 -31.399697094954526 4.974116510045005 32.07804954007865 -4.0238552089170225 12.56710696916272 35.03153853900193 8.867133808211825 9.25463918536303 24.43762973254745 18.788850000985164 24.691626808636283 37.12586977103639 16.789590051755354 -62.13619717098012 7.606068699132123 40.06762759497027 -64.8396375093087 2.5121890947758914 51.73937299817246 -68.55793508246639 0.07451084287774279 44.73919473542998 -74.15221913293135 1.1054926632452862 54.84830156859829 -79.88603384014138 0.07396779237168971 44.191776684294915 10.866956106668875 0.07831834211268074 -18.178872837630674 18.319942517711784 0.6411756267241628 -15.850390549697295 18.742294653256643 0.6411958735940289 -25.803495314264016 27.148115435786345 3.4540988381104967 -19.66246733945954 19.63313687191461 8.28186358789074 -37.975327605173845 31.866738088666363 11.8762000508314 -25.42786612368623 48.17772432203248 294.62702477274536 49.29710132480075 51.42729810246959 301.26769769067573 51.54757545999694 52.55248159916992 302.56487231423864 46.422691572496404 51.42699098613163 306.90828597314413 52.31347086056351 53.20833384537961 309.68984757695273 47.59493959018664 50.00480662440647 312.9081960738839 52.76681532733797 -4.230527058626018 20.593219617063383 39.179778526800945 -9.245358817007725 24.436729218656694 18.788913109380914 -1.0735857048073618 17.577745952197688 27.773679845364065 -1.6667087595456045 16.499592517610807 15.773651395749816 -26.99122409244927 8.32650349242175 -51.35256271596001 -27.3350557366825 0.07648700021610466 -41.39945420620872 -49.80380568504736 0.07540988513343905 -41.40053132129262 -52.6644300720492 0.07527275148422063 -15.338168424995011 -63.83538747615533 0.0747372340773893 -34.4793289643959 -24.153456656818374 8.170389530166545 73.60069846518199 56.95791313408429 1.814916523395084 38.30676178826263 63.06682746234227 0.08083437275251981 49.65080464866196 67.00393870313458 8.877898121526812 48.96349340675453 -1.7624159927865144 7.140212918808402 65.96114684386072 0.6441905432546867 10.780953291768483 54.88313720827488 -7.433567410092522 0.07744104498019055 57.92962495268878 -20.340434586850222 1.108072312086108 69.77275623458797 -26.40284019426718 6.623406696625466 62.28809061686478 -24.44925828623809 9.139125351033897 50.24130926032153 -32.4177865529981 0.0762433424230835 54.67842724639595 -42.69958856957675 1.1070004508545992 65.16230936805883 -43.62089355036641 0.07570628381739652 54.302890187358734 -46.84073339168006 7.669301938693025 69.44336086835699 -48.6996327489666 9.137962827789238 58.052646746052424 -50.824084449062404 17.325360994461064 38.42754489958194 -46.4340893991973 17.106821443384305 51.78713036360458 -44.58953568682488 7.294409856994065 44.83409375794999 -12.557891017983211 35.030320433459536 8.866879324955582 -4.963381512003116 32.07755949841689 -4.023381628291801 47.128652616708116 3.6113203268048153 60.19691561888977 57.16003891837399 0.4555512114122564 60.50989650023018 50.37943685088872 0.08022616002065774 47.368946433308174 -75.77573603610851 32.32416487037494 -7.308026259820679 -67.26089529732748 35.01207306098598 6.364256949588468 -54.980249049303865 37.200161777572575 16.771095680646496 13.440137749105912 7.562830359105249 77.41405067551575 24.159041277040675 8.172719206489717 73.60206451922024 -0.6345097321447083 7.95276698972134 4.523700845112948 -28.05513078133201 0.07645248099746027 -13.758863693667085 -8.554758554798497 3.030512300305787 -24.476678883280748 -27.778112840544818 19.779590783423714 54.81927471019816 71.3470407762211 15.06560632983863 56.291826630596596 70.59742578291842 18.143695398060146 45.182415689589824 11.102012729722201 0.07832961034230834 -32.39761158573899 -2.9188577435801477 20.812032496594 56.289216426242405 43.629104294010894 0.07990256013076191 54.30612284138936 42.70665927903765 1.1111083408120805 65.16545363573348 37.06529723967635 7.563962910567881 74.08705822315552 64.3159473410945 17.112144273083857 50.9789895700891 -66.38219131179599 8.324615153951186 -44.21382604622782 -49.30372404117321 8.325433867708227 -51.353632340674764 -66.3528049157117 31.652741589491924 -28.66694956601803 -76.88346315234699 18.136611751448726 -27.495579418245338 -65.64828745770329 18.996525348362724 -45.05754084052332 -52.57101414273024 33.63777726825569 -41.93191390021615 -14.27865376539436 364.1553608631946 47.62556564236159 -66.99605903380717 8.871460726766088 48.95801963427396 -51.448008777452706 306.90335431410085 52.30853920151456 -47.08888245171133 306.0126469081191 58.38683047374171 -43.66723365759157 305.95008173106345 63.16824150569072 48.23905514596933 291.43820566268795 76.87507645404098 45.97339945175805 289.3442159694034 79.60924246645796 45.7231432600196 296.73492709636736 77.56270978103164 42.62938354239678 294.0627659637996 80.43743337980312 40.816722475653236 301.82851529620643 76.03146877299328 38.80100461127039 300.2813766307602 79.51567298456935 -47.12134521158258 3.6067884819538847 60.19334739632117 -18.305059353235436 0.639433538381553 -15.85309626032948 28.846407937697304 14.64169391860527 69.91478923453184 42.12992735396859 286.2972885501415 76.85891214749832 39.27033513279671 290.0939912612376 77.59333208802536 35.7230758708991 297.17190126922185 78.53100136821332 40.145918624616904 285.2975117807009 70.21814409670833 37.31757565300769 289.3911044724993 70.67132976765689 35.80154991732516 294.53150249510315 73.89025353682395 49.78616906619463 293.07922242044845 70.25022927279639 47.22339940838118 298.15719834917525 70.7972248664827 42.77001973679988 302.82882915093205 71.43786035152702 67.27035243839339 35.01853592300181 6.369756189324153 54.98849874286378 37.205447153559234 16.77541743435166 38.94139906866656 38.20467788302507 20.46214816920277 44.61412173093372 309.8139794210141 57.11015859031094 44.426871141230656 311.43929777365975 50.28210251739866 47.80216033691476 292.0638199019709 63.62508547293357 45.864428129941594 296.65746502567106 63.875212808634366 42.4422235531608 301.9228488199847 65.48467619129158 45.34925555725043 290.23570989326623 60.85925524317459 43.05219928733686 293.92309528192834 60.953071907244386 39.77060098635682 298.9384551061631 63.203155045170995 41.69303329391503 286.9229035384973 63.59329616642681 38.80221578970451 290.75088096899646 63.780841108210616 38.676828535429685 295.3288321738677 67.28105457568785 -12.321931513451238 18.76472038055995 -7.962184388257667 -48.710453426163454 20.15358732172112 -53.181728875171395 49.82119213089111 0.08019939868287906 -41.396705430025236 42.396430885503825 296.31428507885 48.51565507892429 -44.635878063962046 309.80970092216 57.105880091451944 44.349134897995995 305.9862963833872 47.62558736443532</float_array>
                    <technique_common>
                        <accessor count="436" source="#pointarray2" stride="3">
                            <param name="X" type="float"/>
                            <param name="Y" type="float"/>
                            <param name="Z" type="float"/>
                        </accessor>
                    </technique_common>
                </source>
                <source id="uvs2">
                    <float_array id="uvarray2" count="500">0.2823486328125 0.9002685546875 0.27679443359375 0.90185546875 0.27972412109375 0.89044189453125 0.2711181640625 0.8955078125 0.2716064453125 0.87518310546875 0.26190185546875 0.86846923828125 0.26910400390625 0.84698486328125 0.25421142578125 0.86083984375 0.2508544921875 0.83489990234375 0.24407958984375 0.8575439453125 0.23455810546875 0.83428955078125 0.23260498046875 0.8583984375 0.21954345703125 0.837890625 0.22283935546875 0.86083984375 0.2073974609375 0.86187744140625 0.21942138671875 0.884033203125 0.20391845703125 0.88885498046875 0.2064208984375 0.9168701171875 0.19525146484375 0.9224853515625 0.2056884765625 0.9444580078125 0.19903564453125 0.946044921875 0.20501708984375 0.9566650390625 0.19903564453125 0.9578857421875 0.20379638671875 0.96502685546875 0.19903564453125 0.96728515625 0.2066650390625 0.9791259765625 0.21893310546875 0.788330078125 0.22735595703125 0.7841796875 0.21893310546875 0.77154541015625 0.2283935546875 0.77447509765625 0.21893310546875 0.7572021484375 0.2288818359375 0.75848388671875 0.22601318359375 0.74560546875 0.2476806640625 0.74560546875 0.2255859375 0.72442626953125 0.248291015625 0.7059326171875 0.220458984375 0.70806884765625 0.2498779296875 0.682373046875 0.21954345703125 0.69482421875 0.2310791015625 0.6669921875 0.21282958984375 0.6751708984375 0.2139892578125 0.65472412109375 0.20721435546875 0.66259765625 0.20379638671875 0.63897705078125 0.20037841796875 0.669921875 0.1937255859375 0.65423583984375 0.1937255859375 0.68096923828125 0.181640625 0.6611328125 0.181640625 0.63690185546875 0.17486572265625 0.6611328125 0.17486572265625 0.63690185546875 0.16815185546875 0.6611328125 0.16815185546875 0.63690185546875 0.161376953125 0.6611328125 0.161376953125 0.63690185546875 0.1546630859375 0.6611328125 0.1546630859375 0.63690185546875 0.18157958984375 0.6611328125 0.18157958984375 0.63690185546875 0.18157958984375 0.6126708984375 0.17486572265625 0.6126708984375 0.16815185546875 0.6126708984375 0.161376953125 0.6126708984375 0.1546630859375 0.6126708984375 0.181640625 0.6126708984375 0.2818603515625 0.92010498046875 0.27606201171875 0.9178466796875 0.2818603515625 0.9366455078125 0.275390625 0.93359375 0.27978515625 0.9527587890625 0.2718505859375 0.94769287109375 0.27978515625 0.9649658203125 0.27227783203125 0.96392822265625 0.27008056640625 0.97998046875 0.26568603515625 0.9638671875 0.2620849609375 0.97857666015625 0.2596435546875 0.96484375 0.25360107421875 0.9649658203125 0.25347900390625 0.954345703125 0.2647705078125 0.9493408203125 0.2568359375 0.95025634765625 0.25079345703125 0.95233154296875 0.2471923828125 0.9639892578125 0.2435302734375 0.94989013671875 0.24249267578125 0.96337890625 0.23736572265625 0.96136474609375 0.23773193359375 0.97320556640625 0.23175048828125 0.96258544921875 0.23175048828125 0.97674560546875 0.246826171875 0.7835693359375 0.25408935546875 0.7794189453125 0.246826171875 0.7691650390625 0.25482177734375 0.771484375 0.246826171875 0.7572021484375 0.25823974609375 0.7559814453125 0.26934814453125 0.74127197265625 0.27789306640625 0.70166015625 0.2744140625 0.68072509765625 0.2904052734375 0.68115234375 0.28594970703125 0.65252685546875 0.30194091796875 0.65582275390625 0.29180908203125 0.636474609375 0.3023681640625 0.69635009765625 0.29095458984375 0.7037353515625 0.29986572265625 0.73321533203125 0.29681396484375 0.7440185546875 0.30487060546875 0.75244140625 0.29571533203125 0.75372314453125 0.30029296875 0.76422119140625 0.29608154296875 0.7652587890625 0.29901123046875 0.7764892578125 0.29339599609375 0.7733154296875 0.2967529296875 0.78594970703125 0.28863525390625 0.7742919921875 0.46746826171875 0.82550048828125 0.4849853515625 0.82525634765625 0.4849853515625 0.7882080078125 0.46746826171875 0.7882080078125 0.46746826171875 0.74774169921875 0.4849853515625 0.74774169921875 0.46746826171875 0.70758056640625 0.4849853515625 0.70758056640625 0.46746826171875 0.675048828125 0.4849853515625 0.675048828125 0.23175048828125 0.95281982421875 0.23583984375 0.95025634765625 0.2293701171875 0.94952392578125 0.22381591796875 0.92510986328125 0.2197265625 0.9486083984375 0.21258544921875 0.94622802734375 0.21429443359375 0.9501953125 0.21197509765625 0.95855712890625 0.21429443359375 0.9578857421875 0.21429443359375 0.96728515625 0.1878662109375 0.2762451171875 0.19873046875 0.283447265625 0.1734619140625 0.30413818359375 0.18377685546875 0.3184814453125 0.185791015625 0.3504638671875 0.19488525390625 0.34185791015625 0.20147705078125 0.3631591796875 0.1966552734375 0.3197021484375 0.215576171875 0.35992431640625 0.2169189453125 0.317138671875 0.231201171875 0.361328125 0.2667236328125 0.82757568359375 0.27691650390625 0.82489013671875 0.27587890625 0.84515380859375 0.28741455078125 0.83050537109375 0.2862548828125 0.84857177734375 0.29638671875 0.8472900390625 0.28594970703125 0.86834716796875 0.29522705078125 0.8663330078125 0.29559326171875 0.8814697265625 0.30792236328125 0.87750244140625 0.29815673828125 0.89886474609375 0.1927490234375 0.38519287109375 0.1776123046875 0.38714599609375 0.19073486328125 0.40789794921875 0.27001953125 0.7572021484375 0.27911376953125 0.75506591796875 0.27606201171875 0.76708984375 0.283447265625 0.76806640625 0.28131103515625 0.7796630859375 0.28863525390625 0.77874755859375 0.279296875 0.79315185546875 0.21917724609375 0.96136474609375 0.22369384765625 0.96533203125 0.2186279296875 0.96978759765625 0.2230224609375 0.97491455078125 0.2230224609375 0.9862060546875 0.22979736328125 0.97320556640625 0.28863525390625 0.75482177734375 0.2860107421875 0.74188232421875 0.30621337890625 0.72637939453125 0.1910400390625 0.21759033203125 0.1932373046875 0.19390869140625 0.2061767578125 0.197509765625 0.19549560546875 0.16973876953125 0.2105712890625 0.1717529296875 0.197509765625 0.15008544921875 0.216064453125 0.13519287109375 0.203125 0.1207275390625 0.218017578125 0.0968017578125 0.2091064453125 0.09912109375 0.28778076171875 0.88494873046875 0.2750244140625 0.990478515625 0.2662353515625 0.99200439453125 0.257568359375 0.909912109375 0.246826171875 0.77154541015625 0.23834228515625 0.77239990234375 0.239013671875 0.757080078125 0.21673583984375 0.741455078125 0.24859619140625 0.986572265625 0.24188232421875 0.9906005859375 0.24615478515625 0.978271484375 0.24285888671875 0.915283203125 0.209228515625 0.9580078125 0.208251953125 0.967529296875 0.2493896484375 0.64208984375 0.2220458984375 0.64422607421875 0.21630859375 0.63897705078125 0.28863525390625 0.764404296875 0.2391357421875 0.78448486328125 0.21673583984375 0.722412109375 0.23175048828125 0.960205078125 0.22833251953125 0.96453857421875 0.21429443359375 0.9720458984375 0.21295166015625 0.82269287109375 0.23248291015625 0.81756591796875 0.2525634765625 0.81829833984375 0.3001708984375 0.82684326171875 0.30755615234375 0.84857177734375 0.2645263671875 0.8919677734375 0.26318359375 0.9033203125 0.26898193359375 0.9189453125 0.30487060546875 0.77398681640625 0.30487060546875 0.764404296875 0.20391845703125 0.69482421875 0.20672607421875 0.6781005859375 0.2122802734375 0.38818359375 0.22601318359375 0.40325927734375 0.20721435546875 0.421142578125 0.23028564453125 0.636962890625 0.246826171875 0.62274169921875 0.27130126953125 0.6424560546875 0.256103515625 0.9827880859375 0.28863525390625 0.76678466796875 0.246826171875 0.788330078125 0.26312255859375 0.779052734375 0.26263427734375 0.768798828125 0.27001953125 0.7835693359375 0.27001953125 0.7691650390625 0.27001953125 0.779052734375 0.27496337890625 0.77880859375 0.27001953125 0.76678466796875 0.2196044921875 0.89739990234375 0.23016357421875 0.9090576171875 0.232177734375 0.80145263671875 0.25360107421875 0.96258544921875 0.2584228515625 0.79791259765625 0.21429443359375 0.960205078125 0.27001953125 0.62274169921875 0.19561767578125 0.89141845703125 0.19842529296875 0.85748291015625 0.25360107421875 0.97674560546875 0.192626953125 0.24163818359375 0.2000732421875 0.22052001953125 0.17547607421875 0.3507080078125 0.27978515625 0.9814453125</float_array>
                    <technique_common>
                        <accessor count="250" source="#uvarray2" stride="2">
                            <param name="S" type="float"/>
                            <param name="T" type="float"/>
                        </accessor>
                    </technique_common>
                </source>
                <vertices id="vertices2">
                    <input semantic="POSITION" source="#points2"/>
                </vertices>
                <polylist count="778" material="Material1">
                    <input offset="0" semantic="VERTEX" source="#vertices2"/>
                    <input offset="1" semantic="TEXCOORD" source="#uvs2" set="0"/>
                    <vcount>3 3 3 3 3 3 3 3 3 3 3 3 3 3 3 3 3 3 3 3 3 3 3 3 3 3 3 3 3 3 3 3 3 3 3 3 3 3 3 3 3 3 3 3 3 3 3 3 3 3 3 3 3 3 3 3 3 3 3 3 3 3 3 3 3 3 3 3 3 3 3 3 3 3 3 3 3 3 3 3 3 3 3 3 3 3 3 3 3 3 3 3 3 3 3 3 3 3 3 3 3 3 3 3 3 3 3 3 3 3 3 3 3 3 3 3 3 3 3 3 3 3 3 3 3 3 3 3 3 3 3 3 3 3 3 3 3 3 3 3 3 3 3 3 3 3 3 3 3 3 3 3 3 3 3 3 3 3 3 3 3 3 3 3 3 3 3 3 3 3 3 3 3 3 3 3 3 3 3 3 3 3 3 3 3 3 3 3 3 3 3 3 3 3 3 3 3 3 3 3 3 3 3 3 3 3 3 3 3 3 3 3 3 3 3 3 3 3 3 3 3 3 3 3 3 3 3 3 3 3 3 3 3 3 3 3 3 3 3 3 3 3 3 3 3 3 3 3 3 3 3 3 3 3 3 3 3 3 3 3 3 3 3 3 3 3 3 3 3 3 3 3 3 3 3 3 3 3 3 3 3 3 3 3 3 3 3 3 3 3 3 3 3 3 3 3 3 3 3 3 3 3 3 3 3 3 3 3 3 3 3 3 3 3 3 3 3 3 3 3 3 3 3 3 3 3 3 3 3 3 3 3 3 3 3 3 3 3 3 3 3 3 3 3 3 3 3 3 3 3 3 3 3 3 3 3 3 3 3 3 3 3 3 3 3 3 3 3 3 3 3 3 3 3 3 3 3 3 3 3 3 3 3 3 3 3 3 3 3 3 3 3 3 3 3 3 3 3 3 3 3 3 3 3 3 3 3 3 3 3 3 3 3 3 3 3 3 3 3 3 3 3 3 3 3 3 3 3 3 3 3 3 3 3 3 3 3 3 3 3 3 3 3 3 3 3 3 3 3 3 3 3 3 3 3 3 3 3 3 3 3 3 3 3 3 3 3 3 3 3 3 3 3 3 3 3 3 3 3 3 3 3 3 3 3 3 3 3 3 3 3 3 3 3 3 3 3 3 3 3 3 3 3 3 3 3 3 3 3 3 3 3 3 3 3 3 3 3 3 3 3 3 3 3 3 3 3 3 3 3 3 3 3 3 3 3 3 3 3 3 3 3 3 3 3 3 3 3 3 3 3 3 3 3 3 3 3 3 3 3 3 3 3 3 3 3 3 3 3 3 3 3 3 3 3 3 3 3 3 3 3 3 3 3 3 3 3 3 3 3 3 3 3 3 3 3 3 3 3 3 3 3 3 3 3 3 3 3 3 3 3 3 3 3 3 3 3 3 3 3 3 3 3 3 3 3 3 3 3 3 3 3 3 3 3 3 3 3 3 3 3 3 3 3 3 3 3 3 3 3 3 3 3 3 3 3 3 3 3 3 3 3 3 3 3 3 3 3 3 3 3 3 3 3 3 3 3 3 3 3 3 3 3 3 3 3 3 3 3 3 3 3 3 3 3 3 3 3 3 3 3 3 3 3 3 3 3 3 3 3 3 3 3 3 3 3 3 3 3 3 3 3 3 3 3 3 3 3 3 3 3 3 3 3 3 3 3 3 3 3 3 3 3 3 3 3 3 3 3 3 3 3 3 3 3 3 3 3 3 3 3 3 3 3 3 3 3 3 3 3 3 3 3 3 3 3 3 3</vcount>
                    <p>2 1 1 0 0 0 3 2 1 0 2 1 4 3 3 2 2 1 5 4 3 2 4 3 6 5 5 4 4 3 7 6 5 4 6 5 8 7 7 6 6 5 9 8 7 6 8 7 10 9 9 8 8 7 11 10 9 8 10 9 12 11 11 10 10 9 13 12 11 10 12 11 14 13 13 12 12 11 15 14 13 12 14 13 16 15 15 14 14 13 17 16 15 14 16 15 18 17 17 16 16 15 19 18 17 16 18 17 20 19 19 18 18 17 21 20 19 18 20 19 22 21 21 20 20 19 23 22 21 20 22 21 24 23 23 22 22 21 25 24 23 22 24 23 26 25 25 24 24 23 29 28 28 27 27 26 30 29 28 27 29 28 31 30 30 29 29 28 32 31 30 29 31 30 33 32 32 31 31 30 34 33 32 31 33 32 35 34 34 33 33 32 36 35 34 33 35 34 0 36 36 35 35 34 37 37 36 35 0 36 1 38 37 37 0 36 38 39 37 37 1 38 39 40 38 39 1 38 40 41 38 39 39 40 41 42 40 41 39 40 42 43 40 41 41 42 43 44 42 43 41 42 44 45 42 43 43 44 45 46 44 45 43 44 48 49 47 48 46 47 49 50 47 48 48 49 50 51 49 50 48 49 51 52 49 50 50 51 52 53 51 52 50 51 53 54 51 52 52 53 54 55 53 54 52 53 55 56 53 54 54 55 56 53 55 56 54 55 57 54 55 56 56 53 58 51 57 54 56 53 59 52 57 54 58 51 60 49 59 52 58 51 61 50 59 52 60 49 46 57 61 50 60 49 47 58 61 50 46 57 63 60 47 58 62 59 61 50 47 58 63 60 64 61 61 50 63 60 59 52 61 50 64 61 65 62 59 52 64 61 57 54 59 52 65 62 66 63 57 54 65 62 55 56 57 54 66 63 67 62 55 56 66 63 53 54 55 56 67 62 68 61 53 54 67 62 51 52 53 54 68 61 69 60 51 52 68 61 49 50 51 52 69 60 62 64 49 50 69 60 47 48 49 50 62 64 70 65 2 1 0 0 71 66 2 1 70 65 72 67 71 66 70 65 73 68 71 66 72 67 31 69 73 68 72 67 74 70 73 68 31 69 29 71 74 70 31 69 75 72 74 70 29 71 76 73 75 72 29 71 77 74 75 72 76 73 78 75 77 74 76 73 79 76 77 74 78 75 80 77 79 76 78 75 81 78 79 76 80 77 77 74 74 70 75 72 82 79 74 70 77 74 79 76 82 79 77 74 83 80 82 79 79 76 81 78 83 80 79 76 84 81 83 80 81 78 85 82 84 81 81 78 86 83 84 81 85 82 87 84 86 83 85 82 88 85 86 83 87 84 89 86 88 85 87 84 90 87 88 85 89 86 91 88 90 87 89 86 94 91 93 90 92 89 95 92 93 90 94 91 81 93 95 92 94 91 96 94 95 92 81 93 34 33 96 94 81 93 97 95 96 94 34 33 36 35 97 95 34 33 98 96 97 95 36 35 99 97 98 96 36 35 100 98 98 96 99 97 101 99 100 98 99 97 102 100 100 98 101 99 103 101 102 100 101 99 104 102 100 98 102 100 105 103 100 98 104 102 106 104 105 103 104 102 107 105 105 103 106 104 21 106 107 105 106 104 108 107 107 105 21 106 109 108 108 107 21 106 110 109 108 107 109 108 111 110 110 109 109 108 112 111 110 109 111 110 26 112 112 111 111 110 113 113 112 111 26 112 116 116 115 115 114 114 117 114 115 115 116 116 118 117 117 114 116 116 119 114 117 114 118 117 120 117 119 114 118 117 121 116 119 114 120 117 122 118 121 116 120 117 123 119 121 116 122 118 124 120 123 119 122 118 125 121 123 119 124 120 126 122 125 121 124 120 127 123 125 121 126 122 130 121 129 122 128 123 131 120 129 122 130 121 132 119 131 120 130 121 133 118 131 120 132 119 116 116 133 118 132 119 134 117 133 118 116 116 114 114 134 117 116 116 135 116 134 117 114 114 136 115 135 116 114 114 137 114 135 116 136 115 135 116 133 118 134 117 138 119 133 118 135 116 139 117 138 119 135 116 140 118 138 119 139 117 141 117 140 118 139 117 142 118 140 118 141 117 143 116 142 118 141 117 144 119 142 118 143 116 145 117 144 119 143 116 146 118 144 119 145 117 138 119 131 120 133 118 147 121 131 120 138 119 140 118 147 121 138 119 148 120 147 121 140 118 142 118 148 120 140 118 149 120 148 120 142 118 144 119 149 120 142 118 150 121 149 120 144 119 146 118 150 121 144 119 151 120 150 121 146 118 152 124 88 85 90 87 153 125 88 85 152 124 154 126 153 125 152 124 155 127 153 125 154 126 156 128 155 127 154 126 157 129 155 127 156 128 158 130 157 129 156 128 159 131 157 129 158 130 160 132 159 131 158 130 113 133 159 131 160 132 147 121 129 122 131 120 161 123 129 122 147 121 148 120 161 123 147 121 162 122 161 123 148 120 149 120 162 122 148 120 163 122 162 122 149 120 150 121 163 122 149 120 164 123 163 122 150 121 151 120 164 123 150 121 165 122 164 123 151 120 168 136 167 135 166 134 169 137 167 135 168 136 170 138 169 137 168 136 171 139 169 137 170 138 172 140 171 139 170 138 173 141 171 139 172 140 174 142 173 141 172 140 175 143 173 141 174 142 176 144 175 143 174 142 179 147 178 146 177 145 180 148 178 146 179 147 181 149 180 148 179 147 182 150 180 148 181 149 183 151 182 150 181 149 184 152 182 150 183 151 185 153 184 152 183 151 186 154 184 152 185 153 187 155 186 154 185 153 190 135 189 136 188 134 191 137 189 136 190 135 192 141 191 137 190 135 193 139 191 137 192 141 194 140 193 139 192 141 195 138 193 139 194 140 196 156 195 138 194 140 197 157 195 138 196 156 198 158 197 157 196 156 201 94 200 33 199 93 202 95 200 33 201 94 203 159 202 95 201 94 204 160 202 95 203 159 205 161 204 160 203 159 206 162 204 160 205 161 207 163 206 162 205 161 208 164 206 162 207 163 209 165 208 164 207 163 212 130 211 129 210 131 213 128 211 129 212 130 214 166 213 128 212 130 215 167 213 128 214 166 216 168 215 167 214 166 217 169 215 167 216 168 209 170 217 169 216 168 218 171 217 169 209 170 212 172 204 160 206 162 219 173 204 160 212 172 220 107 219 173 212 172 221 105 219 173 220 107 222 106 221 105 220 107 223 104 221 105 222 106 224 174 223 104 222 106 225 102 223 104 224 174 228 177 227 176 226 175 229 178 227 176 228 177 230 179 229 178 228 177 176 180 229 178 230 179 231 181 176 180 230 179 175 182 176 180 231 181 166 183 175 182 231 181 167 184 175 182 166 183 234 7 233 8 232 9 235 6 233 8 234 7 236 5 235 6 234 7 237 4 235 6 236 5 238 3 237 4 236 5 239 2 237 4 238 3 240 1 239 2 238 3 241 0 239 2 240 1 235 6 177 145 233 8 179 147 177 145 235 6 237 4 179 147 235 6 183 151 179 147 237 4 242 185 183 151 237 4 185 153 183 151 242 185 241 0 185 153 242 185 187 155 185 153 241 0 121 116 243 114 119 114 145 117 243 114 121 116 123 119 145 117 121 116 146 118 145 117 123 119 125 121 146 118 123 119 151 120 146 118 125 121 127 123 151 120 125 121 165 122 151 120 127 123 224 18 245 17 244 16 246 19 245 17 224 18 222 20 246 19 224 18 247 21 246 19 222 20 248 22 247 21 222 20 249 23 247 21 248 22 250 24 249 23 248 22 251 25 249 23 250 24 254 73 253 187 252 186 255 75 253 187 254 73 256 74 255 75 254 73 257 76 255 75 256 74 258 79 257 76 256 74 259 80 257 76 258 79 260 188 259 80 258 79 261 81 259 80 260 188 199 93 263 190 262 189 264 191 263 190 199 93 200 33 264 191 199 93 265 31 264 191 200 33 266 32 265 31 200 33 267 30 265 31 266 32 268 192 267 30 266 32 271 195 270 194 269 193 272 86 270 194 271 195 273 84 272 86 271 195 274 85 272 86 273 84 275 83 274 85 273 84 276 125 274 85 275 83 277 196 276 125 275 83 246 19 278 127 245 17 211 129 278 127 246 19 279 197 211 129 246 19 210 131 211 129 279 197 280 198 210 131 279 197 281 133 210 131 280 198 251 25 281 133 280 198 37 37 99 97 36 35 282 199 99 97 37 37 38 39 282 199 37 37 283 200 282 199 38 39 40 41 283 200 38 39 284 201 283 200 40 41 42 43 284 201 40 41 160 202 112 111 113 113 110 109 112 111 160 202 158 172 110 109 160 202 108 107 110 109 158 172 285 173 108 107 158 172 107 105 108 107 285 173 105 103 107 105 285 173 287 120 128 123 286 122 130 121 128 123 287 120 288 118 130 121 287 120 132 119 130 121 288 118 118 117 132 119 288 118 116 116 132 119 118 117 124 120 286 122 126 122 287 120 286 122 124 120 122 118 287 120 124 120 288 118 287 120 122 118 120 117 288 118 122 118 118 117 288 118 120 117 30 29 289 203 28 27 290 190 289 203 30 29 32 31 290 190 30 29 291 191 290 190 32 31 34 33 291 191 32 31 81 93 291 191 34 33 266 32 292 204 268 192 293 34 292 204 266 32 200 33 293 34 266 32 294 35 293 34 200 33 202 95 294 35 200 33 295 96 294 35 202 95 219 173 202 95 204 160 295 96 202 95 219 173 296 103 295 96 219 173 297 98 295 96 296 103 225 102 297 98 296 103 298 100 297 98 225 102 301 171 300 206 299 205 302 167 300 206 301 171 303 169 302 167 301 171 304 168 302 167 303 169 305 170 304 168 303 169 306 207 304 168 305 170 103 208 13 12 15 14 11 10 13 12 103 208 307 209 11 10 103 208 9 8 11 10 307 209 308 210 9 8 307 209 309 145 9 8 308 210 44 212 310 150 42 211 311 152 310 150 44 212 45 154 311 152 44 212 312 153 311 152 45 154 313 155 312 153 45 154 1 0 312 153 313 155 314 147 5 4 7 6 315 151 5 4 314 147 316 149 315 151 314 147 310 150 315 151 316 149 284 148 310 150 316 149 42 211 310 150 284 148 4 3 317 213 6 5 318 214 317 213 4 3 319 215 318 214 4 3 320 188 318 214 319 215 82 79 320 188 319 215 83 80 320 188 82 79 322 111 321 202 281 113 323 109 321 202 322 111 324 110 323 109 322 111 325 108 323 109 324 110 250 216 325 108 324 110 248 217 325 108 250 216 326 40 187 218 241 38 327 219 187 218 326 40 328 42 327 219 326 40 329 44 327 219 328 42 330 43 329 44 328 42 331 45 329 44 330 43 332 143 192 141 190 135 333 142 192 141 332 143 334 144 333 142 332 143 335 220 333 142 334 144 336 221 335 220 334 144 337 222 335 220 336 221 338 70 258 79 256 74 339 215 258 79 338 70 340 68 339 215 338 70 341 66 339 215 340 68 268 67 341 66 340 68 292 65 341 66 268 67 343 199 342 224 177 223 344 225 342 224 343 199 345 97 344 225 343 199 346 99 344 225 345 97 297 98 346 99 345 97 298 100 346 99 297 98 255 75 347 226 253 187 262 77 347 226 255 75 257 76 262 77 255 75 199 78 262 77 257 76 259 80 199 78 257 76 261 81 199 78 259 80 285 173 97 95 98 96 348 160 97 95 285 173 158 172 348 160 285 173 349 162 348 160 158 172 350 227 349 162 158 172 306 164 349 162 350 227 252 27 352 28 351 26 353 29 352 28 252 27 354 203 353 29 252 27 263 190 353 29 354 203 347 228 263 190 354 203 262 189 263 190 347 228 269 90 356 91 355 89 357 92 356 91 269 90 358 229 357 92 269 90 359 230 357 92 358 229 360 231 359 230 358 229 361 232 359 230 360 231 213 128 278 127 211 129 362 126 278 127 213 128 215 167 362 126 213 128 363 206 362 126 215 167 218 171 363 206 215 167 364 205 363 206 218 171 339 215 260 188 258 79 365 214 260 188 339 215 238 3 365 214 339 215 366 213 365 214 238 3 236 5 366 213 238 3 367 234 305 165 301 233 368 163 305 165 367 234 369 161 368 163 367 234 349 162 368 163 369 161 348 160 349 162 369 161 299 235 367 234 301 233 369 161 367 234 299 235 152 159 369 161 299 235 348 160 369 161 152 159 97 95 348 160 152 159 245 17 370 15 244 16 371 236 370 15 245 17 278 127 371 236 245 17 372 237 371 236 278 127 277 196 372 237 278 127 289 203 373 238 28 27 374 228 373 238 289 203 290 190 374 228 289 203 80 189 374 228 290 190 81 93 80 189 290 190 376 37 241 38 375 36 377 39 241 38 376 37 343 199 377 39 376 37 178 200 377 39 343 199 177 223 178 200 343 199 272 86 360 88 270 194 361 87 360 88 272 86 274 85 361 87 272 86 203 124 361 87 274 85 276 125 203 124 274 85 275 83 260 188 277 196 261 81 260 188 275 83 378 82 261 81 275 83 199 78 261 81 378 82 356 239 199 78 378 82 357 92 199 93 356 91 201 94 199 93 357 92 359 230 201 94 357 92 203 159 201 94 359 230 361 232 203 159 359 230 203 124 363 206 364 205 362 126 363 206 203 124 276 125 362 126 203 124 278 127 362 126 276 125 277 196 278 127 276 125 22 21 379 198 24 23 380 197 379 198 22 21 20 19 380 197 22 21 157 129 380 197 20 19 182 150 330 211 180 148 331 212 330 211 182 150 184 152 331 212 182 150 186 154 331 212 184 152 159 131 380 197 157 129 379 198 380 197 159 131 113 133 379 198 159 131 26 25 379 198 113 133 377 39 326 40 241 38 381 41 326 40 377 39 178 200 381 41 377 39 180 201 381 41 178 200 338 70 352 71 267 69 382 72 352 71 338 70 256 74 382 72 338 70 254 73 382 72 256 74 247 21 279 197 246 19 280 198 279 197 247 21 249 23 280 198 247 21 251 25 280 198 249 23 152 159 96 94 97 95 383 230 96 94 152 159 90 232 383 230 152 159 91 231 383 230 90 232 383 230 95 92 96 94 384 229 95 92 383 230 91 231 384 229 383 230 385 240 384 229 91 231 345 97 295 96 297 98 294 35 295 96 345 97 376 37 294 35 345 97 375 36 294 35 376 37 350 241 304 168 306 207 386 166 304 168 350 241 158 130 386 166 350 241 156 128 386 166 158 130 300 206 152 124 299 205 154 126 152 124 300 206 302 167 154 126 300 206 156 128 154 126 302 167 387 101 346 99 298 100 344 225 346 99 387 101 388 242 344 225 387 101 342 224 344 225 388 242 390 14 370 15 389 13 244 16 370 15 390 14 225 243 244 16 390 14 224 18 244 16 225 243 390 14 387 208 298 244 391 12 387 208 390 14 389 13 391 12 390 14 392 11 391 12 389 13 143 116 243 114 145 117 393 114 243 114 143 116 141 117 393 114 143 116 139 117 393 114 141 117 394 241 214 166 212 130 216 168 214 166 394 241 208 207 216 168 394 241 209 170 216 168 208 207 172 140 395 220 174 142 396 156 395 220 172 140 170 138 396 156 172 140 397 157 396 156 170 138 400 58 399 60 398 59 401 50 399 60 400 58 402 57 401 50 400 58 403 49 401 50 402 57 364 235 205 161 203 159 404 234 205 161 364 235 218 233 404 234 364 235 209 165 404 234 218 233 104 243 17 16 19 18 15 14 17 16 104 243 102 244 15 14 104 243 103 208 15 14 102 244 309 145 7 6 9 8 314 147 7 6 309 145 283 146 314 147 309 145 284 148 314 147 283 146 43 44 313 218 45 46 405 219 313 218 43 44 41 42 405 219 43 44 39 40 405 219 41 42 353 29 267 30 352 28 265 31 267 30 353 29 263 190 265 31 353 29 264 191 265 31 263 190 78 75 374 226 80 77 373 187 374 226 78 75 76 73 373 187 78 75 28 186 373 187 76 73 94 239 85 82 81 78 406 195 85 82 94 239 92 245 406 195 94 239 93 193 406 195 92 245 406 195 87 84 85 82 89 86 87 84 406 195 385 194 89 86 406 195 91 88 89 86 385 194 401 50 407 61 399 60 408 52 407 61 401 50 403 49 408 52 401 50 409 51 408 52 403 49 408 52 410 62 407 61 411 54 410 62 408 52 409 51 411 54 408 52 412 53 411 54 409 51 414 50 398 64 413 60 400 48 398 64 414 50 415 49 400 48 414 50 402 47 400 48 415 49 416 236 18 17 16 15 155 127 18 17 416 236 417 237 155 127 416 236 418 196 155 127 417 237 198 175 419 247 197 246 420 177 419 247 198 175 337 176 420 177 198 175 336 178 420 177 337 176 422 52 413 60 421 61 414 50 413 60 422 52 423 51 414 50 422 52 415 49 414 50 423 51 425 54 421 61 424 62 422 52 421 61 425 54 426 53 422 52 425 54 423 51 422 52 426 53 428 56 424 62 427 63 425 54 424 62 428 56 429 55 425 54 428 56 426 53 425 54 429 55 411 54 427 63 410 62 428 56 427 63 411 54 412 53 428 56 411 54 429 55 428 56 412 53 430 185 315 151 312 153 5 4 315 151 430 185 3 2 5 4 430 185 431 10 391 12 392 11 387 208 391 12 431 10 388 209 387 208 431 10 432 225 101 99 99 97 103 101 101 99 432 225 307 242 103 101 432 225 240 1 341 66 292 65 339 215 341 66 240 1 238 3 339 215 240 1 233 8 388 209 431 10 342 210 388 209 233 8 177 145 342 210 233 8 395 220 176 144 174 142 229 221 176 144 395 220 227 222 229 221 395 220 271 195 356 239 378 82 355 245 356 239 271 195 269 193 355 245 271 195 195 138 191 137 193 139 189 136 191 137 195 138 426 248 189 136 195 138 329 44 187 218 327 219 186 46 187 218 329 44 331 45 186 46 329 44 173 141 169 137 171 139 167 135 169 137 173 141 175 143 167 135 173 141 418 196 153 125 155 127 86 83 153 125 418 196 320 188 86 83 418 196 251 112 322 111 281 113 324 110 322 111 251 112 250 216 324 110 251 112 319 215 74 70 82 79 73 68 74 70 319 215 71 66 73 68 319 215 111 110 25 216 26 112 109 108 25 216 111 110 52 248 170 138 168 136 397 157 170 138 52 248 109 108 23 217 25 216 21 106 23 217 109 108 351 249 254 73 252 186 352 71 254 73 351 249 105 103 98 96 100 98 285 173 98 96 105 103 106 104 19 174 21 106 104 102 19 174 106 104 273 84 378 82 275 83 271 195 378 82 273 84 39 40 313 218 405 219 1 38 313 218 39 40 309 223 282 199 283 200 308 224 282 199 309 223 332 182 188 183 433 181 190 184 188 183 332 182 340 68 267 69 268 67 338 70 267 69 340 68 375 0 240 1 292 65 241 0 240 1 375 0 434 247 226 175 397 246 228 177 226 175 434 247 232 9 431 10 392 11 233 8 431 10 232 9 335 220 196 156 194 140 337 222 196 156 335 220 333 142 194 140 192 141 335 220 194 140 333 142 334 180 433 181 435 179 332 182 433 181 334 180 239 2 242 185 237 4 241 0 242 185 239 2 336 178 435 179 420 177 334 180 435 179 336 178 330 43 381 41 180 201 328 42 381 41 330 43 222 106 325 108 248 217 220 107 325 108 222 106 220 107 323 109 325 108 212 172 323 109 220 107 430 185 1 0 3 2 312 153 1 0 430 185 311 152 315 151 310 150 312 153 315 151 311 152 137 114 139 117 135 116 393 114 139 117 137 114 386 166 302 167 304 168 156 128 302 167 386 166 293 34 375 36 292 204 294 35 375 36 293 34 226 158 396 156 397 157 227 222 396 156 226 158 282 199 432 225 99 97 308 224 432 225 282 199 27 249 76 73 29 71 28 186 76 73 27 249 93 90 384 229 385 240 95 92 384 229 93 90 2 1 319 215 4 3 71 66 319 215 2 1 84 81 320 188 83 80 86 83 320 188 84 81 221 105 296 103 219 173 223 104 296 103 221 105 155 127 20 19 18 17 157 129 20 19 155 127 394 227 206 162 208 164 212 172 206 162 394 227 404 234 207 163 205 161 209 165 207 163 404 234 321 132 210 131 281 133 212 130 210 131 321 132 270 240 358 229 269 90 360 231 358 229 270 240 253 238 354 203 252 27 347 228 354 203 253 238 33 32 72 192 70 204 31 30 72 192 33 32 35 34 70 204 0 36 33 32 70 204 35 34 368 163 306 164 305 165 349 162 306 164 368 163 26 25 24 23 379 198 284 148 316 149 314 147 385 194 406 195 93 193 381 41 328 42 326 40 153 125 86 83 88 85 323 109 212 172 321 202 183 151 181 149 179 147 307 242 432 225 308 224 301 171 305 170 303 169 291 191 81 93 290 190 382 72 254 73 352 71 196 156 337 222 198 158 396 156 227 222 395 220 345 97 343 199 376 37 197 157 426 248 195 138 225 102 296 103 223 104 225 243 390 14 298 244 217 169 218 171 215 167</p>
                </polylist>
            </mesh>
        </geometry>
        <geometry id="mesh3">
            <mesh>
                <source id="points3">
                    <float_array id="pointarray3" count="2949">-60.03427770328594 180.33044001030842 22.804076113026085 -62.296875 175.609375 -0.390625 -67.86181346169317 183.9681198035679 6.874370698472985 -59.296875 174.40625 -16.71875 -70.2984998117322 190.86686261711597 -16.997324814774032 -53.234375 176.46875 -34.765625 -76.71875 202.765625 -31.671875 -62.515625 204.25 -55.640625 -77.96875 224.390625 -60.109375 -51.4375 224.75 -78.109375 -81.3125 247.28125 -59.203125 -55.390625 247.453125 -77.078125 62.515625 204.25 -55.640625 51.4375 224.75 -78.109375 40.78125 206.953125 -73.84375 36.765625 226.515625 -85.53125 10.765625 210.5 -80.90625 13.53125 228.734375 -88.078125 0 230.328125 -84.84375 70.29524986517119 190.8736024512702 -16.99058498061206 76.71875 202.765625 -31.671875 53.234375 176.46875 -34.765625 40.109375 183.90625 -52.734375 60.02822202080004 180.33619560995734 22.809831712681625 47.6875 163.5 22.078125 51.91842131043121 174.78625807134222 37.23974989145856 42.484375 171.984375 47.484375 55.85479844916647 188.39823413550297 47.05098337232027 35.05740534267082 181.1915959296651 65.06438829520812 -0.005635804101746996 183.66404762464117 73.8786423998598 0 172.265625 63.046875 -21.755423960650162 182.0540738952308 71.06849363796128 -16.703125 171.5 62.0625 -32.640625 168.5 52.453125 -30.973765986018908 179.00365885241288 65.60806696382484 -32.0625 166.171875 46.703125 -42.484375 171.984375 47.484375 -33.65625 164.0625 39.890625 -39.75 164.09375 35.96875 -36.765625 226.515625 -85.53125 -40.78125 206.953125 -73.84375 -10.765625 210.5 -80.90625 -48.5 163.5 22.078125 -51.92532845092686 174.78127997201025 37.234771792120874 -55.863951294094164 188.39287852156625 47.04562775837738 -49.015625 172.4375 44.890625 37.015625 164.09375 35.96875 28.1875 164.046875 45.0625 31.6875 170.890625 56.375 -79.375 210.9375 21.75 -73.14423032605713 197.39813075406786 17.785037292162823 -75.96875 201.515625 -8.4375 -40.109375 183.90625 -52.734375 -85.05247928111532 227.56608435860505 29.314955427907382 -77.50552482179818 224.21775718756214 31.006113485540872 -70.34846747826529 204.83790885476373 33.54502184428688 -13.53125 228.734375 -88.078125 67.85693622641338 183.9746259382049 6.880876833117447 59.296875 174.40625 -16.71875 21.744575939383072 182.056159214 71.07057895673289 62.296875 175.609375 -0.390625 16.703125 171.5 62.0625 -32.61453769783075 180.02667895118861 67.64539422376468 -48.80187066815153 184.79280596601217 59.39423205321803 0 212.28125 -79.796875 -28.1875 164.046875 45.0625 -83.6875 222.421875 -47.71875 -100.1875 200.953125 5.03125 -110.5 213.390625 23.8125 -110.765625 242.78125 27.96875 -91.53125 248.328125 29.046875 -106.390625 265.015625 16.484375 -95.484375 270.140625 17.015625 -109.625 272.96875 -9.796875 -98.296875 277.890625 -10.375 -107.921875 268.390625 -36.609375 -97.0625 274.171875 -37.484375 -103.734375 242.734375 -50.84375 -90.546875 248.390625 -52.796875 -100.84375 216.703125 -44.84375 -157.99304053153952 203.9401386371186 10.608272658174648 -160.649830780922 229.7669153780513 24.626279576547674 -145.71170663633418 203.89350991819776 8.249329518588045 -150.962290794098 232.12642454643952 23.392474985362835 -131.94662602939454 219.36088161138963 22.860676646175236 -134.7435811662107 236.09510964451164 24.346556737227786 -123.38428154486618 239.40743942877674 26.316027913944055 -130.8838324457337 258.0649714509924 12.81755025208181 -119.109375 262.09375 14.875 -122.046875 267.984375 -8.9375 -119.765625 263.546875 -34.671875 -76.125 275.421875 -52.09375 -81.84375 279.640625 -38.484375 -69.828125 287.875 -41.6875 -81.234375 285.15625 -10.71875 -67.640625 291.359375 -15.4375 -80.546875 277.328125 15.828125 -65.59375 282.796875 14.78125 -64.796875 270.3125 27.65625 -50.164410603769646 284.90471790133006 25.303191983543805 -44.13335018584666 268.93848368529984 45.224420193605454 -142.78851281379596 206.72521116156292 -29.00029531811935 -133.5381240685924 216.80444484591652 -40.40525033674735 -146.2411582898559 231.2109826329523 -43.623070399265416 -131.0223625658602 234.13301881383126 -45.0441245371061 -145.7415819358612 253.63181416770482 -32.730277912348825 -134.0540764254105 257.3818647075249 -33.05762811871014 -141.3205912987254 262.4575988218383 -8.244899506102069 -133.6330855425608 264.36388534378773 -8.494443605752377 -138.61821826718213 255.86179487276695 13.223314221509922 -46.96108768996303 293.8194319276164 12.26012575630392 -42.36601144082088 300.1694350909106 -21.755373492844953 -20.958074621534085 297.9597223329572 -54.73188736725848 -47.21875 279.046875 -68.875 -24.003231711847384 281.5112520715204 -74.11936547155479 -23.6259752661655 249.44174157312887 -89.11956482384241 -120.52247787392187 215.38264205497694 -40.93617422732383 -117 239.171875 -48.0625 -77.953125 250.796875 32.484375 -64.203125 252.625 40.53125 -64.22586127934444 247.88050888482496 40.43769335222612 -43.88264514979998 251.31820156732903 48.13757770885286 -44.33577873850563 246.9433498145185 52.691569165308145 -99.078125 200.765625 -29.171875 -118.83540511202686 201.0064284171659 -28.249992593905212 -135.8354134490152 203.05326214756272 -28.109775338588822 -121.05540276725857 201.15930854933006 6.859318373295211 -138.08669536173528 202.76854785006662 7.983867566267152 -153.69629475794756 251.33063111637594 12.066094064400444 -65.81941906581609 238.69680643908168 45.61172211076856 -154.05360623980087 230.6173576960564 -45.060904891199755 -153.67900092626212 252.3038889351874 -34.94943725223214 -160.83693737983123 251.92432450303278 12.534647289555496 23.624024625249906 249.44400666075748 -89.11729973621118 55.390625 247.453125 -77.078125 47.21875 279.046875 -68.875 76.125 275.421875 -52.09375 69.828125 287.875 -41.6875 81.84375 279.640625 -38.484375 81.234375 285.15625 -10.71875 98.296875 277.890625 -10.375 80.546875 277.328125 15.828125 95.484375 270.140625 17.015625 77.953125 250.796875 32.484375 85.04127032799448 227.57423837445333 29.32310944376504 91.53125 248.328125 29.046875 110.765625 242.78125 27.96875 106.390625 265.015625 16.484375 119.09375 262.09375 14.875 122.046875 267.984375 -8.9375 133.60687159271578 264.3766723709665 -8.486710953224883 119.765625 263.546875 -34.671875 134.04310718343717 257.3946932369447 -33.048209936139614 115.421875 239.171875 -48.0625 131.01956354633126 234.1455570505413 -45.03254056153163 120.5188734145805 215.39417330260886 -40.92399489452805 109.609375 272.96875 -9.796875 107.921875 268.390625 -36.609375 103.734375 242.734375 -50.84375 100.84375 216.703125 -44.84375 67.640625 291.359375 -15.4375 65.59375 282.796875 14.78125 64.796875 270.3125 27.65625 50.148088777915696 284.92866379829724 25.29695302158675 44.1166496113472 268.9427142457914 45.22865075410188 81.3125 247.28125 -59.203125 97.0625 274.171875 -37.484375 75.96875 201.515625 -8.4375 73.1370193377759 197.40514323765888 17.792049775761885 79.375 210.9375 21.75 70.33903219842266 204.84465318313943 33.55176617267034 77.49447482199841 224.22518763375132 31.013543931738557 65.80558063169825 238.7031163260471 45.61803199774127 64.21163842549507 247.8866659682599 40.44385043566815 64.203125 252.625 40.53125 43.86735464854293 251.32240815863935 48.141784300168 90.546875 248.390625 -52.796875 77.96875 224.390625 -60.109375 83.6875 222.421875 -47.71875 99.078125 200.765625 -29.171875 100.1875 200.953125 5.03125 118.8240456030389 201.0177963673597 -28.229547090030586 121.04548080163579 201.1708901846015 6.8742720193848 110.5 213.390625 23.8125 131.9426188030619 219.37350814193908 22.876975430709916 123.36306802565065 239.41924406140362 26.32577994258957 130.87355955007553 258.0774960710404 12.829053973042315 46.94516117683199 293.83902606891377 12.268672118663874 42.3527383644881 300.1734963690596 -21.751312214691342 20.948175282161724 297.9617312499612 -54.72987845025221 23.99676817784446 281.51355311292093 -74.11706443015163 -0.0013287695472927403 257.77079256433825 -90.0733602824752 44.320471057754624 246.94759984996986 52.69581920076436 -64 54.125 -29.0625 -68.375 42.109375 -30.3125 -56.078125 45.78125 -43.65625 -54.328125 38.03125 -43.75 -36.09375 46.53125 -48.78125 -36.21875 38.796875 -49.359375 -20.421875 46.203125 -43 -22.015625 38.03125 -43.59375 -7.46875 40.765625 -29.640625 -10.915356726658953 31.51477416982442 -27.445541984443704 -1.0625 40.890625 -7.125 -4.963381512003116 32.07755949841689 -4.023381628291801 -8.34375 42.390625 10.78125 -12.557891017983211 35.030320433459536 8.866879324955582 -23.375 43.25 20.890625 -24.683371122781047 37.123489160203135 16.788173063206898 -39.21875 44.328125 22.84375 -38.9335987972553 38.20093102886025 20.45936493732119 -56.0625 43.296875 20.890625 -54.980249049303865 37.200161777572575 16.771095680646496 -69.75 42.359375 9.078125 -67.26089529732748 35.01207306098598 6.364256949588468 -78.59375 41.6875 -9.21875 -75.77573603610851 32.32416487037494 -7.308026259820679 -66.3528049157117 31.652741589491924 -28.66694956601803 -52.57101414273024 33.63777726825569 -41.93191390021615 -36.336385256524366 34.41980553067995 -48.009260643877354 -23.6178517574213 33.186040234932506 -42.25865093443546 0 40.78125 -60.03125 0 48.46875 -54.671875 -30.203125 41.4375 -62.75 -30.34375 49.171875 -57.25 -60.09375 42.4375 -49.3125 -58.140625 50.234375 -45.15625 -78.5 42.625 -25.03125 -75.375 51.265625 -23.203125 -84.96875 43.515625 3.5625 -81.421875 52.640625 2.953125 -78.5 45.015625 22.375 -75.375 54.015625 22.234375 -11.25 54.1875 -27.21875 -5.84375 55.046875 -8.03125 -11.1875 53.109375 10.0625 -30.25 62.953125 -55.546875 0 60.8125 -53.328125 -39.640625 53.0625 21.265625 -65.53125 53.078125 9.359375 -72.734375 53.078125 -9.0625 -65.78125 88.984375 19.578125 -69.140625 78.484375 21.109375 -71.234375 89.421875 3.5 -74.640625 78.484375 3.5 -65.78125 89.84375 -15.234375 -69.140625 78.484375 -19.34375 -50.265625 89.515625 -28.828125 -53.46875 76.4375 -37.078125 -27.375 90.21875 -39.390625 -29 75.40625 -49 0 91.609375 -38.734375 0 75.40625 -46.953125 -71.109375 67.71875 20.828125 -76.65625 68.859375 3.09375 -71.109375 67.5 -22.734375 -53.8125 65.78125 -44 -12.390625 74.734375 9.453125 -30.703125 74.421875 20.796875 -42.78125 74.171875 20.828125 -61.75 72.6875 9.296875 -68.75 74.25 -8.140625 -59.09375 73.8125 -26.546875 -36.71875 54.640625 -42.625 -35.515625 72.859375 -38.921875 -14.25 73.96875 -25.453125 -8.140625 74.5 -7.546875 0 103.359375 -36.234375 -23.765625 100.96875 -35.5625 -44.890625 100.875 -27.328125 -58.25 101.203125 -15.765625 -64.96875 101.625 1.140625 -59.75 102.9375 20.0625 0 112.15625 -40.34375 -25.390625 111.734375 -36.859375 -44.75 112.46875 -29.65625 -58.953125 113.96875 -19.609375 58.265625 130.265625 1.3125 53.82953306569751 129.1900804901244 -18.559919543625792 63.9375 115.71875 1.609375 58.953125 113.96875 -19.609375 64.96875 101.625 1.140625 59.75 101.203125 -15.765625 27.375 90.21875 -39.390625 23.765625 100.96875 -35.5625 25.390625 111.734375 -36.859375 0 102.90625 46.78125 0 112.15625 49.15625 11.875 103 45.140625 28.125 113.90625 45.671875 -0.0016793407610231357 125.21874990538346 49.81249994563589 26.9375 126.28125 46.5625 41.203125 127.375 36.4375 44.75 114.625 36.609375 53.828125 129.171875 23.390625 58.953125 115.71875 23.0625 44.890625 100.875 -27.328125 44.75 112.46875 -29.65625 -0.002146739796228804 138.42187489814808 46.359374949603676 -26.9375 126.28125 46.5625 -28.125 113.90625 46.40625 -11.875 103 45.140625 -25.828125 103.09375 44.234375 -63.9375 115.71875 1.609375 -58.953125 115.71875 23.0625 -53.828125 129.171875 22.15625 -58.265625 130.265625 1.3125 -53.8267166868991 129.18491962578537 -18.565080407970758 0 91.09375 44.90625 -53.671875 102.140625 31.59375 -52.203125 115.03125 32.9375 -39.984375 101.609375 40.625 -38.625 114.625 42.125 -36.234375 127.8125 41.890625 -49.3125 128.234375 29.578125 -45.953125 78.484375 43.03125 -42.71875 90.0625 41.34375 -35.328125 78.484375 46.734375 -31.0625 89.6875 43.921875 -15.53125 90.390625 45.953125 -60.515625 77.828125 34.25 -56.390625 90.515625 32.3125 -17.65625 78.484375 48.078125 0 78.484375 45.328125 0 63.90625 45.28125 -19.09375 63.90625 48.015625 -48.6875 67.109375 45.46875 -36.90625 66.03125 46.71875 -62.671875 67.625 34.890625 -52.515625 46.5 48.328125 -50.6875 56.640625 47.359375 -38.09375 46.90625 54.515625 -37.90625 55 49.421875 -17.640625 44.578125 56.140625 -18.4375 52.90625 50.8125 0 44.28125 52.5625 0 52.90625 47.484375 -68.609375 46.28125 37.765625 -65.484375 56.53125 36.375 -247.90216449170467 193.83621961079933 -41.604365856453526 -229.26163169842218 198.27363545624408 -39.21286584006093 -250.57347115805024 217.33703394938001 -58.68145915856871 -232.96423237496026 219.493133692583 -54.94635514780384 -251.57344776049112 245.11837516789677 -60.6176628429506 -233.8704596332262 243.60259107969125 -56.695231532432246 -249.76155785202272 264.117596829641 -44.319812609771915 -232.1522709388715 260.94562476280305 -41.694339028916296 -248.99727905896856 273.27205180500005 -6.850596521144746 -231.4034973302983 269.8189907625787 -7.584511972659399 -248.4515650830436 260.84858369612084 26.39882734131325 -229.53125 257.8125 22.875 -248.46764115811334 239.9885540091418 40.05407675726723 -230.87372916716694 238.6919234896318 35.554639683717596 -247.37397129665274 212.95713803614387 43.55281972494662 -230.38943330598687 215.80114200313062 38.83480950399369 -248.52976175509033 186.89519872694737 31.817154221317608 -225.81087419813494 190.6923048526279 27.771268429740296 -246.01284506506263 181.88130968839255 -4.3079967868895315 -227.76281154259678 186.83452068248795 -5.478985923514847 -155.515625 205.4375 -29.5625 -166.421875 230.65625 -45.828125 -165.140625 252.390625 -35.875 -173.015625 252.5 -35.203125 -160.046875 262.40625 -8.046875 -187.9290232268729 257.1654191989273 -38.19646904858248 -181.00822525067008 266.00631309546753 -8.28912534969592 -207.63203235922163 261.33759306690126 -41.649894072070325 -203.9769798106888 270.8344095319775 -8.383228495261363 -223.09375 273.96875 -7.265625 -219.9156287489615 262.23749500049036 24.349756130554958 -242.60779841404562 261.1767414652809 25.914675696063927 -242.7489049636031 239.9416696266798 40.444902691705586 -175.78125 255.34375 17.15625 -172.9375 232.171875 29.9375 -197.44726923521557 243.37701973850153 36.20812115262773 -196.60353701894763 221.68937739879098 37.706071754125276 -218.1083036646623 218.78538126056884 42.08538891241738 -217.453125 190.109375 28.703125 -242.76412042249527 186.41085412218527 31.37983584878019 -246.4015242180646 218.49339039075522 -60.75938050072404 -223.13137047773236 218.87041641380603 -58.32639153349816 -247.4014981767916 245.33723310848654 -62.72687912907689 -225.64699574684047 244.46427454358346 -59.4959020110056 -245.48024879392077 264.66455972373075 -46.007134280239015 -225.178851829118 263.3689731858673 -43.306572735469466 -243.51286452249295 274.55336694485334 -8.022215240365286 -207.5689938740317 243.37021701385936 -55.9797395962233 -191.63164798265268 239.838561617045 -51.479511945404184 -175.15625 231.234375 -45.875 -240.60654770964766 182.11575794154567 -5.651543469015355 -216.859375 185.75 -7.328125 -242.27710839617768 194.83630670372375 -43.22911806178838 -220.125 196.765625 -42.484375 -196.57174405602368 194.20634637633935 23.687812772703225 -197.33621182766643 190.28757571489385 -8.70321528409035 -201.19445865502908 199.36877896515858 -40.87435683779345 -204.75648474101968 220.83889680770534 -55.200549940568656 -167.34375 205.4375 -33.03125 -159.1875 200.703125 -8.078125 -186.22579179005396 203.00922017011007 -38.701600963923376 -181.17998223008556 194.94381763567014 -8.342819833116561 -242.09274257718738 214.4258711954704 44.084327774640435 -199.30616959025602 260.33149740738145 22.069055607396095 -218.7911269368619 243.04856773480552 39.25420635118847 -175.53125 199.78125 17.515625 -190.1004180696362 222.94781035967378 -50.137326998863394 -233.46598482130267 227.55328603623275 -5.992861480902253 15.53125 90.390625 45.953125 17.65625 78.484375 48.078125 71.234375 89.421875 3.5 65.78125 88.984375 19.578125 59.75 102.9375 20.0625 50.265625 88.984375 32.625 44.890625 103.453125 34.109375 31.0625 89.6875 43.1875 25.828125 103.09375 43.5 35.328125 78.484375 45.984375 50.265625 89.515625 -28.828125 65.78125 89.84375 -15.234375 36.90625 66.03125 45.984375 19.09375 63.90625 48.015625 30.25 62.953125 -55.546875 55.3125 65.78125 -44 29 75.40625 -49 53.46875 76.4375 -37.078125 71.109375 67.5 -22.734375 69.140625 78.484375 -19.34375 76.65625 68.859375 3.09375 74.640625 78.484375 3.5 71.109375 68.859375 20.828125 69.140625 78.484375 21.109375 55.3125 68.859375 36.546875 53.46875 78.484375 36.296875 18.4375 52.90625 50.8125 4.974116510045005 32.07804954007865 -4.0238552089170225 8.34375 42.390625 10.78125 12.56710696916272 35.03153853900193 8.867133808211825 23.375 43.25 20.890625 24.691626808636283 37.12586977103639 16.789590051755354 39.21875 44.328125 22.84375 38.94139906866656 38.20467788302507 20.46214816920277 56.0625 43.296875 20.890625 54.98849874286378 37.205447153559234 16.77541743435166 69.75 42.359375 9.078125 67.27035243839339 35.01853592300181 6.369756189324153 78.59375 41.6875 -9.21875 75.7867616604731 32.33144418262728 -7.30171056984755 68.375 42.109375 -30.3125 66.36594282417448 31.659117563225692 -28.661537214564504 54.328125 38.03125 -43.75 52.58523366049694 33.64283194087275 -41.92782284988083 36.21875 38.796875 -49.359375 36.35111262131882 34.42330370458926 -48.006726092251576 22.015625 38.03125 -43.59375 23.63214617887947 33.188318976745435 -42.257335814907464 10.928391268027575 31.5158349776148 -27.44544479893963 56.078125 45.78125 -43.65625 36.09375 46.53125 -48.78125 20.421875 46.203125 -43 7.46875 40.765625 -29.640625 1.0625 40.890625 -7.125 39.640625 53.0625 21.265625 11.1875 53.109375 10.0625 30.34375 49.171875 -57.25 30.203125 41.4375 -62.75 37.90625 55 48.6875 17.640625 44.578125 56.140625 38.09375 46.90625 53.78125 72.734375 53.078125 -9.0625 64 54.125 -29.0625 81.421875 52.640625 2.953125 75.375 51.265625 -23.203125 84.96875 43.515625 3.5625 78.5 42.625 -25.03125 58.140625 50.234375 -45.15625 60.09375 42.4375 -49.3125 75.375 54.6875 22.234375 78.5 46.046875 24.328125 58.140625 56.40625 38.734375 60.09375 48.59375 42.6875 5.84375 55.046875 -8.03125 11.25 54.1875 -27.21875 65.53125 53.078125 9.359375 31.21875 74.421875 23.875 42.5 74.171875 23.90625 60.21875 72.6875 12.390625 66.75 74.25 -5.0625 57.734375 73.8125 -23.46875 15.84375 73.96875 -22.359375 36.71875 54.640625 -42.625 35.71875 72.859375 -35.84375 14.109375 74.734375 12.53125 10.140625 74.5 -4.46875 49.78616906619463 293.07922242044845 70.25022927279639 47.80216033691476 292.0638199019709 63.62508547293357 56.05220678531886 285.68895622891625 69.0314253449397 53.47463156738975 283.64240933344115 59.609328651665244 61.08401408709596 273.376664487895 69.71857629215802 57.8971237892832 271.62703753750736 58.74958962170008 61.47505332727499 263.9078935347194 70.54626609980777 59.94436659017906 261.59577257440077 61.10858185841497 59.006631426987994 257.0327737045414 70.5770681756611 58.97580611960708 255.0799783011435 63.67072306384415 60.75674603477069 253.84531940128738 71.3738742624338 61.56953740183543 252.2049460916588 66.93633457367515 63.631688354009015 254.07978578102603 72.34277331855361 64.28809789337775 253.28306359220494 69.81151658303847 67.11584761812787 257.4705246242952 73.45247789224665 64.77258599795175 251.8612567599863 68.87397164297809 64.85071399966516 250.57995208043536 70.0926639643349 61.03851362419754 247.23615865065773 67.1860709121068 59.866473102551836 246.17338599328548 71.70158878945068 50.710280042571185 247.282432168809 69.40432804071779 50.74107089590582 249.2351931148571 77.02942315088298 45.06889253530923 255.375537211471 77.21694562155919 50.97466089398096 259.75054842393564 82.88931347481463 48.34906913937853 270.5941006498221 84.38970746478424 56.81789775475252 272.8290673927544 80.51522056397604 52.7393030859854 284.6883457444771 78.45309358909891 -45.36949423427003 290.2313609849422 60.85490633484558 -47.822839443330714 292.0592357960558 63.620501367013226 -53.49411818678679 283.6372814267263 59.60420074494454 -56.07279295700818 285.6835811400198 69.02605025603704 -61.10348563210659 273.37080701922577 69.71271882348202 -56.83835198405558 272.8236188982403 80.50977206945569 -57.040966867151596 262.65175665632205 80.04052471002184 -50.994088871686024 259.7456602090334 82.88442525990675 -53.66553540652052 253.12064300172423 80.57147958825696 -50.75892887083838 249.2303273710623 77.02455740708255 -59.071352447097695 247.8080621264927 76.85221575747954 -59.8835266222523 246.16764537437484 71.69584817053345 -64.54001406275286 250.0579962154811 72.75831146528267 -64.86803570222993 250.57373357597345 70.08644545986583 -67.13415207335402 257.46408889912817 73.4460421670722 -64.7899137043024 251.85504574589353 68.86776062887819 -64.30565181110269 253.27689901840083 69.80535200922728 -61.555227115754505 249.33976681588575 64.88342009373284 -61.586712315140836 252.19904218270085 66.93043066471041 -56.96137976810206 251.93395875233284 60.25876466134229 -58.99294360929051 255.07432307244108 63.66506783513523 -59.961883134265996 261.59002446512096 61.102833749128585 -59.024618301765976 257.0271154796913 70.57140995080452 -61.493696390132165 263.90199861420444 70.54037117928603 -56.14991191159648 255.90190573527968 77.82149382627794 227.75307944670843 186.85395402913755 -5.456791295741039 247.9419255481688 195.62320740157378 -41.455152734453634 229.25403713782202 198.29321260733187 -39.19052740784874 250.47210292569508 217.88988583534183 -58.45393260739003 232.97173532707168 219.52869228413815 -54.923660055651204 251.42286110737774 244.23381765087066 -60.37448727271013 233.86019613328278 243.62261073120544 -56.688076348833356 249.71706100719308 262.23287949113933 -44.15497725494078 232.138904009562 260.9811037821804 -41.67172297932914 248.97961475948105 270.9185206651467 -6.826480240804596 231.3860093200963 269.85439779443664 -7.561967910591754 248.46310311641986 259.13563557165054 26.266673799898065 229.54155170211104 257.85276338253493 22.90609550281726 248.46414523928954 239.35373247871047 39.89072552829398 230.8550909551097 238.7116546739311 35.57713214914145 247.43509856041368 213.7440933876998 43.373810677213335 230.37242169037467 216.32066279210153 42.27915458461553 248.5318819753968 189.04163192059949 31.685192551653415 225.79758432298848 190.71155088336292 27.793275741599317 246.14387753699012 184.27750679456716 -4.299555054207775 -0.00757180303004057 250.40604874068129 47.54267152450898 14.55476036760118 254.6880342868873 46.762324864823725 -0.007320182428088598 259.92238159262916 32.777502721922446 24.78886342518936 261.5479568198364 45.57564431393744 21.257892769385382 270.532872637881 30.76340576186072 32.58529570652645 270.5014420853697 45.85769728086358 30.4761401044651 284.4709800827229 27.311390842503698 41.209699392422046 289.9709425917732 38.827794065394265 37.69412305052039 297.59618827821424 30.18736608195943 42.50605453907954 299.47094031974154 40.17206164681402 40.28710525870603 310.6117937664477 33.18811436294263 43.81785716449119 310.7052194095853 43.48516311584381 39.192754512428955 321.48666190715176 34.84483325624467 43.660956233135906 321.5488308065513 46.22005045080932 36.94222717988462 330.4083293986465 36.923278090231214 40.48849847304488 331.2516861253249 48.673488542601795 36.06617704621825 338.298240516124 50.939239375596536 42.396430885503825 296.31428507885 48.51565507892429 44.349134897995995 305.9862963833872 47.62558736443532 44.426871141230656 311.43929777365975 50.28210251739866 44.61412173093372 309.8139794210141 57.11015859031094 44.80102397182732 321.9702234000632 57.42325032875504 46.08227325815986 313.641759835343 65.76666249393213 45.44125874119018 321.89173509845193 65.64202727519658 44.12852806044276 320.03197732952947 72.31375020537035 42.12834078196755 327.172661494468 69.07962164594794 39.94058914068251 323.2502419325668 78.25120375143656 36.487082133113155 328.68745503311516 80.78254887330746 167.34375 205.4375 -33.03125 190.0993133955338 222.96399428324938 -50.12413592549486 175.15625 231.234375 -45.875 191.63611662729318 239.8548921682687 -51.458080444704 173.015625 252.5 -35.203125 187.92299095166254 257.18139426112725 -38.17915073952754 160.046875 262.40625 -8.046875 180.99695605365264 266.0216247569895 -8.277313549737688 175.78125 255.34375 17.15625 199.2889303586707 260.34856266216786 22.08575756328926 197.43388401787 243.39390803810653 36.21505563046259 218.7772354556442 243.06750057157754 39.28202828135674 218.10657152448675 218.81951507161367 42.106659224057985 242.07561301306026 214.446678094358 44.10789595465383 242.75089490535638 186.4317255777357 31.403468585456505 -49.80758070493031 293.07444805915713 70.24545491149962 -52.76069667156647 284.6832882472322 78.44803609184824 -48.369680638353415 270.589464111323 84.38507092627984 -45.087357257503896 255.3712152684759 77.21262367855913 -50.727219724316654 247.27756942116184 69.39946529306502 -61.05523609522045 247.23030567620995 67.18021793765229 42.25363512801588 329.5793272240668 60.5328680095695 35.83123581068625 336.4069473480505 64.64226247508523 25.440751609194088 344.57885681049834 53.532781137373135 22.893237725663408 342.7342573720085 68.70444562313381 9.1586342997107 345.38974783762546 70.81328955111334 8.658107018945795 342.17029221957364 85.03186124765182 -0.013784439722140149 342.29486601677945 85.25020152395655 -0.014036832880767881 337.90377809986603 94.90624102239275 -8.685642941196765 342.1694607885988 85.03102981667607 -8.185877359839377 337.856543563799 94.23397203051942 217.453125 190.109375 28.703125 196.58410640200944 221.70618307530094 37.7240796178157 172.9375 232.171875 29.9375 160.82875378236608 251.9397206910889 12.553257653710187 153.67461057604754 251.34534286764716 12.068773002651382 138.60642760242132 255.87506068651425 13.23767539715858 134.73146438160606 236.10800399701873 24.359551494224057 45.34925555725043 290.23570989326623 60.85925524317459 47.25625310729376 279.0485125400166 56.45256032537359 50.24122809670602 268.9393959865151 54.04596877007063 54.022892334766574 258.23635340043376 56.108136941978024 56.94486997013151 251.93941923143757 60.264225140453284 47.33544105322623 254.31401849410284 59.01387833923409 53.55425398195052 248.45472364406956 63.56077055663434 44.30379409317824 253.54781446953717 68.06057130247324 -53.57074577186695 248.44958824698563 63.555635159544494 -47.35205872917369 254.3094793304026 59.009339175528645 -54.039607416896445 258.23117306113494 56.10295660267327 -44.07135930818279 266.43466731227466 58.36945272739847 -50.25877167233628 268.93457818108277 54.04115096463278 -42.00940837755571 276.6378312358728 59.62004071850365 -47.274996675465246 279.0439808666855 56.4480286520373 -41.713216514410185 286.9189051794491 63.58929780737407 133.53218911879028 216.81722438885373 -40.39817248415133 146.24812111483578 231.22498060303616 -43.60681157469795 145.72961831535127 253.6457628078727 -32.71619184306821 153.67701074566875 252.31859922404198 -34.931572768758095 165.140625 252.390625 -35.875 166.421875 230.65625 -45.828125 155.515625 205.4375 -29.5625 -42.27761467772398 329.5752749343608 60.52881571985887 -44.82397582220666 321.9659269243232 57.41895385301009 -40.51150134081011 331.24780311796155 48.66960553523398 -43.6827935661406 321.54464369020076 46.215863334453964 -36.96402265027242 330.4047864540422 36.919735145622845 -39.213495307386694 321.48290323991614 34.84107458900475 -27.807067099009053 327.49954169540644 25.107534787535187 -30.64985005260322 310.18704249080196 22.247193536486773 -19.369266016978564 326.8439658430642 19.482907820845682 -18.13390226035178 309.8441988409444 15.857152050929852 -0.009705307207807498 326.40755869682715 16.046314912449553 -0.00877647033834114 309.9545738112573 13.123651183293585 150.95487628817344 232.14087359947342 23.414509281227904 145.69563185283917 203.9074552460907 8.263637731758278 160.637310861507 229.78229324254534 24.644152450465604 157.98226803454267 203.95526137911918 10.629916285384006 175.53125 199.78125 17.515625 196.5677008985011 194.22315029926938 23.705518970060865 57.02153287072291 262.6572246257959 80.04599267950199 53.64696434686606 253.12578738725114 80.57662397378981 59.053647281440824 247.81372484556425 76.8578784765576 64.52248564065034 250.0641832603926 72.76449851020132 -3.748175842014327 327.68459516784174 100.20244712025544 -9.732613757775804 330.6062604344892 98.59292531271842 -7.4826721922065556 332.1688847718159 98.2493580785156 -17.341932578499343 333.4967154058024 94.53019911290588 -20.201203477090694 337.0437274845484 88.81148208367212 -22.9192621690555 342.73206119577605 68.70224944689878 -9.185115658133773 345.38886846828814 70.81241018177502 -25.465498273818945 344.5764164482317 53.53034077510378 -13.184483498843274 346.85812934176954 56.156038871476035 -44.32120570315384 253.5435659321597 68.05632276509085 -39.99372416148344 265.8405944538811 69.18211973778251 -39.759784374049694 275.07498815894064 69.02632365451163 -40.16658119081802 285.29366173096173 70.21429404696477 240.59728540232456 182.1364234751211 -5.643742403354475 216.859375 185.75 -7.328125 197.3189437750198 190.30445118948722 -8.681937727700195 181.17577468289124 194.9747710275184 -8.330082743809209 201.19283358444474 199.38602531051907 -40.8483586314919 186.22757776182553 203.02503178855773 -38.67779472489916 204.7516384762555 220.85648411394695 -55.17126218761332 -44.635878063962046 309.80970092216 57.105880091451944 -44.4481286545269 311.4350372516916 50.27784199542564 -43.83839263406716 310.70101731249645 43.48096101875016 -44.36961489812064 305.9820433517882 47.62133433283144 -42.525195265511286 299.46686406085433 40.16798538792211 -42.416068919589705 296.31021930647955 48.51158930654919 -41.22780041812944 289.9669906730137 38.82384214663026 -37.46282255029436 287.06013467112626 55.23013330595777 -36.415284650758416 279.21672176951677 49.245432488652746 -35.82332708190944 294.5281917578311 71.32431995749403 -35.74555037969357 297.16859877139177 75.94945027928844 -32.54307479534409 302.4808575503729 84.18423348548359 -38.82400045334767 300.27765017186056 79.62132676892384 -38.058684071601604 306.3870461300995 79.94978134441207 -40.83952733669362 301.82460082929265 76.02755430607503 -43.121038020858215 309.887117295608 73.40283145576565 -42.792480066570086 302.8247274247898 71.43375862538001 -45.042566972806156 308.76231730505356 67.30893540757124 -42.464026251717286 301.9187785533928 65.480605924695 56.131337830371486 255.90728831454533 77.82687640554978 58.72531330007005 250.1729882290456 78.85797584676025 63.86607610128161 250.8609054492137 75.29575524571648 -30.794611889542722 332.9652407160932 85.76390374501108 -36.51291769912652 328.6839555326519 80.77904937284018 -35.85626402456967 336.403510766688 64.6388258937188 -42.152909024346826 327.1686211893526 69.07558134082795 -45.464991049899375 321.8873772016849 65.63766937842459 -46.10522652998528 313.63734051754903 65.76224317613311 -43.66723365759157 305.95008173106345 63.16824150569072 -41.134916156645254 266.7150146721274 80.13523197898367 -40.619736114842496 277.68387026500193 78.44828252499369 -42.151322452345795 286.2932482450261 76.85487184237833 -0.010339749122205413 334.68857122171073 20.99983689063138 -17.073173771828547 336.31249708676074 26.34284682987879 -28.886381561836146 338.7488397907953 38.67052237939849 -36.09007278796044 338.2947814636541 50.93578032312265 30.631399806567156 310.1899802135796 22.25013125926775 27.786682773231693 327.50220676874727 25.11019986087907 28.86361830544935 338.7516082312303 38.673290819836666 -39.96566067568601 323.2464113577874 78.2473731766528 -41.262243539045016 318.1838986381644 77.21581832099857 -44.152721736679275 320.02774527096403 72.30951814680012 -44.0744296934041 316.49649677704565 72.35622760953437 -39.79189883080167 298.93464101019583 63.19934094919936 8.15787260260127 337.8573270564113 94.2347555231326 7.454827773465775 332.1696008511059 98.25007415780641 6.220338918023535 334.37265843232547 98.42199559770003 3.0953089730645926 332.6536462679694 100.7655133908703 -0.014064518771507814 331.99721724821876 101.39033287153752 -3.123441012644181 332.65334815127756 100.7652152741781 246.39405670528814 218.5146108646992 -60.73539874565375 247.40726911974062 245.37417581477854 -62.70279992218583 223.12818846018178 218.88976677825508 -58.30785942084218 225.64769759228605 244.49949179704578 -59.479470054294836 207.56630694575458 243.40370084742486 -55.96658837604566 245.48256515196655 264.68569306133315 -45.98324019112285 225.16887783223544 263.38851842595506 -43.276847883898576 207.62881835977277 261.35545798610826 -41.63619596590134 243.4949659226394 274.57430996351627 -7.998510940576503 223.09375 273.96875 -7.265625 203.96600758828484 270.8519222852941 -8.357467970786958 15.523527465929947 282.20504200985386 18.888690423177597 26.272757404778 296.00232369998366 21.155492154963845 16.913631845057896 295.68960948738345 16.264403512352494 18.116097656342586 309.8459366065854 15.858889816572859 19.349442698987076 326.84578075753245 20.344138932346343 242.27022686827857 194.87275677025963 -43.20553096504157 59.5846703100059 252.79813728652942 76.60814288716287 63.36596374574452 252.2827122814682 76.21767443677584 41.69303329391503 286.9229035384973 63.59329616642681 41.99059142940501 276.6418580583237 59.62406754095917 44.05364048929832 266.4388918804709 58.37367729559956 41.237756271362834 318.18785355307153 77.21977323591024 44.05057010407702 316.5007213452419 72.36045217773547 43.097711781003625 309.89125048130074 73.40696464146312 45.019932820222415 308.76663475382713 67.31325285634982 42.77001973679988 302.82882915093205 71.43786035152702 42.4422235531608 301.9228488199847 65.48467619129158 40.145918624616904 285.2975117807009 70.21814409670833 42.12992735396859 286.2972885501415 76.85891214749832 39.740215443252424 275.0787992587602 69.03013475433559 40.59901369850978 277.68776375888206 78.4521760188783 39.975025654741444 265.84442802480817 69.18595330871393 41.11508365433713 266.7189576024439 80.13917490930469 -63.88392360513783 250.854781323403 75.28963111989871 -63.384035962972995 252.27663609401998 76.21159824932064 -58.74343642997658 250.1673569695244 78.85234458723262 -59.6028294160909 252.7924236329477 76.60242923357458 -32.60220414366704 270.49831710336355 45.85457229885383 -30.492609755423434 284.4680573406836 27.30846810046102 -37.71212677618952 297.59257342606617 30.18375122980721 -26.289742474428824 295.9998039398042 21.152972394781486 -23.74802452715039 334.05909332036185 90.67054398196879 -57.91537594456964 271.62148567589907 58.74403776008545 159.1875 200.703125 -8.078125 46.770491693684725 282.0628723502032 82.35893160981885 48.23905514596933 291.43820566268795 76.87507645404098 135.82325893762675 204.7381353957088 -28.092319790223403 142.78016187024338 206.73887654030744 -28.983575780222925 138.087461071693 202.7817638490573 7.995867728193446 154.05147123889915 230.632105099299 -45.0571196271813 -63.30591396504548 253.55794826394012 74.99291341833296 -63.64956135348765 254.07368412632272 72.3366716638433 -60.77450368593997 253.83949339216852 71.36804825330823 242.7296779584176 239.96253933572035 40.468533681871996 242.58792709900644 261.21322261458363 25.93829387557761 -24.804886460839914 261.5455793766706 45.57326687076894 -21.27335713287412 270.5308337594005 30.76136688337785 -0.007362172159430046 269.8603160320275 23.715479130226303 -15.53897246268574 282.20355292446834 18.887201337790398 -0.007610149663352351 282.51692480882264 16.231710867326576 -0.008139756213486395 296.18892562163603 13.60736628065901 30.767887968981327 332.96819192153527 85.76685495045652 20.17379643012406 337.0456629959348 88.8134175950607 -40.30664455608256 310.60793023404415 33.18425083053461 -0.011028861574762018 341.5475859019192 28.515790700565166 -17.183713509004498 345.20237823726757 41.749517753219685 -48.260944632265314 291.4335796107057 76.87045040205338 -46.79200809130055 282.05838711716075 82.3544463767713 13.159266440616507 346.85939221800686 56.157301747714875 -0.013268396055001368 346.2174451362187 70.56288956597515 -0.011936674133970161 346.6250464626557 42.37540910571225 17.3143173418576 333.4983767696781 94.53186047678355 23.720725363762316 334.06136889450727 90.67281955611682 141.32477037354982 262.47112556231906 -8.234377926544601 220.125 196.765625 -42.484375 61.53852260136539 249.34566772869604 64.88932100654992 219.90187348113668 262.2565366315546 24.36778872877588 63.28783574403113 253.5640169610192 74.99898211541901 17.05182614974925 336.3141329833814 26.344482726501344 17.160036412070593 345.20402462040505 41.751164136359044 -45.99535033688979 289.3398071381263 79.60483363517575 233.4680229597364 227.57326747221188 -5.970119293410699 -6.248411053322198 334.3720607008679 98.42139786624179 -16.24261807874617 295.68802003105145 16.262814056018676 45.97339945175805 289.3442159694034 79.60924246645796 36.39721518191215 279.2202122815371 49.24892300067706 37.443369601327234 287.7512008331099 55.74938214536798 40.816722475653236 301.82851529620643 76.03146877299328 38.035065753528364 306.3906939398719 79.95342915418856 40.73800721434894 312.4221791286649 77.75072287088672 -40.761992598357004 312.41827215212027 77.74681589433762 32.51942505513665 302.48397654008375 84.18735247519803 38.80100461127039 300.2813766307602 79.51567298456935 35.80154991732516 294.53150249510315 73.89025353682395 35.7230758708991 297.17190126922185 78.53100136821332 -14.570239565467046 254.68663808207918 46.760928660014 3.7205741408218387 327.6849532074867 100.20280515990086 9.704886197555139 330.60719223641047 98.5938571146408 43.64526614175674 305.95426734934017 63.172427123972234 39.77060098635682 298.9384551061631 63.203155045170995 -0.013787365274601424 326.966003215277 100.64009168337469 38.676828535429685 295.3288321738677 67.28105457568785 39.317795838333154 292.95409135704995 62.51534644354225 -38.69817128675586 295.3251229430684 67.27734534488434 -39.338453980907964 292.95032070522376 62.511575791711685 65.74597774913391 193.75910053463042 30.12782725995527 60.635207044318385 199.74002510804274 53.26122775246453 65.33750988206941 219.0958740163967 51.056007533234336 42.83700576057858 215.90738280506883 64.75945494206394 43.78957004215974 234.01113629431046 58.352400691358824 20.789192014172325 233.4429847188822 66.80515888011811 18.94524047776841 246.1352390369477 58.31688976856976 33.41382932212298 254.87191662905306 52.942631903675974 48.3349964867034 291.7639053216985 30.81689040554486 44.334948422893 303.793903607012 19.789317235358713 33.78807165579657 312.0004027527607 11.619174342681871 37.1955318554597 300.53651830894626 -2.161688183379608 14.81938178351817 317.3642487246786 5.000147555731764 16.16470905305168 305.0793690481513 -15.616940171196266 -0.008696399010527656 319.0688382884452 2.318229086489183 -0.007094735450218693 306.72708303531505 -18.750909808325883 53.40625 163.140625 8.375 53.25 163.28125 -4.75 48.25 163.203125 -16.90625 50.75 169.84375 -25.828125 34.078125 163.34375 -28.296875 -65.3499898175994 219.08960907164607 51.04974258847653 -60.6460426769668 199.7342110835145 53.25541372792961 -65.75402194866771 193.75279663996028 30.12152336527788 -12.164033354059963 236.8288542080498 65.5114030498159 0.27360630527281443 230.44901354798958 68.978529489313 -24.3356995871886 229.27358279614117 68.71118895600753 -14.89789874706169 217.38440562107797 74.32525737512715 -37.397586707907564 214.90427984175295 70.29513032585255 -24.209943064262035 205.79258949329625 76.41102916209744 -44.70931524866937 200.13322972616422 68.97309755953216 -29.693600283610436 192.97626761035335 74.25409756264027 -48.38375329102853 291.7592687831994 30.81225386704046 -44.35255137329545 303.7896520734869 19.78506570182867 -42.63304666232299 293.13422116529324 14.697217509785121 -33.805678188867134 311.9971624190697 11.615934008987198 -33.69533720833082 298.4911714888201 4.971460221929073 -14.8368681483292 317.3628270526154 4.998725883666925 -16.085516738594507 300.590559061622 -6.419635358158729 -0.007343352686956583 300.25397949769206 -7.091620875460919 46.8125 138.421875 20.578125 35.328125 138.421875 32.5625 24.75 138.421875 40.640625 13.53125 164.578125 50.953125 -0.007075859865755919 214.49902085963296 73.08340530363968 -0.00629202003064127 194.7403185708444 76.4911145161081 -23.896786780588943 193.32464356461838 75.18883385536013 -0.0031074568138453563 280.8706592311765 -76.06959702661457 -0.004749423552827377 296.1973128686609 -57.1446273675595 -18.19374143426197 303.4307682341286 -33.25543210816669 -0.005788753528726629 302.0052882587132 -41.27205469119521 18.181258482145132 303.432511992065 -33.25368835022836 -28.086118464431276 278.64697895334723 28.075442651467466 -0.007848976420234266 275.9513108451287 27.758419521062397 16.070733187507646 300.5921005795915 -6.418093840187476 -37.2107179735483 300.5329513951607 -2.1652550971692612 -16.17904087261958 305.0778185417388 -15.618490677610502 42.61695314176513 293.1383079106973 14.701304255193845 33.679662636835594 298.4944013359942 4.974690069106936 -0.007352434880787226 226.39733983456765 66.95447435634426 -10.319605979480002 215.92571819253902 72.28451237678544 -20.804423154377595 230.62480948440836 66.80873994105652 -42.850494042504124 215.90327508663123 64.7553472236216 -43.80417975654224 234.00693719336928 58.348201590412835 -22.55345663769804 204.0846078512645 73.18720369414142 -39.95898264891036 194.01094791448506 68.1575361727106 0 164.953125 52.390625 0 179.4375 -53.453125 0 195.28125 -68.375 -19.3125 178.96875 -52.1875 -27.328125 194.609375 -66.203125 -0.007731329234004082 237.5805417972597 63.67505409756308 -18.961009435119745 246.1334218733938 58.315072605013754 19.3125 178.96875 -52.1875 27.328125 194.609375 -66.203125 23.507686400842747 262.38490879976086 43.19548990410488 -0.007790611527258195 256.77347253591563 45.71875913456287 -23.523563491075368 262.38265419864905 43.193235302990466 -45.61760042629381 284.87403694336706 26.686296546680893 -13.53125 164.578125 50.953125 -24.75 138.421875 40.640625 39.94726716745816 194.01477848926442 68.16136674749437 22.211716145652236 215.02015965593176 71.68709149067644 23.884514577231172 193.32221732483677 74.12222035739646 45.6011493640776 284.8784098208723 26.69066942419118 -27.45902036039089 190.74045075606347 72.21529856762695 15.75 163.3125 -34.671875 -36.140625 138.421875 35.453125 28.070131406516797 278.6496709920169 28.078134690140296 -34.078125 163.34375 -28.296875 -15.75 163.3125 -34.671875 -33.42992052426429 254.86871224913398 52.939427523753224 -53.25 163.28125 -4.75 -48.25 163.203125 -16.90625 -53.40625 163.140625 8.375 -47.78125 138.421875 20.578125 -0.007912646244480933 242.2729430657422 62.764947438542684 0.00257369083796459 125.21875010926684 -38.90624995242243 0 138.421875 -31.234375 -22.294508741147187 126.29580622488264 -35.657318831834644 -15.390625 138.421875 -31.53125 -41.201070297055374 127.38864987653562 -30.25197517271392 -35.6875 138.421875 -26.53125 -47.765625 138.421875 -16.921875 -52.15625 138.421875 0.828125 52.15625 138.421875 0.828125 47.765625 138.421875 -16.921875 0 163.59375 -35.03125 15.390625 138.421875 -31.53125 34.71875 138.421875 -26.53125 22.299241156372513 126.29794397623584 -35.65518108047898 41.205179513567934 127.39260029722126 -30.248024752023746 -79.171875 34.578125 22.96875 -85.484375 32.625 3.5 -79.171875 32.1875 -24.203125 -61.171875 32.796875 -47.5625 -31.78125 32.015625 -60.53125 0 30.921875 -58.0625 -54.890625 36.125 47.265625 -39.328125 35.78125 52.21875 -19.65625 34.078125 53.75 0 33.5 50.421875 31.78125 32.015625 -60.53125 0 68.453125 -3.8125 -70.546875 36.046875 36.78125 19.65625 34.078125 53.75 39.328125 36.796875 51.484375 61.171875 38.96875 40.71875 61.171875 32.796875 -47.5625 79.171875 32.1875 -24.203125 85.484375 32.625 3.5 79.171875 35.609375 22.96875</float_array>
                    <technique_common>
                        <accessor count="983" source="#pointarray3" stride="3">
                            <param name="X" type="float"/>
                            <param name="Y" type="float"/>
                            <param name="Z" type="float"/>
                        </accessor>
                    </technique_common>
                </source>
                <source id="uvs3">
                    <float_array id="uvarray3" count="2116">0.82220458984375 0.063232421875 0.852294921875 0.0478515625 0.8441162109375 0.0751953125 0.875 0.0438232421875 0.87310791015625 0.0977783203125 0.90185546875 0.0506591796875 0.8870849609375 0.15142822265625 0.91705322265625 0.14154052734375 0.91168212890625 0.20745849609375 0.94097900390625 0.2086181640625 0.90936279296875 0.2823486328125 0.9373779296875 0.282958984375 0.91741943359375 0.14154052734375 0.94134521484375 0.2086181640625 0.94793701171875 0.150390625 0.95721435546875 0.21441650390625 0.98199462890625 0.1619873046875 0.980224609375 0.2216796875 0.99420166015625 0.22686767578125 0.87353515625 0.0977783203125 0.88739013671875 0.15142822265625 0.9022216796875 0.0506591796875 0.9334716796875 0.074951171875 0.82257080078125 0.063232421875 0.81524658203125 0.0081787109375 0.80181884765625 0.04510498046875 0.78460693359375 0.03594970703125 0.79644775390625 0.08966064453125 0.766845703125 0.0660400390625 0.72833251953125 0.07440185546875 0.72833251953125 0.037109375 0.70526123046875 0.06915283203125 0.70819091796875 0.03460693359375 0.68865966796875 0.0208740234375 0.62945556640625 0.065185546875 0.62481689453125 0.03094482421875 0.61712646484375 0.04229736328125 0.6202392578125 0.0164794921875 0.6104736328125 0.0166015625 0.95684814453125 0.21441650390625 0.94757080078125 0.150390625 0.98162841796875 0.1619873046875 0.58819580078125 0.0146484375 0.6011962890625 0.0513916015625 0.606201171875 0.09576416015625 0.67938232421875 0.02593994140625 0.67730712890625 0.01171875 0.65777587890625 0.04412841796875 0.66900634765625 0.0137939453125 0.6571044921875 0.01470947265625 0.788818359375 0.01007080078125 0.77056884765625 0.00994873046875 0.76776123046875 0.0323486328125 0.8382568359375 0.169921875 0.83349609375 0.11907958984375 0.863037109375 0.14697265625 0.93310546875 0.074951171875 0.83294677734375 0.216552734375 0.82257080078125 0.2069091796875 0.81689453125 0.14349365234375 0.9798583984375 0.2216796875 0.99383544921875 0.22686767578125 0.844482421875 0.0751953125 0.8753662109375 0.0438232421875 0.75146484375 0.06890869140625 0.8526611328125 0.0478515625 0.72845458984375 0.07415771484375 0.72845458984375 0.036865234375 0.74859619140625 0.03436279296875 0.68121337890625 0.06353759765625 0.6600341796875 0.08441162109375 0.99383544921875 0.1678466796875 0.99420166015625 0.1678466796875 0.69207763671875 0.0657958984375 0.6243896484375 0.01641845703125 0.89654541015625 0.2005615234375 0.80145263671875 0.04510498046875 0.8155517578125 0.0081787109375 0.7767333984375 0.92559814453125 0.74920654296875 0.89111328125 0.77288818359375 0.84588623046875 0.73748779296875 0.83892822265625 0.76641845703125 0.80657958984375 0.7371826171875 0.77496337890625 0.759033203125 0.76568603515625 0.74212646484375 0.72625732421875 0.7545166015625 0.7218017578125 0.73846435546875 0.6741943359375 0.7513427734375 0.67327880859375 0.74041748046875 0.6253662109375 0.75274658203125 0.62939453125 0.74517822265625 0.57257080078125 0.7601318359375 0.58087158203125 0.74847412109375 0.51983642578125 0.7679443359375 0.532958984375 0.6834716796875 0.87548828125 0.680419921875 0.8021240234375 0.69744873046875 0.88031005859375 0.69146728515625 0.79632568359375 0.71307373046875 0.8272705078125 0.70989990234375 0.787109375 0.72283935546875 0.78076171875 0.71429443359375 0.7288818359375 0.7276611328125 0.72711181640625 0.72430419921875 0.67584228515625 0.7269287109375 0.62298583984375 0.89935302734375 0.281005859375 0.88800048828125 0.3431396484375 0.90997314453125 0.37884521484375 0.893798828125 0.37689208984375 0.8988037109375 0.41705322265625 0.86602783203125 0.38934326171875 0.87310791015625 0.43109130859375 0.82818603515625 0.36016845703125 0.83233642578125 0.39862060546875 0.81414794921875 0.35772705078125 0.81280517578125 0.405517578125 0.78759765625 0.353271484375 0.70074462890625 0.4786376953125 0.7113037109375 0.51629638671875 0.69683837890625 0.55145263671875 0.714111328125 0.55792236328125 0.6973876953125 0.6121826171875 0.710693359375 0.6175537109375 0.702392578125 0.67767333984375 0.711181640625 0.677001953125 0.70550537109375 0.7327880859375 0.8367919921875 0.44769287109375 0.8896484375 0.47088623046875 0.958984375 0.43536376953125 0.9388427734375 0.3863525390625 0.96484375 0.3944091796875 0.97015380859375 0.2894287109375 0.72607421875 0.51373291015625 0.7301025390625 0.5673828125 0.81134033203125 0.29388427734375 0.80718994140625 0.29986572265625 0.80731201171875 0.28436279296875 0.77642822265625 0.29559326171875 0.7735595703125 0.28131103515625 0.7679443359375 0.53271484375 0.74847412109375 0.51959228515625 0.77587890625 0.477294921875 0.75042724609375 0.47003173828125 0.7767333984375 0.41949462890625 0.74920654296875 0.385009765625 0.72607421875 0.51348876953125 0.7113037109375 0.51611328125 0.72802734375 0.468505859375 0.70867919921875 0.470947265625 0.7254638671875 0.38079833984375 0.70611572265625 0.37640380859375 0.8668212890625 0.35662841796875 0.8447265625 0.3341064453125 0.83441162109375 0.2755126953125 0.6883544921875 0.7384033203125 0.8040771484375 0.2542724609375 0.70611572265625 0.8824462890625 0.7254638671875 0.8868408203125 0.70074462890625 0.47845458984375 0.68792724609375 0.54998779296875 0.6883544921875 0.60626220703125 0.68023681640625 0.73822021484375 0.69744873046875 0.374267578125 0.9705810546875 0.2894287109375 0.937744140625 0.282958984375 0.939208984375 0.3863525390625 0.91033935546875 0.37884521484375 0.899169921875 0.41705322265625 0.89410400390625 0.37689208984375 0.8663330078125 0.38934326171875 0.86712646484375 0.35662841796875 0.8284912109375 0.36016845703125 0.84503173828125 0.3341064453125 0.81170654296875 0.29388427734375 0.76617431640625 0.80657958984375 0.7587890625 0.76568603515625 0.7369384765625 0.77496337890625 0.741943359375 0.72625732421875 0.72747802734375 0.72711181640625 0.72412109375 0.67584228515625 0.7109375 0.677001953125 0.7266845703125 0.62298583984375 0.71044921875 0.6175537109375 0.71392822265625 0.55792236328125 0.725830078125 0.51373291015625 0.75433349609375 0.7218017578125 0.7510986328125 0.67327880859375 0.73822021484375 0.6741943359375 0.74017333984375 0.6253662109375 0.74493408203125 0.57257080078125 0.74822998046875 0.51983642578125 0.87353515625 0.43109130859375 0.83270263671875 0.39862060546875 0.8145751953125 0.35772705078125 0.81317138671875 0.40557861328125 0.7879638671875 0.353271484375 0.90972900390625 0.2823486328125 0.8883056640625 0.3431396484375 0.86334228515625 0.14697265625 0.8338623046875 0.11907958984375 0.83856201171875 0.169921875 0.8172607421875 0.14349365234375 0.82293701171875 0.2069091796875 0.804443359375 0.2542724609375 0.80767822265625 0.28436279296875 0.8076171875 0.29986572265625 0.77679443359375 0.29559326171875 0.899658203125 0.281005859375 0.91204833984375 0.20745849609375 0.8968505859375 0.2005615234375 0.775634765625 0.477294921875 0.7764892578125 0.41949462890625 0.750244140625 0.47003173828125 0.74896240234375 0.385009765625 0.727783203125 0.468505859375 0.7252197265625 0.38079833984375 0.7677001953125 0.53271484375 0.74822998046875 0.51959228515625 0.725830078125 0.51348876953125 0.7764892578125 0.92559814453125 0.77264404296875 0.84588623046875 0.74896240234375 0.89111328125 0.73724365234375 0.83892822265625 0.7252197265625 0.8868408203125 0.71282958984375 0.8272705078125 0.833251953125 0.216552734375 0.834716796875 0.2755126953125 0.72259521484375 0.78076171875 0.71405029296875 0.7288818359375 0.7677001953125 0.532958984375 0.75994873046875 0.58087158203125 0.75250244140625 0.62939453125 0.837158203125 0.44769287109375 0.89007568359375 0.47088623046875 0.9593505859375 0.43536376953125 0.9652099609375 0.3944091796875 0.99383544921875 0.31671142578125 0.99420166015625 0.31671142578125 0.77392578125 0.28131103515625 0.32293701171875 0.50872802734375 0.3299560546875 0.51043701171875 0.3272705078125 0.4932861328125 0.3316650390625 0.49298095703125 0.32720947265625 0.4705810546875 0.332275390625 0.4705810546875 0.336669921875 0.51220703125 0.3294677734375 0.54132080078125 0.336669921875 0.546142578125 0.32867431640625 0.57562255859375 0.336669921875 0.57666015625 0.32763671875 0.60528564453125 0.336669921875 0.6068115234375 0.32763671875 0.63409423828125 0.336669921875 0.63409423828125 0.33599853515625 0.4912109375 0.336669921875 0.4705810546875 0.9940185546875 0.6322021484375 0.9940185546875 0.6597900390625 0.97265625 0.63458251953125 0.97076416015625 0.662353515625 0.952392578125 0.63818359375 0.9510498046875 0.66619873046875 0.93499755859375 0.63885498046875 0.9344482421875 0.66986083984375 0.9190673828125 0.64202880859375 0.91925048828125 0.6748046875 0.90838623046875 0.651123046875 0.90789794921875 0.68212890625 0.32244873046875 0.541259765625 0.32073974609375 0.577880859375 0.97021484375 0.7117919921875 0.9940185546875 0.70416259765625 0.31866455078125 0.63409423828125 0.90753173828125 0.809814453125 0.9073486328125 0.77215576171875 0.91839599609375 0.8114013671875 0.9185791015625 0.77215576171875 0.93084716796875 0.8128662109375 0.93304443359375 0.77215576171875 0.94403076171875 0.81170654296875 0.94830322265625 0.7647705078125 0.96453857421875 0.814208984375 0.96832275390625 0.76104736328125 0.9940185546875 0.81927490234375 0.9940185546875 0.76104736328125 0.90789794921875 0.7330322265625 0.9189453125 0.7330322265625 0.934814453125 0.72808837890625 0.95208740234375 0.72198486328125 0.3048095703125 0.57965087890625 0.30328369140625 0.614013671875 0.30242919921875 0.63409423828125 0.307861328125 0.54205322265625 0.31103515625 0.50701904296875 0.322509765625 0.4705810546875 0.31390380859375 0.4705810546875 0.9940185546875 0.86138916015625 0.9652099609375 0.852783203125 0.94500732421875 0.85247802734375 0.93231201171875 0.8536376953125 0.91961669921875 0.85516357421875 0.90582275390625 0.85992431640625 0.9940185546875 0.8929443359375 0.964599609375 0.8914794921875 0.9468994140625 0.89404296875 0.93499755859375 0.89947509765625 0.9193115234375 0.9625244140625 0.9354248046875 0.9586181640625 0.91943359375 0.90570068359375 0.9351806640625 0.89947509765625 0.9197998046875 0.85516357421875 0.9322509765625 0.8536376953125 0.99420166015625 0.81927490234375 0.9647216796875 0.814208984375 0.99420166015625 0.86138916015625 0.96539306640625 0.852783203125 0.99420166015625 0.8929443359375 0.96478271484375 0.8914794921875 0.85162353515625 0.85980224609375 0.85162353515625 0.8929443359375 0.862548828125 0.860107421875 0.87530517578125 0.89923095703125 0.85162353515625 0.94439697265625 0.87408447265625 0.9482421875 0.8880615234375 0.9521484375 0.88983154296875 0.90185546875 0.9019775390625 0.9586181640625 0.90380859375 0.90570068359375 0.9451904296875 0.85247802734375 0.94708251953125 0.89404296875 0.85162353515625 0.9918212890625 0.830810546875 0.9482421875 0.82965087890625 0.89923095703125 0.8406982421875 0.860107421875 0.8304443359375 0.86041259765625 0.91925048828125 0.90570068359375 0.90362548828125 0.90570068359375 0.90264892578125 0.9586181640625 0.91912841796875 0.9625244140625 0.93524169921875 0.9586181640625 0.85162353515625 0.8173828125 0.65863037109375 0.343505859375 0.64044189453125 0.34332275390625 0.65576171875 0.301025390625 0.6365966796875 0.30029296875 0.821044921875 0.8551025390625 0.82257080078125 0.90185546875 0.77923583984375 0.85992431640625 0.7813720703125 0.90570068359375 0.79339599609375 0.85546875 0.7947998046875 0.8984375 0.61517333984375 0.3004150390625 0.61773681640625 0.3428955078125 0.822998046875 0.9537353515625 0.79534912109375 0.954345703125 0.7823486328125 0.9586181640625 0.8170166015625 0.77215576171875 0.81890869140625 0.81365966796875 0.82611083984375 0.77215576171875 0.82757568359375 0.81231689453125 0.8377685546875 0.8148193359375 0.6944580078125 0.349609375 0.6763916015625 0.3447265625 0.69085693359375 0.30902099609375 0.6727294921875 0.30133056640625 0.7777099609375 0.77215576171875 0.7774658203125 0.809814453125 0.79095458984375 0.76678466796875 0.79229736328125 0.80450439453125 0.83660888671875 0.77215576171875 0.85162353515625 0.77215576171875 0.85162353515625 0.7152099609375 0.83544921875 0.7152099609375 0.81683349609375 0.7330322265625 0.82513427734375 0.72283935546875 0.7901611328125 0.7276611328125 0.77716064453125 0.7330322265625 0.7073974609375 0.3126220703125 0.71240234375 0.3590087890625 0.81634521484375 0.65277099609375 0.8167724609375 0.68914794921875 0.82757568359375 0.6541748046875 0.82574462890625 0.6832275390625 0.8385009765625 0.6458740234375 0.83673095703125 0.67578125 0.85162353515625 0.644775390625 0.85162353515625 0.67578125 0.7462158203125 0.36199951171875 0.73046875 0.36090087890625 0.74078369140625 0.31500244140625 0.72564697265625 0.31365966796875 0.78924560546875 0.68304443359375 0.777099609375 0.68212890625 0.78826904296875 0.6536865234375 0.776611328125 0.651123046875 0.31927490234375 0.4407958984375 0.31927490234375 0.3880615234375 0.33233642578125 0.4407958984375 0.33233642578125 0.3880615234375 0.306640625 0.4407958984375 0.306640625 0.3880615234375 0.29254150390625 0.4407958984375 0.29254150390625 0.3880615234375 0.2774658203125 0.4407958984375 0.2774658203125 0.3880615234375 0.262939453125 0.4407958984375 0.262939453125 0.3880615234375 0.686279296875 0.47772216796875 0.67388916015625 0.55010986328125 0.67535400390625 0.60504150390625 0.6663818359375 0.606201171875 0.68115234375 0.67822265625 0.6494140625 0.609375 0.65728759765625 0.6773681640625 0.62701416015625 0.610595703125 0.63116455078125 0.67694091796875 0.60943603515625 0.6788330078125 0.613037109375 0.74005126953125 0.58721923828125 0.74322509765625 0.58709716796875 0.78570556640625 0.6632080078125 0.74005126953125 0.66644287109375 0.797119140625 0.63861083984375 0.77850341796875 0.63958740234375 0.815673828125 0.6151123046875 0.81884765625 0.6158447265625 0.86669921875 0.5870361328125 0.8675537109375 0.58294677734375 0.5308837890625 0.609375 0.5306396484375 0.581787109375 0.5711669921875 0.60650634765625 0.57122802734375 0.583984375 0.60955810546875 0.6070556640625 0.611083984375 0.586181640625 0.67742919921875 0.6270751953125 0.57110595703125 0.64520263671875 0.56707763671875 0.6639404296875 0.55133056640625 0.5870361328125 0.36151123046875 0.6158447265625 0.360595703125 0.58953857421875 0.415771484375 0.61651611328125 0.4183349609375 0.587646484375 0.48370361328125 0.61279296875 0.485107421875 0.58294677734375 0.53070068359375 0.609375 0.5303955078125 0.63958740234375 0.3619384765625 0.63873291015625 0.42071533203125 0.63433837890625 0.48638916015625 0.6302490234375 0.53253173828125 0.6302490234375 0.53271484375 0.686279296875 0.47747802734375 0.67279052734375 0.4837646484375 0.68212890625 0.4185791015625 0.6513671875 0.48858642578125 0.6571044921875 0.419677734375 0.5999755859375 0.6785888671875 0.60211181640625 0.74420166015625 0.6005859375 0.7861328125 0.58782958984375 0.82440185546875 0.636474609375 0.73968505859375 0.61431884765625 0.7803955078125 0.6834716796875 0.369384765625 0.66351318359375 0.36346435546875 0.64691162109375 0.53460693359375 0.29705810546875 0.47100830078125 0.66351318359375 0.86956787109375 0.63958740234375 0.8680419921875 0.64691162109375 0.5347900390625 0.59820556640625 0.5301513671875 0.6024169921875 0.48272705078125 0.67279052734375 0.4840087890625 0.59820556640625 0.5303955078125 0.59716796875 0.57110595703125 0.59912109375 0.61004638671875 0.60638427734375 0.361083984375 0.6041259765625 0.414794921875 0.60638427734375 0.86712646484375 0.60113525390625 0.82464599609375 0.865478515625 0.8148193359375 0.86663818359375 0.77215576171875 0.9185791015625 0.8114013671875 0.90771484375 0.809814453125 0.906005859375 0.85992431640625 0.894775390625 0.809814453125 0.891357421875 0.8616943359375 0.87835693359375 0.81231689453125 0.87451171875 0.86041259765625 0.87982177734375 0.77215576171875 0.9442138671875 0.81170654296875 0.9310302734375 0.8128662109375 0.88079833984375 0.72283935546875 0.8677978515625 0.7152099609375 0.97039794921875 0.7117919921875 0.95172119140625 0.72198486328125 0.968505859375 0.76104736328125 0.948486328125 0.7647705078125 0.93499755859375 0.72808837890625 0.9332275390625 0.77215576171875 0.91912841796875 0.7330322265625 0.91876220703125 0.77215576171875 0.9080810546875 0.7330322265625 0.907470703125 0.77215576171875 0.89459228515625 0.7330322265625 0.89398193359375 0.77215576171875 0.86651611328125 0.67578125 0.99420166015625 0.70416259765625 0.970947265625 0.662353515625 0.99420166015625 0.6597900390625 0.97283935546875 0.63458251953125 0.99420166015625 0.6322021484375 0.88018798828125 0.6832275390625 0.86474609375 0.6458740234375 0.87835693359375 0.6541748046875 0.91943359375 0.6748046875 0.93463134765625 0.66986083984375 0.91925048828125 0.64202880859375 0.9351806640625 0.63885498046875 0.95123291015625 0.66619873046875 0.95257568359375 0.63818359375 0.9080810546875 0.68212890625 0.90753173828125 0.651123046875 0.89447021484375 0.68829345703125 0.89324951171875 0.6602783203125 0.99420166015625 0.76104736328125 0.31427001953125 0.763671875 0.321533203125 0.7755126953125 0.32293701171875 0.7359619140625 0.3284912109375 0.74853515625 0.3316650390625 0.708251953125 0.33447265625 0.720458984375 0.34039306640625 0.6805419921875 0.34112548828125 0.69378662109375 0.35125732421875 0.64593505859375 0.35443115234375 0.65240478515625 0.35504150390625 0.62860107421875 0.35919189453125 0.63189697265625 0.35943603515625 0.6199951171875 0.3607177734375 0.6217041015625 0.36212158203125 0.611328125 0.36187744140625 0.623291015625 0.36309814453125 0.62481689453125 0.37225341796875 0.63824462890625 0.36627197265625 0.641357421875 0.3726806640625 0.67144775390625 0.37628173828125 0.6651611328125 0.38397216796875 0.71380615234375 0.359130859375 0.69964599609375 0.35797119140625 0.72589111328125 0.33648681640625 0.71124267578125 0.32672119140625 0.74853515625 0.3270263671875 0.78436279296875 0.33685302734375 0.69378662109375 0.36053466796875 0.65850830078125 0.3642578125 0.62640380859375 0.361572265625 0.63507080078125 0.18292236328125 0.67864990234375 0.138427734375 0.69287109375 0.18292236328125 0.7022705078125 0.1278076171875 0.70770263671875 0.14849853515625 0.72857666015625 0.1160888671875 0.728515625 0.14166259765625 0.765869140625 0.1209716796875 0.7841796875 0.13275146484375 0.80950927734375 0.1187744140625 0.815673828125 0.12786865234375 0.8526611328125 0.1142578125 0.85296630859375 0.126708984375 0.8887939453125 0.1109619140625 0.88897705078125 0.12579345703125 0.91839599609375 0.10870361328125 0.92120361328125 0.109619140625 0.94549560546875 0.1083984375 0.80523681640625 0.1090087890625 0.83734130859375 0.10565185546875 0.85546875 0.0968017578125 0.85009765625 0.09637451171875 0.890380859375 0.08599853515625 0.86273193359375 0.08599853515625 0.89013671875 0.07757568359375 0.88397216796875 0.08038330078125 0.90771484375 0.06854248046875 0.8946533203125 0.06341552734375 0.9127197265625 0.672607421875 0.4840087890625 0.646728515625 0.5347900390625 0.6636962890625 0.55133056640625 0.64495849609375 0.56707763671875 0.6661376953125 0.606201171875 0.649169921875 0.609375 0.680908203125 0.67822265625 0.65704345703125 0.6773681640625 0.66302490234375 0.74005126953125 0.63623046875 0.73968505859375 0.63836669921875 0.77850341796875 0.61407470703125 0.7803955078125 0.6148681640625 0.81884765625 0.58758544921875 0.82440185546875 0.58685302734375 0.8675537109375 0.09210205078125 0.9156494140625 0.1019287109375 0.94415283203125 0.0848388671875 0.9383544921875 0.073974609375 0.97454833984375 0.053955078125 0.963134765625 0.02642822265625 0.9693603515625 0.0230712890625 0.95751953125 0.0054931640625 0.9578857421875 0.0054931640625 0.94122314453125 0.023193359375 0.95751953125 0.01824951171875 0.9410400390625 0.6156005859375 0.86669921875 0.63934326171875 0.815673828125 0.666259765625 0.797119140625 0.67999267578125 0.73822021484375 0.6881103515625 0.7384033203125 0.70526123046875 0.7327880859375 0.70965576171875 0.787109375 0.3460693359375 0.76336669921875 0.35626220703125 0.734375 0.37347412109375 0.7244873046875 0.36846923828125 0.74603271484375 0.3597412109375 0.77374267578125 0.33856201171875 0.796875 0.7110595703125 0.51629638671875 0.69659423828125 0.55145263671875 0.6971435546875 0.6121826171875 0.6881103515625 0.60626220703125 0.67510986328125 0.60504150390625 0.67364501953125 0.55010986328125 0.68603515625 0.47772216796875 0.09228515625 0.9156494140625 0.09649658203125 0.890380859375 0.10882568359375 0.92120361328125 0.111083984375 0.88897705078125 0.12591552734375 0.91839599609375 0.1268310546875 0.8887939453125 0.146484375 0.90875244140625 0.1461181640625 0.85125732421875 0.16033935546875 0.9066162109375 0.16387939453125 0.85015869140625 0.18304443359375 0.9051513671875 0.18304443359375 0.85052490234375 0.69122314453125 0.79632568359375 0.69720458984375 0.88031005859375 0.68023681640625 0.8021240234375 0.6832275390625 0.87548828125 0.66326904296875 0.86956787109375 0.63934326171875 0.8680419921875 0.01068115234375 0.909423828125 0.01904296875 0.9190673828125 0.01611328125 0.92431640625 0.0308837890625 0.9259033203125 0.03863525390625 0.9404296875 0.0540771484375 0.963134765625 0.02655029296875 0.9693603515625 0.0740966796875 0.97454833984375 0.03778076171875 0.99285888671875 0.36962890625 0.7586669921875 0.3609619140625 0.78631591796875 0.34735107421875 0.80755615234375 0.58685302734375 0.36151123046875 0.58929443359375 0.415771484375 0.6156005859375 0.360595703125 0.61627197265625 0.4183349609375 0.63934326171875 0.3619384765625 0.63848876953125 0.42071533203125 0.6568603515625 0.419677734375 0.63409423828125 0.48638916015625 0.651123046875 0.48858642578125 0.63006591796875 0.53253173828125 0.646728515625 0.53460693359375 0.096923828125 0.85009765625 0.10577392578125 0.85546875 0.1143798828125 0.85296630859375 0.109130859375 0.83734130859375 0.118896484375 0.815673828125 0.1085205078125 0.80523681640625 0.12109375 0.7841796875 0.099853515625 0.77447509765625 0.1075439453125 0.74847412109375 0.0714111328125 0.79931640625 0.06549072265625 0.80810546875 0.056640625 0.82568359375 0.06640625 0.818359375 0.0655517578125 0.83868408203125 0.07171630859375 0.82354736328125 0.075927734375 0.850341796875 0.07818603515625 0.826904296875 0.083984375 0.8465576171875 0.08563232421875 0.8238525390625 0.05706787109375 0.9228515625 0.06353759765625 0.9127197265625 0.0849609375 0.9383544921875 0.08050537109375 0.90771484375 0.08612060546875 0.89013671875 0.086181640625 0.86273193359375 0.08892822265625 0.83721923828125 0.18304443359375 0.93267822265625 0.1585693359375 0.93798828125 0.1298828125 0.94610595703125 0.10980224609375 0.94549560546875 0.14599609375 0.85125732421875 0.1463623046875 0.90875244140625 0.1297607421875 0.94610595703125 0.1282958984375 0.96722412109375 0.06866455078125 0.8946533203125 0.07061767578125 0.87786865234375 0.07769775390625 0.88397216796875 0.07757568359375 0.87225341796875 0.088134765625 0.81390380859375 0.02545166015625 0.868408203125 0.02191162109375 0.83740234375 0.01904296875 0.849365234375 0.01153564453125 0.84002685546875 0.0047607421875 0.86865234375 0.0047607421875 0.83642578125 0.01177978515625 0.84002685546875 0.01318359375 0.81292724609375 0.0220947265625 0.83740234375 0.58270263671875 0.5308837890625 0.58154296875 0.5711669921875 0.609130859375 0.5306396484375 0.60626220703125 0.57122802734375 0.63006591796875 0.53271484375 0.6268310546875 0.57110595703125 0.583740234375 0.60955810546875 0.6068115234375 0.611083984375 0.62677001953125 0.610595703125 0.58599853515625 0.67742919921875 0.60919189453125 0.6788330078125 0.63092041015625 0.67694091796875 0.1654052734375 0.75836181640625 0.15118408203125 0.80419921875 0.16497802734375 0.80316162109375 0.16375732421875 0.85015869140625 0.18292236328125 0.85052490234375 0.18292236328125 0.9051513671875 0.15966796875 0.9066162109375 0.18292236328125 0.93267822265625 0.59796142578125 0.5301513671875 0.58270263671875 0.53070068359375 0.6021728515625 0.48272705078125 0.58740234375 0.48370361328125 0.6038818359375 0.414794921875 0.60614013671875 0.361083984375 0.0704345703125 0.87786865234375 0.07745361328125 0.87225341796875 0.0758056640625 0.850341796875 0.0838623046875 0.8465576171875 0.07806396484375 0.826904296875 0.08551025390625 0.8238525390625 0.11627197265625 0.728515625 0.14178466796875 0.765869140625 0.13287353515625 0.80950927734375 0.1513671875 0.80419921875 0.04254150390625 0.928466796875 0.10205078125 0.94415283203125 0.672607421875 0.4837646484375 0.681884765625 0.4185791015625 0.66326904296875 0.36346435546875 0.34271240234375 0.76312255859375 0.7110595703125 0.51611328125 0.70843505859375 0.47344970703125 0.7005615234375 0.47845458984375 0.70587158203125 0.37640380859375 0.69720458984375 0.374267578125 0.7005615234375 0.4786376953125 0.68768310546875 0.54998779296875 0.60614013671875 0.86712646484375 0.60089111328125 0.82244873046875 0.600341796875 0.7861328125 0.58685302734375 0.78570556640625 0.5870361328125 0.74322509765625 0.1279296875 0.70770263671875 0.18304443359375 0.7022705078125 0.14862060546875 0.72857666015625 0.18304443359375 0.726318359375 0.16552734375 0.75836181640625 0.18304443359375 0.7593994140625 0.18304443359375 0.8048095703125 0.05694580078125 0.9228515625 0.03851318359375 0.9404296875 0.01812744140625 0.9410400390625 0.12799072265625 0.8526611328125 0.18304443359375 0.9554443359375 0.15533447265625 0.967041015625 0.12841796875 0.96722412109375 0.03759765625 0.99285888671875 0.0054931640625 0.970947265625 0.0054931640625 0.9952392578125 0.18292236328125 0.726318359375 0.18292236328125 0.7593994140625 0.18292236328125 0.8048095703125 0.0159912109375 0.92431640625 0.03076171875 0.9259033203125 0.0423583984375 0.928466796875 0.70220947265625 0.67767333984375 0.612548828125 0.485107421875 0.609130859375 0.5303955078125 0.61279296875 0.74005126953125 0.60186767578125 0.74420166015625 0.59979248046875 0.6785888671875 0.59893798828125 0.61004638671875 0.158447265625 0.93798828125 0.15521240234375 0.967041015625 0.18292236328125 0.9554443359375 0.182861328125 0.97418212890625 0.29705810546875 0.47052001953125 0.025634765625 0.868408203125 0.019287109375 0.849365234375 0.1651611328125 0.80316162109375 0.59796142578125 0.5303955078125 0.59698486328125 0.57110595703125 0.107421875 0.74847412109375 0.07159423828125 0.82354736328125 0.0654296875 0.83868408203125 0.069580078125 0.85870361328125 0.68603515625 0.47747802734375 0.6832275390625 0.369384765625 0.0697021484375 0.85870361328125 0.1568603515625 0.985595703125 0.1829833984375 0.97418212890625 0.0565185546875 0.82568359375 0.18304443359375 0.67864990234375 0.1385498046875 0.69287109375 0.15673828125 0.985595703125 0.70587158203125 0.8824462890625 0.01055908203125 0.909423828125 0.0189208984375 0.9190673828125 0.08880615234375 0.83721923828125 0.0880126953125 0.81390380859375 0.0047607421875 0.80902099609375 0.01300048828125 0.81292724609375 0.08526611328125 0.8009033203125 0.08831787109375 0.80218505859375 0.81805419921875 0.107177734375 0.7952880859375 0.12677001953125 0.79998779296875 0.19012451171875 0.77410888671875 0.1796875 0.77264404296875 0.23895263671875 0.75177001953125 0.23712158203125 0.75244140625 0.27862548828125 0.76904296875 0.3128662109375 0.88360595703125 0.517578125 0.8944091796875 0.5433349609375 0.89849853515625 0.52337646484375 0.91156005859375 0.5643310546875 0.91595458984375 0.53216552734375 0.934326171875 0.57781982421875 0.936279296875 0.5391845703125 0.9619140625 0.580810546875 0.958984375 0.53948974609375 0.985595703125 0.5794677734375 0.98089599609375 0.53802490234375 0.837890625 0.0069580078125 0.85809326171875 0.0074462890625 0.8787841796875 0.0072021484375 0.8905029296875 0.0289306640625 0.908935546875 0.00762939453125 0.79962158203125 0.19012451171875 0.794921875 0.12677001953125 0.79608154296875 0.08966064453125 0.817626953125 0.107177734375 0.70208740234375 0.25054931640625 0.7158203125 0.2255859375 0.68939208984375 0.2218017578125 0.7003173828125 0.17987060546875 0.67730712890625 0.1790771484375 0.6937255859375 0.14501953125 0.66796875 0.13323974609375 0.68719482421875 0.10491943359375 0.89434814453125 0.5433349609375 0.91143798828125 0.56439208984375 0.9158935546875 0.5322265625 0.9342041015625 0.577880859375 0.9617919921875 0.58087158203125 0.9588623046875 0.53948974609375 0.9854736328125 0.57952880859375 0.66888427734375 0.9969482421875 0.65570068359375 0.9183349609375 0.6544189453125 0.9969482421875 0.63775634765625 0.9183349609375 0.63568115234375 0.9969482421875 0.621337890625 0.9183349609375 0.621337890625 0.9969482421875 0.60321044921875 0.9969482421875 0.7286376953125 0.2275390625 0.72833251953125 0.17535400390625 0.71295166015625 0.18475341796875 0.72833251953125 0.11065673828125 0.70440673828125 0.1468505859375 0.704345703125 0.10601806640625 0.6986083984375 0.10491943359375 0.99383544921875 0.392333984375 0.99383544921875 0.42962646484375 0.95391845703125 0.4781494140625 0.99383544921875 0.47344970703125 0.9937744140625 0.51629638671875 0.8707275390625 0.491943359375 0.93902587890625 0.51483154296875 0.95428466796875 0.4781494140625 0.99420166015625 0.51629638671875 0.99420166015625 0.47344970703125 0.0281982421875 0.7781982421875 0.0203857421875 0.7691650390625 0.0426025390625 0.76348876953125 0.013427734375 0.75140380859375 0.0438232421875 0.73516845703125 0.01324462890625 0.73516845703125 0.013427734375 0.75146484375 0.98077392578125 0.5380859375 0.9364013671875 0.53912353515625 0.6724853515625 0.2196044921875 0.661865234375 0.1807861328125 0.6475830078125 0.23333740234375 0.62689208984375 0.18536376953125 0.622802734375 0.244384765625 0.59881591796875 0.25958251953125 0.6190185546875 0.28009033203125 0.654296875 0.1468505859375 0.63079833984375 0.11407470703125 0.6029052734375 0.19580078125 0.60723876953125 0.1326904296875 0.7479248046875 0.01171875 0.72845458984375 0.01287841796875 0.99383544921875 0.060302734375 0.99383544921875 0.1121826171875 0.95977783203125 0.05877685546875 0.95733642578125 0.1099853515625 0.68316650390625 0.24853515625 0.672607421875 0.2559814453125 0.63848876953125 0.2838134765625 0.99420166015625 0.060302734375 0.96014404296875 0.05877685546875 0.99420166015625 0.1121826171875 0.95770263671875 0.1099853515625 0.058837890625 0.75897216796875 0.08221435546875 0.73516845703125 0.06298828125 0.73516845703125 0.07501220703125 0.7542724609375 0.058837890625 0.7589111328125 0.03863525390625 0.78125 0.587158203125 0.9969482421875 0.587158203125 0.9183349609375 0.60302734375 0.9969482421875 0.62109375 0.9183349609375 0.62109375 0.9969482421875 0.62957763671875 0.9969482421875 0.76983642578125 0.1080322265625 0.75177001953125 0.17681884765625 0.75274658203125 0.10577392578125 0.72845458984375 0.17510986328125 0.72845458984375 0.11041259765625 0.65362548828125 0.10345458984375 0.99420166015625 0.42962646484375 0.99420166015625 0.392333984375 0.95068359375 0.007568359375 0.63720703125 0.9969482421875 0.63531494140625 0.9183349609375 0.03863525390625 0.78131103515625 0.05645751953125 0.77978515625 0.07501220703125 0.75439453125 0.0281982421875 0.7783203125 0.0426025390625 0.76361083984375 0.0203857421875 0.76922607421875 0.72833251953125 0.01312255859375 0.7088623046875 0.011962890625 0.9085693359375 0.00762939453125 0.9503173828125 0.007568359375 0.68914794921875 0.00628662109375 0.9385986328125 0.51483154296875 0.05645751953125 0.77972412109375 0.0677490234375 0.7689208984375 0.85772705078125 0.0074462890625 0.87841796875 0.0072021484375 0.870361328125 0.491943359375 0.66864013671875 0.9969482421875 0.8375244140625 0.0069580078125 0.89837646484375 0.52337646484375 0.7520751953125 0.27862548828125 0.7686767578125 0.3128662109375 0.88348388671875 0.51763916015625 0.73712158203125 0.2835693359375 0.7130126953125 0.26434326171875 0.728759765625 0.227294921875 0.0677490234375 0.76898193359375 0.9940185546875 0.94439697265625 0.9940185546875 0.9918212890625 0.96661376953125 0.9482421875 0.97137451171875 0.9918212890625 0.94903564453125 0.9521484375 0.94891357421875 0.9918212890625 0.935302734375 0.9918212890625 0.91912841796875 0.9918212890625 0.90167236328125 0.9918212890625 0.67633056640625 0.9183349609375 0.681396484375 0.9969482421875 0.694091796875 0.9183349609375 0.69384765625 0.9969482421875 0.71142578125 0.9969482421875 0.75 0.9969482421875 0.75 0.9183349609375 0.73193359375 0.9969482421875 0.73101806640625 0.9183349609375 0.70965576171875 0.9183349609375 0.99420166015625 0.94439697265625 0.966796875 0.9482421875 0.99420166015625 0.9918212890625 0.9715576171875 0.9918212890625 0.94921875 0.9521484375 0.94964599609375 0.9918212890625 0.93548583984375 0.9918212890625 0.8748779296875 0.9918212890625 0.88690185546875 0.9918212890625 0.693603515625 0.9969482421875 0.69384765625 0.9183349609375 0.711181640625 0.9969482421875 0.708740234375 0.9183349609375 0.7308349609375 0.9183349609375 0.9014892578125 0.9918212890625 0.9193115234375 0.9918212890625 0.99383544921875 0.00848388671875 0.99420166015625 0.00848388671875 0.6004638671875 0.301025390625 0.60150146484375 0.34295654296875 0.749755859375 0.9969482421875 0.731689453125 0.9969482421875 0.749755859375 0.9183349609375 0.83001708984375 0.9918212890625 0.82257080078125 0.9918212890625 0.67608642578125 0.9183349609375 0.68115234375 0.9969482421875 0.7945556640625 0.9918212890625 0.908203125 0.61370849609375 0.91912841796875 0.60296630859375 0.9344482421875 0.60137939453125 0.951171875 0.60357666015625 0.97100830078125 0.60076904296875 0.9940185546875 0.59686279296875 0.81488037109375 0.61553955078125 0.8260498046875 0.6142578125 0.8365478515625 0.60821533203125 0.85162353515625 0.6060791015625 0.7864990234375 0.961669921875 0.803466796875 0.961669921875 0.75640869140625 0.3177490234375 0.76025390625 0.36474609375 0.7879638671875 0.617431640625 0.77685546875 0.61370849609375 0.86669921875 0.60821533203125 0.99420166015625 0.59686279296875 0.97119140625 0.60076904296875 0.95135498046875 0.60357666015625 0.93463134765625 0.60137939453125 0.9193115234375 0.60296630859375 0.90838623046875 0.61370849609375 0.89459228515625 0.625732421875 0.8798828125 0.617919921875</float_array>
                    <technique_common>
                        <accessor count="1058" source="#uvarray3" stride="2">
                            <param name="S" type="float"/>
                            <param name="T" type="float"/>
                        </accessor>
                    </technique_common>
                </source>
                <vertices id="vertices3">
                    <input semantic="POSITION" source="#points3"/>
                </vertices>
                <polylist count="1823" material="Material1">
                    <input offset="0" semantic="VERTEX" source="#vertices3"/>
                    <input offset="1" semantic="TEXCOORD" source="#uvs3" set="0"/>
                    <vcount>3 3 3 3 3 3 3 3 3 3 3 3 3 3 3 3 3 3 3 3 3 3 3 3 3 3 3 3 3 3 3 3 3 3 3 3 3 3 3 3 3 3 3 3 3 3 3 3 3 3 3 3 3 3 3 3 3 3 3 3 3 3 3 3 3 3 3 3 3 3 3 3 3 3 3 3 3 3 3 3 3 3 3 3 3 3 3 3 3 3 3 3 3 3 3 3 3 3 3 3 3 3 3 3 3 3 3 3 3 3 3 3 3 3 3 3 3 3 3 3 3 3 3 3 3 3 3 3 3 3 3 3 3 3 3 3 3 3 3 3 3 3 3 3 3 3 3 3 3 3 3 3 3 3 3 3 3 3 3 3 3 3 3 3 3 3 3 3 3 3 3 3 3 3 3 3 3 3 3 3 3 3 3 3 3 3 3 3 3 3 3 3 3 3 3 3 3 3 3 3 3 3 3 3 3 3 3 3 3 3 3 3 3 3 3 3 3 3 3 3 3 3 3 3 3 3 3 3 3 3 3 3 3 3 3 3 3 3 3 3 3 3 3 3 3 3 3 3 3 3 3 3 3 3 3 3 3 3 3 3 3 3 3 3 3 3 3 3 3 3 3 3 3 3 3 3 3 3 3 3 3 3 3 3 3 3 3 3 3 3 3 3 3 3 3 3 3 3 3 3 3 3 3 3 3 3 3 3 3 3 3 3 3 3 3 3 3 3 3 3 3 3 3 3 3 3 3 3 3 3 3 3 3 3 3 3 3 3 3 3 3 3 3 3 3 3 3 3 3 3 3 3 3 3 3 3 3 3 3 3 3 3 3 3 3 3 3 3 3 3 3 3 3 3 3 3 3 3 3 3 3 3 3 3 3 3 3 3 3 3 3 3 3 3 3 3 3 3 3 3 3 3 3 3 3 3 3 3 3 3 3 3 3 3 3 3 3 3 3 3 3 3 3 3 3 3 3 3 3 3 3 3 3 3 3 3 3 3 3 3 3 3 3 3 3 3 3 3 3 3 3 3 3 3 3 3 3 3 3 3 3 3 3 3 3 3 3 3 3 3 3 3 3 3 3 3 3 3 3 3 3 3 3 3 3 3 3 3 3 3 3 3 3 3 3 3 3 3 3 3 3 3 3 3 3 3 3 3 3 3 3 3 3 3 3 3 3 3 3 3 3 3 3 3 3 3 3 3 3 3 3 3 3 3 3 3 3 3 3 3 3 3 3 3 3 3 3 3 3 3 3 3 3 3 3 3 3 3 3 3 3 3 3 3 3 3 3 3 3 3 3 3 3 3 3 3 3 3 3 3 3 3 3 3 3 3 3 3 3 3 3 3 3 3 3 3 3 3 3 3 3 3 3 3 3 3 3 3 3 3 3 3 3 3 3 3 3 3 3 3 3 3 3 3 3 3 3 3 3 3 3 3 3 3 3 3 3 3 3 3 3 3 3 3 3 3 3 3 3 3 3 3 3 3 3 3 3 3 3 3 3 3 3 3 3 3 3 3 3 3 3 3 3 3 3 3 3 3 3 3 3 3 3 3 3 3 3 3 3 3 3 3 3 3 3 3 3 3 3 3 3 3 3 3 3 3 3 3 3 3 3 3 3 3 3 3 3 3 3 3 3 3 3 3 3 3 3 3 3 3 3 3 3 3 3 3 3 3 3 3 3 3 3 3 3 3 3 3 3 3 3 3 3 3 3 3 3 3 3 3 3 3 3 3 3 3 3 3 3 3 3 3 3 3 3 3 3 3 3 3 3 3 3 3 3 3 3 3 3 3 3 3 3 3 3 3 3 3 3 3 3 3 3 3 3 3 3 3 3 3 3 3 3 3 3 3 3 3 3 3 3 3 3 3 3 3 3 3 3 3 3 3 3 3 3 3 3 3 3 3 3 3 3 3 3 3 3 3 3 3 3 3 3 3 3 3 3 3 3 3 3 3 3 3 3 3 3 3 3 3 3 3 3 3 3 3 3 3 3 3 3 3 3 3 3 3 3 3 3 3 3 3 3 3 3 3 3 3 3 3 3 3 3 3 3 3 3 3 3 3 3 3 3 3 3 3 3 3 3 3 3 3 3 3 3 3 3 3 3 3 3 3 3 3 3 3 3 3 3 3 3 3 3 3 3 3 3 3 3 3 3 3 3 3 3 3 3 3 3 3 3 3 3 3 3 3 3 3 3 3 3 3 3 3 3 3 3 3 3 3 3 3 3 3 3 3 3 3 3 3 3 3 3 3 3 3 3 3 3 3 3 3 3 3 3 3 3 3 3 3 3 3 3 3 3 3 3 3 3 3 3 3 3 3 3 3 3 3 3 3 3 3 3 3 3 3 3 3 3 3 3 3 3 3 3 3 3 3 3 3 3 3 3 3 3 3 3 3 3 3 3 3 3 3 3 3 3 3 3 3 3 3 3 3 3 3 3 3 3 3 3 3 3 3 3 3 3 3 3 3 3 3 3 3 3 3 3 3 3 3 3 3 3 3 3 3 3 3 3 3 3 3 3 3 3 3 3 3 3 3 3 3 3 3 3 3 3 3 3 3 3 3 3 3 3 3 3 3 3 3 3 3 3 3 3 3 3 3 3 3 3 3 3 3 3 3 3 3 3 3 3 3 3 3 3 3 3 3 3 3 3 3 3 3 3 3 3 3 3 3 3 3 3 3 3 3 3 3 3 3 3 3 3 3 3 3 3 3 3 3 3 3 3 3 3 3 3 3 3 3 3 3 3 3 3 3 3 3 3 3 3 3 3 3 3 3 3 3 3 3 3 3 3 3 3 3 3 3 3 3 3 3 3 3 3 3 3 3 3 3 3 3 3 3 3 3 3 3 3 3 3 3 3 3 3 3 3 3 3 3 3 3 3 3 3 3 3 3 3 3 3 3 3 3 3 3 3 3 3 3 3 3 3 3 3 3 3 3 3 3 3 3 3 3 3 3 3 3 3 3 3 3 3 3 3 3 3 3 3 3 3 3 3 3 3 3 3 3 3 3 3 3 3 3 3 3 3 3 3 3 3 3 3 3 3 3 3 3 3 3 3 3 3 3 3 3 3 3 3 3 3 3 3 3 3 3 3 3 3 3 3 3 3 3 3 3 3 3 3 3 3 3 3 3 3 3 3 3 3 3 3 3 3 3 3 3 3 3 3 3 3 3 3 3 3 3 3 3 3 3 3 3 3 3 3 3 3 3 3 3 3 3 3 3 3 3 3 3 3 3 3 3 3 3 3 3 3 3 3 3 3 3 3 3 3 3 3 3 3 3 3 3 3 3 3 3 3 3 3 3 3 3 3 3 3 3 3 3 3 3 3 3 3 3 3 3 3 3 3 3 3 3 3 3 3 3 3 3 3 3 3 3 3 3 3 3 3 3 3 3 3 3 3 3 3 3 3 3 3 3 3 3 3 3 3 3 3 3 3 3 3 3 3 3 3 3 3 3 3 3 3 3 3 3 3 3 3 3 3 3 3 3 3 3 3 3 3 3 3 3 3 3 3 3 3 3 3 3 3 3 3 3 3 3 3 3 3 3 3 3 3 3 3 3 3 3 3 3 3 3 3 3 3 3 3 3 3 3 3 3 3 3 3 3 3 3 3 3 3 3 3 3 3 3 3 3 3 3 3 3 3 3 3 3 3 3 3 3 3 3 3 3 3 3 3 3 3 3 3 3 3 3 3 3 3 3 3 3 3 3 3 3 3 3 3 3 3 3 3 3 3 3 3 3 3 3 3 3 3 3 3 3 3 3 3 3 3 3 3 3 3 3 3 3 3 3 3 3 3 3 3 3 3 3 3 3 3 3 3 3 3 3 3 3 3 3 3 3 3 3 3 3 3 3 3 3 3 3 3 3 3 3 3 3 3 3 3 3 3 3 3 3 3 3 3 3 3 3 3 3 3 3 3 3 3 3 3 3 3 3 3 3 3 3 3 3 3 3 3 3 3 3 3 3 3 3 3 3 3 3 3 3 3 3 3 3 3 3 3 3 3 3 3 3 3 3 3 3 3 3 3 3 3 3 3 3 3 3 3 3 3 3 3 3 3 3 3 3 3 3 3 3 3 3 3 3 3 3 3 3 3 3 3 3 3 3 3 3 3 3 3 3 3</vcount>
                    <p>2 2 1 1 0 0 3 3 1 1 2 2 4 4 3 3 2 2 5 5 3 3 4 4 6 6 5 5 4 4 7 7 5 5 6 6 8 8 7 7 6 6 9 9 7 7 8 8 10 10 9 9 8 8 11 11 9 9 10 10 14 14 13 13 12 12 15 15 13 13 14 14 16 16 15 15 14 14 17 17 15 15 16 16 18 18 17 17 16 16 21 21 20 20 19 19 12 12 20 20 21 21 22 22 12 12 21 21 14 14 12 12 22 22 25 25 24 24 23 23 26 26 24 24 25 25 27 27 26 26 25 25 28 28 26 26 27 27 31 31 30 30 29 29 32 32 30 30 31 31 33 33 32 32 31 31 36 36 35 35 34 34 37 37 35 35 36 36 38 38 37 37 36 36 39 39 9 9 11 11 40 40 9 9 39 39 41 41 40 40 39 39 36 36 43 43 42 42 44 44 43 43 36 36 34 34 44 44 36 36 45 47 37 46 33 45 38 48 37 46 45 47 42 49 38 48 45 47 26 26 46 50 24 24 47 51 46 50 26 26 48 52 47 51 26 26 51 55 50 54 49 53 4 4 50 54 51 55 6 6 4 4 51 55 7 7 52 56 5 5 40 40 52 56 7 7 9 9 40 40 7 7 49 53 54 58 53 57 55 59 54 58 49 53 50 54 55 59 49 53 56 60 41 41 39 39 18 61 41 41 56 60 58 63 19 19 57 62 21 21 19 19 58 63 28 28 48 52 26 26 59 64 48 52 28 28 60 65 57 62 23 23 58 63 57 62 60 65 30 67 59 64 29 66 61 68 59 64 30 67 63 70 33 45 62 69 45 47 33 45 63 70 18 61 64 71 41 41 18 18 16 16 64 72 42 42 38 38 36 36 48 52 59 64 61 68 33 33 31 31 62 73 4 4 2 2 50 54 65 74 33 35 37 37 8 8 6 6 66 75 0 0 42 77 43 76 49 80 67 79 51 78 68 81 67 79 49 80 53 82 68 81 49 80 69 83 68 81 53 82 70 84 69 83 53 82 71 85 69 83 70 84 72 86 71 85 70 84 73 87 71 85 72 86 74 88 73 87 72 86 75 89 73 87 74 88 76 90 75 89 74 88 77 91 75 89 76 90 78 92 77 91 76 90 79 93 77 91 78 92 66 94 79 93 78 92 82 97 81 96 80 95 83 98 81 96 82 97 84 99 83 98 82 97 85 100 83 98 84 99 86 101 85 100 84 99 87 102 85 100 86 101 69 83 87 102 86 101 88 103 87 102 69 83 71 85 88 103 69 83 89 104 88 103 71 85 73 87 89 104 71 85 90 105 89 104 73 87 75 89 90 105 73 87 77 91 90 105 75 89 78 106 8 8 66 75 10 10 8 8 78 106 76 107 10 10 78 106 91 108 10 10 76 107 92 109 91 108 76 107 93 110 91 108 92 109 94 111 93 110 92 109 95 112 93 110 94 111 96 113 95 112 94 111 97 114 95 112 96 113 98 115 97 114 96 113 99 116 97 114 98 115 100 117 99 116 98 115 103 120 102 119 101 118 104 121 102 119 103 120 105 122 104 121 103 120 106 123 104 121 105 122 107 124 106 123 105 122 108 125 106 123 107 124 109 126 108 125 107 124 87 102 108 125 109 126 85 100 87 102 109 126 110 127 97 114 99 116 95 112 97 114 110 127 111 128 95 112 110 127 93 110 95 112 111 128 112 129 93 110 111 128 113 130 93 110 112 129 114 131 113 130 112 129 115 132 113 130 114 131 104 121 116 133 102 119 117 134 116 133 104 121 106 123 117 134 104 121 90 105 117 134 106 123 108 125 90 105 106 123 89 104 90 105 108 125 88 103 89 104 108 125 118 135 98 115 96 113 119 136 98 115 118 135 120 137 119 136 118 135 121 138 119 136 120 137 122 139 121 138 120 137 6 142 79 141 66 140 123 143 79 141 6 142 51 144 123 143 6 142 67 145 123 143 51 144 124 148 102 147 116 146 125 149 102 147 124 148 126 150 125 149 124 148 127 151 125 149 126 150 72 153 96 113 74 152 118 135 96 113 72 153 70 154 118 135 72 153 53 57 118 135 70 154 123 143 116 146 79 141 124 148 116 146 123 143 67 145 124 148 123 143 126 150 124 148 67 145 113 130 91 108 93 110 11 11 91 108 113 130 115 132 11 11 113 130 39 39 11 11 115 132 117 134 79 93 116 133 77 91 79 93 117 134 90 105 77 91 117 134 128 155 85 100 109 126 83 98 85 100 128 155 81 96 83 98 128 155 118 135 129 156 120 137 54 58 129 156 118 135 53 57 54 58 118 135 74 152 92 109 76 107 94 111 92 109 74 152 96 113 94 111 74 152 119 136 100 117 98 115 121 138 100 117 119 136 127 157 84 99 82 97 126 158 84 99 127 157 86 101 68 81 69 83 84 99 68 81 86 101 68 81 126 158 67 79 84 99 126 158 68 81 125 149 101 159 102 147 127 151 101 159 125 149 131 161 103 120 130 160 105 122 103 120 131 161 11 11 10 10 91 108 81 96 128 155 132 162 101 159 127 151 82 163 108 125 87 102 88 103 133 164 15 15 17 17 134 165 15 15 133 164 135 166 134 165 133 164 136 167 134 165 135 166 137 168 136 167 135 166 138 169 136 167 137 168 139 170 138 169 137 168 140 171 138 169 139 170 141 172 140 171 139 170 142 173 140 171 141 172 143 174 142 173 141 172 146 177 145 176 144 175 147 178 145 176 146 177 148 179 147 178 146 177 149 180 147 178 148 179 150 181 149 180 148 179 151 182 149 180 150 181 152 183 151 182 150 181 153 134 151 182 152 183 154 184 153 134 152 183 155 185 153 134 154 184 156 188 140 187 142 186 157 189 140 187 156 188 151 182 157 189 156 188 158 190 157 189 151 182 153 134 158 190 151 182 159 191 158 190 153 134 155 185 159 191 153 134 160 192 139 170 137 168 141 172 139 170 160 192 161 193 141 172 160 192 162 194 141 172 161 193 163 195 162 194 161 193 164 196 162 194 163 195 134 165 13 13 15 15 165 197 13 13 134 165 136 167 165 197 134 165 166 198 165 197 136 167 138 169 166 198 136 167 140 171 166 198 138 169 167 199 19 19 20 20 168 200 19 19 167 199 169 201 168 200 167 199 170 202 168 200 169 201 171 203 170 202 169 201 143 174 172 204 171 203 173 205 172 204 143 174 174 206 173 205 143 174 175 207 173 205 174 206 164 196 175 207 174 206 176 208 165 197 166 198 177 209 165 197 176 208 178 210 177 209 176 208 20 20 177 209 178 210 147 178 142 186 145 176 156 188 142 186 147 178 149 180 156 188 147 178 151 182 156 188 149 180 179 213 167 212 20 211 180 214 167 212 179 213 181 215 180 214 179 213 182 216 180 214 181 215 159 218 20 211 178 217 179 213 20 211 159 218 155 219 179 213 159 218 181 215 179 213 155 219 180 222 169 221 167 220 183 223 169 221 180 222 182 224 183 223 180 222 184 225 183 223 182 224 144 226 171 203 169 201 143 174 171 203 144 226 145 227 143 174 144 226 142 173 143 174 145 227 183 223 144 175 169 221 146 177 144 175 183 223 185 228 146 177 183 223 186 229 146 177 185 228 162 194 143 174 141 172 174 206 143 174 162 194 164 196 174 206 162 194 176 231 159 191 178 230 158 190 159 191 176 231 166 232 158 190 176 231 160 192 188 234 187 233 137 168 188 234 160 192 161 193 187 233 163 195 160 192 187 233 161 193 12 12 177 209 20 20 13 13 177 209 12 12 148 179 186 229 150 181 146 177 186 229 148 179 189 235 137 168 135 166 188 234 137 168 189 235 190 236 135 166 133 164 189 235 135 166 190 236 115 132 56 60 39 39 191 237 56 60 115 132 191 238 17 17 18 18 133 164 17 17 191 238 157 189 166 232 140 187 158 190 166 232 157 189 183 223 184 225 185 228 177 209 13 13 165 197 173 205 175 207 192 239 19 19 168 200 57 62 18 61 56 60 191 237 195 242 194 241 193 240 196 243 194 241 195 242 197 244 196 243 195 242 198 245 196 243 197 244 199 242 198 245 197 244 200 243 198 245 199 242 201 241 200 243 199 242 202 246 200 243 201 241 203 247 202 246 201 241 204 248 202 246 203 247 205 249 204 248 203 247 206 250 204 248 205 249 207 251 206 250 205 249 208 252 206 250 207 251 209 253 208 252 207 251 210 254 208 252 209 253 211 251 210 254 209 253 212 252 210 254 211 251 213 249 212 252 211 251 214 250 212 252 213 249 215 247 214 250 213 249 216 248 214 250 215 247 194 241 216 248 215 247 217 246 216 248 194 241 196 243 217 246 194 241 218 255 217 246 196 243 198 245 218 255 196 243 219 256 218 255 198 245 200 243 219 256 198 245 220 255 219 256 200 243 202 246 220 255 200 243 223 259 222 258 221 257 224 260 222 258 223 259 225 261 224 260 223 259 226 262 224 260 225 261 227 263 226 262 225 261 228 264 226 262 227 263 229 265 228 264 227 263 230 266 228 264 229 265 231 267 230 266 229 265 232 268 230 266 231 267 233 240 201 241 199 242 203 247 201 241 233 240 234 269 203 247 233 240 235 270 203 247 234 269 237 272 224 260 236 271 222 258 224 260 237 272 238 273 211 251 209 253 239 270 211 251 238 273 239 270 213 249 211 251 240 269 213 249 239 270 205 249 235 270 207 251 203 247 235 270 205 249 194 241 240 269 193 240 215 247 240 269 194 241 240 269 215 247 213 249 243 276 242 275 241 274 244 277 242 275 243 276 245 278 244 277 243 276 246 279 244 277 245 278 247 280 246 279 245 278 248 281 246 279 247 280 249 282 248 281 247 280 250 283 248 281 249 282 251 284 250 283 249 282 252 285 250 283 251 284 244 277 253 286 242 275 254 287 253 286 244 277 246 279 254 287 244 277 255 288 254 287 246 279 248 281 255 288 246 279 256 289 255 288 248 281 250 283 256 289 248 281 236 271 256 289 250 283 252 285 236 271 250 283 237 272 236 271 252 285 226 262 236 271 224 260 256 289 236 271 226 262 228 264 256 289 226 262 255 288 256 289 228 264 230 266 255 288 228 264 254 287 255 288 230 266 232 268 254 287 230 266 253 286 254 287 232 268 258 291 235 270 257 290 238 273 235 270 258 291 259 292 238 273 258 291 239 270 238 273 259 292 260 290 239 270 259 292 240 269 239 270 260 290 261 293 240 269 260 290 262 294 240 269 261 293 262 294 193 240 240 269 263 295 193 240 262 294 264 296 263 295 262 294 265 294 263 295 264 296 263 295 195 242 193 240 197 244 195 242 263 295 199 242 197 244 263 295 234 269 257 290 235 270 266 293 257 290 234 269 265 294 266 293 234 269 207 251 238 273 209 253 235 270 238 273 207 251 263 295 233 240 199 242 265 294 233 240 263 295 265 294 234 269 233 240 249 282 267 297 251 284 268 298 267 297 249 282 247 280 268 298 249 282 269 299 268 298 247 280 245 278 269 299 247 280 270 300 269 299 245 278 243 276 270 300 245 278 271 301 270 300 243 276 241 274 271 301 243 276 272 302 271 301 241 274 268 298 273 303 267 297 274 304 273 303 268 298 269 299 274 304 268 298 275 305 274 304 269 299 270 300 275 305 269 299 276 306 275 305 270 300 279 309 278 308 277 307 280 310 278 308 279 309 281 311 280 310 279 309 282 312 280 310 281 311 267 315 283 314 251 313 284 316 283 314 267 315 273 317 284 316 267 315 285 318 284 316 273 317 288 321 287 320 286 319 289 322 287 320 288 321 287 320 291 324 290 323 289 322 291 324 287 320 289 322 292 325 291 324 293 326 292 325 289 322 293 326 294 327 292 325 295 328 294 327 293 326 295 328 277 307 294 327 279 309 277 307 295 328 285 318 296 329 284 316 297 330 296 329 285 318 297 330 282 312 296 329 280 310 282 312 297 330 299 332 290 323 298 331 287 320 290 323 299 332 300 333 287 320 299 332 301 334 287 320 300 333 302 335 301 334 300 333 271 301 276 306 270 300 303 336 276 306 271 301 272 302 303 336 271 301 304 337 303 336 272 302 306 339 304 337 305 338 303 336 304 337 306 339 307 340 303 336 306 339 276 306 303 336 307 340 286 319 301 334 308 341 287 320 301 334 286 319 311 344 310 343 309 342 312 345 310 343 311 344 302 335 312 347 311 346 300 333 312 347 302 335 309 350 304 349 272 348 310 351 304 349 309 350 314 353 312 345 313 352 310 343 312 345 314 353 313 354 300 333 299 332 312 347 300 333 313 354 305 356 310 351 314 355 304 349 310 351 305 356 317 359 316 358 315 357 318 360 316 358 317 359 319 361 318 360 317 359 301 334 318 360 319 361 315 364 321 363 320 362 316 365 321 363 315 364 320 368 241 367 242 366 321 369 241 367 320 368 302 335 318 360 301 334 311 346 318 360 302 335 309 342 316 365 311 344 321 363 316 365 309 342 272 348 321 369 309 350 241 367 321 369 272 348 319 361 317 359 322 370 318 360 311 346 316 358 319 361 308 341 301 334 323 371 308 341 319 361 322 370 323 371 319 361 324 372 323 371 322 370 325 373 324 372 322 370 327 375 315 357 326 374 317 359 315 357 327 375 322 370 317 359 327 375 242 366 328 376 320 368 253 377 328 376 242 366 320 362 326 378 315 364 328 379 326 378 320 362 322 370 327 375 325 373 331 382 330 381 329 380 332 383 330 381 331 382 333 384 332 383 331 382 334 385 332 383 333 384 335 386 334 385 333 384 336 387 334 385 335 386 325 373 336 387 324 372 334 385 336 387 325 373 327 375 334 385 325 373 332 383 334 385 327 375 326 374 332 383 327 375 330 381 332 383 326 374 329 390 338 389 337 388 330 391 338 389 329 390 328 379 330 391 326 378 338 389 330 391 328 379 253 377 338 392 328 376 232 393 338 392 253 377 232 393 337 394 338 392 231 395 337 394 232 393 341 398 340 397 339 396 342 399 340 397 341 398 343 396 342 399 341 398 344 397 342 399 343 396 345 400 344 397 343 396 346 401 344 397 345 400 347 402 346 401 345 400 348 403 346 401 347 402 349 404 348 403 347 402 350 405 348 403 349 404 351 406 350 405 349 404 352 407 350 405 351 406 353 404 352 407 351 406 354 405 352 407 353 404 355 402 354 405 353 404 356 403 354 405 355 402 357 400 356 403 355 402 358 401 356 403 357 400 339 396 358 401 357 400 340 397 358 401 339 396 359 408 103 120 101 118 130 160 103 120 359 408 360 409 130 160 359 408 361 410 130 160 360 409 362 411 361 410 360 409 363 412 361 410 362 411 364 413 363 412 362 411 365 414 363 412 364 413 366 415 365 414 364 413 367 416 365 414 366 415 368 417 367 416 366 415 369 418 367 416 368 417 370 419 369 418 368 417 371 420 369 418 370 419 363 412 128 155 109 126 132 162 128 155 363 412 372 421 132 162 363 412 373 422 132 162 372 421 374 423 373 422 372 421 375 424 373 422 374 423 376 425 375 424 374 423 377 426 375 424 376 425 378 427 377 426 376 425 381 430 380 429 379 428 382 431 380 429 381 430 383 432 382 431 381 430 384 433 382 431 383 432 385 434 384 433 383 432 368 417 384 433 385 434 370 419 368 417 385 434 364 413 386 435 366 415 387 436 386 435 364 413 362 411 387 436 364 413 388 437 387 436 362 411 360 409 388 437 362 411 359 408 388 437 360 409 389 440 377 439 378 438 390 441 377 439 389 440 391 442 390 441 389 440 392 443 390 441 391 442 379 444 392 443 391 442 380 445 392 443 379 444 390 441 393 446 377 439 394 447 393 446 390 441 392 443 394 447 390 441 395 448 394 447 392 443 380 445 395 448 392 443 396 449 395 448 380 445 382 431 396 450 380 429 386 435 396 450 382 431 384 433 386 435 382 431 366 415 386 435 384 433 368 417 366 415 384 433 398 453 397 452 359 451 399 454 397 452 398 453 400 455 399 454 398 453 395 448 399 454 400 455 394 447 395 448 400 455 350 457 385 434 348 456 370 419 385 434 350 457 352 458 370 419 350 457 371 420 370 419 352 458 401 459 371 420 352 458 365 414 372 421 363 412 402 460 372 421 365 414 367 416 402 460 365 414 369 418 402 460 367 416 402 460 374 423 372 421 403 461 374 423 402 460 369 418 403 461 402 460 371 420 403 461 369 418 404 463 398 453 80 462 400 455 398 453 404 463 393 446 400 455 404 463 394 447 400 455 393 446 398 453 82 163 80 462 101 159 82 163 398 453 359 451 101 159 398 453 403 461 376 425 374 423 401 459 376 425 403 461 371 420 401 459 403 461 399 454 405 464 397 452 396 449 405 464 399 454 395 448 396 449 399 454 406 465 339 396 357 400 341 398 339 396 406 465 343 396 341 398 406 465 406 465 345 400 343 396 347 402 345 400 406 465 349 404 347 402 406 465 375 424 404 466 373 422 393 467 404 466 375 424 377 426 393 467 375 424 373 422 81 96 132 162 80 95 81 96 373 422 404 466 80 95 373 422 363 412 105 122 131 161 107 124 105 122 363 412 109 126 107 124 363 412 405 468 387 436 388 437 386 435 387 436 405 468 396 450 386 435 405 468 379 444 340 470 342 469 391 442 340 470 379 444 397 471 388 437 359 408 405 468 388 437 397 471 351 406 406 465 353 404 349 404 406 465 351 406 355 402 406 465 357 400 353 404 406 465 355 402 342 472 381 430 379 428 344 473 381 430 342 472 344 473 383 432 381 430 346 474 383 432 344 473 346 474 385 434 383 432 348 456 385 434 346 474 356 475 389 440 378 438 358 476 389 440 356 475 358 476 391 442 389 440 340 470 391 442 358 476 378 427 354 478 356 477 401 459 354 478 378 427 361 410 131 161 130 160 363 412 131 161 361 410 352 458 354 478 401 459 376 425 401 459 378 427 308 341 288 321 286 319 407 479 288 321 308 341 323 371 407 479 308 341 408 480 407 479 323 371 281 311 410 482 409 481 411 483 410 482 281 311 279 309 411 483 281 311 295 328 411 483 279 309 411 483 412 484 410 482 413 485 412 484 411 483 295 328 413 485 411 483 293 326 413 485 295 328 413 485 414 486 412 484 415 487 414 486 413 485 293 326 415 487 413 485 289 322 415 487 293 326 288 321 415 487 289 322 414 486 415 487 288 321 407 479 414 486 288 321 416 488 407 479 408 480 414 486 407 479 416 488 284 316 417 489 283 314 296 329 417 489 284 316 296 329 418 490 417 489 282 312 418 490 296 329 282 312 409 481 418 490 281 311 409 481 282 312 408 480 419 491 416 488 420 492 419 491 408 480 324 372 420 492 408 480 336 387 420 492 324 372 423 495 422 494 421 493 424 496 422 494 423 495 424 496 425 497 422 494 426 498 425 497 424 496 426 498 427 499 425 497 428 500 427 499 426 498 428 500 429 501 427 499 430 502 429 501 428 500 430 502 431 503 429 501 432 504 431 503 430 502 432 504 419 491 431 503 416 488 419 491 432 504 336 387 433 505 420 492 324 372 408 480 323 371 436 250 435 249 434 248 437 251 435 249 436 250 438 252 437 251 436 250 439 253 437 251 438 252 440 254 439 253 438 252 441 251 439 253 440 254 442 252 441 251 440 254 443 249 441 251 442 252 444 250 443 249 442 252 445 247 443 249 444 250 446 248 445 247 444 250 447 241 445 247 446 248 448 246 447 241 446 248 449 243 447 241 448 246 450 255 449 243 448 246 451 245 449 243 450 255 452 256 451 245 450 255 453 243 451 245 452 256 454 255 453 243 452 256 455 246 453 243 454 255 449 243 456 242 447 241 457 244 456 242 449 243 451 245 457 244 449 243 458 242 457 244 451 245 453 243 458 242 451 245 459 241 458 242 453 243 455 246 459 241 453 243 460 247 459 241 455 246 462 270 437 251 461 273 435 249 437 251 462 270 460 247 435 249 462 270 434 248 435 249 460 247 455 246 434 248 460 247 463 507 237 506 421 493 222 508 237 506 463 507 464 509 222 508 463 507 221 510 222 508 464 509 433 505 419 491 420 492 465 511 419 491 433 505 466 512 465 511 433 505 467 513 465 511 466 512 447 241 468 269 445 247 469 240 468 269 447 241 456 242 469 240 447 241 472 516 471 515 470 514 473 517 471 515 472 516 473 517 474 518 471 515 475 519 474 518 473 517 475 519 463 507 474 518 464 509 463 507 475 519 477 521 470 514 476 520 472 516 470 514 477 521 479 523 476 520 478 522 477 521 476 520 479 523 480 269 460 247 462 270 481 240 460 247 480 269 467 513 478 522 465 511 479 523 478 522 467 513 439 253 461 273 437 251 441 251 461 273 439 253 441 251 482 270 461 273 443 249 482 270 441 251 443 249 468 269 482 270 445 247 468 269 443 249 459 241 481 240 458 242 460 247 481 240 459 241 461 273 483 291 462 270 484 292 483 291 461 273 482 270 484 292 461 273 485 290 484 292 482 270 468 269 485 290 482 270 486 293 485 290 468 269 487 294 486 293 468 269 488 294 481 240 480 269 489 295 481 240 488 294 490 296 489 295 488 294 487 294 489 295 490 296 491 290 462 270 483 291 480 269 462 270 491 290 492 293 480 269 491 290 488 294 480 269 492 293 252 524 421 493 237 506 423 495 421 493 252 524 251 313 423 495 252 524 283 314 423 495 251 313 489 295 458 242 481 240 457 244 458 242 489 295 456 242 457 244 489 295 489 295 469 240 456 242 487 294 469 240 489 295 427 499 476 520 470 514 429 501 476 520 427 499 478 522 429 501 431 503 476 520 429 501 478 522 465 511 431 503 419 491 478 522 431 503 465 511 425 497 470 514 471 515 427 499 470 514 425 497 422 494 471 515 474 518 425 497 471 515 422 494 421 493 474 518 463 507 422 494 474 518 421 493 424 496 283 314 417 489 423 495 283 314 424 496 426 498 417 489 418 490 424 496 417 489 426 498 428 500 418 490 409 481 426 498 418 490 428 500 430 502 409 481 410 482 428 500 409 481 430 502 432 504 410 482 412 484 430 502 410 482 432 504 416 488 412 484 414 486 432 504 412 484 416 488 468 269 469 240 487 294 495 527 494 526 493 525 496 528 494 526 495 527 497 529 496 528 495 527 498 530 496 528 497 529 499 531 498 530 497 529 500 532 498 530 499 531 501 533 500 532 499 531 502 534 500 532 501 533 503 535 502 534 501 533 504 536 502 534 503 535 505 537 504 536 503 535 506 538 504 536 505 537 507 539 506 538 505 537 508 540 506 538 507 539 509 541 508 540 507 539 510 542 508 540 509 541 511 543 510 542 509 541 512 544 510 542 511 543 513 545 512 544 511 543 514 546 512 544 513 545 515 547 514 546 513 545 516 548 514 546 515 547 517 549 516 548 515 547 518 550 516 548 517 549 495 527 518 550 517 549 493 525 518 550 495 527 521 528 520 526 519 551 522 527 520 526 521 528 523 529 522 527 521 528 524 549 522 527 523 529 525 552 524 549 523 529 526 547 524 549 525 552 527 553 526 547 525 552 528 545 526 547 527 553 529 542 528 545 527 553 530 543 528 545 529 542 531 554 530 543 529 542 532 541 530 543 531 554 533 539 532 541 531 554 534 540 532 541 533 539 535 538 534 540 533 539 536 555 534 540 535 538 537 536 536 555 535 538 538 553 536 555 537 536 539 534 538 553 537 536 540 532 538 553 539 534 541 533 540 532 539 534 542 531 540 532 541 533 543 534 542 531 541 533 525 552 542 531 543 534 527 553 525 552 543 534 546 397 545 396 544 401 547 398 545 396 546 397 548 399 547 398 546 397 549 396 547 398 548 399 550 397 549 396 548 399 551 400 549 396 550 397 552 401 551 400 550 397 553 402 551 400 552 401 554 403 553 402 552 401 555 404 553 402 554 403 556 405 555 404 554 403 557 406 555 404 556 405 558 407 557 406 556 405 559 404 557 406 558 407 560 405 559 404 558 407 561 402 559 404 560 405 562 403 561 402 560 405 563 400 561 402 562 403 544 401 563 400 562 403 545 396 563 400 544 401 566 558 565 557 564 556 567 559 565 557 566 558 568 560 567 559 566 558 569 561 567 559 568 560 570 562 569 561 568 560 571 563 569 561 570 562 572 564 571 563 570 562 573 565 571 563 572 564 574 566 573 565 572 564 575 567 573 565 574 566 576 568 575 567 574 566 577 569 575 567 576 568 578 570 577 569 576 568 579 571 577 569 578 570 580 572 579 571 578 570 573 565 581 573 571 563 582 574 581 573 573 565 575 567 582 574 573 565 583 575 582 574 575 567 577 569 583 575 575 567 584 576 583 575 577 569 585 577 584 576 577 569 586 578 584 576 585 577 587 579 586 578 585 577 588 580 586 578 587 579 589 581 588 580 587 579 590 582 588 580 589 581 591 583 590 582 589 581 594 586 593 585 592 584 595 587 593 585 594 586 596 588 595 587 594 586 597 589 595 587 596 588 598 590 597 589 596 588 599 591 597 589 598 590 600 592 599 591 598 590 601 593 599 591 600 592 602 594 601 593 600 592 603 595 601 593 602 594 604 596 603 595 602 594 605 597 603 595 604 596 606 598 605 597 604 596 522 527 607 525 520 526 608 550 607 525 522 527 524 549 608 550 522 527 609 548 608 550 524 549 526 547 609 548 524 549 610 546 609 548 526 547 528 545 610 546 526 547 611 544 610 546 528 545 530 543 611 544 528 545 612 542 611 544 530 543 532 541 612 542 530 543 534 540 612 542 532 541 579 571 585 577 577 569 613 599 585 577 579 571 580 600 613 599 579 571 614 601 613 599 580 600 615 602 614 601 580 600 616 603 614 601 615 602 617 604 616 603 615 602 618 605 616 603 617 604 619 606 618 605 617 604 620 607 618 605 619 606 621 608 620 607 619 606 622 609 620 607 621 608 604 596 623 610 606 598 624 611 623 610 604 596 602 594 624 611 604 596 625 612 624 611 602 594 600 592 625 612 602 594 626 613 625 612 600 592 598 590 626 613 600 592 627 614 626 613 598 590 628 615 627 614 598 590 629 616 627 614 628 615 186 229 629 616 628 615 185 228 629 616 186 229 496 528 630 551 494 526 631 617 630 551 496 528 498 530 631 617 496 528 632 618 631 617 498 530 500 532 632 618 498 530 633 547 632 618 500 532 634 553 633 547 500 532 635 546 633 547 634 553 636 545 635 546 634 553 637 619 635 546 636 545 512 544 637 619 636 545 514 546 637 619 512 544 536 555 612 542 534 540 638 545 612 542 536 555 538 553 638 545 536 555 639 546 638 545 538 553 640 547 639 546 538 553 641 620 639 546 640 547 642 618 641 620 640 547 643 621 641 620 642 618 644 617 643 621 642 618 645 622 643 621 644 617 519 551 645 622 644 617 154 184 646 623 155 185 647 624 646 623 154 184 648 625 647 624 154 184 649 626 647 624 648 625 598 590 649 626 648 625 650 627 649 626 598 590 596 588 650 627 598 590 651 628 650 627 596 588 594 586 651 628 596 588 652 629 651 628 594 586 592 584 652 629 594 586 655 632 654 631 653 630 656 633 654 631 655 632 657 634 656 633 655 632 658 635 656 633 657 634 659 636 658 635 657 634 660 637 658 635 659 636 661 638 660 637 659 636 662 639 660 637 661 638 663 640 662 639 661 638 664 641 662 639 663 640 184 225 629 616 185 228 665 642 629 616 184 225 666 643 665 642 184 225 667 644 665 642 666 643 668 645 667 644 666 643 625 612 667 644 668 645 669 646 625 612 668 645 624 611 625 612 669 646 670 647 624 611 669 646 623 610 624 611 670 647 517 549 497 529 495 527 671 552 497 529 517 549 515 547 671 552 517 549 672 553 671 552 515 547 513 545 672 553 515 547 673 542 672 553 513 545 511 543 673 542 513 545 674 554 673 542 511 543 509 541 674 554 511 543 507 539 674 554 509 541 677 650 676 649 675 648 678 651 676 649 677 650 622 609 678 651 677 650 679 652 678 651 622 609 621 608 679 652 622 609 680 653 679 652 621 608 681 654 680 653 621 608 682 655 680 653 681 654 683 656 682 655 681 654 638 545 611 544 612 542 684 619 611 544 638 545 639 546 684 619 638 545 685 657 684 619 639 546 641 620 685 657 639 546 686 658 685 657 641 620 643 621 686 658 641 620 687 659 686 658 643 621 645 622 687 659 643 621 623 662 688 661 606 660 689 663 688 661 623 662 670 664 689 663 623 662 690 665 689 663 670 664 691 666 690 665 670 664 692 667 690 665 691 666 693 668 692 667 691 666 694 669 692 667 693 668 593 670 694 669 693 668 656 633 695 671 654 631 696 672 695 671 656 633 697 673 696 672 656 633 698 674 696 672 697 673 699 675 698 674 697 673 700 676 698 674 699 675 701 677 700 676 699 675 702 678 700 676 701 677 703 679 702 678 701 677 706 682 705 681 704 680 707 683 705 681 706 682 708 684 707 683 706 682 709 685 707 683 708 684 710 686 709 685 708 684 711 687 709 685 710 686 712 688 711 687 710 686 713 689 711 687 712 688 671 552 499 531 497 529 714 534 499 531 671 552 672 553 714 534 671 552 715 555 714 534 672 553 673 542 715 555 672 553 716 541 715 555 673 542 674 554 716 541 673 542 507 539 716 541 674 554 719 692 718 691 717 690 720 693 718 691 719 692 653 630 720 693 719 692 721 694 720 693 653 630 654 631 721 694 653 630 722 695 721 694 654 631 695 671 722 695 654 631 723 696 722 695 695 671 684 619 610 546 611 544 724 620 610 546 684 619 685 657 724 620 684 619 725 621 724 620 685 657 686 658 725 621 685 657 726 622 725 621 686 658 687 659 726 622 686 658 661 638 727 697 663 640 728 698 727 697 661 638 659 636 728 698 661 638 729 699 728 698 659 636 657 634 729 699 659 636 730 700 729 699 657 634 655 632 730 700 657 634 731 701 574 566 572 564 576 568 574 566 731 701 732 702 576 568 731 701 578 570 576 568 732 702 733 703 578 570 732 702 580 572 578 570 733 703 615 704 580 572 733 703 736 707 735 706 734 705 737 708 735 706 736 707 722 695 737 708 736 707 712 688 737 708 722 695 723 696 712 688 722 695 713 689 712 688 723 696 738 709 713 689 723 696 741 712 740 711 739 710 742 713 740 711 741 712 620 714 742 713 741 712 743 715 742 713 620 714 744 716 743 715 620 714 675 717 743 715 744 716 677 718 675 717 744 716 747 721 746 720 745 719 748 722 746 720 747 721 694 723 748 722 747 721 749 724 748 722 694 723 593 585 749 724 694 723 595 587 749 724 593 585 748 722 750 725 746 720 751 726 750 725 748 722 749 724 751 726 748 722 752 727 751 726 749 724 597 589 752 727 749 724 599 591 752 727 597 589 751 726 753 728 750 725 754 729 753 728 751 726 752 727 754 729 751 726 755 730 754 729 752 727 599 591 755 730 752 727 601 593 755 730 599 591 756 731 570 562 568 560 757 732 570 562 756 731 758 733 757 732 756 731 759 734 757 732 758 733 664 735 759 734 758 733 663 736 759 734 664 735 757 732 572 564 570 562 731 701 572 564 757 732 759 734 731 701 757 732 760 737 731 701 759 734 663 736 760 737 759 734 727 738 760 737 663 736 546 741 745 740 548 739 761 742 745 740 546 741 544 743 761 742 546 741 688 661 761 742 544 743 562 744 688 661 544 743 606 660 688 661 562 744 714 534 501 533 499 531 762 536 501 533 714 534 715 555 762 536 714 534 763 540 762 536 715 555 716 541 763 540 715 555 507 539 763 540 716 541 631 617 764 622 630 551 765 621 764 622 631 617 632 618 765 621 631 617 766 620 765 621 632 618 633 547 766 620 632 618 635 546 766 620 633 547 767 745 588 580 590 582 768 746 588 580 767 745 769 747 768 746 767 745 770 748 768 746 769 747 771 749 770 748 769 747 772 750 770 748 771 749 775 658 774 622 773 659 776 621 774 622 775 658 777 657 776 621 775 658 778 620 776 621 777 657 637 619 778 620 777 657 514 546 778 620 637 619 779 541 533 539 531 554 780 540 533 539 779 541 781 555 780 540 779 541 782 536 780 540 781 555 543 534 782 536 781 555 541 533 782 536 543 534 701 677 783 751 703 679 784 752 783 751 701 677 785 753 784 752 701 677 786 754 784 752 785 753 660 637 786 754 785 753 662 639 786 754 660 637 679 652 787 755 678 651 717 690 787 755 679 652 680 653 717 690 679 652 719 692 717 690 680 653 682 655 719 692 680 653 730 756 719 692 682 655 540 532 640 547 538 553 642 618 640 547 540 532 788 530 642 618 540 532 644 617 642 618 788 530 521 528 644 617 788 530 519 551 644 617 521 528 765 621 773 659 764 622 775 658 773 659 765 621 766 620 775 658 765 621 777 657 775 658 766 620 635 546 777 657 766 620 637 619 777 657 635 546 693 668 592 757 593 670 789 758 592 757 693 668 691 666 789 758 693 668 669 759 789 758 691 666 670 664 669 759 691 666 516 548 778 620 514 546 790 760 778 620 516 548 518 550 790 760 516 548 791 526 790 760 518 550 493 525 791 526 518 550 646 761 181 215 155 219 792 762 181 215 646 761 793 763 792 762 646 761 794 764 792 762 793 763 666 765 794 764 793 763 647 624 793 766 646 623 652 629 793 766 647 624 795 767 652 629 647 624 651 628 652 629 795 767 650 627 651 628 795 767 796 538 533 539 780 540 797 537 533 539 796 538 798 535 797 537 796 538 537 536 797 537 798 535 539 534 537 536 798 535 560 769 606 598 562 768 605 597 606 598 560 769 558 770 605 597 560 769 799 771 605 597 558 770 800 772 799 771 558 770 802 775 566 774 801 773 803 776 566 774 802 775 804 777 803 776 802 775 805 778 803 776 804 777 806 779 805 778 804 777 616 603 807 780 614 601 808 781 807 780 616 603 618 605 808 781 616 603 739 782 808 781 618 605 620 607 739 782 618 605 613 599 587 579 585 577 589 581 587 579 613 599 614 601 589 581 613 599 591 583 589 581 614 601 807 780 591 583 614 601 699 675 785 753 701 677 809 783 785 753 699 675 697 673 809 783 699 675 658 635 809 783 697 673 656 633 658 635 697 673 728 698 810 784 727 697 811 785 810 784 728 698 729 699 811 785 728 698 682 786 811 785 729 699 730 700 682 786 729 699 608 550 812 526 607 525 813 760 812 526 608 550 609 548 813 760 608 550 724 620 813 760 609 548 610 546 724 620 609 548 814 787 617 604 615 602 815 788 617 604 814 787 816 789 815 788 814 787 683 656 815 788 816 789 803 790 568 560 566 558 756 731 568 560 803 790 805 791 756 731 803 790 806 792 756 731 805 791 817 794 739 782 740 793 808 781 739 782 817 794 818 795 808 781 817 794 807 780 808 781 818 795 628 615 150 181 186 229 819 796 150 181 628 615 598 590 819 796 628 615 648 625 819 796 598 590 798 535 541 533 539 534 782 536 541 533 798 535 796 538 782 536 798 535 780 540 782 536 796 538 820 797 745 740 761 742 747 798 745 740 820 797 692 667 747 798 820 797 694 669 747 798 692 667 689 663 761 742 688 661 820 797 761 742 689 663 690 665 820 797 689 663 692 667 820 797 690 665 636 545 510 542 512 544 821 555 510 542 636 545 634 553 821 555 636 545 504 536 821 555 634 553 754 729 800 772 753 728 822 799 800 772 754 729 755 730 822 799 754 729 601 593 822 799 755 730 529 542 779 541 531 554 781 555 779 541 529 542 527 553 781 555 529 542 543 534 781 555 527 553 556 800 800 772 558 770 753 728 800 772 556 800 554 801 753 728 556 800 552 802 753 728 554 801 762 536 503 535 501 533 823 538 503 535 762 536 763 540 823 538 762 536 507 539 823 538 763 540 824 803 733 703 732 702 825 804 733 703 824 803 810 805 825 804 824 803 816 806 825 804 810 805 720 693 734 705 718 691 736 707 734 705 720 693 721 694 736 707 720 693 722 695 736 707 721 694 760 737 732 702 731 701 824 803 732 702 760 737 727 738 824 803 760 737 810 805 824 803 727 738 725 621 813 760 724 620 826 551 813 760 725 621 726 622 826 551 725 621 788 530 523 529 521 528 542 531 523 529 788 530 540 532 542 531 788 530 827 807 551 400 553 402 549 396 551 400 827 807 547 398 549 396 827 807 827 807 545 396 547 398 563 400 545 396 827 807 561 402 563 400 827 807 827 807 559 404 561 402 557 406 559 404 827 807 555 404 557 406 827 807 828 809 620 714 622 808 744 716 620 714 828 809 677 718 744 716 828 809 829 810 804 777 786 754 806 779 804 777 829 810 664 641 806 779 829 810 821 555 508 540 510 542 506 538 508 540 821 555 504 536 506 538 821 555 790 760 776 621 778 620 830 551 776 621 790 760 791 526 830 551 790 760 681 654 815 788 683 656 619 606 815 788 681 654 621 608 619 606 681 654 603 595 822 799 601 593 799 771 822 799 603 595 605 597 799 771 603 595 746 720 548 811 745 719 550 812 548 811 746 720 750 725 550 812 746 720 571 563 831 813 569 561 832 678 831 813 571 563 581 573 832 678 571 563 769 747 833 814 771 749 834 815 833 814 769 747 835 816 834 815 769 747 502 534 634 553 500 532 504 536 634 553 502 534 665 642 627 614 629 616 667 644 627 614 665 642 626 613 667 644 625 612 627 614 667 644 626 613 793 763 789 758 666 765 652 817 789 758 793 763 668 818 789 758 669 759 666 765 789 758 668 818 552 802 750 725 753 728 550 812 750 725 552 802 836 819 710 686 708 684 735 706 710 686 836 819 505 537 823 538 507 539 503 535 823 538 505 537 683 820 811 785 682 786 816 821 811 785 683 820 730 756 653 630 719 692 655 632 653 630 730 756 838 683 834 815 837 822 833 814 834 815 838 683 840 681 837 822 839 680 838 683 837 822 840 681 841 824 566 774 564 823 801 773 566 774 841 824 814 825 825 804 816 806 615 704 825 804 814 825 794 826 184 225 182 224 666 643 184 225 794 826 797 537 535 538 533 539 537 536 535 538 797 537 843 828 740 793 842 827 817 794 740 793 843 828 806 792 758 733 756 731 664 735 758 733 806 792 586 578 844 829 584 576 770 748 844 829 586 578 660 637 809 783 658 635 785 753 809 783 660 637 844 829 772 750 845 830 770 748 772 750 844 829 846 831 743 715 675 717 842 832 743 715 846 831 742 713 842 832 740 711 743 715 842 832 742 713 710 686 737 708 712 688 735 706 737 708 710 686 649 626 795 767 647 624 650 627 795 767 649 626 182 216 792 762 794 764 181 215 792 762 182 216 768 746 586 578 588 580 770 748 586 578 768 746 783 751 802 775 801 773 784 752 802 775 783 751 662 639 829 810 786 754 664 641 829 810 662 639 784 752 804 777 802 775 786 754 804 777 784 752 819 796 152 183 150 181 648 625 152 183 819 796 822 799 799 771 800 772 617 604 815 788 619 606 848 834 845 830 847 833 812 526 813 760 826 551 523 529 542 531 525 552 825 804 615 704 733 703 749 724 595 587 597 589 739 710 620 714 741 712 789 758 652 817 592 757 767 745 835 816 769 747 811 785 816 821 810 784 830 551 774 622 776 621 553 402 555 404 827 807 850 834 849 833 738 830 677 718 828 809 622 808 154 184 152 183 648 625 170 202 27 27 851 835 852 836 27 27 170 202 171 203 852 836 170 202 853 837 852 836 171 203 172 204 853 837 171 203 854 838 853 837 172 204 855 839 854 838 172 204 856 840 854 838 855 839 192 239 856 840 855 839 857 841 856 840 192 239 175 207 857 841 192 239 858 842 857 841 175 207 164 196 858 842 175 207 163 845 859 844 164 843 860 846 859 844 163 845 187 847 860 846 163 845 861 848 860 846 187 847 862 849 861 848 187 847 863 850 861 848 862 849 864 851 863 850 862 849 865 852 863 850 864 851 866 853 865 852 864 851 867 854 23 23 24 24 60 65 23 23 867 854 868 855 60 65 867 854 58 63 60 65 868 855 869 856 58 63 868 855 21 21 58 63 869 856 870 857 21 21 869 856 871 858 21 21 870 857 869 856 871 858 870 857 54 58 872 859 129 156 873 860 872 859 54 58 55 59 873 860 54 58 44 861 873 860 55 59 874 862 44 861 55 59 0 0 44 861 874 862 50 54 0 0 874 862 2 2 0 0 50 54 877 865 876 864 875 863 878 866 876 864 877 865 879 867 878 866 877 865 880 868 878 866 879 867 881 869 880 868 879 867 882 870 880 868 881 869 62 69 882 870 881 869 885 873 884 872 883 871 886 874 884 872 885 873 887 849 886 874 885 873 888 875 886 874 887 849 889 876 888 875 887 849 865 877 888 875 889 876 890 853 865 877 889 876 24 880 891 879 867 878 892 881 891 879 24 880 46 882 892 881 24 880 893 883 892 881 46 882 47 884 893 883 46 882 894 885 893 883 47 884 878 888 895 887 876 886 896 889 895 887 878 888 880 890 896 889 878 888 897 891 896 889 880 890 882 892 897 891 880 890 62 73 897 891 882 892 112 129 898 893 114 131 899 894 898 893 112 129 900 895 899 894 112 129 901 896 899 894 900 895 866 897 901 896 900 895 188 234 862 898 187 233 864 899 862 898 188 234 902 900 864 899 188 234 866 901 864 899 902 900 901 902 866 901 902 900 903 905 887 904 885 903 889 906 887 904 903 905 904 907 889 906 903 905 890 908 889 906 904 907 905 909 890 908 904 907 886 874 906 849 110 847 907 876 906 849 886 874 888 875 907 876 886 874 866 910 907 876 888 875 865 877 866 910 888 875 861 848 909 911 908 847 905 876 909 911 861 848 863 850 905 876 861 848 890 853 905 876 863 850 865 852 890 853 863 850 912 914 911 913 910 912 913 915 911 913 912 914 914 916 913 915 912 914 129 917 913 915 914 916 122 918 129 917 914 916 913 915 915 919 911 913 916 920 915 919 913 915 872 921 916 920 913 915 873 922 916 920 872 921 61 68 47 51 48 52 894 923 47 51 61 68 30 67 894 923 61 68 917 924 894 923 30 67 920 927 919 926 918 925 921 928 919 926 920 927 52 56 921 928 920 927 40 40 921 928 52 56 922 930 910 912 857 929 912 914 910 912 922 930 923 931 912 914 922 930 122 918 912 914 923 931 919 934 924 933 918 932 925 935 924 933 919 934 16 16 925 935 919 934 14 14 925 935 16 16 927 938 922 937 926 936 923 939 922 937 927 938 928 940 923 939 927 938 929 941 923 939 928 940 930 944 298 943 917 942 931 945 298 943 930 944 65 946 931 945 930 944 37 947 931 945 65 946 852 836 28 28 27 27 932 948 28 28 852 836 853 837 932 948 852 836 854 838 932 948 853 837 23 23 27 27 25 25 851 835 27 27 23 23 168 200 851 835 23 23 170 202 851 835 168 200 933 949 854 838 856 840 934 950 854 838 933 949 895 951 934 950 933 949 896 952 934 950 895 951 859 844 935 845 164 843 908 847 935 845 859 844 860 846 908 847 859 844 861 848 908 847 860 846 34 34 873 922 44 44 916 920 873 922 34 34 936 953 916 920 34 34 915 919 916 920 936 953 189 235 902 900 188 234 899 954 902 900 189 235 898 955 899 954 189 235 41 41 921 928 40 40 919 926 921 928 41 41 64 71 919 926 41 41 898 955 133 164 191 238 190 236 133 164 898 955 189 235 190 236 898 955 871 858 22 22 21 21 924 933 22 22 871 858 937 956 924 933 871 858 938 958 38 957 42 880 37 947 38 957 938 958 931 945 37 947 938 958 926 936 164 960 935 959 857 961 164 960 926 936 922 937 857 961 926 936 909 964 939 963 908 962 904 907 939 963 909 964 905 909 904 907 909 964 939 963 935 959 908 962 926 936 935 959 939 963 927 938 926 936 939 963 30 30 930 966 917 965 32 32 930 966 30 30 920 927 940 967 52 56 941 968 940 967 920 927 32 32 65 969 930 966 33 33 65 969 32 32 111 128 900 895 112 129 907 970 900 895 111 128 925 935 22 22 924 933 14 14 22 22 925 935 928 940 904 907 903 905 927 938 904 907 928 940 942 972 929 941 100 971 923 939 929 941 942 972 29 66 934 950 896 952 59 64 934 950 29 66 28 28 934 950 59 64 932 948 934 950 28 28 192 239 172 204 173 205 855 839 172 204 192 239 3 3 944 974 943 973 5 5 944 974 3 3 5 5 940 967 944 974 52 56 940 967 5 5 906 975 111 128 110 127 907 970 111 128 906 975 115 132 898 893 191 237 114 131 898 893 115 132 946 879 42 880 945 976 938 958 42 880 946 879 1 1 943 973 945 977 3 3 943 973 1 1 929 941 903 905 885 903 928 940 903 905 929 941 31 31 897 891 62 73 29 29 897 891 31 31 884 872 110 847 99 978 886 874 110 847 884 872 923 979 121 138 122 139 942 980 121 138 923 979 0 0 945 977 42 77 1 1 945 977 0 0 894 885 298 943 893 883 917 942 298 943 894 885 883 871 99 978 100 981 884 872 99 978 883 871 929 845 883 871 100 981 885 873 883 871 929 845 947 983 876 864 857 982 875 863 876 864 947 983 876 984 856 840 857 841 895 951 856 840 876 984 939 963 904 907 927 938 164 960 857 961 858 985 856 840 895 951 933 949 854 838 934 950 932 948 62 69 881 869 63 70 866 897 900 895 907 970 897 891 29 29 896 889 899 954 901 902 902 900 16 16 919 934 64 72 912 914 122 918 914 916 129 917 872 921 913 915 122 139 120 137 129 156 55 59 50 54 874 862 942 980 100 117 121 138 0 0 43 76 44 861 57 62 168 200 23 23 950 988 949 987 948 986 951 989 949 987 950 988 952 990 951 989 950 988 953 991 951 989 952 990 307 340 953 991 952 990 954 992 953 991 307 340 306 339 954 992 307 340 955 993 954 992 306 339 305 338 955 993 306 339 946 994 955 993 305 338 274 304 948 986 273 303 950 988 948 986 274 304 275 305 950 988 274 304 952 990 950 988 275 305 276 306 952 990 275 305 307 340 952 990 276 306 956 995 867 878 891 879 868 996 867 878 956 995 957 997 868 996 956 995 869 998 868 996 957 997 871 999 869 998 957 997 937 1002 949 1001 958 1000 959 1003 949 1001 937 1002 871 999 959 1003 937 1002 960 1004 959 1003 871 999 957 997 960 1004 871 999 948 1005 285 318 273 317 961 1006 285 318 948 1005 949 1007 961 1006 948 1005 959 1008 961 1006 949 1007 961 1006 297 330 285 318 962 1009 297 330 961 1006 959 1008 962 1009 961 1006 960 1010 962 1009 959 1008 962 1009 280 310 297 330 278 308 280 310 962 1009 960 1010 278 308 962 1009 957 1011 278 308 960 1010 291 324 298 331 290 323 893 1012 298 331 291 324 892 1013 893 1012 291 324 940 1016 954 1015 944 1014 953 1017 954 1015 940 1016 951 1018 953 1017 940 1016 891 1019 292 325 294 327 892 1013 292 325 891 1019 956 1020 294 327 277 307 891 1019 294 327 956 1020 918 925 941 968 920 927 958 1021 941 968 918 925 918 932 937 956 958 1022 924 933 937 956 918 932 946 1024 313 352 938 1023 314 353 313 352 946 1024 957 1011 277 307 278 308 956 1020 277 307 957 1011 949 1027 941 1026 958 1025 951 1018 941 1026 949 1027 931 1028 299 332 298 331 938 1029 299 332 931 1028 943 1031 954 1015 955 1030 944 1014 954 1015 943 1031 945 976 955 1030 946 879 943 1031 955 1030 945 976 299 332 938 1029 313 354 940 1016 941 1026 951 1018 314 355 946 1032 305 356 291 324 292 325 892 1013 229 265 963 1033 231 267 964 1034 963 1033 229 265 227 263 964 1034 229 265 965 1035 964 1034 227 263 225 261 965 1035 227 263 966 1036 965 1035 225 261 223 259 966 1036 225 261 967 1037 966 1036 223 259 221 257 967 1037 223 259 968 1038 967 1037 221 257 970 1040 329 380 969 1039 331 382 329 380 970 1040 971 1041 331 382 970 1040 333 384 331 382 971 1041 972 1042 333 384 971 1041 335 386 333 384 972 1042 974 1044 968 1043 973 1043 967 1043 968 1043 974 1044 966 1043 967 1043 974 1044 974 1044 965 1043 966 1043 964 1043 965 1043 974 1044 963 1043 964 1043 974 1044 974 1044 975 1043 963 1043 969 1043 975 1043 974 1044 970 1043 969 1043 974 1044 971 1043 974 1044 972 1043 970 1043 974 1044 971 1043 337 388 969 1045 329 390 975 1046 969 1045 337 388 231 395 975 1047 337 394 963 1048 975 1047 231 395 335 386 433 505 336 387 466 512 433 505 335 386 972 1042 466 512 335 386 976 1049 466 512 972 1042 974 1044 976 1043 972 1043 977 1043 976 1043 974 1044 978 1043 977 1043 974 1044 979 1043 974 1044 973 1043 980 1043 974 1044 979 1043 981 1043 974 1044 980 1043 982 1043 974 1044 981 1043 221 510 973 1051 968 1050 464 509 973 1051 221 510 464 509 979 1052 973 1051 475 519 979 1052 464 509 475 519 980 1053 979 1052 473 517 980 1053 475 519 473 517 981 1054 980 1053 472 516 981 1054 473 517 472 516 982 1055 981 1054 477 521 982 1055 472 516 477 521 978 1056 982 1055 479 523 978 1056 477 521 976 1049 467 513 466 512 977 1057 467 513 976 1049 479 523 977 1057 978 1056 467 513 977 1057 479 523 978 1043 974 1044 982 1043</p>
                </polylist>
            </mesh>
        </geometry>
    </library_geometries>
    <library_controllers>
        <controller id="controller0">
            <skin source="#mesh0">
                <bind_shape_matrix>1 0 0 0 0 1 0 0 0 0 1 0 0 0 0 1</bind_shape_matrix>
                <source id="joints0">
                    <Name_array id="JointArr0" count="35">jointnode-1 jointnode0 jointnode1 jointnode2 jointnode3 jointnode4 jointnode5 jointnode6 jointnode7 jointnode8 jointnode9 jointnode10 jointnode11 jointnode12 jointnode13 jointnode14 jointnode15 jointnode16 jointnode17 jointnode18 jointnode19 jointnode20 jointnode21 jointnode22 jointnode23 jointnode24 jointnode25 jointnode26 jointnode27 jointnode28 jointnode29 jointnode30 jointnode31 jointnode32 jointnode33</Name_array>
                    <technique_common>
                        <accessor source="#JointArr0" count="35">
                            <param name="JOINT" type="Name" />
                        </accessor>
                    </technique_common>
                </source>
                <source id="matrices0">
                    <float_array id="MatArr0" count="560">1 0 0 0 0 1 0 0 0 0 1 0 0 0 0 1 1 0 0 0 0 1 0 0 0 0 1 0 0 0 0 1 1 0 0 0 0 1 0 -125.14652252197266 0 0 1 0 0 0 0 1 1 0 0 0 0 1 0 0 0 0 1 -100 0 0 0 1 1 0 0 -100 0 1 0 0 0 0 1 0 0 0 0 1 1 0 0 100 0 1 0 0 0 0 1 0 0 0 0 1 1 0 0 0 0 1 0 -93 0 0 1 0 0 0 0 1 0.00004793836256601856 -0.9999999988509567 -4.386559881474326e-18 137.49999984200656 0.00004793836251091911 2.2980866055094973e-9 -0.9999999988509567 2.499999681140483 0.9999999977019134 0.00004793836251091911 0.00004793836256601856 -0.006711370751666425 0 0 0 1 0.00004782332063778632 -0.9999971262495844 0.0023969158313184714 124.99964171829647 -0.0000480531290230205 0.0023969135332384717 0.9999971262440761 -0.29961511597924 -0.9999999977019134 -0.00004793836251091881 -0.00004793836256589609 37.00671137075166 0 0 0 1 0.00004782332063778632 -0.9999971262495844 0.0023969158313184714 67.49964171829649 -0.0000480531290230205 0.0023969135332384717 0.9999971262440761 -1.4008841227083664 -0.9999999977019134 -0.00004793836251091881 -0.00004793836256589609 37.00671137075167 0 0 0 1 0.00004793836256601826 -0.9999999988509566 -4.826125313346229e-18 22.49968605221886 -0.000047938362510796644 -2.298086605503612e-9 0.9999999988509567 0.008468729012002334 -0.9999999977019135 -0.00004793836251091881 -0.000047938362565896096 37.00671137075167 0 0 0 1 -0.00004793606436910788 -0.00004794066059752197 0.9999999977019134 -39.991171702366906 -0.00004794066059753787 0.9999999977018031 0.00004793836251092393 -7.501603172127032 -0.9999999977019135 -0.00004793836251091881 -0.0000479383625658961 35.13171232442598 0 0 0 1 0.000047818713241344304 -0.999996891845205 0.0024927922697969397 124.99961051507236 -0.00004805771394552241 0.002492789971717479 0.9999968918394764 -0.31159775878161794 -0.9999999977019135 -0.00004793836251091882 -0.00004793836256589611 -36.993288629248326 0 0 0 1 0.000047823320637786314 -0.9999971262495845 0.002396915831318472 67.4996982663124 -0.00004805312902302051 0.0023969135332384717 0.9999971262440762 -1.3894651377945462 -0.9999999977019134 -0.000047938362510918806 -0.0000479383625658961 -36.99328762924834 0 0 0 1 0.00004793836256601825 -0.9999999988509567 -4.392444444352028e-18 22.499672397940877 -0.00004793836251079665 -2.2980866059372924e-9 0.9999999988509568 0.00751876100357246 -0.9999999977019135 -0.000047938362510918806 -0.00004793836256589611 -36.99328662924834 0 0 0 1 -0.000047936064369107886 -0.00004794066059752241 0.9999999977019135 -39.9921216710288 -0.000047940660597537865 0.9999999977018033 0.0000479383625109235 -7.501589563388977 -0.9999999977019135 -0.000047938362510918806 -0.000047938362565896116 -35.11828758292266 0 0 0 1 -0.000058713617795048536 0.965915484345868 0.25885763201729006 -170.51237327745616 -0.00003389519569432086 -0.2588576342370475 0.9659154849407453 37.651065971063886 0.9999999977019135 0.00004793836251091912 0.000047938362566018563 -0.006710370751668949 0 0 0 1 -0.00006370548882742022 0.42257722554517396 0.9063269191589503 -129.44816341383935 0.000023190168153741 -0.9063269201300692 0.42257722762799177 229.209894998565 0.9999999977019134 0.00004793836251091912 0.000047938362566018563 -0.006711370751666424 0 0 0 1 -0.00004793606436923036 -0.000047940660597482686 0.9999999977019136 -34.81191714682002 0.00004794066059753818 -0.9999999977018035 -0.00004793836251077582 270.14270264601845 0.9999999977019134 0.00004793836251091912 0.00004793836256601857 -0.006711370751666424 0 0 0 1 -0.00004793606436923036 -0.000047940660597482686 0.9999999977019136 -34.81191714682002 0.00004794066059753818 -0.9999999977018035 -0.00004793836251077582 270.14270264601845 0.9999999977019134 0.00004793836251091912 0.00004793836256601857 -0.006711370751666424 0 0 0 1 -0.00006779508197298451 0.7070220298179067 0.7071915191488048 -257.6505723683458 8.125002052705607e-9 -0.7071915207736028 0.7070220314430941 187.92557142714367 0.9999999977019134 0.000047938362510919124 0.00004793836256601857 -0.006714370751772538 0 0 0 1 0.9999999937382356 0.00009424276915255065 0.00006034757352756114 -42.088198092327026 -0.00006033853753039688 -0.00009587990486030716 0.9999999935831527 -5.030414436130113 0.00009424855466745052 -0.9999999909626723 -0.00009587421778905237 232.32624308908066 0 0 0 1 0.9999904261750173 0.0000938282239882645 0.004374786231528593 -91.31202091131395 0.004374777196284624 0.00009628561718526283 -0.9999904259809506 -8.205960667471855 -0.00009424855466744996 0.9999999909626722 0.00009587421778892991 -233.1288890703924 0 0 0 1 0.9999857721696648 0.00009373586538076876 0.005333542146341052 -162.28766922620122 0.005333533111287301 0.00009637553234538999 -0.9999857719669354 -9.315062013702452 -0.00009424855466744996 0.9999999909626722 0.00009587421778892991 -233.12877007039577 0 0 0 1 0.9999999937382356 0.00009424276915255062 0.00006034757352756202 -237.22348335051322 -0.00009424566202846592 0.9999999944099547 0.000047935855420453135 -233.12910166890552 -0.00006034305558245018 -0.00004794154261732291 0.9999999970301623 7.057617663067584 0 0 0 1 0.9999999937382356 0.00009424276915255062 0.00006034757352756202 -237.22348335051322 -0.00009424566202846592 0.9999999944099547 0.000047935855420453135 -233.12910166890552 -0.00006034305558245018 -0.00004794154261732291 0.9999999970301623 7.057617663067584 0 0 0 1 -0.9999999993675048 -0.0000016339557591210803 -0.000035529151494309486 -41.640237556599395 -0.00003552899466944897 -0.00009587871553144504 0.9999999947724816 -5.0304209800884125 -0.000001637362239988157 0.9999999954023013 0.00009587865741798285 -232.32626751693024 0 0 0 1 -0.9999999993675048 -0.0000016339557591210805 -0.00003552915149430949 -91.53920529951932 0.00003552899466944897 0.0000958787155315675 -0.9999999947724816 -7.811917581923337 0.0000016373622399881615 -0.9999999954023013 -0.00009587865741810531 233.12891349824204 0 0 0 1 -0.9999999993675048 -0.0000016339557591210805 -0.00003552915149430949 -162.52370999922638 0.00003552899466944897 0.0000958787155315675 -0.9999999947724816 -8.620698609717222 0.0000016373622399881615 -0.9999999954023013 -0.00009587865741810531 233.1308134982741 0 0 0 1 -0.9999999993675048 -0.0000016339557591210803 -0.000035529151494309486 -237.41895078291776 -0.0000016356590362786915 0.9999999988495266 0.000047940294992532895 -233.13150534563925 0.00003552907312108933 0.000047940353075802494 -0.9999999982197041 -7.3548506250633725 0 0 0 1 -0.9999999993675048 -0.0000016339557591210803 -0.000035529151494309486 -237.41895078291776 -0.0000016356590362786915 0.9999999988495266 0.000047940294992532895 -233.13150534563925 0.00003552907312108933 0.000047940353075802494 -0.9999999982197041 -7.3548506250633725 0 0 0 1 -0.00006497993935398544 0.47609605501609975 0.8793932807201308 -142.93448219390152 0.000019333408579237113 -0.8793932818142407 0.4760960570370218 173.42021039154895 0.9999999977019134 0.00004793836251091911 0.000047938362566018563 -0.006711370751666424 0 0 0 1 0.00004609846769127282 -0.9992902085644959 0.03767063766460643 171.2799142706723 0.00004971020501120493 -0.037670635368150955 -0.9992902084779256 69.1570749074872 0.9999999977019134 0.00004793836251091911 0.000047938362566018563 -0.006710370751668949 0 0 0 1 0.00005095541360545738 -0.9978817226805179 -0.06505432302090859 147.02613604652703 0.00004471821809996589 0.06505432531412722 -0.9978817228300183 55.23939033760153 0.9999999977019135 0.00004793836251091912 0.00004793836256601857 -0.00671037075166895 0 0 0 1 0.000048222476669046967 -0.999982331199505 -0.0059443219459814406 116.86617214785487 -0.0000476525544921875 -0.005944324244027465 0.9999823312131657 -61.46379175371459 -0.9999999977019137 -0.00004793836251091985 -0.00004793836256589611 0.006710370751661424 0 0 0 1</float_array>
                    <technique_common>
                        <accessor source="#MatArr0" count="35" stride="16">
                            <param type="float4x4" />
                        </accessor>
                    </technique_common>
                </source>
                <source id="weights0">
                    <float_array id="WeightArr0" count="20">1 0.5 0.25 0.75 0.4000000059604645 0.6000000238418579 0.15000000596046448 0.8500000238418579 0.20000000298023224 0.800000011920929 0.30000001192092896 0.10000000149011612 0.6499999761581421 0.3499999940395355 0.125 0.699999988079071 0.5400000214576721 0.36000001430511475 0.5625 0.1875</float_array>
                    <technique_common>
                        <accessor source="#WeightArr0" count="1">
                            <param type="float" />
                        </accessor>
                    </technique_common>
                </source>
                <joints>
                    <input semantic="JOINT" source="#joints0" />
                    <input semantic="INV_BIND_MATRIX" source="#matrices0" />
                </joints>
                <vertex_weights count="174">
                    <input semantic="JOINT" offset="0" source="#joints0" />
                    <input semantic="WEIGHT" offset="1" source="#weights0" />
                    <vcount>1 1 1 1 1 1 1 1 1 1 1 1 1 1 1 1 1 1 1 1 1 1 1 1 1 1 1 1 1 1 1 1 1 1 1 1 1 1 1 1 1 1 1 1 1 1 1 1 1 1 1 1 1 1 1 1 1 1 1 1 1 1 1 1 1 1 1 1 1 1 1 1 1 1 1 1 1 1 1 1 1 1 1 1 1 1 1 1 1 1 1 1 1 1 1 1 1 1 1 1 1 1 1 1 1 1 1 1 1 1 1 1 1 1 1 1 1 1 1 1 1 1 1 1 1 1 1 1 1 1 1 1 1 1 1 1 1 1 1 1 1 1 1 1 1 1 1 1 1 1 1 1 1 1 1 1 1 1 1 1 1 1 1 1 1 1 1 1 1 1 1 1 1 1</vcount>
                    <v>25 0 25 0 25 0 25 0 25 0 25 0 25 0 25 0 25 0 25 0 25 0 25 0 25 0 25 0 25 0 25 0 25 0 25 0 25 0 25 0 25 0 25 0 25 0 25 0 25 0 25 0 25 0 25 0 25 0 25 0 25 0 25 0 25 0 25 0 25 0 25 0 25 0 25 0 25 0 25 0 25 0 25 0 25 0 25 0 25 0 25 0 25 0 25 0 25 0 25 0 25 0 25 0 25 0 25 0 25 0 25 0 25 0 25 0 25 0 25 0 25 0 25 0 25 0 25 0 25 0 25 0 25 0 25 0 25 0 25 0 25 0 25 0 25 0 25 0 25 0 25 0 25 0 25 0 25 0 25 0 25 0 25 0 25 0 25 0 25 0 25 0 25 0 25 0 25 0 25 0 25 0 25 0 25 0 25 0 25 0 25 0 25 0 25 0 25 0 25 0 25 0 25 0 25 0 25 0 25 0 25 0 25 0 25 0 25 0 25 0 25 0 25 0 25 0 25 0 25 0 25 0 25 0 25 0 25 0 25 0 25 0 25 0 25 0 25 0 25 0 25 0 25 0 25 0 25 0 25 0 25 0 25 0 25 0 25 0 25 0 25 0 25 0 25 0 25 0 25 0 25 0 25 0 25 0 25 0 25 0 25 0 25 0 25 0 25 0 25 0 25 0 25 0 25 0 25 0 25 0 25 0 25 0 25 0 25 0 25 0 25 0 25 0 25 0 25 0 25 0 25 0 25 0 25 0 25 0 25 0 25 0 25 0 25 0 25 0</v>
                </vertex_weights>
            </skin>
        </controller>
        <controller id="controller1">
            <skin source="#mesh1">
                <bind_shape_matrix>1 0 0 0 0 1 0 0 0 0 1 0 0 0 0 1</bind_shape_matrix>
                <source id="joints1">
                    <Name_array id="JointArr1" count="35">jointnode-1 jointnode0 jointnode1 jointnode2 jointnode3 jointnode4 jointnode5 jointnode6 jointnode7 jointnode8 jointnode9 jointnode10 jointnode11 jointnode12 jointnode13 jointnode14 jointnode15 jointnode16 jointnode17 jointnode18 jointnode19 jointnode20 jointnode21 jointnode22 jointnode23 jointnode24 jointnode25 jointnode26 jointnode27 jointnode28 jointnode29 jointnode30 jointnode31 jointnode32 jointnode33</Name_array>
                    <technique_common>
                        <accessor source="#JointArr1" count="35">
                            <param name="JOINT" type="Name" />
                        </accessor>
                    </technique_common>
                </source>
                <source id="matrices1">
                    <float_array id="MatArr1" count="560">1 0 0 0 0 1 0 0 0 0 1 0 0 0 0 1 1 0 0 0 0 1 0 0 0 0 1 0 0 0 0 1 1 0 0 0 0 1 0 -125.14652252197266 0 0 1 0 0 0 0 1 1 0 0 0 0 1 0 0 0 0 1 -100 0 0 0 1 1 0 0 -100 0 1 0 0 0 0 1 0 0 0 0 1 1 0 0 100 0 1 0 0 0 0 1 0 0 0 0 1 1 0 0 0 0 1 0 -93 0 0 1 0 0 0 0 1 0.00004793836256601856 -0.9999999988509567 -4.386559881474326e-18 137.49999984200656 0.00004793836251091911 2.2980866055094973e-9 -0.9999999988509567 2.499999681140483 0.9999999977019134 0.00004793836251091911 0.00004793836256601856 -0.006711370751666425 0 0 0 1 0.00004782332063778632 -0.9999971262495844 0.0023969158313184714 124.99964171829647 -0.0000480531290230205 0.0023969135332384717 0.9999971262440761 -0.29961511597924 -0.9999999977019134 -0.00004793836251091881 -0.00004793836256589609 37.00671137075166 0 0 0 1 0.00004782332063778632 -0.9999971262495844 0.0023969158313184714 67.49964171829649 -0.0000480531290230205 0.0023969135332384717 0.9999971262440761 -1.4008841227083664 -0.9999999977019134 -0.00004793836251091881 -0.00004793836256589609 37.00671137075167 0 0 0 1 0.00004793836256601826 -0.9999999988509566 -4.826125313346229e-18 22.49968605221886 -0.000047938362510796644 -2.298086605503612e-9 0.9999999988509567 0.008468729012002334 -0.9999999977019135 -0.00004793836251091881 -0.000047938362565896096 37.00671137075167 0 0 0 1 -0.00004793606436910788 -0.00004794066059752197 0.9999999977019134 -39.991171702366906 -0.00004794066059753787 0.9999999977018031 0.00004793836251092393 -7.501603172127032 -0.9999999977019135 -0.00004793836251091881 -0.0000479383625658961 35.13171232442598 0 0 0 1 0.000047818713241344304 -0.999996891845205 0.0024927922697969397 124.99961051507236 -0.00004805771394552241 0.002492789971717479 0.9999968918394764 -0.31159775878161794 -0.9999999977019135 -0.00004793836251091882 -0.00004793836256589611 -36.993288629248326 0 0 0 1 0.000047823320637786314 -0.9999971262495845 0.002396915831318472 67.4996982663124 -0.00004805312902302051 0.0023969135332384717 0.9999971262440762 -1.3894651377945462 -0.9999999977019134 -0.000047938362510918806 -0.0000479383625658961 -36.99328762924834 0 0 0 1 0.00004793836256601825 -0.9999999988509567 -4.392444444352028e-18 22.499672397940877 -0.00004793836251079665 -2.2980866059372924e-9 0.9999999988509568 0.00751876100357246 -0.9999999977019135 -0.000047938362510918806 -0.00004793836256589611 -36.99328662924834 0 0 0 1 -0.000047936064369107886 -0.00004794066059752241 0.9999999977019135 -39.9921216710288 -0.000047940660597537865 0.9999999977018033 0.0000479383625109235 -7.501589563388977 -0.9999999977019135 -0.000047938362510918806 -0.000047938362565896116 -35.11828758292266 0 0 0 1 -0.000058713617795048536 0.965915484345868 0.25885763201729006 -170.51237327745616 -0.00003389519569432086 -0.2588576342370475 0.9659154849407453 37.651065971063886 0.9999999977019135 0.00004793836251091912 0.000047938362566018563 -0.006710370751668949 0 0 0 1 -0.00006370548882742022 0.42257722554517396 0.9063269191589503 -129.44816341383935 0.000023190168153741 -0.9063269201300692 0.42257722762799177 229.209894998565 0.9999999977019134 0.00004793836251091912 0.000047938362566018563 -0.006711370751666424 0 0 0 1 -0.00004793606436923036 -0.000047940660597482686 0.9999999977019136 -34.81191714682002 0.00004794066059753818 -0.9999999977018035 -0.00004793836251077582 270.14270264601845 0.9999999977019134 0.00004793836251091912 0.00004793836256601857 -0.006711370751666424 0 0 0 1 -0.00004793606436923036 -0.000047940660597482686 0.9999999977019136 -34.81191714682002 0.00004794066059753818 -0.9999999977018035 -0.00004793836251077582 270.14270264601845 0.9999999977019134 0.00004793836251091912 0.00004793836256601857 -0.006711370751666424 0 0 0 1 -0.00006779508197298451 0.7070220298179067 0.7071915191488048 -257.6505723683458 8.125002052705607e-9 -0.7071915207736028 0.7070220314430941 187.92557142714367 0.9999999977019134 0.000047938362510919124 0.00004793836256601857 -0.006714370751772538 0 0 0 1 0.9999999937382356 0.00009424276915255065 0.00006034757352756114 -42.088198092327026 -0.00006033853753039688 -0.00009587990486030716 0.9999999935831527 -5.030414436130113 0.00009424855466745052 -0.9999999909626723 -0.00009587421778905237 232.32624308908066 0 0 0 1 0.9999904261750173 0.0000938282239882645 0.004374786231528593 -91.31202091131395 0.004374777196284624 0.00009628561718526283 -0.9999904259809506 -8.205960667471855 -0.00009424855466744996 0.9999999909626722 0.00009587421778892991 -233.1288890703924 0 0 0 1 0.9999857721696648 0.00009373586538076876 0.005333542146341052 -162.28766922620122 0.005333533111287301 0.00009637553234538999 -0.9999857719669354 -9.315062013702452 -0.00009424855466744996 0.9999999909626722 0.00009587421778892991 -233.12877007039577 0 0 0 1 0.9999999937382356 0.00009424276915255062 0.00006034757352756202 -237.22348335051322 -0.00009424566202846592 0.9999999944099547 0.000047935855420453135 -233.12910166890552 -0.00006034305558245018 -0.00004794154261732291 0.9999999970301623 7.057617663067584 0 0 0 1 0.9999999937382356 0.00009424276915255062 0.00006034757352756202 -237.22348335051322 -0.00009424566202846592 0.9999999944099547 0.000047935855420453135 -233.12910166890552 -0.00006034305558245018 -0.00004794154261732291 0.9999999970301623 7.057617663067584 0 0 0 1 -0.9999999993675048 -0.0000016339557591210803 -0.000035529151494309486 -41.640237556599395 -0.00003552899466944897 -0.00009587871553144504 0.9999999947724816 -5.0304209800884125 -0.000001637362239988157 0.9999999954023013 0.00009587865741798285 -232.32626751693024 0 0 0 1 -0.9999999993675048 -0.0000016339557591210805 -0.00003552915149430949 -91.53920529951932 0.00003552899466944897 0.0000958787155315675 -0.9999999947724816 -7.811917581923337 0.0000016373622399881615 -0.9999999954023013 -0.00009587865741810531 233.12891349824204 0 0 0 1 -0.9999999993675048 -0.0000016339557591210805 -0.00003552915149430949 -162.52370999922638 0.00003552899466944897 0.0000958787155315675 -0.9999999947724816 -8.620698609717222 0.0000016373622399881615 -0.9999999954023013 -0.00009587865741810531 233.1308134982741 0 0 0 1 -0.9999999993675048 -0.0000016339557591210803 -0.000035529151494309486 -237.41895078291776 -0.0000016356590362786915 0.9999999988495266 0.000047940294992532895 -233.13150534563925 0.00003552907312108933 0.000047940353075802494 -0.9999999982197041 -7.3548506250633725 0 0 0 1 -0.9999999993675048 -0.0000016339557591210803 -0.000035529151494309486 -237.41895078291776 -0.0000016356590362786915 0.9999999988495266 0.000047940294992532895 -233.13150534563925 0.00003552907312108933 0.000047940353075802494 -0.9999999982197041 -7.3548506250633725 0 0 0 1 -0.00006497993935398544 0.47609605501609975 0.8793932807201308 -142.93448219390152 0.000019333408579237113 -0.8793932818142407 0.4760960570370218 173.42021039154895 0.9999999977019134 0.00004793836251091911 0.000047938362566018563 -0.006711370751666424 0 0 0 1 0.00004609846769127282 -0.9992902085644959 0.03767063766460643 171.2799142706723 0.00004971020501120493 -0.037670635368150955 -0.9992902084779256 69.1570749074872 0.9999999977019134 0.00004793836251091911 0.000047938362566018563 -0.006710370751668949 0 0 0 1 0.00005095541360545738 -0.9978817226805179 -0.06505432302090859 147.02613604652703 0.00004471821809996589 0.06505432531412722 -0.9978817228300183 55.23939033760153 0.9999999977019135 0.00004793836251091912 0.00004793836256601857 -0.00671037075166895 0 0 0 1 0.000048222476669046967 -0.999982331199505 -0.0059443219459814406 116.86617214785487 -0.0000476525544921875 -0.005944324244027465 0.9999823312131657 -61.46379175371459 -0.9999999977019137 -0.00004793836251091985 -0.00004793836256589611 0.006710370751661424 0 0 0 1</float_array>
                    <technique_common>
                        <accessor source="#MatArr1" count="35" stride="16">
                            <param type="float4x4" />
                        </accessor>
                    </technique_common>
                </source>
                <source id="weights1">
                    <float_array id="WeightArr1" count="20">1 0.5 0.25 0.75 0.4000000059604645 0.6000000238418579 0.15000000596046448 0.8500000238418579 0.20000000298023224 0.800000011920929 0.30000001192092896 0.10000000149011612 0.6499999761581421 0.3499999940395355 0.125 0.699999988079071 0.5400000214576721 0.36000001430511475 0.5625 0.1875</float_array>
                    <technique_common>
                        <accessor source="#WeightArr1" count="1">
                            <param type="float" />
                        </accessor>
                    </technique_common>
                </source>
                <joints>
                    <input semantic="JOINT" source="#joints1" />
                    <input semantic="INV_BIND_MATRIX" source="#matrices1" />
                </joints>
                <vertex_weights count="174">
                    <input semantic="JOINT" offset="0" source="#joints1" />
                    <input semantic="WEIGHT" offset="1" source="#weights1" />
                    <vcount>1 1 1 1 1 1 1 1 1 1 1 1 1 1 1 1 1 1 1 1 1 1 1 1 1 1 1 1 1 1 1 1 1 1 1 1 1 1 1 1 1 1 1 1 1 1 1 1 1 1 1 1 1 1 1 1 1 1 1 1 1 1 1 1 1 1 1 1 1 1 1 1 1 1 1 1 1 1 1 1 1 1 1 1 1 1 1 1 1 1 1 1 1 1 1 1 1 1 1 1 1 1 1 1 1 1 1 1 1 1 1 1 1 1 1 1 1 1 1 1 1 1 1 1 1 1 1 1 1 1 1 1 1 1 1 1 1 1 1 1 1 1 1 1 1 1 1 1 1 1 1 1 1 1 1 1 1 1 1 1 1 1 1 1 1 1 1 1 1 1 1 1 1 1</vcount>
                    <v>30 0 30 0 30 0 30 0 30 0 30 0 30 0 30 0 30 0 30 0 30 0 30 0 30 0 30 0 30 0 30 0 30 0 30 0 30 0 30 0 30 0 30 0 30 0 30 0 30 0 30 0 30 0 30 0 30 0 30 0 30 0 30 0 30 0 30 0 30 0 30 0 30 0 30 0 30 0 30 0 30 0 30 0 30 0 30 0 30 0 30 0 30 0 30 0 30 0 30 0 30 0 30 0 30 0 30 0 30 0 30 0 30 0 30 0 30 0 30 0 30 0 30 0 30 0 30 0 30 0 30 0 30 0 30 0 30 0 30 0 30 0 30 0 30 0 30 0 30 0 30 0 30 0 30 0 30 0 30 0 30 0 30 0 30 0 30 0 30 0 30 0 30 0 30 0 30 0 30 0 30 0 30 0 30 0 30 0 30 0 30 0 30 0 30 0 30 0 30 0 30 0 30 0 30 0 30 0 30 0 30 0 30 0 30 0 30 0 30 0 30 0 30 0 30 0 30 0 30 0 30 0 30 0 30 0 30 0 30 0 30 0 30 0 30 0 30 0 30 0 30 0 30 0 30 0 30 0 30 0 30 0 30 0 30 0 30 0 30 0 30 0 30 0 30 0 30 0 30 0 30 0 30 0 30 0 30 0 30 0 30 0 30 0 30 0 30 0 30 0 30 0 30 0 30 0 30 0 30 0 30 0 30 0 30 0 30 0 30 0 30 0 30 0 30 0 30 0 30 0 30 0 30 0 30 0 30 0 30 0 30 0 30 0 30 0 30 0</v>
                </vertex_weights>
            </skin>
        </controller>
        <controller id="controller2">
            <skin source="#mesh2">
                <bind_shape_matrix>1 0 0 0 0 1 0 0 0 0 1 0 0 0 0 1</bind_shape_matrix>
                <source id="joints2">
                    <Name_array id="JointArr2" count="35">jointnode-1 jointnode0 jointnode1 jointnode2 jointnode3 jointnode4 jointnode5 jointnode6 jointnode7 jointnode8 jointnode9 jointnode10 jointnode11 jointnode12 jointnode13 jointnode14 jointnode15 jointnode16 jointnode17 jointnode18 jointnode19 jointnode20 jointnode21 jointnode22 jointnode23 jointnode24 jointnode25 jointnode26 jointnode27 jointnode28 jointnode29 jointnode30 jointnode31 jointnode32 jointnode33</Name_array>
                    <technique_common>
                        <accessor source="#JointArr2" count="35">
                            <param name="JOINT" type="Name" />
                        </accessor>
                    </technique_common>
                </source>
                <source id="matrices2">
                    <float_array id="MatArr2" count="560">1 0 0 0 0 1 0 0 0 0 1 0 0 0 0 1 1 0 0 0 0 1 0 0 0 0 1 0 0 0 0 1 1 0 0 0 0 1 0 -125.14652252197266 0 0 1 0 0 0 0 1 1 0 0 0 0 1 0 0 0 0 1 -100 0 0 0 1 1 0 0 -100 0 1 0 0 0 0 1 0 0 0 0 1 1 0 0 100 0 1 0 0 0 0 1 0 0 0 0 1 1 0 0 0 0 1 0 -93 0 0 1 0 0 0 0 1 0.00004793836256601856 -0.9999999988509567 -4.386559881474326e-18 137.49999984200656 0.00004793836251091911 2.2980866055094973e-9 -0.9999999988509567 2.499999681140483 0.9999999977019134 0.00004793836251091911 0.00004793836256601856 -0.006711370751666425 0 0 0 1 0.00004782332063778632 -0.9999971262495844 0.0023969158313184714 124.99964171829647 -0.0000480531290230205 0.0023969135332384717 0.9999971262440761 -0.29961511597924 -0.9999999977019134 -0.00004793836251091881 -0.00004793836256589609 37.00671137075166 0 0 0 1 0.00004782332063778632 -0.9999971262495844 0.0023969158313184714 67.49964171829649 -0.0000480531290230205 0.0023969135332384717 0.9999971262440761 -1.4008841227083664 -0.9999999977019134 -0.00004793836251091881 -0.00004793836256589609 37.00671137075167 0 0 0 1 0.00004793836256601826 -0.9999999988509566 -4.826125313346229e-18 22.49968605221886 -0.000047938362510796644 -2.298086605503612e-9 0.9999999988509567 0.008468729012002334 -0.9999999977019135 -0.00004793836251091881 -0.000047938362565896096 37.00671137075167 0 0 0 1 -0.00004793606436910788 -0.00004794066059752197 0.9999999977019134 -39.991171702366906 -0.00004794066059753787 0.9999999977018031 0.00004793836251092393 -7.501603172127032 -0.9999999977019135 -0.00004793836251091881 -0.0000479383625658961 35.13171232442598 0 0 0 1 0.000047818713241344304 -0.999996891845205 0.0024927922697969397 124.99961051507236 -0.00004805771394552241 0.002492789971717479 0.9999968918394764 -0.31159775878161794 -0.9999999977019135 -0.00004793836251091882 -0.00004793836256589611 -36.993288629248326 0 0 0 1 0.000047823320637786314 -0.9999971262495845 0.002396915831318472 67.4996982663124 -0.00004805312902302051 0.0023969135332384717 0.9999971262440762 -1.3894651377945462 -0.9999999977019134 -0.000047938362510918806 -0.0000479383625658961 -36.99328762924834 0 0 0 1 0.00004793836256601825 -0.9999999988509567 -4.392444444352028e-18 22.499672397940877 -0.00004793836251079665 -2.2980866059372924e-9 0.9999999988509568 0.00751876100357246 -0.9999999977019135 -0.000047938362510918806 -0.00004793836256589611 -36.99328662924834 0 0 0 1 -0.000047936064369107886 -0.00004794066059752241 0.9999999977019135 -39.9921216710288 -0.000047940660597537865 0.9999999977018033 0.0000479383625109235 -7.501589563388977 -0.9999999977019135 -0.000047938362510918806 -0.000047938362565896116 -35.11828758292266 0 0 0 1 -0.000058713617795048536 0.965915484345868 0.25885763201729006 -170.51237327745616 -0.00003389519569432086 -0.2588576342370475 0.9659154849407453 37.651065971063886 0.9999999977019135 0.00004793836251091912 0.000047938362566018563 -0.006710370751668949 0 0 0 1 -0.00006370548882742022 0.42257722554517396 0.9063269191589503 -129.44816341383935 0.000023190168153741 -0.9063269201300692 0.42257722762799177 229.209894998565 0.9999999977019134 0.00004793836251091912 0.000047938362566018563 -0.006711370751666424 0 0 0 1 -0.00004793606436923036 -0.000047940660597482686 0.9999999977019136 -34.81191714682002 0.00004794066059753818 -0.9999999977018035 -0.00004793836251077582 270.14270264601845 0.9999999977019134 0.00004793836251091912 0.00004793836256601857 -0.006711370751666424 0 0 0 1 -0.00004793606436923036 -0.000047940660597482686 0.9999999977019136 -34.81191714682002 0.00004794066059753818 -0.9999999977018035 -0.00004793836251077582 270.14270264601845 0.9999999977019134 0.00004793836251091912 0.00004793836256601857 -0.006711370751666424 0 0 0 1 -0.00006779508197298451 0.7070220298179067 0.7071915191488048 -257.6505723683458 8.125002052705607e-9 -0.7071915207736028 0.7070220314430941 187.92557142714367 0.9999999977019134 0.000047938362510919124 0.00004793836256601857 -0.006714370751772538 0 0 0 1 0.9999999937382356 0.00009424276915255065 0.00006034757352756114 -42.088198092327026 -0.00006033853753039688 -0.00009587990486030716 0.9999999935831527 -5.030414436130113 0.00009424855466745052 -0.9999999909626723 -0.00009587421778905237 232.32624308908066 0 0 0 1 0.9999904261750173 0.0000938282239882645 0.004374786231528593 -91.31202091131395 0.004374777196284624 0.00009628561718526283 -0.9999904259809506 -8.205960667471855 -0.00009424855466744996 0.9999999909626722 0.00009587421778892991 -233.1288890703924 0 0 0 1 0.9999857721696648 0.00009373586538076876 0.005333542146341052 -162.28766922620122 0.005333533111287301 0.00009637553234538999 -0.9999857719669354 -9.315062013702452 -0.00009424855466744996 0.9999999909626722 0.00009587421778892991 -233.12877007039577 0 0 0 1 0.9999999937382356 0.00009424276915255062 0.00006034757352756202 -237.22348335051322 -0.00009424566202846592 0.9999999944099547 0.000047935855420453135 -233.12910166890552 -0.00006034305558245018 -0.00004794154261732291 0.9999999970301623 7.057617663067584 0 0 0 1 0.9999999937382356 0.00009424276915255062 0.00006034757352756202 -237.22348335051322 -0.00009424566202846592 0.9999999944099547 0.000047935855420453135 -233.12910166890552 -0.00006034305558245018 -0.00004794154261732291 0.9999999970301623 7.057617663067584 0 0 0 1 -0.9999999993675048 -0.0000016339557591210803 -0.000035529151494309486 -41.640237556599395 -0.00003552899466944897 -0.00009587871553144504 0.9999999947724816 -5.0304209800884125 -0.000001637362239988157 0.9999999954023013 0.00009587865741798285 -232.32626751693024 0 0 0 1 -0.9999999993675048 -0.0000016339557591210805 -0.00003552915149430949 -91.53920529951932 0.00003552899466944897 0.0000958787155315675 -0.9999999947724816 -7.811917581923337 0.0000016373622399881615 -0.9999999954023013 -0.00009587865741810531 233.12891349824204 0 0 0 1 -0.9999999993675048 -0.0000016339557591210805 -0.00003552915149430949 -162.52370999922638 0.00003552899466944897 0.0000958787155315675 -0.9999999947724816 -8.620698609717222 0.0000016373622399881615 -0.9999999954023013 -0.00009587865741810531 233.1308134982741 0 0 0 1 -0.9999999993675048 -0.0000016339557591210803 -0.000035529151494309486 -237.41895078291776 -0.0000016356590362786915 0.9999999988495266 0.000047940294992532895 -233.13150534563925 0.00003552907312108933 0.000047940353075802494 -0.9999999982197041 -7.3548506250633725 0 0 0 1 -0.9999999993675048 -0.0000016339557591210803 -0.000035529151494309486 -237.41895078291776 -0.0000016356590362786915 0.9999999988495266 0.000047940294992532895 -233.13150534563925 0.00003552907312108933 0.000047940353075802494 -0.9999999982197041 -7.3548506250633725 0 0 0 1 -0.00006497993935398544 0.47609605501609975 0.8793932807201308 -142.93448219390152 0.000019333408579237113 -0.8793932818142407 0.4760960570370218 173.42021039154895 0.9999999977019134 0.00004793836251091911 0.000047938362566018563 -0.006711370751666424 0 0 0 1 0.00004609846769127282 -0.9992902085644959 0.03767063766460643 171.2799142706723 0.00004971020501120493 -0.037670635368150955 -0.9992902084779256 69.1570749074872 0.9999999977019134 0.00004793836251091911 0.000047938362566018563 -0.006710370751668949 0 0 0 1 0.00005095541360545738 -0.9978817226805179 -0.06505432302090859 147.02613604652703 0.00004471821809996589 0.06505432531412722 -0.9978817228300183 55.23939033760153 0.9999999977019135 0.00004793836251091912 0.00004793836256601857 -0.00671037075166895 0 0 0 1 0.000048222476669046967 -0.999982331199505 -0.0059443219459814406 116.86617214785487 -0.0000476525544921875 -0.005944324244027465 0.9999823312131657 -61.46379175371459 -0.9999999977019137 -0.00004793836251091985 -0.00004793836256589611 0.006710370751661424 0 0 0 1</float_array>
                    <technique_common>
                        <accessor source="#MatArr2" count="35" stride="16">
                            <param type="float4x4" />
                        </accessor>
                    </technique_common>
                </source>
                <source id="weights2">
                    <float_array id="WeightArr2" count="20">1 0.5 0.25 0.75 0.4000000059604645 0.6000000238418579 0.15000000596046448 0.8500000238418579 0.20000000298023224 0.800000011920929 0.30000001192092896 0.10000000149011612 0.6499999761581421 0.3499999940395355 0.125 0.699999988079071 0.5400000214576721 0.36000001430511475 0.5625 0.1875</float_array>
                    <technique_common>
                        <accessor source="#WeightArr2" count="1">
                            <param type="float" />
                        </accessor>
                    </technique_common>
                </source>
                <joints>
                    <input semantic="JOINT" source="#joints2" />
                    <input semantic="INV_BIND_MATRIX" source="#matrices2" />
                </joints>
                <vertex_weights count="436">
                    <input semantic="JOINT" offset="0" source="#joints2" />
                    <input semantic="WEIGHT" offset="1" source="#weights2" />
                    <vcount>1 1 1 1 1 1 1 1 1 1 1 1 1 1 1 1 1 1 1 1 1 1 1 1 1 1 1 1 1 1 1 1 1 1 1 1 1 1 1 1 1 1 1 1 1 1 1 1 1 1 1 1 1 1 1 1 1 1 1 1 1 1 1 1 1 1 1 1 1 1 1 1 1 1 1 1 1 1 1 1 1 1 1 1 1 1 1 1 1 1 1 1 1 1 1 1 1 1 1 1 1 1 1 1 1 1 1 1 1 1 1 1 1 1 1 1 1 1 1 1 1 1 1 1 1 1 1 1 1 1 1 1 1 1 1 1 1 1 1 1 1 1 1 1 1 1 1 1 1 1 1 1 1 1 1 1 1 1 1 1 1 1 1 1 1 1 1 1 1 1 1 1 1 1 1 1 1 1 1 1 1 1 1 1 1 1 1 1 1 1 1 1 1 1 1 1 1 1 1 1 1 1 1 1 1 1 1 1 1 1 1 1 1 1 1 1 1 1 1 1 1 1 1 1 1 1 1 1 1 1 1 1 1 1 1 1 1 1 1 1 1 1 1 1 1 1 1 1 1 1 1 1 1 1 1 1 1 1 1 1 1 1 1 1 1 1 1 1 1 1 1 1 1 1 1 1 1 1 1 1 1 1 1 1 1 1 1 1 1 1 1 1 1 1 1 1 1 1 1 1 1 1 1 1 1 1 1 1 1 1 1 1 1 1 1 1 1 1 1 1 1 1 1 1 1 1 1 1 1 1 1 1 1 1 1 1 1 1 1 1 1 1 1 1 1 1 1 1 1 1 1 1 1 1 1 1 1 1 1 1 1 1 1 1 1 1 1 1 1 1 1 1 1 1 1 1 1 1 1 1 1 1 1 1 1 1 1 1 1 1 1 1 1 1 1 1 1 1 1 1 1 1 1 1 1 1 1 1 1 1 1 1 1 1 1 1 1 1 1 1 1 1 1 1 1 1 1 1 1 1 1 1 1 1 1 1</vcount>
                    <v>10 0 10 0 10 0 10 0 10 0 10 0 10 0 10 0 10 0 10 0 10 0 10 0 10 0 10 0 10 0 10 0 10 0 10 0 10 0 10 0 10 0 10 0 10 0 10 0 10 0 10 0 10 0 10 0 10 0 10 0 10 0 10 0 10 0 10 0 10 0 10 0 10 0 10 0 10 0 10 0 10 0 10 0 10 0 10 0 10 0 10 0 18 0 18 0 18 0 18 0 18 0 18 0 18 0 18 0 18 0 18 0 18 0 18 0 18 0 18 0 18 0 18 0 18 0 18 0 18 0 18 0 18 0 18 0 18 0 18 0 10 0 10 0 10 0 10 0 10 0 10 0 10 0 10 0 10 0 10 0 10 0 10 0 10 0 10 0 10 0 10 0 10 0 10 0 10 0 10 0 10 0 10 0 10 0 10 0 10 0 10 0 10 0 10 0 10 0 10 0 10 0 10 0 10 0 10 0 10 0 10 0 10 0 10 0 10 0 10 0 10 0 10 0 10 0 10 0 18 0 18 0 18 0 18 0 18 0 18 0 18 0 18 0 18 0 18 0 18 0 18 0 18 0 18 0 18 0 18 0 18 0 18 0 18 0 18 0 18 0 18 0 18 0 18 0 18 0 18 0 18 0 18 0 18 0 18 0 18 0 18 0 18 0 18 0 18 0 18 0 18 0 18 0 10 0 10 0 10 0 10 0 10 0 10 0 10 0 10 0 10 0 18 0 18 0 18 0 18 0 18 0 18 0 18 0 18 0 18 0 18 0 18 0 18 0 18 0 18 0 18 0 18 0 14 0 14 0 14 0 14 0 14 0 14 0 14 0 14 0 14 0 14 0 14 0 18 0 18 0 18 0 18 0 18 0 18 0 18 0 18 0 18 0 18 0 18 0 14 0 14 0 14 0 14 0 14 0 14 0 14 0 14 0 14 0 14 0 14 0 14 0 14 0 14 0 14 0 14 0 14 0 14 0 14 0 14 0 14 0 14 0 14 0 14 0 14 0 14 0 14 0 18 0 18 0 18 0 18 0 18 0 18 0 14 0 14 0 14 0 14 0 14 0 14 0 14 0 14 0 14 0 14 0 14 0 18 0 14 0 14 0 14 0 14 0 14 0 14 0 14 0 14 0 14 0 14 0 14 0 14 0 14 0 14 0 14 0 14 0 14 0 14 0 14 0 14 0 14 0 14 0 14 0 14 0 14 0 14 0 14 0 14 0 14 0 14 0 14 0 14 0 14 0 14 0 14 0 14 0 14 0 14 0 10 0 10 0 10 0 10 0 18 0 18 0 18 0 10 0 10 0 10 0 14 0 14 0 14 0 14 0 14 0 14 0 14 0 10 0 10 0 10 0 10 0 10 0 10 0 10 0 10 0 10 0 10 0 10 0 10 0 10 0 10 0 10 0 10 0 10 0 10 0 10 0 10 0 10 0 10 0 14 0 14 0 14 0 14 0 14 0 14 0 14 0 14 0 14 0 14 0 14 0 18 0 18 0 18 0 18 0 18 0 18 0 14 0 14 0 14 0 14 0 14 0 14 0 14 0 14 0 14 0 14 0 10 0 10 0 10 0 14 0 14 0 14 0 14 0 14 0 14 0 14 0 14 0 14 0 14 0 14 0 14 0 14 0 14 0 14 0 14 0 10 0 10 0 10 0 14 0 14 0 14 0 10 0 10 0 14 0 14 0 14 0 14 0 10 0 10 0 14 0 14 0 10 0 10 0 10 0 10 0 14 0 14 0 14 0 14 0 14 0 14 0 18 0 14 0 18 0 18 0 18 0 18 0 18 0 18 0 18 0 18 0 18 0 14 0 10 0 10 0 18 0 18 0 18 0 18 0 18 0 18 0 18 0 18 0 18 0 10 0 10 0 10 0 18 0 18 0 18 0 18 0 18 0 18 0 18 0 18 0 18 0 18 0 18 0 10 0 14 0 10 0 18 0 18 0 18 0</v>
                </vertex_weights>
            </skin>
        </controller>
        <controller id="controller3">
            <skin source="#mesh3">
                <bind_shape_matrix>1 0 0 0 0 1 0 0 0 0 1 0 0 0 0 1</bind_shape_matrix>
                <source id="joints3">
                    <Name_array id="JointArr3" count="35">jointnode-1 jointnode0 jointnode1 jointnode2 jointnode3 jointnode4 jointnode5 jointnode6 jointnode7 jointnode8 jointnode9 jointnode10 jointnode11 jointnode12 jointnode13 jointnode14 jointnode15 jointnode16 jointnode17 jointnode18 jointnode19 jointnode20 jointnode21 jointnode22 jointnode23 jointnode24 jointnode25 jointnode26 jointnode27 jointnode28 jointnode29 jointnode30 jointnode31 jointnode32 jointnode33</Name_array>
                    <technique_common>
                        <accessor source="#JointArr3" count="35">
                            <param name="JOINT" type="Name" />
                        </accessor>
                    </technique_common>
                </source>
                <source id="matrices3">
                    <float_array id="MatArr3" count="560">1 0 0 0 0 1 0 0 0 0 1 0 0 0 0 1 1 0 0 0 0 1 0 0 0 0 1 0 0 0 0 1 1 0 0 0 0 1 0 -125.14652252197266 0 0 1 0 0 0 0 1 1 0 0 0 0 1 0 0 0 0 1 -100 0 0 0 1 1 0 0 -100 0 1 0 0 0 0 1 0 0 0 0 1 1 0 0 100 0 1 0 0 0 0 1 0 0 0 0 1 1 0 0 0 0 1 0 -93 0 0 1 0 0 0 0 1 0.00004793836256601856 -0.9999999988509567 -4.386559881474326e-18 137.49999984200656 0.00004793836251091911 2.2980866055094973e-9 -0.9999999988509567 2.499999681140483 0.9999999977019134 0.00004793836251091911 0.00004793836256601856 -0.006711370751666425 0 0 0 1 0.00004782332063778632 -0.9999971262495844 0.0023969158313184714 124.99964171829647 -0.0000480531290230205 0.0023969135332384717 0.9999971262440761 -0.29961511597924 -0.9999999977019134 -0.00004793836251091881 -0.00004793836256589609 37.00671137075166 0 0 0 1 0.00004782332063778632 -0.9999971262495844 0.0023969158313184714 67.49964171829649 -0.0000480531290230205 0.0023969135332384717 0.9999971262440761 -1.4008841227083664 -0.9999999977019134 -0.00004793836251091881 -0.00004793836256589609 37.00671137075167 0 0 0 1 0.00004793836256601826 -0.9999999988509566 -4.826125313346229e-18 22.49968605221886 -0.000047938362510796644 -2.298086605503612e-9 0.9999999988509567 0.008468729012002334 -0.9999999977019135 -0.00004793836251091881 -0.000047938362565896096 37.00671137075167 0 0 0 1 -0.00004793606436910788 -0.00004794066059752197 0.9999999977019134 -39.991171702366906 -0.00004794066059753787 0.9999999977018031 0.00004793836251092393 -7.501603172127032 -0.9999999977019135 -0.00004793836251091881 -0.0000479383625658961 35.13171232442598 0 0 0 1 0.000047818713241344304 -0.999996891845205 0.0024927922697969397 124.99961051507236 -0.00004805771394552241 0.002492789971717479 0.9999968918394764 -0.31159775878161794 -0.9999999977019135 -0.00004793836251091882 -0.00004793836256589611 -36.993288629248326 0 0 0 1 0.000047823320637786314 -0.9999971262495845 0.002396915831318472 67.4996982663124 -0.00004805312902302051 0.0023969135332384717 0.9999971262440762 -1.3894651377945462 -0.9999999977019134 -0.000047938362510918806 -0.0000479383625658961 -36.99328762924834 0 0 0 1 0.00004793836256601825 -0.9999999988509567 -4.392444444352028e-18 22.499672397940877 -0.00004793836251079665 -2.2980866059372924e-9 0.9999999988509568 0.00751876100357246 -0.9999999977019135 -0.000047938362510918806 -0.00004793836256589611 -36.99328662924834 0 0 0 1 -0.000047936064369107886 -0.00004794066059752241 0.9999999977019135 -39.9921216710288 -0.000047940660597537865 0.9999999977018033 0.0000479383625109235 -7.501589563388977 -0.9999999977019135 -0.000047938362510918806 -0.000047938362565896116 -35.11828758292266 0 0 0 1 -0.000058713617795048536 0.965915484345868 0.25885763201729006 -170.51237327745616 -0.00003389519569432086 -0.2588576342370475 0.9659154849407453 37.651065971063886 0.9999999977019135 0.00004793836251091912 0.000047938362566018563 -0.006710370751668949 0 0 0 1 -0.00006370548882742022 0.42257722554517396 0.9063269191589503 -129.44816341383935 0.000023190168153741 -0.9063269201300692 0.42257722762799177 229.209894998565 0.9999999977019134 0.00004793836251091912 0.000047938362566018563 -0.006711370751666424 0 0 0 1 -0.00004793606436923036 -0.000047940660597482686 0.9999999977019136 -34.81191714682002 0.00004794066059753818 -0.9999999977018035 -0.00004793836251077582 270.14270264601845 0.9999999977019134 0.00004793836251091912 0.00004793836256601857 -0.006711370751666424 0 0 0 1 -0.00004793606436923036 -0.000047940660597482686 0.9999999977019136 -34.81191714682002 0.00004794066059753818 -0.9999999977018035 -0.00004793836251077582 270.14270264601845 0.9999999977019134 0.00004793836251091912 0.00004793836256601857 -0.006711370751666424 0 0 0 1 -0.00006779508197298451 0.7070220298179067 0.7071915191488048 -257.6505723683458 8.125002052705607e-9 -0.7071915207736028 0.7070220314430941 187.92557142714367 0.9999999977019134 0.000047938362510919124 0.00004793836256601857 -0.006714370751772538 0 0 0 1 0.9999999937382356 0.00009424276915255065 0.00006034757352756114 -42.088198092327026 -0.00006033853753039688 -0.00009587990486030716 0.9999999935831527 -5.030414436130113 0.00009424855466745052 -0.9999999909626723 -0.00009587421778905237 232.32624308908066 0 0 0 1 0.9999904261750173 0.0000938282239882645 0.004374786231528593 -91.31202091131395 0.004374777196284624 0.00009628561718526283 -0.9999904259809506 -8.205960667471855 -0.00009424855466744996 0.9999999909626722 0.00009587421778892991 -233.1288890703924 0 0 0 1 0.9999857721696648 0.00009373586538076876 0.005333542146341052 -162.28766922620122 0.005333533111287301 0.00009637553234538999 -0.9999857719669354 -9.315062013702452 -0.00009424855466744996 0.9999999909626722 0.00009587421778892991 -233.12877007039577 0 0 0 1 0.9999999937382356 0.00009424276915255062 0.00006034757352756202 -237.22348335051322 -0.00009424566202846592 0.9999999944099547 0.000047935855420453135 -233.12910166890552 -0.00006034305558245018 -0.00004794154261732291 0.9999999970301623 7.057617663067584 0 0 0 1 0.9999999937382356 0.00009424276915255062 0.00006034757352756202 -237.22348335051322 -0.00009424566202846592 0.9999999944099547 0.000047935855420453135 -233.12910166890552 -0.00006034305558245018 -0.00004794154261732291 0.9999999970301623 7.057617663067584 0 0 0 1 -0.9999999993675048 -0.0000016339557591210803 -0.000035529151494309486 -41.640237556599395 -0.00003552899466944897 -0.00009587871553144504 0.9999999947724816 -5.0304209800884125 -0.000001637362239988157 0.9999999954023013 0.00009587865741798285 -232.32626751693024 0 0 0 1 -0.9999999993675048 -0.0000016339557591210805 -0.00003552915149430949 -91.53920529951932 0.00003552899466944897 0.0000958787155315675 -0.9999999947724816 -7.811917581923337 0.0000016373622399881615 -0.9999999954023013 -0.00009587865741810531 233.12891349824204 0 0 0 1 -0.9999999993675048 -0.0000016339557591210805 -0.00003552915149430949 -162.52370999922638 0.00003552899466944897 0.0000958787155315675 -0.9999999947724816 -8.620698609717222 0.0000016373622399881615 -0.9999999954023013 -0.00009587865741810531 233.1308134982741 0 0 0 1 -0.9999999993675048 -0.0000016339557591210803 -0.000035529151494309486 -237.41895078291776 -0.0000016356590362786915 0.9999999988495266 0.000047940294992532895 -233.13150534563925 0.00003552907312108933 0.000047940353075802494 -0.9999999982197041 -7.3548506250633725 0 0 0 1 -0.9999999993675048 -0.0000016339557591210803 -0.000035529151494309486 -237.41895078291776 -0.0000016356590362786915 0.9999999988495266 0.000047940294992532895 -233.13150534563925 0.00003552907312108933 0.000047940353075802494 -0.9999999982197041 -7.3548506250633725 0 0 0 1 -0.00006497993935398544 0.47609605501609975 0.8793932807201308 -142.93448219390152 0.000019333408579237113 -0.8793932818142407 0.4760960570370218 173.42021039154895 0.9999999977019134 0.00004793836251091911 0.000047938362566018563 -0.006711370751666424 0 0 0 1 0.00004609846769127282 -0.9992902085644959 0.03767063766460643 171.2799142706723 0.00004971020501120493 -0.037670635368150955 -0.9992902084779256 69.1570749074872 0.9999999977019134 0.00004793836251091911 0.000047938362566018563 -0.006710370751668949 0 0 0 1 0.00005095541360545738 -0.9978817226805179 -0.06505432302090859 147.02613604652703 0.00004471821809996589 0.06505432531412722 -0.9978817228300183 55.23939033760153 0.9999999977019135 0.00004793836251091912 0.00004793836256601857 -0.00671037075166895 0 0 0 1 0.000048222476669046967 -0.999982331199505 -0.0059443219459814406 116.86617214785487 -0.0000476525544921875 -0.005944324244027465 0.9999823312131657 -61.46379175371459 -0.9999999977019137 -0.00004793836251091985 -0.00004793836256589611 0.006710370751661424 0 0 0 1</float_array>
                    <technique_common>
                        <accessor source="#MatArr3" count="35" stride="16">
                            <param type="float4x4" />
                        </accessor>
                    </technique_common>
                </source>
                <source id="weights3">
                    <float_array id="WeightArr3" count="20">1 0.5 0.25 0.75 0.4000000059604645 0.6000000238418579 0.15000000596046448 0.8500000238418579 0.20000000298023224 0.800000011920929 0.30000001192092896 0.10000000149011612 0.6499999761581421 0.3499999940395355 0.125 0.699999988079071 0.5400000214576721 0.36000001430511475 0.5625 0.1875</float_array>
                    <technique_common>
                        <accessor source="#WeightArr3" count="1">
                            <param type="float" />
                        </accessor>
                    </technique_common>
                </source>
                <joints>
                    <input semantic="JOINT" source="#joints3" />
                    <input semantic="INV_BIND_MATRIX" source="#matrices3" />
                </joints>
                <vertex_weights count="983">
                    <input semantic="JOINT" offset="0" source="#joints3" />
                    <input semantic="WEIGHT" offset="1" source="#weights3" />
                    <vcount>1 2 1 2 1 2 2 2 2 2 2 2 2 2 2 2 2 2 2 1 2 2 2 1 2 1 2 1 1 1 2 1 2 2 1 2 2 2 2 2 2 2 2 1 1 2 2 2 2 2 1 2 2 1 1 1 2 1 2 1 2 2 1 1 2 2 2 2 2 2 2 2 2 2 2 2 2 2 2 2 1 1 1 1 1 1 1 1 2 2 2 2 2 2 2 2 2 2 2 1 1 1 1 1 1 1 1 1 1 1 1 1 1 2 1 1 1 2 2 2 1 1 1 2 1 1 1 1 1 1 1 1 1 1 2 2 2 2 2 2 2 2 2 2 1 2 2 2 2 2 1 2 1 2 1 1 2 2 2 2 2 2 2 1 1 2 2 2 1 2 1 1 1 1 2 1 2 2 2 2 2 1 1 2 1 1 1 1 1 1 1 1 1 2 2 2 2 2 2 2 2 2 1 2 1 2 1 2 1 2 1 2 1 2 1 2 1 1 1 1 1 3 3 2 2 2 2 2 2 2 2 2 2 2 2 2 2 2 2 2 2 2 2 2 2 2 2 2 2 2 2 3 3 2 2 2 2 2 2 2 2 2 2 2 2 2 2 2 2 2 2 2 2 2 2 2 2 2 1 2 2 2 2 2 2 2 3 3 2 2 1 2 2 2 2 2 2 2 1 3 3 2 3 2 2 2 2 1 3 3 3 3 3 3 3 3 3 3 3 3 3 3 3 3 3 3 3 3 3 3 3 3 3 3 3 3 3 3 3 1 1 1 1 1 1 1 1 1 1 1 2 1 1 1 1 1 1 1 1 2 2 2 2 2 1 1 1 1 2 1 1 1 2 2 1 1 1 2 1 1 1 1 1 1 1 1 1 1 2 1 2 1 2 1 1 1 1 2 2 1 1 1 1 1 2 1 1 3 3 2 2 2 2 2 2 2 2 2 2 2 3 2 2 2 2 2 2 2 2 2 2 2 2 3 1 2 1 2 1 2 1 2 1 2 1 2 1 2 1 2 1 2 1 2 1 1 2 2 2 2 2 2 2 2 2 2 3 2 2 2 2 2 2 2 2 2 2 2 2 2 2 2 2 2 2 2 2 2 2 2 2 2 2 1 1 1 1 1 1 1 1 1 1 1 1 1 1 1 1 1 1 1 1 1 1 1 1 1 1 1 1 1 1 1 1 1 1 1 1 1 1 1 1 1 1 1 1 1 1 1 1 1 1 1 1 1 1 1 1 1 1 1 1 1 1 1 1 1 1 1 1 1 1 1 1 1 1 1 1 1 1 1 1 1 1 1 1 1 1 1 1 1 1 1 1 1 1 1 1 1 1 1 2 1 2 1 2 1 2 1 2 1 1 1 1 1 1 1 1 1 1 1 1 1 1 1 1 1 1 1 1 1 1 2 1 2 1 1 1 1 1 1 1 1 1 1 1 1 1 1 1 1 1 1 1 1 1 1 1 1 2 2 2 1 1 1 1 1 1 1 1 1 1 1 1 1 1 1 1 2 1 1 1 1 1 1 1 1 1 1 1 1 1 1 1 1 1 1 1 2 1 1 1 1 1 1 1 1 1 1 1 1 1 1 1 1 1 1 1 1 1 1 1 1 1 1 1 1 1 1 1 1 1 1 1 1 1 1 1 1 1 1 1 1 1 1 1 1 1 1 1 1 1 1 1 1 1 1 1 1 1 1 1 1 2 1 1 1 1 1 1 1 1 1 1 1 1 1 1 1 1 1 1 1 1 1 1 1 1 1 1 1 1 1 1 1 1 1 1 2 1 1 1 1 1 1 1 1 1 1 1 1 1 1 1 1 1 1 1 1 1 1 1 1 1 1 1 1 1 1 2 1 1 1 1 1 1 1 1 1 1 1 1 1 1 1 1 1 1 1 1 1 1 1 1 1 1 1 1 1 1 1 1 1 1 1 1 1 1 1 1 1 1 1 1 1 1 2 2 2 2 2 1 1 1 1 1 1 1 1 1 1 1 1 1 1 1 1 1 1 1 2 2 2 2 1 1 1 1 1 1 1 1 1 1 1 1 1 1 1 1 1 1 1 1 1 1 2 2 2 2 2 1 1 2 2 1 1 1 1 2 2 1 1 1 1 1 2 2 1 2 2 1 2 2 2 2 1 1 2 1 2 1 2 2 2 2 2 2 2 2 1 1 2 2 2 2 2 3 3 3 3 3 2 3 3 3 2 2 2 2 2 2</vcount>
                    <v>16 0 7 2 16 3 16 0 7 2 16 3 16 0 7 4 16 5 16 3 26 2 16 3 26 2 16 1 26 1 16 3 26 2 16 1 26 1 16 1 26 1 16 3 21 2 16 3 21 2 7 2 16 3 7 6 16 7 7 2 16 3 7 6 16 7 7 6 16 7 16 0 16 3 21 2 7 4 16 5 7 4 16 5 16 0 7 2 16 3 16 0 7 2 16 3 16 0 16 0 16 0 7 2 16 3 16 0 7 2 16 3 7 2 16 3 16 0 7 2 16 3 7 2 16 3 7 2 16 3 7 2 16 3 7 6 16 7 7 2 16 3 7 2 16 3 7 2 16 3 16 0 16 0 7 2 16 3 7 2 16 3 7 2 16 3 7 2 16 3 16 3 26 2 16 0 16 3 26 2 7 4 16 5 16 0 16 0 16 0 7 6 16 7 16 0 7 2 16 3 16 0 7 2 16 3 7 2 16 3 16 0 16 0 7 2 16 3 7 2 16 3 16 1 26 1 16 2 27 3 16 2 27 3 26 2 27 3 26 3 27 2 26 1 27 1 26 3 27 2 26 1 27 1 26 3 27 2 26 1 27 1 26 3 27 2 26 1 27 1 26 3 27 2 16 2 27 3 27 0 27 0 27 0 27 0 27 0 27 0 27 0 27 0 26 2 27 3 26 2 27 3 26 2 27 3 16 1 26 1 26 3 27 2 16 1 26 1 26 3 27 2 16 1 26 1 26 3 27 2 16 1 26 1 16 1 26 1 16 0 16 0 27 0 27 0 27 0 27 0 27 0 27 0 27 0 27 0 27 0 16 0 16 0 16 0 16 1 26 1 16 0 16 0 27 0 26 2 27 3 16 2 26 3 16 1 26 1 16 0 16 0 16 0 16 2 27 3 27 0 27 0 27 0 27 0 27 0 16 0 27 0 27 0 27 0 16 0 16 1 21 1 16 1 21 1 16 1 21 1 16 1 21 1 21 3 22 2 21 3 22 2 21 3 22 2 21 3 22 2 21 3 22 2 16 2 21 3 16 0 21 3 22 2 21 2 22 3 21 1 22 1 21 2 22 3 21 2 22 3 22 0 21 2 22 3 22 0 21 2 22 3 22 0 22 0 21 1 22 1 21 1 22 1 21 1 22 1 16 2 22 3 16 1 21 1 16 1 21 1 16 1 21 1 16 0 16 0 16 1 21 1 21 3 22 2 16 3 21 2 16 0 16 3 21 2 16 0 16 0 16 0 16 0 16 1 21 1 16 0 21 3 22 2 16 1 21 1 16 1 21 1 16 2 22 3 16 2 22 3 22 0 22 0 16 2 22 3 22 0 22 0 22 0 16 0 16 0 16 0 16 0 16 0 16 0 13 1 14 1 13 4 14 5 13 1 14 1 13 4 14 5 13 1 14 1 13 1 14 1 13 1 14 1 13 1 14 1 13 1 14 1 14 0 13 1 14 1 14 0 13 1 14 1 14 0 13 1 14 1 14 0 13 1 14 1 14 0 13 4 14 5 14 0 13 1 14 1 14 0 13 4 14 5 14 0 14 0 14 0 14 0 14 0 7 4 9 10 13 10 7 10 9 13 13 13 13 4 14 5 13 1 14 1 13 4 14 5 13 1 14 1 13 4 14 5 13 1 14 1 13 4 14 5 13 1 14 1 13 4 14 5 13 1 14 1 13 1 14 1 13 1 14 1 13 1 14 1 12 2 13 3 9 1 13 1 12 2 13 3 13 1 14 1 13 1 14 1 12 3 13 2 12 1 13 1 12 3 13 2 12 1 13 1 12 3 13 2 12 1 13 1 12 3 13 2 12 1 13 1 12 3 13 2 12 1 13 1 7 8 8 4 12 4 7 10 8 13 12 13 12 2 13 3 12 2 13 3 12 2 13 3 12 2 13 3 12 3 13 2 12 1 13 1 12 1 13 1 12 1 13 1 12 1 13 1 12 1 13 1 12 2 13 3 12 1 13 1 12 3 13 2 12 1 13 1 7 3 8 2 7 10 12 15 7 10 12 15 7 10 12 15 7 10 12 15 7 10 12 15 7 3 8 2 7 3 12 2 7 3 12 2 7 3 12 2 7 3 8 2 7 0 7 1 8 1 7 3 8 2 7 10 8 15 7 10 8 15 8 3 9 2 7 10 8 15 7 3 8 2 7 3 8 14 12 14 7 3 8 14 12 14 7 1 8 1 7 1 8 1 7 0 7 3 8 2 7 3 8 2 7 1 8 1 7 3 8 2 7 1 8 1 7 10 8 15 7 3 8 2 7 0 7 12 8 11 12 2 7 4 8 11 12 1 7 1 12 1 7 8 8 11 12 15 7 1 12 1 7 1 12 1 7 3 12 2 7 3 12 2 7 0 7 1 8 2 12 2 7 8 8 11 12 15 7 4 8 11 12 1 7 8 8 11 12 15 7 4 8 11 12 1 7 12 8 11 12 2 7 12 8 11 12 2 8 11 12 1 13 4 8 11 12 3 13 6 8 11 12 1 13 4 8 11 12 3 13 6 7 2 12 18 13 19 8 11 12 1 13 4 8 11 12 3 13 6 7 8 12 4 13 4 7 1 8 2 12 2 7 1 10 2 14 2 7 8 12 8 13 5 8 11 12 2 13 12 8 11 12 2 13 12 8 11 12 2 13 12 9 11 13 4 14 1 9 11 13 1 14 4 9 11 13 4 14 1 9 11 13 1 14 4 9 11 13 4 14 1 9 11 13 16 14 17 7 1 10 2 14 2 7 1 10 2 14 2 9 11 13 4 14 1 9 11 13 1 14 4 29 0 29 0 29 0 29 0 29 0 29 0 29 0 29 0 29 0 29 0 29 0 28 1 29 1 29 0 29 0 29 0 29 0 29 0 29 0 29 0 29 0 27 1 28 1 27 1 28 1 27 1 28 1 27 1 28 1 27 1 28 1 28 0 28 0 28 0 28 0 28 1 29 1 28 0 29 0 29 0 27 2 28 3 27 2 28 3 28 0 28 0 29 0 28 1 29 1 29 0 29 0 28 0 29 0 28 0 29 0 28 0 29 0 28 0 28 0 27 2 28 3 29 0 28 1 29 1 29 0 28 1 29 1 28 0 28 0 28 0 28 0 27 2 28 3 27 1 28 1 28 0 28 0 29 0 28 0 28 0 27 8 28 9 28 0 29 0 7 8 8 5 9 8 7 8 8 4 9 4 8 3 9 2 8 3 9 2 7 10 8 15 8 3 9 2 7 10 8 15 8 3 9 2 7 10 8 15 8 1 9 1 8 3 9 2 8 3 9 2 8 2 9 3 7 8 8 8 9 5 8 2 9 3 8 2 9 3 8 1 9 1 8 1 9 1 8 2 9 3 8 1 9 1 8 2 9 3 8 1 9 1 8 2 9 3 8 1 9 1 8 2 9 3 8 1 9 1 9 4 10 1 13 11 10 0 9 1 10 1 10 0 9 1 10 1 10 0 9 1 10 1 10 0 9 1 10 1 10 0 9 1 10 1 10 0 9 4 10 5 10 0 9 4 10 5 10 0 9 4 10 5 10 0 9 1 10 1 10 0 9 1 10 1 10 0 10 0 9 1 10 1 9 1 10 1 9 1 10 1 9 1 10 1 9 1 10 1 9 1 10 1 9 1 10 1 9 1 10 1 9 4 10 5 9 1 10 1 9 4 10 1 13 11 9 4 10 5 9 1 10 1 9 1 10 1 9 1 10 1 9 1 10 1 9 4 10 5 9 4 10 5 9 1 10 1 9 4 10 5 9 1 10 1 9 4 10 5 9 1 10 1 9 4 10 5 9 1 10 1 9 1 10 1 9 1 10 1 8 1 9 1 8 1 9 1 8 1 9 1 8 1 9 1 8 1 9 1 8 3 9 2 8 2 9 3 8 1 9 1 8 1 9 1 8 1 9 1 18 0 18 0 18 0 18 0 18 0 18 0 18 0 18 0 18 0 18 0 18 0 18 0 18 0 18 0 18 0 18 0 18 0 18 0 18 0 18 0 18 0 18 0 18 0 18 0 18 0 18 0 18 0 18 0 18 0 18 0 18 0 18 0 18 0 18 0 18 0 18 0 18 0 18 0 18 0 18 0 18 0 18 0 18 0 18 0 18 0 18 0 18 0 18 0 18 0 18 0 18 0 24 0 24 0 24 0 24 0 24 0 24 0 24 0 24 0 24 0 24 0 24 0 24 0 24 0 24 0 24 0 24 0 24 0 24 0 24 0 24 0 18 0 18 0 18 0 18 0 18 0 18 0 18 0 18 0 18 0 18 0 18 0 18 0 18 0 18 0 18 0 18 0 18 0 18 0 18 0 18 0 18 0 18 0 18 0 18 0 18 0 18 0 18 0 18 0 22 2 23 3 23 0 22 2 23 3 23 0 22 1 23 1 23 0 22 1 23 1 23 0 22 2 23 3 23 0 23 0 23 0 24 0 24 0 24 0 18 0 18 0 18 0 18 0 18 0 18 0 18 0 18 0 18 0 18 0 18 0 18 0 18 0 18 0 18 0 18 0 23 1 24 1 23 0 22 2 23 3 22 0 22 0 22 0 22 0 18 0 18 0 18 0 18 0 18 0 18 0 18 0 18 0 18 0 18 0 18 0 18 0 18 0 18 0 18 0 18 0 22 0 22 0 22 0 22 0 22 1 23 1 22 1 23 1 22 1 23 1 18 0 18 0 18 0 18 0 18 0 18 0 18 0 18 0 18 0 18 0 18 0 18 0 22 0 22 0 22 0 22 0 22 8 23 9 23 0 18 0 18 0 18 0 18 0 18 0 18 0 18 0 18 0 18 0 18 0 18 0 18 0 18 0 18 0 18 0 18 0 18 0 24 0 23 1 24 1 23 0 23 0 23 0 23 0 23 0 18 0 18 0 18 0 18 0 18 0 18 0 18 0 18 0 18 0 18 0 18 0 18 0 18 0 18 0 18 0 18 0 18 0 18 0 18 0 18 0 18 0 18 0 18 0 18 0 18 0 18 0 18 0 18 0 18 0 18 0 18 0 18 0 18 0 18 0 18 0 18 0 18 0 18 0 18 0 18 0 18 0 18 0 18 0 18 0 18 0 18 0 18 0 18 0 18 0 18 0 24 0 24 0 23 0 23 0 23 0 24 0 23 0 23 0 24 0 23 1 24 1 23 0 18 0 18 0 18 0 18 0 18 0 24 0 18 0 18 0 18 0 18 0 18 0 18 0 18 0 18 0 18 0 18 0 18 0 18 0 18 0 18 0 18 0 18 0 18 0 18 0 18 0 18 0 18 0 18 0 18 0 18 0 18 0 18 0 18 0 22 1 23 1 18 0 18 0 22 0 22 0 22 0 22 0 18 0 18 0 18 0 24 0 24 0 18 0 18 0 18 0 18 0 18 0 18 0 18 0 18 0 18 0 18 0 18 0 18 0 18 0 18 0 18 0 18 0 18 0 18 0 22 0 23 1 24 1 18 0 23 0 18 0 18 0 18 0 18 0 24 0 18 0 18 0 18 0 18 0 18 0 18 0 18 0 18 0 18 0 18 0 18 0 18 0 18 0 18 0 18 0 18 0 18 0 18 0 18 0 18 0 18 0 18 0 18 0 16 0 16 0 16 0 16 0 16 0 16 0 16 0 16 0 16 0 16 0 16 0 16 0 16 0 16 0 16 0 16 0 7 5 16 4 7 5 16 4 7 5 16 4 7 4 16 5 7 5 16 4 16 0 16 0 16 0 16 0 16 0 16 0 16 0 16 0 16 0 16 0 16 0 16 0 16 0 16 0 16 0 16 0 16 0 16 0 16 0 7 3 16 2 7 3 16 2 7 3 16 2 7 1 16 1 16 0 16 0 16 0 16 0 16 0 16 0 16 0 16 0 16 0 16 0 16 0 16 0 16 0 16 0 16 0 16 0 16 0 16 0 16 0 16 0 16 0 16 0 7 1 16 1 7 5 16 4 7 4 16 5 7 5 16 4 7 4 16 5 16 0 16 0 7 5 16 4 7 4 16 5 16 0 16 0 16 0 16 0 7 1 16 1 7 3 16 2 16 0 16 0 16 0 16 0 16 0 7 3 16 2 7 3 16 2 16 0 7 5 16 4 7 3 16 2 16 0 7 5 16 4 7 5 16 4 7 5 16 4 7 3 16 2 16 0 7 0 7 7 16 6 7 0 7 7 16 6 7 0 7 3 16 2 7 7 16 6 7 3 16 2 7 3 16 2 7 7 16 6 7 3 16 2 7 7 16 6 7 3 16 2 7 0 7 0 13 2 14 3 13 2 14 3 13 2 14 3 13 2 14 3 13 2 14 3 7 4 9 10 13 10 9 11 13 2 14 12 9 11 13 2 14 12 8 11 13 4 14 1 7 1 10 2 14 2 9 2 10 3 7 1 12 2 13 2 9 11 13 2 14 12 9 4 10 1 13 11 9 2 10 3 9 2 10 3 9 2 10 3 9 2 10 3 9 2 10 3 9 2 10 3</v>
                </vertex_weights>
            </skin>
        </controller>
    </library_controllers>
    <library_visual_scenes>
        <visual_scene id="VisualSceneNode">
            <node id="node0" name="m0" type="NODE">
                <instance_controller url="#controller0">
                    <skeleton>#jointnode-1</skeleton>
                    <bind_material>
                        <technique_common>
                            <instance_material symbol="Material1" target="#mat2">
                                <bind_vertex_input semantic="UVSET0" input_semantic="TEXCOORD" input_set="0"></bind_vertex_input>
                            </instance_material>
                        </technique_common>
                    </bind_material>
                </instance_controller>
            </node>
            <node id="node1" name="m1" type="NODE">
                <instance_controller url="#controller1">
                    <skeleton>#jointnode-1</skeleton>
                    <bind_material>
                        <technique_common>
                            <instance_material symbol="Material1" target="#mat3">
                                <bind_vertex_input semantic="UVSET0" input_semantic="TEXCOORD" input_set="0"></bind_vertex_input>
                            </instance_material>
                        </technique_common>
                    </bind_material>
                </instance_controller>
            </node>
            <node id="node2" name="m2" type="NODE">
                <instance_controller url="#controller2">
                    <skeleton>#jointnode-1</skeleton>
                    <bind_material>
                        <technique_common>
                            <instance_material symbol="Material1" target="#mat1">
                                <bind_vertex_input semantic="UVSET0" input_semantic="TEXCOORD" input_set="0"></bind_vertex_input>
                            </instance_material>
                        </technique_common>
                    </bind_material>
                </instance_controller>
            </node>
            <node id="node3" name="m3" type="NODE">
                <instance_controller url="#controller3">
                    <skeleton>#jointnode-1</skeleton>
                    <bind_material>
                        <technique_common>
                            <instance_material symbol="Material1" target="#mat0">
                                <bind_vertex_input semantic="UVSET0" input_semantic="TEXCOORD" input_set="0"></bind_vertex_input>
                            </instance_material>
                        </technique_common>
                    </bind_material>
                </instance_controller>
            </node>
            <node id="jointnode-1" name="root" sid="jointnode-1" type="JOINT">
                <node id="jointnode0" name="world_root" sid="jointnode0" type="JOINT">
                    <node id="jointnode1" name="ColPos" sid="jointnode1" type="JOINT">
                        <translate>0 125.14652252197266 0</translate>
                    </node>
                    <node id="jointnode2" name="FaceVisiblity" sid="jointnode2" type="JOINT">
                        <translate>0 0 100</translate>
                    </node>
                    <node id="jointnode3" name="LHandVisiblity" sid="jointnode3" type="JOINT">
                        <translate>100 0 0</translate>
                    </node>
                    <node id="jointnode4" name="RHandVisiblity" sid="jointnode4" type="JOINT">
                        <translate>-100 0 0</translate>
                    </node>
                    <node id="jointnode5" name="RotCenter" sid="jointnode5" type="JOINT">
                        <translate>0 93 0</translate>
                    </node>
                    <node id="jointnode6" name="hip" sid="jointnode6" type="JOINT">
                        <translate>0 137.5 2.5</translate>
                        <rotate>0 0 1 -89.99725333414716</rotate>
                        <rotate>1 0 0 -89.99725333414716</rotate>
                        <node id="jointnode7" name="legL1" sid="jointnode7" type="JOINT">
                            <translate>12.499999046325684 2.4999990463256836 37</translate>
                            <rotate>0 0 1 -0.13733329264198738</rotate>
                            <rotate>1 0 0 180</rotate>
                            <node id="jointnode8" name="legL2" sid="jointnode8" type="JOINT">
                                <translate>57.5 1.101269006729126 0</translate>
                                <node id="jointnode9" name="footL" sid="jointnode9" type="JOINT">
                                    <translate>45 -1.3554229736328125 0</translate>
                                    <rotate>0 0 1 -0.13733329264198738</rotate>
                                    <node id="jointnode10" name="toeL" sid="jointnode10" type="JOINT">
                                        <translate>15 40 1.8749990463256836</translate>
                                        <rotate>0 0 1 89.99725333414716</rotate>
                                    </node>
                                </node>
                            </node>
                        </node>
                        <node id="jointnode11" name="legR1" sid="jointnode11" type="JOINT">
                            <translate>12.500000953674316 2.5000009536743164 -37</translate>
                            <rotate>0 0 1 -0.14282662434766685</rotate>
                            <rotate>1 0 0 180</rotate>
                            <node id="jointnode12" name="legR2" sid="jointnode12" type="JOINT">
                                <translate>57.50004577636719 1.0843390226364136 -9.999999974752427e-7</translate>
                                <rotate>0 0 1 -0.005493331705679495</rotate>
                                <node id="jointnode13" name="footR" sid="jointnode13" type="JOINT">
                                    <translate>45.00007247924805 -1.3430540561676025 -9.999999974752427e-7</translate>
                                    <rotate>0 0 1 -0.13733329264198738</rotate>
                                    <node id="jointnode14" name="toeR" sid="jointnode14" type="JOINT">
                                        <translate>15 40 -1.8749990463256836</translate>
                                        <rotate>0 0 1 89.99725333414716</rotate>
                                    </node>
                                </node>
                            </node>
                        </node>
                        <node id="jointnode15" name="spin" sid="jointnode15" type="JOINT">
                            <translate>-36.946807861328125 -5.270681858062744 -9.999999974752427e-7</translate>
                            <rotate>0 0 1 -164.9977111117893</rotate>
                            <node id="jointnode16" name="neck" sid="jointnode16" type="JOINT">
                                <translate>88.28052520751953 -10.517789840698242 9.999999974752427e-7</translate>
                                <rotate>0 0 1 50.00030518509476</rotate>
                                <node id="jointnode17" name="head" sid="jointnode17" type="JOINT">
                                    <translate>16.270000457763672 -0.9100000262260437 0</translate>
                                    <rotate>0 0 1 25.00015259254738</rotate>
                                    <node id="jointnode18" name="Head00" sid="jointnode18" type="JOINT">
                                    </node>
                                    <node id="jointnode19" name="hair1" sid="jointnode19" type="JOINT">
                                        <translate>14.51375961303711 -44.92366409301758 0.000003000000106112566</translate>
                                        <rotate>0 0 1 -44.99588000122074</rotate>
                                    </node>
                                </node>
                            </node>
                            <node id="jointnode20" name="shoulderL" sid="jointnode20" type="JOINT">
                                <translate>55.204620361328125 -17.607759475708008 42.0706672668457</translate>
                                <rotate>0 1 0 -89.99725333414716</rotate>
                                <rotate>1 0 0 -14.99679555650502</rotate>
                                <node id="jointnode21" name="armL1" sid="jointnode21" type="JOINT">
                                    <translate>49.25837707519531 -12.842338562011719 -0.8026459813117981</translate>
                                    <rotate>0 0 1 0.24719992675557725</rotate>
                                    <rotate>1 0 0 180</rotate>
                                    <node id="jointnode22" name="armL2" sid="jointnode22" type="JOINT">
                                        <translate>70.98450469970703 0.9535009860992432 -0.00011899999663000926</translate>
                                        <rotate>0 0 1 -0.054933317056794946</rotate>
                                        <node id="jointnode23" name="wristL" sid="jointnode23" type="JOINT">
                                            <translate>74.8952407836914 -0.9954410195350647 -0.000007000000096013537</translate>
                                            <rotate>0 0 1 0.3021332438123722</rotate>
                                            <rotate>1 0 0 89.99725333414716</rotate>
                                            <node id="jointnode24" name="LHand00" sid="jointnode24" type="JOINT">
                                            </node>
                                        </node>
                                    </node>
                                </node>
                            </node>
                            <node id="jointnode25" name="shoulderR" sid="jointnode25" type="JOINT">
                                <translate>55.20462417602539 -17.607759475708008 -41.63612747192383</translate>
                                <rotate>0 1 0 89.99725333414716</rotate>
                                <rotate>1 0 0 14.99679555650502</rotate>
                                <node id="jointnode26" name="armR1" sid="jointnode26" type="JOINT">
                                    <translate>49.89896774291992 -12.842338562011719 0.8026459813117981</translate>
                                    <rotate>1 0 0 180</rotate>
                                    <node id="jointnode27" name="armR2" sid="jointnode27" type="JOINT">
                                        <translate>70.98450469970703 0.8087810277938843 -0.0019000000320374966</translate>
                                        <node id="jointnode28" name="wristR" sid="jointnode28" type="JOINT">
                                            <translate>74.8952407836914 -1.2546720504760742 -0.0003389999910723418</translate>
                                            <rotate>1 0 0 -89.99725333414716</rotate>
                                            <node id="jointnode29" name="RHand00" sid="jointnode29" type="JOINT">
                                            </node>
                                        </node>
                                    </node>
                                </node>
                            </node>
                            <node id="jointnode30" name="tie1" sid="jointnode30" type="JOINT">
                                <translate>53.689998626708984 22.219539642333984 9.999999974752427e-7</translate>
                                <rotate>0 0 1 46.566972869045074</rotate>
                                <node id="jointnode31" name="tie2" sid="jointnode31" type="JOINT">
                                    <translate>-5.107291221618652 50.44388961791992 -9.999999974752427e-7</translate>
                                    <rotate>0 0 1 116.27185888241218</rotate>
                                    <node id="jointnode32" name="tie3" sid="jointnode32" type="JOINT">
                                        <translate>30.69717025756836 -0.8755390048027039 0</translate>
                                        <rotate>0 0 1 5.888851588488418</rotate>
                                        <node id="jointnode33" name="tie4" sid="jointnode33" type="JOINT">
                                            <translate>26.730558395385742 0.7924079895019531 0</translate>
                                            <rotate>0 0 1 -3.389385662404248</rotate>
                                            <rotate>1 0 0 180</rotate>
                                        </node>
                                    </node>
                                </node>
                            </node>
                        </node>
                    </node>
                </node>
            </node>
        </visual_scene>
    </library_visual_scenes>
    <scene>
        <instance_visual_scene url="#VisualSceneNode"></instance_visual_scene>
    </scene>
</COLLADA>
