# Blender v2.79 (sub 0) OBJ File: ''
# www.blender.org
mtllib left hand 2.mtl
o n0b0_n0b0.001
v 2.221094 -1.016016 1.552344
v 2.221094 -1.016016 1.552344
v 2.221094 -1.016016 1.552344
v 2.221094 -1.016016 1.552344
v 2.221094 -1.016016 1.552344
v 2.221094 -1.016016 1.552344
v 2.221094 -1.016016 1.552344
v 2.089844 -0.399219 -2.138281
v 2.089844 -0.399219 -2.138281
v 2.089844 -0.399219 -2.138281
v 2.089844 -0.399219 -2.138281
v 2.675391 -0.214453 2.180078
v 2.675391 -0.214453 2.180078
v 2.675391 -0.214453 2.180078
v 2.675391 -0.214453 2.180078
v 2.675391 -0.214453 2.180078
v 2.675391 -0.214453 2.180078
v 2.675391 -0.214453 2.180078
v 2.675391 -0.214453 2.180078
v 1.979688 0.359766 -2.232422
v 1.979688 0.359766 -2.232422
v 1.979688 0.359766 -2.232422
v 1.979688 0.359766 -2.232422
v 1.979688 0.359766 -2.232422
v 1.979688 0.359766 -2.232422
v 1.800000 0.551172 2.306641
v 1.800000 0.551172 2.306641
v 1.800000 0.551172 2.306641
v 1.800000 0.551172 2.306641
v 1.800000 0.551172 2.306641
v 1.800000 0.551172 2.306641
v 2.450000 -0.339453 -2.119141
v 2.450000 -0.339453 -2.119141
v 2.450000 -0.339453 -2.119141
v 2.450000 -0.339453 -2.119141
v 2.450000 -0.339453 -2.119141
v 3.645703 -0.684766 3.882422
v 3.645703 -0.684766 3.882422
v 3.645703 -0.684766 3.882422
v 3.645703 -0.684766 3.882422
v 2.550391 0.238672 -2.376563
v 2.550391 0.238672 -2.376563
v 2.550391 0.238672 -2.376563
v 2.550391 0.238672 -2.376563
v 3.874219 -0.877734 3.536328
v 3.874219 -0.877734 3.536328
v 3.874219 -0.877734 3.536328
v 3.874219 -0.877734 3.536328
v 3.874219 -0.877734 3.536328
v 2.763281 0.223047 -2.351953
v 2.763281 0.223047 -2.351953
v 2.763281 0.223047 -2.351953
v 2.763281 0.223047 -2.351953
v 3.639844 -1.297656 3.016406
v 3.639844 -1.297656 3.016406
v 3.639844 -1.297656 3.016406
v 3.639844 -1.297656 3.016406
v 3.639844 -1.297656 3.016406
v 2.919922 -0.147656 -2.203125
v 2.919922 -0.147656 -2.203125
v 2.919922 -0.147656 -2.203125
v 2.919922 -0.147656 -2.203125
v 3.966797 -1.400781 3.466016
v 3.966797 -1.400781 3.466016
v 3.966797 -1.400781 3.466016
v 3.966797 -1.400781 3.466016
v 2.938672 -0.226562 1.909766
v 2.938672 -0.226562 1.909766
v 2.938672 -0.226562 1.909766
v 2.938672 -0.226562 1.909766
v 2.938672 -0.226562 1.909766
v 2.938672 -0.226562 1.909766
v 3.190625 -0.988672 4.160547
v 3.190625 -0.988672 4.160547
v 3.190625 -0.988672 4.160547
v 3.190625 -0.988672 4.160547
v 3.190625 -0.988672 4.160547
v 2.905078 0.306641 2.077344
v 2.905078 0.306641 2.077344
v 2.905078 0.306641 2.077344
v 2.905078 0.306641 2.077344
v 3.378516 -1.154688 2.785156
v 3.378516 -1.154688 2.785156
v 3.378516 -1.154688 2.785156
v 3.378516 -1.154688 2.785156
v 2.593359 0.505859 2.070312
v 2.593359 0.505859 2.070312
v 2.593359 0.505859 2.070312
v 2.593359 0.505859 2.070312
v 2.593359 0.505859 2.070312
v 2.593359 0.505859 2.070312
v 2.593359 0.505859 2.070312
v 3.594141 -0.657813 3.207031
v 3.594141 -0.657813 3.207031
v 3.594141 -0.657813 3.207031
v 3.594141 -0.657813 3.207031
v 3.594141 -0.657813 3.207031
v 3.594141 -0.657813 3.207031
v 2.735938 -0.262500 2.025391
v 2.735938 -0.262500 2.025391
v 2.735938 -0.262500 2.025391
v 2.735938 -0.262500 2.025391
v 2.735938 -0.262500 2.025391
v 2.647266 -0.601562 3.907813
v 2.647266 -0.601562 3.907813
v 2.647266 -0.601562 3.907813
v 2.647266 -0.601562 3.907813
v 2.642578 -0.737109 -1.424609
v 2.642578 -0.737109 -1.424609
v 2.642578 -0.737109 -1.424609
v 2.642578 -0.737109 -1.424609
v 2.642578 -0.737109 -1.424609
v 3.141406 -0.347266 3.647266
v 3.141406 -0.347266 3.647266
v 3.141406 -0.347266 3.647266
v 3.141406 -0.347266 3.647266
v 3.165625 -0.308594 -1.730469
v 3.165625 -0.308594 -1.730469
v 3.165625 -0.308594 -1.730469
v 3.165625 -0.308594 -1.730469
v 3.165625 -0.308594 -1.730469
v 3.165625 -0.308594 -1.730469
v 3.165625 -0.308594 -1.730469
v 2.241016 -0.366797 3.539453
v 2.241016 -0.366797 3.539453
v 2.241016 -0.366797 3.539453
v 2.241016 -0.366797 3.539453
v 2.832031 0.891016 1.972266
v 2.832031 0.891016 1.972266
v 2.832031 0.891016 1.972266
v 2.832031 0.891016 1.972266
v 2.832031 0.891016 1.972266
v 2.832031 0.891016 1.972266
v 2.747266 -0.150000 3.325391
v 2.747266 -0.150000 3.325391
v 2.747266 -0.150000 3.325391
v 2.747266 -0.150000 3.325391
v 2.747266 -0.150000 3.325391
v 3.659766 -0.252734 -0.197266
v 3.659766 -0.252734 -0.197266
v 3.659766 -0.252734 -0.197266
v 3.659766 -0.252734 -0.197266
v 3.659766 -0.252734 -0.197266
v 2.937109 -0.933594 2.548438
v 2.937109 -0.933594 2.548438
v 2.937109 -0.933594 2.548438
v 2.937109 -0.933594 2.548438
v 3.653516 0.912500 -0.263281
v 3.653516 0.912500 -0.263281
v 3.653516 0.912500 -0.263281
v 3.653516 0.912500 -0.263281
v 2.682031 -0.872656 2.103125
v 2.682031 -0.872656 2.103125
v 2.682031 -0.872656 2.103125
v 2.682031 -0.872656 2.103125
v 2.682031 -0.872656 2.103125
v 2.564844 -0.660156 0.064844
v 2.564844 -0.660156 0.064844
v 2.564844 -0.660156 0.064844
v 2.564844 -0.660156 0.064844
v 2.564844 -0.660156 0.064844
v 2.754688 -0.207813 2.407813
v 2.754688 -0.207813 2.407813
v 2.754688 -0.207813 2.407813
v 2.754688 -0.207813 2.407813
v 2.754688 -0.207813 2.407813
v 2.754688 -0.207813 2.407813
v 2.762891 -0.737109 1.439844
v 2.762891 -0.737109 1.439844
v 2.762891 -0.737109 1.439844
v 2.762891 -0.737109 1.439844
v 2.762891 -0.737109 1.439844
v 2.762891 -0.737109 1.439844
v 1.632812 -0.077734 2.990234
v 1.632812 -0.077734 2.990234
v 1.632812 -0.077734 2.990234
v 1.632812 -0.077734 2.990234
v 3.173047 -0.472266 1.419531
v 3.173047 -0.472266 1.419531
v 3.173047 -0.472266 1.419531
v 3.173047 -0.472266 1.419531
v 3.173047 -0.472266 1.419531
v 3.173047 -0.472266 1.419531
v 1.884375 -0.204297 3.248047
v 1.884375 -0.204297 3.248047
v 1.884375 -0.204297 3.248047
v 1.884375 -0.204297 3.248047
v 3.125781 1.438672 -1.655469
v 3.125781 1.438672 -1.655469
v 3.125781 1.438672 -1.655469
v 3.125781 1.438672 -1.655469
v 3.125781 1.438672 -1.655469
v 2.178516 0.170703 2.731641
v 2.178516 0.170703 2.731641
v 2.178516 0.170703 2.731641
v 2.178516 0.170703 2.731641
v 2.381250 -0.866016 -1.417578
v 2.381250 -0.866016 -1.417578
v 2.381250 -0.866016 -1.417578
v 2.381250 -0.866016 -1.417578
v 2.381250 -0.866016 -1.417578
v 2.407813 -0.000391 2.978906
v 2.407813 -0.000391 2.978906
v 2.407813 -0.000391 2.978906
v 2.407813 -0.000391 2.978906
v 2.407813 -0.000391 2.978906
v 2.102734 -0.969141 0.022656
v 2.102734 -0.969141 0.022656
v 2.102734 -0.969141 0.022656
v 2.102734 -0.969141 0.022656
v 2.102734 -0.969141 0.022656
v 3.933985 -1.222266 3.876172
v 3.933985 -1.222266 3.876172
v 3.933985 -1.222266 3.876172
v 3.933985 -1.222266 3.876172
v 3.933985 -1.222266 3.876172
v 1.464063 -1.150391 -1.373828
v 1.464063 -1.150391 -1.373828
v 1.464063 -1.150391 -1.373828
v 1.464063 -1.150391 -1.373828
v 1.655078 -1.322266 1.651563
v 1.655078 -1.322266 1.651563
v 1.655078 -1.322266 1.651563
v 1.655078 -1.322266 1.651563
v 1.655078 -1.322266 1.651563
v 1.430859 -1.230859 -0.136719
v 1.430859 -1.230859 -0.136719
v 1.430859 -1.230859 -0.136719
v 1.430859 -1.230859 -0.136719
v 1.430859 -1.230859 -0.136719
v 1.430859 -1.230859 -0.136719
v 0.586719 -0.583594 2.312891
v 0.586719 -0.583594 2.312891
v 0.586719 -0.583594 2.312891
v 0.586719 -0.583594 2.312891
v 0.586719 -0.583594 2.312891
v 0.586719 -0.583594 2.312891
v 1.925391 -1.091406 0.944922
v 1.925391 -1.091406 0.944922
v 1.925391 -1.091406 0.944922
v 1.925391 -1.091406 0.944922
v 1.925391 -1.091406 0.944922
v 1.925391 -1.091406 0.944922
v 2.885156 -1.453125 4.115625
v 2.885156 -1.453125 4.115625
v 2.885156 -1.453125 4.115625
v 2.885156 -1.453125 4.115625
v 0.727344 -1.110937 -1.200781
v 0.727344 -1.110937 -1.200781
v 0.727344 -1.110937 -1.200781
v 0.727344 -1.110937 -1.200781
v 3.002344 -1.682031 3.857422
v 3.002344 -1.682031 3.857422
v 3.002344 -1.682031 3.857422
v 3.002344 -1.682031 3.857422
v 3.002344 -1.682031 3.857422
v 0.861719 -0.438281 -1.915625
v 0.861719 -0.438281 -1.915625
v 0.861719 -0.438281 -1.915625
v 0.861719 -0.438281 -1.915625
v 3.163672 -1.667578 3.248047
v 3.163672 -1.667578 3.248047
v 3.163672 -1.667578 3.248047
v 3.163672 -1.667578 3.248047
v 3.163672 -1.667578 3.248047
v 0.725781 -1.058203 -0.137109
v 0.725781 -1.058203 -0.137109
v 0.725781 -1.058203 -0.137109
v 0.725781 -1.058203 -0.137109
v 0.725781 -1.058203 -0.137109
v 3.594531 -1.689453 3.617188
v 3.594531 -1.689453 3.617188
v 3.594531 -1.689453 3.617188
v 3.594531 -1.689453 3.617188
v 0.682031 0.778906 1.698438
v 0.682031 0.778906 1.698438
v 0.682031 0.778906 1.698438
v 0.682031 0.778906 1.698438
v 0.682031 0.778906 1.698438
v 0.682031 0.778906 1.698438
v 0.682031 0.778906 1.698438
v 0.682031 0.778906 1.698438
v 2.833594 -1.607031 3.018750
v 2.833594 -1.607031 3.018750
v 2.833594 -1.607031 3.018750
v 2.833594 -1.607031 3.018750
v 0.132422 0.585156 -1.582422
v 0.132422 0.585156 -1.582422
v 0.132422 0.585156 -1.582422
v 0.132422 0.585156 -1.582422
v 0.132422 0.585156 -1.582422
v 0.132422 0.585156 -1.582422
v 2.378125 -1.588672 3.475000
v 2.378125 -1.588672 3.475000
v 2.378125 -1.588672 3.475000
v 2.378125 -1.588672 3.475000
v 2.378125 -1.588672 3.475000
v 2.378125 -1.588672 3.475000
v 0.069922 -0.912109 -1.074609
v 0.069922 -0.912109 -1.074609
v 0.069922 -0.912109 -1.074609
v 0.069922 -0.912109 -1.074609
v 2.300000 -1.298047 3.755078
v 2.300000 -1.298047 3.755078
v 2.300000 -1.298047 3.755078
v 2.300000 -1.298047 3.755078
v 0.070703 -0.232031 -1.582422
v 0.070703 -0.232031 -1.582422
v 0.070703 -0.232031 -1.582422
v 0.070703 -0.232031 -1.582422
v 0.070703 -0.232031 -1.582422
v 1.893750 -1.161719 3.408203
v 1.893750 -1.161719 3.408203
v 1.893750 -1.161719 3.408203
v 1.893750 -1.161719 3.408203
v 1.893750 -1.161719 3.408203
v 0.038672 -1.028906 -0.137500
v 0.038672 -1.028906 -0.137500
v 0.038672 -1.028906 -0.137500
v 0.038672 -1.028906 -0.137500
v 0.038672 -1.028906 -0.137500
v 0.038672 -1.028906 -0.137500
v 2.325781 -1.373438 2.766406
v 2.325781 -1.373438 2.766406
v 2.325781 -1.373438 2.766406
v 2.325781 -1.373438 2.766406
v 0.037500 -0.912109 0.853125
v 0.037500 -0.912109 0.853125
v 0.037500 -0.912109 0.853125
v 0.037500 -0.912109 0.853125
v 0.037500 -0.912109 0.853125
v 2.018750 -1.300391 2.287109
v 2.018750 -1.300391 2.287109
v 2.018750 -1.300391 2.287109
v 2.018750 -1.300391 2.287109
v 2.018750 -1.300391 2.287109
v -0.155078 -0.053125 1.394141
v -0.155078 -0.053125 1.394141
v -0.155078 -0.053125 1.394141
v -0.155078 -0.053125 1.394141
v -0.155078 -0.053125 1.394141
v -0.155078 -0.053125 1.394141
v 1.405859 -1.218359 2.630469
v 1.405859 -1.218359 2.630469
v 1.405859 -1.218359 2.630469
v 1.405859 -1.218359 2.630469
v 1.405859 -1.218359 2.630469
v 1.405859 -1.218359 2.630469
v 1.405859 -1.218359 2.630469
v 0.039062 0.684375 1.300000
v 0.039062 0.684375 1.300000
v 0.039062 0.684375 1.300000
v 0.039062 0.684375 1.300000
v 0.039062 0.684375 1.300000
v 0.039062 0.684375 1.300000
v 1.307813 -0.881250 2.874609
v 1.307813 -0.881250 2.874609
v 1.307813 -0.881250 2.874609
v 1.307813 -0.881250 2.874609
v -0.337891 0.779688 -0.564453
v -0.337891 0.779688 -0.564453
v -0.337891 0.779688 -0.564453
v -0.337891 0.779688 -0.564453
v -0.337891 0.779688 -0.564453
v -0.337891 0.779688 -0.564453
v 1.560547 -1.020313 3.141406
v 1.560547 -1.020313 3.141406
v 1.560547 -1.020313 3.141406
v 1.560547 -1.020313 3.141406
v 1.560547 -1.020313 3.141406
v -0.297266 0.178906 -1.105469
v -0.297266 0.178906 -1.105469
v -0.297266 0.178906 -1.105469
v -0.297266 0.178906 -1.105469
v -0.297266 0.178906 -1.105469
v 3.442188 -1.612891 4.081641
v 3.442188 -1.612891 4.081641
v 3.442188 -1.612891 4.081641
v 3.442188 -1.612891 4.081641
v 3.442188 -1.612891 4.081641
v -0.332031 -0.508984 0.433594
v -0.332031 -0.508984 0.433594
v -0.332031 -0.508984 0.433594
v -0.332031 -0.508984 0.433594
v -0.332031 -0.508984 0.433594
v -0.332031 -0.508984 0.433594
v 1.014063 0.263281 2.427344
v 1.014063 0.263281 2.427344
v 1.014063 0.263281 2.427344
v 1.014063 0.263281 2.427344
v -0.338281 0.779688 0.433594
v -0.338281 0.779688 0.433594
v -0.338281 0.779688 0.433594
v -0.338281 0.779688 0.433594
v -0.338281 0.779688 0.433594
v 1.947656 0.357031 2.451172
v 1.947656 0.357031 2.451172
v 1.947656 0.357031 2.451172
v 1.947656 0.357031 2.451172
v 1.947656 0.357031 2.451172
v 2.096094 1.667969 -0.411719
v 2.096094 1.667969 -0.411719
v 2.096094 1.667969 -0.411719
v 2.096094 1.667969 -0.411719
v 2.096094 1.667969 -0.411719
v 1.335156 0.060938 2.734766
v 1.335156 0.060938 2.734766
v 1.335156 0.060938 2.734766
v 1.335156 0.060938 2.734766
v 3.118359 1.538281 -1.043359
v 3.118359 1.538281 -1.043359
v 3.118359 1.538281 -1.043359
v 3.118359 1.538281 -1.043359
v 3.118359 1.538281 -1.043359
v 0.992578 -0.757422 2.631250
v 0.992578 -0.757422 2.631250
v 0.992578 -0.757422 2.631250
v 0.992578 -0.757422 2.631250
v 3.088672 1.644141 -0.358203
v 3.088672 1.644141 -0.358203
v 3.088672 1.644141 -0.358203
v 3.088672 1.644141 -0.358203
v 3.088672 1.644141 -0.358203
v 3.080859 -0.427734 2.765625
v 3.080859 -0.427734 2.765625
v 3.080859 -0.427734 2.765625
v 3.080859 -0.427734 2.765625
v 3.080859 -0.427734 2.765625
v 3.013672 1.539453 0.750391
v 3.013672 1.539453 0.750391
v 3.013672 1.539453 0.750391
v 3.013672 1.539453 0.750391
v 3.013672 1.539453 0.750391
v 1.888281 -1.388672 3.094922
v 1.888281 -1.388672 3.094922
v 1.888281 -1.388672 3.094922
v 1.888281 -1.388672 3.094922
v 1.888281 -1.388672 3.094922
v 2.095313 1.667969 0.174609
v 2.095313 1.667969 0.174609
v 2.095313 1.667969 0.174609
v 2.095313 1.667969 0.174609
v 2.095313 1.667969 0.174609
v 0.751953 -1.164844 1.883984
v 0.751953 -1.164844 1.883984
v 0.751953 -1.164844 1.883984
v 0.751953 -1.164844 1.883984
v 0.751953 -1.164844 1.883984
v 0.751953 -1.164844 1.883984
v 3.086719 1.643750 0.032813
v 3.086719 1.643750 0.032813
v 3.086719 1.643750 0.032813
v 3.086719 1.643750 0.032813
v 3.086719 1.643750 0.032813
v 3.278516 1.059766 2.034375
v 3.278516 1.059766 2.034375
v 3.278516 1.059766 2.034375
v 3.278516 1.059766 2.034375
v 3.278516 1.059766 2.034375
v 3.135547 1.330859 -1.341797
v 3.135547 1.330859 -1.341797
v 3.135547 1.330859 -1.341797
v 3.135547 1.330859 -1.341797
v 3.135547 1.330859 -1.341797
v 3.135547 1.330859 -1.341797
v 3.135547 1.330859 -1.341797
v 6.613281 -0.146875 2.377734
v 6.613281 -0.146875 2.377734
v 6.613281 -0.146875 2.377734
v 6.613281 -0.146875 2.377734
v 3.070312 1.476953 -0.162500
v 3.070312 1.476953 -0.162500
v 3.070312 1.476953 -0.162500
v 3.070312 1.476953 -0.162500
v 3.070312 1.476953 -0.162500
v 3.070312 1.476953 -0.162500
v 3.070312 1.476953 -0.162500
v 6.475000 0.220703 2.292969
v 6.475000 0.220703 2.292969
v 6.475000 0.220703 2.292969
v 6.475000 0.220703 2.292969
v 6.475000 0.220703 2.292969
v 3.022656 1.325781 0.946094
v 3.022656 1.325781 0.946094
v 3.022656 1.325781 0.946094
v 3.022656 1.325781 0.946094
v 3.022656 1.325781 0.946094
v 3.022656 1.325781 0.946094
v 3.022656 1.325781 0.946094
v 6.078125 -0.418750 2.061328
v 6.078125 -0.418750 2.061328
v 6.078125 -0.418750 2.061328
v 6.078125 -0.418750 2.061328
v 6.078125 -0.418750 2.061328
v 3.581641 0.918750 -1.421484
v 3.581641 0.918750 -1.421484
v 3.581641 0.918750 -1.421484
v 3.581641 0.918750 -1.421484
v 5.712110 -0.639844 2.188281
v 5.712110 -0.639844 2.188281
v 5.712110 -0.639844 2.188281
v 5.712110 -0.639844 2.188281
v 5.712110 -0.639844 2.188281
v 3.416406 -0.260156 -1.454687
v 3.416406 -0.260156 -1.454687
v 3.416406 -0.260156 -1.454687
v 3.416406 -0.260156 -1.454687
v 3.416406 -0.260156 -1.454687
v 5.489453 -0.399609 2.845703
v 5.489453 -0.399609 2.845703
v 5.489453 -0.399609 2.845703
v 5.489453 -0.399609 2.845703
v 5.489453 -0.399609 2.845703
v 3.565234 0.946484 0.959766
v 3.565234 0.946484 0.959766
v 3.565234 0.946484 0.959766
v 3.565234 0.946484 0.959766
v 5.437500 -0.630859 2.554297
v 5.437500 -0.630859 2.554297
v 5.437500 -0.630859 2.554297
v 5.437500 -0.630859 2.554297
v 5.437500 -0.630859 2.554297
v 3.608984 -0.318359 0.945703
v 3.608984 -0.318359 0.945703
v 3.608984 -0.318359 0.945703
v 3.608984 -0.318359 0.945703
v 3.608984 -0.318359 0.945703
v 6.185156 -0.155078 3.026953
v 6.185156 -0.155078 3.026953
v 6.185156 -0.155078 3.026953
v 6.185156 -0.155078 3.026953
v 3.205078 -0.425000 -1.052734
v 3.205078 -0.425000 -1.052734
v 3.205078 -0.425000 -1.052734
v 3.205078 -0.425000 -1.052734
v 3.205078 -0.425000 -1.052734
v 6.021875 0.186328 3.017578
v 6.021875 0.186328 3.017578
v 6.021875 0.186328 3.017578
v 6.021875 0.186328 3.017578
v 6.021875 0.186328 3.017578
v 3.264844 -0.471094 -0.449219
v 3.264844 -0.471094 -0.449219
v 3.264844 -0.471094 -0.449219
v 3.264844 -0.471094 -0.449219
v 3.264844 -0.471094 -0.449219
v 6.373828 0.261328 2.690625
v 6.373828 0.261328 2.690625
v 6.373828 0.261328 2.690625
v 6.373828 0.261328 2.690625
v 3.363281 -0.526953 0.105469
v 3.363281 -0.526953 0.105469
v 3.363281 -0.526953 0.105469
v 3.363281 -0.526953 0.105469
v 3.363281 -0.526953 0.105469
v 6.557422 -0.089844 2.764453
v 6.557422 -0.089844 2.764453
v 6.557422 -0.089844 2.764453
v 6.557422 -0.089844 2.764453
v 6.557422 -0.089844 2.764453
v 3.378516 -0.579688 0.773438
v 3.378516 -0.579688 0.773438
v 3.378516 -0.579688 0.773438
v 3.378516 -0.579688 0.773438
v 3.378516 -0.579688 0.773438
v 3.378516 -0.579688 0.773438
v 5.281641 -0.467187 2.028516
v 5.281641 -0.467187 2.028516
v 5.281641 -0.467187 2.028516
v 5.281641 -0.467187 2.028516
v 2.216797 0.508984 2.182422
v 2.216797 0.508984 2.182422
v 2.216797 0.508984 2.182422
v 2.216797 0.508984 2.182422
v 2.216797 0.508984 2.182422
v 5.787109 0.007422 1.879688
v 5.787109 0.007422 1.879688
v 5.787109 0.007422 1.879688
v 5.787109 0.007422 1.879688
v 5.787109 0.007422 1.879688
v 5.787109 0.007422 1.879688
v 0.029297 -0.258594 1.742188
v 0.029297 -0.258594 1.742188
v 0.029297 -0.258594 1.742188
v 0.029297 -0.258594 1.742188
v 0.029297 -0.258594 1.742188
v 5.008594 -0.450391 2.395313
v 5.008594 -0.450391 2.395313
v 5.008594 -0.450391 2.395313
v 5.008594 -0.450391 2.395313
v 1.398438 -1.312891 1.020703
v 1.398438 -1.312891 1.020703
v 1.398438 -1.312891 1.020703
v 1.398438 -1.312891 1.020703
v 5.143750 -0.033203 2.795703
v 5.143750 -0.033203 2.795703
v 5.143750 -0.033203 2.795703
v 5.143750 -0.033203 2.795703
v 5.143750 -0.033203 2.795703
v 5.143750 -0.033203 2.795703
v 0.719531 -1.260938 1.030859
v 0.719531 -1.260938 1.030859
v 0.719531 -1.260938 1.030859
v 0.719531 -1.260938 1.030859
v 6.056250 0.580859 2.562109
v 6.056250 0.580859 2.562109
v 6.056250 0.580859 2.562109
v 6.056250 0.580859 2.562109
v 0.353125 -1.126953 1.003516
v 0.353125 -1.126953 1.003516
v 0.353125 -1.126953 1.003516
v 0.353125 -1.126953 1.003516
v 0.353125 -1.126953 1.003516
v 5.643750 0.428125 2.889453
v 5.643750 0.428125 2.889453
v 5.643750 0.428125 2.889453
v 5.643750 0.428125 2.889453
v 0.278906 -0.419531 2.023438
v 0.278906 -0.419531 2.023438
v 0.278906 -0.419531 2.023438
v 0.278906 -0.419531 2.023438
v 0.278906 -0.419531 2.023438
v 6.153516 0.419922 2.160938
v 6.153516 0.419922 2.160938
v 6.153516 0.419922 2.160938
v 6.153516 0.419922 2.160938
v 0.748438 0.523438 2.077344
v 0.748438 0.523438 2.077344
v 0.748438 0.523438 2.077344
v 0.748438 0.523438 2.077344
v 0.748438 0.523438 2.077344
v 0.748438 0.523438 2.077344
v 0.748438 0.523438 2.077344
v 5.682031 0.810156 2.410156
v 5.682031 0.810156 2.410156
v 5.682031 0.810156 2.410156
v 5.682031 0.810156 2.410156
v -0.333203 -0.512500 -0.594922
v -0.333203 -0.512500 -0.594922
v -0.333203 -0.512500 -0.594922
v -0.333203 -0.512500 -0.594922
v -0.333203 -0.512500 -0.594922
v -0.333203 -0.512500 -0.594922
v 5.256250 0.670313 2.741406
v 5.256250 0.670313 2.741406
v 5.256250 0.670313 2.741406
v 5.256250 0.670313 2.741406
v 5.256250 0.670313 2.741406
v -0.299219 0.178906 0.977734
v -0.299219 0.178906 0.977734
v -0.299219 0.178906 0.977734
v -0.299219 0.178906 0.977734
v -0.299219 0.178906 0.977734
v 5.784766 0.640234 1.987109
v 5.784766 0.640234 1.987109
v 5.784766 0.640234 1.987109
v 5.784766 0.640234 1.987109
v 5.784766 0.640234 1.987109
v -0.502734 0.192969 0.433594
v -0.502734 0.192969 0.433594
v -0.502734 0.192969 0.433594
v -0.502734 0.192969 0.433594
v 4.687500 -0.183984 2.248828
v 4.687500 -0.183984 2.248828
v 4.687500 -0.183984 2.248828
v 4.687500 -0.183984 2.248828
v -0.503516 0.191406 -0.579688
v -0.503516 0.191406 -0.579688
v -0.503516 0.191406 -0.579688
v -0.503516 0.191406 -0.579688
v 4.948828 -0.212500 1.888672
v 4.948828 -0.212500 1.888672
v 4.948828 -0.212500 1.888672
v 4.948828 -0.212500 1.888672
v 1.947656 0.941406 1.959375
v 1.947656 0.941406 1.959375
v 1.947656 0.941406 1.959375
v 1.947656 0.941406 1.959375
v 1.947656 0.941406 1.959375
v 1.947656 0.941406 1.959375
v 4.206641 -0.004297 1.551172
v 4.206641 -0.004297 1.551172
v 4.206641 -0.004297 1.551172
v 4.206641 -0.004297 1.551172
v 1.748828 0.744531 2.094141
v 1.748828 0.744531 2.094141
v 1.748828 0.744531 2.094141
v 1.748828 0.744531 2.094141
v 1.748828 0.744531 2.094141
v 4.625391 0.429297 1.382422
v 4.625391 0.429297 1.382422
v 4.625391 0.429297 1.382422
v 4.625391 0.429297 1.382422
v 4.625391 0.429297 1.382422
v 4.625391 0.429297 1.382422
v 4.625391 0.429297 1.382422
v 2.828516 -0.806250 0.923438
v 2.828516 -0.806250 0.923438
v 2.828516 -0.806250 0.923438
v 2.828516 -0.806250 0.923438
v 3.958203 -0.037500 1.970703
v 3.958203 -0.037500 1.970703
v 3.958203 -0.037500 1.970703
v 3.958203 -0.037500 1.970703
v 2.387500 -0.995313 0.979688
v 2.387500 -0.995313 0.979688
v 2.387500 -0.995313 0.979688
v 2.387500 -0.995313 0.979688
v 3.998438 0.371094 2.349609
v 3.998438 0.371094 2.349609
v 3.998438 0.371094 2.349609
v 3.998438 0.371094 2.349609
v 3.998438 0.371094 2.349609
v 3.998438 0.371094 2.349609
v 3.998438 0.371094 2.349609
v 4.543359 1.222266 1.973047
v 4.543359 1.222266 1.973047
v 4.543359 1.222266 1.973047
v 4.543359 1.222266 1.973047
v 4.282813 0.959766 2.355469
v 4.282813 0.959766 2.355469
v 4.282813 0.959766 2.355469
v 4.282813 0.959766 2.355469
v 5.114844 1.069922 2.179297
v 5.114844 1.069922 2.179297
v 5.114844 1.069922 2.179297
v 5.114844 1.069922 2.179297
v 4.723047 0.866406 2.524219
v 4.723047 0.866406 2.524219
v 4.723047 0.866406 2.524219
v 4.723047 0.866406 2.524219
v 4.723047 0.866406 2.524219
v 4.744922 1.000391 1.534766
v 4.744922 1.000391 1.534766
v 4.744922 1.000391 1.534766
v 4.744922 1.000391 1.534766
v 5.253516 0.880859 1.743750
v 5.253516 0.880859 1.743750
v 5.253516 0.880859 1.743750
v 5.253516 0.880859 1.743750
v 5.253516 0.880859 1.743750
v 3.981641 1.283594 1.772656
v 3.981641 1.283594 1.772656
v 3.981641 1.283594 1.772656
v 3.981641 1.283594 1.772656
v 3.726953 1.065234 2.199219
v 3.726953 1.065234 2.199219
v 3.726953 1.065234 2.199219
v 3.726953 1.065234 2.199219
v 3.726953 1.065234 2.199219
v 4.257031 1.160156 1.359766
v 4.257031 1.160156 1.359766
v 4.257031 1.160156 1.359766
v 4.257031 1.160156 1.359766
v 4.257031 1.160156 1.359766
v 3.700000 1.194141 1.149609
v 3.700000 1.194141 1.149609
v 3.700000 1.194141 1.149609
v 3.700000 1.194141 1.149609
v 3.700000 1.194141 1.149609
v 3.700000 1.194141 1.149609
v 6.441406 -0.567187 2.475391
v 6.441406 -0.567187 2.475391
v 6.441406 -0.567187 2.475391
v 6.441406 -0.567187 2.475391
v 6.441406 -0.567187 2.475391
v 6.441406 -0.567187 2.475391
v 6.166406 -0.558203 2.841406
v 6.166406 -0.558203 2.841406
v 6.166406 -0.558203 2.841406
v 6.166406 -0.558203 2.841406
v 6.166406 -0.558203 2.841406
v 6.166406 -0.558203 2.841406
v 3.488281 1.294922 1.554688
v 3.488281 1.294922 1.554688
v 3.488281 1.294922 1.554688
v 3.488281 1.294922 1.554688
v 3.488281 1.294922 1.554688
v 5.941406 -0.717188 2.513672
v 5.941406 -0.717188 2.513672
v 5.941406 -0.717188 2.513672
v 5.941406 -0.717188 2.513672
v 4.557422 0.243359 2.548438
v 4.557422 0.243359 2.548438
v 4.557422 0.243359 2.548438
v 4.557422 0.243359 2.548438
v 4.557422 0.243359 2.548438
v 4.557422 0.243359 2.548438
v 5.173047 0.257812 1.614453
v 5.173047 0.257812 1.614453
v 5.173047 0.257812 1.614453
v 5.173047 0.257812 1.614453
v 5.173047 0.257812 1.614453
v 5.173047 0.257812 1.614453
v 4.314844 -0.164062 2.096484
v 4.314844 -0.164062 2.096484
v 4.314844 -0.164062 2.096484
v 4.314844 -0.164062 2.096484
v 4.553125 -0.204688 1.710938
v 4.553125 -0.204688 1.710938
v 4.553125 -0.204688 1.710938
v 4.553125 -0.204688 1.710938
v 3.390234 -0.096875 1.777734
v 3.390234 -0.096875 1.777734
v 3.390234 -0.096875 1.777734
v 3.390234 -0.096875 1.777734
v 3.390234 -0.096875 1.777734
v 3.390234 -0.096875 1.777734
v 3.635937 -0.088672 1.262891
v 3.635937 -0.088672 1.262891
v 3.635937 -0.088672 1.262891
v 3.635937 -0.088672 1.262891
v 3.635937 -0.088672 1.262891
v 3.635937 -0.088672 1.262891
v 3.300781 0.421094 2.147656
v 3.300781 0.421094 2.147656
v 3.300781 0.421094 2.147656
v 3.300781 0.421094 2.147656
v 3.300781 0.421094 2.147656
v 3.824219 0.414453 1.005859
v 3.824219 0.414453 1.005859
v 3.824219 0.414453 1.005859
v 3.824219 0.414453 1.005859
v 3.824219 0.414453 1.005859
v 3.824219 0.414453 1.005859
v 3.824219 0.414453 1.005859
v 3.824219 0.414453 1.005859
v 3.824219 0.414453 1.005859
v 3.824219 0.414453 1.005859
v 7.382031 -0.048828 0.122266
v 7.382031 -0.048828 0.122266
v 7.382031 -0.048828 0.122266
v 7.382031 -0.048828 0.122266
v 7.093359 0.416016 0.041406
v 7.093359 0.416016 0.041406
v 7.093359 0.416016 0.041406
v 7.093359 0.416016 0.041406
v 7.093359 0.416016 0.041406
v 6.913672 -0.277734 -0.009766
v 6.913672 -0.277734 -0.009766
v 6.913672 -0.277734 -0.009766
v 6.913672 -0.277734 -0.009766
v 6.913672 -0.277734 -0.009766
v 6.615234 -0.616406 0.208594
v 6.615234 -0.616406 0.208594
v 6.615234 -0.616406 0.208594
v 6.615234 -0.616406 0.208594
v 6.615234 -0.616406 0.208594
v 6.878516 -0.271875 0.991406
v 6.878516 -0.271875 0.991406
v 6.878516 -0.271875 0.991406
v 6.878516 -0.271875 0.991406
v 6.878516 -0.271875 0.991406
v 6.610157 -0.614844 0.726562
v 6.610157 -0.614844 0.726562
v 6.610157 -0.614844 0.726562
v 6.610157 -0.614844 0.726562
v 6.610157 -0.614844 0.726562
v 7.361719 -0.045313 0.882031
v 7.361719 -0.045313 0.882031
v 7.361719 -0.045313 0.882031
v 7.361719 -0.045313 0.882031
v 7.053516 0.423047 0.918359
v 7.053516 0.423047 0.918359
v 7.053516 0.423047 0.918359
v 7.053516 0.423047 0.918359
v 7.053516 0.423047 0.918359
v 7.231250 0.511719 0.489453
v 7.231250 0.511719 0.489453
v 7.231250 0.511719 0.489453
v 7.231250 0.511719 0.489453
v 7.571875 0.038672 0.510938
v 7.571875 0.038672 0.510938
v 7.571875 0.038672 0.510938
v 7.571875 0.038672 0.510938
v 7.571875 0.038672 0.510938
v 6.116406 -0.403906 0.206250
v 6.116406 -0.403906 0.206250
v 6.116406 -0.403906 0.206250
v 6.116406 -0.403906 0.206250
v 6.385156 0.025000 -0.096875
v 6.385156 0.025000 -0.096875
v 6.385156 0.025000 -0.096875
v 6.385156 0.025000 -0.096875
v 6.385156 0.025000 -0.096875
v 6.385156 0.025000 -0.096875
v 6.091016 -0.406250 0.671484
v 6.091016 -0.406250 0.671484
v 6.091016 -0.406250 0.671484
v 6.091016 -0.406250 0.671484
v 6.322266 0.035156 1.027734
v 6.322266 0.035156 1.027734
v 6.322266 0.035156 1.027734
v 6.322266 0.035156 1.027734
v 6.322266 0.035156 1.027734
v 6.322266 0.035156 1.027734
v 6.712891 0.904297 0.497656
v 6.712891 0.904297 0.497656
v 6.712891 0.904297 0.497656
v 6.712891 0.904297 0.497656
v 6.642969 0.705469 0.925781
v 6.642969 0.705469 0.925781
v 6.642969 0.705469 0.925781
v 6.642969 0.705469 0.925781
v 6.693359 0.697266 0.018750
v 6.693359 0.697266 0.018750
v 6.693359 0.697266 0.018750
v 6.693359 0.697266 0.018750
v 5.978906 1.138281 0.453516
v 5.978906 1.138281 0.453516
v 5.978906 1.138281 0.453516
v 5.978906 1.138281 0.453516
v 5.878516 0.910547 0.927734
v 5.878516 0.910547 0.927734
v 5.878516 0.910547 0.927734
v 5.878516 0.910547 0.927734
v 5.878516 0.910547 0.927734
v 5.960938 0.993359 0.004297
v 5.960938 0.993359 0.004297
v 5.960938 0.993359 0.004297
v 5.960938 0.993359 0.004297
v 5.960938 0.993359 0.004297
v 5.689453 -0.031641 0.669922
v 5.689453 -0.031641 0.669922
v 5.689453 -0.031641 0.669922
v 5.689453 -0.031641 0.669922
v 5.735157 0.007812 0.198437
v 5.735157 0.007812 0.198437
v 5.735157 0.007812 0.198437
v 5.735157 0.007812 0.198437
v 4.547657 0.026953 0.159766
v 4.547657 0.026953 0.159766
v 4.547657 0.026953 0.159766
v 4.547657 0.026953 0.159766
v 4.716797 0.532813 -0.173047
v 4.716797 0.532813 -0.173047
v 4.716797 0.532813 -0.173047
v 4.716797 0.532813 -0.173047
v 4.716797 0.532813 -0.173047
v 4.716797 0.532813 -0.173047
v 4.716797 0.532813 -0.173047
v 4.503906 0.001563 0.581250
v 4.503906 0.001563 0.581250
v 4.503906 0.001563 0.581250
v 4.503906 0.001563 0.581250
v 4.635156 0.510938 0.982031
v 4.635156 0.510938 0.982031
v 4.635156 0.510938 0.982031
v 4.635156 0.510938 0.982031
v 4.635156 0.510938 0.982031
v 4.635156 0.510938 0.982031
v 4.635156 0.510938 0.982031
v 4.925391 1.290234 0.412500
v 4.925391 1.290234 0.412500
v 4.925391 1.290234 0.412500
v 4.925391 1.290234 0.412500
v 4.862500 1.114844 0.872656
v 4.862500 1.114844 0.872656
v 4.862500 1.114844 0.872656
v 4.862500 1.114844 0.872656
v 5.432422 1.200781 0.423438
v 5.432422 1.200781 0.423438
v 5.432422 1.200781 0.423438
v 5.432422 1.200781 0.423438
v 5.329688 1.014063 0.926953
v 5.329688 1.014063 0.926953
v 5.329688 1.014063 0.926953
v 5.329688 1.014063 0.926953
v 5.329688 1.014063 0.926953
v 4.942188 1.159375 -0.030078
v 4.942188 1.159375 -0.030078
v 4.942188 1.159375 -0.030078
v 4.942188 1.159375 -0.030078
v 5.426172 1.073438 -0.002344
v 5.426172 1.073438 -0.002344
v 5.426172 1.073438 -0.002344
v 5.426172 1.073438 -0.002344
v 5.426172 1.073438 -0.002344
v 4.315625 1.426953 0.394922
v 4.315625 1.426953 0.394922
v 4.315625 1.426953 0.394922
v 4.315625 1.426953 0.394922
v 4.256250 1.270703 0.871094
v 4.256250 1.270703 0.871094
v 4.256250 1.270703 0.871094
v 4.256250 1.270703 0.871094
v 4.256250 1.270703 0.871094
v 4.360157 1.333594 -0.037109
v 4.360157 1.333594 -0.037109
v 4.360157 1.333594 -0.037109
v 4.360157 1.333594 -0.037109
v 4.360157 1.333594 -0.037109
v 3.844531 1.384766 -0.082031
v 3.844531 1.384766 -0.082031
v 3.844531 1.384766 -0.082031
v 3.844531 1.384766 -0.082031
v 3.844531 1.384766 -0.082031
v 3.844531 1.384766 -0.082031
v 3.829297 1.319922 0.845703
v 3.829297 1.319922 0.845703
v 3.829297 1.319922 0.845703
v 3.829297 1.319922 0.845703
v 3.829297 1.319922 0.845703
v 3.829297 1.319922 0.845703
v 7.416797 -0.442578 0.247656
v 7.416797 -0.442578 0.247656
v 7.416797 -0.442578 0.247656
v 7.416797 -0.442578 0.247656
v 7.416797 -0.442578 0.247656
v 7.416797 -0.442578 0.247656
v 7.411719 -0.441016 0.765625
v 7.411719 -0.441016 0.765625
v 7.411719 -0.441016 0.765625
v 7.411719 -0.441016 0.765625
v 7.411719 -0.441016 0.765625
v 7.411719 -0.441016 0.765625
v 3.826953 1.457813 0.376563
v 3.826953 1.457813 0.376563
v 3.826953 1.457813 0.376563
v 3.826953 1.457813 0.376563
v 3.826953 1.457813 0.376563
v 7.040235 -0.657813 0.499609
v 7.040235 -0.657813 0.499609
v 7.040235 -0.657813 0.499609
v 7.040235 -0.657813 0.499609
v 5.487500 0.285156 1.019922
v 5.487500 0.285156 1.019922
v 5.487500 0.285156 1.019922
v 5.487500 0.285156 1.019922
v 5.487500 0.285156 1.019922
v 5.487500 0.285156 1.019922
v 5.607422 0.387891 -0.167969
v 5.607422 0.387891 -0.167969
v 5.607422 0.387891 -0.167969
v 5.607422 0.387891 -0.167969
v 5.607422 0.387891 -0.167969
v 5.607422 0.387891 -0.167969
v 5.041797 -0.192188 0.633594
v 5.041797 -0.192188 0.633594
v 5.041797 -0.192188 0.633594
v 5.041797 -0.192188 0.633594
v 5.093359 -0.153906 0.163672
v 5.093359 -0.153906 0.163672
v 5.093359 -0.153906 0.163672
v 5.093359 -0.153906 0.163672
v 3.813281 -0.140625 0.704297
v 3.813281 -0.140625 0.704297
v 3.813281 -0.140625 0.704297
v 3.813281 -0.140625 0.704297
v 3.813281 -0.140625 0.704297
v 3.813281 -0.140625 0.704297
v 3.821875 -0.147656 0.127344
v 3.821875 -0.147656 0.127344
v 3.821875 -0.147656 0.127344
v 3.821875 -0.147656 0.127344
v 3.821875 -0.147656 0.127344
v 3.821875 -0.147656 0.127344
v 3.986719 0.384766 -0.294922
v 3.986719 0.384766 -0.294922
v 3.986719 0.384766 -0.294922
v 3.986719 0.384766 -0.294922
v 3.986719 0.384766 -0.294922
v 3.986719 0.384766 -0.294922
v 3.986719 0.384766 -0.294922
v 3.986719 0.384766 -0.294922
v 3.986719 0.384766 -0.294922
v 3.986719 0.384766 -0.294922
v 4.003125 1.350781 -0.417188
v 4.003125 1.350781 -0.417188
v 4.003125 1.350781 -0.417188
v 4.003125 1.350781 -0.417188
v 4.003125 1.350781 -0.417188
v 4.003125 1.350781 -0.417188
v 6.923828 -0.144922 -1.887500
v 6.923828 -0.144922 -1.887500
v 6.923828 -0.144922 -1.887500
v 6.923828 -0.144922 -1.887500
v 6.622266 0.310156 -1.917969
v 6.622266 0.310156 -1.917969
v 6.622266 0.310156 -1.917969
v 6.622266 0.310156 -1.917969
v 6.622266 0.310156 -1.917969
v 6.378125 -0.352734 -1.889063
v 6.378125 -0.352734 -1.889063
v 6.378125 -0.352734 -1.889063
v 6.378125 -0.352734 -1.889063
v 6.378125 -0.352734 -1.889063
v 6.214844 -0.732813 -1.589063
v 6.214844 -0.732813 -1.589063
v 6.214844 -0.732813 -1.589063
v 6.214844 -0.732813 -1.589063
v 6.214844 -0.732813 -1.589063
v 6.695312 -0.335547 -0.920703
v 6.695312 -0.335547 -0.920703
v 6.695312 -0.335547 -0.920703
v 6.695312 -0.335547 -0.920703
v 6.695312 -0.335547 -0.920703
v 6.418359 -0.671484 -1.068750
v 6.418359 -0.671484 -1.068750
v 6.418359 -0.671484 -1.068750
v 6.418359 -0.671484 -1.068750
v 6.418359 -0.671484 -1.068750
v 7.200391 -0.057813 -1.250000
v 7.200391 -0.057813 -1.250000
v 7.200391 -0.057813 -1.250000
v 7.200391 -0.057813 -1.250000
v 6.907032 0.414062 -1.165625
v 6.907032 0.414062 -1.165625
v 6.907032 0.414062 -1.165625
v 6.907032 0.414062 -1.165625
v 6.907032 0.414062 -1.165625
v 6.881641 0.458203 -1.576563
v 6.881641 0.458203 -1.576563
v 6.881641 0.458203 -1.576563
v 6.881641 0.458203 -1.576563
v 7.249219 -0.030469 -1.615234
v 7.249219 -0.030469 -1.615234
v 7.249219 -0.030469 -1.615234
v 7.249219 -0.030469 -1.615234
v 7.249219 -0.030469 -1.615234
v 5.668359 -0.540625 -1.470703
v 5.668359 -0.540625 -1.470703
v 5.668359 -0.540625 -1.470703
v 5.668359 -0.540625 -1.470703
v 5.746875 -0.053906 -1.797656
v 5.746875 -0.053906 -1.797656
v 5.746875 -0.053906 -1.797656
v 5.746875 -0.053906 -1.797656
v 5.746875 -0.053906 -1.797656
v 5.746875 -0.053906 -1.797656
v 5.869922 -0.481641 -0.987109
v 5.869922 -0.481641 -0.987109
v 5.869922 -0.481641 -0.987109
v 5.869922 -0.481641 -0.987109
v 6.153906 -0.008984 -0.768750
v 6.153906 -0.008984 -0.768750
v 6.153906 -0.008984 -0.768750
v 6.153906 -0.008984 -0.768750
v 6.153906 -0.008984 -0.768750
v 6.153906 -0.008984 -0.768750
v 6.468750 0.756641 -1.498047
v 6.468750 0.756641 -1.498047
v 6.468750 0.756641 -1.498047
v 6.468750 0.756641 -1.498047
v 6.524219 0.665625 -1.055859
v 6.524219 0.665625 -1.055859
v 6.524219 0.665625 -1.055859
v 6.524219 0.665625 -1.055859
v 6.171875 0.548438 -1.867578
v 6.171875 0.548438 -1.867578
v 6.171875 0.548438 -1.867578
v 6.171875 0.548438 -1.867578
v 5.938282 0.933203 -1.410156
v 5.938282 0.933203 -1.410156
v 5.938282 0.933203 -1.410156
v 5.938282 0.933203 -1.410156
v 6.006641 0.800391 -0.921094
v 6.006641 0.800391 -0.921094
v 6.006641 0.800391 -0.921094
v 6.006641 0.800391 -0.921094
v 6.006641 0.800391 -0.921094
v 5.665625 0.752344 -1.758203
v 5.665625 0.752344 -1.758203
v 5.665625 0.752344 -1.758203
v 5.665625 0.752344 -1.758203
v 5.665625 0.752344 -1.758203
v 5.566797 -0.275000 -0.951172
v 5.566797 -0.275000 -0.951172
v 5.566797 -0.275000 -0.951172
v 5.566797 -0.275000 -0.951172
v 5.383203 -0.295312 -1.437109
v 5.383203 -0.295312 -1.437109
v 5.383203 -0.295312 -1.437109
v 5.383203 -0.295312 -1.437109
v 4.371094 -0.024219 -1.167578
v 4.371094 -0.024219 -1.167578
v 4.371094 -0.024219 -1.167578
v 4.371094 -0.024219 -1.167578
v 4.453907 0.512891 -1.566406
v 4.453907 0.512891 -1.566406
v 4.453907 0.512891 -1.566406
v 4.453907 0.512891 -1.566406
v 4.453907 0.512891 -1.566406
v 4.453907 0.512891 -1.566406
v 4.453907 0.512891 -1.566406
v 4.466016 -0.021094 -0.758984
v 4.466016 -0.021094 -0.758984
v 4.466016 -0.021094 -0.758984
v 4.466016 -0.021094 -0.758984
v 4.855859 0.517578 -0.485547
v 4.855859 0.517578 -0.485547
v 4.855859 0.517578 -0.485547
v 4.855859 0.517578 -0.485547
v 4.855859 0.517578 -0.485547
v 4.855859 0.517578 -0.485547
v 4.855859 0.517578 -0.485547
v 4.760547 1.290234 -1.092969
v 4.760547 1.290234 -1.092969
v 4.760547 1.290234 -1.092969
v 4.760547 1.290234 -1.092969
v 4.879688 1.073047 -0.618359
v 4.879688 1.073047 -0.618359
v 4.879688 1.073047 -0.618359
v 4.879688 1.073047 -0.618359
v 5.439844 1.101172 -1.267969
v 5.439844 1.101172 -1.267969
v 5.439844 1.101172 -1.267969
v 5.439844 1.101172 -1.267969
v 5.514453 0.969922 -0.782422
v 5.514453 0.969922 -0.782422
v 5.514453 0.969922 -0.782422
v 5.514453 0.969922 -0.782422
v 5.514453 0.969922 -0.782422
v 4.538281 1.033203 -1.524219
v 4.538281 1.033203 -1.524219
v 4.538281 1.033203 -1.524219
v 4.538281 1.033203 -1.524219
v 5.177734 0.940625 -1.663281
v 5.177734 0.940625 -1.663281
v 5.177734 0.940625 -1.663281
v 5.177734 0.940625 -1.663281
v 5.177734 0.940625 -1.663281
v 4.291016 1.351953 -0.981641
v 4.291016 1.351953 -0.981641
v 4.291016 1.351953 -0.981641
v 4.291016 1.351953 -0.981641
v 4.457813 1.213281 -0.498047
v 4.457813 1.213281 -0.498047
v 4.457813 1.213281 -0.498047
v 4.457813 1.213281 -0.498047
v 4.457813 1.213281 -0.498047
v 4.150391 1.154297 -1.448438
v 4.150391 1.154297 -1.448438
v 4.150391 1.154297 -1.448438
v 4.150391 1.154297 -1.448438
v 4.150391 1.154297 -1.448438
v 3.821875 1.273828 -1.354297
v 3.821875 1.273828 -1.354297
v 3.821875 1.273828 -1.354297
v 3.821875 1.273828 -1.354297
v 3.821875 1.273828 -1.354297
v 3.821875 1.273828 -1.354297
v 6.957422 -0.489063 -1.830859
v 6.957422 -0.489063 -1.830859
v 6.957422 -0.489063 -1.830859
v 6.957422 -0.489063 -1.830859
v 6.957422 -0.489063 -1.830859
v 6.957422 -0.489063 -1.830859
v 7.221875 -0.489063 -1.219531
v 7.221875 -0.489063 -1.219531
v 7.221875 -0.489063 -1.219531
v 7.221875 -0.489063 -1.219531
v 7.221875 -0.489063 -1.219531
v 7.221875 -0.489063 -1.219531
v 3.868359 1.476953 -0.883594
v 3.868359 1.476953 -0.883594
v 3.868359 1.476953 -0.883594
v 3.868359 1.476953 -0.883594
v 3.868359 1.476953 -0.883594
v 6.776563 -0.749609 -1.423828
v 6.776563 -0.749609 -1.423828
v 6.776563 -0.749609 -1.423828
v 6.776563 -0.749609 -1.423828
v 5.650000 0.260938 -0.637500
v 5.650000 0.260938 -0.637500
v 5.650000 0.260938 -0.637500
v 5.650000 0.260938 -0.637500
v 5.650000 0.260938 -0.637500
v 5.650000 0.260938 -0.637500
v 5.279297 0.202344 -1.705078
v 5.279297 0.202344 -1.705078
v 5.279297 0.202344 -1.705078
v 5.279297 0.202344 -1.705078
v 5.279297 0.202344 -1.705078
v 5.279297 0.202344 -1.705078
v 4.978125 -0.266406 -0.835156
v 4.978125 -0.266406 -0.835156
v 4.978125 -0.266406 -0.835156
v 4.978125 -0.266406 -0.835156
v 4.821875 -0.289062 -1.292969
v 4.821875 -0.289062 -1.292969
v 4.821875 -0.289062 -1.292969
v 4.821875 -0.289062 -1.292969
v 3.798828 -0.137500 -0.644531
v 3.798828 -0.137500 -0.644531
v 3.798828 -0.137500 -0.644531
v 3.798828 -0.137500 -0.644531
v 3.798828 -0.137500 -0.644531
v 3.798828 -0.137500 -0.644531
v 3.738281 -0.147656 -1.072266
v 3.738281 -0.147656 -1.072266
v 3.738281 -0.147656 -1.072266
v 3.738281 -0.147656 -1.072266
v 3.738281 -0.147656 -1.072266
v 3.738281 -0.147656 -1.072266
v 3.745703 0.431250 -1.499219
v 3.745703 0.431250 -1.499219
v 3.745703 0.431250 -1.499219
v 3.745703 0.431250 -1.499219
v 3.745703 0.431250 -1.499219
v 3.745703 0.431250 -1.499219
v 3.745703 0.431250 -1.499219
v 3.745703 0.431250 -1.499219
v 3.745703 0.431250 -1.499219
v 3.745703 0.431250 -1.499219
v 3.333594 0.951172 -2.514063
v 3.333594 0.951172 -2.514063
v 3.333594 0.951172 -2.514063
v 3.333594 0.951172 -2.514063
v 3.333594 0.951172 -2.514063
v 3.555469 1.193750 -2.124609
v 3.555469 1.193750 -2.124609
v 3.555469 1.193750 -2.124609
v 3.555469 1.193750 -2.124609
v 3.555469 1.193750 -2.124609
v 5.682031 -0.368359 -3.257812
v 5.682031 -0.368359 -3.257812
v 5.682031 -0.368359 -3.257812
v 5.682031 -0.368359 -3.257812
v 5.532032 -0.006641 -3.288281
v 5.532032 -0.006641 -3.288281
v 5.532032 -0.006641 -3.288281
v 5.532032 -0.006641 -3.288281
v 5.532032 -0.006641 -3.288281
v 5.239453 -0.676562 -3.155469
v 5.239453 -0.676562 -3.155469
v 5.239453 -0.676562 -3.155469
v 5.239453 -0.676562 -3.155469
v 5.239453 -0.676562 -3.155469
v 5.167969 -0.860156 -2.957031
v 5.167969 -0.860156 -2.957031
v 5.167969 -0.860156 -2.957031
v 5.167969 -0.860156 -2.957031
v 5.167969 -0.860156 -2.957031
v 5.748047 -0.469922 -2.421094
v 5.748047 -0.469922 -2.421094
v 5.748047 -0.469922 -2.421094
v 5.748047 -0.469922 -2.421094
v 5.748047 -0.469922 -2.421094
v 5.475000 -0.814844 -2.532422
v 5.475000 -0.814844 -2.532422
v 5.475000 -0.814844 -2.532422
v 5.475000 -0.814844 -2.532422
v 5.475000 -0.814844 -2.532422
v 6.107031 -0.278125 -2.701953
v 6.107031 -0.278125 -2.701953
v 6.107031 -0.278125 -2.701953
v 6.107031 -0.278125 -2.701953
v 5.989844 0.099609 -2.645703
v 5.989844 0.099609 -2.645703
v 5.989844 0.099609 -2.645703
v 5.989844 0.099609 -2.645703
v 5.989844 0.099609 -2.645703
v 5.912891 0.104688 -3.033984
v 5.912891 0.104688 -3.033984
v 5.912891 0.104688 -3.033984
v 5.912891 0.104688 -3.033984
v 6.052344 -0.250781 -3.089062
v 6.052344 -0.250781 -3.089062
v 6.052344 -0.250781 -3.089062
v 6.052344 -0.250781 -3.089062
v 6.052344 -0.250781 -3.089062
v 4.745313 -0.673828 -2.788281
v 4.745313 -0.673828 -2.788281
v 4.745313 -0.673828 -2.788281
v 4.745313 -0.673828 -2.788281
v 4.919922 -0.162109 -3.109766
v 4.919922 -0.162109 -3.109766
v 4.919922 -0.162109 -3.109766
v 4.919922 -0.162109 -3.109766
v 4.919922 -0.162109 -3.109766
v 4.919922 -0.162109 -3.109766
v 5.035547 -0.626953 -2.362109
v 5.035547 -0.626953 -2.362109
v 5.035547 -0.626953 -2.362109
v 5.035547 -0.626953 -2.362109
v 5.505469 0.021094 -2.270703
v 5.505469 0.021094 -2.270703
v 5.505469 0.021094 -2.270703
v 5.505469 0.021094 -2.270703
v 5.505469 0.021094 -2.270703
v 5.505469 0.021094 -2.270703
v 5.536719 0.462109 -2.927734
v 5.536719 0.462109 -2.927734
v 5.536719 0.462109 -2.927734
v 5.536719 0.462109 -2.927734
v 5.650781 0.432813 -2.532813
v 5.650781 0.432813 -2.532813
v 5.650781 0.432813 -2.532813
v 5.650781 0.432813 -2.532813
v 5.177734 0.263672 -3.226953
v 5.177734 0.263672 -3.226953
v 5.177734 0.263672 -3.226953
v 5.177734 0.263672 -3.226953
v 5.137109 0.678906 -2.774609
v 5.137109 0.678906 -2.774609
v 5.137109 0.678906 -2.774609
v 5.137109 0.678906 -2.774609
v 5.251172 0.619922 -2.370703
v 5.251172 0.619922 -2.370703
v 5.251172 0.619922 -2.370703
v 5.251172 0.619922 -2.370703
v 5.251172 0.619922 -2.370703
v 4.753906 0.489063 -3.091406
v 4.753906 0.489063 -3.091406
v 4.753906 0.489063 -3.091406
v 4.753906 0.489063 -3.091406
v 4.753906 0.489063 -3.091406
v 4.721094 -0.460156 -2.242578
v 4.721094 -0.460156 -2.242578
v 4.721094 -0.460156 -2.242578
v 4.721094 -0.460156 -2.242578
v 4.519922 -0.446875 -2.687891
v 4.519922 -0.446875 -2.687891
v 4.519922 -0.446875 -2.687891
v 4.519922 -0.446875 -2.687891
v 3.673828 -0.207813 -2.344141
v 3.673828 -0.207813 -2.344141
v 3.673828 -0.207813 -2.344141
v 3.673828 -0.207813 -2.344141
v 3.889844 0.222266 -2.793360
v 3.889844 0.222266 -2.793360
v 3.889844 0.222266 -2.793360
v 3.889844 0.222266 -2.793360
v 3.889844 0.222266 -2.793360
v 3.889844 0.222266 -2.793360
v 3.889844 0.222266 -2.793360
v 3.924609 -0.182812 -1.967578
v 3.924609 -0.182812 -1.967578
v 3.924609 -0.182812 -1.967578
v 3.924609 -0.182812 -1.967578
v 4.364453 0.339844 -1.842578
v 4.364453 0.339844 -1.842578
v 4.364453 0.339844 -1.842578
v 4.364453 0.339844 -1.842578
v 4.364453 0.339844 -1.842578
v 4.364453 0.339844 -1.842578
v 4.364453 0.339844 -1.842578
v 4.474219 0.910547 -2.500781
v 4.474219 0.910547 -2.500781
v 4.474219 0.910547 -2.500781
v 4.474219 0.910547 -2.500781
v 4.655859 0.854688 -2.135547
v 4.655859 0.854688 -2.135547
v 4.655859 0.854688 -2.135547
v 4.655859 0.854688 -2.135547
v 4.826562 0.778906 -2.644531
v 4.826562 0.778906 -2.644531
v 4.826562 0.778906 -2.644531
v 4.826562 0.778906 -2.644531
v 4.930860 0.700781 -2.276172
v 4.930860 0.700781 -2.276172
v 4.930860 0.700781 -2.276172
v 4.930860 0.700781 -2.276172
v 4.930860 0.700781 -2.276172
v 4.120703 0.771875 -2.843359
v 4.120703 0.771875 -2.843359
v 4.120703 0.771875 -2.843359
v 4.120703 0.771875 -2.843359
v 4.460938 0.654688 -2.994141
v 4.460938 0.654688 -2.994141
v 4.460938 0.654688 -2.994141
v 4.460938 0.654688 -2.994141
v 4.460938 0.654688 -2.994141
v 3.996875 1.093359 -2.301953
v 3.996875 1.093359 -2.301953
v 3.996875 1.093359 -2.301953
v 3.996875 1.093359 -2.301953
v 4.295312 1.007812 -1.972266
v 4.295312 1.007812 -1.972266
v 4.295312 1.007812 -1.972266
v 4.295312 1.007812 -1.972266
v 4.295312 1.007812 -1.972266
v 3.792187 0.889453 -2.691406
v 3.792187 0.889453 -2.691406
v 3.792187 0.889453 -2.691406
v 3.792187 0.889453 -2.691406
v 3.792187 0.889453 -2.691406
v 3.844141 1.096875 -1.746094
v 3.844141 1.096875 -1.746094
v 3.844141 1.096875 -1.746094
v 3.844141 1.096875 -1.746094
v 3.844141 1.096875 -1.746094
v 3.844141 1.096875 -1.746094
v 5.819922 -0.684766 -3.183203
v 5.819922 -0.684766 -3.183203
v 5.819922 -0.684766 -3.183203
v 5.819922 -0.684766 -3.183203
v 5.819922 -0.684766 -3.183203
v 5.819922 -0.684766 -3.183203
v 6.138281 -0.631641 -2.754688
v 6.138281 -0.631641 -2.754688
v 6.138281 -0.631641 -2.754688
v 6.138281 -0.631641 -2.754688
v 6.138281 -0.631641 -2.754688
v 6.138281 -0.631641 -2.754688
v 5.655078 -0.827344 -2.865625
v 5.655078 -0.827344 -2.865625
v 5.655078 -0.827344 -2.865625
v 5.655078 -0.827344 -2.865625
v 4.913672 0.200000 -2.073828
v 4.913672 0.200000 -2.073828
v 4.913672 0.200000 -2.073828
v 4.913672 0.200000 -2.073828
v 4.913672 0.200000 -2.073828
v 4.913672 0.200000 -2.073828
v 4.308594 -0.016797 -2.937500
v 4.308594 -0.016797 -2.937500
v 4.308594 -0.016797 -2.937500
v 4.308594 -0.016797 -2.937500
v 4.308594 -0.016797 -2.937500
v 4.308594 -0.016797 -2.937500
v 4.242969 -0.350000 -2.074219
v 4.242969 -0.350000 -2.074219
v 4.242969 -0.350000 -2.074219
v 4.242969 -0.350000 -2.074219
v 3.994531 -0.364844 -2.473828
v 3.994531 -0.364844 -2.473828
v 3.994531 -0.364844 -2.473828
v 3.994531 -0.364844 -2.473828
v 3.476953 -0.101172 -1.811328
v 3.476953 -0.101172 -1.811328
v 3.476953 -0.101172 -1.811328
v 3.476953 -0.101172 -1.811328
v 3.476953 -0.101172 -1.811328
v 3.476953 -0.101172 -1.811328
v 3.263672 -0.113281 -2.183203
v 3.263672 -0.113281 -2.183203
v 3.263672 -0.113281 -2.183203
v 3.263672 -0.113281 -2.183203
v 3.263672 -0.113281 -2.183203
v 3.263672 -0.113281 -2.183203
v 3.418360 0.321875 -2.588281
v 3.418360 0.321875 -2.588281
v 3.418360 0.321875 -2.588281
v 3.418360 0.321875 -2.588281
v 3.418360 0.321875 -2.588281
v 0.096484 1.144922 -0.932813
v 0.096484 1.144922 -0.932813
v 0.096484 1.144922 -0.932813
v 0.096484 1.144922 -0.932813
v 0.096484 1.144922 -0.932813
v 0.883594 1.220703 1.139844
v 0.883594 1.220703 1.139844
v 0.883594 1.220703 1.139844
v 0.883594 1.220703 1.139844
v 0.883594 1.220703 1.139844
v 0.883594 1.220703 1.139844
v 0.884375 1.487891 0.350781
v 0.884375 1.487891 0.350781
v 0.884375 1.487891 0.350781
v 0.884375 1.487891 0.350781
v 0.884375 1.487891 0.350781
v 0.063281 1.147266 0.735938
v 0.063281 1.147266 0.735938
v 0.063281 1.147266 0.735938
v 0.063281 1.147266 0.735938
v 0.063281 1.147266 0.735938
v 0.063281 1.147266 0.735938
v 0.869141 1.378516 -1.237500
v 0.869141 1.378516 -1.237500
v 0.869141 1.378516 -1.237500
v 0.869141 1.378516 -1.237500
v 0.869141 1.378516 -1.237500
v 0.869141 1.378516 -1.237500
v 0.885547 1.487891 -0.589453
v 0.885547 1.487891 -0.589453
v 0.885547 1.487891 -0.589453
v 0.885547 1.487891 -0.589453
v 0.885547 1.487891 -0.589453
v 2.146484 1.510938 -1.291016
v 2.146484 1.510938 -1.291016
v 2.146484 1.510938 -1.291016
v 2.146484 1.510938 -1.291016
v 2.146484 1.510938 -1.291016
v 2.096875 1.615234 -0.851562
v 2.096875 1.615234 -0.851562
v 2.096875 1.615234 -0.851562
v 2.096875 1.615234 -0.851562
v 2.096875 1.615234 -0.851562
v 2.094531 1.499609 1.054297
v 2.094531 1.499609 1.054297
v 2.094531 1.499609 1.054297
v 2.094531 1.499609 1.054297
v 2.094531 1.499609 1.054297
v 2.094922 1.615234 0.614453
v 2.094922 1.615234 0.614453
v 2.094922 1.615234 0.614453
v 2.094922 1.615234 0.614453
v 2.094922 1.615234 0.614453
v 2.073047 1.212891 -1.857031
v 2.073047 1.212891 -1.857031
v 2.073047 1.212891 -1.857031
v 2.073047 1.212891 -1.857031
v 2.073047 1.212891 -1.857031
v 2.073047 1.212891 -1.857031
v 0.790234 0.615625 -1.915625
v 0.790234 0.615625 -1.915625
v 0.790234 0.615625 -1.915625
v 0.790234 0.615625 -1.915625
v 0.790234 0.615625 -1.915625
v 0.790234 0.615625 -1.915625
v 2.093750 1.275000 1.582422
v 2.093750 1.275000 1.582422
v 2.093750 1.275000 1.582422
v 2.093750 1.275000 1.582422
v 2.093750 1.275000 1.582422
v 2.093750 1.275000 1.582422
v 2.905859 1.220703 1.798828
v 2.905859 1.220703 1.798828
v 2.905859 1.220703 1.798828
v 2.905859 1.220703 1.798828
v 2.905859 1.220703 1.798828
v 3.015234 1.467578 1.150781
v 3.015234 1.467578 1.150781
v 3.015234 1.467578 1.150781
v 3.015234 1.467578 1.150781
v 3.015234 1.467578 1.150781
v 2.759766 0.808203 -2.370312
v 2.759766 0.808203 -2.370312
v 2.759766 0.808203 -2.370312
v 2.759766 0.808203 -2.370312
v 2.759766 0.808203 -2.370312
v 2.759766 0.808203 -2.370312
v 2.855469 1.193359 -2.121875
v 2.855469 1.193359 -2.121875
v 2.855469 1.193359 -2.121875
v 2.855469 1.193359 -2.121875
v 2.855469 1.193359 -2.121875
v 1.440625 -0.528125 -2.048047
v 1.440625 -0.528125 -2.048047
v 1.440625 -0.528125 -2.048047
v 1.440625 -0.528125 -2.048047
v 1.440625 -0.528125 -2.048047
vt 0.638361 0.382921
vt 0.603226 0.406815
vt 0.595402 0.382705
vt 0.630013 0.406949
vt 0.882653 0.460973
vt 0.897880 0.464494
vt 0.897880 0.460973
vt 0.882653 0.464494
vt 0.640790 0.458409
vt 0.655088 0.463474
vt 0.640790 0.460942
vt 0.655088 0.458409
vt 0.626491 0.458409
vt 0.640790 0.460942
vt 0.626491 0.463474
vt 0.640790 0.458409
vt 0.897880 0.468894
vt 0.913108 0.464494
vt 0.897880 0.464494
vt 0.913108 0.471535
vt 0.897880 0.464494
vt 0.882653 0.468894
vt 0.897880 0.468894
vt 0.882653 0.464494
vt 0.882653 0.464494
vt 0.867425 0.471535
vt 0.882653 0.468894
vt 0.867425 0.464494
vt 0.586774 0.490735
vt 0.601072 0.485760
vt 0.601072 0.490735
vt 0.586774 0.486176
vt 0.586774 0.490735
vt 0.572476 0.485760
vt 0.586774 0.486176
vt 0.572476 0.490735
vt 0.815651 0.476816
vt 0.830878 0.485617
vt 0.830878 0.476816
vt 0.815651 0.480336
vt 0.861334 0.476816
vt 0.846106 0.485617
vt 0.861334 0.480336
vt 0.846106 0.476816
vt 0.601072 0.485760
vt 0.586774 0.481708
vt 0.601072 0.481708
vt 0.586774 0.486176
vt 0.572476 0.485760
vt 0.586774 0.481708
vt 0.586774 0.486176
vt 0.572476 0.481708
vt 0.601072 0.477656
vt 0.586774 0.481708
vt 0.586774 0.475124
vt 0.601072 0.481708
vt 0.572476 0.477656
vt 0.586774 0.481708
vt 0.572476 0.481708
vt 0.586774 0.475124
vt 0.861334 0.476816
vt 0.846106 0.472415
vt 0.846106 0.476816
vt 0.861334 0.470215
vt 0.601072 0.470565
vt 0.586774 0.466513
vt 0.601072 0.466513
vt 0.586774 0.473097
vt 0.572476 0.470565
vt 0.586774 0.466513
vt 0.586774 0.473097
vt 0.572476 0.466513
vt 0.601072 0.462461
vt 0.586774 0.466513
vt 0.586774 0.459929
vt 0.601072 0.466513
vt 0.572476 0.462461
vt 0.586774 0.466513
vt 0.572476 0.466513
vt 0.586774 0.459929
vt 0.830878 0.472415
vt 0.815651 0.476816
vt 0.830878 0.476816
vt 0.815651 0.470215
vt 0.846106 0.476816
vt 0.830878 0.485617
vt 0.846106 0.485617
vt 0.830878 0.476816
vt 0.830878 0.472415
vt 0.846106 0.476816
vt 0.846106 0.472415
vt 0.830878 0.476816
vt 0.586774 0.473097
vt 0.601072 0.477656
vt 0.586774 0.475124
vt 0.601072 0.470565
vt 0.572476 0.470565
vt 0.586774 0.475124
vt 0.572476 0.477656
vt 0.586774 0.473097
vt 0.820992 0.373087
vt 0.794829 0.368949
vt 0.819833 0.365553
vt 0.782579 0.374945
vt 0.949654 0.468894
vt 0.964882 0.464494
vt 0.949654 0.464494
vt 0.964882 0.471535
vt 0.949654 0.464494
vt 0.934427 0.468894
vt 0.949654 0.468894
vt 0.934427 0.464494
vt 0.934427 0.464494
vt 0.919199 0.471535
vt 0.934427 0.468894
vt 0.919199 0.464494
vt 0.825556 0.381685
vt 0.871426 0.388116
vt 0.833477 0.380192
vt 0.871433 0.381976
vt 0.640790 0.492867
vt 0.655088 0.487786
vt 0.655088 0.492867
vt 0.640790 0.488202
vt 0.640790 0.492867
vt 0.626491 0.487786
vt 0.640790 0.488202
vt 0.626491 0.492867
vt 0.867425 0.478576
vt 0.882653 0.489138
vt 0.882653 0.478576
vt 0.867425 0.482096
vt 0.913108 0.478576
vt 0.897880 0.489138
vt 0.913108 0.482096
vt 0.897880 0.478576
vt 0.655088 0.487786
vt 0.640790 0.483734
vt 0.655088 0.483734
vt 0.640790 0.488202
vt 0.626491 0.487786
vt 0.640790 0.483734
vt 0.640790 0.488202
vt 0.626491 0.483734
vt 0.655088 0.479682
vt 0.640790 0.483734
vt 0.640790 0.477150
vt 0.655088 0.483734
vt 0.626491 0.479682
vt 0.640790 0.483734
vt 0.626491 0.483734
vt 0.640790 0.477150
vt 0.897880 0.468894
vt 0.882653 0.474175
vt 0.897880 0.474175
vt 0.882653 0.468894
vt 0.913108 0.478576
vt 0.897880 0.474175
vt 0.897880 0.478576
vt 0.913108 0.471535
vt 0.803897 0.387543
vt 0.825556 0.381685
vt 0.833477 0.380192
vt 0.787821 0.382631
vt 0.655088 0.471578
vt 0.640790 0.467526
vt 0.655088 0.467526
vt 0.640790 0.474111
vt 0.626491 0.471578
vt 0.640790 0.467526
vt 0.640790 0.474111
vt 0.626491 0.467526
vt 0.655088 0.463474
vt 0.640790 0.467526
vt 0.640790 0.460942
vt 0.655088 0.467526
vt 0.626491 0.463474
vt 0.640790 0.467526
vt 0.626491 0.467526
vt 0.640790 0.460942
vt 0.882653 0.474175
vt 0.867425 0.478576
vt 0.882653 0.478576
vt 0.867425 0.471535
vt 0.787821 0.382631
vt 0.820992 0.373087
vt 0.825556 0.381685
vt 0.782579 0.374945
vt 0.897880 0.478576
vt 0.882653 0.489138
vt 0.897880 0.489138
vt 0.882653 0.478576
vt 0.837020 0.443896
vt 0.857315 0.437317
vt 0.857400 0.443965
vt 0.835839 0.437297
vt 0.882653 0.474175
vt 0.897880 0.478576
vt 0.897880 0.474175
vt 0.882653 0.478576
vt 0.640790 0.474111
vt 0.655088 0.479682
vt 0.640790 0.477150
vt 0.655088 0.471578
vt 0.626491 0.471578
vt 0.640790 0.477150
vt 0.626491 0.479682
vt 0.640790 0.474111
vt 0.887006 0.443564
vt 0.907817 0.437183
vt 0.907236 0.442954
vt 0.886373 0.437302
vt 0.553411 0.461448
vt 0.539113 0.465500
vt 0.539113 0.458916
vt 0.553411 0.465500
vt 0.524815 0.461448
vt 0.539113 0.465500
vt 0.524815 0.465500
vt 0.539113 0.458916
vt 0.931694 0.410798
vt 0.966050 0.388326
vt 0.965580 0.406773
vt 0.929606 0.388891
vt 0.835727 0.408901
vt 0.868795 0.425092
vt 0.833040 0.425229
vt 0.863920 0.410777
vt 0.785195 0.471535
vt 0.769968 0.475056
vt 0.785195 0.475056
vt 0.769968 0.468894
vt 0.931694 0.410798
vt 0.868795 0.425092
vt 0.863920 0.410777
vt 0.930627 0.424818
vt 0.965580 0.406773
vt 0.930627 0.424818
vt 0.931694 0.410798
vt 0.964301 0.429076
vt 0.556164 0.436447
vt 0.531754 0.409316
vt 0.557621 0.408029
vt 0.524011 0.433906
vt 0.800423 0.475056
vt 0.785195 0.483857
vt 0.800423 0.483857
vt 0.785195 0.475056
vt 0.719823 0.446800
vt 0.708911 0.452920
vt 0.713685 0.435516
vt 0.716554 0.453587
vt 0.785195 0.471535
vt 0.800423 0.475056
vt 0.800423 0.471535
vt 0.785195 0.475056
vt 0.539113 0.472085
vt 0.553411 0.475630
vt 0.539113 0.473097
vt 0.553411 0.469552
vt 0.524815 0.469552
vt 0.539113 0.473097
vt 0.524815 0.475630
vt 0.539113 0.472085
vt 0.800423 0.466254
vt 0.785195 0.471535
vt 0.800423 0.471535
vt 0.785195 0.466254
vt 0.785195 0.459213
vt 0.800423 0.462733
vt 0.800423 0.459213
vt 0.785195 0.462733
vt 0.539113 0.454298
vt 0.553411 0.461448
vt 0.539113 0.458916
vt 0.553411 0.457396
vt 0.524815 0.457396
vt 0.539113 0.458916
vt 0.524815 0.461448
vt 0.539113 0.454298
vt 0.788034 0.441818
vt 0.767982 0.439056
vt 0.777713 0.436258
vt 0.771292 0.444717
vt 0.964598 0.441016
vt 0.946781 0.442531
vt 0.962746 0.436460
vt 0.961867 0.445573
vt 0.962746 0.436460
vt 0.968826 0.429245
vt 0.964598 0.441016
vt 0.964301 0.429076
vt 0.970019 0.406648
vt 0.964301 0.429076
vt 0.965580 0.406773
vt 0.968826 0.429245
vt 0.673840 0.440503
vt 0.694318 0.407273
vt 0.703940 0.437014
vt 0.670194 0.407151
vt 0.650104 0.407050
vt 0.674417 0.383102
vt 0.670194 0.407151
vt 0.638361 0.382921
vt 0.583135 0.406713
vt 0.560385 0.382066
vt 0.595402 0.382705
vt 0.557621 0.408029
vt 0.785195 0.462733
vt 0.769968 0.468894
vt 0.785195 0.466254
vt 0.769968 0.462733
vt 0.800423 0.462733
vt 0.785195 0.466254
vt 0.800423 0.466254
vt 0.785195 0.462733
vt 0.846106 0.468014
vt 0.830878 0.472415
vt 0.846106 0.472415
vt 0.830878 0.468014
vt 0.830878 0.460093
vt 0.846106 0.463614
vt 0.846106 0.460093
vt 0.830878 0.463614
vt 0.586774 0.457396
vt 0.601072 0.462461
vt 0.586774 0.459929
vt 0.601072 0.457396
vt 0.572476 0.457396
vt 0.586774 0.459929
vt 0.572476 0.462461
vt 0.586774 0.457396
vt 0.955088 0.383483
vt 0.939394 0.366303
vt 0.939394 0.367784
vt 0.955089 0.382002
vt 0.656171 0.359452
vt 0.595402 0.382705
vt 0.579921 0.359957
vt 0.638361 0.382921
vt 0.522162 0.448518
vt 0.512971 0.442489
vt 0.517631 0.433139
vt 0.515095 0.449008
vt 0.623155 0.443643
vt 0.650104 0.407050
vt 0.655959 0.440389
vt 0.630013 0.406949
vt 0.846106 0.468014
vt 0.861334 0.463614
vt 0.846106 0.463614
vt 0.861334 0.470215
vt 0.846106 0.463614
vt 0.830878 0.468014
vt 0.846106 0.468014
vt 0.830878 0.463614
vt 0.830878 0.463614
vt 0.815651 0.470215
vt 0.830878 0.468014
vt 0.815651 0.463614
vt 0.605278 0.443567
vt 0.583135 0.406713
vt 0.603226 0.406815
vt 0.574012 0.440048
vt 0.915516 0.366295
vt 0.871433 0.381976
vt 0.871441 0.365569
vt 0.926603 0.381993
vt 0.939394 0.366303
vt 0.926603 0.381993
vt 0.915516 0.366295
vt 0.955089 0.382002
vt 0.539113 0.489812
vt 0.553411 0.483734
vt 0.553411 0.489812
vt 0.539113 0.486266
vt 0.539113 0.489812
vt 0.524815 0.483734
vt 0.539113 0.486266
vt 0.524815 0.489812
vt 0.769968 0.475056
vt 0.785195 0.483857
vt 0.785195 0.475056
vt 0.769968 0.478576
vt 0.815651 0.475056
vt 0.800423 0.483857
vt 0.815651 0.478576
vt 0.800423 0.475056
vt 0.553411 0.483734
vt 0.539113 0.479682
vt 0.553411 0.479682
vt 0.539113 0.486266
vt 0.524815 0.483734
vt 0.539113 0.479682
vt 0.539113 0.486266
vt 0.524815 0.479682
vt 0.553411 0.475630
vt 0.539113 0.479682
vt 0.539113 0.473097
vt 0.553411 0.479682
vt 0.524815 0.475630
vt 0.539113 0.479682
vt 0.524815 0.479682
vt 0.539113 0.473097
vt 0.815651 0.475056
vt 0.800423 0.471535
vt 0.800423 0.475056
vt 0.815651 0.468894
vt 0.926603 0.381993
vt 0.871426 0.388116
vt 0.871433 0.381976
vt 0.929606 0.388891
vt 0.955089 0.382002
vt 0.929606 0.388891
vt 0.926603 0.381993
vt 0.966050 0.388326
vt 0.553411 0.469552
vt 0.539113 0.465500
vt 0.553411 0.465500
vt 0.539113 0.472085
vt 0.524815 0.469552
vt 0.539113 0.465500
vt 0.539113 0.472085
vt 0.524815 0.465500
vt 0.949654 0.468894
vt 0.934427 0.474175
vt 0.949654 0.474175
vt 0.934427 0.468894
vt 0.715570 0.394229
vt 0.700231 0.383282
vt 0.700231 0.395141
vt 0.715570 0.379177
vt 0.680507 0.471578
vt 0.694806 0.477150
vt 0.680507 0.479682
vt 0.694806 0.474111
vt 0.694806 0.474111
vt 0.709104 0.479682
vt 0.694806 0.477150
vt 0.709104 0.471578
vt 0.715570 0.394229
vt 0.700231 0.400615
vt 0.715570 0.400615
vt 0.700231 0.395141
vt 0.730908 0.395141
vt 0.715570 0.379177
vt 0.715570 0.394229
vt 0.730908 0.383282
vt 0.934427 0.474175
vt 0.949654 0.478576
vt 0.949654 0.474175
vt 0.934427 0.478576
vt 0.687682 0.412474
vt 0.669555 0.406088
vt 0.669555 0.412474
vt 0.687682 0.406088
vt 0.964882 0.478576
vt 0.949654 0.474175
vt 0.949654 0.478576
vt 0.964882 0.471535
vt 0.694806 0.492867
vt 0.709104 0.487786
vt 0.709104 0.492867
vt 0.694806 0.488202
vt 0.694806 0.492867
vt 0.680507 0.487786
vt 0.694806 0.488202
vt 0.680507 0.492867
vt 0.800423 0.466254
vt 0.815651 0.462733
vt 0.800423 0.462733
vt 0.815651 0.468894
vt 0.919199 0.478576
vt 0.934427 0.489138
vt 0.934427 0.478576
vt 0.919199 0.482096
vt 0.669555 0.421596
vt 0.641667 0.426157
vt 0.677921 0.426157
vt 0.650033 0.421596
vt 0.669555 0.417947
vt 0.650033 0.421596
vt 0.669555 0.421596
vt 0.650033 0.417947
vt 0.669555 0.412474
vt 0.650033 0.417947
vt 0.669555 0.417947
vt 0.650033 0.412474
vt 0.669555 0.400615
vt 0.650033 0.406088
vt 0.669555 0.406088
vt 0.650033 0.400615
vt 0.949654 0.478576
vt 0.934427 0.489138
vt 0.949654 0.489138
vt 0.934427 0.478576
vt 0.669555 0.406088
vt 0.650033 0.412474
vt 0.669555 0.412474
vt 0.650033 0.406088
vt 0.700231 0.403351
vt 0.715570 0.409737
vt 0.715570 0.403351
vt 0.700231 0.409737
vt 0.730908 0.421596
vt 0.743457 0.412474
vt 0.730908 0.412474
vt 0.740813 0.421596
vt 0.680507 0.479682
vt 0.694806 0.483734
vt 0.680507 0.483734
vt 0.694806 0.477150
vt 0.934427 0.474175
vt 0.919199 0.478576
vt 0.934427 0.478576
vt 0.919199 0.471535
vt 0.964882 0.478576
vt 0.949654 0.489138
vt 0.964882 0.482096
vt 0.949654 0.478576
vt 0.730908 0.403351
vt 0.715570 0.409737
vt 0.730908 0.409737
vt 0.715570 0.403351
vt 0.709104 0.487786
vt 0.694806 0.483734
vt 0.709104 0.483734
vt 0.694806 0.488202
vt 0.680507 0.487786
vt 0.694806 0.483734
vt 0.694806 0.488202
vt 0.680507 0.483734
vt 0.709104 0.479682
vt 0.694806 0.483734
vt 0.694806 0.477150
vt 0.709104 0.483734
vt 0.687682 0.412474
vt 0.700231 0.421596
vt 0.700231 0.412474
vt 0.687682 0.421596
vt 0.668160 0.386019
vt 0.669555 0.400615
vt 0.683499 0.383282
vt 0.650033 0.400615
vt 0.730908 0.412474
vt 0.715570 0.421596
vt 0.730908 0.421596
vt 0.715570 0.412474
vt 0.730908 0.409737
vt 0.715570 0.412474
vt 0.730908 0.412474
vt 0.715570 0.409737
vt 0.680507 0.471578
vt 0.694806 0.467526
vt 0.694806 0.474111
vt 0.680507 0.467526
vt 0.844538 0.356560
vt 0.892224 0.352604
vt 0.844540 0.352630
vt 0.891504 0.356552
vt 0.709104 0.463474
vt 0.694806 0.467526
vt 0.694806 0.460942
vt 0.709104 0.467526
vt 0.680507 0.463474
vt 0.694806 0.467526
vt 0.680507 0.467526
vt 0.694806 0.460942
vt 0.631906 0.400615
vt 0.650033 0.406088
vt 0.650033 0.400615
vt 0.631906 0.406088
vt 0.730908 0.403351
vt 0.715570 0.400615
vt 0.715570 0.403351
vt 0.730908 0.400615
vt 0.730908 0.395141
vt 0.715570 0.400615
vt 0.730908 0.400615
vt 0.715570 0.394229
vt 0.844540 0.352630
vt 0.892940 0.356664
vt 0.844538 0.356708
vt 0.892224 0.352604
vt 0.650033 0.406088
vt 0.631906 0.412474
vt 0.650033 0.412474
vt 0.631906 0.406088
vt 0.797285 0.425366
vt 0.835727 0.408901
vt 0.833040 0.425229
vt 0.807535 0.407024
vt 0.700231 0.403351
vt 0.715570 0.400615
vt 0.700231 0.400615
vt 0.715570 0.403351
vt 0.709104 0.471578
vt 0.694806 0.467526
vt 0.709104 0.467526
vt 0.694806 0.474111
vt 0.934427 0.460973
vt 0.949654 0.464494
vt 0.949654 0.460973
vt 0.934427 0.464494
vt 0.694806 0.458409
vt 0.709104 0.463474
vt 0.694806 0.460942
vt 0.709104 0.458409
vt 0.680507 0.458409
vt 0.694806 0.460942
vt 0.680507 0.463474
vt 0.694806 0.458409
vt 0.669555 0.406088
vt 0.687682 0.400615
vt 0.669555 0.400615
vt 0.687682 0.406088
vt 0.930627 0.424818
vt 0.886373 0.437302
vt 0.868795 0.425092
vt 0.907817 0.437183
vt 0.868795 0.425092
vt 0.835839 0.437297
vt 0.833040 0.425229
vt 0.857315 0.437317
vt 0.700231 0.409737
vt 0.715570 0.412474
vt 0.715570 0.409737
vt 0.700231 0.412474
vt 0.715570 0.412474
vt 0.700231 0.421596
vt 0.715570 0.421596
vt 0.700231 0.412474
vt 0.897880 0.489138
vt 0.890266 0.491778
vt 0.903971 0.493538
vt 0.655088 0.497932
vt 0.626491 0.497932
vt 0.640790 0.492867
vt 0.680507 0.471578
vt 0.670975 0.475630
vt 0.670975 0.467526
vt 0.718636 0.475630
vt 0.709104 0.479682
vt 0.709104 0.471578
vt 0.680507 0.471578
vt 0.670975 0.467526
vt 0.680507 0.467526
vt 0.680507 0.463474
vt 0.670975 0.467526
vt 0.670975 0.465500
vt 0.718636 0.467526
vt 0.709104 0.467526
vt 0.709104 0.463474
vt 0.730908 0.403351
vt 0.743457 0.400615
vt 0.730908 0.400615
vt 0.650033 0.421596
vt 0.631906 0.421596
vt 0.641667 0.426157
vt 0.730908 0.412474
vt 0.743457 0.412474
vt 0.730908 0.409737
vt 0.687682 0.412474
vt 0.700231 0.409737
vt 0.687682 0.406088
vt 0.664620 0.467526
vt 0.655088 0.467526
vt 0.655088 0.463474
vt 0.626491 0.463474
vt 0.616959 0.467526
vt 0.616959 0.465500
vt 0.626491 0.471578
vt 0.616959 0.467526
vt 0.626491 0.467526
vt 0.655088 0.479682
vt 0.664620 0.475630
vt 0.664620 0.483734
vt 0.626491 0.471578
vt 0.616959 0.475630
vt 0.616959 0.467526
vt 0.664620 0.483734
vt 0.655088 0.483734
vt 0.655088 0.479682
vt 0.626491 0.479682
vt 0.616959 0.483734
vt 0.616959 0.475630
vt 0.664620 0.487786
vt 0.655088 0.487786
vt 0.664620 0.483734
vt 0.626491 0.487786
vt 0.616959 0.483734
vt 0.626491 0.483734
vt 0.897880 0.489138
vt 0.882653 0.489138
vt 0.890266 0.491778
vt 0.867425 0.464494
vt 0.882653 0.460973
vt 0.867425 0.462554
vt 0.664620 0.483734
vt 0.655088 0.487786
vt 0.655088 0.483734
vt 0.664620 0.467526
vt 0.655088 0.471578
vt 0.655088 0.467526
vt 0.610604 0.464487
vt 0.601072 0.462461
vt 0.601072 0.457396
vt 0.572476 0.496813
vt 0.572476 0.490735
vt 0.586774 0.490735
vt 0.824787 0.491778
vt 0.852197 0.491778
vt 0.838492 0.490018
vt 0.882653 0.474175
vt 0.882653 0.468894
vt 0.867425 0.471535
vt 0.655088 0.492867
vt 0.664620 0.487786
vt 0.655088 0.497932
vt 0.882653 0.489138
vt 0.867425 0.482096
vt 0.876562 0.493538
vt 0.626491 0.492867
vt 0.616959 0.487786
vt 0.626491 0.487786
vt 0.680507 0.458409
vt 0.680507 0.463474
vt 0.670975 0.465500
vt 0.964882 0.464494
vt 0.964882 0.462706
vt 0.949654 0.460973
vt 0.934427 0.464494
vt 0.934427 0.460973
vt 0.919199 0.464494
vt 0.687682 0.400615
vt 0.687682 0.406088
vt 0.700231 0.403351
vt 0.700231 0.409737
vt 0.700231 0.403351
vt 0.687682 0.406088
vt 0.730908 0.409737
vt 0.743457 0.406335
vt 0.730908 0.403351
vt 0.730908 0.395141
vt 0.730908 0.400615
vt 0.743457 0.400615
vt 0.700231 0.383282
vt 0.691865 0.383282
vt 0.687682 0.400615
vt 0.700231 0.421596
vt 0.687682 0.421596
vt 0.700231 0.426157
vt 0.730908 0.426157
vt 0.730908 0.421596
vt 0.715570 0.421596
vt 0.700231 0.412474
vt 0.700231 0.409737
vt 0.687682 0.412474
vt 0.669555 0.421596
vt 0.677921 0.426157
vt 0.687682 0.421596
vt 0.700231 0.403351
vt 0.700231 0.400615
vt 0.687682 0.400615
vt 0.815651 0.468894
vt 0.800423 0.466254
vt 0.800423 0.471535
vt 0.785195 0.471535
vt 0.785195 0.466254
vt 0.769968 0.468894
vt 0.730908 0.403351
vt 0.743457 0.406335
vt 0.743457 0.400615
vt 0.730908 0.409737
vt 0.743457 0.412474
vt 0.743457 0.406335
vt 0.730908 0.426157
vt 0.715570 0.421596
vt 0.700231 0.426157
vt 0.650033 0.400615
vt 0.668160 0.386019
vt 0.654216 0.394229
vt 0.700231 0.421596
vt 0.700231 0.426157
vt 0.715570 0.421596
vt 0.669555 0.417947
vt 0.669555 0.421596
vt 0.687682 0.421596
vt 0.687682 0.400615
vt 0.700231 0.400615
vt 0.700231 0.395141
vt 0.730908 0.426157
vt 0.740813 0.421596
vt 0.730908 0.421596
vt 0.631906 0.421596
vt 0.650033 0.421596
vt 0.650033 0.417947
vt 0.718636 0.483734
vt 0.709104 0.483734
vt 0.709104 0.479682
vt 0.709104 0.492867
vt 0.709104 0.487786
vt 0.718636 0.487786
vt 0.934427 0.474175
vt 0.934427 0.468894
vt 0.919199 0.471535
vt 0.964882 0.471535
vt 0.949654 0.468894
vt 0.949654 0.474175
vt 0.964882 0.464494
vt 0.949654 0.460973
vt 0.949654 0.464494
vt 0.709104 0.492867
vt 0.709104 0.497932
vt 0.694806 0.492867
vt 0.919199 0.464494
vt 0.934427 0.460973
vt 0.919199 0.462638
vt 0.949654 0.489138
vt 0.934427 0.489138
vt 0.942041 0.491778
vt 0.680507 0.487786
vt 0.670975 0.483734
vt 0.680507 0.483734
vt 0.718636 0.487786
vt 0.709104 0.487786
vt 0.718636 0.483734
vt 0.680507 0.479682
vt 0.670975 0.483734
vt 0.670975 0.475630
vt 0.655088 0.492867
vt 0.655088 0.497932
vt 0.640790 0.492867
vt 0.913108 0.464494
vt 0.897880 0.460973
vt 0.897880 0.464494
vt 0.913108 0.471535
vt 0.897880 0.468894
vt 0.897880 0.474175
vt 0.934427 0.489138
vt 0.919199 0.482096
vt 0.928336 0.493538
vt 0.680507 0.492867
vt 0.670975 0.487786
vt 0.680507 0.487786
vt 0.691865 0.383282
vt 0.683499 0.383282
vt 0.669555 0.400615
vt 0.691865 0.383282
vt 0.669555 0.400615
vt 0.687682 0.400615
vt 0.687682 0.400615
vt 0.700231 0.395141
vt 0.700231 0.383282
vt 0.654216 0.394229
vt 0.730908 0.395141
vt 0.631906 0.400615
vt 0.654216 0.394229
vt 0.631906 0.400615
vt 0.650033 0.400615
vt 0.654216 0.394229
vt 0.730908 0.383282
vt 0.730908 0.395141
vt 0.631906 0.421596
vt 0.650033 0.417947
vt 0.631906 0.412474
vt 0.669555 0.417947
vt 0.687682 0.421596
vt 0.687682 0.412474
vt 0.669555 0.417947
vt 0.687682 0.412474
vt 0.669555 0.412474
vt 0.631906 0.412474
vt 0.650033 0.417947
vt 0.650033 0.412474
vt 0.562944 0.483734
vt 0.553411 0.483734
vt 0.562944 0.479682
vt 0.524815 0.483734
vt 0.515283 0.479682
vt 0.524815 0.479682
vt 0.800423 0.483857
vt 0.785195 0.483857
vt 0.792809 0.487377
vt 0.769968 0.462733
vt 0.785195 0.459213
vt 0.769968 0.460973
vt 0.553411 0.489812
vt 0.553411 0.495890
vt 0.539113 0.489812
vt 0.562944 0.463474
vt 0.553411 0.461448
vt 0.553411 0.457396
vt 0.800423 0.462733
vt 0.815651 0.462733
vt 0.800423 0.459213
vt 0.835839 0.437297
vt 0.797285 0.425366
vt 0.833040 0.425229
vt 0.524011 0.433906
vt 0.517631 0.433139
vt 0.531754 0.409316
vt 0.833477 0.380192
vt 0.850168 0.398448
vt 0.803897 0.387543
vt 0.531754 0.409316
vt 0.514607 0.409550
vt 0.529428 0.379619
vt 0.907817 0.437183
vt 0.930627 0.424818
vt 0.942139 0.439118
vt 0.638361 0.382921
vt 0.650104 0.407050
vt 0.630013 0.406949
vt 0.560385 0.382066
vt 0.557621 0.408029
vt 0.531754 0.409316
vt 0.583135 0.406713
vt 0.595402 0.382705
vt 0.603226 0.406815
vt 0.614217 0.443612
vt 0.623155 0.443643
vt 0.620920 0.456867
vt 0.666083 0.454566
vt 0.656403 0.457594
vt 0.664900 0.440454
vt 0.837020 0.443896
vt 0.817761 0.440398
vt 0.835839 0.437297
vt 0.835839 0.437297
vt 0.817761 0.440398
vt 0.798257 0.439074
vt 0.821344 0.447416
vt 0.817761 0.440398
vt 0.837020 0.443896
vt 0.817761 0.440398
vt 0.808231 0.442847
vt 0.798257 0.439074
vt 0.664900 0.440454
vt 0.673840 0.440503
vt 0.675728 0.455044
vt 0.670194 0.407151
vt 0.664900 0.440454
vt 0.650104 0.407050
vt 0.614217 0.443612
vt 0.605278 0.443567
vt 0.603226 0.406815
vt 0.785081 0.380957
vt 0.803804 0.365591
vt 0.805323 0.363052
vt 0.939394 0.367784
vt 0.916945 0.357515
vt 0.891504 0.356552
vt 0.805323 0.363052
vt 0.803804 0.365591
vt 0.818949 0.357503
vt 0.614217 0.443612
vt 0.620920 0.456867
vt 0.613640 0.456360
vt 0.566567 0.439940
vt 0.572775 0.456367
vt 0.564547 0.452005
vt 0.675728 0.455044
vt 0.666083 0.454566
vt 0.664900 0.440454
vt 0.614217 0.443612
vt 0.607545 0.455642
vt 0.605278 0.443567
vt 0.630013 0.406949
vt 0.614217 0.443612
vt 0.603226 0.406815
vt 0.583135 0.406713
vt 0.566567 0.439940
vt 0.557621 0.408029
vt 0.556164 0.436447
vt 0.566567 0.439940
vt 0.555217 0.453036
vt 0.942139 0.439118
vt 0.929387 0.443370
vt 0.922302 0.440542
vt 0.939394 0.367784
vt 0.939394 0.366303
vt 0.916945 0.357515
vt 0.949654 0.489138
vt 0.942041 0.491778
vt 0.955746 0.493538
vt 0.670194 0.407151
vt 0.673840 0.440503
vt 0.664900 0.440454
vt 0.942139 0.439118
vt 0.946781 0.442531
vt 0.929387 0.443370
vt 0.777713 0.436258
vt 0.798257 0.439074
vt 0.788034 0.441818
vt 0.655959 0.440389
vt 0.650104 0.407050
vt 0.664900 0.440454
vt 0.556164 0.436447
vt 0.557621 0.408029
vt 0.566567 0.439940
vt 0.673840 0.440503
vt 0.703940 0.437014
vt 0.692734 0.454489
vt 0.596850 0.347578
vt 0.579921 0.359957
vt 0.550233 0.360828
vt 0.916945 0.357515
vt 0.939394 0.366303
vt 0.892940 0.356664
vt 0.970019 0.406648
vt 0.965580 0.406773
vt 0.966050 0.388326
vt 0.919973 0.446997
vt 0.922302 0.440542
vt 0.929387 0.443370
vt 0.907236 0.442954
vt 0.922302 0.440542
vt 0.919973 0.446997
vt 0.871441 0.365569
vt 0.819833 0.365553
vt 0.844538 0.356708
vt 0.892940 0.356664
vt 0.915516 0.366295
vt 0.871441 0.365569
vt 0.891504 0.356552
vt 0.916945 0.357515
vt 0.892224 0.352604
vt 0.871441 0.365569
vt 0.844538 0.356708
vt 0.892940 0.356664
vt 0.703940 0.437014
vt 0.708911 0.452920
vt 0.692734 0.454489
vt 0.670194 0.407151
vt 0.674417 0.383102
vt 0.694318 0.407273
vt 0.844540 0.352630
vt 0.818949 0.357503
vt 0.844538 0.356560
vt 0.721404 0.430720
vt 0.714030 0.408101
vt 0.720887 0.408504
vt 0.785195 0.462733
vt 0.785195 0.459213
vt 0.769968 0.462733
vt 0.800423 0.459213
vt 0.815651 0.462733
vt 0.815651 0.460973
vt 0.562944 0.465500
vt 0.553411 0.461448
vt 0.562944 0.463474
vt 0.524815 0.457396
vt 0.524815 0.461448
vt 0.515283 0.463474
vt 0.674417 0.383102
vt 0.656171 0.359452
vt 0.681939 0.358904
vt 0.529428 0.379619
vt 0.560385 0.382066
vt 0.531754 0.409316
vt 0.517631 0.433139
vt 0.524011 0.433906
vt 0.522162 0.448518
vt 0.762500 0.427578
vt 0.778269 0.425984
vt 0.777713 0.436258
vt 0.850168 0.398448
vt 0.835727 0.408901
vt 0.807535 0.407024
vt 0.762500 0.427578
vt 0.777713 0.436258
vt 0.767982 0.439056
vt 0.713685 0.435516
vt 0.694318 0.407273
vt 0.714030 0.408101
vt 0.964301 0.429076
vt 0.962746 0.436460
vt 0.942139 0.439118
vt 0.607545 0.455642
vt 0.613640 0.456360
vt 0.613782 0.462968
vt 0.562944 0.459090
vt 0.564547 0.452005
vt 0.572775 0.456367
vt 0.803897 0.387543
vt 0.850168 0.398448
vt 0.807535 0.407024
vt 0.833477 0.380192
vt 0.871426 0.388116
vt 0.850168 0.398448
vt 0.562944 0.459090
vt 0.555217 0.453036
vt 0.564547 0.452005
vt 0.805323 0.363052
vt 0.819833 0.365553
vt 0.794829 0.368949
vt 0.931694 0.410798
vt 0.863920 0.410777
vt 0.871426 0.388116
vt 0.778269 0.425984
vt 0.762500 0.427578
vt 0.785999 0.405727
vt 0.785999 0.405727
vt 0.762500 0.427578
vt 0.763213 0.404874
vt 0.613640 0.456360
vt 0.620920 0.456867
vt 0.613782 0.462968
vt 0.596850 0.347578
vt 0.642464 0.347834
vt 0.656171 0.359452
vt 0.962746 0.436460
vt 0.946781 0.442531
vt 0.942139 0.439118
vt 0.929606 0.388891
vt 0.931694 0.410798
vt 0.871426 0.388116
vt 0.556164 0.436447
vt 0.540794 0.451389
vt 0.524011 0.433906
vt 0.540794 0.451389
vt 0.556164 0.436447
vt 0.555217 0.453036
vt 0.574012 0.440048
vt 0.572775 0.456367
vt 0.566567 0.439940
vt 0.613640 0.456360
vt 0.607545 0.455642
vt 0.614217 0.443612
vt 0.560385 0.382066
vt 0.550233 0.360828
vt 0.579921 0.359957
vt 0.572775 0.456367
vt 0.574012 0.440048
vt 0.589684 0.459066
vt 0.922302 0.440542
vt 0.907236 0.442954
vt 0.907817 0.437183
vt 0.922302 0.440542
vt 0.907817 0.437183
vt 0.942139 0.439118
vt 0.560385 0.382066
vt 0.579921 0.359957
vt 0.595402 0.382705
vt 0.886373 0.437302
vt 0.887006 0.443564
vt 0.874001 0.440494
vt 0.857400 0.443965
vt 0.874001 0.440494
vt 0.873573 0.447715
vt 0.674417 0.383102
vt 0.638361 0.382921
vt 0.656171 0.359452
vt 0.886373 0.437302
vt 0.874001 0.440494
vt 0.857315 0.437317
vt 0.623155 0.443643
vt 0.638699 0.460253
vt 0.620920 0.456867
vt 0.699977 0.377476
vt 0.674417 0.383102
vt 0.681939 0.358904
vt 0.871433 0.381976
vt 0.820992 0.373087
vt 0.871441 0.365569
vt 0.656403 0.457594
vt 0.638699 0.460253
vt 0.655959 0.440389
vt 0.703940 0.437014
vt 0.694318 0.407273
vt 0.713685 0.435516
vt 0.709104 0.497932
vt 0.680507 0.497932
vt 0.694806 0.492867
vt 0.718636 0.467526
vt 0.709104 0.463474
vt 0.718636 0.465500
vt 0.718636 0.467526
vt 0.709104 0.471578
vt 0.709104 0.467526
vt 0.718636 0.483734
vt 0.709104 0.487786
vt 0.709104 0.483734
vt 0.680507 0.487786
vt 0.670975 0.487786
vt 0.670975 0.483734
vt 0.680507 0.483734
vt 0.670975 0.483734
vt 0.680507 0.479682
vt 0.680507 0.467526
vt 0.670975 0.467526
vt 0.680507 0.463474
vt 0.928336 0.493538
vt 0.955746 0.493538
vt 0.942041 0.491778
vt 0.680507 0.497932
vt 0.680507 0.492867
vt 0.694806 0.492867
vt 0.718636 0.465500
vt 0.709104 0.463474
vt 0.709104 0.458409
vt 0.709104 0.492867
vt 0.718636 0.487786
vt 0.709104 0.497932
vt 0.670975 0.487786
vt 0.680507 0.492867
vt 0.680507 0.497932
vt 0.949654 0.489138
vt 0.955746 0.493538
vt 0.964882 0.482096
vt 0.934427 0.489138
vt 0.928336 0.493538
vt 0.942041 0.491778
vt 0.718636 0.467526
vt 0.718636 0.475630
vt 0.709104 0.471578
vt 0.709104 0.479682
vt 0.718636 0.475630
vt 0.718636 0.483734
vt 0.680507 0.479682
vt 0.670975 0.475630
vt 0.680507 0.471578
vt 0.673840 0.440503
vt 0.692734 0.454489
vt 0.675728 0.455044
vt 0.808231 0.442847
vt 0.817761 0.440398
vt 0.821344 0.447416
vt 0.874001 0.440494
vt 0.857400 0.443965
vt 0.857315 0.437317
vt 0.964301 0.429076
vt 0.942139 0.439118
vt 0.930627 0.424818
vt 0.777713 0.436258
vt 0.797285 0.425366
vt 0.798257 0.439074
vt 0.868795 0.425092
vt 0.886373 0.437302
vt 0.857315 0.437317
vt 0.798257 0.439074
vt 0.797285 0.425366
vt 0.835839 0.437297
vt 0.769214 0.377087
vt 0.794829 0.368949
vt 0.782579 0.374945
vt 0.769214 0.377087
vt 0.765872 0.383197
vt 0.752236 0.383743
vt 0.666083 0.454566
vt 0.667798 0.461610
vt 0.656403 0.457594
vt 0.820992 0.373087
vt 0.871433 0.381976
vt 0.825556 0.381685
vt 0.850168 0.398448
vt 0.863920 0.410777
vt 0.835727 0.408901
vt 0.807535 0.407024
vt 0.778269 0.425984
vt 0.785999 0.405727
vt 0.666083 0.454566
vt 0.675728 0.455044
vt 0.667798 0.461610
vt 0.601072 0.496813
vt 0.572476 0.496813
vt 0.586774 0.490735
vt 0.610604 0.466513
vt 0.601072 0.470565
vt 0.601072 0.466513
vt 0.610604 0.481708
vt 0.601072 0.485760
vt 0.601072 0.481708
vt 0.572476 0.485760
vt 0.562944 0.485760
vt 0.562944 0.481708
vt 0.572476 0.481708
vt 0.562944 0.481708
vt 0.572476 0.477656
vt 0.572476 0.466513
vt 0.562944 0.466513
vt 0.572476 0.462461
vt 0.553411 0.489812
vt 0.562944 0.483734
vt 0.553411 0.495890
vt 0.515283 0.483734
vt 0.524815 0.489812
vt 0.524815 0.495890
vt 0.800423 0.483857
vt 0.806514 0.489138
vt 0.815651 0.478576
vt 0.785195 0.483857
vt 0.779104 0.489138
vt 0.792809 0.487377
vt 0.562944 0.465500
vt 0.562944 0.472591
vt 0.553411 0.469552
vt 0.562944 0.472591
vt 0.553411 0.475630
vt 0.553411 0.469552
vt 0.524815 0.469552
vt 0.515283 0.472591
vt 0.515283 0.465500
vt 0.601072 0.490735
vt 0.610604 0.485760
vt 0.601072 0.496813
vt 0.562944 0.485760
vt 0.572476 0.490735
vt 0.572476 0.496813
vt 0.846106 0.485617
vt 0.852197 0.491778
vt 0.861334 0.480336
vt 0.830878 0.485617
vt 0.824787 0.491778
vt 0.838492 0.490018
vt 0.610604 0.466513
vt 0.610604 0.474111
vt 0.601072 0.470565
vt 0.601072 0.477656
vt 0.610604 0.474111
vt 0.610604 0.481708
vt 0.572476 0.477656
vt 0.562944 0.474111
vt 0.572476 0.470565
vt 0.830878 0.463614
vt 0.830878 0.460093
vt 0.815651 0.463614
vt 0.846106 0.460093
vt 0.861334 0.463614
vt 0.861334 0.461853
vt 0.610604 0.466513
vt 0.601072 0.462461
vt 0.610604 0.464487
vt 0.572476 0.457396
vt 0.572476 0.462461
vt 0.562944 0.464487
vt 0.524815 0.489812
vt 0.515283 0.483734
vt 0.524815 0.483734
vt 0.785195 0.483857
vt 0.769968 0.478576
vt 0.779104 0.489138
vt 0.553411 0.489812
vt 0.553411 0.483734
vt 0.562944 0.483734
vt 0.626491 0.458409
vt 0.626491 0.463474
vt 0.616959 0.465500
vt 0.572476 0.490735
vt 0.562944 0.485760
vt 0.572476 0.485760
vt 0.830878 0.485617
vt 0.815651 0.480336
vt 0.824787 0.491778
vt 0.626491 0.487786
vt 0.616959 0.487786
vt 0.616959 0.483734
vt 0.626491 0.483734
vt 0.616959 0.483734
vt 0.626491 0.479682
vt 0.626491 0.467526
vt 0.616959 0.467526
vt 0.626491 0.463474
vt 0.876562 0.493538
vt 0.903971 0.493538
vt 0.890266 0.491778
vt 0.626491 0.497932
vt 0.626491 0.492867
vt 0.640790 0.492867
vt 0.664620 0.465500
vt 0.655088 0.463474
vt 0.655088 0.458409
vt 0.655088 0.492867
vt 0.655088 0.487786
vt 0.664620 0.487786
vt 0.616959 0.487786
vt 0.626491 0.492867
vt 0.626491 0.497932
vt 0.897880 0.489138
vt 0.903971 0.493538
vt 0.913108 0.482096
vt 0.882653 0.489138
vt 0.876562 0.493538
vt 0.890266 0.491778
vt 0.664620 0.467526
vt 0.664620 0.475630
vt 0.655088 0.471578
vt 0.664620 0.475630
vt 0.655088 0.479682
vt 0.655088 0.471578
vt 0.626491 0.479682
vt 0.616959 0.475630
vt 0.626491 0.471578
vt 0.882653 0.464494
vt 0.882653 0.460973
vt 0.867425 0.464494
vt 0.913108 0.464494
vt 0.913108 0.462621
vt 0.897880 0.460973
vt 0.664620 0.467526
vt 0.655088 0.463474
vt 0.664620 0.465500
vt 0.861334 0.470215
vt 0.846106 0.468014
vt 0.846106 0.472415
vt 0.846106 0.463614
vt 0.861334 0.463614
vt 0.846106 0.460093
vt 0.601072 0.490735
vt 0.601072 0.496813
vt 0.586774 0.490735
vt 0.815651 0.463614
vt 0.830878 0.460093
vt 0.815651 0.461853
vt 0.846106 0.485617
vt 0.830878 0.485617
vt 0.838492 0.490018
vt 0.572476 0.485760
vt 0.562944 0.481708
vt 0.572476 0.481708
vt 0.610604 0.485760
vt 0.601072 0.485760
vt 0.610604 0.481708
vt 0.572476 0.477656
vt 0.562944 0.481708
vt 0.562944 0.474111
vt 0.610604 0.481708
vt 0.601072 0.481708
vt 0.601072 0.477656
vt 0.572476 0.470565
vt 0.562944 0.474111
vt 0.562944 0.466513
vt 0.610604 0.474111
vt 0.601072 0.477656
vt 0.601072 0.470565
vt 0.572476 0.470565
vt 0.562944 0.466513
vt 0.572476 0.466513
vt 0.572476 0.462461
vt 0.562944 0.466513
vt 0.562944 0.464487
vt 0.610604 0.466513
vt 0.601072 0.466513
vt 0.601072 0.462461
vt 0.846106 0.485617
vt 0.838492 0.490018
vt 0.852197 0.491778
vt 0.844538 0.356708
vt 0.805323 0.363052
vt 0.818949 0.357503
vt 0.699977 0.377476
vt 0.694318 0.407273
vt 0.674417 0.383102
vt 0.560385 0.382066
vt 0.529428 0.379619
vt 0.550233 0.360828
vt 0.916945 0.357515
vt 0.892940 0.356664
vt 0.892224 0.352604
vt 0.819833 0.365553
vt 0.871441 0.365569
vt 0.820992 0.373087
vt 0.844538 0.356560
vt 0.818949 0.357503
vt 0.803804 0.365591
vt 0.844538 0.356708
vt 0.818949 0.357503
vt 0.844540 0.352630
vt 0.664900 0.440454
vt 0.656403 0.457594
vt 0.655959 0.440389
vt 0.522162 0.448518
vt 0.524011 0.433906
vt 0.540794 0.451389
vt 0.713685 0.435516
vt 0.708911 0.452920
vt 0.703940 0.437014
vt 0.510783 0.433228
vt 0.517631 0.433139
vt 0.512971 0.442489
vt 0.788034 0.441818
vt 0.798257 0.439074
vt 0.808231 0.442847
vt 0.514607 0.409550
vt 0.531754 0.409316
vt 0.517631 0.433139
vt 0.769214 0.377087
vt 0.785081 0.380957
vt 0.794829 0.368949
vt 0.794829 0.368949
vt 0.785081 0.380957
vt 0.805323 0.363052
vt 0.887006 0.443564
vt 0.873573 0.447715
vt 0.874001 0.440494
vt 0.694318 0.407273
vt 0.699977 0.377476
vt 0.714030 0.408101
vt 0.970019 0.406648
vt 0.966050 0.388326
vt 0.955088 0.383483
vt 0.564547 0.452005
vt 0.555217 0.453036
vt 0.566567 0.439940
vt 0.589684 0.459066
vt 0.574012 0.440048
vt 0.605278 0.443567
vt 0.607545 0.455642
vt 0.589684 0.459066
vt 0.605278 0.443567
vt 0.966050 0.388326
vt 0.955089 0.382002
vt 0.955088 0.383483
vt 0.655959 0.440389
vt 0.638699 0.460253
vt 0.623155 0.443643
vt 0.763213 0.404874
vt 0.765078 0.397359
vt 0.785999 0.405727
vt 0.514607 0.409550
vt 0.517631 0.433139
vt 0.510783 0.433228
vt 0.769214 0.377087
vt 0.752236 0.383743
vt 0.765078 0.397359
vt 0.769214 0.377087
vt 0.782579 0.374945
vt 0.765872 0.383197
vt 0.713685 0.435516
vt 0.721404 0.430720
vt 0.719823 0.446800
vt 0.844538 0.356708
vt 0.819833 0.365553
vt 0.805323 0.363052
vt 0.583135 0.406713
vt 0.574012 0.440048
vt 0.566567 0.439940
vt 0.630013 0.406949
vt 0.623155 0.443643
vt 0.614217 0.443612
vt 0.601072 0.490735
vt 0.601072 0.485760
vt 0.610604 0.485760
vt 0.830878 0.472415
vt 0.830878 0.468014
vt 0.815651 0.470215
vt 0.524815 0.475630
vt 0.515283 0.479682
vt 0.515283 0.472591
vt 0.562944 0.479682
vt 0.553411 0.479682
vt 0.553411 0.475630
vt 0.524815 0.475630
vt 0.515283 0.472591
vt 0.524815 0.469552
vt 0.553411 0.475630
vt 0.562944 0.472591
vt 0.562944 0.479682
vt 0.524815 0.469552
vt 0.515283 0.465500
vt 0.524815 0.465500
vt 0.524815 0.461448
vt 0.515283 0.465500
vt 0.515283 0.463474
vt 0.562944 0.465500
vt 0.553411 0.465500
vt 0.553411 0.461448
vt 0.800423 0.483857
vt 0.792809 0.487377
vt 0.806514 0.489138
vt 0.553411 0.495890
vt 0.524815 0.495890
vt 0.539113 0.489812
vt 0.562944 0.465500
vt 0.553411 0.469552
vt 0.553411 0.465500
vt 0.562944 0.479682
vt 0.553411 0.483734
vt 0.553411 0.479682
vt 0.524815 0.483734
vt 0.515283 0.483734
vt 0.515283 0.479682
vt 0.524815 0.479682
vt 0.515283 0.479682
vt 0.524815 0.475630
vt 0.524815 0.465500
vt 0.515283 0.465500
vt 0.524815 0.461448
vt 0.779104 0.489138
vt 0.806514 0.489138
vt 0.792809 0.487377
vt 0.524815 0.495890
vt 0.524815 0.489812
vt 0.539113 0.489812
vt 0.787821 0.382631
vt 0.765872 0.383197
vt 0.782579 0.374945
vt 0.777713 0.436258
vt 0.778269 0.425984
vt 0.797285 0.425366
vt 0.871426 0.388116
vt 0.863920 0.410777
vt 0.850168 0.398448
vt 0.807535 0.407024
vt 0.797285 0.425366
vt 0.778269 0.425984
vt 0.769214 0.377087
vt 0.774147 0.387571
vt 0.785081 0.380957
vt 0.765078 0.397359
vt 0.774147 0.387571
vt 0.769214 0.377087
vt 0.714030 0.408101
vt 0.716654 0.382888
vt 0.720887 0.408504
vt 0.713685 0.435516
vt 0.714030 0.408101
vt 0.721404 0.430720
vt 0.714030 0.408101
vt 0.699977 0.377476
vt 0.716654 0.382888
vt 0.763213 0.404874
vt 0.774147 0.387571
vt 0.765078 0.397359
vt 0.579921 0.359957
vt 0.596850 0.347578
vt 0.656171 0.359452
vt 0.642464 0.347834
vt 0.681939 0.358904
vt 0.656171 0.359452
vt 0.939394 0.366303
vt 0.915516 0.366295
vt 0.892940 0.356664
vn -0.1471 0.9891 -0.0002
vn 0.2150 -0.9766 -0.0020
vn 0.2228 -0.9748 -0.0143
vn 0.2042 -0.9788 0.0150
vn 0.2352 -0.9713 -0.0341
vn 0.0684 0.9513 0.3005
vn 0.0707 0.9517 0.2987
vn 0.0479 0.9473 0.3168
vn 0.0934 0.9553 0.2803
vn 0.0896 0.9804 -0.1752
vn 0.0927 0.9796 -0.1782
vn 0.1139 0.9734 -0.1986
vn 0.0680 0.9857 -0.1544
vn -0.2176 -0.5315 0.8186
vn -0.2190 -0.5320 0.8179
vn -0.2748 -0.5498 0.7888
vn -0.1740 -0.5162 0.8386
vn -0.3191 -0.9425 -0.0995
vn -0.3212 -0.9413 -0.1030
vn -0.3270 -0.9383 -0.1123
vn -0.3128 -0.9456 -0.0894
vn -0.1047 -0.4822 -0.8697
vn -0.1053 -0.4811 -0.8703
vn -0.1335 -0.4222 -0.8966
vn -0.0812 -0.5287 -0.8449
vn 0.8333 0.5444 0.0959
vn 0.8203 0.5686 0.0621
vn 0.8514 0.5022 0.1514
vn 0.7996 0.6003 0.0150
vn 0.5639 0.3920 -0.7268
vn 0.5694 0.4202 -0.7065
vn 0.5800 0.4879 -0.6522
vn 0.5443 0.3084 -0.7801
vn -0.3452 -0.4848 -0.8036
vn -0.3453 -0.4849 -0.8035
vn -0.3445 -0.4845 -0.8040
vn -0.3460 -0.4852 -0.8030
vn -0.0009 -0.4128 0.9108
vn 0.0010 -0.4122 0.9111
vn 0.0090 -0.4095 0.9123
vn -0.0083 -0.4152 0.9097
vn 0.5799 0.8115 0.0717
vn 0.5778 0.8126 0.0757
vn 0.5659 0.8187 0.0975
vn 0.5913 0.8049 0.0499
vn 0.3472 0.7031 -0.6206
vn 0.3437 0.7034 -0.6222
vn 0.3907 0.6984 -0.5997
vn 0.3019 0.7061 -0.6404
vn 0.3170 0.9305 0.1833
vn 0.3122 0.9329 0.1793
vn 0.3392 0.9187 0.2021
vn 0.2872 0.9447 0.1584
vn 0.1821 0.7974 -0.5753
vn 0.1828 0.7956 -0.5776
vn 0.1876 0.7836 -0.5922
vn 0.1769 0.8098 -0.5594
vn -0.0738 -0.4480 0.8909
vn -0.0892 -0.4218 0.9023
vn -0.1292 -0.3508 0.9275
vn -0.0424 -0.4997 0.8651
vn 0.2827 0.9220 0.2647
vn 0.2697 0.9177 0.2918
vn 0.2384 0.9043 0.3540
vn 0.3108 0.9285 0.2032
vn 0.0832 0.8755 -0.4758
vn 0.0605 0.8701 -0.4891
vn 0.1313 0.8851 -0.4465
vn 0.0117 0.8563 -0.5164
vn 0.2860 0.9209 0.2647
vn 0.2703 0.9277 0.2575
vn 0.1771 0.9605 0.2144
vn 0.3776 0.8742 0.3052
vn 0.0908 0.8682 -0.4878
vn 0.0775 0.8795 -0.4694
vn 0.1450 0.8152 -0.5606
vn 0.0266 0.9176 -0.3966
vn -0.4487 -0.4643 -0.7635
vn -0.4400 -0.4752 -0.7620
vn -0.4683 -0.4394 -0.7666
vn -0.4223 -0.4965 -0.7584
vn -0.2835 -0.9319 0.2264
vn -0.2840 -0.9318 0.2260
vn -0.2891 -0.9310 0.2228
vn -0.2782 -0.9326 0.2297
vn -0.5681 -0.7676 0.2966
vn -0.5555 -0.7844 0.2760
vn -0.5286 -0.8160 0.2338
vn -0.5912 -0.7332 0.3359
vn 0.3651 0.9107 0.1930
vn 0.3650 0.9107 0.1933
vn 0.3630 0.9108 0.1966
vn 0.3671 0.9106 0.1897
vn 0.1785 0.8403 -0.5118
vn 0.1805 0.8361 -0.5179
vn 0.1972 0.7981 -0.5693
vn 0.1621 0.8721 -0.4617
vn -0.6647 -0.6122 0.4282
vn -0.7303 -0.5797 0.3613
vn -0.6390 -0.6225 0.4517
vn -0.7493 -0.5684 0.3397
vn -0.4179 -0.5784 0.7006
vn -0.4099 -0.5766 0.7067
vn -0.4464 -0.5844 0.6776
vn -0.3878 -0.5714 0.7232
vn -0.3414 -0.9206 -0.1895
vn -0.3468 -0.9152 -0.2054
vn -0.3052 -0.9481 -0.0887
vn -0.3746 -0.8802 -0.2915
vn 0.1813 -0.4584 -0.8700
vn 0.1852 -0.4750 -0.8603
vn 0.1713 -0.4159 -0.8931
vn 0.1938 -0.5127 -0.8364
vn -0.1336 -0.9852 -0.1068
vn -0.1829 -0.9736 -0.1365
vn -0.0772 -0.9944 -0.0726
vn -0.2344 -0.9576 -0.1675
vn 0.7335 0.4896 0.4713
vn 0.7329 0.5040 0.4569
vn 0.7335 0.4427 0.5156
vn 0.7294 0.5440 0.4147
vn 0.7789 0.4670 -0.4186
vn 0.7768 0.4841 -0.4027
vn 0.7674 0.5366 -0.3508
vn 0.7829 0.4038 -0.4733
vn -0.1618 -0.4710 -0.8672
vn -0.1586 -0.4703 -0.8681
vn -0.2000 -0.4788 -0.8548
vn -0.1194 -0.4615 -0.8791
vn -0.2538 -0.4969 0.8299
vn -0.2504 -0.4961 0.8314
vn -0.2135 -0.4870 0.8469
vn -0.2891 -0.5049 0.8133
vn 0.5440 0.7365 0.4020
vn 0.5387 0.7374 0.4074
vn 0.5173 0.7407 0.4285
vn 0.5613 0.7331 0.3841
vn 0.5598 0.7551 -0.3413
vn 0.5587 0.7553 -0.3424
vn 0.5655 0.7537 -0.3350
vn 0.5520 0.7569 -0.3497
vn 0.2404 0.8579 0.4540
vn 0.2376 0.8616 0.4485
vn 0.2441 0.8530 0.4613
vn 0.2336 0.8667 0.4407
vn 0.3238 0.8853 -0.3338
vn 0.3370 0.8714 -0.3564
vn 0.3526 0.8536 -0.3834
vn 0.3059 0.9024 -0.3034
vn 0.2453 -0.9679 -0.0540
vn 0.2446 -0.9680 -0.0552
vn 0.2432 -0.9683 -0.0574
vn 0.2466 -0.9677 -0.0518
vn -0.3443 -0.6011 0.7212
vn -0.3130 -0.6653 0.6778
vn -0.4082 -0.4342 0.8030
vn -0.2403 -0.7846 0.5715
vn -0.1144 -0.9906 0.0746
vn -0.1165 -0.9901 0.0778
vn -0.0760 -0.9969 0.0161
vn -0.1415 -0.9831 0.1161
vn 0.1541 0.9159 0.3706
vn 0.1540 0.9159 0.3706
vn 0.1545 0.9160 0.3703
vn 0.1536 0.9158 0.3710
vn 0.1775 0.9438 -0.2789
vn 0.1783 0.9438 -0.2781
vn 0.1725 0.9430 -0.2846
vn 0.1833 0.9445 -0.2723
vn 0.2116 0.9134 0.3477
vn 0.2161 0.9098 0.3541
vn 0.1977 0.9238 0.3278
vn 0.2300 0.8985 0.3739
vn 0.2442 0.9454 -0.2158
vn 0.2562 0.9384 -0.2316
vn 0.2796 0.9235 -0.2624
vn 0.2201 0.9579 -0.1843
vn -0.3204 -0.5917 -0.7397
vn -0.3392 -0.5295 -0.7775
vn -0.3770 -0.3653 -0.8511
vn -0.2740 -0.7136 -0.6447
vn -0.6989 -0.6544 0.2884
vn -0.5516 -0.8058 0.2152
vn -0.3488 -0.9297 0.1180
vn -0.7697 -0.5494 0.3250
vn -0.3825 -0.9238 -0.0138
vn -0.3811 -0.9244 -0.0120
vn -0.3728 -0.9279 -0.0009
vn -0.3917 -0.9197 -0.0260
vn 0.6736 -0.7385 -0.0298
vn 0.6726 -0.7394 -0.0284
vn 0.6367 -0.7709 0.0189
vn 0.7030 -0.7075 -0.0719
vn -0.7027 -0.7059 -0.0893
vn -0.7086 -0.7010 -0.0805
vn -0.6764 -0.7256 -0.1263
vn -0.7326 -0.6792 -0.0434
vn 0.1259 0.9039 0.4088
vn 0.1244 0.9036 0.4100
vn 0.0775 0.8922 0.4449
vn 0.1714 0.9118 0.3731
vn 0.1335 0.9456 -0.2964
vn 0.1357 0.9445 -0.2989
vn 0.1446 0.9400 -0.3090
vn 0.1244 0.9501 -0.2860
vn 0.4780 -0.8748 -0.0791
vn 0.4825 -0.8714 -0.0881
vn 0.4597 -0.8870 -0.0440
vn 0.4958 -0.8608 -0.1148
vn 0.3515 0.9347 -0.0530
vn 0.3546 0.9336 -0.0518
vn 0.3353 0.9402 -0.0595
vn 0.3735 0.9265 -0.0441
vn 0.1091 0.8669 -0.4864
vn 0.1097 0.8656 -0.4885
vn 0.1018 0.8811 -0.4617
vn 0.1155 0.8537 -0.5077
vn 0.1477 -0.7629 -0.6293
vn 0.1396 -0.7709 -0.6214
vn 0.0843 -0.8204 -0.5655
vn 0.1907 -0.7180 -0.6693
vn 0.4224 -0.8744 -0.2384
vn 0.5029 -0.8385 -0.2097
vn 0.3520 -0.8988 -0.2610
vn 0.5577 -0.8084 -0.1881
vn -0.4908 -0.4317 -0.7568
vn -0.4535 -0.4776 -0.7524
vn -0.6032 -0.2665 -0.7518
vn -0.3458 -0.5923 -0.7277
vn 0.4663 -0.8823 0.0648
vn 0.5387 -0.8410 0.0501
vn 0.5522 -0.8323 0.0472
vn 0.4428 -0.8939 0.0693
vn 0.2082 -0.8118 -0.5456
vn 0.2996 -0.7514 -0.5878
vn 0.3394 -0.7209 -0.6042
vn 0.1664 -0.8351 -0.5243
vn -0.1105 0.8972 -0.4276
vn -0.1073 0.8921 -0.4389
vn -0.1032 0.8856 -0.4529
vn -0.1158 0.9051 -0.4089
vn -0.2800 -0.9133 0.2957
vn -0.2803 -0.9132 0.2956
vn -0.2758 -0.9142 0.2969
vn -0.2847 -0.9123 0.2942
vn -0.2073 0.1579 0.9654
vn -0.2022 0.1554 0.9669
vn -0.1917 0.1504 0.9698
vn -0.2181 0.1631 0.9622
vn -0.4919 -0.8039 0.3342
vn -0.4665 -0.8412 0.2734
vn -0.4142 -0.8959 0.1604
vn -0.5314 -0.7230 0.4414
vn 0.3038 0.9493 0.0800
vn 0.2991 0.9502 0.0878
vn 0.3238 0.9450 0.0465
vn 0.2770 0.9528 0.1236
vn 0.1602 0.7976 -0.5815
vn 0.1412 0.8379 -0.5273
vn 0.1893 0.7242 -0.6630
vn 0.1079 0.8958 -0.4311
vn -0.1526 -0.9845 0.0866
vn -0.1605 -0.9836 0.0828
vn -0.2031 -0.9771 0.0626
vn -0.1111 -0.9881 0.1058
vn -0.1486 -0.9789 0.1400
vn -0.1492 -0.9786 0.1418
vn -0.1401 -0.9837 0.1124
vn -0.1577 -0.9728 0.1696
vn 0.2321 0.9709 0.0579
vn 0.2324 0.9710 0.0566
vn 0.2362 0.9709 0.0381
vn 0.2287 0.9707 0.0740
vn -0.0332 0.8751 -0.4828
vn -0.0329 0.8747 -0.4835
vn -0.0505 0.8954 -0.4423
vn -0.0158 0.8527 -0.5221
vn 0.2164 -0.4008 0.8902
vn 0.1545 -0.4624 0.8731
vn 0.3395 -0.2625 0.9032
vn 0.0224 -0.5784 0.8154
vn -0.0798 -0.5393 -0.8383
vn -0.0788 -0.5383 -0.8390
vn 0.0882 -0.3388 -0.9367
vn -0.1748 -0.6368 -0.7509
vn 0.0201 -0.3934 -0.9191
vn 0.0399 -0.3772 -0.9252
vn 0.0832 -0.3408 -0.9364
vn 0.0030 -0.4072 -0.9133
vn -0.1753 -0.2712 -0.9464
vn -0.0810 -0.2122 -0.9738
vn 0.0713 -0.1126 -0.9911
vn -0.2980 -0.3446 -0.8902
vn -0.0226 0.9301 0.3667
vn -0.0179 0.9267 0.3753
vn -0.0310 0.9358 0.3512
vn -0.0090 0.9202 0.3913
vn -0.1885 0.9432 0.2736
vn -0.1750 0.9376 0.3006
vn -0.2006 0.9475 0.2489
vn -0.1671 0.9339 0.3160
vn -0.1178 0.9685 -0.2192
vn -0.1316 0.9749 -0.1794
vn -0.1376 0.9772 -0.1614
vn -0.1100 0.9642 -0.2412
vn -0.5189 -0.4776 -0.7089
vn -0.5184 -0.4785 -0.7087
vn -0.5199 -0.4759 -0.7094
vn -0.5177 -0.4798 -0.7083
vn -0.3562 -0.8939 0.2722
vn -0.3497 -0.8959 0.2738
vn -0.3764 -0.8871 0.2670
vn -0.3289 -0.9022 0.2789
vn -0.0019 -0.9989 0.0466
vn -0.0027 -0.9989 0.0461
vn -0.0059 -0.9990 0.0440
vn 0.0014 -0.9988 0.0489
vn 0.1768 -0.9842 -0.0130
vn 0.1807 -0.9832 -0.0226
vn 0.1717 -0.9851 -0.0009
vn 0.1861 -0.9819 -0.0357
vn 0.3130 0.9359 0.1615
vn 0.3129 0.9359 0.1616
vn 0.3139 0.9359 0.1601
vn 0.3120 0.9360 0.1630
vn 0.1857 0.8883 -0.4200
vn 0.1816 0.8913 -0.4154
vn 0.1965 0.8802 -0.4319
vn 0.1718 0.8982 -0.4046
vn -0.4232 0.0031 -0.9060
vn -0.4175 -0.0027 -0.9086
vn -0.4529 0.0342 -0.8909
vn -0.3940 -0.0267 -0.9187
vn -0.3893 0.9211 -0.0048
vn -0.3916 0.9201 -0.0065
vn -0.3952 0.9185 -0.0091
vn -0.3833 0.9236 -0.0005
vn -0.2994 0.0221 -0.9539
vn -0.2947 0.0181 -0.9554
vn -0.2354 -0.0319 -0.9714
vn -0.3471 0.0636 -0.9356
vn 0.0540 0.9886 0.1405
vn 0.0484 0.9902 0.1311
vn 0.0593 0.9870 0.1495
vn 0.0412 0.9920 0.1190
vn -0.0078 -0.4082 0.9128
vn 0.0018 -0.4070 0.9134
vn -0.0636 -0.4147 0.9077
vn 0.0455 -0.4009 0.9150
vn -0.4440 -0.8838 0.1476
vn -0.4339 -0.8873 0.1561
vn -0.4027 -0.8971 0.1818
vn -0.4785 -0.8701 0.1178
vn -0.3740 -0.4389 -0.8169
vn -0.3722 -0.4429 -0.8156
vn -0.4229 -0.3180 -0.8485
vn -0.3304 -0.5293 -0.7814
vn 0.0419 0.9889 -0.1423
vn 0.0361 0.9908 -0.1307
vn 0.0302 0.9924 -0.1189
vn 0.0461 0.9875 -0.1505
vn -0.1968 -0.9803 -0.0151
vn -0.1388 -0.9887 -0.0570
vn -0.0422 -0.9912 -0.1249
vn -0.2809 -0.9586 0.0471
vn -0.3910 -0.5965 -0.7009
vn -0.3792 -0.5921 -0.7111
vn -0.3174 -0.5671 -0.7600
vn -0.4371 -0.6125 -0.6586
vn 0.9271 0.3465 -0.1431
vn 0.9271 0.3463 -0.1430
vn 0.9443 0.3095 -0.1115
vn 0.9071 0.3829 -0.1747
vn 0.4349 0.2128 -0.8750
vn 0.4285 0.1931 -0.8826
vn 0.4634 0.3104 -0.8300
vn 0.3907 0.0848 -0.9166
vn -0.5559 -0.3613 -0.7486
vn -0.5863 -0.3664 -0.7224
vn -0.4754 -0.3459 -0.8089
vn -0.6997 -0.3809 -0.6044
vn 0.1252 -0.3006 0.9455
vn 0.1470 -0.3004 0.9424
vn -0.0122 -0.2983 0.9544
vn 0.2313 -0.2983 0.9260
vn 0.6673 0.7334 -0.1294
vn 0.6680 0.7323 -0.1320
vn 0.6700 0.7291 -0.1394
vn 0.6653 0.7365 -0.1222
vn 0.3216 0.5752 -0.7521
vn 0.3327 0.5728 -0.7491
vn 0.3100 0.5777 -0.7551
vn 0.4447 0.8953 -0.0257
vn 0.4393 0.8979 -0.0292
vn 0.4751 0.8798 -0.0057
vn 0.4068 0.9121 -0.0498
vn 0.1632 0.7335 -0.6598
vn 0.1630 0.7346 -0.6586
vn 0.1660 0.7184 -0.6755
vn 0.1602 0.7492 -0.6427
vn 0.2142 -0.2948 0.9312
vn 0.2114 -0.2900 0.9334
vn 0.2066 -0.2819 0.9369
vn 0.2179 -0.3009 0.9284
vn -0.1254 -0.9917 -0.0288
vn -0.1738 -0.9847 0.0039
vn -0.2376 -0.9702 0.0477
vn -0.0689 -0.9954 -0.0666
vn -0.2343 -0.7064 -0.6679
vn -0.2207 -0.7019 -0.6771
vn -0.1995 -0.6946 -0.6911
vn -0.2595 -0.7141 -0.6501
vn 0.4181 0.9084 -0.0017
vn 0.4149 0.9098 0.0063
vn 0.4515 0.8878 -0.0887
vn 0.3798 0.9209 0.0877
vn 0.1167 0.8804 -0.4597
vn 0.1243 0.8795 -0.4594
vn 0.1406 0.8773 -0.4588
vn 0.0999 0.8822 -0.4602
vn -0.0592 -0.9969 0.0518
vn -0.0586 -0.9968 0.0536
vn -0.0660 -0.9973 0.0310
vn -0.0523 -0.9960 0.0726
vn -0.5970 0.1818 0.7813
vn -0.5853 0.1593 0.7950
vn -0.5739 0.1382 0.8071
vn -0.6075 0.2028 0.7680
vn 0.4808 0.8490 -0.2191
vn 0.4820 0.8481 -0.2200
vn 0.4848 0.8459 -0.2220
vn 0.4781 0.8510 -0.2172
vn 0.1099 0.8229 0.5574
vn 0.1178 0.8231 0.5555
vn 0.1546 0.8232 0.5463
vn 0.0715 0.8213 0.5659
vn -0.5984 0.1346 0.7898
vn -0.5815 0.1359 0.8021
vn -0.6088 0.1337 0.7819
vn -0.5711 0.1367 0.8094
vn -0.0837 0.6391 0.7645
vn -0.0908 0.7329 0.6742
vn -0.0943 0.7834 0.6142
vn -0.0770 0.5570 0.8269
vn -0.5013 -0.8044 -0.3186
vn -0.5018 -0.8042 -0.3184
vn -0.5179 -0.7962 -0.3128
vn -0.4853 -0.8121 -0.3240
vn -0.2385 -0.9340 -0.2661
vn -0.2333 -0.9351 -0.2668
vn -0.2952 -0.9200 -0.2576
vn -0.1732 -0.9458 -0.2745
vn -0.5851 -0.5116 0.6292
vn -0.5853 -0.5113 0.6293
vn -0.6393 -0.4144 0.6476
vn -0.5337 -0.5883 0.6074
vn 0.5463 0.3715 0.7506
vn 0.5421 0.3520 0.7630
vn 0.5223 0.2720 0.8082
vn 0.5590 0.4400 0.7027
vn 0.8950 0.4281 0.1255
vn 0.8951 0.4278 0.1253
vn 0.8584 0.4843 0.1689
vn 0.9268 0.3670 0.0797
vn 0.1949 -0.3429 0.9189
vn 0.2454 -0.3471 0.9051
vn 0.1353 -0.3367 0.9318
vn 0.2864 -0.3499 0.8919
vn 0.0504 -0.4346 -0.8992
vn 0.0650 -0.4356 -0.8978
vn 0.1522 -0.4396 -0.8852
vn -0.0572 -0.4242 -0.9037
vn 0.6642 -0.6683 0.3349
vn 0.6629 -0.6685 0.3370
vn 0.6678 -0.6676 0.3291
vn 0.6586 -0.6692 0.3439
vn 0.3913 -0.7835 -0.4827
vn 0.3913 -0.7835 -0.4826
vn 0.3923 -0.7697 -0.5036
vn 0.3902 -0.7941 -0.4659
vn 0.2735 -0.7176 -0.6405
vn 0.2637 -0.6923 -0.6716
vn 0.2837 -0.7440 -0.6049
vn 0.2541 -0.6675 -0.6999
vn 0.4348 -0.8133 -0.3866
vn 0.4341 -0.8180 -0.3773
vn 0.4360 -0.8052 -0.4020
vn 0.4327 -0.8262 -0.3609
vn -0.3087 -0.9304 -0.1975
vn -0.3089 -0.9301 -0.1986
vn -0.3116 -0.9265 -0.2110
vn -0.3059 -0.9339 -0.1849
vn 0.1350 -0.5806 -0.8029
vn 0.1352 -0.5818 -0.8020
vn 0.1344 -0.5777 -0.8051
vn 0.1358 -0.5850 -0.7996
vn -0.5886 0.1265 0.7985
vn -0.5899 0.1287 0.7971
vn -0.5910 0.1305 0.7960
vn -0.5874 0.1246 0.7996
vn 0.5892 0.8079 -0.0127
vn 0.5902 0.8072 -0.0128
vn 0.5593 0.8289 -0.0096
vn 0.6298 0.7765 -0.0171
vn 0.5668 0.8028 -0.1847
vn 0.5668 0.8029 -0.1847
vn 0.5669 0.8028 -0.1848
vn 0.1133 -0.4679 -0.8765
vn 0.1168 -0.4808 -0.8690
vn 0.0912 -0.3851 -0.9183
vn 0.1344 -0.5462 -0.8268
vn -0.5534 -0.5311 0.6415
vn -0.5572 -0.5315 0.6379
vn -0.6472 -0.5367 0.5413
vn -0.4807 -0.5211 0.7052
vn -0.1066 0.8465 0.5216
vn -0.0937 0.8459 0.5250
vn -0.1472 0.8474 0.5101
vn -0.0532 0.8430 0.5352
vn 0.3274 0.7018 0.6326
vn 0.3403 0.6979 0.6302
vn 0.2441 0.7238 0.6454
vn 0.4250 0.6681 0.6108
vn 0.6382 0.7690 -0.0361
vn 0.6371 0.7698 -0.0389
vn 0.6851 0.7214 0.1006
vn 0.5710 0.8004 -0.1826
vn 0.2230 0.7527 0.6194
vn 0.2227 0.7545 0.6173
vn 0.2214 0.7634 0.6068
vn 0.2243 0.7438 0.6297
vn -0.4832 -0.6969 0.5299
vn -0.4473 -0.7350 0.5096
vn -0.5120 -0.6634 0.5456
vn -0.4152 -0.7660 0.4907
vn 0.4653 -0.8610 -0.2051
vn 0.4655 -0.8610 -0.2050
vn 0.4344 -0.8738 -0.2185
vn 0.4936 -0.8481 -0.1923
vn 0.0728 0.6265 0.7760
vn 0.0707 0.6265 0.7761
vn 0.0567 0.6265 0.7774
vn 0.0860 0.6265 0.7746
vn -0.0893 0.7945 0.6006
vn -0.0891 0.7945 0.6007
vn -0.0924 0.7945 0.6001
vn -0.0860 0.7945 0.6012
vn 0.3373 0.8958 -0.2892
vn 0.3366 0.8956 -0.2909
vn 0.3406 0.8972 -0.2810
vn 0.3331 0.8941 -0.2994
vn -0.9628 0.2703 0.0001
vn -0.9627 0.2706 -0.0001
vn -0.9629 0.2699 0.0003
vn -0.9626 0.2710 -0.0004
vn -0.0305 0.8693 0.4934
vn -0.0274 0.8647 0.5015
vn -0.0546 0.9016 0.4290
vn -0.0022 0.8252 0.5649
vn 0.2710 0.9368 -0.2214
vn 0.2849 0.9312 -0.2273
vn 0.3856 0.8824 -0.2694
vn 0.1690 0.9695 -0.1771
vn 0.8121 0.0925 -0.5762
vn 0.8284 0.1015 -0.5508
vn 0.8682 0.1252 -0.4801
vn 0.7568 0.0642 -0.6504
vn -0.0730 0.8153 0.5744
vn -0.0757 0.8378 0.5406
vn -0.0787 0.8623 0.5002
vn -0.0698 0.7888 0.6106
vn -0.0951 0.8013 0.5907
vn -0.1087 0.8038 0.5848
vn -0.0807 0.7983 0.5968
vn -0.1215 0.8061 0.5791
vn -0.9718 -0.2358 0.0016
vn -0.9718 -0.2356 0.0014
vn -0.9717 -0.2363 0.0019
vn -0.9719 -0.2352 0.0011
vn 0.6344 0.2417 -0.7342
vn 0.6342 0.2423 -0.7342
vn 0.5760 0.3692 -0.7293
vn 0.6775 0.1191 -0.7258
vn 0.4428 -0.8862 0.1360
vn 0.4419 -0.8865 0.1369
vn 0.4066 -0.8973 0.1718
vn 0.4724 -0.8750 0.1056
vn -0.6687 0.1674 0.7244
vn -0.6651 0.1677 0.7276
vn -0.6707 0.1673 0.7226
vn -0.6631 0.1678 0.7294
vn 0.0017 0.8404 0.5420
vn 0.0012 0.8403 0.5421
vn -0.0338 0.8346 0.5498
vn 0.0321 0.8444 0.5347
vn 0.1155 -0.9931 0.0192
vn 0.1208 -0.9925 0.0167
vn 0.0941 -0.9951 0.0291
vn 0.1431 -0.9897 0.0064
vn -0.1488 0.9127 0.3804
vn -0.1491 0.9127 0.3804
vn -0.1468 0.9133 0.3798
vn -0.1512 0.9121 0.3810
vn 0.1193 0.9738 -0.1937
vn 0.1222 0.9731 -0.1950
vn 0.1347 0.9704 -0.2002
vn 0.1054 0.9765 -0.1878
vn -0.1457 -0.9804 -0.1323
vn -0.1459 -0.9805 -0.1314
vn -0.1591 -0.9861 -0.0484
vn -0.1306 -0.9669 -0.2188
vn 0.4064 -0.9136 -0.0101
vn 0.3691 -0.9292 0.0179
vn 0.3044 -0.9503 0.0650
vn 0.5399 -0.8335 -0.1171
vn 0.2367 -0.9578 -0.1630
vn 0.2462 -0.9534 -0.1744
vn 0.3093 -0.9172 -0.2510
vn 0.1680 -0.9824 -0.0814
vn -0.6171 0.1394 0.7744
vn -0.6176 0.1406 0.7738
vn -0.6184 0.1425 0.7728
vn -0.6162 0.1372 0.7755
vn -0.4372 0.0961 0.8942
vn -0.4311 0.0984 0.8969
vn -0.3387 0.1327 0.9315
vn -0.5105 0.0666 0.8572
vn 0.1643 -0.8645 0.4751
vn 0.9501 -0.3117 0.0103
vn 0.4214 0.1317 -0.8972
vn -0.3344 0.1252 0.9340
vn 0.4064 0.1551 -0.9004
vn 0.4155 0.1818 -0.8912
vn -0.2494 0.1109 0.9620
vn 0.5660 0.8232 0.0448
vn 0.9847 0.1739 0.0031
vn 0.5030 0.8596 -0.0891
vn -0.6200 -0.6302 0.4674
vn 0.0395 0.1636 0.9857
vn 0.1178 0.2169 -0.9690
vn 0.0899 0.1907 -0.9775
vn 0.0290 0.1280 0.9913
vn 0.0455 0.2459 -0.9682
vn 0.0381 0.1324 0.9904
vn 0.1708 0.1761 -0.9694
vn 0.1073 0.0772 0.9912
vn 0.1323 0.1088 -0.9852
vn -0.0983 -0.9951 0.0020
vn 0.2514 -0.6480 -0.7189
vn 0.0914 0.1068 0.9901
vn -0.0697 0.2031 0.9767
vn 0.2087 0.1193 0.9707
vn 0.6530 -0.0605 -0.7549
vn 0.5713 -0.7826 -0.2471
vn 0.2022 -0.6436 -0.7381
vn 0.3164 -0.2307 0.9201
vn 0.1748 -0.6377 -0.7501
vn 0.2709 0.0008 -0.9626
vn 0.3559 0.2240 -0.9073
vn -0.2632 -0.5904 0.7630
vn 0.4170 -0.6500 -0.6353
vn -0.6434 -0.6277 0.4381
vn -0.6331 -0.6215 0.4613
vn 0.5035 0.8550 -0.1241
vn 0.5745 0.8156 0.0689
vn -0.6399 -0.5657 0.5200
vn -0.1856 -0.7756 0.6033
vn 0.4057 0.2072 0.8902
vn -0.6172 -0.6256 0.4770
vn 0.0615 -0.9814 0.1820
vn -0.7379 -0.5233 0.4262
vn 0.2521 -0.3080 0.9174
vn -0.3809 -0.5969 -0.7061
vn 0.5411 0.8406 0.0233
vn 0.4965 0.8582 -0.1299
vn 0.3652 0.0296 0.9304
vn 0.7533 0.0838 -0.6523
vn 0.0278 -0.1143 0.9930
vn -0.0248 -0.9992 -0.0302
vn -0.6312 -0.5669 0.5293
vn 0.8405 0.4472 0.3056
vn 0.8125 0.2166 -0.5412
vn -0.2883 0.1194 0.9500
vn -0.2246 -0.0808 0.9711
vn 0.3221 -0.5867 -0.7429
vn -0.3283 -0.6072 0.7236
vn -0.1791 -0.6594 0.7301
vn 0.5786 -0.3630 0.7303
vn 0.3691 -0.5286 -0.7644
vn -0.1763 -0.9783 -0.1083
vn 0.4659 0.1773 -0.8669
vn -0.2253 -0.0801 0.9710
vn 0.4434 0.1516 -0.8834
vn 0.8728 -0.0329 0.4868
vn 0.2604 -0.6376 0.7250
vn 0.1328 -0.6955 0.7061
vn 0.2908 -0.7907 -0.5386
vn 0.5111 -0.0059 -0.8595
vn -0.1418 -0.9832 0.1150
vn -0.1159 -0.9928 0.0303
vn -0.6426 -0.5770 0.5041
vn 0.5521 0.8054 -0.2157
vn 0.9428 0.0480 -0.3297
vn 0.6551 0.7035 0.2756
vn 0.8106 0.2196 -0.5428
vn -0.1152 -0.9919 -0.0540
vn -0.1234 -0.9888 -0.0834
vn 0.7143 0.2462 -0.6550
vn 0.6055 0.0560 0.7938
vn -0.2519 -0.1120 -0.9612
vn 0.0545 -0.9962 0.0668
vn -0.4300 -0.5285 -0.7320
vn 0.9855 0.1068 -0.1317
vn 0.4726 0.2441 0.8467
vn 0.2337 -0.4078 0.8827
vn 0.4150 -0.8933 0.1723
vn -0.2511 0.5679 -0.7838
vn 0.3626 -0.9179 -0.1611
vn -0.1507 0.4119 -0.8986
vn 0.5623 -0.8089 -0.1717
vn -0.1292 0.9846 0.1179
vn -0.1107 0.8852 -0.4518
vn -0.1291 0.9845 -0.1183
vn 0.1561 0.7446 -0.6490
vn 0.1222 0.2098 0.9700
vn 0.7148 -0.6929 0.0948
vn 0.6003 -0.7359 0.3132
vn 0.8247 -0.2824 0.4900
vn 0.6610 -0.6333 0.4024
vn 0.3129 0.7860 -0.5331
vn 0.2062 0.9463 0.2489
vn -0.0167 0.7610 0.6485
vn -0.5365 0.2443 0.8078
vn -0.8244 0.3469 -0.4472
vn -0.8479 0.2806 0.4498
vn 0.1345 0.3072 -0.9421
vn -0.0023 0.1874 -0.9823
vn 0.3361 0.4509 -0.8268
vn 0.2719 0.7189 0.6397
vn 0.1923 0.9813 0.0002
vn 0.1646 0.9637 -0.2101
vn 0.4410 0.8529 0.2794
vn 0.4778 -0.8296 -0.2887
vn -0.7657 0.0578 -0.6406
vn -0.1081 -0.8632 0.4930
vn 0.0877 0.8203 -0.5651
vn 0.4898 -0.8341 -0.2537
vn 0.3753 -0.7443 0.5524
vn -0.0536 0.6732 0.7375
vn 0.1856 0.9310 0.3142
vn 0.0323 0.9322 0.3605
vn -0.7666 0.4649 -0.4430
vn -0.8610 -0.2724 -0.4295
vn -0.1094 -0.1380 -0.9843
vn 0.9011 -0.4317 -0.0395
vn 0.7570 -0.3941 -0.5212
vn -0.7721 -0.6312 0.0735
vn -0.7604 -0.6408 -0.1052
vn -0.8964 0.2616 -0.3578
vn -0.8127 -0.5827 0.0029
vn 0.0841 0.8797 0.4680
vn -0.1813 0.9051 0.3847
vn -0.9039 0.2533 0.3446
vn 0.2408 0.5591 0.7933
vn -0.4118 -0.5512 -0.7257
vn 0.3213 -0.5943 0.7372
vn 0.4979 0.2147 0.8402
vn -0.3526 0.0626 -0.9337
vn -0.3531 0.7306 0.5844
vn -0.2727 0.6548 -0.7049
vn -0.3304 0.5682 -0.7536
vn 0.4897 0.0399 0.8710
vn 0.2018 -0.9791 0.0233
vn -0.2159 -0.3051 0.9275
vn 0.0325 0.7421 0.6694
vn 0.2728 -0.8585 -0.4341
vn 0.2746 0.1161 0.9545
vn 0.0289 0.1669 -0.9855
vn 0.4574 -0.8820 -0.1132
vn 0.3802 -0.9233 -0.0548
vn 0.7311 0.1396 0.6678
vn -0.8947 -0.3638 0.2592
vn 0.3623 -0.9320 0.0033
vn 0.9353 0.1550 0.3179
vn 0.2822 0.1758 0.9431
vn 0.2897 0.2385 -0.9269
vn -0.6751 0.7377 -0.0002
vn 0.1137 -0.9210 -0.3727
vn 0.2933 -0.9545 -0.0542
vn -0.0023 0.8856 -0.4644
vn 0.4189 0.9037 -0.0881
vn 0.0579 0.8213 -0.5675
vn 0.2761 0.1148 0.9542
vn -0.4389 0.6685 -0.6004
vn 0.1598 0.9005 -0.4044
vn 0.4544 -0.8823 -0.1229
vn 0.3718 -0.9110 -0.1781
vn -0.3393 0.9289 -0.1482
vn 0.5126 -0.8564 -0.0613
vn 0.8403 -0.4718 -0.2669
vn -0.2358 0.9205 0.3115
vn 0.5618 -0.8072 -0.1810
vn 0.3014 0.9434 -0.1387
vn -0.4072 0.7821 0.4716
vn -0.0424 -0.9963 -0.0739
vn 0.2199 0.9362 0.2741
vn -0.1936 0.4904 0.8497
vn 0.6912 -0.4898 0.5314
vn -0.2698 0.1019 0.9575
vn -0.3264 0.1484 0.9335
vn -0.2657 0.0930 0.9596
vn 0.5175 -0.0113 -0.8556
vn 0.4924 0.1474 -0.8578
vn 0.3800 0.1633 -0.9104
vn 0.2957 -0.9233 0.2448
vn 0.9241 -0.3354 0.1829
vn -0.3426 0.1525 0.9270
vn -0.0910 -0.4129 0.9062
vn 0.6092 -0.4072 -0.6805
vn -0.1731 -0.7562 0.6310
vn 0.2388 -0.8933 -0.3807
vn -0.3085 0.1187 0.9438
vn -0.3346 0.1256 0.9339
vn 0.4589 0.1233 -0.8798
vn 0.3705 0.9281 -0.0372
vn 0.9485 -0.2892 0.1288
vn 0.6377 -0.7670 -0.0702
vn 0.3248 -0.7791 -0.5361
vn 0.4673 -0.6804 0.5644
vn 0.1695 -0.9771 -0.1285
vn 0.5279 -0.7945 0.3000
vn -0.6355 0.2752 0.7214
vn -0.6749 0.2466 0.6955
vn 0.1776 0.1704 0.9692
vn -0.3280 -0.9304 -0.1632
vn 0.2092 -0.9738 -0.0889
vn 0.5878 -0.6783 0.4408
vn 0.6194 0.2367 -0.7485
vn 0.8529 -0.3692 -0.3690
vn 0.2767 0.2122 0.9372
vn 0.3781 0.1790 0.9083
vn -0.1395 0.0082 -0.9902
vn -0.2004 0.0277 -0.9793
vn -0.1589 0.1053 -0.9816
vn 0.6344 -0.0589 0.7707
vn -0.0497 -0.2497 -0.9670
vn 0.3980 -0.5516 0.7330
vn 0.1282 -0.9279 -0.3500
vn 0.4360 0.3242 0.8395
vn 0.3443 0.3415 0.8745
vn -0.3281 -0.0052 -0.9446
vn 0.5105 0.0859 0.8555
vn 0.0623 -0.1561 -0.9857
vn 0.2745 -0.5682 0.7757
vn 0.1204 -0.8595 -0.4967
vn 0.2568 0.2404 0.9361
vn 0.3612 0.2355 0.9022
vn -0.1793 0.0310 -0.9833
vn -0.0048 -0.5957 -0.8032
vn 0.2578 -0.5998 0.7575
vn 0.1937 0.1283 0.9726
vn -0.2083 0.1840 -0.9606
vn -0.1315 -0.1372 -0.9817
vn -0.0431 -0.7255 -0.6868
vn 0.5933 0.0645 0.8024
vn 0.1064 0.2215 -0.9693
vn 0.0226 -0.0519 -0.9984
vn -0.0616 -0.6019 -0.7961
vn 0.1774 0.0266 -0.9838
vn 0.0744 0.1358 -0.9879
vn 0.0709 0.1975 -0.9777
vn 0.5000 -0.8660 0.0075
vn 0.9021 -0.0566 -0.4278
vn -0.0384 0.1742 0.9839
vn 0.1965 0.0534 0.9790
vn 0.3744 -0.2512 -0.8926
vn 0.1065 -0.6586 0.7449
vn 0.2111 -0.8763 -0.4330
vn -0.0112 0.1241 0.9922
vn 0.0234 0.1314 0.9910
vn 0.0490 0.2467 -0.9678
vn 0.1753 -0.5813 -0.7945
vn 0.0825 -0.4770 0.8750
vn 0.0112 0.1499 0.9886
vn 0.1582 -0.5169 0.8412
vn 0.2345 -0.5696 0.7877
vn 0.9889 0.0589 0.1366
vn -0.0079 -0.5935 -0.8048
vn -0.0720 -0.9869 0.1445
vn -0.1251 -0.0268 -0.9918
vn 0.3709 0.1921 0.9086
vn -0.1782 0.0302 -0.9835
vn 0.3007 0.2289 0.9258
vn -0.1528 0.0349 -0.9876
vn 0.3415 0.2504 0.9059
vn -0.1958 0.1108 -0.9743
vn -0.1085 0.1299 -0.9856
vn 0.3311 0.2060 0.9208
vn 0.2781 -0.8402 0.4654
vn -0.9571 -0.1502 0.2476
vn -0.2366 0.8018 0.5487
vn -0.3712 0.6380 -0.6746
vn -0.9113 -0.2129 -0.3524
vn -0.5904 -0.8016 0.0938
vn -0.8574 0.3137 0.4079
vn -0.9150 -0.2225 0.3365
vn 0.0960 0.6745 0.7320
vn -0.0025 0.8495 -0.5276
vn -0.3007 0.4959 0.8146
vn 0.1126 -0.0305 -0.9932
vn 0.6667 -0.6790 0.3074
vn -0.3807 0.4070 -0.8303
vn -0.7433 0.4870 0.4586
vn -0.6593 0.4405 0.6093
vn 0.8876 -0.4299 0.1652
vn -0.2220 0.7713 0.5965
vn -0.2650 -0.0392 -0.9634
vn 0.5497 0.4602 0.6971
vn 0.1117 0.9828 -0.1470
vn 0.3109 0.9363 0.1634
vn -0.2252 -0.0153 -0.9742
vn 0.1706 0.9725 0.1587
vn 0.2979 0.1858 0.9363
vn -0.2251 0.0934 -0.9698
vn -0.1643 0.7278 0.6657
vn -0.5894 0.2495 0.7683
vn 0.0981 0.1880 0.9772
vn -0.8430 -0.4090 0.3494
vn -0.0457 0.8190 -0.5719
vn -0.0735 0.7614 -0.6441
vn 0.4828 0.1458 0.8635
vn -0.2209 -0.4977 -0.8387
vn -0.2807 -0.0445 -0.9587
vn 0.4860 0.3408 0.8047
vn -0.3189 -0.0076 -0.9477
vn 0.3829 0.3080 0.8709
vn -0.3818 0.0766 -0.9210
vn -0.3823 0.0846 -0.9201
vn 0.4772 0.2148 0.8521
vn 0.3251 -0.9220 0.2103
vn 0.7829 -0.3012 -0.5443
vn 0.5247 0.1768 0.8327
vn 0.5532 0.2996 0.7773
vn -0.2611 -0.0767 -0.9622
vn -0.3320 -0.0581 -0.9415
vn -0.3940 0.0822 -0.9154
vn 0.4058 -0.8938 -0.1906
vn 0.4223 -0.0296 -0.9060
vn -0.7119 -0.5366 0.4529
vn 0.4491 -0.6839 0.5750
vn 0.3730 -0.9264 -0.0511
vn 0.4665 -0.6765 0.5698
vn -0.1862 0.7992 0.5715
vn -0.1681 0.7086 0.6853
vn 0.0890 0.4998 0.8615
vn -0.0001 0.2467 0.9691
vn -0.2295 0.6969 0.6794
vn 0.2587 0.7446 0.6153
vn -0.6504 0.7594 -0.0140
vn -0.7640 0.5144 0.3893
vn -0.8397 -0.3243 -0.4356
usemtl m0
s 1
f 1550/1/1 403/2/1 1567/3/1
f 403/2/1 1550/1/1 440/4/1
f 1053/5/2 942/6/3 1048/7/4
f 942/6/3 1053/5/2 931/8/5
f 1018/9/6 984/10/7 979/11/8
f 984/10/7 1018/9/6 1001/12/9
f 994/13/10 980/14/11 989/15/12
f 980/14/11 994/13/10 1019/16/13
f 1039/17/14 949/18/15 943/19/16
f 949/18/15 1039/17/14 1029/20/17
f 944/21/18 1043/22/19 1040/23/20
f 1043/22/19 944/21/18 932/24/21
f 933/25/22 1034/26/23 1044/27/24
f 1034/26/23 933/25/22 938/28/25
f 1118/29/26 1109/30/27 1105/31/28
f 1109/30/27 1118/29/26 1112/32/29
f 1119/33/30 1080/34/31 1113/35/32
f 1080/34/31 1119/33/30 1077/36/33
f 1127/37/34 1090/38/35 1121/39/36
f 1090/38/35 1127/37/34 1087/40/37
f 1137/41/38 1100/42/39 1096/43/40
f 1100/42/39 1137/41/38 1131/44/41
f 1110/45/42 1141/46/43 1146/47/44
f 1141/46/43 1110/45/42 1114/48/45
f 1081/49/46 1142/50/47 1115/51/48
f 1142/50/47 1081/49/46 1150/52/49
f 1158/53/50 1143/54/51 1153/55/52
f 1143/54/51 1158/53/50 1147/56/53
f 1164/57/54 1144/58/55 1151/59/56
f 1144/58/55 1164/57/54 1154/60/57
f 1138/61/58 1167/62/59 1132/63/60
f 1167/62/59 1138/61/58 1267/64/61
f 1211/65/62 1197/66/63 1202/67/64
f 1197/66/63 1211/65/62 1205/68/65
f 1219/69/66 1198/70/67 1206/71/68
f 1198/70/67 1219/69/66 1215/72/69
f 1229/73/70 1199/74/71 1224/75/72
f 1199/74/71 1229/73/70 1203/76/73
f 1235/77/74 1200/78/75 1216/79/76
f 1200/78/75 1235/77/74 1225/80/77
f 1172/81/78 1128/82/79 1122/83/80
f 1128/82/79 1172/81/78 1273/84/81
f 1133/85/82 1092/86/83 1102/87/84
f 1092/86/83 1133/85/82 1123/88/85
f 1173/89/86 1134/90/87 1169/91/88
f 1134/90/87 1173/89/86 1124/92/89
f 1207/93/90 1161/94/91 1155/95/92
f 1161/94/91 1207/93/90 1213/96/93
f 1221/97/94 1156/98/95 1166/99/96
f 1156/98/95 1221/97/94 1208/100/97
f 612/101/98 583/102/99 330/103/100
f 583/102/99 612/101/98 622/104/101
f 796/105/102 714/106/103 703/107/104
f 714/106/103 796/105/102 786/108/105
f 704/109/106 800/110/107 797/111/108
f 800/110/107 704/109/106 682/112/109
f 683/113/110 793/114/111 801/115/112
f 793/114/111 683/113/110 695/116/113
f 603/117/114 228/118/115 593/119/116
f 228/118/115 603/117/114 266/120/117
f 874/121/118 865/122/119 861/123/120
f 865/122/119 874/121/118 868/124/121
f 875/125/122 836/126/123 869/127/124
f 836/126/123 875/125/122 833/128/125
f 883/129/126 846/130/127 878/131/128
f 846/130/127 883/129/126 843/132/129
f 893/133/130 856/134/131 852/135/132
f 856/134/131 893/133/130 888/136/133
f 866/137/134 897/138/135 902/139/136
f 897/138/135 866/137/134 870/140/137
f 837/141/138 898/142/139 871/143/140
f 898/142/139 837/141/138 906/144/141
f 916/145/142 899/146/143 911/147/144
f 899/146/143 916/145/142 903/148/145
f 921/149/146 900/150/147 907/151/148
f 900/150/147 921/149/146 912/152/149
f 1038/153/150 928/154/151 924/155/152
f 928/154/151 1038/153/150 1042/156/153
f 894/157/154 925/158/155 889/159/156
f 925/158/155 894/157/154 1030/160/157
f 222/161/158 602/162/159 592/163/160
f 602/162/159 222/161/158 446/164/161
f 969/165/162 953/166/163 959/167/164
f 953/166/163 969/165/162 963/168/165
f 978/169/166 954/170/167 964/171/168
f 954/170/167 978/169/166 972/172/169
f 987/173/170 955/174/171 981/175/172
f 955/174/171 987/173/170 960/176/173
f 992/177/174 956/178/175 973/179/176
f 956/178/175 992/177/174 982/180/177
f 930/181/178 884/182/179 879/183/180
f 884/182/179 930/181/178 1036/184/181
f 444/185/182 609/186/183 601/187/184
f 609/186/183 444/185/182 618/188/185
f 890/189/186 848/190/187 858/191/188
f 848/190/187 890/189/186 880/192/189
f 1049/193/190 552/194/191 1054/195/192
f 552/194/191 1049/193/190 564/196/193
f 927/197/194 887/198/195 923/199/196
f 887/198/195 927/197/194 877/200/197
f 961/201/198 914/202/199 909/203/200
f 914/202/199 961/201/198 965/204/201
f 975/205/202 910/206/203 918/207/204
f 910/206/203 975/205/202 962/208/205
f 1285/209/206 532/210/207 1291/211/208
f 532/210/207 1285/209/206 542/212/209
f 1470/213/210 1441/214/211 1465/215/212
f 1441/214/211 1470/213/210 1444/216/213
f 1475/217/214 1442/218/215 1457/219/216
f 1442/218/215 1475/217/214 1466/220/217
f 199/221/218 1631/222/219 11/223/220
f 1631/222/219 199/221/218 217/224/221
f 707/225/222 158/226/223 699/227/224
f 158/226/223 707/225/222 209/228/225
f 1414/229/226 1368/230/227 1364/231/228
f 1368/230/227 1414/229/226 1510/232/229
f 198/233/230 157/234/231 208/235/232
f 157/234/231 198/233/230 110/236/233
f 10/237/234 109/238/235 197/239/236
f 109/238/235 10/237/234 35/240/237
f 189/241/238 1594/242/239 1573/243/240
f 1594/242/239 189/241/238 1627/244/241
f 1375/245/242 1334/246/243 1343/247/244
f 1334/246/243 1375/245/242 1365/248/245
f 80/249/246 456/250/247 130/251/248
f 456/250/247 80/249/246 817/252/249
f 1415/253/250 1376/254/251 1411/255/252
f 1376/254/251 1415/253/250 1366/256/253
f 1449/257/254 1403/258/255 1397/259/256
f 1403/258/255 1449/257/254 1454/260/257
f 1463/261/258 1398/262/259 1407/263/260
f 1398/262/259 1463/261/258 1450/264/261
f 1516/265/262 1416/266/263 1412/267/264
f 1416/266/263 1516/265/262 1520/268/265
f 1531/269/266 1431/270/267 1525/271/268
f 1431/270/267 1531/269/266 1420/272/269
f 1311/273/270 1473/274/271 1467/275/272
f 1473/274/271 1311/273/270 1483/276/273
f 1309/277/274 1468/278/275 1477/279/276
f 1468/278/275 1309/277/274 1312/280/277
f 805/281/278 78/282/279 67/283/280
f 78/282/279 805/281/278 815/284/281
f 51/285/282 1528/286/283 60/287/284
f 1528/286/283 51/285/282 1534/288/285
f 59/289/286 42/290/287 50/291/288
f 42/290/287 59/289/286 33/292/289
f 21/293/290 32/294/291 9/295/292
f 32/294/291 21/293/290 41/296/293
f 1616/297/294 1603/298/295 1609/299/296
f 1603/298/295 1616/297/294 1583/300/297
f 1587/301/298 1544/302/299 1582/303/300
f 1544/302/299 1587/301/298 1549/304/301
f 1576/305/302 1560/306/303 1566/307/304
f 1560/306/303 1576/305/302 1571/308/305
f 1418/309/306 1508/310/307 1518/311/308
f 1508/310/307 1418/309/306 1422/312/309
f 1429/313/310 1517/314/311 1514/315/312
f 1517/314/311 1429/313/310 1417/316/313
f 1279/317/314 1174/318/315 1170/319/316
f 1174/318/315 1279/317/314 1283/320/317
f 1295/321/318 1189/322/319 1289/323/320
f 1189/322/319 1295/321/318 1178/324/321
f 1258/325/322 1231/326/323 1226/327/324
f 1231/326/323 1258/325/322 1073/328/325
f 1237/329/326 1223/330/327 1232/331/328
f 1223/330/327 1237/329/326 1259/332/329
f 1600/333/330 311/334/331 291/335/332
f 311/334/331 1600/333/330 259/336/333
f 1557/337/334 1569/338/335 1540/339/336
f 1569/338/335 1557/337/334 1552/340/337
f 1308/341/338 52/342/339 1621/343/340
f 52/342/339 1308/341/338 1536/344/341
f 452/345/342 1588/346/343 432/347/344
f 1588/346/343 452/345/342 441/348/345
f 1276/349/346 1192/350/347 1186/351/348
f 1192/350/347 1276/349/346 1266/352/349
f 1187/353/350 1280/354/351 1277/355/352
f 1280/354/351 1187/353/350 1175/356/353
f 1176/357/354 1271/358/355 1281/359/356
f 1271/358/355 1176/357/354 1180/360/357
f 423/361/358 1578/362/359 404/363/360
f 1578/362/359 423/361/358 411/364/361
f 302/365/362 269/366/363 320/367/364
f 269/366/363 302/365/362 251/368/365
f 310/369/366 250/370/367 301/371/368
f 250/370/367 310/369/366 258/372/369
f 1358/373/370 1350/374/371 1346/375/372
f 1350/374/371 1358/373/370 1354/376/373
f 1359/377/374 1321/378/375 1355/379/376
f 1321/378/375 1359/377/374 1317/380/377
f 1367/381/378 1332/382/379 1363/383/380
f 1332/382/379 1367/381/378 1327/384/381
f 1377/385/382 1341/386/383 1337/387/384
f 1341/386/383 1377/385/382 1373/388/385
f 1351/389/386 1383/390/387 1387/391/388
f 1383/390/387 1351/389/386 1356/392/389
f 1322/393/390 1384/394/390 1357/395/391
f 1384/394/390 1322/393/390 1391/396/392
f 1400/397/393 1385/398/394 1395/399/395
f 1385/398/394 1400/397/393 1388/400/396
f 1404/401/397 1386/402/398 1392/403/399
f 1386/402/398 1404/401/397 1396/404/400
f 1378/405/401 1409/406/402 1374/407/403
f 1409/406/402 1378/405/401 1504/408/404
f 249/409/405 227/410/406 267/411/407
f 227/410/406 249/409/405 219/412/408
f 257/413/409 218/414/410 248/415/411
f 218/414/410 257/413/409 1632/416/412
f 1453/417/413 1439/418/414 1443/419/415
f 1439/418/414 1453/417/413 1447/420/416
f 1461/421/417 1440/422/418 1448/423/419
f 1440/422/418 1461/421/417 1456/424/420
f 795/425/421 673/426/422 664/427/423
f 673/426/422 795/425/421 799/428/424
f 409/429/425 235/430/426 417/431/427
f 235/430/426 409/429/425 390/432/428
f 738/433/429 635/434/430 655/435/431
f 635/434/430 738/433/429 725/436/432
f 724/437/433 646/438/434 634/439/435
f 646/438/434 724/437/433 729/440/436
f 407/441/437 358/442/438 177/443/439
f 358/442/438 407/441/437 416/444/440
f 397/445/441 389/446/442 408/447/443
f 389/446/442 397/445/441 30/448/444
f 672/449/445 588/450/446 663/451/447
f 588/450/446 672/449/445 569/452/448
f 293/453/449 324/454/450 283/455/451
f 324/454/450 293/453/449 435/456/452
f 600/457/453 665/458/454 590/459/455
f 665/458/454 600/457/453 787/460/456
f 559/461/457 540/462/458 531/463/459
f 540/462/458 559/461/457 547/464/460
f 560/465/461 481/466/462 548/467/463
f 481/466/462 560/465/461 470/468/464
f 1513/469/465 1433/470/466 1428/471/467
f 1433/470/466 1513/469/465 1503/472/468
f 581/473/469 503/474/470 570/475/471
f 503/474/470 581/473/469 494/476/472
f 272/477/473 214/478/474 378/479/475
f 214/478/474 272/477/473 64/480/476
f 262/481/477 65/482/478 273/483/479
f 65/482/478 262/481/477 55/484/480
f 284/485/481 56/486/482 263/487/483
f 56/486/482 284/485/481 83/488/484
f 333/489/485 146/490/486 325/491/487
f 146/490/486 333/489/485 154/492/488
f 587/493/489 500/494/490 519/495/491
f 500/494/490 587/493/489 568/496/492
f 326/497/493 84/498/494 285/499/495
f 84/498/494 326/497/493 147/500/496
f 367/501/497 127/502/498 187/503/499
f 127/502/498 367/501/497 314/504/500
f 39/505/501 94/506/502 115/507/503
f 94/506/502 39/505/501 47/508/504
f 658/509/505 608/510/505 626/511/506
f 608/510/505 658/509/505 637/512/507
f 671/513/508 576/514/509 567/515/510
f 576/514/509 671/513/508 789/516/511
f 599/517/512 522/518/513 513/519/514
f 522/518/513 599/517/512 589/520/515
f 204/521/516 126/522/517 136/523/518
f 126/522/517 204/521/516 186/524/519
f 541/525/520 605/526/521 616/527/522
f 605/526/521 541/525/520 549/528/523
f 482/529/524 606/530/525 550/531/526
f 606/530/525 482/529/524 625/532/527
f 648/533/528 607/534/529 636/535/530
f 607/534/529 648/533/528 617/536/531
f 294/537/532 246/538/533 305/539/534
f 246/538/533 294/537/532 253/540/535
f 7/541/536 334/542/537 224/543/538
f 334/542/537 7/541/536 156/544/539
f 113/545/540 73/546/541 37/547/542
f 73/546/541 113/545/540 104/548/543
f 134/549/544 105/550/545 114/551/546
f 105/550/545 134/549/544 124/552/547
f 741/553/548 719/554/549 727/555/550
f 719/554/549 741/553/548 736/556/551
f 392/557/552 667/558/553 659/559/554
f 667/558/553 392/557/552 361/560/555
f 750/561/556 716/562/557 742/563/558
f 716/562/557 750/561/556 723/564/559
f 751/565/560 717/566/561 733/567/562
f 717/566/561 751/565/560 743/568/563
f 162/569/564 144/570/565 152/571/566
f 144/570/565 162/569/564 424/572/567
f 202/573/568 174/574/569 184/575/570
f 174/574/569 202/573/568 193/576/571
f 396/577/572 175/578/573 194/579/574
f 175/578/573 396/577/572 406/580/575
f 662/581/576 641/582/577 385/583/578
f 641/582/577 662/581/576 669/584/579
f 145/585/580 93/586/581 82/587/582
f 93/586/581 145/585/580 425/588/583
f 169/589/584 705/590/585 698/591/586
f 705/590/585 169/589/584 2/592/587
f 366/593/588 176/594/589 357/595/590
f 176/594/589 366/593/588 185/596/591
f 732/597/592 718/598/593 722/599/594
f 718/598/593 732/597/592 726/600/595
f 812/601/596 702/602/597 804/603/598
f 702/602/597 812/601/596 681/604/599
f 775/605/600 747/606/601 744/607/602
f 747/606/601 775/605/600 455/608/603
f 759/609/604 745/610/605 753/611/606
f 745/610/605 759/609/604 776/612/607
f 323/613/608 344/614/609 332/615/610
f 344/614/609 323/613/608 434/616/611
f 111/617/612 544/618/613 161/619/614
f 544/618/613 111/617/612 534/620/615
f 160/621/616 566/622/617 700/623/618
f 566/622/617 160/621/616 554/624/619
f 312/625/620 107/626/621 125/627/622
f 107/626/621 312/625/620 304/628/623
f 106/629/624 244/630/625 74/631/626
f 244/630/625 106/629/624 303/632/627
f 854/633/628 1022/634/628 1011/635/628
f 1012/636/629 1005/637/629 872/638/629
f 737/639/630 791/640/630 691/641/630
f 783/642/631 645/643/631 728/644/631
f 739/645/632 692/646/632 734/647/632
f 752/648/633 693/649/633 823/650/633
f 710/651/634 720/652/634 746/653/634
f 205/654/635 164/655/635 195/656/635
f 66/657/636 48/658/636 215/659/636
f 116/660/637 96/661/637 137/662/637
f 295/663/638 313/664/638 436/665/638
f 946/666/639 957/667/639 983/668/639
f 988/669/640 936/670/640 1058/671/640
f 976/672/641 935/673/641 970/674/641
f 913/675/642 1026/676/642 891/677/642
f 974/678/643 1032/679/643 941/680/643
f 896/681/644 904/682/644 917/683/644
f 922/684/645 886/685/645 1037/686/645
f 853/687/646 867/688/646 895/689/646
f 838/690/647 885/691/647 908/692/647
f 857/693/648 847/694/648 1025/695/648
f 940/696/649 1056/697/649 1066/698/649
f 892/699/650 863/700/650 901/701/650
f 947/702/651 966/703/651 958/704/651
f 1059/705/652 1227/706/652 1068/707/652
f 1245/708/653 1074/709/653 1117/710/653
f 1244/711/654 1251/712/654 1261/713/654
f 929/714/655 1045/715/655 1035/716/655
f 860/717/656 851/718/656 1015/719/656
f 845/720/657 842/721/657 1010/722/657
f 832/723/658 841/724/658 835/725/658
f 760/726/659 755/727/659 827/728/659
f 715/729/660 819/730/660 807/731/660
f 684/732/661 814/733/661 696/734/661
f 347/735/662 438/736/662 370/737/662
f 316/738/663 369/739/663 437/740/663
f 138/741/664 428/742/664 206/743/664
f 398/744/665 196/745/665 165/746/665
f 236/747/666 447/748/666 346/749/666
f 247/750/667 255/751/667 380/752/667
f 216/753/668 40/754/668 77/755/668
f 306/756/669 315/757/669 296/758/669
f 274/759/670 379/760/670 254/761/670
f 368/762/671 359/763/671 345/764/671
f 1505/765/672 1515/766/672 1410/767/672
f 1413/768/673 1519/769/673 1509/770/673
f 203/771/674 427/772/674 163/773/674
f 135/774/675 95/775/675 426/776/675
f 213/777/676 76/778/676 377/779/676
f 153/780/677 1/781/677 12/782/677
f 245/783/678 376/784/678 75/785/678
f 261/786/679 271/787/679 252/788/679
f 343/789/680 356/790/680 415/791/680
f 212/792/681 46/793/681 38/794/681
f 45/795/682 63/796/682 54/797/682
f 596/798/683 614/799/683 644/800/683
f 530/801/684 539/802/684 512/803/684
f 674/804/685 802/805/685 794/806/685
f 788/807/686 798/808/686 666/809/686
f 709/810/687 803/811/687 701/812/687
f 528/813/688 768/814/688 556/815/688
f 690/816/689 810/817/689 821/818/689
f 518/819/690 499/820/690 779/821/690
f 478/822/691 577/823/691 623/824/691
f 509/825/692 537/826/692 595/827/692
f 654/828/693 578/829/693 790/830/693
f 862/831/694 1016/832/694 876/833/694
f 952/834/695 1051/835/695 945/836/695
f 1031/837/696 1041/838/696 926/839/696
f 502/840/697 493/841/697 767/842/697
f 469/843/698 492/844/698 480/845/698
f 449/846/699 225/847/699 336/848/699
f 448/849/700 335/850/700 349/851/700
f 348/852/701 418/853/701 237/854/701
f 19/855/702 400/856/702 167/857/702
f 18/858/703 166/859/703 155/860/703
f 17/861/704 31/862/704 399/863/704
f 49/864/705 58/865/705 98/866/705
f 265/867/706 256/868/706 298/869/706
f 264/870/707 297/871/707 286/872/707
f 97/873/708 57/874/708 85/875/708
f 1338/876/709 1352/877/709 1379/878/709
f 1323/879/710 1369/880/710 1393/881/710
f 1342/882/711 1333/883/711 1498/884/711
f 1424/885/712 1529/886/712 1535/887/712
f 1347/888/713 1492/889/713 1360/890/713
f 1299/891/714 1471/892/714 1481/893/714
f 1430/894/715 1436/895/715 1522/896/715
f 563/897/716 168/898/716 697/899/716
f 1626/900/717 1620/901/717 1592/902/717
f 591/903/718 239/904/718 221/905/718
f 1593/906/719 22/907/719 1598/908/719
f 533/909/720 108/910/720 118/911/720
f 1551/912/721 1589/913/721 442/914/721
f 1563/915/722 1574/916/722 1595/917/722
f 1579/918/723 1568/919/723 405/920/723
f 471/921/724 450/922/724 993/923/724
f 514/924/725 1000/925/725 483/926/725
f 1046/927/726 524/928/726 561/929/726
f 562/930/727 525/931/727 178/932/727
f 822/933/728 526/934/728 1047/935/728
f 527/936/729 811/937/729 179/938/729
f 484/939/730 1615/940/730 757/941/730
f 1581/942/731 485/943/731 1586/944/731
f 472/945/732 419/946/732 401/947/732
f 275/948/733 351/949/733 338/950/733
f 289/951/734 374/952/734 364/953/734
f 339/954/735 352/955/735 651/956/735
f 473/957/736 995/958/736 148/959/736
f 460/960/737 1238/961/737 495/962/737
f 758/963/738 515/964/738 486/965/738
f 474/966/739 1069/967/739 420/968/739
f 439/969/740 475/970/740 402/971/740
f 1577/972/741 461/973/741 1572/974/741
f 188/975/742 462/976/742 1479/977/742
f 121/978/743 1526/979/743 506/980/743
f 287/981/744 307/982/744 371/983/744
f 520/984/745 780/985/745 769/986/745
f 1585/987/746 1617/988/746 488/989/746
f 119/990/747 1530/991/747 1523/992/747
f 71/993/748 183/994/748 808/995/748
f 433/996/749 1590/997/749 489/998/749
f 190/999/750 1575/1000/750 465/1001/750
f 1618/1002/751 1612/1003/751 778/1004/751
f 362/1005/752 1538/1006/752 288/1007/752
f 372/1008/753 308/1009/753 638/1010/753
f 20/1011/754 8/1012/754 1630/1013/754
f 1303/1014/755 504/1015/755 1524/1016/755
f 1293/1017/756 505/1018/756 1304/1019/756
f 318/1020/757 328/1021/757 382/1022/757
f 639/1023/758 299/1024/758 317/1025/758
f 363/1026/759 373/1027/759 668/1028/759
f 319/1029/760 383/1030/760 640/1031/760
f 1610/1032/761 458/1033/761 777/1034/761
f 1584/1035/762 1546/1036/762 1606/1037/762
f 660/1038/763 649/1039/763 393/1040/763
f 89/1041/764 679/1042/764 573/1043/764
f 1419/1044/765 1527/1045/765 1423/1046/765
f 1521/1047/766 1434/1048/766 1296/1049/766
f 1435/1050/767 1469/1051/767 1297/1052/767
f 1306/1053/768 1474/1054/768 1533/1055/768
f 1543/1056/769 1554/1057/769 350/1058/769
f 1597/1059/770 1561/1060/770 1591/1061/770
f 1619/1062/771 1625/1063/771 1307/1064/771
f 88/1065/772 99/1066/772 69/1067/772
f 240/1068/773 706/1069/773 3/1070/773
f 87/1071/774 68/1072/774 79/1073/774
f 129/1074/775 1604/1075/775 678/1076/775
f 34/1077/776 61/1078/776 117/1079/776
f 1071/1080/777 150/1081/777 1065/1082/777
f 1301/1083/778 498/1084/778 1240/1085/778
f 223/1086/779 242/1087/779 6/1088/779
f 594/1089/780 229/1090/780 243/1091/780
f 1300/1092/781 1482/1093/781 497/1094/781
f 341/1095/782 331/1096/782 584/1097/782
f 200/1098/783 211/1099/783 230/1100/783
f 103/1101/784 90/1102/784 15/1103/784
f 16/1104/785 91/1105/785 575/1106/785
f 149/1107/786 997/1108/786 1064/1109/786
f 360/1110/787 391/1111/787 1559/1112/787
f 62/1113/788 1532/1114/788 122/1115/788
f 220/1116/789 201/1117/789 231/1118/789
f 191/1119/790 1313/1120/790 1628/1121/790
f 1314/1122/791 192/1123/791 1484/1124/791
f 413/1125/792 1241/1126/792 466/1127/792
f 151/1128/793 1072/1129/793 477/1130/793
f 1565/1131/794 292/1132/794 1542/1133/794
f 1242/1134/795 414/1135/795 1257/1136/795
f 507/1137/796 1294/1138/796 535/1139/796
f 508/1140/797 536/1141/797 123/1142/797
f 1564/1143/798 1541/1144/798 1570/1145/798
f 545/1146/799 1288/1147/799 141/1148/799
f 1057/1149/800 142/1150/800 1067/1151/800
f 1548/1152/801 1553/1153/801 1558/1154/801
f 546/1155/802 143/1156/802 555/1157/802
f 454/1158/803 1021/1159/803 998/1160/803
f 282/1161/804 1547/1162/804 355/1163/804
f 270/1164/805 613/1165/805 322/1166/805
f 999/1167/806 1017/1168/806 429/1169/806
f 1611/1170/807 1607/1171/807 131/1172/807
f 770/1173/808 762/1174/808 557/1175/808
f 711/1176/809 748/1177/809 816/1178/809
f 712/1179/810 730/1180/810 721/1181/810
f 597/1182/811 538/1183/811 615/1184/811
f 479/1185/812 490/1186/812 579/1187/812
f 624/1188/813 580/1189/813 656/1190/813
f 735/1191/814 694/1192/814 754/1193/814
f 763/1194/815 771/1195/815 781/1196/815
f 764/1197/816 467/1198/816 558/1199/816
f 818/1200/817 749/1201/817 457/1202/817
f 529/1203/818 510/1204/818 772/1205/818
f 491/1206/819 468/1207/819 765/1208/819
f 521/1209/820 773/1210/820 511/1211/820
f 501/1212/821 766/1213/821 782/1214/821
f 713/1215/822 784/1216/822 731/1217/822
f 647/1218/823 785/1219/823 598/1220/823
f 657/1221/824 792/1222/824 740/1223/824
f 1614/1224/825 774/1225/825 756/1226/825
f 809/1227/826 523/1228/826 820/1229/826
f 139/1230/827 1052/1231/827 551/1232/827
f 36/1233/828 120/1234/828 112/1235/828
f 72/1236/829 173/1237/829 182/1238/829
f 159/1239/830 543/1240/830 553/1241/830
f 181/1242/831 172/1243/831 565/1244/831
f 631/1245/832 582/1246/832 621/1247/832
f 632/1248/833 234/1249/833 388/1250/833
f 517/1251/834 829/1252/834 1004/1253/834
f 610/1254/835 268/1255/835 604/1256/835
f 241/1257/836 210/1258/836 708/1259/836
f 5/1260/837 102/1261/837 14/1262/837
f 516/1263/838 761/1264/838 828/1265/838
f 1250/1266/839 1243/1267/839 1116/1268/839
f 1190/1269/840 1209/1270/840 1201/1271/840
f 1135/1272/841 1107/1273/841 1145/1274/841
f 1078/1275/842 1083/1276/842 1125/1277/842
f 1149/1278/843 1126/1279/843 1162/1280/843
f 1214/1281/844 1179/1282/844 1233/1283/844
f 1348/1284/845 1339/1285/845 1496/1286/845
f 1329/1287/846 1319/1288/846 1490/1289/846
f 1340/1290/847 1491/1291/847 1335/1292/847
f 1330/1293/848 1485/1294/848 1497/1295/848
f 1432/1296/849 1501/1297/849 1451/1298/849
f 1502/1299/850 1399/1300/850 1452/1301/850
f 1460/1302/851 1507/1303/851 1421/1304/851
f 1103/1305/852 1093/1306/852 1252/1307/852
f 1084/1308/853 1075/1309/853 1246/1310/853
f 1099/1311/854 1253/1312/854 1094/1313/854
f 1088/1314/855 1247/1315/855 1262/1316/855
f 1191/1317/856 1264/1318/856 1210/1319/856
f 1157/1320/857 1265/1321/857 1136/1322/857
f 1163/1323/858 1270/1324/858 1218/1325/858
f 1177/1326/859 1290/1327/859 1181/1328/859
f 1284/1329/860 1193/1330/860 1060/1331/860
f 1194/1332/861 1228/1333/861 1061/1334/861
f 1239/1335/862 1234/1336/862 1298/1337/862
f 1316/1338/863 1325/1339/863 1320/1340/863
f 1331/1341/864 1326/1342/864 1486/1343/864
f 1345/1344/865 1349/1345/865 1336/1346/865
f 996/1347/866 991/1348/866 1063/1349/866
f 1076/1350/867 1085/1351/867 1079/1352/867
f 1089/1353/868 1086/1354/868 1248/1355/868
f 834/1356/869 839/1357/869 881/1358/869
f 905/1359/870 882/1360/870 919/1361/870
f 971/1362/871 937/1363/871 990/1364/871
f 1006/1365/872 1013/1366/872 1023/1367/872
f 1007/1368/873 830/1369/873 873/1370/873
f 824/1371/874 985/1372/874 1002/1373/874
f 859/1374/875 864/1375/875 849/1376/875
f 840/1377/876 831/1378/876 1008/1379/876
f 855/1380/877 1014/1381/877 850/1382/877
f 844/1383/878 1009/1384/878 1024/1385/878
f 948/1386/879 1027/1387/879 967/1388/879
f 1028/1389/880 915/1390/880 968/1391/880
f 920/1392/881 1033/1393/881 977/1394/881
f 934/1395/882 1055/1396/882 939/1397/882
f 950/1398/883 825/1399/883 1050/1400/883
f 951/1401/884 986/1402/884 826/1403/884
f 1268/1404/885 1278/1405/885 1168/1406/885
f 1188/1407/886 1195/1408/886 1287/1409/886
f 1106/1410/887 1254/1411/887 1120/1412/887
f 1182/1413/888 1292/1414/888 1302/1415/888
f 1101/1416/889 1091/1417/889 1263/1418/889
f 1082/1419/890 1129/1420/890 1152/1421/890
f 1097/1422/891 1111/1423/891 1139/1424/891
f 1165/1425/892 1130/1426/892 1274/1427/892
f 1140/1428/893 1148/1429/893 1159/1430/893
f 1220/1431/894 1275/1432/894 1183/1433/894
f 1269/1434/895 1160/1435/895 1212/1436/895
f 1222/1437/896 1184/1438/896 1217/1439/896
f 1236/1440/897 1185/1441/897 1305/1442/897
f 1196/1443/898 1204/1444/898 1230/1445/898
f 1098/1446/899 1260/1447/899 1249/1448/899
f 386/1449/900 340/1450/900 652/1451/900
f 278/1452/901 1605/1453/901 1545/1454/901
f 1562/1455/902 1599/1456/902 290/1457/902
f 375/1458/903 642/1459/903 670/1460/903
f 329/1461/904 321/1462/904 611/1463/904
f 395/1464/905 653/1465/905 354/1466/905
f 384/1467/906 650/1468/906 661/1469/906
f 487/1470/907 1003/1471/907 430/1472/907
f 1310/1473/908 1629/1474/908 1315/1475/908
f 133/1476/909 459/1477/909 1613/1478/909
f 44/1479/910 1624/1480/910 53/1481/910
f 806/1482/911 180/1483/911 813/1484/911
f 25/1485/912 1596/1486/912 1623/1487/912
f 633/1488/913 281/1489/913 586/1490/913
f 585/1491/914 280/1492/914 342/1493/914
f 1286/1494/915 1062/1495/915 140/1496/915
f 1608/1497/916 279/1498/916 680/1499/916
f 24/1500/917 1634/1501/917 1602/1502/917
f 496/1503/918 1480/1504/918 463/1505/918
f 1255/1506/919 410/1507/919 421/1508/919
f 1070/1509/920 1256/1510/920 422/1511/920
f 1633/1512/921 260/1513/921 1601/1514/921
f 431/1515/922 1020/1516/922 451/1517/922
f 574/1518/923 28/1519/923 13/1520/923
f 23/1521/924 1622/1522/924 43/1523/924
f 629/1524/925 387/1525/925 29/1526/925
f 630/1527/926 619/1528/926 232/1529/926
f 132/1530/927 92/1531/927 81/1532/927
f 381/1533/928 327/1534/928 337/1535/928
f 1580/1536/929 412/1537/929 464/1538/929
f 443/1539/930 453/1540/930 476/1541/930
f 1104/1542/931 1108/1543/931 1095/1544/931
f 1171/1545/932 1282/1546/932 1272/1547/932
f 1405/1548/933 1370/1549/933 1511/1550/933
f 1380/1551/934 1389/1552/934 1401/1553/934
f 1406/1554/935 1512/1555/935 1462/1556/935
f 1402/1557/936 1506/1558/936 1381/1559/936
f 1464/1560/937 1425/1561/937 1458/1562/937
f 1476/1563/938 1426/1564/938 1537/1565/938
f 1437/1566/939 1445/1567/939 1472/1568/939
f 1344/1569/940 1499/1570/940 1493/1571/940
f 1494/1572/941 1487/1573/941 1361/1574/941
f 1438/1575/942 1455/1576/942 1446/1577/942
f 1382/1578/943 1353/1579/943 1390/1580/943
f 1324/1581/944 1328/1582/944 1371/1583/944
f 1394/1584/945 1372/1585/945 1408/1586/945
f 1459/1587/946 1427/1588/946 1478/1589/946
f 1488/1590/947 1495/1591/947 1500/1592/947
f 1489/1593/948 1318/1594/948 1362/1595/948
f 445/1596/949 233/1597/949 620/1598/949
f 70/1599/950 100/1600/950 170/1601/950
f 226/1602/951 207/1603/951 238/1604/951
f 4/1605/952 171/1606/952 101/1607/952
f 628/1608/953 689/1609/953 277/1610/953
f 27/1611/954 688/1612/954 627/1613/954
f 677/1614/955 687/1615/955 572/1616/955
f 128/1617/956 676/1618/956 86/1619/956
f 675/1620/957 276/1621/957 686/1622/957
f 571/1623/958 685/1624/958 26/1625/958
f 1539/1626/959 365/1627/959 1556/1628/959
f 394/1629/960 353/1630/960 1555/1631/960
f 309/1632/961 300/1633/961 643/1634/961
