# Blender v2.79 (sub 0) OBJ File: ''
# www.blender.org
mtllib left hand 4.mtl
o n0b0_n0b0.003
v 2.546875 -0.831641 1.702344
v 2.546875 -0.831641 1.702344
v 2.546875 -0.831641 1.702344
v 2.546875 -0.831641 1.702344
v 2.546875 -0.831641 1.702344
v 2.546875 -0.831641 1.702344
v 2.546875 -0.831641 1.702344
v 5.294141 2.124219 -0.680469
v 5.294141 2.124219 -0.680469
v 5.294141 2.124219 -0.680469
v 5.294141 2.124219 -0.680469
v 5.294141 2.124219 -0.680469
v 5.294141 2.124219 -0.680469
v 2.380859 -0.320312 2.046875
v 2.380859 -0.320312 2.046875
v 2.380859 -0.320312 2.046875
v 2.380859 -0.320312 2.046875
v 2.380859 -0.320312 2.046875
v 2.380859 -0.320312 2.046875
v 2.380859 -0.320312 2.046875
v 2.380859 -0.320312 2.046875
v 5.711719 2.732031 -1.453906
v 5.711719 2.732031 -1.453906
v 5.711719 2.732031 -1.453906
v 5.711719 2.732031 -1.453906
v 1.809766 0.175781 2.372656
v 1.809766 0.175781 2.372656
v 1.809766 0.175781 2.372656
v 1.809766 0.175781 2.372656
v 1.809766 0.175781 2.372656
v 1.809766 0.175781 2.372656
v 5.753125 2.673438 -0.921094
v 5.753125 2.673438 -0.921094
v 5.753125 2.673438 -0.921094
v 5.753125 2.673438 -0.921094
v 4.326562 -1.068750 3.120703
v 4.326562 -1.068750 3.120703
v 4.326562 -1.068750 3.120703
v 4.326562 -1.068750 3.120703
v 5.589063 2.483984 -1.832813
v 5.589063 2.483984 -1.832813
v 5.589063 2.483984 -1.832813
v 5.589063 2.483984 -1.832813
v 4.229297 -0.893359 2.789062
v 4.229297 -0.893359 2.789062
v 4.229297 -0.893359 2.789062
v 4.229297 -0.893359 2.789062
v 4.229297 -0.893359 2.789062
v 4.860547 3.046094 -1.420313
v 4.860547 3.046094 -1.420313
v 4.860547 3.046094 -1.420313
v 4.860547 3.046094 -1.420313
v 3.726953 -0.979688 2.337891
v 3.726953 -0.979688 2.337891
v 3.726953 -0.979688 2.337891
v 3.726953 -0.979688 2.337891
v 3.726953 -0.979688 2.337891
v 4.969532 2.957813 -0.897656
v 4.969532 2.957813 -0.897656
v 4.969532 2.957813 -0.897656
v 4.969532 2.957813 -0.897656
v 4.969532 2.957813 -0.897656
v 4.357812 -1.114844 2.452734
v 4.357812 -1.114844 2.452734
v 4.357812 -1.114844 2.452734
v 4.357812 -1.114844 2.452734
v 4.771094 2.767578 -1.842578
v 4.771094 2.767578 -1.842578
v 4.771094 2.767578 -1.842578
v 4.771094 2.767578 -1.842578
v 4.771094 2.767578 -1.842578
v 4.279687 -1.468359 3.369922
v 4.279687 -1.468359 3.369922
v 4.279687 -1.468359 3.369922
v 4.279687 -1.468359 3.369922
v 4.279687 -1.468359 3.369922
v 4.645703 1.590625 -0.868750
v 4.645703 1.590625 -0.868750
v 4.645703 1.590625 -0.868750
v 4.645703 1.590625 -0.868750
v 3.321875 -0.854688 2.378906
v 3.321875 -0.854688 2.378906
v 3.321875 -0.854688 2.378906
v 3.321875 -0.854688 2.378906
v 4.562500 1.522266 -1.325000
v 4.562500 1.522266 -1.325000
v 4.562500 1.522266 -1.325000
v 4.562500 1.522266 -1.325000
v 3.512891 -0.658594 2.830078
v 3.512891 -0.658594 2.830078
v 3.512891 -0.658594 2.830078
v 3.512891 -0.658594 2.830078
v 3.512891 -0.658594 2.830078
v 3.512891 -0.658594 2.830078
v 4.039453 1.260156 -1.219922
v 4.039453 1.260156 -1.219922
v 4.039453 1.260156 -1.219922
v 4.039453 1.260156 -1.219922
v 3.424609 -1.207031 3.612109
v 3.424609 -1.207031 3.612109
v 3.424609 -1.207031 3.612109
v 3.424609 -1.207031 3.612109
v 3.591797 1.728125 -1.571094
v 3.591797 1.728125 -1.571094
v 3.591797 1.728125 -1.571094
v 3.591797 1.728125 -1.571094
v 3.591797 1.728125 -1.571094
v 3.591797 1.728125 -1.571094
v 3.591797 1.728125 -1.571094
v 3.482422 -0.759375 3.295313
v 3.482422 -0.759375 3.295313
v 3.482422 -0.759375 3.295313
v 3.482422 -0.759375 3.295313
v 4.141016 1.351172 -0.776953
v 4.141016 1.351172 -0.776953
v 4.141016 1.351172 -0.776953
v 4.141016 1.351172 -0.776953
v 2.710938 -1.015625 3.597656
v 2.710938 -1.015625 3.597656
v 2.710938 -1.015625 3.597656
v 2.710938 -1.015625 3.597656
v 3.785547 1.942578 -0.429297
v 3.785547 1.942578 -0.429297
v 3.785547 1.942578 -0.429297
v 3.785547 1.942578 -0.429297
v 3.785547 1.942578 -0.429297
v 3.785547 1.942578 -0.429297
v 3.785547 1.942578 -0.429297
v 3.061719 -0.653516 3.275391
v 3.061719 -0.653516 3.275391
v 3.061719 -0.653516 3.275391
v 3.061719 -0.653516 3.275391
v 3.061719 -0.653516 3.275391
v 2.975391 2.741406 -1.153125
v 2.975391 2.741406 -1.153125
v 2.975391 2.741406 -1.153125
v 2.975391 2.741406 -1.153125
v 3.146094 -0.826563 2.453125
v 3.146094 -0.826563 2.453125
v 3.146094 -0.826563 2.453125
v 3.146094 -0.826563 2.453125
v 3.145313 2.773047 -0.682422
v 3.145313 2.773047 -0.682422
v 3.145313 2.773047 -0.682422
v 3.145313 2.773047 -0.682422
v 2.772656 -0.704297 2.225000
v 2.772656 -0.704297 2.225000
v 2.772656 -0.704297 2.225000
v 2.772656 -0.704297 2.225000
v 2.772656 -0.704297 2.225000
v 3.650781 3.041797 -1.290234
v 3.650781 3.041797 -1.290234
v 3.650781 3.041797 -1.290234
v 3.650781 3.041797 -1.290234
v 2.613281 -0.512891 2.449219
v 2.613281 -0.512891 2.449219
v 2.613281 -0.512891 2.449219
v 2.613281 -0.512891 2.449219
v 2.613281 -0.512891 2.449219
v 2.613281 -0.512891 2.449219
v 3.869531 2.994922 -0.800391
v 3.869531 2.994922 -0.800391
v 3.869531 2.994922 -0.800391
v 3.869531 2.994922 -0.800391
v 3.869531 2.994922 -0.800391
v 1.613281 -0.558203 3.176953
v 1.613281 -0.558203 3.176953
v 1.613281 -0.558203 3.176953
v 1.613281 -0.558203 3.176953
v 3.066016 2.534375 -1.578906
v 3.066016 2.534375 -1.578906
v 3.066016 2.534375 -1.578906
v 3.066016 2.534375 -1.578906
v 2.017578 -0.815625 3.482813
v 2.017578 -0.815625 3.482813
v 2.017578 -0.815625 3.482813
v 2.017578 -0.815625 3.482813
v 3.700391 2.789062 -1.707031
v 3.700391 2.789062 -1.707031
v 3.700391 2.789062 -1.707031
v 3.700391 2.789062 -1.707031
v 3.700391 2.789062 -1.707031
v 2.180078 -0.333594 2.994141
v 2.180078 -0.333594 2.994141
v 2.180078 -0.333594 2.994141
v 2.180078 -0.333594 2.994141
v 2.612500 2.347656 -1.008984
v 2.612500 2.347656 -1.008984
v 2.612500 2.347656 -1.008984
v 2.612500 2.347656 -1.008984
v 2.522266 -0.497266 3.182031
v 2.522266 -0.497266 3.182031
v 2.522266 -0.497266 3.182031
v 2.522266 -0.497266 3.182031
v 2.522266 -0.497266 3.182031
v 2.826953 2.391797 -0.553125
v 2.826953 2.391797 -0.553125
v 2.826953 2.391797 -0.553125
v 2.826953 2.391797 -0.553125
v 2.826953 2.391797 -0.553125
v 4.616406 -1.227344 2.823437
v 4.616406 -1.227344 2.823437
v 4.616406 -1.227344 2.823437
v 4.616406 -1.227344 2.823437
v 4.616406 -1.227344 2.823437
v 2.735938 2.109766 -1.431641
v 2.735938 2.109766 -1.431641
v 2.735938 2.109766 -1.431641
v 2.735938 2.109766 -1.431641
v 2.735938 2.109766 -1.431641
v 2.102344 -1.592578 1.469141
v 2.102344 -1.592578 1.469141
v 2.102344 -1.592578 1.469141
v 2.102344 -1.592578 1.469141
v 2.102344 -1.592578 1.469141
v 6.077344 1.214844 -1.458984
v 6.077344 1.214844 -1.458984
v 6.077344 1.214844 -1.458984
v 6.077344 1.214844 -1.458984
v 6.077344 1.214844 -1.458984
v 6.077344 1.214844 -1.458984
v 0.646094 -1.010156 2.205469
v 0.646094 -1.010156 2.205469
v 0.646094 -1.010156 2.205469
v 0.646094 -1.010156 2.205469
v 0.646094 -1.010156 2.205469
v 0.646094 -1.010156 2.205469
v 6.153516 1.291797 -1.068750
v 6.153516 1.291797 -1.068750
v 6.153516 1.291797 -1.068750
v 6.153516 1.291797 -1.068750
v 6.153516 1.291797 -1.068750
v 6.153516 1.291797 -1.068750
v 4.100000 -1.963281 3.205859
v 4.100000 -1.963281 3.205859
v 4.100000 -1.963281 3.205859
v 4.100000 -1.963281 3.205859
v 5.729688 1.133984 -1.182031
v 5.729688 1.133984 -1.182031
v 5.729688 1.133984 -1.182031
v 5.729688 1.133984 -1.182031
v 3.936328 -1.976172 2.862891
v 3.936328 -1.976172 2.862891
v 3.936328 -1.976172 2.862891
v 3.936328 -1.976172 2.862891
v 3.936328 -1.976172 2.862891
v 4.639453 2.290234 -0.603906
v 4.639453 2.290234 -0.603906
v 4.639453 2.290234 -0.603906
v 4.639453 2.290234 -0.603906
v 4.639453 2.290234 -0.603906
v 4.639453 2.290234 -0.603906
v 3.446484 -1.766406 2.391406
v 3.446484 -1.766406 2.391406
v 3.446484 -1.766406 2.391406
v 3.446484 -1.766406 2.391406
v 3.446484 -1.766406 2.391406
v 4.240234 2.090625 -1.641797
v 4.240234 2.090625 -1.641797
v 4.240234 2.090625 -1.641797
v 4.240234 2.090625 -1.641797
v 4.240234 2.090625 -1.641797
v 4.240234 2.090625 -1.641797
v 4.146484 -1.849609 2.494922
v 4.146484 -1.849609 2.494922
v 4.146484 -1.849609 2.494922
v 4.146484 -1.849609 2.494922
v 4.238672 1.677734 -0.811328
v 4.238672 1.677734 -0.811328
v 4.238672 1.677734 -0.811328
v 4.238672 1.677734 -0.811328
v 3.132422 -1.689453 2.433203
v 3.132422 -1.689453 2.433203
v 3.132422 -1.689453 2.433203
v 3.132422 -1.689453 2.433203
v 4.124219 1.585547 -1.285938
v 4.124219 1.585547 -1.285938
v 4.124219 1.585547 -1.285938
v 4.124219 1.585547 -1.285938
v 3.039844 -1.984375 2.929297
v 3.039844 -1.984375 2.929297
v 3.039844 -1.984375 2.929297
v 3.039844 -1.984375 2.929297
v 3.039844 -1.984375 2.929297
v 3.039844 -1.984375 2.929297
v 5.440235 0.723437 -3.012891
v 5.440235 0.723437 -3.012891
v 5.440235 0.723437 -3.012891
v 5.440235 0.723437 -3.012891
v 3.178906 -1.857813 3.395313
v 3.178906 -1.857813 3.395313
v 3.178906 -1.857813 3.395313
v 3.178906 -1.857813 3.395313
v 5.251563 1.168359 -3.125781
v 5.251563 1.168359 -3.125781
v 5.251563 1.168359 -3.125781
v 5.251563 1.168359 -3.125781
v 5.251563 1.168359 -3.125781
v 2.512500 -1.737500 3.292969
v 2.512500 -1.737500 3.292969
v 2.512500 -1.737500 3.292969
v 2.512500 -1.737500 3.292969
v 2.512500 -1.737500 3.292969
v 4.866797 0.529688 -2.985938
v 4.866797 0.529688 -2.985938
v 4.866797 0.529688 -2.985938
v 4.866797 0.529688 -2.985938
v 4.866797 0.529688 -2.985938
v 2.677344 -1.534375 2.400391
v 2.677344 -1.534375 2.400391
v 2.677344 -1.534375 2.400391
v 2.677344 -1.534375 2.400391
v 4.817188 0.382031 -2.659375
v 4.817188 0.382031 -2.659375
v 4.817188 0.382031 -2.659375
v 4.817188 0.382031 -2.659375
v 4.817188 0.382031 -2.659375
v 2.341406 -1.717969 2.096875
v 2.341406 -1.717969 2.096875
v 2.341406 -1.717969 2.096875
v 2.341406 -1.717969 2.096875
v 2.341406 -1.717969 2.096875
v 5.340234 0.678906 -2.184766
v 5.340234 0.678906 -2.184766
v 5.340234 0.678906 -2.184766
v 5.340234 0.678906 -2.184766
v 5.340234 0.678906 -2.184766
v 1.623438 -1.681641 2.531250
v 1.623438 -1.681641 2.531250
v 1.623438 -1.681641 2.531250
v 1.623438 -1.681641 2.531250
v 1.623438 -1.681641 2.531250
v 1.623438 -1.681641 2.531250
v 1.623438 -1.681641 2.531250
v 5.010156 0.440625 -2.333984
v 5.010156 0.440625 -2.333984
v 5.010156 0.440625 -2.333984
v 5.010156 0.440625 -2.333984
v 5.010156 0.440625 -2.333984
v 1.306641 -1.373828 2.947656
v 1.306641 -1.373828 2.947656
v 1.306641 -1.373828 2.947656
v 1.306641 -1.373828 2.947656
v 5.729297 0.811328 -2.524219
v 5.729297 0.811328 -2.524219
v 5.729297 0.811328 -2.524219
v 5.729297 0.811328 -2.524219
v 1.744141 -1.517969 3.199610
v 1.744141 -1.517969 3.199610
v 1.744141 -1.517969 3.199610
v 1.744141 -1.517969 3.199610
v 1.744141 -1.517969 3.199610
v 5.582031 1.275391 -2.535156
v 5.582031 1.275391 -2.535156
v 5.582031 1.275391 -2.535156
v 5.582031 1.275391 -2.535156
v 5.582031 1.275391 -2.535156
v 4.453125 -1.871484 2.884766
v 4.453125 -1.871484 2.884766
v 4.453125 -1.871484 2.884766
v 4.453125 -1.871484 2.884766
v 4.453125 -1.871484 2.884766
v 5.580469 1.255078 -2.860547
v 5.580469 1.255078 -2.860547
v 5.580469 1.255078 -2.860547
v 5.580469 1.255078 -2.860547
v 1.075781 -0.003125 2.307031
v 1.075781 -0.003125 2.307031
v 1.075781 -0.003125 2.307031
v 1.075781 -0.003125 2.307031
v 5.769141 0.812891 -2.833594
v 5.769141 0.812891 -2.833594
v 5.769141 0.812891 -2.833594
v 5.769141 0.812891 -2.833594
v 5.769141 0.812891 -2.833594
v 1.989453 -0.047656 2.656250
v 1.989453 -0.047656 2.656250
v 1.989453 -0.047656 2.656250
v 1.989453 -0.047656 2.656250
v 1.989453 -0.047656 2.656250
v 4.442578 0.607422 -2.575000
v 4.442578 0.607422 -2.575000
v 4.442578 0.607422 -2.575000
v 4.442578 0.607422 -2.575000
v 1.310547 -0.237891 2.714062
v 1.310547 -0.237891 2.714062
v 1.310547 -0.237891 2.714062
v 1.310547 -0.237891 2.714062
v 4.573047 1.037500 -2.979297
v 4.573047 1.037500 -2.979297
v 4.573047 1.037500 -2.979297
v 4.573047 1.037500 -2.979297
v 4.573047 1.037500 -2.979297
v 4.573047 1.037500 -2.979297
v 0.868750 -1.188281 2.551172
v 0.868750 -1.188281 2.551172
v 0.868750 -1.188281 2.551172
v 0.868750 -1.188281 2.551172
v 4.635547 0.666016 -2.249609
v 4.635547 0.666016 -2.249609
v 4.635547 0.666016 -2.249609
v 4.635547 0.666016 -2.249609
v 3.084766 -0.532813 2.809766
v 3.084766 -0.532813 2.809766
v 3.084766 -0.532813 2.809766
v 3.084766 -0.532813 2.809766
v 3.084766 -0.532813 2.809766
v 5.042578 1.259766 -2.183985
v 5.042578 1.259766 -2.183985
v 5.042578 1.259766 -2.183985
v 5.042578 1.259766 -2.183985
v 5.042578 1.259766 -2.183985
v 5.042578 1.259766 -2.183985
v 2.371485 -1.887500 2.886328
v 2.371485 -1.887500 2.886328
v 2.371485 -1.887500 2.886328
v 2.371485 -1.887500 2.886328
v 2.371485 -1.887500 2.886328
v 5.256250 1.649219 -2.816797
v 5.256250 1.649219 -2.816797
v 5.256250 1.649219 -2.816797
v 5.256250 1.649219 -2.816797
v 1.014844 -1.591797 1.804297
v 1.014844 -1.591797 1.804297
v 1.014844 -1.591797 1.804297
v 1.014844 -1.591797 1.804297
v 1.014844 -1.591797 1.804297
v 1.014844 -1.591797 1.804297
v 5.335547 1.616797 -2.459375
v 5.335547 1.616797 -2.459375
v 5.335547 1.616797 -2.459375
v 5.335547 1.616797 -2.459375
v 0.095312 1.144922 -0.935547
v 0.095312 1.144922 -0.935547
v 0.095312 1.144922 -0.935547
v 0.095312 1.144922 -0.935547
v 0.095312 1.144922 -0.935547
v 4.946485 1.422266 -3.114063
v 4.946485 1.422266 -3.114063
v 4.946485 1.422266 -3.114063
v 4.946485 1.422266 -3.114063
v 0.884766 1.220703 1.136719
v 0.884766 1.220703 1.136719
v 0.884766 1.220703 1.136719
v 0.884766 1.220703 1.136719
v 0.884766 1.220703 1.136719
v 0.884766 1.220703 1.136719
v 4.698047 1.990234 -2.756250
v 4.698047 1.990234 -2.756250
v 4.698047 1.990234 -2.756250
v 4.698047 1.990234 -2.756250
v 0.884766 1.487891 0.347266
v 0.884766 1.487891 0.347266
v 0.884766 1.487891 0.347266
v 0.884766 1.487891 0.347266
v 0.884766 1.487891 0.347266
v 4.810547 1.905469 -2.330859
v 4.810547 1.905469 -2.330859
v 4.810547 1.905469 -2.330859
v 4.810547 1.905469 -2.330859
v 4.810547 1.905469 -2.330859
v 0.064062 1.147266 0.733203
v 0.064062 1.147266 0.733203
v 0.064062 1.147266 0.733203
v 0.064062 1.147266 0.733203
v 0.064062 1.147266 0.733203
v 0.064062 1.147266 0.733203
v 4.423828 1.744531 -3.015234
v 4.423828 1.744531 -3.015234
v 4.423828 1.744531 -3.015234
v 4.423828 1.744531 -3.015234
v 4.423828 1.744531 -3.015234
v 0.867578 1.378516 -1.241016
v 0.867578 1.378516 -1.241016
v 0.867578 1.378516 -1.241016
v 0.867578 1.378516 -1.241016
v 0.867578 1.378516 -1.241016
v 0.867578 1.378516 -1.241016
v 4.403516 0.939844 -2.210156
v 4.403516 0.939844 -2.210156
v 4.403516 0.939844 -2.210156
v 4.403516 0.939844 -2.210156
v 0.884766 1.487891 -0.592969
v 0.884766 1.487891 -0.592969
v 0.884766 1.487891 -0.592969
v 0.884766 1.487891 -0.592969
v 0.884766 1.487891 -0.592969
v 4.223047 0.873438 -2.537891
v 4.223047 0.873438 -2.537891
v 4.223047 0.873438 -2.537891
v 4.223047 0.873438 -2.537891
v 1.557422 1.600391 -1.470312
v 1.557422 1.600391 -1.470312
v 1.557422 1.600391 -1.470312
v 1.557422 1.600391 -1.470312
v 1.557422 1.600391 -1.470312
v 3.582813 0.817187 -2.337500
v 3.582813 0.817187 -2.337500
v 3.582813 0.817187 -2.337500
v 3.582813 0.817187 -2.337500
v 1.667188 1.742188 -0.989844
v 1.667188 1.742188 -0.989844
v 1.667188 1.742188 -0.989844
v 1.667188 1.742188 -0.989844
v 1.667188 1.742188 -0.989844
v 3.293750 1.117578 -2.644141
v 3.293750 1.117578 -2.644141
v 3.293750 1.117578 -2.644141
v 3.293750 1.117578 -2.644141
v 3.293750 1.117578 -2.644141
v 3.293750 1.117578 -2.644141
v 3.293750 1.117578 -2.644141
v 1.680859 1.591016 1.161719
v 1.680859 1.591016 1.161719
v 1.680859 1.591016 1.161719
v 1.680859 1.591016 1.161719
v 1.680859 1.591016 1.161719
v 3.782422 0.927734 -1.960547
v 3.782422 0.927734 -1.960547
v 3.782422 0.927734 -1.960547
v 3.782422 0.927734 -1.960547
v 1.714453 1.713281 0.583203
v 1.714453 1.713281 0.583203
v 1.714453 1.713281 0.583203
v 1.714453 1.713281 0.583203
v 1.714453 1.713281 0.583203
v 3.815625 1.297266 -1.780078
v 3.815625 1.297266 -1.780078
v 3.815625 1.297266 -1.780078
v 3.815625 1.297266 -1.780078
v 3.815625 1.297266 -1.780078
v 3.815625 1.297266 -1.780078
v 3.815625 1.297266 -1.780078
v 1.558984 1.204297 -1.991797
v 1.558984 1.204297 -1.991797
v 1.558984 1.204297 -1.991797
v 1.558984 1.204297 -1.991797
v 1.558984 1.204297 -1.991797
v 1.558984 1.204297 -1.991797
v 3.387110 2.060938 -2.384375
v 3.387110 2.060938 -2.384375
v 3.387110 2.060938 -2.384375
v 3.387110 2.060938 -2.384375
v 0.787891 0.615625 -1.919141
v 0.787891 0.615625 -1.919141
v 0.787891 0.615625 -1.919141
v 0.787891 0.615625 -1.919141
v 0.787891 0.615625 -1.919141
v 0.787891 0.615625 -1.919141
v 3.662109 2.036719 -1.976172
v 3.662109 2.036719 -1.976172
v 3.662109 2.036719 -1.976172
v 3.662109 2.036719 -1.976172
v 1.771484 1.264453 1.721484
v 1.771484 1.264453 1.721484
v 1.771484 1.264453 1.721484
v 1.771484 1.264453 1.721484
v 1.771484 1.264453 1.721484
v 1.771484 1.264453 1.721484
v 4.006641 2.092578 -2.576953
v 4.006641 2.092578 -2.576953
v 4.006641 2.092578 -2.576953
v 4.006641 2.092578 -2.576953
v 2.098828 1.503516 1.801953
v 2.098828 1.503516 1.801953
v 2.098828 1.503516 1.801953
v 2.098828 1.503516 1.801953
v 2.098828 1.503516 1.801953
v 4.289453 1.994141 -2.176953
v 4.289453 1.994141 -2.176953
v 4.289453 1.994141 -2.176953
v 4.289453 1.994141 -2.176953
v 4.289453 1.994141 -2.176953
v 2.101172 1.745703 1.309766
v 2.101172 1.745703 1.309766
v 2.101172 1.745703 1.309766
v 2.101172 1.745703 1.309766
v 2.101172 1.745703 1.309766
v 3.213672 1.809375 -2.741406
v 3.213672 1.809375 -2.741406
v 3.213672 1.809375 -2.741406
v 3.213672 1.809375 -2.741406
v 2.214062 0.681641 -2.324219
v 2.214062 0.681641 -2.324219
v 2.214062 0.681641 -2.324219
v 2.214062 0.681641 -2.324219
v 2.214062 0.681641 -2.324219
v 2.214062 0.681641 -2.324219
v 3.835547 1.801563 -2.890625
v 3.835547 1.801563 -2.890625
v 3.835547 1.801563 -2.890625
v 3.835547 1.801563 -2.890625
v 3.835547 1.801563 -2.890625
v 2.043750 1.435156 -2.132031
v 2.043750 1.435156 -2.132031
v 2.043750 1.435156 -2.132031
v 2.043750 1.435156 -2.132031
v 2.043750 1.435156 -2.132031
v 2.927734 1.847266 -2.205859
v 2.927734 1.847266 -2.205859
v 2.927734 1.847266 -2.205859
v 2.927734 1.847266 -2.205859
v 2.351172 1.246094 -2.351562
v 2.351172 1.246094 -2.351562
v 2.351172 1.246094 -2.351562
v 2.351172 1.246094 -2.351562
v 2.351172 1.246094 -2.351562
v 3.147656 1.812500 -1.803906
v 3.147656 1.812500 -1.803906
v 3.147656 1.812500 -1.803906
v 3.147656 1.812500 -1.803906
v 3.147656 1.812500 -1.803906
v 2.502734 1.621094 -1.979688
v 2.502734 1.621094 -1.979688
v 2.502734 1.621094 -1.979688
v 2.502734 1.621094 -1.979688
v 2.502734 1.621094 -1.979688
v 2.791016 1.586719 -2.545703
v 2.791016 1.586719 -2.545703
v 2.791016 1.586719 -2.545703
v 2.791016 1.586719 -2.545703
v 2.791016 1.586719 -2.545703
v 1.438281 -0.538672 -2.152344
v 1.438281 -0.538672 -2.152344
v 1.438281 -0.538672 -2.152344
v 1.438281 -0.538672 -2.152344
v 1.438281 -0.538672 -2.152344
v 5.541406 0.399219 -2.884375
v 5.541406 0.399219 -2.884375
v 5.541406 0.399219 -2.884375
v 5.541406 0.399219 -2.884375
v 5.541406 0.399219 -2.884375
v 5.541406 0.399219 -2.884375
v 2.245312 -0.739062 -1.976953
v 2.245312 -0.739062 -1.976953
v 2.245312 -0.739062 -1.976953
v 2.245312 -0.739062 -1.976953
v 5.730859 0.454688 -2.574610
v 5.730859 0.454688 -2.574610
v 5.730859 0.454688 -2.574610
v 5.730859 0.454688 -2.574610
v 5.730859 0.454688 -2.574610
v 5.730859 0.454688 -2.574610
v 2.197266 -0.123047 -2.164844
v 2.197266 -0.123047 -2.164844
v 2.197266 -0.123047 -2.164844
v 2.197266 -0.123047 -2.164844
v 2.197266 -0.123047 -2.164844
v 2.197266 -0.123047 -2.164844
v 5.302734 0.283203 -2.591797
v 5.302734 0.283203 -2.591797
v 5.302734 0.283203 -2.591797
v 5.302734 0.283203 -2.591797
v 2.727734 -0.547266 -1.888281
v 2.727734 -0.547266 -1.888281
v 2.727734 -0.547266 -1.888281
v 2.727734 -0.547266 -1.888281
v 2.727734 -0.547266 -1.888281
v 4.596094 1.398047 -2.060938
v 4.596094 1.398047 -2.060938
v 4.596094 1.398047 -2.060938
v 4.596094 1.398047 -2.060938
v 4.596094 1.398047 -2.060938
v 4.596094 1.398047 -2.060938
v 2.520703 0.104297 -2.278516
v 2.520703 0.104297 -2.278516
v 2.520703 0.104297 -2.278516
v 2.520703 0.104297 -2.278516
v 4.139844 1.208203 -2.871094
v 4.139844 1.208203 -2.871094
v 4.139844 1.208203 -2.871094
v 4.139844 1.208203 -2.871094
v 4.139844 1.208203 -2.871094
v 4.139844 1.208203 -2.871094
v 2.807031 0.341016 -2.368750
v 2.807031 0.341016 -2.368750
v 2.807031 0.341016 -2.368750
v 2.807031 0.341016 -2.368750
v 4.110547 0.828906 -2.094141
v 4.110547 0.828906 -2.094141
v 4.110547 0.828906 -2.094141
v 4.110547 0.828906 -2.094141
v 3.093359 -0.057031 -2.025781
v 3.093359 -0.057031 -2.025781
v 3.093359 -0.057031 -2.025781
v 3.093359 -0.057031 -2.025781
v 3.942578 0.755078 -2.435156
v 3.942578 0.755078 -2.435156
v 3.942578 0.755078 -2.435156
v 3.942578 0.755078 -2.435156
v 3.332813 0.407813 -2.153125
v 3.332813 0.407813 -2.153125
v 3.332813 0.407813 -2.153125
v 3.332813 0.407813 -2.153125
v 3.332813 0.407813 -2.153125
v 3.332813 0.407813 -2.153125
v 3.605469 0.667188 1.760547
v 3.605469 0.667188 1.760547
v 3.605469 0.667188 1.760547
v 3.605469 0.667188 1.760547
v 3.605469 0.667188 1.760547
v 3.605469 0.667188 1.760547
v 3.260547 0.290234 1.914453
v 3.260547 0.290234 1.914453
v 3.260547 0.290234 1.914453
v 3.260547 0.290234 1.914453
v 3.260547 0.290234 1.914453
v 3.260547 0.290234 1.914453
v 2.866797 0.528906 2.076563
v 2.866797 0.528906 2.076563
v 2.866797 0.528906 2.076563
v 2.866797 0.528906 2.076563
v 2.546094 0.286328 2.060156
v 2.546094 0.286328 2.060156
v 2.546094 0.286328 2.060156
v 2.546094 0.286328 2.060156
v 2.546094 0.286328 2.060156
v 2.546094 0.286328 2.060156
v 2.546094 0.286328 2.060156
v 2.761328 -0.171875 1.901953
v 2.761328 -0.171875 1.901953
v 2.761328 -0.171875 1.901953
v 2.761328 -0.171875 1.901953
v 2.761328 -0.171875 1.901953
v 2.979297 -0.687891 -1.265625
v 2.979297 -0.687891 -1.265625
v 2.979297 -0.687891 -1.265625
v 2.979297 -0.687891 -1.265625
v 2.979297 -0.687891 -1.265625
v 3.391406 -0.035937 -1.414062
v 3.391406 -0.035937 -1.414062
v 3.391406 -0.035937 -1.414062
v 3.391406 -0.035937 -1.414062
v 3.391406 -0.035937 -1.414062
v 3.391406 -0.035937 -1.414062
v 3.391406 -0.035937 -1.414062
v 2.384766 1.085938 2.062109
v 2.384766 1.085938 2.062109
v 2.384766 1.085938 2.062109
v 2.384766 1.085938 2.062109
v 2.384766 1.085938 2.062109
v 2.384766 1.085938 2.062109
v 3.666797 0.396875 -0.162500
v 3.666797 0.396875 -0.162500
v 3.666797 0.396875 -0.162500
v 3.666797 0.396875 -0.162500
v 3.666797 0.396875 -0.162500
v 2.817969 1.730469 -0.219531
v 2.817969 1.730469 -0.219531
v 2.817969 1.730469 -0.219531
v 2.817969 1.730469 -0.219531
v 2.487891 2.133203 -0.458594
v 2.487891 2.133203 -0.458594
v 2.487891 2.133203 -0.458594
v 2.487891 2.133203 -0.458594
v 2.487891 2.133203 -0.458594
v 2.487891 2.133203 -0.458594
v 2.508984 1.317969 2.031641
v 2.508984 1.317969 2.031641
v 2.508984 1.317969 2.031641
v 2.508984 1.317969 2.031641
v 2.508984 1.317969 2.031641
v 2.994922 -0.414062 0.060547
v 2.994922 -0.414062 0.060547
v 2.994922 -0.414062 0.060547
v 2.994922 -0.414062 0.060547
v 2.994922 -0.414062 0.060547
v 2.811719 -0.312891 1.435156
v 2.811719 -0.312891 1.435156
v 2.811719 -0.312891 1.435156
v 2.811719 -0.312891 1.435156
v 2.811719 -0.312891 1.435156
v 2.811719 -0.312891 1.435156
v 3.446875 0.208984 1.431250
v 3.446875 0.208984 1.431250
v 3.446875 0.208984 1.431250
v 3.446875 0.208984 1.431250
v 3.446875 0.208984 1.431250
v 3.446875 0.208984 1.431250
v 2.247656 1.646484 -1.732031
v 2.247656 1.646484 -1.732031
v 2.247656 1.646484 -1.732031
v 2.247656 1.646484 -1.732031
v 2.247656 1.646484 -1.732031
v 2.427734 -1.030859 -1.205078
v 2.427734 -1.030859 -1.205078
v 2.427734 -1.030859 -1.205078
v 2.427734 -1.030859 -1.205078
v 2.427734 -1.030859 -1.205078
v 2.379688 -0.918750 0.018750
v 2.379688 -0.918750 0.018750
v 2.379688 -0.918750 0.018750
v 2.379688 -0.918750 0.018750
v 2.379688 -0.918750 0.018750
v 1.462500 -1.150000 -1.377344
v 1.462500 -1.150000 -1.377344
v 1.462500 -1.150000 -1.377344
v 1.462500 -1.150000 -1.377344
v 1.430859 -1.230859 -0.140234
v 1.430859 -1.230859 -0.140234
v 1.430859 -1.230859 -0.140234
v 1.430859 -1.230859 -0.140234
v 1.430859 -1.230859 -0.140234
v 1.430859 -1.230859 -0.140234
v 2.273828 -1.281641 0.657813
v 2.273828 -1.281641 0.657813
v 2.273828 -1.281641 0.657813
v 2.273828 -1.281641 0.657813
v 2.273828 -1.281641 0.657813
v 2.273828 -1.281641 0.657813
v 0.725781 -1.110937 -1.203906
v 0.725781 -1.110937 -1.203906
v 0.725781 -1.110937 -1.203906
v 0.725781 -1.110937 -1.203906
v 0.725781 -0.499219 -1.919141
v 0.725781 -0.499219 -1.919141
v 0.725781 -0.499219 -1.919141
v 0.725781 -0.499219 -1.919141
v 0.725781 -1.058203 -0.140234
v 0.725781 -1.058203 -0.140234
v 0.725781 -1.058203 -0.140234
v 0.725781 -1.058203 -0.140234
v 0.725781 -1.058203 -0.140234
v 0.684375 0.708594 1.695312
v 0.684375 0.708594 1.695312
v 0.684375 0.708594 1.695312
v 0.684375 0.708594 1.695312
v 0.684375 0.708594 1.695312
v 0.684375 0.708594 1.695312
v 0.684375 0.708594 1.695312
v 0.684375 0.708594 1.695312
v 0.130859 0.585156 -1.585156
v 0.130859 0.585156 -1.585156
v 0.130859 0.585156 -1.585156
v 0.130859 0.585156 -1.585156
v 0.130859 0.585156 -1.585156
v 0.130859 0.585156 -1.585156
v 0.068750 -0.912109 -1.077344
v 0.068750 -0.912109 -1.077344
v 0.068750 -0.912109 -1.077344
v 0.068750 -0.912109 -1.077344
v 0.068750 -0.232031 -1.585156
v 0.068750 -0.232031 -1.585156
v 0.068750 -0.232031 -1.585156
v 0.068750 -0.232031 -1.585156
v 0.068750 -0.232031 -1.585156
v 0.038672 -1.028906 -0.140234
v 0.038672 -1.028906 -0.140234
v 0.038672 -1.028906 -0.140234
v 0.038672 -1.028906 -0.140234
v 0.038672 -1.028906 -0.140234
v 0.038672 -1.028906 -0.140234
v 0.038672 -0.912109 0.956641
v 0.038672 -0.912109 0.956641
v 0.038672 -0.912109 0.956641
v 0.038672 -0.912109 0.956641
v 0.038672 -0.912109 0.956641
v -0.065234 -0.155469 1.265234
v -0.065234 -0.155469 1.265234
v -0.065234 -0.155469 1.265234
v -0.065234 -0.155469 1.265234
v -0.065234 -0.155469 1.265234
v -0.065234 -0.155469 1.265234
v 0.040625 0.684375 1.297266
v 0.040625 0.684375 1.297266
v 0.040625 0.684375 1.297266
v 0.040625 0.684375 1.297266
v 0.040625 0.684375 1.297266
v 0.040625 0.684375 1.297266
v -0.338672 0.779688 -0.566797
v -0.338672 0.779688 -0.566797
v -0.338672 0.779688 -0.566797
v -0.338672 0.779688 -0.566797
v -0.338672 0.779688 -0.566797
v -0.338672 0.779688 -0.566797
v -0.298828 0.178906 -1.107813
v -0.298828 0.178906 -1.107813
v -0.298828 0.178906 -1.107813
v -0.298828 0.178906 -1.107813
v -0.298828 0.178906 -1.107813
v -0.331641 -0.508984 0.431250
v -0.331641 -0.508984 0.431250
v -0.331641 -0.508984 0.431250
v -0.331641 -0.508984 0.431250
v -0.331641 -0.508984 0.431250
v -0.331641 -0.508984 0.431250
v -0.337891 0.779688 0.431250
v -0.337891 0.779688 0.431250
v -0.337891 0.779688 0.431250
v -0.337891 0.779688 0.431250
v -0.337891 0.779688 0.431250
v 1.692969 1.805469 -0.415625
v 1.692969 1.805469 -0.415625
v 1.692969 1.805469 -0.415625
v 1.692969 1.805469 -0.415625
v 1.692969 1.805469 -0.415625
v 2.049609 1.961719 -1.098047
v 2.049609 1.961719 -1.098047
v 2.049609 1.961719 -1.098047
v 2.049609 1.961719 -1.098047
v 2.049609 1.961719 -1.098047
v 2.123828 2.085938 -0.585938
v 2.123828 2.085938 -0.585938
v 2.123828 2.085938 -0.585938
v 2.123828 2.085938 -0.585938
v 2.123828 2.085938 -0.585938
v 2.083984 1.960938 0.694141
v 2.083984 1.960938 0.694141
v 2.083984 1.960938 0.694141
v 2.083984 1.960938 0.694141
v 2.083984 1.960938 0.694141
v 1.692969 1.805469 0.170313
v 1.692969 1.805469 0.170313
v 1.692969 1.805469 0.170313
v 1.692969 1.805469 0.170313
v 1.692969 1.805469 0.170313
v 2.131641 2.039453 0.139063
v 2.131641 2.039453 0.139063
v 2.131641 2.039453 0.139063
v 2.131641 2.039453 0.139063
v 2.131641 2.039453 0.139063
v 3.390625 1.175391 1.051953
v 3.390625 1.175391 1.051953
v 3.390625 1.175391 1.051953
v 3.390625 1.175391 1.051953
v 3.390625 1.175391 1.051953
v 3.390625 1.175391 1.051953
v 3.390625 1.175391 1.051953
v 3.390625 1.175391 1.051953
v 3.390625 1.175391 1.051953
v 3.390625 1.175391 1.051953
v 2.701563 1.807813 1.240234
v 2.701563 1.807813 1.240234
v 2.701563 1.807813 1.240234
v 2.701563 1.807813 1.240234
v 2.701563 1.807813 1.240234
v 2.701563 1.807813 1.240234
v 3.142969 0.855859 2.154688
v 3.142969 0.855859 2.154688
v 3.142969 0.855859 2.154688
v 3.142969 0.855859 2.154688
v 3.142969 0.855859 2.154688
v 3.807031 0.809375 1.291016
v 3.807031 0.809375 1.291016
v 3.807031 0.809375 1.291016
v 3.807031 0.809375 1.291016
v 3.807031 0.809375 1.291016
v 3.807031 0.809375 1.291016
v 2.954297 0.775391 -2.424609
v 2.954297 0.775391 -2.424609
v 2.954297 0.775391 -2.424609
v 2.954297 0.775391 -2.424609
v 2.954297 0.775391 -2.424609
v 3.541406 0.463281 -1.713672
v 3.541406 0.463281 -1.713672
v 3.541406 0.463281 -1.713672
v 3.541406 0.463281 -1.713672
v 3.541406 0.463281 -1.713672
v 3.541406 0.463281 -1.713672
v 3.264063 1.136719 -1.463672
v 3.264063 1.136719 -1.463672
v 3.264063 1.136719 -1.463672
v 3.264063 1.136719 -1.463672
v 3.264063 1.136719 -1.463672
v 3.264063 1.136719 -1.463672
v 3.264063 1.136719 -1.463672
v 3.264063 1.136719 -1.463672
v 3.264063 1.136719 -1.463672
v 3.264063 1.136719 -1.463672
v 2.673047 1.527734 -1.617969
v 2.673047 1.527734 -1.617969
v 2.673047 1.527734 -1.617969
v 2.673047 1.527734 -1.617969
v 2.673047 1.527734 -1.617969
v 2.673047 1.527734 -1.617969
v 2.425391 1.814062 -1.346094
v 2.425391 1.814062 -1.346094
v 2.425391 1.814062 -1.346094
v 2.425391 1.814062 -1.346094
v 2.425391 1.814062 -1.346094
v 2.425391 1.814062 -1.346094
v 3.808203 0.784766 -0.587109
v 3.808203 0.784766 -0.587109
v 3.808203 0.784766 -0.587109
v 3.808203 0.784766 -0.587109
v 3.808203 0.784766 -0.587109
v 3.808203 0.784766 -0.587109
v 3.312109 1.497656 -0.227344
v 3.312109 1.497656 -0.227344
v 3.312109 1.497656 -0.227344
v 3.312109 1.497656 -0.227344
v 3.312109 1.497656 -0.227344
v 3.312109 1.497656 -0.227344
v 3.312109 1.497656 -0.227344
v 3.312109 1.497656 -0.227344
v 3.312109 1.497656 -0.227344
v 3.312109 1.497656 -0.227344
v 3.746485 0.653906 -1.115625
v 3.746485 0.653906 -1.115625
v 3.746485 0.653906 -1.115625
v 3.746485 0.653906 -1.115625
v 3.746485 0.653906 -1.115625
v 3.746485 0.653906 -1.115625
v 2.683594 2.127344 -0.003516
v 2.683594 2.127344 -0.003516
v 2.683594 2.127344 -0.003516
v 2.683594 2.127344 -0.003516
v 2.683594 2.127344 -0.003516
v 2.683594 2.127344 -0.003516
v 3.851172 0.836328 0.666016
v 3.851172 0.836328 0.666016
v 3.851172 0.836328 0.666016
v 3.851172 0.836328 0.666016
v 3.851172 0.836328 0.666016
v 3.851172 0.836328 0.666016
v 2.571484 2.087500 0.860938
v 2.571484 2.087500 0.860938
v 2.571484 2.087500 0.860938
v 2.571484 2.087500 0.860938
v 2.571484 2.087500 0.860938
v 2.571484 2.087500 0.860938
v 3.861328 0.830859 0.164453
v 3.861328 0.830859 0.164453
v 3.861328 0.830859 0.164453
v 3.861328 0.830859 0.164453
v 3.861328 0.830859 0.164453
v 3.861328 0.830859 0.164453
v 2.363672 1.875391 1.664453
v 2.363672 1.875391 1.664453
v 2.363672 1.875391 1.664453
v 2.363672 1.875391 1.664453
v 2.363672 1.875391 1.664453
v 2.263672 1.601172 -1.417188
v 2.263672 1.601172 -1.417188
v 2.263672 1.601172 -1.417188
v 2.263672 1.601172 -1.417188
v 2.263672 1.601172 -1.417188
v 2.263672 1.601172 -1.417188
v 2.263672 1.601172 -1.417188
v 2.537109 1.836719 -0.247266
v 2.537109 1.836719 -0.247266
v 2.537109 1.836719 -0.247266
v 2.537109 1.836719 -0.247266
v 2.537109 1.836719 -0.247266
v 2.537109 1.836719 -0.247266
v 2.537109 1.836719 -0.247266
v 2.360938 1.675391 1.006250
v 2.360938 1.675391 1.006250
v 2.360938 1.675391 1.006250
v 2.360938 1.675391 1.006250
v 2.360938 1.675391 1.006250
v 2.360938 1.675391 1.006250
v 2.360938 1.675391 1.006250
v 2.754297 1.470312 -1.482813
v 2.754297 1.470312 -1.482813
v 2.754297 1.470312 -1.482813
v 2.754297 1.470312 -1.482813
v 3.497266 0.390625 -1.260156
v 3.497266 0.390625 -1.260156
v 3.497266 0.390625 -1.260156
v 3.497266 0.390625 -1.260156
v 3.497266 0.390625 -1.260156
v 3.003125 1.564062 1.035938
v 3.003125 1.564062 1.035938
v 3.003125 1.564062 1.035938
v 3.003125 1.564062 1.035938
v 3.638672 0.574609 0.985938
v 3.638672 0.574609 0.985938
v 3.638672 0.574609 0.985938
v 3.638672 0.574609 0.985938
v 3.638672 0.574609 0.985938
v 2.405078 2.174219 -0.932031
v 2.405078 2.174219 -0.932031
v 2.405078 2.174219 -0.932031
v 2.405078 2.174219 -0.932031
v 2.405078 2.174219 -0.932031
v 3.500000 -0.000781 -0.955859
v 3.500000 -0.000781 -0.955859
v 3.500000 -0.000781 -0.955859
v 3.500000 -0.000781 -0.955859
v 3.500000 -0.000781 -0.955859
v 3.533984 0.068750 -0.378906
v 3.533984 0.068750 -0.378906
v 3.533984 0.068750 -0.378906
v 3.533984 0.068750 -0.378906
v 3.533984 0.068750 -0.378906
v 2.368359 2.268359 0.450000
v 2.368359 2.268359 0.450000
v 2.368359 2.268359 0.450000
v 2.368359 2.268359 0.450000
v 2.368359 2.268359 0.450000
v 3.513281 0.103516 0.091406
v 3.513281 0.103516 0.091406
v 3.513281 0.103516 0.091406
v 3.513281 0.103516 0.091406
v 3.513281 0.103516 0.091406
v 3.521875 0.196484 0.680078
v 3.521875 0.196484 0.680078
v 3.521875 0.196484 0.680078
v 3.521875 0.196484 0.680078
v 3.521875 0.196484 0.680078
v 3.521875 0.196484 0.680078
v 2.198437 0.147266 2.192578
v 2.198437 0.147266 2.192578
v 2.198437 0.147266 2.192578
v 2.198437 0.147266 2.192578
v 2.198437 0.147266 2.192578
v 0.181250 -0.264453 1.528125
v 0.181250 -0.264453 1.528125
v 0.181250 -0.264453 1.528125
v 0.181250 -0.264453 1.528125
v 0.181250 -0.264453 1.528125
v 1.545703 -1.637891 0.678516
v 1.545703 -1.637891 0.678516
v 1.545703 -1.637891 0.678516
v 1.545703 -1.637891 0.678516
v 0.876172 -1.539844 0.898438
v 0.876172 -1.539844 0.898438
v 0.876172 -1.539844 0.898438
v 0.876172 -1.539844 0.898438
v 0.354297 -1.316797 0.980078
v 0.354297 -1.316797 0.980078
v 0.354297 -1.316797 0.980078
v 0.354297 -1.316797 0.980078
v 0.354297 -1.316797 0.980078
v 0.373047 -0.848047 1.828516
v 0.373047 -0.848047 1.828516
v 0.373047 -0.848047 1.828516
v 0.373047 -0.848047 1.828516
v 0.373047 -0.848047 1.828516
v 0.923047 0.267969 1.973047
v 0.923047 0.267969 1.973047
v 0.923047 0.267969 1.973047
v 0.923047 0.267969 1.973047
v 0.923047 0.267969 1.973047
v 0.923047 0.267969 1.973047
v 0.923047 0.267969 1.973047
v -0.333984 -0.512500 -0.597266
v -0.333984 -0.512500 -0.597266
v -0.333984 -0.512500 -0.597266
v -0.333984 -0.512500 -0.597266
v -0.333984 -0.512500 -0.597266
v -0.333984 -0.512500 -0.597266
v -0.298047 0.178906 0.975391
v -0.298047 0.178906 0.975391
v -0.298047 0.178906 0.975391
v -0.298047 0.178906 0.975391
v -0.298047 0.178906 0.975391
v -0.502344 0.192969 0.431250
v -0.502344 0.192969 0.431250
v -0.502344 0.192969 0.431250
v -0.502344 0.192969 0.431250
v -0.503906 0.191406 -0.582031
v -0.503906 0.191406 -0.582031
v -0.503906 0.191406 -0.582031
v -0.503906 0.191406 -0.582031
v 1.930078 0.908203 1.955078
v 1.930078 0.908203 1.955078
v 1.930078 0.908203 1.955078
v 1.930078 0.908203 1.955078
v 1.930078 0.908203 1.955078
v 1.930078 0.908203 1.955078
v 1.535938 0.514453 2.020703
v 1.535938 0.514453 2.020703
v 1.535938 0.514453 2.020703
v 1.535938 0.514453 2.020703
v 1.535938 0.514453 2.020703
v 2.876563 -0.390625 0.675000
v 2.876563 -0.390625 0.675000
v 2.876563 -0.390625 0.675000
v 2.876563 -0.390625 0.675000
v 2.673828 -0.857813 0.679297
v 2.673828 -0.857813 0.679297
v 2.673828 -0.857813 0.679297
v 2.673828 -0.857813 0.679297
v 5.793359 2.144531 2.362500
v 5.793359 2.144531 2.362500
v 5.793359 2.144531 2.362500
v 5.793359 2.144531 2.362500
v 5.572266 2.504688 2.292578
v 5.572266 2.504688 2.292578
v 5.572266 2.504688 2.292578
v 5.572266 2.504688 2.292578
v 5.572266 2.504688 2.292578
v 5.322266 1.853125 2.012500
v 5.322266 1.853125 2.012500
v 5.322266 1.853125 2.012500
v 5.322266 1.853125 2.012500
v 5.322266 1.853125 2.012500
v 5.076172 1.631641 2.139844
v 5.076172 1.631641 2.139844
v 5.076172 1.631641 2.139844
v 5.076172 1.631641 2.139844
v 5.076172 1.631641 2.139844
v 4.839453 1.665234 2.817578
v 4.839453 1.665234 2.817578
v 4.839453 1.665234 2.817578
v 4.839453 1.665234 2.817578
v 4.839453 1.665234 2.817578
v 4.803906 1.509375 2.500391
v 4.803906 1.509375 2.500391
v 4.803906 1.509375 2.500391
v 4.803906 1.509375 2.500391
v 4.803906 1.509375 2.500391
v 5.436719 2.005859 2.956641
v 5.436719 2.005859 2.956641
v 5.436719 2.005859 2.956641
v 5.436719 2.005859 2.956641
v 5.227344 2.251563 3.016797
v 5.227344 2.251563 3.016797
v 5.227344 2.251563 3.016797
v 5.227344 2.251563 3.016797
v 5.227344 2.251563 3.016797
v 5.525000 2.464062 2.728906
v 5.525000 2.464062 2.728906
v 5.525000 2.464062 2.728906
v 5.525000 2.464062 2.728906
v 5.798438 2.141016 2.735156
v 5.798438 2.141016 2.735156
v 5.798438 2.141016 2.735156
v 5.798438 2.141016 2.735156
v 5.798438 2.141016 2.735156
v 4.656641 1.781641 1.989063
v 4.656641 1.781641 1.989063
v 4.656641 1.781641 1.989063
v 4.656641 1.781641 1.989063
v 4.747656 2.350391 1.839063
v 4.747656 2.350391 1.839063
v 4.747656 2.350391 1.839063
v 4.747656 2.350391 1.839063
v 4.747656 2.350391 1.839063
v 4.747656 2.350391 1.839063
v 4.384766 1.693359 2.403516
v 4.384766 1.693359 2.403516
v 4.384766 1.693359 2.403516
v 4.384766 1.693359 2.403516
v 4.365234 2.030469 2.843750
v 4.365234 2.030469 2.843750
v 4.365234 2.030469 2.843750
v 4.365234 2.030469 2.843750
v 4.365234 2.030469 2.843750
v 4.365234 2.030469 2.843750
v 5.011328 2.817578 2.630078
v 5.011328 2.817578 2.630078
v 5.011328 2.817578 2.630078
v 5.011328 2.817578 2.630078
v 4.713281 2.462500 2.967578
v 4.713281 2.462500 2.967578
v 4.713281 2.462500 2.967578
v 4.713281 2.462500 2.967578
v 5.175781 2.838672 2.198437
v 5.175781 2.838672 2.198437
v 5.175781 2.838672 2.198437
v 5.175781 2.838672 2.198437
v 4.257422 2.918360 2.473047
v 4.257422 2.918360 2.473047
v 4.257422 2.918360 2.473047
v 4.257422 2.918360 2.473047
v 3.991406 2.616406 2.830469
v 3.991406 2.616406 2.830469
v 3.991406 2.616406 2.830469
v 3.991406 2.616406 2.830469
v 3.991406 2.616406 2.830469
v 4.412109 2.872656 2.008203
v 4.412109 2.872656 2.008203
v 4.412109 2.872656 2.008203
v 4.412109 2.872656 2.008203
v 4.412109 2.872656 2.008203
v 4.121094 1.562500 2.273047
v 4.121094 1.562500 2.273047
v 4.121094 1.562500 2.273047
v 4.121094 1.562500 2.273047
v 4.369922 1.701563 1.779297
v 4.369922 1.701563 1.779297
v 4.369922 1.701563 1.779297
v 4.369922 1.701563 1.779297
v 3.962891 1.500000 1.533984
v 3.962891 1.500000 1.533984
v 3.962891 1.500000 1.533984
v 3.962891 1.500000 1.533984
v 3.546484 1.957031 1.351953
v 3.546484 1.957031 1.351953
v 3.546484 1.957031 1.351953
v 3.546484 1.957031 1.351953
v 3.546484 1.957031 1.351953
v 3.546484 1.957031 1.351953
v 3.546484 1.957031 1.351953
v 3.805469 1.221484 2.052734
v 3.805469 1.221484 2.052734
v 3.805469 1.221484 2.052734
v 3.805469 1.221484 2.052734
v 3.291797 1.507812 2.382812
v 3.291797 1.507812 2.382812
v 3.291797 1.507812 2.382812
v 3.291797 1.507812 2.382812
v 3.291797 1.507812 2.382812
v 3.291797 1.507812 2.382812
v 3.291797 1.507812 2.382812
v 2.845313 2.488672 2.006641
v 2.845313 2.488672 2.006641
v 2.845313 2.488672 2.006641
v 2.845313 2.488672 2.006641
v 2.925781 2.239063 2.452734
v 2.925781 2.239063 2.452734
v 2.925781 2.239063 2.452734
v 2.925781 2.239063 2.452734
v 3.457813 2.821094 2.216406
v 3.457813 2.821094 2.216406
v 3.457813 2.821094 2.216406
v 3.457813 2.821094 2.216406
v 3.413281 2.517578 2.664844
v 3.413281 2.517578 2.664844
v 3.413281 2.517578 2.664844
v 3.413281 2.517578 2.664844
v 3.413281 2.517578 2.664844
v 3.055469 2.518359 1.572266
v 3.055469 2.518359 1.572266
v 3.055469 2.518359 1.572266
v 3.055469 2.518359 1.572266
v 3.684375 2.802344 1.785938
v 3.684375 2.802344 1.785938
v 3.684375 2.802344 1.785938
v 3.684375 2.802344 1.785938
v 3.684375 2.802344 1.785938
v 2.572266 2.068750 1.810547
v 2.572266 2.068750 1.810547
v 2.572266 2.068750 1.810547
v 2.572266 2.068750 1.810547
v 2.707031 1.789844 2.239453
v 2.707031 1.789844 2.239453
v 2.707031 1.789844 2.239453
v 2.707031 1.789844 2.239453
v 2.707031 1.789844 2.239453
v 2.867969 2.078516 1.380078
v 2.867969 2.078516 1.380078
v 2.867969 2.078516 1.380078
v 2.867969 2.078516 1.380078
v 2.867969 2.078516 1.380078
v 5.764844 1.703516 2.377734
v 5.764844 1.703516 2.377734
v 5.764844 1.703516 2.377734
v 5.764844 1.703516 2.377734
v 5.764844 1.703516 2.377734
v 5.764844 1.703516 2.377734
v 5.539453 1.616016 2.753516
v 5.539453 1.616016 2.753516
v 5.539453 1.616016 2.753516
v 5.539453 1.616016 2.753516
v 5.539453 1.616016 2.753516
v 5.539453 1.616016 2.753516
v 5.317188 1.476172 2.416016
v 5.317188 1.476172 2.416016
v 5.317188 1.476172 2.416016
v 5.317188 1.476172 2.416016
v 3.705859 1.982031 2.680469
v 3.705859 1.982031 2.680469
v 3.705859 1.982031 2.680469
v 3.705859 1.982031 2.680469
v 3.705859 1.982031 2.680469
v 3.705859 1.982031 2.680469
v 4.325391 2.395703 1.727344
v 4.325391 2.395703 1.727344
v 4.325391 2.395703 1.727344
v 4.325391 2.395703 1.727344
v 4.325391 2.395703 1.727344
v 4.325391 2.395703 1.727344
v 3.817578 1.582422 2.183594
v 3.817578 1.582422 2.183594
v 3.817578 1.582422 2.183594
v 3.817578 1.582422 2.183594
v 4.026953 1.777734 1.693359
v 4.026953 1.777734 1.693359
v 4.026953 1.777734 1.693359
v 4.026953 1.777734 1.693359
v 6.507812 2.111719 0.280469
v 6.507812 2.111719 0.280469
v 6.507812 2.111719 0.280469
v 6.507812 2.111719 0.280469
v 6.373047 2.615625 0.191406
v 6.373047 2.615625 0.191406
v 6.373047 2.615625 0.191406
v 6.373047 2.615625 0.191406
v 6.373047 2.615625 0.191406
v 5.873047 1.876172 0.017969
v 5.873047 1.876172 0.017969
v 5.873047 1.876172 0.017969
v 5.873047 1.876172 0.017969
v 5.873047 1.876172 0.017969
v 5.586328 1.693359 0.289844
v 5.586328 1.693359 0.289844
v 5.586328 1.693359 0.289844
v 5.586328 1.693359 0.289844
v 5.586328 1.693359 0.289844
v 5.721094 1.896484 1.077734
v 5.721094 1.896484 1.077734
v 5.721094 1.896484 1.077734
v 5.721094 1.896484 1.077734
v 5.721094 1.896484 1.077734
v 5.526172 1.678906 0.797656
v 5.526172 1.678906 0.797656
v 5.526172 1.678906 0.797656
v 5.526172 1.678906 0.797656
v 5.526172 1.678906 0.797656
v 6.407422 2.125000 0.941406
v 6.407422 2.125000 0.941406
v 6.407422 2.125000 0.941406
v 6.407422 2.125000 0.941406
v 6.258985 2.632422 0.975000
v 6.258985 2.632422 0.975000
v 6.258985 2.632422 0.975000
v 6.258985 2.632422 0.975000
v 6.258985 2.632422 0.975000
v 6.491016 2.685547 0.596094
v 6.491016 2.685547 0.596094
v 6.491016 2.685547 0.596094
v 6.491016 2.685547 0.596094
v 6.679297 2.164844 0.628906
v 6.679297 2.164844 0.628906
v 6.679297 2.164844 0.628906
v 6.679297 2.164844 0.628906
v 6.679297 2.164844 0.628906
v 5.200000 1.936328 0.240625
v 5.200000 1.936328 0.240625
v 5.200000 1.936328 0.240625
v 5.200000 1.936328 0.240625
v 5.642188 2.335938 -0.025781
v 5.642188 2.335938 -0.025781
v 5.642188 2.335938 -0.025781
v 5.642188 2.335938 -0.025781
v 5.642188 2.335938 -0.025781
v 5.642188 2.335938 -0.025781
v 5.133203 1.944922 0.746484
v 5.133203 1.944922 0.746484
v 5.133203 1.944922 0.746484
v 5.133203 1.944922 0.746484
v 5.479688 2.358203 1.092578
v 5.479688 2.358203 1.092578
v 5.479688 2.358203 1.092578
v 5.479688 2.358203 1.092578
v 5.479688 2.358203 1.092578
v 5.479688 2.358203 1.092578
v 5.858594 3.217969 0.583203
v 5.858594 3.217969 0.583203
v 5.858594 3.217969 0.583203
v 5.858594 3.217969 0.583203
v 5.689063 3.035938 1.030078
v 5.689063 3.035938 1.030078
v 5.689063 3.035938 1.030078
v 5.689063 3.035938 1.030078
v 5.820312 3.018359 0.128125
v 5.820312 3.018359 0.128125
v 5.820312 3.018359 0.128125
v 5.820312 3.018359 0.128125
v 4.782422 3.503516 0.491016
v 4.782422 3.503516 0.491016
v 4.782422 3.503516 0.491016
v 4.782422 3.503516 0.491016
v 4.746484 3.316406 0.964453
v 4.746484 3.316406 0.964453
v 4.746484 3.316406 0.964453
v 4.746484 3.316406 0.964453
v 4.746484 3.316406 0.964453
v 4.850391 3.282813 0.025000
v 4.850391 3.282813 0.025000
v 4.850391 3.282813 0.025000
v 4.850391 3.282813 0.025000
v 4.850391 3.282813 0.025000
v 4.669531 1.808594 0.730469
v 4.669531 1.808594 0.730469
v 4.669531 1.808594 0.730469
v 4.669531 1.808594 0.730469
v 4.709766 1.796875 0.226172
v 4.709766 1.796875 0.226172
v 4.709766 1.796875 0.226172
v 4.709766 1.796875 0.226172
v 4.141797 1.458984 0.200000
v 4.141797 1.458984 0.200000
v 4.141797 1.458984 0.200000
v 4.141797 1.458984 0.200000
v 3.733984 2.050781 -0.148828
v 3.733984 2.050781 -0.148828
v 3.733984 2.050781 -0.148828
v 3.733984 2.050781 -0.148828
v 3.733984 2.050781 -0.148828
v 3.733984 2.050781 -0.148828
v 3.733984 2.050781 -0.148828
v 4.140234 1.430469 0.680078
v 4.140234 1.430469 0.680078
v 4.140234 1.430469 0.680078
v 4.140234 1.430469 0.680078
v 3.643359 2.123438 1.009766
v 3.643359 2.123438 1.009766
v 3.643359 2.123438 1.009766
v 3.643359 2.123438 1.009766
v 3.643359 2.123438 1.009766
v 3.643359 2.123438 1.009766
v 3.643359 2.123438 1.009766
v 2.973047 3.156250 0.443359
v 2.973047 3.156250 0.443359
v 2.973047 3.156250 0.443359
v 2.973047 3.156250 0.443359
v 3.129688 3.016406 0.895312
v 3.129688 3.016406 0.895312
v 3.129688 3.016406 0.895312
v 3.129688 3.016406 0.895312
v 3.960547 3.426172 0.471484
v 3.960547 3.426172 0.471484
v 3.960547 3.426172 0.471484
v 3.960547 3.426172 0.471484
v 3.998828 3.289844 0.901563
v 3.998828 3.289844 0.901563
v 3.998828 3.289844 0.901563
v 3.998828 3.289844 0.901563
v 3.998828 3.289844 0.901563
v 3.135156 3.050391 -0.011328
v 3.135156 3.050391 -0.011328
v 3.135156 3.050391 -0.011328
v 3.135156 3.050391 -0.011328
v 4.130078 3.255469 0.012109
v 4.130078 3.255469 0.012109
v 4.130078 3.255469 0.012109
v 4.130078 3.255469 0.012109
v 4.130078 3.255469 0.012109
v 2.644141 2.796484 0.415234
v 2.644141 2.796484 0.415234
v 2.644141 2.796484 0.415234
v 2.644141 2.796484 0.415234
v 2.804688 2.684375 0.884375
v 2.804688 2.684375 0.884375
v 2.804688 2.684375 0.884375
v 2.804688 2.684375 0.884375
v 2.804688 2.684375 0.884375
v 2.825391 2.701953 -0.028516
v 2.825391 2.701953 -0.028516
v 2.825391 2.701953 -0.028516
v 2.825391 2.701953 -0.028516
v 2.825391 2.701953 -0.028516
v 6.412891 1.722656 0.401563
v 6.412891 1.722656 0.401563
v 6.412891 1.722656 0.401563
v 6.412891 1.722656 0.401563
v 6.412891 1.722656 0.401563
v 6.412891 1.722656 0.401563
v 6.349219 1.731250 0.821875
v 6.349219 1.731250 0.821875
v 6.349219 1.731250 0.821875
v 6.349219 1.731250 0.821875
v 6.349219 1.731250 0.821875
v 6.349219 1.731250 0.821875
v 5.957422 1.580078 0.578516
v 5.957422 1.580078 0.578516
v 5.957422 1.580078 0.578516
v 5.957422 1.580078 0.578516
v 4.466406 2.416406 1.044141
v 4.466406 2.416406 1.044141
v 4.466406 2.416406 1.044141
v 4.466406 2.416406 1.044141
v 4.466406 2.416406 1.044141
v 4.466406 2.416406 1.044141
v 4.518360 2.428516 -0.063672
v 4.518360 2.428516 -0.063672
v 4.518360 2.428516 -0.063672
v 4.518360 2.428516 -0.063672
v 4.518360 2.428516 -0.063672
v 4.518360 2.428516 -0.063672
v 4.217578 1.913672 0.714063
v 4.217578 1.913672 0.714063
v 4.217578 1.913672 0.714063
v 4.217578 1.913672 0.714063
v 4.260156 1.904297 0.220703
v 4.260156 1.904297 0.220703
v 4.260156 1.904297 0.220703
v 4.260156 1.904297 0.220703
v 6.155078 1.637500 -1.655078
v 6.155078 1.637500 -1.655078
v 6.155078 1.637500 -1.655078
v 6.155078 1.637500 -1.655078
v 5.971875 2.136328 -1.796875
v 5.971875 2.136328 -1.796875
v 5.971875 2.136328 -1.796875
v 5.971875 2.136328 -1.796875
v 5.971875 2.136328 -1.796875
v 5.470313 1.372266 -1.637109
v 5.470313 1.372266 -1.637109
v 5.470313 1.372266 -1.637109
v 5.470313 1.372266 -1.637109
v 5.470313 1.372266 -1.637109
v 5.292188 1.239063 -1.369141
v 5.292188 1.239063 -1.369141
v 5.292188 1.239063 -1.369141
v 5.292188 1.239063 -1.369141
v 5.292188 1.239063 -1.369141
v 5.673438 1.602734 -0.764063
v 5.673438 1.602734 -0.764063
v 5.673438 1.602734 -0.764063
v 5.673438 1.602734 -0.764063
v 5.673438 1.602734 -0.764063
v 5.389062 1.322656 -0.960938
v 5.389062 1.322656 -0.960938
v 5.389062 1.322656 -0.960938
v 5.389062 1.322656 -0.960938
v 5.389062 1.322656 -0.960938
v 6.316406 1.773828 -0.981641
v 6.316406 1.773828 -0.981641
v 6.316406 1.773828 -0.981641
v 6.316406 1.773828 -0.981641
v 6.153516 2.289062 -0.984375
v 6.153516 2.289062 -0.984375
v 6.153516 2.289062 -0.984375
v 6.153516 2.289062 -0.984375
v 6.153516 2.289062 -0.984375
v 6.243750 2.294922 -1.407422
v 6.243750 2.294922 -1.407422
v 6.243750 2.294922 -1.407422
v 6.243750 2.294922 -1.407422
v 6.435547 1.730469 -1.353906
v 6.435547 1.730469 -1.353906
v 6.435547 1.730469 -1.353906
v 6.435547 1.730469 -1.353906
v 6.435547 1.730469 -1.353906
v 4.965234 1.639453 -1.371875
v 4.965234 1.639453 -1.371875
v 4.965234 1.639453 -1.371875
v 4.965234 1.639453 -1.371875
v 5.090234 1.861328 -1.728125
v 5.090234 1.861328 -1.728125
v 5.090234 1.861328 -1.728125
v 5.090234 1.861328 -1.728125
v 5.090234 1.861328 -1.728125
v 5.090234 1.861328 -1.728125
v 5.063672 1.667578 -0.948047
v 5.063672 1.667578 -0.948047
v 5.063672 1.667578 -0.948047
v 5.063672 1.667578 -0.948047
vt 0.955088 0.383483
vt 0.939394 0.366303
vt 0.939394 0.367784
vt 0.955089 0.382002
vt 0.655088 0.479682
vt 0.640790 0.483734
vt 0.640790 0.477150
vt 0.655088 0.483734
vt 0.626491 0.479682
vt 0.640790 0.483734
vt 0.626491 0.483734
vt 0.640790 0.477150
vt 0.964882 0.478576
vt 0.949654 0.474175
vt 0.949654 0.478576
vt 0.964882 0.471535
vt 0.680507 0.479682
vt 0.694806 0.483734
vt 0.680507 0.483734
vt 0.694806 0.477150
vt 0.709104 0.479682
vt 0.694806 0.483734
vt 0.694806 0.477150
vt 0.709104 0.483734
vt 0.680507 0.487786
vt 0.694806 0.483734
vt 0.694806 0.490319
vt 0.680507 0.483734
vt 0.709104 0.487786
vt 0.694806 0.483734
vt 0.709104 0.483734
vt 0.694806 0.490319
vt 0.830878 0.463614
vt 0.815651 0.470215
vt 0.830878 0.468014
vt 0.815651 0.463614
vt 0.846106 0.463614
vt 0.830878 0.468014
vt 0.846106 0.468014
vt 0.830878 0.463614
vt 0.846106 0.468014
vt 0.861334 0.463614
vt 0.846106 0.463614
vt 0.861334 0.470215
vt 0.964882 0.478576
vt 0.949654 0.489138
vt 0.964882 0.482096
vt 0.949654 0.478576
vt 0.919199 0.478576
vt 0.934427 0.489138
vt 0.934427 0.478576
vt 0.919199 0.482096
vt 0.694806 0.493898
vt 0.680507 0.487786
vt 0.694806 0.490319
vt 0.680507 0.493898
vt 0.694806 0.493898
vt 0.709104 0.487786
vt 0.709104 0.493898
vt 0.694806 0.490319
vt 0.913108 0.478576
vt 0.897880 0.474175
vt 0.897880 0.478576
vt 0.913108 0.471535
vt 0.868795 0.425092
vt 0.835839 0.437297
vt 0.833040 0.425229
vt 0.857315 0.437317
vt 0.655088 0.471578
vt 0.640790 0.467526
vt 0.655088 0.467526
vt 0.640790 0.474111
vt 0.626491 0.471578
vt 0.640790 0.467526
vt 0.640790 0.474111
vt 0.626491 0.467526
vt 0.709104 0.463474
vt 0.694806 0.467526
vt 0.694806 0.460942
vt 0.709104 0.467526
vt 0.939394 0.366303
vt 0.926603 0.381993
vt 0.915516 0.366295
vt 0.955089 0.382002
vt 0.915516 0.366295
vt 0.871433 0.381976
vt 0.871441 0.365569
vt 0.926603 0.381993
vt 0.524815 0.461448
vt 0.539113 0.465500
vt 0.524815 0.465500
vt 0.539113 0.458916
vt 0.553411 0.461448
vt 0.539113 0.465500
vt 0.539113 0.458916
vt 0.553411 0.465500
vt 0.605278 0.443567
vt 0.583135 0.406713
vt 0.603226 0.406815
vt 0.574012 0.440048
vt 0.623155 0.443643
vt 0.650104 0.407050
vt 0.655959 0.440389
vt 0.630013 0.406949
vt 0.522162 0.448518
vt 0.512971 0.442489
vt 0.517631 0.433139
vt 0.515095 0.449008
vt 0.524815 0.469552
vt 0.539113 0.465500
vt 0.539113 0.472085
vt 0.524815 0.465500
vt 0.553411 0.469552
vt 0.539113 0.465500
vt 0.553411 0.465500
vt 0.539113 0.472085
vt 0.680507 0.471578
vt 0.694806 0.467526
vt 0.694806 0.474111
vt 0.680507 0.467526
vt 0.709104 0.471578
vt 0.694806 0.467526
vt 0.709104 0.467526
vt 0.694806 0.474111
vt 0.815651 0.475056
vt 0.800423 0.471535
vt 0.800423 0.475056
vt 0.815651 0.468894
vt 0.656171 0.359452
vt 0.595402 0.382705
vt 0.579921 0.359957
vt 0.638361 0.382921
vt 0.524815 0.475630
vt 0.539113 0.479682
vt 0.524815 0.479682
vt 0.539113 0.473097
vt 0.553411 0.475630
vt 0.539113 0.479682
vt 0.539113 0.473097
vt 0.553411 0.479682
vt 0.524815 0.483734
vt 0.539113 0.479682
vt 0.539113 0.486266
vt 0.524815 0.479682
vt 0.553411 0.483734
vt 0.539113 0.479682
vt 0.553411 0.479682
vt 0.539113 0.486266
vt 0.815651 0.475056
vt 0.800423 0.483857
vt 0.815651 0.478576
vt 0.800423 0.475056
vt 0.539113 0.489812
vt 0.553411 0.483734
vt 0.553411 0.489812
vt 0.539113 0.486266
vt 0.769968 0.475056
vt 0.785195 0.483857
vt 0.785195 0.475056
vt 0.769968 0.478576
vt 0.539113 0.489812
vt 0.524815 0.483734
vt 0.539113 0.486266
vt 0.524815 0.489812
vt 0.572476 0.485760
vt 0.586774 0.481708
vt 0.586774 0.488292
vt 0.572476 0.481708
vt 0.887006 0.443564
vt 0.907817 0.437183
vt 0.907236 0.442954
vt 0.886373 0.437302
vt 0.882653 0.474175
vt 0.897880 0.478576
vt 0.897880 0.474175
vt 0.882653 0.478576
vt 0.837020 0.443896
vt 0.857315 0.437317
vt 0.857400 0.443965
vt 0.835839 0.437297
vt 0.601072 0.477656
vt 0.586774 0.481708
vt 0.586774 0.475124
vt 0.601072 0.481708
vt 0.846106 0.476816
vt 0.830878 0.485617
vt 0.846106 0.485617
vt 0.830878 0.476816
vt 0.844540 0.352630
vt 0.892940 0.356664
vt 0.844538 0.356708
vt 0.892224 0.352604
vt 0.640790 0.474111
vt 0.655088 0.479682
vt 0.640790 0.477150
vt 0.655088 0.471578
vt 0.626491 0.471578
vt 0.640790 0.477150
vt 0.626491 0.479682
vt 0.640790 0.474111
vt 0.787821 0.382631
vt 0.820992 0.373087
vt 0.825556 0.381685
vt 0.782579 0.374945
vt 0.830878 0.472415
vt 0.815651 0.476816
vt 0.830878 0.476816
vt 0.815651 0.470215
vt 0.572476 0.477656
vt 0.586774 0.481708
vt 0.572476 0.481708
vt 0.586774 0.475124
vt 0.897880 0.468894
vt 0.882653 0.474175
vt 0.897880 0.474175
vt 0.882653 0.468894
vt 0.803897 0.387543
vt 0.825556 0.381685
vt 0.833477 0.380192
vt 0.787821 0.382631
vt 0.572476 0.462461
vt 0.586774 0.466513
vt 0.572476 0.466513
vt 0.586774 0.459929
vt 0.601072 0.462461
vt 0.586774 0.466513
vt 0.586774 0.459929
vt 0.601072 0.466513
vt 0.825556 0.381685
vt 0.871426 0.388116
vt 0.833477 0.380192
vt 0.871433 0.381976
vt 0.572476 0.470565
vt 0.586774 0.466513
vt 0.586774 0.473097
vt 0.572476 0.466513
vt 0.601072 0.470565
vt 0.586774 0.466513
vt 0.601072 0.466513
vt 0.586774 0.473097
vt 0.820992 0.373087
vt 0.794829 0.368949
vt 0.819833 0.365553
vt 0.782579 0.374945
vt 0.861334 0.476816
vt 0.846106 0.472415
vt 0.846106 0.476816
vt 0.861334 0.470215
vt 0.655088 0.463474
vt 0.640790 0.467526
vt 0.640790 0.460942
vt 0.655088 0.467526
vt 0.797285 0.425366
vt 0.835727 0.408901
vt 0.833040 0.425229
vt 0.807535 0.407024
vt 0.626491 0.463474
vt 0.640790 0.467526
vt 0.626491 0.467526
vt 0.640790 0.460942
vt 0.626491 0.458409
vt 0.640790 0.460942
vt 0.626491 0.463474
vt 0.640790 0.458409
vt 0.640790 0.458409
vt 0.655088 0.463474
vt 0.640790 0.460942
vt 0.655088 0.458409
vt 0.882653 0.474175
vt 0.867425 0.478576
vt 0.882653 0.478576
vt 0.867425 0.471535
vt 0.882653 0.460973
vt 0.897880 0.464494
vt 0.897880 0.460973
vt 0.882653 0.464494
vt 0.586774 0.492851
vt 0.601072 0.485760
vt 0.601072 0.492851
vt 0.586774 0.488292
vt 0.572476 0.457396
vt 0.586774 0.459929
vt 0.572476 0.462461
vt 0.586774 0.457396
vt 0.586774 0.457396
vt 0.601072 0.462461
vt 0.586774 0.459929
vt 0.601072 0.457396
vt 0.830878 0.460093
vt 0.846106 0.463614
vt 0.846106 0.460093
vt 0.830878 0.463614
vt 0.586774 0.492851
vt 0.572476 0.485760
vt 0.586774 0.488292
vt 0.572476 0.492851
vt 0.897880 0.478576
vt 0.882653 0.489138
vt 0.897880 0.489138
vt 0.882653 0.478576
vt 0.846106 0.468014
vt 0.830878 0.472415
vt 0.846106 0.472415
vt 0.830878 0.468014
vt 0.815651 0.476816
vt 0.830878 0.485617
vt 0.830878 0.476816
vt 0.815651 0.480336
vt 0.572476 0.470565
vt 0.586774 0.475124
vt 0.572476 0.477656
vt 0.586774 0.473097
vt 0.586774 0.473097
vt 0.601072 0.477656
vt 0.586774 0.475124
vt 0.601072 0.470565
vt 0.830878 0.472415
vt 0.846106 0.476816
vt 0.846106 0.472415
vt 0.830878 0.476816
vt 0.601072 0.485760
vt 0.586774 0.481708
vt 0.601072 0.481708
vt 0.586774 0.488292
vt 0.638361 0.382921
vt 0.603226 0.406815
vt 0.595402 0.382705
vt 0.630013 0.406949
vt 0.669555 0.406088
vt 0.650033 0.412474
vt 0.669555 0.412474
vt 0.650033 0.406088
vt 0.730908 0.421596
vt 0.743457 0.412474
vt 0.730908 0.412474
vt 0.740813 0.421596
vt 0.730908 0.403351
vt 0.715570 0.409737
vt 0.730908 0.409737
vt 0.715570 0.403351
vt 0.897880 0.468894
vt 0.913108 0.464494
vt 0.897880 0.464494
vt 0.913108 0.471535
vt 0.949654 0.468894
vt 0.964882 0.464494
vt 0.949654 0.464494
vt 0.964882 0.471535
vt 0.687682 0.412474
vt 0.700231 0.421596
vt 0.700231 0.412474
vt 0.687682 0.421596
vt 0.949654 0.464494
vt 0.934427 0.468894
vt 0.949654 0.468894
vt 0.934427 0.464494
vt 0.700231 0.403351
vt 0.715570 0.409737
vt 0.715570 0.403351
vt 0.700231 0.409737
vt 0.680507 0.458409
vt 0.694806 0.460942
vt 0.680507 0.463474
vt 0.694806 0.458409
vt 0.694806 0.458409
vt 0.709104 0.463474
vt 0.694806 0.460942
vt 0.709104 0.458409
vt 0.934427 0.460973
vt 0.949654 0.464494
vt 0.949654 0.460973
vt 0.934427 0.464494
vt 0.730908 0.395141
vt 0.715570 0.379177
vt 0.715570 0.394229
vt 0.730908 0.383282
vt 0.715570 0.394229
vt 0.700231 0.383282
vt 0.700231 0.395141
vt 0.715570 0.379177
vt 0.934427 0.464494
vt 0.919199 0.471535
vt 0.934427 0.468894
vt 0.919199 0.464494
vt 0.897880 0.464494
vt 0.882653 0.468894
vt 0.897880 0.468894
vt 0.882653 0.464494
vt 0.949654 0.468894
vt 0.934427 0.474175
vt 0.949654 0.474175
vt 0.934427 0.468894
vt 0.882653 0.464494
vt 0.867425 0.471535
vt 0.882653 0.468894
vt 0.867425 0.464494
vt 0.680507 0.471578
vt 0.694806 0.477150
vt 0.680507 0.479682
vt 0.694806 0.474111
vt 0.694806 0.474111
vt 0.709104 0.479682
vt 0.694806 0.477150
vt 0.709104 0.471578
vt 0.730908 0.412474
vt 0.715570 0.421596
vt 0.730908 0.421596
vt 0.715570 0.412474
vt 0.730908 0.409737
vt 0.715570 0.412474
vt 0.730908 0.412474
vt 0.715570 0.409737
vt 0.631906 0.400615
vt 0.650033 0.406088
vt 0.650033 0.400615
vt 0.631906 0.406088
vt 0.730908 0.403351
vt 0.715570 0.400615
vt 0.715570 0.403351
vt 0.730908 0.400615
vt 0.730908 0.395141
vt 0.715570 0.400615
vt 0.730908 0.400615
vt 0.715570 0.394229
vt 0.650033 0.406088
vt 0.631906 0.412474
vt 0.650033 0.412474
vt 0.631906 0.406088
vt 0.715570 0.412474
vt 0.700231 0.421596
vt 0.715570 0.421596
vt 0.700231 0.412474
vt 0.700231 0.409737
vt 0.715570 0.412474
vt 0.715570 0.409737
vt 0.700231 0.412474
vt 0.669555 0.406088
vt 0.687682 0.400615
vt 0.669555 0.400615
vt 0.687682 0.406088
vt 0.700231 0.403351
vt 0.715570 0.400615
vt 0.700231 0.400615
vt 0.715570 0.403351
vt 0.715570 0.394229
vt 0.700231 0.400615
vt 0.715570 0.400615
vt 0.700231 0.395141
vt 0.785195 0.462733
vt 0.769968 0.468894
vt 0.785195 0.466254
vt 0.769968 0.462733
vt 0.687682 0.412474
vt 0.669555 0.406088
vt 0.669555 0.412474
vt 0.687682 0.406088
vt 0.800423 0.462733
vt 0.785195 0.466254
vt 0.800423 0.466254
vt 0.785195 0.462733
vt 0.800423 0.466254
vt 0.815651 0.462733
vt 0.800423 0.462733
vt 0.815651 0.468894
vt 0.669555 0.421596
vt 0.641667 0.426157
vt 0.677921 0.426157
vt 0.650033 0.421596
vt 0.861334 0.476816
vt 0.846106 0.485617
vt 0.861334 0.480336
vt 0.846106 0.476816
vt 0.669555 0.417947
vt 0.650033 0.421596
vt 0.669555 0.421596
vt 0.650033 0.417947
vt 0.669555 0.412474
vt 0.650033 0.417947
vt 0.669555 0.417947
vt 0.650033 0.412474
vt 0.669555 0.400615
vt 0.650033 0.406088
vt 0.669555 0.406088
vt 0.650033 0.400615
vt 0.949654 0.478576
vt 0.934427 0.489138
vt 0.949654 0.489138
vt 0.934427 0.478576
vt 0.931694 0.410798
vt 0.966050 0.388326
vt 0.965580 0.406773
vt 0.929606 0.388891
vt 0.626491 0.487786
vt 0.640790 0.483734
vt 0.640790 0.490319
vt 0.626491 0.483734
vt 0.970019 0.406648
vt 0.964301 0.429076
vt 0.965580 0.406773
vt 0.968826 0.429245
vt 0.962746 0.436460
vt 0.968826 0.429245
vt 0.964598 0.441016
vt 0.964301 0.429076
vt 0.964598 0.441016
vt 0.946781 0.442531
vt 0.962746 0.436460
vt 0.961867 0.445573
vt 0.788034 0.441818
vt 0.767982 0.439056
vt 0.777713 0.436258
vt 0.771292 0.444717
vt 0.640790 0.493898
vt 0.626491 0.487786
vt 0.640790 0.490319
vt 0.626491 0.493898
vt 0.867425 0.478576
vt 0.882653 0.489138
vt 0.882653 0.478576
vt 0.867425 0.482096
vt 0.800423 0.475056
vt 0.785195 0.483857
vt 0.800423 0.483857
vt 0.785195 0.475056
vt 0.913108 0.478576
vt 0.897880 0.489138
vt 0.913108 0.482096
vt 0.897880 0.478576
vt 0.719823 0.446800
vt 0.708911 0.452920
vt 0.713685 0.435516
vt 0.716554 0.453587
vt 0.934427 0.474175
vt 0.919199 0.478576
vt 0.934427 0.478576
vt 0.919199 0.471535
vt 0.655088 0.487786
vt 0.640790 0.483734
vt 0.655088 0.483734
vt 0.640790 0.490319
vt 0.785195 0.471535
vt 0.769968 0.475056
vt 0.785195 0.475056
vt 0.769968 0.468894
vt 0.556164 0.436447
vt 0.531754 0.409316
vt 0.557621 0.408029
vt 0.524011 0.433906
vt 0.965580 0.406773
vt 0.930627 0.424818
vt 0.931694 0.410798
vt 0.964301 0.429076
vt 0.931694 0.410798
vt 0.868795 0.425092
vt 0.863920 0.410777
vt 0.930627 0.424818
vt 0.835727 0.408901
vt 0.868795 0.425092
vt 0.833040 0.425229
vt 0.863920 0.410777
vt 0.524815 0.457396
vt 0.539113 0.458916
vt 0.524815 0.461448
vt 0.539113 0.454298
vt 0.680507 0.463474
vt 0.694806 0.467526
vt 0.680507 0.467526
vt 0.694806 0.460942
vt 0.539113 0.454298
vt 0.553411 0.461448
vt 0.539113 0.458916
vt 0.553411 0.457396
vt 0.785195 0.459213
vt 0.800423 0.462733
vt 0.800423 0.459213
vt 0.785195 0.462733
vt 0.934427 0.474175
vt 0.949654 0.478576
vt 0.949654 0.474175
vt 0.934427 0.478576
vt 0.926603 0.381993
vt 0.871426 0.388116
vt 0.871433 0.381976
vt 0.929606 0.388891
vt 0.800423 0.466254
vt 0.785195 0.471535
vt 0.800423 0.471535
vt 0.785195 0.466254
vt 0.844538 0.356560
vt 0.892224 0.352604
vt 0.844540 0.352630
vt 0.891504 0.356552
vt 0.668160 0.386019
vt 0.669555 0.400615
vt 0.683499 0.383282
vt 0.650033 0.400615
vt 0.524815 0.469552
vt 0.539113 0.473097
vt 0.524815 0.475630
vt 0.539113 0.472085
vt 0.539113 0.472085
vt 0.553411 0.475630
vt 0.539113 0.473097
vt 0.553411 0.469552
vt 0.930627 0.424818
vt 0.886373 0.437302
vt 0.868795 0.425092
vt 0.907817 0.437183
vt 0.785195 0.471535
vt 0.800423 0.475056
vt 0.800423 0.471535
vt 0.785195 0.475056
vt 0.583135 0.406713
vt 0.560385 0.382066
vt 0.595402 0.382705
vt 0.557621 0.408029
vt 0.650104 0.407050
vt 0.674417 0.383102
vt 0.670194 0.407151
vt 0.638361 0.382921
vt 0.640790 0.493898
vt 0.655088 0.487786
vt 0.655088 0.493898
vt 0.640790 0.490319
vt 0.673840 0.440503
vt 0.694318 0.407273
vt 0.703940 0.437014
vt 0.670194 0.407151
vt 0.955089 0.382002
vt 0.929606 0.388891
vt 0.926603 0.381993
vt 0.966050 0.388326
vt 0.837020 0.443896
vt 0.817761 0.440398
vt 0.835839 0.437297
vt 0.835839 0.437297
vt 0.817761 0.440398
vt 0.798257 0.439074
vt 0.821344 0.447416
vt 0.817761 0.440398
vt 0.837020 0.443896
vt 0.817761 0.440398
vt 0.808231 0.442847
vt 0.798257 0.439074
vt 0.664900 0.440454
vt 0.673840 0.440503
vt 0.675728 0.455044
vt 0.670194 0.407151
vt 0.664900 0.440454
vt 0.650104 0.407050
vt 0.614217 0.443612
vt 0.605278 0.443567
vt 0.603226 0.406815
vt 0.703940 0.437014
vt 0.708911 0.452920
vt 0.692734 0.454489
vt 0.670194 0.407151
vt 0.674417 0.383102
vt 0.694318 0.407273
vt 0.638361 0.382921
vt 0.650104 0.407050
vt 0.630013 0.406949
vt 0.560385 0.382066
vt 0.557621 0.408029
vt 0.531754 0.409316
vt 0.666083 0.454566
vt 0.656403 0.457594
vt 0.664900 0.440454
vt 0.614217 0.443612
vt 0.623155 0.443643
vt 0.620920 0.456867
vt 0.874001 0.440494
vt 0.857400 0.443965
vt 0.857315 0.437317
vt 0.808231 0.442847
vt 0.817761 0.440398
vt 0.821344 0.447416
vt 0.673840 0.440503
vt 0.692734 0.454489
vt 0.675728 0.455044
vt 0.669555 0.417947
vt 0.687682 0.421596
vt 0.687682 0.412474
vt 0.669555 0.417947
vt 0.687682 0.412474
vt 0.669555 0.412474
vt 0.631906 0.412474
vt 0.650033 0.417947
vt 0.650033 0.412474
vt 0.687682 0.400615
vt 0.687682 0.406088
vt 0.700231 0.403351
vt 0.700231 0.409737
vt 0.700231 0.403351
vt 0.687682 0.406088
vt 0.730908 0.409737
vt 0.743457 0.406335
vt 0.730908 0.403351
vt 0.844538 0.356708
vt 0.819833 0.365553
vt 0.805323 0.363052
vt 0.596850 0.347578
vt 0.579921 0.359957
vt 0.550233 0.360828
vt 0.916945 0.357515
vt 0.939394 0.366303
vt 0.892940 0.356664
vt 0.970019 0.406648
vt 0.965580 0.406773
vt 0.966050 0.388326
vt 0.939394 0.367784
vt 0.939394 0.366303
vt 0.916945 0.357515
vt 0.730908 0.426157
vt 0.730908 0.421596
vt 0.715570 0.421596
vt 0.700231 0.412474
vt 0.700231 0.409737
vt 0.687682 0.412474
vt 0.669555 0.421596
vt 0.677921 0.426157
vt 0.687682 0.421596
vt 0.700231 0.403351
vt 0.700231 0.400615
vt 0.687682 0.400615
vt 0.687682 0.412474
vt 0.700231 0.409737
vt 0.687682 0.406088
vt 0.730908 0.412474
vt 0.743457 0.412474
vt 0.730908 0.409737
vt 0.650033 0.421596
vt 0.631906 0.421596
vt 0.641667 0.426157
vt 0.730908 0.403351
vt 0.743457 0.400615
vt 0.730908 0.400615
vt 0.730908 0.403351
vt 0.743457 0.406335
vt 0.743457 0.400615
vt 0.730908 0.409737
vt 0.743457 0.412474
vt 0.743457 0.406335
vt 0.730908 0.426157
vt 0.715570 0.421596
vt 0.700231 0.426157
vt 0.650033 0.400615
vt 0.668160 0.386019
vt 0.654216 0.394229
vt 0.700231 0.421596
vt 0.700231 0.426157
vt 0.715570 0.421596
vt 0.669555 0.417947
vt 0.669555 0.421596
vt 0.687682 0.421596
vt 0.687682 0.400615
vt 0.700231 0.400615
vt 0.700231 0.395141
vt 0.730908 0.426157
vt 0.740813 0.421596
vt 0.730908 0.421596
vt 0.631906 0.421596
vt 0.650033 0.421596
vt 0.650033 0.417947
vt 0.844538 0.356708
vt 0.805323 0.363052
vt 0.818949 0.357503
vt 0.916945 0.357515
vt 0.892940 0.356664
vt 0.892224 0.352604
vt 0.844538 0.356560
vt 0.818949 0.357503
vt 0.803804 0.365591
vt 0.819833 0.365553
vt 0.871441 0.365569
vt 0.820992 0.373087
vt 0.560385 0.382066
vt 0.529428 0.379619
vt 0.550233 0.360828
vt 0.699977 0.377476
vt 0.694318 0.407273
vt 0.674417 0.383102
vt 0.807535 0.407024
vt 0.797285 0.425366
vt 0.778269 0.425984
vt 0.777713 0.436258
vt 0.778269 0.425984
vt 0.797285 0.425366
vt 0.907817 0.437183
vt 0.930627 0.424818
vt 0.942139 0.439118
vt 0.531754 0.409316
vt 0.514607 0.409550
vt 0.529428 0.379619
vt 0.524011 0.433906
vt 0.517631 0.433139
vt 0.531754 0.409316
vt 0.964301 0.429076
vt 0.962746 0.436460
vt 0.942139 0.439118
vt 0.654216 0.394229
vt 0.631906 0.400615
vt 0.650033 0.400615
vt 0.654216 0.394229
vt 0.730908 0.395141
vt 0.631906 0.400615
vt 0.687682 0.400615
vt 0.700231 0.395141
vt 0.700231 0.383282
vt 0.691865 0.383282
vt 0.669555 0.400615
vt 0.687682 0.400615
vt 0.691865 0.383282
vt 0.683499 0.383282
vt 0.669555 0.400615
vt 0.674417 0.383102
vt 0.656171 0.359452
vt 0.681939 0.358904
vt 0.529428 0.379619
vt 0.560385 0.382066
vt 0.531754 0.409316
vt 0.517631 0.433139
vt 0.524011 0.433906
vt 0.522162 0.448518
vt 0.762500 0.427578
vt 0.777713 0.436258
vt 0.767982 0.439056
vt 0.713685 0.435516
vt 0.694318 0.407273
vt 0.714030 0.408101
vt 0.730908 0.395141
vt 0.730908 0.400615
vt 0.743457 0.400615
vt 0.700231 0.383282
vt 0.691865 0.383282
vt 0.687682 0.400615
vt 0.700231 0.421596
vt 0.687682 0.421596
vt 0.700231 0.426157
vt 0.654216 0.394229
vt 0.730908 0.383282
vt 0.730908 0.395141
vt 0.631906 0.421596
vt 0.650033 0.417947
vt 0.631906 0.412474
vt 0.934427 0.489138
vt 0.919199 0.482096
vt 0.928336 0.493538
vt 0.680507 0.493898
vt 0.670975 0.487786
vt 0.680507 0.487786
vt 0.721404 0.430720
vt 0.714030 0.408101
vt 0.720887 0.408504
vt 0.762500 0.427578
vt 0.778269 0.425984
vt 0.777713 0.436258
vt 0.850168 0.398448
vt 0.835727 0.408901
vt 0.807535 0.407024
vt 0.835839 0.437297
vt 0.797285 0.425366
vt 0.833040 0.425229
vt 0.833477 0.380192
vt 0.850168 0.398448
vt 0.803897 0.387543
vt 0.871426 0.388116
vt 0.863920 0.410777
vt 0.850168 0.398448
vt 0.769214 0.377087
vt 0.774147 0.387571
vt 0.785081 0.380957
vt 0.765078 0.397359
vt 0.774147 0.387571
vt 0.769214 0.377087
vt 0.714030 0.408101
vt 0.716654 0.382888
vt 0.720887 0.408504
vt 0.713685 0.435516
vt 0.714030 0.408101
vt 0.721404 0.430720
vt 0.714030 0.408101
vt 0.699977 0.377476
vt 0.716654 0.382888
vt 0.763213 0.404874
vt 0.774147 0.387571
vt 0.765078 0.397359
vt 0.579921 0.359957
vt 0.596850 0.347578
vt 0.656171 0.359452
vt 0.642464 0.347834
vt 0.681939 0.358904
vt 0.656171 0.359452
vt 0.939394 0.366303
vt 0.915516 0.366295
vt 0.892940 0.356664
vt 0.867425 0.464494
vt 0.882653 0.460973
vt 0.867425 0.462554
vt 0.655088 0.493898
vt 0.655088 0.498963
vt 0.640790 0.493898
vt 0.913108 0.464494
vt 0.897880 0.460973
vt 0.897880 0.464494
vt 0.913108 0.471535
vt 0.897880 0.468894
vt 0.897880 0.474175
vt 0.882653 0.474175
vt 0.882653 0.468894
vt 0.867425 0.471535
vt 0.655088 0.493898
vt 0.664620 0.487786
vt 0.655088 0.498963
vt 0.882653 0.489138
vt 0.867425 0.482096
vt 0.876562 0.493538
vt 0.626491 0.493898
vt 0.616959 0.487786
vt 0.626491 0.487786
vt 0.556164 0.436447
vt 0.557621 0.408029
vt 0.566567 0.439940
vt 0.673840 0.440503
vt 0.703940 0.437014
vt 0.692734 0.454489
vt 0.919973 0.446997
vt 0.922302 0.440542
vt 0.929387 0.443370
vt 0.907236 0.442954
vt 0.922302 0.440542
vt 0.919973 0.446997
vt 0.942139 0.439118
vt 0.929387 0.443370
vt 0.922302 0.440542
vt 0.962746 0.436460
vt 0.946781 0.442531
vt 0.942139 0.439118
vt 0.556164 0.436447
vt 0.540794 0.451389
vt 0.524011 0.433906
vt 0.540794 0.451389
vt 0.556164 0.436447
vt 0.555217 0.453036
vt 0.574012 0.440048
vt 0.572775 0.456367
vt 0.566567 0.439940
vt 0.613640 0.456360
vt 0.607545 0.455642
vt 0.614217 0.443612
vt 0.572775 0.456367
vt 0.574012 0.440048
vt 0.589684 0.459066
vt 0.922302 0.440542
vt 0.907236 0.442954
vt 0.907817 0.437183
vt 0.922302 0.440542
vt 0.907817 0.437183
vt 0.942139 0.439118
vt 0.886373 0.437302
vt 0.887006 0.443564
vt 0.874001 0.440494
vt 0.857400 0.443965
vt 0.874001 0.440494
vt 0.873573 0.447715
vt 0.886373 0.437302
vt 0.874001 0.440494
vt 0.857315 0.437317
vt 0.623155 0.443643
vt 0.638699 0.460253
vt 0.620920 0.456867
vt 0.656403 0.457594
vt 0.638699 0.460253
vt 0.655959 0.440389
vt 0.572476 0.477656
vt 0.562944 0.481708
vt 0.562944 0.474111
vt 0.610604 0.481708
vt 0.601072 0.481708
vt 0.601072 0.477656
vt 0.572476 0.470565
vt 0.562944 0.474111
vt 0.562944 0.466513
vt 0.785081 0.380957
vt 0.803804 0.365591
vt 0.805323 0.363052
vt 0.680507 0.479682
vt 0.670975 0.475630
vt 0.680507 0.471578
vt 0.709104 0.479682
vt 0.718636 0.475630
vt 0.718636 0.483734
vt 0.718636 0.467526
vt 0.718636 0.475630
vt 0.709104 0.471578
vt 0.934427 0.489138
vt 0.928336 0.493538
vt 0.942041 0.491778
vt 0.949654 0.489138
vt 0.955746 0.493538
vt 0.964882 0.482096
vt 0.670975 0.487786
vt 0.680507 0.493898
vt 0.680507 0.498963
vt 0.709104 0.493898
vt 0.718636 0.487786
vt 0.709104 0.498963
vt 0.718636 0.465500
vt 0.709104 0.463474
vt 0.709104 0.458409
vt 0.664620 0.467526
vt 0.655088 0.471578
vt 0.655088 0.467526
vt 0.897880 0.489138
vt 0.890266 0.491778
vt 0.903971 0.493538
vt 0.655088 0.498963
vt 0.626491 0.498963
vt 0.640790 0.493898
vt 0.664620 0.483734
vt 0.655088 0.487786
vt 0.655088 0.483734
vt 0.626491 0.487786
vt 0.616959 0.487786
vt 0.616959 0.483734
vt 0.626491 0.483734
vt 0.616959 0.483734
vt 0.626491 0.479682
vt 0.626491 0.467526
vt 0.616959 0.467526
vt 0.626491 0.463474
vt 0.876562 0.493538
vt 0.903971 0.493538
vt 0.890266 0.491778
vt 0.664620 0.465500
vt 0.655088 0.463474
vt 0.655088 0.458409
vt 0.626491 0.498963
vt 0.626491 0.493898
vt 0.640790 0.493898
vt 0.524815 0.475630
vt 0.515283 0.472591
vt 0.524815 0.469552
vt 0.553411 0.475630
vt 0.562944 0.472591
vt 0.562944 0.479682
vt 0.524815 0.469552
vt 0.515283 0.465500
vt 0.524815 0.465500
vt 0.664620 0.467526
vt 0.655088 0.467526
vt 0.655088 0.463474
vt 0.626491 0.463474
vt 0.616959 0.467526
vt 0.616959 0.465500
vt 0.626491 0.471578
vt 0.616959 0.467526
vt 0.626491 0.467526
vt 0.655088 0.479682
vt 0.664620 0.475630
vt 0.664620 0.483734
vt 0.626491 0.471578
vt 0.616959 0.475630
vt 0.616959 0.467526
vt 0.664620 0.483734
vt 0.655088 0.483734
vt 0.655088 0.479682
vt 0.626491 0.479682
vt 0.616959 0.483734
vt 0.616959 0.475630
vt 0.664620 0.487786
vt 0.655088 0.487786
vt 0.664620 0.483734
vt 0.626491 0.487786
vt 0.616959 0.483734
vt 0.626491 0.483734
vt 0.897880 0.489138
vt 0.882653 0.489138
vt 0.890266 0.491778
vt 0.830878 0.485617
vt 0.815651 0.480336
vt 0.824787 0.491778
vt 0.601072 0.492851
vt 0.601072 0.485760
vt 0.610604 0.485760
vt 0.830878 0.472415
vt 0.830878 0.468014
vt 0.815651 0.470215
vt 0.861334 0.470215
vt 0.846106 0.468014
vt 0.846106 0.472415
vt 0.846106 0.463614
vt 0.861334 0.463614
vt 0.846106 0.460093
vt 0.601072 0.492851
vt 0.601072 0.498929
vt 0.586774 0.492851
vt 0.815651 0.463614
vt 0.830878 0.460093
vt 0.815651 0.461853
vt 0.846106 0.485617
vt 0.830878 0.485617
vt 0.838492 0.490018
vt 0.572476 0.485760
vt 0.562944 0.481708
vt 0.572476 0.481708
vt 0.610604 0.485760
vt 0.601072 0.485760
vt 0.610604 0.481708
vt 0.610604 0.474111
vt 0.601072 0.477656
vt 0.601072 0.470565
vt 0.572476 0.470565
vt 0.562944 0.466513
vt 0.572476 0.466513
vt 0.572476 0.462461
vt 0.562944 0.466513
vt 0.562944 0.464487
vt 0.610604 0.466513
vt 0.601072 0.466513
vt 0.601072 0.462461
vt 0.846106 0.485617
vt 0.838492 0.490018
vt 0.852197 0.491778
vt 0.601072 0.498929
vt 0.572476 0.498929
vt 0.586774 0.492851
vt 0.610604 0.466513
vt 0.601072 0.470565
vt 0.601072 0.466513
vt 0.610604 0.481708
vt 0.601072 0.485760
vt 0.601072 0.481708
vt 0.572476 0.485760
vt 0.562944 0.485760
vt 0.562944 0.481708
vt 0.572476 0.481708
vt 0.562944 0.481708
vt 0.572476 0.477656
vt 0.572476 0.466513
vt 0.562944 0.466513
vt 0.572476 0.462461
vt 0.824787 0.491778
vt 0.852197 0.491778
vt 0.838492 0.490018
vt 0.572476 0.498929
vt 0.572476 0.492851
vt 0.586774 0.492851
vt 0.610604 0.464487
vt 0.601072 0.462461
vt 0.601072 0.457396
vt 0.601072 0.492851
vt 0.610604 0.485760
vt 0.601072 0.498929
vt 0.562944 0.485760
vt 0.572476 0.492851
vt 0.572476 0.498929
vt 0.846106 0.485617
vt 0.852197 0.491778
vt 0.861334 0.480336
vt 0.830878 0.485617
vt 0.824787 0.491778
vt 0.838492 0.490018
vt 0.610604 0.466513
vt 0.610604 0.474111
vt 0.601072 0.470565
vt 0.601072 0.477656
vt 0.610604 0.474111
vt 0.610604 0.481708
vt 0.655088 0.493898
vt 0.655088 0.487786
vt 0.664620 0.487786
vt 0.939394 0.367784
vt 0.916945 0.357515
vt 0.891504 0.356552
vt 0.805323 0.363052
vt 0.803804 0.365591
vt 0.818949 0.357503
vt 0.614217 0.443612
vt 0.620920 0.456867
vt 0.613640 0.456360
vt 0.566567 0.439940
vt 0.572775 0.456367
vt 0.564547 0.452005
vt 0.675728 0.455044
vt 0.666083 0.454566
vt 0.664900 0.440454
vt 0.614217 0.443612
vt 0.607545 0.455642
vt 0.605278 0.443567
vt 0.630013 0.406949
vt 0.614217 0.443612
vt 0.603226 0.406815
vt 0.583135 0.406713
vt 0.566567 0.439940
vt 0.557621 0.408029
vt 0.556164 0.436447
vt 0.566567 0.439940
vt 0.555217 0.453036
vt 0.664900 0.440454
vt 0.656403 0.457594
vt 0.655959 0.440389
vt 0.788034 0.441818
vt 0.798257 0.439074
vt 0.808231 0.442847
vt 0.887006 0.443564
vt 0.873573 0.447715
vt 0.874001 0.440494
vt 0.564547 0.452005
vt 0.555217 0.453036
vt 0.566567 0.439940
vt 0.583135 0.406713
vt 0.595402 0.382705
vt 0.603226 0.406815
vt 0.583135 0.406713
vt 0.574012 0.440048
vt 0.566567 0.439940
vt 0.630013 0.406949
vt 0.623155 0.443643
vt 0.614217 0.443612
vt 0.670194 0.407151
vt 0.673840 0.440503
vt 0.664900 0.440454
vt 0.942139 0.439118
vt 0.946781 0.442531
vt 0.929387 0.443370
vt 0.777713 0.436258
vt 0.798257 0.439074
vt 0.788034 0.441818
vt 0.655959 0.440389
vt 0.650104 0.407050
vt 0.664900 0.440454
vt 0.616959 0.487786
vt 0.626491 0.493898
vt 0.626491 0.498963
vt 0.897880 0.489138
vt 0.903971 0.493538
vt 0.913108 0.482096
vt 0.882653 0.489138
vt 0.876562 0.493538
vt 0.890266 0.491778
vt 0.664620 0.467526
vt 0.664620 0.475630
vt 0.655088 0.471578
vt 0.664620 0.475630
vt 0.655088 0.479682
vt 0.655088 0.471578
vt 0.626491 0.479682
vt 0.616959 0.475630
vt 0.626491 0.471578
vt 0.882653 0.464494
vt 0.882653 0.460973
vt 0.867425 0.464494
vt 0.913108 0.464494
vt 0.913108 0.462621
vt 0.897880 0.460973
vt 0.664620 0.467526
vt 0.655088 0.463474
vt 0.664620 0.465500
vt 0.626491 0.458409
vt 0.626491 0.463474
vt 0.616959 0.465500
vt 0.572476 0.492851
vt 0.562944 0.485760
vt 0.572476 0.485760
vt 0.699977 0.377476
vt 0.674417 0.383102
vt 0.681939 0.358904
vt 0.674417 0.383102
vt 0.638361 0.382921
vt 0.656171 0.359452
vt 0.560385 0.382066
vt 0.579921 0.359957
vt 0.595402 0.382705
vt 0.560385 0.382066
vt 0.550233 0.360828
vt 0.579921 0.359957
vt 0.929606 0.388891
vt 0.931694 0.410798
vt 0.871426 0.388116
vt 0.596850 0.347578
vt 0.642464 0.347834
vt 0.656171 0.359452
vt 0.680507 0.471578
vt 0.670975 0.475630
vt 0.670975 0.467526
vt 0.718636 0.475630
vt 0.709104 0.479682
vt 0.709104 0.471578
vt 0.680507 0.471578
vt 0.670975 0.467526
vt 0.680507 0.467526
vt 0.680507 0.463474
vt 0.670975 0.467526
vt 0.670975 0.465500
vt 0.718636 0.467526
vt 0.709104 0.467526
vt 0.709104 0.463474
vt 0.949654 0.489138
vt 0.942041 0.491778
vt 0.955746 0.493538
vt 0.709104 0.498963
vt 0.680507 0.498963
vt 0.694806 0.493898
vt 0.718636 0.467526
vt 0.709104 0.463474
vt 0.718636 0.465500
vt 0.718636 0.467526
vt 0.709104 0.471578
vt 0.709104 0.467526
vt 0.718636 0.483734
vt 0.709104 0.487786
vt 0.709104 0.483734
vt 0.680507 0.487786
vt 0.670975 0.487786
vt 0.670975 0.483734
vt 0.680507 0.483734
vt 0.670975 0.483734
vt 0.680507 0.479682
vt 0.680507 0.467526
vt 0.670975 0.467526
vt 0.680507 0.463474
vt 0.928336 0.493538
vt 0.955746 0.493538
vt 0.942041 0.491778
vt 0.680507 0.498963
vt 0.680507 0.493898
vt 0.694806 0.493898
vt 0.892940 0.356664
vt 0.915516 0.366295
vt 0.871441 0.365569
vt 0.871441 0.365569
vt 0.819833 0.365553
vt 0.844538 0.356708
vt 0.871441 0.365569
vt 0.844538 0.356708
vt 0.892940 0.356664
vt 0.844540 0.352630
vt 0.818949 0.357503
vt 0.844538 0.356560
vt 0.891504 0.356552
vt 0.916945 0.357515
vt 0.892224 0.352604
vt 0.844538 0.356708
vt 0.818949 0.357503
vt 0.844540 0.352630
vt 0.778269 0.425984
vt 0.762500 0.427578
vt 0.785999 0.405727
vt 0.785999 0.405727
vt 0.762500 0.427578
vt 0.763213 0.404874
vt 0.613640 0.456360
vt 0.620920 0.456867
vt 0.613782 0.462968
vt 0.589684 0.459066
vt 0.574012 0.440048
vt 0.605278 0.443567
vt 0.607545 0.455642
vt 0.589684 0.459066
vt 0.605278 0.443567
vt 0.655959 0.440389
vt 0.638699 0.460253
vt 0.623155 0.443643
vt 0.763213 0.404874
vt 0.765078 0.397359
vt 0.785999 0.405727
vt 0.769214 0.377087
vt 0.752236 0.383743
vt 0.765078 0.397359
vt 0.769214 0.377087
vt 0.782579 0.374945
vt 0.765872 0.383197
vt 0.787821 0.382631
vt 0.765872 0.383197
vt 0.782579 0.374945
vt 0.769214 0.377087
vt 0.794829 0.368949
vt 0.782579 0.374945
vt 0.769214 0.377087
vt 0.765872 0.383197
vt 0.752236 0.383743
vt 0.820992 0.373087
vt 0.871433 0.381976
vt 0.825556 0.381685
vt 0.850168 0.398448
vt 0.863920 0.410777
vt 0.835727 0.408901
vt 0.807535 0.407024
vt 0.778269 0.425984
vt 0.785999 0.405727
vt 0.803897 0.387543
vt 0.850168 0.398448
vt 0.807535 0.407024
vt 0.833477 0.380192
vt 0.871426 0.388116
vt 0.850168 0.398448
vt 0.805323 0.363052
vt 0.819833 0.365553
vt 0.794829 0.368949
vt 0.931694 0.410798
vt 0.863920 0.410777
vt 0.871426 0.388116
vt 0.777713 0.436258
vt 0.797285 0.425366
vt 0.798257 0.439074
vt 0.964301 0.429076
vt 0.942139 0.439118
vt 0.930627 0.424818
vt 0.703940 0.437014
vt 0.694318 0.407273
vt 0.713685 0.435516
vt 0.713685 0.435516
vt 0.721404 0.430720
vt 0.719823 0.446800
vt 0.514607 0.409550
vt 0.517631 0.433139
vt 0.510783 0.433228
vt 0.966050 0.388326
vt 0.955089 0.382002
vt 0.955088 0.383483
vt 0.970019 0.406648
vt 0.966050 0.388326
vt 0.955088 0.383483
vt 0.694318 0.407273
vt 0.699977 0.377476
vt 0.714030 0.408101
vt 0.794829 0.368949
vt 0.785081 0.380957
vt 0.805323 0.363052
vt 0.769214 0.377087
vt 0.785081 0.380957
vt 0.794829 0.368949
vt 0.514607 0.409550
vt 0.531754 0.409316
vt 0.517631 0.433139
vt 0.510783 0.433228
vt 0.517631 0.433139
vt 0.512971 0.442489
vt 0.713685 0.435516
vt 0.708911 0.452920
vt 0.703940 0.437014
vt 0.522162 0.448518
vt 0.524011 0.433906
vt 0.540794 0.451389
vt 0.871433 0.381976
vt 0.820992 0.373087
vt 0.871441 0.365569
vt 0.553411 0.489812
vt 0.553411 0.495890
vt 0.539113 0.489812
vt 0.769968 0.462733
vt 0.785195 0.459213
vt 0.769968 0.460973
vt 0.800423 0.483857
vt 0.785195 0.483857
vt 0.792809 0.487377
vt 0.524815 0.483734
vt 0.515283 0.479682
vt 0.524815 0.479682
vt 0.562944 0.483734
vt 0.553411 0.483734
vt 0.562944 0.479682
vt 0.524815 0.475630
vt 0.515283 0.479682
vt 0.515283 0.472591
vt 0.562944 0.479682
vt 0.553411 0.479682
vt 0.553411 0.475630
vt 0.524815 0.461448
vt 0.515283 0.465500
vt 0.515283 0.463474
vt 0.562944 0.465500
vt 0.553411 0.465500
vt 0.553411 0.461448
vt 0.800423 0.483857
vt 0.792809 0.487377
vt 0.806514 0.489138
vt 0.553411 0.495890
vt 0.524815 0.495890
vt 0.539113 0.489812
vt 0.562944 0.465500
vt 0.553411 0.469552
vt 0.553411 0.465500
vt 0.562944 0.479682
vt 0.553411 0.483734
vt 0.553411 0.479682
vt 0.524815 0.483734
vt 0.515283 0.483734
vt 0.515283 0.479682
vt 0.524815 0.479682
vt 0.515283 0.479682
vt 0.524815 0.475630
vt 0.524815 0.465500
vt 0.515283 0.465500
vt 0.524815 0.461448
vt 0.779104 0.489138
vt 0.806514 0.489138
vt 0.792809 0.487377
vt 0.524815 0.495890
vt 0.524815 0.489812
vt 0.539113 0.489812
vt 0.553411 0.489812
vt 0.562944 0.483734
vt 0.553411 0.495890
vt 0.515283 0.483734
vt 0.524815 0.489812
vt 0.524815 0.495890
vt 0.800423 0.483857
vt 0.806514 0.489138
vt 0.815651 0.478576
vt 0.785195 0.483857
vt 0.779104 0.489138
vt 0.792809 0.487377
vt 0.562944 0.465500
vt 0.562944 0.472591
vt 0.553411 0.469552
vt 0.562944 0.472591
vt 0.553411 0.475630
vt 0.553411 0.469552
vt 0.524815 0.469552
vt 0.515283 0.472591
vt 0.515283 0.465500
vt 0.785195 0.462733
vt 0.785195 0.459213
vt 0.769968 0.462733
vt 0.800423 0.459213
vt 0.815651 0.462733
vt 0.815651 0.460973
vt 0.562944 0.465500
vt 0.553411 0.461448
vt 0.562944 0.463474
vt 0.680507 0.458409
vt 0.680507 0.463474
vt 0.670975 0.465500
vt 0.964882 0.464494
vt 0.964882 0.462706
vt 0.949654 0.460973
vt 0.934427 0.464494
vt 0.934427 0.460973
vt 0.919199 0.464494
vt 0.562944 0.459090
vt 0.555217 0.453036
vt 0.564547 0.452005
vt 0.562944 0.459090
vt 0.564547 0.452005
vt 0.572775 0.456367
vt 0.607545 0.455642
vt 0.613640 0.456360
vt 0.613782 0.462968
vt 0.666083 0.454566
vt 0.675728 0.455044
vt 0.667798 0.461610
vt 0.666083 0.454566
vt 0.667798 0.461610
vt 0.656403 0.457594
vt 0.798257 0.439074
vt 0.797285 0.425366
vt 0.835839 0.437297
vt 0.868795 0.425092
vt 0.886373 0.437302
vt 0.857315 0.437317
vt 0.709104 0.493898
vt 0.709104 0.487786
vt 0.718636 0.487786
vt 0.934427 0.474175
vt 0.934427 0.468894
vt 0.919199 0.471535
vt 0.964882 0.471535
vt 0.949654 0.468894
vt 0.949654 0.474175
vt 0.964882 0.464494
vt 0.949654 0.460973
vt 0.949654 0.464494
vt 0.709104 0.493898
vt 0.709104 0.498963
vt 0.694806 0.493898
vt 0.919199 0.464494
vt 0.934427 0.460973
vt 0.919199 0.462638
vt 0.949654 0.489138
vt 0.934427 0.489138
vt 0.942041 0.491778
vt 0.680507 0.487786
vt 0.670975 0.483734
vt 0.680507 0.483734
vt 0.718636 0.487786
vt 0.709104 0.487786
vt 0.718636 0.483734
vt 0.680507 0.479682
vt 0.670975 0.483734
vt 0.670975 0.475630
vt 0.718636 0.483734
vt 0.709104 0.483734
vt 0.709104 0.479682
vt 0.524815 0.457396
vt 0.524815 0.461448
vt 0.515283 0.463474
vt 0.572476 0.477656
vt 0.562944 0.474111
vt 0.572476 0.470565
vt 0.830878 0.463614
vt 0.830878 0.460093
vt 0.815651 0.463614
vt 0.846106 0.460093
vt 0.861334 0.463614
vt 0.861334 0.461853
vt 0.610604 0.466513
vt 0.601072 0.462461
vt 0.610604 0.464487
vt 0.572476 0.457396
vt 0.572476 0.462461
vt 0.562944 0.464487
vt 0.524815 0.489812
vt 0.515283 0.483734
vt 0.524815 0.483734
vt 0.785195 0.483857
vt 0.769968 0.478576
vt 0.779104 0.489138
vt 0.553411 0.489812
vt 0.553411 0.483734
vt 0.562944 0.483734
vt 0.785195 0.471535
vt 0.785195 0.466254
vt 0.769968 0.468894
vt 0.815651 0.468894
vt 0.800423 0.466254
vt 0.800423 0.471535
vt 0.800423 0.462733
vt 0.815651 0.462733
vt 0.800423 0.459213
vt 0.562944 0.463474
vt 0.553411 0.461448
vt 0.553411 0.457396
vn -0.4498 0.0299 -0.8926
vn -0.4483 0.0284 -0.8934
vn -0.4541 0.0345 -0.8903
vn -0.4450 0.0248 -0.8952
vn 0.2133 0.8953 0.3911
vn 0.2217 0.8803 0.4194
vn 0.2079 0.9042 0.3731
vn 0.2278 0.8685 0.4402
vn 0.2708 0.8815 -0.3868
vn 0.2765 0.8748 -0.3977
vn 0.2803 0.8701 -0.4053
vn 0.2675 0.8853 -0.3803
vn -0.0569 -0.7599 0.6475
vn -0.0275 -0.7671 0.6408
vn 0.0906 -0.7887 0.6080
vn -0.1081 -0.7456 0.6576
vn 0.1046 0.9944 -0.0128
vn 0.0688 0.9974 0.0220
vn 0.0295 0.9977 0.0600
vn 0.1425 0.9885 -0.0497
vn -0.0134 0.7390 0.6735
vn -0.0068 0.7228 0.6910
vn -0.0283 0.7739 0.6327
vn 0.0078 0.6854 0.7281
vn 0.5616 0.8062 0.1859
vn 0.5682 0.7967 0.2057
vn 0.5437 0.8281 0.1360
vn 0.5851 0.7680 0.2604
vn 0.2294 0.6073 0.7606
vn 0.2193 0.6061 0.7645
vn 0.1711 0.5995 0.7819
vn 0.2788 0.6120 0.7400
vn 0.4074 -0.4900 -0.7707
vn 0.3123 -0.4892 -0.8144
vn 0.9630 -0.2629 -0.0591
vn 0.1740 -0.4791 -0.8603
vn 0.9423 -0.2912 -0.1652
vn 0.9439 -0.2869 -0.1633
vn 0.9394 -0.2986 -0.1685
vn 0.9469 -0.2791 -0.1597
vn 0.5102 -0.2933 0.8085
vn 0.4557 -0.3808 0.8045
vn 0.6071 -0.0985 0.7884
vn 0.3652 -0.5040 0.7826
vn -0.4830 -0.7276 0.4871
vn -0.4931 -0.7284 0.4756
vn -0.5393 -0.7303 0.4193
vn -0.4403 -0.7222 0.5335
vn 0.0950 -0.3470 -0.9330
vn 0.0367 -0.3714 -0.9277
vn 0.2333 -0.2827 -0.9304
vn -0.0901 -0.4192 -0.9034
vn 0.8068 0.5867 0.0698
vn 0.8039 0.5901 0.0741
vn 0.7542 0.6412 0.1414
vn 0.8528 0.5222 -0.0067
vn 0.4681 0.3258 0.8214
vn 0.4680 0.3000 0.8312
vn 0.4630 0.1822 0.8674
vn 0.4660 0.4096 0.7842
vn 0.0126 -0.5630 0.8263
vn 0.0008 -0.5510 0.8345
vn 0.1881 -0.7185 0.6696
vn -0.0692 -0.4757 0.8769
vn 0.6779 -0.7225 0.1354
vn 0.6840 -0.7184 0.1262
vn 0.6641 -0.7312 0.1558
vn 0.6999 -0.7070 0.1014
vn -0.2651 0.9062 0.3294
vn -0.2742 0.8945 0.3531
vn -0.2811 0.8849 0.3712
vn -0.2587 0.9139 0.3127
vn -0.2173 0.9009 -0.3756
vn -0.2008 0.9237 -0.3263
vn -0.2293 0.8817 -0.4122
vn -0.1870 0.9399 -0.2855
vn -0.8657 0.3038 0.3978
vn -0.8673 0.3031 0.3948
vn -0.8251 0.3187 0.4665
vn -0.9022 0.2860 0.3228
vn -0.4547 -0.6181 -0.6413
vn -0.4283 -0.6095 -0.6671
vn -0.3180 -0.5672 -0.7597
vn -0.5387 -0.6402 -0.5476
vn -0.1968 -0.9803 -0.0148
vn -0.1388 -0.9887 -0.0568
vn -0.0422 -0.9912 -0.1249
vn -0.2809 -0.9585 0.0475
vn -0.5269 0.7784 -0.3413
vn -0.5300 0.7797 -0.3334
vn -0.5473 0.7859 -0.2879
vn -0.5081 0.7700 -0.3859
vn -0.3176 0.9120 0.2593
vn -0.3160 0.9124 0.2601
vn -0.3241 0.9107 0.2561
vn -0.3101 0.9136 0.2631
vn -0.5450 0.8332 -0.0930
vn -0.5420 0.8347 -0.0976
vn -0.5624 0.8242 -0.0656
vn -0.5209 0.8437 -0.1292
vn -0.5138 0.8465 0.1390
vn -0.5160 0.8456 0.1363
vn -0.5693 0.8194 0.0670
vn -0.4473 0.8676 0.2170
vn -0.1219 -0.0425 -0.9916
vn -0.1376 -0.0505 -0.9892
vn -0.0899 -0.0264 -0.9956
vn -0.1721 -0.0680 -0.9827
vn -0.1828 0.7998 -0.5717
vn -0.1595 0.8141 -0.5584
vn -0.2242 0.7724 -0.5943
vn -0.1174 0.8378 -0.5332
vn 0.0420 0.9898 0.1358
vn 0.0502 0.9936 0.1014
vn 0.0713 0.9974 0.0111
vn 0.0203 0.9741 0.2253
vn -0.3886 0.8997 -0.1988
vn -0.3836 0.9080 -0.1680
vn -0.3956 0.8846 -0.2467
vn -0.3749 0.9194 -0.1185
vn -0.5571 0.6978 0.4501
vn -0.5631 0.6894 0.4557
vn -0.5831 0.6595 0.4742
vn -0.5400 0.7209 0.4343
vn 0.0969 -0.2719 0.9574
vn 0.0654 -0.2104 0.9754
vn 0.0217 -0.1245 0.9920
vn 0.1425 -0.3601 0.9219
vn -0.3893 0.9211 -0.0043
vn -0.3916 0.9201 -0.0060
vn -0.3952 0.9185 -0.0087
vn -0.3833 0.9236 0.0000
vn 0.2508 0.5849 -0.7713
vn 0.2499 0.5986 -0.7610
vn 0.2477 0.6280 -0.7377
vn 0.2525 0.5542 -0.7931
vn 0.5086 0.8609 0.0125
vn 0.4953 0.8687 -0.0038
vn 0.5235 0.8514 0.0312
vn 0.4767 0.8786 -0.0261
vn 0.4305 0.4849 -0.7613
vn 0.4311 0.4848 -0.7610
vn 0.4743 0.4726 -0.7427
vn 0.3834 0.4966 -0.7787
vn 0.7787 0.6230 -0.0739
vn 0.7832 0.6154 -0.0891
vn 0.7918 0.5986 -0.1213
vn 0.7692 0.6375 -0.0435
vn -0.0974 -0.1755 0.9796
vn -0.0839 -0.1762 0.9807
vn -0.3088 -0.1595 0.9377
vn 0.1098 -0.1832 0.9769
vn 0.9391 0.3370 0.0665
vn 0.9326 0.3598 0.0271
vn 0.9450 0.3028 0.1232
vn 0.9200 0.3908 -0.0288
vn -0.6432 -0.5158 -0.5659
vn -0.6594 -0.5136 -0.5489
vn -0.4740 -0.5225 -0.7087
vn -0.8172 -0.4683 -0.3359
vn 0.5329 0.0837 -0.8420
vn 0.5437 0.1074 -0.8324
vn 0.5824 0.2005 -0.7878
vn 0.4823 -0.0177 -0.8758
vn 0.5521 0.5838 -0.5952
vn 0.5589 0.5834 -0.5893
vn 0.5338 0.5848 -0.6108
vn 0.5815 0.5815 -0.5689
vn 0.9334 -0.3583 -0.0167
vn 0.9332 -0.3591 -0.0150
vn 0.9340 -0.3567 -0.0207
vn 0.9326 -0.3605 -0.0115
vn 0.2759 -0.9599 0.0486
vn 0.2761 -0.9599 0.0484
vn 0.2804 -0.9588 0.0446
vn 0.2718 -0.9609 0.0522
vn 0.8960 -0.4425 0.0374
vn 0.8934 -0.4470 0.0447
vn 0.9009 -0.4334 0.0229
vn 0.8881 -0.4558 0.0590
vn 0.3460 0.9346 0.0822
vn 0.3442 0.9355 0.0795
vn 0.3478 0.9337 0.0851
vn 0.3421 0.9365 0.0764
vn -0.7280 -0.6370 0.2532
vn -0.7220 -0.6410 0.2604
vn -0.6886 -0.6608 0.2987
vn -0.7569 -0.6166 0.2167
vn -0.9718 -0.2357 0.0026
vn -0.9719 -0.2353 0.0023
vn -0.9716 -0.2363 0.0030
vn -0.9720 -0.2347 0.0018
vn -0.0736 0.9421 0.3271
vn -0.0844 0.9355 0.3429
vn -0.0959 0.9282 0.3595
vn -0.0595 0.9500 0.3064
vn -0.0601 0.9174 -0.3933
vn -0.0464 0.9114 -0.4089
vn -0.0265 0.9019 -0.4310
vn -0.0782 0.9247 -0.3725
vn -0.6113 -0.7547 0.2381
vn -0.5683 -0.8009 0.1883
vn -0.3920 -0.9199 0.0072
vn -0.7016 -0.6170 0.3564
vn -0.1127 -0.6828 -0.7218
vn -0.0827 -0.7067 -0.7027
vn 0.1963 -0.8617 -0.4678
vn -0.2340 -0.5712 -0.7867
vn 0.2667 0.7736 -0.5748
vn 0.2691 0.7680 -0.5811
vn 0.2714 0.7626 -0.5871
vn 0.2647 0.7783 -0.5694
vn -0.2293 -0.9733 0.0016
vn -0.2296 -0.9733 0.0013
vn -0.2266 -0.9740 0.0045
vn -0.2323 -0.9726 -0.0016
vn -0.0532 -0.9983 0.0221
vn -0.0546 -0.9982 0.0252
vn -0.1022 -0.9864 0.1285
vn -0.0175 -0.9984 -0.0546
vn -0.7534 0.4826 -0.4467
vn -0.7584 0.4813 -0.4396
vn -0.7861 0.4733 -0.3974
vn -0.7239 0.4890 -0.4866
vn -0.6888 0.6874 0.2301
vn -0.6906 0.6861 0.2289
vn -0.6664 0.7040 0.2453
vn -0.7133 0.6678 0.2126
vn -0.2431 -0.8865 -0.3936
vn -0.2336 -0.8908 -0.3898
vn -0.2601 -0.8787 -0.4003
vn -0.2196 -0.8968 -0.3840
vn -0.4253 0.7600 -0.4913
vn -0.4193 0.7689 -0.4827
vn -0.4343 0.7464 -0.5043
vn -0.4090 0.7834 -0.4680
vn -0.3293 0.9293 0.1669
vn -0.3147 0.9414 0.1210
vn -0.2868 0.9572 0.0392
vn -0.3524 0.9035 0.2438
vn -0.8166 -0.3665 0.4458
vn -0.8974 -0.3107 0.3133
vn -0.6146 -0.4415 0.6537
vn -0.9595 -0.2370 0.1521
vn 0.0962 -0.4331 0.8962
vn 0.1219 -0.4587 0.8802
vn 0.2537 -0.5811 0.7732
vn 0.0196 -0.3538 0.9351
vn -0.6757 0.6175 0.4027
vn -0.6772 0.6167 0.4013
vn -0.6964 0.6067 0.3833
vn -0.6550 0.6273 0.4211
vn 0.9090 -0.3986 0.1215
vn 0.9100 -0.3968 0.1200
vn 0.9113 -0.3944 0.1180
vn 0.9081 -0.4003 0.1229
vn -0.6694 0.6287 -0.3958
vn -0.6690 0.6289 -0.3961
vn -0.6794 0.6231 -0.3873
vn -0.6591 0.6341 -0.4043
vn -0.8040 0.2806 -0.5242
vn -0.8170 0.2705 -0.5093
vn -0.8908 0.2021 -0.4069
vn -0.7209 0.3366 -0.6058
vn -0.8078 0.3597 0.4670
vn -0.8090 0.3817 0.4470
vn -0.8081 0.4472 0.3834
vn -0.8001 0.2920 0.5240
vn 0.0455 -0.4865 -0.8725
vn 0.0631 -0.5100 -0.8578
vn 0.2184 -0.6970 -0.6830
vn -0.0038 -0.4180 -0.9084
vn 0.9050 -0.4254 0.0052
vn 0.9079 -0.4192 -0.0035
vn 0.8988 -0.4378 0.0229
vn 0.9133 -0.4066 -0.0212
vn 0.9213 0.3099 0.2346
vn 0.9216 0.3177 0.2230
vn 0.9202 0.2923 0.2604
vn 0.9215 0.3322 0.2011
vn -0.6609 0.5525 -0.5078
vn -0.6586 0.5532 -0.5101
vn -0.6642 0.5516 -0.5045
vn -0.6543 0.5544 -0.5143
vn -0.5768 0.7955 0.1854
vn -0.5734 0.7994 0.1793
vn -0.5842 0.7869 0.1986
vn -0.5675 0.8058 0.1691
vn 0.8758 -0.4818 -0.0283
vn 0.8800 -0.4720 -0.0533
vn 0.8653 -0.5007 0.0229
vn 0.8871 -0.4479 -0.1114
vn 0.7426 0.1317 -0.6566
vn 0.7484 0.1497 -0.6461
vn 0.7629 0.2010 -0.6144
vn 0.7196 0.0678 -0.6911
vn -0.5394 -0.8388 -0.0731
vn -0.5381 -0.8399 -0.0713
vn -0.5504 -0.8301 -0.0888
vn -0.5265 -0.8484 -0.0551
vn -0.1524 -0.9685 0.1970
vn -0.1480 -0.9686 0.1998
vn -0.1818 -0.9671 0.1780
vn -0.1205 -0.9687 0.2172
vn -0.6066 -0.5357 -0.5874
vn -0.5853 -0.5392 -0.6054
vn -0.6426 -0.5286 -0.5546
vn -0.5482 -0.5442 -0.6350
vn -0.0574 0.8476 -0.5275
vn -0.0538 0.8419 -0.5369
vn -0.0518 0.8386 -0.5422
vn -0.0592 0.8504 -0.5227
vn 0.0321 0.9940 0.1049
vn 0.0210 0.9897 0.1413
vn 0.0141 0.9864 0.1637
vn 0.0404 0.9962 0.0772
vn 0.2402 -0.9692 0.0542
vn 0.2374 -0.9697 0.0581
vn 0.2000 -0.9737 0.1094
vn 0.2792 -0.9602 -0.0011
vn 0.6530 0.7514 0.0945
vn 0.6650 0.7430 0.0752
vn 0.6944 0.7192 0.0251
vn 0.6208 0.7708 0.1431
vn -0.3657 0.9307 0.0000
vn -0.0089 -0.0232 -0.9997
vn -0.2085 0.1673 -0.9636
vn 0.0461 -0.0753 -0.9961
vn -0.3331 0.2875 -0.8979
vn 0.3348 0.8878 0.3156
vn 0.3601 0.8967 0.2572
vn 0.3754 0.9004 0.2196
vn 0.3082 0.8753 0.3725
vn 0.0539 0.6365 0.7694
vn 0.0537 0.6365 0.7694
vn 0.0509 0.6359 0.7700
vn 0.0564 0.6370 0.7688
vn 0.3229 -0.3535 0.8779
vn 0.2854 -0.4276 0.8577
vn 0.4160 -0.1299 0.9000
vn 0.1814 -0.6009 0.7785
vn 0.3679 -0.5011 0.7833
vn 0.3601 -0.5734 0.7358
vn 0.3750 -0.3270 0.8674
vn 0.3390 -0.6944 0.6347
vn -0.0377 -0.9750 0.2189
vn -0.0114 -0.9928 0.1193
vn -0.0530 -0.9596 0.2764
vn 0.0115 -0.9994 0.0320
vn 0.9420 -0.2019 0.2680
vn 0.9476 -0.2452 0.2045
vn 0.9293 -0.1530 0.3359
vn 0.9472 -0.2931 0.1300
vn -0.2203 -0.3092 0.9251
vn -0.2211 -0.3077 0.9254
vn -0.2356 -0.2831 0.9297
vn -0.2066 -0.3317 0.9205
vn -0.5721 0.6890 -0.4449
vn -0.5033 0.7369 -0.4512
vn -0.6508 0.6237 -0.4329
vn -0.4130 0.7891 -0.4547
vn -0.8054 0.2797 0.5225
vn -0.8245 0.2134 0.5241
vn -0.7490 0.4226 0.5102
vn -0.8437 0.1241 0.5223
vn 0.9120 -0.3598 0.1965
vn 0.9237 -0.3362 0.1838
vn 0.8663 -0.4386 0.2391
vn 0.9527 -0.2664 0.1461
vn -0.2091 0.7383 0.6412
vn -0.1955 0.7683 0.6095
vn -0.1773 0.8048 0.5664
vn -0.2293 0.6886 0.6879
vn -0.7591 0.2603 0.5966
vn -0.7551 0.2508 0.6057
vn -0.7526 0.2451 0.6111
vn -0.7612 0.2651 0.5919
vn 0.6348 -0.0913 -0.7672
vn 0.6057 -0.0741 -0.7922
vn 0.8175 -0.4167 0.3975
vn 0.4228 0.0244 -0.9059
vn 0.9772 -0.2083 0.0402
vn 0.9770 -0.2099 0.0385
vn 0.9826 -0.1635 0.0879
vn 0.9665 -0.2563 -0.0121
vn -0.0276 -0.9480 -0.3171
vn -0.0628 -0.9308 -0.3601
vn 0.0146 -0.9643 -0.2642
vn -0.1004 -0.9088 -0.4049
vn 0.5363 -0.4091 -0.7382
vn 0.4877 -0.4004 -0.7757
vn 0.9021 -0.2559 0.3473
vn 0.2650 -0.3475 -0.8994
vn -0.0810 0.9917 -0.0999
vn -0.0711 0.9916 -0.1081
vn -0.0599 0.9913 -0.1174
vn -0.0913 0.9916 -0.0913
vn -0.2751 0.8146 0.5106
vn -0.2703 0.8181 0.5076
vn -0.2614 0.8244 0.5019
vn -0.2861 0.8065 0.5174
vn 0.3642 0.4927 0.7903
vn 0.3523 0.4806 0.8030
vn 0.3403 0.4685 0.8152
vn 0.3743 0.5029 0.7790
vn 0.1243 0.5739 0.8094
vn 0.1240 0.5738 0.8095
vn 0.1035 0.5656 0.8181
vn 0.1392 0.5797 0.8029
vn 0.4581 0.7726 -0.4395
vn 0.4503 0.7590 -0.4702
vn 0.4773 0.8064 -0.3491
vn 0.4340 0.7306 -0.5271
vn -0.0519 0.7169 0.6952
vn -0.0522 0.7206 0.6913
vn -0.0526 0.7286 0.6829
vn -0.0512 0.7050 0.7074
vn -0.1175 0.7502 0.6507
vn -0.1274 0.7527 0.6459
vn -0.0771 0.7392 0.6690
vn -0.1593 0.7600 0.6301
vn 0.0956 0.8713 -0.4813
vn 0.1817 0.8202 -0.5423
vn -0.0183 0.9198 -0.3920
vn 0.2534 0.7676 -0.5886
vn 0.1488 -0.3615 0.9204
vn 0.1495 -0.3609 0.9205
vn 0.1508 -0.3599 0.9207
vn 0.1478 -0.3623 0.9202
vn -0.1521 -0.3041 0.9404
vn -0.1487 -0.3094 0.9392
vn -0.1151 -0.3592 0.9261
vn -0.1902 -0.2449 0.9507
vn 0.1207 -0.9835 -0.1346
vn 0.1082 -0.9696 -0.2195
vn 0.1729 -0.9158 0.3625
vn 0.0441 -0.8212 -0.5690
vn -0.5533 -0.0558 0.8310
vn -0.5871 -0.0610 0.8072
vn -0.5106 -0.0493 0.8584
vn -0.6289 -0.0674 0.7745
vn -0.7292 0.1402 0.6697
vn -0.6838 0.1492 0.7142
vn -0.7877 0.1267 0.6028
vn -0.6247 0.1593 0.7645
vn -0.1757 -0.6976 -0.6946
vn -0.1827 -0.6923 -0.6980
vn -0.3048 -0.5880 -0.7492
vn -0.0937 -0.7539 -0.6502
vn -0.1425 -0.7999 -0.5829
vn -0.1520 -0.8018 -0.5779
vn -0.2394 -0.8143 -0.5288
vn -0.0740 -0.7840 -0.6163
vn -0.1234 -0.9452 0.3022
vn -0.1172 -0.9453 0.3043
vn -0.1674 -0.9433 0.2867
vn -0.0768 -0.9450 0.3178
vn 0.3113 -0.3862 0.8683
vn 0.3087 -0.3879 0.8684
vn 0.2199 -0.4440 0.8686
vn 0.3568 -0.3548 0.8642
vn 0.7550 -0.2503 -0.6060
vn 0.7555 -0.2510 -0.6052
vn 0.7544 -0.2490 -0.6073
vn 0.7561 -0.2521 -0.6039
vn -0.3062 -0.3465 0.8867
vn -0.3032 -0.3465 0.8877
vn -0.2789 -0.3464 0.8957
vn -0.3323 -0.3463 0.8773
vn 0.1428 -0.1071 -0.9839
vn 0.1445 -0.1096 -0.9834
vn 0.1345 -0.0953 -0.9863
vn 0.1526 -0.1211 -0.9808
vn -0.1292 -0.0248 -0.9913
vn -0.1181 -0.0343 -0.9924
vn -0.1364 -0.0187 -0.9904
vn -0.1126 -0.0390 -0.9929
vn 0.6459 -0.3030 -0.7007
vn 0.5525 -0.1729 -0.8153
vn 0.7225 -0.4387 -0.5343
vn 0.4943 -0.1011 -0.8634
vn -0.2338 -0.8832 -0.4064
vn -0.2328 -0.8849 -0.4034
vn -0.2576 -0.8391 -0.4791
vn -0.2091 -0.9194 -0.3330
vn 0.0504 -0.8637 -0.5014
vn 0.0510 -0.8634 -0.5019
vn -0.1637 -0.9349 -0.3147
vn 0.2034 -0.7656 -0.6103
vn 0.6032 0.7276 -0.3266
vn 0.5903 0.7292 -0.3460
vn 0.6169 0.7254 -0.3052
vn 0.5746 0.7306 -0.3688
vn 0.1299 -0.4224 -0.8970
vn 0.1987 -0.3486 -0.9160
vn 0.2739 -0.2610 -0.9257
vn 0.0491 -0.5017 -0.8636
vn 0.2408 -0.4729 -0.8475
vn 0.2269 -0.5020 -0.8345
vn 0.2015 -0.5521 -0.8090
vn 0.2583 -0.4346 -0.8628
vn 0.3938 -0.3271 -0.8590
vn 0.3931 -0.3521 -0.8494
vn 0.3892 -0.4244 -0.8175
vn 0.3944 -0.2475 -0.8850
vn 0.4201 -0.2522 0.8717
vn 0.4222 -0.3029 0.8544
vn 0.3903 0.0187 0.9205
vn 0.4157 -0.5280 0.7405
vn 0.8912 0.2212 -0.3959
vn 0.8948 0.2473 -0.3716
vn 0.8988 0.3052 -0.3147
vn 0.8770 0.1541 -0.4551
vn -0.3417 -0.3902 -0.8549
vn -0.3155 -0.3961 -0.8623
vn -0.1535 -0.4248 -0.8921
vn -0.5251 -0.3380 -0.7810
vn -0.4083 -0.8249 0.3907
vn -0.4890 -0.3753 0.7874
vn -0.4827 -0.3763 0.7907
vn -0.6213 -0.3474 0.7023
vn -0.3740 -0.3907 0.8411
vn -0.1636 -0.0180 0.9864
vn -0.0335 0.0417 0.9986
vn 0.0747 0.0904 0.9931
vn -0.2220 -0.0452 0.9740
vn 0.4817 -0.2018 -0.8528
vn 0.3702 -0.1308 -0.9197
vn 0.6165 -0.2915 -0.7314
vn 0.2497 -0.0563 -0.9667
vn 0.5594 0.6899 0.4594
vn 0.5485 0.6905 0.4715
vn 0.5361 0.6910 0.4848
vn 0.5710 0.6890 0.4463
vn -0.5495 -0.5409 -0.6367
vn -0.5075 -0.5948 -0.6234
vn -0.6257 -0.4251 -0.6541
vn -0.4193 -0.6907 -0.5892
vn -0.3675 0.8248 -0.4296
vn -0.3525 0.8170 -0.4563
vn -0.2720 0.7659 -0.5825
vn -0.4696 0.8567 -0.2132
vn 0.4263 -0.8204 -0.3809
vn 0.4338 -0.8126 -0.3891
vn 0.4497 -0.7951 -0.4068
vn 0.4010 -0.8454 -0.3529
vn 0.5661 -0.8120 0.1420
vn 0.5985 -0.7924 0.1179
vn 0.6274 -0.7728 0.0954
vn 0.5338 -0.8293 0.1650
vn 0.7860 -0.6172 -0.0347
vn 0.7775 -0.6271 -0.0463
vn 0.9015 -0.3895 0.1885
vn 0.6285 -0.7487 -0.2108
vn -0.6259 0.6889 -0.3656
vn -0.6306 0.6906 -0.3540
vn -0.6612 0.6997 -0.2704
vn -0.5929 0.6750 -0.4391
vn -0.7220 0.5666 -0.3970
vn -0.7262 0.5629 -0.3947
vn -0.7960 0.4928 -0.3514
vn -0.6502 0.6247 -0.4324
vn -0.3510 0.8738 0.3364
vn -0.3482 0.8823 0.3167
vn -0.3399 0.9026 0.2640
vn -0.3578 0.8495 0.3877
vn 0.7754 -0.5692 -0.2735
vn 0.7756 -0.5715 -0.2678
vn 0.7739 -0.5594 -0.2968
vn 0.7765 -0.5824 -0.2404
vn 0.3459 -0.9380 -0.0205
vn 0.3943 -0.9187 -0.0214
vn 0.4533 -0.8910 -0.0225
vn 0.2820 -0.9592 -0.0193
vn -0.1251 -0.9917 -0.0288
vn -0.1736 -0.9848 0.0041
vn -0.2376 -0.9702 0.0481
vn -0.0685 -0.9954 -0.0668
vn 0.3697 -0.9291 0.0005
vn 0.3738 -0.9275 0.0017
vn 0.3525 -0.9358 -0.0045
vn 0.3909 -0.9204 0.0067
vn -0.9628 0.2701 0.0009
vn -0.9628 0.2702 0.0009
vn -0.9629 0.2699 0.0011
vn -0.9627 0.2704 0.0007
vn 0.8753 -0.3509 -0.3325
vn 0.8587 -0.3610 -0.3637
vn 0.8410 -0.3705 -0.3943
vn 0.8904 -0.3407 -0.3016
vn -0.0619 0.7511 -0.6573
vn -0.0627 0.7530 -0.6550
vn -0.0643 0.7571 -0.6501
vn -0.0606 0.7480 -0.6609
vn 0.1895 0.9743 0.1218
vn 0.1870 0.9738 0.1295
vn 0.1817 0.9725 0.1457
vn 0.1959 0.9753 0.1015
vn 0.7487 -0.6564 0.0917
vn 0.7453 -0.6597 0.0967
vn 0.7190 -0.6822 0.1324
vn 0.7908 -0.6115 0.0271
vn -0.6382 -0.6016 0.4804
vn -0.6381 -0.6021 0.4798
vn -0.6369 -0.6080 0.4739
vn -0.6394 -0.5955 0.4864
vn -0.3633 0.9160 -0.1698
vn -0.3668 0.9165 -0.1594
vn -0.3715 0.9170 -0.1449
vn -0.3569 0.9149 -0.1885
vn -0.3778 0.8965 0.2314
vn -0.3649 0.8966 0.2509
vn -0.4203 0.8924 0.1642
vn -0.3291 0.8944 0.3027
vn 0.7615 0.2384 0.6027
vn 0.7692 0.2591 0.5841
vn 0.7325 0.1706 0.6590
vn 0.7880 0.3181 0.5271
vn -0.5085 0.7338 0.4505
vn -0.5401 0.7293 0.4200
vn -0.6071 0.7141 0.3485
vn -0.4490 0.7382 0.5034
vn -0.2181 -0.7583 -0.6143
vn -0.2102 -0.7550 -0.6211
vn -0.1898 -0.7461 -0.6381
vn -0.2378 -0.7662 -0.5969
vn 0.8702 -0.4431 0.2155
vn 0.9255 -0.3656 0.0985
vn 0.7175 0.2237 0.6596
vn 0.8490 -0.5244 -0.0649
vn -0.1350 0.9336 -0.3318
vn -0.0750 0.9765 0.2020
vn -0.1666 0.6860 0.7082
vn -0.2487 0.4867 0.8374
vn -0.3755 0.7728 0.5116
vn -0.3140 0.9230 0.2224
vn -0.4158 0.7236 -0.5509
vn 0.0129 0.3266 0.9450
vn -0.2814 0.6959 -0.6606
vn 0.8996 -0.4346 0.0417
vn 0.6789 0.3511 -0.6448
vn -0.1287 0.9583 -0.2551
vn -0.0204 -0.9211 -0.3887
vn -0.2677 -0.8054 -0.5288
vn 0.2177 0.8581 -0.4651
vn -0.3774 -0.8814 0.2840
vn -0.2961 -0.8582 0.4193
vn 0.2281 0.9397 0.2549
vn -0.8726 -0.2823 0.3984
vn -0.7670 0.4647 -0.4424
vn -0.8614 -0.2727 -0.4286
vn 0.1372 -0.2792 -0.9504
vn -0.7661 0.0582 -0.6401
vn 0.7577 0.2790 0.5899
vn -0.2153 -0.9243 0.3153
vn 0.2026 -0.9558 -0.2130
vn -0.4452 -0.8478 0.2880
vn -0.1566 -0.9077 0.3891
vn 0.2282 0.9483 0.2204
vn 0.6472 0.7264 -0.2310
vn 0.4167 0.9084 0.0324
vn 0.0534 0.9984 -0.0146
vn 0.2615 0.9311 0.2543
vn 0.8708 -0.1771 0.4585
vn 0.7223 0.5321 -0.4417
vn 0.6638 -0.4412 0.6039
vn -0.0585 -0.9333 -0.3544
vn -0.5320 -0.8220 0.2029
vn 0.6275 0.7491 0.2121
vn 0.2651 0.8487 -0.4576
vn -0.8784 -0.2694 0.3948
vn -0.9120 -0.2126 -0.3507
vn -0.8569 0.3136 0.4090
vn -0.7887 -0.6113 0.0651
vn -0.3722 0.6380 -0.6740
vn -0.3932 0.7436 0.5407
vn 0.9104 -0.3584 0.2065
vn 0.6476 -0.7072 0.2835
vn 0.8195 -0.5526 -0.1518
vn -0.1400 0.0615 -0.9882
vn -0.3433 0.1585 -0.9257
vn 0.7119 -0.6222 -0.3254
vn 0.7164 0.6928 -0.0822
vn 0.6043 0.7961 0.0319
vn -0.5470 -0.8336 -0.0772
vn -0.0828 -0.9951 -0.0537
vn -0.0548 -0.9829 -0.1755
vn -0.3529 0.7304 0.5847
vn -0.5150 0.5989 -0.6132
vn -0.5411 0.0909 -0.8360
vn 0.1913 -0.3157 0.9293
vn -0.3545 0.3972 0.8465
vn 0.6313 0.7301 0.2616
vn -0.6047 -0.6749 0.4228
vn 0.2006 -0.9779 -0.0590
vn 0.6902 0.7129 0.1243
vn 0.2551 0.8568 -0.4480
vn 0.2969 -0.7020 -0.6473
vn 0.5235 0.1589 -0.8370
vn 0.2045 0.3566 0.9116
vn 0.1954 -0.2368 0.9517
vn 0.7204 -0.6853 0.1069
vn 0.6665 -0.7337 0.1319
vn 0.4203 -0.8734 -0.2459
vn 0.3463 -0.8392 -0.4192
vn -0.2379 0.4224 0.8746
vn -0.2883 0.5679 0.7709
vn -0.1031 0.2630 0.9593
vn -0.2121 -0.0452 0.9762
vn -0.2478 0.3954 0.8844
vn 0.3028 0.7935 0.5279
vn -0.6504 0.7595 -0.0132
vn -0.7636 0.5143 0.3903
vn -0.8401 -0.3245 -0.4346
vn 0.4105 -0.1864 -0.8926
vn 0.7395 -0.2933 0.6059
vn 0.3453 -0.1897 0.9191
vn -0.1455 -0.4917 0.8585
vn -0.0939 -0.4386 -0.8938
vn 0.2851 -0.3168 0.9046
vn 0.0962 -0.8700 -0.4835
vn 0.3989 -0.0551 -0.9153
vn -0.0118 0.9896 0.1430
vn -0.7193 0.6247 0.3039
vn 0.9327 0.3307 0.1437
vn 0.5456 -0.0575 -0.8361
vn 0.9646 -0.2583 0.0525
vn 0.7834 -0.5034 -0.3644
vn -0.2497 0.9029 -0.3497
vn 0.2313 0.9628 0.1396
vn -0.3240 0.5118 -0.7956
vn 0.1448 0.5901 0.7942
vn -0.1393 0.7437 -0.6538
vn 0.7409 -0.4089 -0.5327
vn 0.9630 -0.1611 -0.2159
vn 0.9315 -0.3630 -0.0213
vn 0.7123 0.1897 -0.6757
vn 0.9076 -0.4139 0.0705
vn -0.2514 0.8609 -0.4424
vn -0.3773 0.7643 0.5229
vn -0.1459 -0.1744 -0.9738
vn 0.1368 0.2993 0.9443
vn -0.0393 -0.1230 -0.9916
vn -0.5265 0.0340 0.8495
vn 0.2170 0.4657 -0.8579
vn -0.2298 -0.1248 0.9652
vn -0.4115 -0.1989 0.8894
vn 0.2981 -0.6968 -0.6524
vn -0.0225 -0.8963 0.4429
vn 0.6214 -0.0671 -0.7805
vn 0.0498 -0.4511 0.8910
vn -0.3555 -0.2477 0.9012
vn -0.0400 0.1043 0.9937
vn 0.0417 -0.8774 0.4778
vn 0.8164 -0.5614 0.1351
vn 0.1315 0.0506 0.9900
vn 0.2692 0.0436 -0.9621
vn 0.1523 0.1794 -0.9719
vn -0.0589 0.1013 -0.9931
vn 0.3220 -0.9442 0.0681
vn -0.1893 0.0354 0.9813
vn 0.8663 -0.3285 -0.3763
vn -0.2184 -0.1437 -0.9652
vn 0.3433 0.3239 0.8816
vn -0.2322 -0.1617 -0.9591
vn -0.1029 0.0680 0.9923
vn -0.0196 0.1551 -0.9877
vn -0.0042 0.1338 -0.9910
vn -0.0417 0.1010 0.9940
vn 0.0521 0.1154 -0.9919
vn -0.0384 0.1035 0.9939
vn 0.0407 0.0875 -0.9953
vn 0.1356 0.0391 0.9900
vn 0.2252 0.1580 -0.9614
vn -0.2505 -0.9664 -0.0572
vn -0.0826 -0.8694 -0.4870
vn 0.2954 0.0984 0.9503
vn -0.1522 -0.5456 -0.8241
vn 0.0562 -0.3530 0.9339
vn 0.6105 -0.0952 0.7862
vn 0.8777 -0.3548 0.3222
vn 0.3092 -0.3331 -0.8907
vn -0.3305 -0.9061 0.2640
vn -0.0337 -0.1394 -0.9897
vn 0.3186 0.0803 0.9445
vn 0.0942 0.3616 0.9275
vn -0.1541 -0.1100 -0.9819
vn -0.1914 -0.0717 -0.9789
vn 0.0203 0.3058 0.9518
vn 0.0717 -0.7015 0.7090
vn 0.8250 -0.5629 -0.0500
vn 0.0530 0.3283 0.9431
vn 0.3018 0.1596 0.9399
vn -0.0157 -0.1947 -0.9807
vn -0.0359 -0.1376 -0.9898
vn -0.2267 -0.1571 -0.9612
vn 0.3171 -0.9403 0.1235
vn 0.7302 -0.3934 -0.5585
vn 0.0006 0.3426 0.9395
vn 0.3746 -0.2860 0.8820
vn 0.1465 -0.4384 -0.8867
vn 0.0837 -0.6285 0.7732
vn -0.0698 -0.9306 -0.3593
vn 0.0594 0.3277 0.9429
vn 0.1888 0.3158 0.9298
vn 0.1971 -0.0072 0.9803
vn -0.8245 0.3474 -0.4465
vn -0.7384 0.0675 0.6709
vn 0.2796 0.5303 -0.8003
vn -0.0349 0.3403 -0.9396
vn 0.1588 0.7421 -0.6511
vn -0.3425 0.5069 0.7910
vn -0.0370 0.9993 0.0000
vn 0.0205 0.9576 -0.2873
vn 0.2350 0.9637 0.1267
vn -0.3929 0.4778 0.7857
vn 0.8574 -0.4610 0.2285
vn 0.7980 0.2883 0.5291
vn 0.2793 0.9326 0.2283
vn -0.3477 0.9335 -0.0873
vn -0.4615 0.4184 -0.7823
vn -0.3717 0.6025 -0.7063
vn -0.1989 0.9035 -0.3795
vn 0.8273 -0.4502 -0.3359
vn 0.7543 -0.5347 0.3808
vn -0.4906 0.3809 0.7837
vn 0.4682 -0.3647 -0.8048
vn 0.0333 -0.8003 0.5986
vn 0.0942 -0.8796 -0.4663
vn -0.0830 0.1171 0.9896
vn -0.0873 0.1148 0.9895
vn 0.0141 0.0978 -0.9951
vn 0.4873 -0.1691 -0.8567
vn 0.5842 -0.1200 0.8026
vn -0.1008 0.0710 0.9923
vn -0.3050 0.0338 -0.9517
vn 0.0709 -0.2485 -0.9660
vn -0.3696 0.7472 0.5524
vn -0.2355 0.9206 0.3115
vn -0.3394 0.9289 -0.1478
vn -0.4395 0.6684 -0.6000
vn 0.1330 -0.9892 -0.0613
vn -0.6750 0.7378 0.0005
vn 0.1881 0.4241 -0.8858
vn -0.2560 -0.1118 0.9602
vn 0.1039 0.4408 -0.8916
vn 0.0246 0.3539 -0.9349
vn -0.3462 -0.2595 0.9015
vn 0.0028 -0.9245 0.3812
vn 0.8260 -0.3933 0.4038
vn -0.3391 -0.2408 0.9094
vn -0.2763 -0.2275 0.9337
vn -0.1564 -0.1536 0.9756
vn 0.4417 0.2058 -0.8732
vn 0.2359 0.4333 -0.8698
vn 0.0314 0.3889 -0.9207
vn 0.4563 -0.8873 0.0671
vn 0.9978 -0.0650 -0.0142
vn -0.7604 -0.6410 -0.1043
vn -0.7766 -0.6264 0.0667
vn -0.8125 -0.5829 0.0038
vn -0.9035 0.2532 0.3457
vn -0.8972 0.2612 -0.3561
vn -0.9146 -0.2224 0.3376
vn 0.3962 -0.1278 0.9092
vn 0.3974 -0.1281 0.9087
vn 0.2343 0.5247 -0.8184
vn -0.4561 0.8777 -0.1468
vn -0.1670 0.9793 0.1140
vn -0.7190 0.6940 0.0364
vn 0.4099 -0.1218 0.9040
vn -0.2312 0.7009 0.6747
vn -0.7199 0.2721 0.6385
vn -0.7282 -0.6366 0.2537
vn -0.6048 0.1982 0.7713
vn -0.7725 0.2717 0.5739
vn -0.4141 -0.8471 -0.3329
vn 0.7096 -0.6567 -0.2554
vn 0.4567 -0.3903 0.7994
vn 0.8647 -0.5022 -0.0097
vn 0.3811 -0.8054 -0.4539
vn -0.7527 -0.3346 0.5670
vn 0.2960 -0.9501 0.0986
vn 0.5957 -0.7224 0.3511
vn 0.7226 -0.5516 -0.4165
vn -0.4082 0.2648 0.8737
vn -0.0427 -0.0110 0.9990
vn -0.2069 -0.1859 -0.9605
vn -0.3101 0.0173 -0.9505
vn -0.0956 0.1451 -0.9848
vn -0.2508 0.4502 0.8569
vn -0.6642 0.2207 0.7142
vn -0.5948 0.1726 0.7851
vn -0.5412 -0.1525 -0.8269
vn -0.1686 -0.1664 -0.9715
vn -0.3558 0.3064 0.8829
vn -0.0582 0.7147 -0.6970
vn -0.0414 -0.9704 -0.2377
vn 0.9917 -0.0137 0.1276
vn 0.0395 -0.5670 -0.8227
vn -0.2304 -0.9246 0.3031
vn -0.1770 -0.1679 -0.9698
vn 0.5205 0.2656 0.8114
vn -0.2806 -0.1077 -0.9537
vn 0.3942 0.3362 0.8553
vn -0.3729 -0.2099 -0.9038
vn 0.1888 0.2881 0.9388
vn 0.2443 -0.6793 0.6920
vn 0.8134 -0.3954 -0.4266
vn 0.3091 0.3032 0.9014
vn 0.5304 0.2001 0.8238
vn -0.1919 -0.0982 -0.9765
vn -0.2444 -0.1006 -0.9644
vn -0.3392 -0.1693 -0.9253
vn 0.3732 -0.9256 -0.0625
vn 0.5076 -0.1759 -0.8434
vn 0.6733 -0.1005 0.7325
vn 0.0735 -0.3476 -0.9348
vn 0.2306 -0.7255 0.6484
vn -0.1181 -0.8863 -0.4478
vn 0.2835 0.3217 0.9034
vn 0.3189 0.3365 0.8860
vn -0.2404 -0.1549 -0.9582
vn 0.2882 -0.5340 -0.7948
vn 0.5172 -0.1024 0.8497
vn 0.3327 0.4692 0.8180
vn 0.1168 0.3982 -0.9098
vn 0.5023 -0.3855 0.7740
vn 0.5430 0.1670 -0.8229
vn 0.5466 0.8369 0.0269
vn 0.4614 0.6719 -0.5792
vn 0.3239 0.6650 0.6730
vn 0.6915 0.6972 0.1889
vn 0.6470 0.6608 0.3804
vn 0.6333 -0.7702 0.0760
vn 0.7016 -0.7076 0.0832
vn -0.0600 -0.2853 0.9565
vn 0.2305 -0.0579 -0.9713
vn -0.2224 -0.7835 0.5802
vn 0.2384 -0.5188 0.8210
vn 0.5724 -0.2551 0.7792
vn 0.6030 0.1782 -0.7776
vn -0.1247 -0.9072 -0.4018
vn 0.4267 0.2627 -0.8654
vn -0.1316 -0.2398 0.9619
vn 0.2732 0.4507 -0.8498
vn -0.2082 -0.1108 0.9718
vn -0.2661 -0.1945 -0.9441
vn -0.1270 -0.1891 -0.9737
vn 0.3529 -0.3217 -0.8786
vn 0.4754 -0.1097 0.8729
vn 0.0518 0.3666 0.9289
vn -0.1977 -0.0751 -0.9774
vn 0.0329 -0.2326 -0.9720
vn -0.1102 -0.8992 -0.4233
vn 0.6015 0.2091 0.7710
vn 0.0346 -0.7007 -0.7126
vn 0.4704 -0.4457 0.7616
vn 0.8894 -0.2626 0.3742
vn 0.0720 0.4584 0.8858
usemtl m0
s 1
f 545/1/1 843/2/2 833/3/3
f 843/2/2 545/1/1 817/4/4
f 1462/5/5 1444/6/6 1456/7/7
f 1444/6/6 1462/5/5 1449/8/8
f 1467/9/9 1445/10/10 1453/11/11
f 1445/10/10 1467/9/9 1457/12/12
f 1238/13/13 1269/14/14 1234/15/15
f 1269/14/14 1238/13/13 1355/16/16
f 1264/17/17 1246/18/18 1252/19/19
f 1246/18/18 1264/17/17 1256/20/20
f 1259/21/21 1245/22/22 1255/23/23
f 1245/22/22 1259/21/21 1248/24/24
f 1181/25/25 1244/26/26 1217/27/27
f 1244/26/26 1181/25/25 1251/28/28
f 1211/29/29 1243/30/30 1247/31/31
f 1243/30/30 1211/29/29 1216/32/32
f 97/33/33 261/34/34 278/35/35
f 261/34/34 97/33/33 107/36/36
f 116/37/37 277/38/38 270/39/39
f 277/38/38 116/37/37 96/40/40
f 269/41/41 125/42/42 115/43/43
f 125/42/42 269/41/41 250/44/44
f 1237/45/45 1200/46/46 1196/47/47
f 1200/46/46 1237/45/45 1233/48/48
f 1227/49/49 1191/50/50 1223/51/51
f 1191/50/50 1227/49/49 1186/52/52
f 1219/53/53 1180/54/54 1215/55/55
f 1180/54/54 1219/53/53 1177/56/56
f 1218/57/57 1210/58/58 1206/59/59
f 1210/58/58 1218/57/57 1214/60/60
f 1436/61/61 1468/62/62 1432/63/63
f 1468/62/62 1436/61/61 1554/64/64
f 766/65/65 1098/66/66 1169/67/67
f 1098/66/66 766/65/65 1093/68/68
f 1510/69/69 1498/70/70 1502/71/71
f 1498/70/70 1510/69/69 1506/72/72
f 1519/73/73 1499/74/74 1507/75/75
f 1499/74/74 1519/73/73 1515/76/76
f 1329/77/77 1301/78/78 1325/79/79
f 1301/78/78 1329/77/77 1304/80/80
f 842/81/81 813/82/82 838/83/83
f 813/82/82 842/81/81 816/84/84
f 839/85/85 822/86/86 847/87/87
f 822/86/86 839/85/85 814/88/88
f 622/89/89 543/90/90 582/91/91
f 543/90/90 622/89/89 602/92/92
f 611/93/93 542/94/94 601/95/95
f 542/94/94 611/93/93 553/96/96
f 902/97/97 501/98/98 892/99/99
f 501/98/98 902/97/97 897/100/100
f 917/101/101 522/102/102 908/103/103
f 522/102/102 917/101/101 912/104/104
f 604/105/105 675/106/106 583/107/107
f 675/106/106 604/105/105 950/108/108
f 591/109/109 541/110/110 561/111/111
f 541/110/110 591/109/109 581/112/112
f 572/113/113 540/114/114 552/115/115
f 540/114/114 572/113/113 560/116/116
f 1320/117/117 1300/118/118 1308/119/119
f 1300/118/118 1320/117/117 1316/120/120
f 1311/121/121 1299/122/122 1303/123/123
f 1299/122/122 1311/121/121 1307/124/124
f 410/125/125 480/126/126 400/127/127
f 480/126/126 410/125/125 662/128/128
f 462/129/129 484/130/130 433/131/131
f 484/130/130 462/129/129 453/132/132
f 469/133/133 422/134/134 440/135/135
f 422/134/134 469/133/133 450/136/136
f 458/137/137 421/138/138 449/139/139
f 421/138/138 458/137/137 431/140/140
f 297/141/141 420/142/142 366/143/143
f 420/142/142 297/141/141 439/144/144
f 356/145/145 419/146/146 430/147/147
f 419/146/146 356/145/145 365/148/148
f 409/149/149 337/150/150 326/151/151
f 337/150/150 409/149/149 399/152/152
f 373/153/153 355/154/154 346/155/155
f 355/154/154 373/153/153 363/156/156
f 391/157/157 315/158/158 381/159/159
f 315/158/158 391/157/157 308/160/160
f 374/161/161 296/162/162 364/163/163
f 296/162/162 374/161/161 289/164/164
f 1582/165/165 23/166/166 1615/167/167
f 23/166/166 1582/165/165 42/168/168
f 985/169/169 1080/170/170 1002/171/171
f 1080/170/170 985/169/169 1086/172/172
f 1474/173/173 1434/174/174 1470/175/175
f 1434/174/174 1474/173/173 1424/176/176
f 1015/177/177 1096/178/178 1027/179/179
f 1096/178/178 1015/177/177 1102/180/180
f 62/181/181 24/182/182 51/183/183
f 24/182/182 62/181/181 35/184/184
f 1631/185/185 1589/186/186 1599/187/187
f 1589/186/186 1631/185/185 1621/188/188
f 1152/189/189 1141/190/190 885/191/191
f 1141/190/190 1152/189/189 1155/192/192
f 1508/193/193 1460/194/194 1454/195/195
f 1460/194/194 1508/193/193 1511/196/196
f 1521/197/197 1455/198/198 1464/199/199
f 1455/198/198 1521/197/197 1509/200/200
f 423/201/201 1121/202/202 1117/203/203
f 1121/202/202 423/201/201 1126/204/204
f 88/205/205 1630/206/206 1624/207/207
f 1630/206/206 88/205/205 263/208/208
f 71/209/209 25/210/210 43/211/211
f 25/210/210 71/209/209 52/212/212
f 1567/213/213 1475/214/214 1471/215/215
f 1475/214/214 1567/213/213 1571/216/216
f 211/217/217 1118/218/218 1113/219/219
f 1118/218/218 211/217/217 425/220/220
f 210/221/221 137/222/222 173/223/223
f 137/222/222 210/221/221 190/224/224
f 200/225/225 136/226/226 189/227/227
f 136/226/226 200/225/225 145/228/228
f 1119/229/229 800/230/230 1114/231/231
f 800/230/230 1119/229/229 819/232/232
f 182/233/233 135/234/234 154/235/235
f 135/234/234 182/233/233 172/236/236
f 165/237/237 134/238/238 144/239/239
f 134/238/238 165/237/237 153/240/240
f 1124/241/241 1109/242/242 854/243/243
f 1109/242/242 1124/241/241 1130/244/244
f 13/245/245 79/246/246 1634/247/247
f 79/246/246 13/245/245 251/248/248
f 1528/249/249 1500/250/250 1524/251/251
f 1500/250/250 1528/249/249 1503/252/252
f 772/253/253 1174/254/254 1171/255/255
f 1174/254/254 772/253/253 6/256/256
f 1533/257/257 1501/258/258 1516/259/259
f 1501/258/258 1533/257/257 1525/260/260
f 1005/261/261 1527/262/262 1535/263/263
f 1527/262/262 1005/261/261 1089/264/264
f 1088/265/265 1530/266/266 1526/267/267
f 1530/266/266 1088/265/265 1017/268/268
f 1473/269/269 1426/270/270 1422/271/271
f 1426/270/270 1473/269/269 1561/272/272
f 1023/273/273 1488/274/274 1011/275/275
f 1488/274/274 1023/273/273 1476/276/276
f 1618/277/277 1610/278/278 1605/279/279
f 1610/278/278 1618/277/277 1612/280/280
f 976/281/281 188/282/282 207/283/283
f 188/282/282 976/281/281 1073/284/284
f 1072/285/285 197/286/286 187/287/287
f 197/286/286 1072/285/285 752/288/288
f 998/289/289 114/290/290 982/291/291
f 114/290/290 998/289/289 95/292/292
f 1619/293/293 1581/294/294 1613/295/295
f 1581/294/294 1619/293/293 1577/296/296
f 1433/297/297 1390/298/298 1400/299/299
f 1390/298/298 1433/297/297 1423/300/300
f 268/301/301 86/302/302 78/303/303
f 86/302/302 268/301/301 276/304/304
f 1629/305/305 1592/306/306 1623/307/307
f 1592/306/306 1629/305/305 1587/308/308
f 179/309/309 50/310/310 68/311/311
f 50/310/310 179/309/309 152/312/312
f 151/313/313 60/314/314 49/315/315
f 60/314/314 151/313/313 162/316/316
f 85/317/317 1632/318/318 77/319/319
f 1632/318/318 85/317/317 1622/320/320
f 1611/321/321 22/322/322 34/323/323
f 22/322/322 1611/321/321 1614/324/324
f 456/325/325 896/326/325 487/327/325
f 896/326/325 456/325/325 916/328/325
f 312/329/326 83/330/327 274/331/328
f 83/330/327 312/329/326 141/332/329
f 38/333/330 90/334/331 112/335/332
f 90/334/331 38/333/330 46/336/333
f 193/337/334 120/338/335 131/339/336
f 120/338/335 193/337/334 176/340/337
f 1568/341/338 1495/342/339 1489/343/340
f 1495/342/339 1568/341/338 1559/344/341
f 1369/345/342 1297/346/343 1290/347/344
f 1297/346/343 1369/345/342 1360/348/345
f 281/349/346 236/350/347 292/351/348
f 236/350/347 281/349/346 243/352/349
f 1291/353/350 1373/354/351 1370/355/352
f 1373/354/351 1291/353/350 1278/356/353
f 349/357/354 121/358/355 177/359/356
f 121/358/355 349/357/354 301/360/357
f 933/361/358 1328/362/359 1336/363/360
f 1328/362/359 933/361/358 1031/364/361
f 1030/365/362 1331/366/363 1327/367/364
f 1331/366/363 1030/365/362 760/368/365
f 944/369/366 1289/370/367 699/371/368
f 1289/370/367 944/369/366 1277/372/369
f 377/373/370 369/374/371 387/375/372
f 369/374/371 377/373/370 28/376/373
f 388/377/374 225/378/375 397/379/376
f 225/378/375 388/377/374 370/380/377
f 1279/381/378 1366/382/379 1374/383/380
f 1366/382/379 1279/381/378 1286/384/381
f 1490/385/382 1572/386/383 1569/387/384
f 1572/386/383 1490/385/382 1477/388/385
f 1368/389/386 1276/390/387 1272/391/388
f 1276/390/387 1368/389/386 1372/392/389
f 1478/393/390 1565/394/391 1573/395/392
f 1565/394/391 1478/393/390 1485/396/393
f 1322/397/394 1258/398/395 1266/399/396
f 1258/398/395 1322/397/394 1310/400/397
f 1309/401/398 1262/402/399 1257/403/400
f 1262/402/399 1309/401/398 1313/404/401
f 110/405/402 72/406/403 36/407/404
f 72/406/403 110/405/402 99/408/405
f 129/409/406 100/410/407 111/411/408
f 100/410/407 129/409/406 118/412/409
f 155/413/410 138/414/411 146/415/412
f 138/414/411 155/413/410 403/416/413
f 191/417/414 166/418/415 174/419/416
f 166/418/415 191/417/414 183/420/417
f 376/421/418 167/422/419 184/423/420
f 167/422/419 376/421/418 385/424/421
f 139/425/422 89/426/423 81/427/424
f 89/426/423 139/425/422 404/428/425
f 101/429/426 234/430/427 73/431/428
f 234/430/427 101/429/426 290/432/429
f 299/433/430 102/434/431 119/435/432
f 102/434/431 299/433/430 291/436/433
f 309/437/434 329/438/435 318/439/436
f 329/438/435 309/437/434 414/440/437
f 348/441/438 168/442/439 341/443/440
f 168/442/439 348/441/438 175/444/441
f 386/445/442 342/446/443 169/447/444
f 342/446/443 386/445/442 396/448/445
f 499/449/446 670/450/447 689/451/448
f 670/450/447 499/449/446 510/452/449
f 280/453/450 310/454/451 272/455/452
f 310/454/451 280/453/450 415/456/453
f 520/457/454 688/458/455 681/459/456
f 688/458/455 520/457/454 498/460/457
f 680/461/458 530/462/459 519/463/460
f 530/462/459 680/461/458 661/464/461
f 265/465/462 203/466/463 360/467/464
f 203/466/463 265/465/462 64/468/465
f 12/469/466 1602/470/467 1597/471/468
f 1602/470/467 12/469/466 1633/472/469
f 254/473/470 65/474/471 266/475/472
f 65/474/471 254/473/470 54/476/473
f 273/477/474 55/478/475 255/479/476
f 55/478/475 273/477/474 82/480/477
f 319/481/478 140/482/479 311/483/480
f 140/482/479 319/481/478 148/484/481
f 1235/485/482 1193/486/483 1202/487/484
f 1193/486/483 1235/485/482 1225/488/485
f 787/489/486 623/490/487 635/491/488
f 623/490/487 787/489/486 795/492/489
f 1383/493/490 1443/494/491 1416/495/492
f 1443/494/491 1383/493/490 1452/496/493
f 648/497/494 656/498/495 637/499/496
f 656/498/495 648/497/494 667/500/497
f 684/501/498 668/502/499 677/503/500
f 668/502/499 684/501/498 657/504/501
f 678/505/502 696/506/503 685/507/504
f 696/506/503 678/505/502 953/508/505
f 701/509/506 710/510/507 706/511/508
f 710/510/507 701/509/506 941/512/509
f 1421/513/510 1382/514/511 1414/515/512
f 1382/514/511 1421/513/510 1378/516/513
f 1431/517/514 1393/518/515 1425/519/516
f 1393/518/515 1431/517/514 1388/520/517
f 401/521/518 317/522/518 339/523/518
f 317/522/518 401/521/518 383/524/518
f 1441/525/519 1403/526/520 1398/527/521
f 1403/526/520 1441/525/519 1435/528/522
f 712/529/523 762/530/524 742/531/525
f 762/530/524 712/529/523 942/532/526
f 1274/533/527 1228/534/528 1224/535/529
f 1228/534/528 1274/533/527 1362/536/530
f 1412/537/531 1442/538/532 1448/539/533
f 1442/538/532 1412/537/531 1415/540/534
f 490/541/535 392/542/536 382/543/537
f 392/542/536 490/541/535 672/544/538
f 780/545/539 534/546/540 492/547/541
f 534/546/540 780/545/539 594/548/542
f 634/549/543 725/550/544 785/551/545
f 725/550/544 634/549/543 654/552/546
f 786/553/547 763/554/548 790/555/549
f 763/554/548 786/553/547 726/556/550
f 1172/557/551 764/558/552 1168/559/553
f 764/558/552 1172/557/551 791/560/554
f 603/561/555 600/562/556 619/563/557
f 600/562/556 603/561/555 614/564/558
f 1334/565/559 1302/566/560 1317/567/561
f 1302/566/560 1334/565/559 1326/568/562
f 613/569/563 609/570/564 599/571/565
f 609/570/564 613/569/563 970/572/566
f 691/573/567 518/574/568 954/575/569
f 518/574/568 691/573/567 497/576/570
f 1275/577/571 1236/578/572 1271/579/573
f 1236/578/572 1275/577/571 1226/580/574
f 812/581/575 799/582/576 820/583/577
f 799/582/576 812/581/575 797/584/578
f 679/585/579 488/586/580 479/587/581
f 488/586/580 679/585/579 687/588/582
f 889/589/583 1153/590/584 1149/591/585
f 1153/590/584 889/589/583 871/592/586
f 5/593/587 320/594/588 213/595/589
f 320/594/588 5/593/587 150/596/590
f 593/597/591 448/598/592 472/599/593
f 448/598/592 593/597/591 563/600/594
f 562/601/595 461/602/596 451/603/597
f 461/602/596 562/601/595 573/604/598
f 727/605/599 1083/606/600 767/607/601
f 1083/606/600 727/605/599 1077/608/602
f 491/609/603 402/610/604 482/611/605
f 402/610/604 491/609/603 384/612/606
f 504/613/607 477/614/608 486/615/609
f 477/614/608 504/613/607 495/616/610
f 526/617/611 447/618/612 516/619/613
f 447/618/612 526/617/611 455/620/614
f 1420/621/615 1411/622/616 1407/623/617
f 1411/622/616 1420/621/615 1413/624/618
f 578/625/619 558/626/620 568/627/621
f 558/626/620 578/625/619 517/628/622
f 815/629/623 796/630/624 811/631/625
f 796/630/624 815/629/623 624/632/626
f 1013/633/627 1068/634/627 1099/635/627
f 1100/636/628 1069/637/628 777/638/628
f 930/639/629 1070/640/629 1014/641/629
f 1071/642/630 946/643/630 778/644/630
f 1050/645/631 577/646/631 935/647/631
f 515/648/632 1051/649/632 525/650/632
f 1043/651/633 903/652/633 894/653/633
f 564/654/634 758/655/634 1028/656/634
f 513/657/635 443/658/635 555/659/635
f 452/660/636 523/661/636 913/662/636
f 474/663/637 493/664/637 535/665/637
f 1065/666/638 1020/667/638 1049/668/638
f 1042/669/639 920/670/639 1007/671/639
f 746/672/640 1026/673/640 1095/674/640
f 945/675/641 1067/676/641 927/677/641
f 576/678/642 1032/679/642 934/680/642
f 257/681/643 246/682/643 285/683/643
f 256/684/644 284/685/644 275/686/644
f 93/687/645 56/688/645 84/689/645
f 332/690/646 418/691/646 352/692/646
f 303/693/647 351/694/647 417/695/647
f 133/696/648 407/697/648 195/698/648
f 881/699/649 856/700/649 860/701/649
f 872/702/650 436/703/650 836/704/650
f 877/705/651 845/706/651 1138/707/651
f 647/708/652 636/709/652 627/710/652
f 835/711/653 844/712/653 876/713/653
f 205/714/654 39/715/654 76/716/654
f 293/717/655 302/718/655 283/719/655
f 267/720/656 361/721/656 244/722/656
f 350/723/657 343/724/657 330/725/657
f 282/726/658 300/727/658 416/728/658
f 113/729/659 92/730/659 132/731/659
f 66/732/660 47/733/660 204/734/660
f 194/735/661 157/736/661 185/737/661
f 192/738/662 406/739/662 156/740/662
f 130/741/663 91/742/663 405/743/663
f 202/744/664 75/745/664 359/746/664
f 147/747/665 4/748/665 18/749/665
f 235/750/666 358/751/666 74/752/666
f 253/753/667 264/754/667 242/755/667
f 328/756/668 340/757/668 395/758/668
f 201/759/669 45/760/669 37/761/669
f 44/762/670 63/763/670 53/764/670
f 886/765/671 863/766/671 1148/767/671
f 880/768/672 1142/769/672 1156/770/672
f 887/771/673 1144/772/673 864/773/673
f 853/774/674 848/775/674 1123/776/674
f 473/777/675 544/778/675 832/779/675
f 824/780/676 554/781/676 442/782/676
f 1/783/677 768/784/677 720/785/677
f 703/786/678 724/787/678 773/788/678
f 1081/789/679 729/790/679 736/791/679
f 539/792/680 649/793/680 549/794/680
f 598/795/681 588/796/681 538/797/681
f 658/798/682 686/799/682 735/800/682
f 20/801/683 159/802/683 149/803/683
f 21/804/684 380/805/684 160/806/684
f 333/807/685 398/808/685 227/809/685
f 427/810/686 321/811/686 334/812/686
f 428/813/687 214/814/687 322/815/687
f 446/816/688 465/817/688 866/818/688
f 548/819/689 478/820/689 537/821/689
f 587/822/690 597/823/690 607/824/690
f 717/825/691 707/826/691 711/827/691
f 741/828/692 559/829/692 1161/830/692
f 378/831/693 186/832/693 158/833/693
f 226/834/694 426/835/694 331/836/694
f 237/837/695 245/838/695 362/839/695
f 19/840/696 29/841/696 379/842/696
f 48/843/697 57/844/697 94/845/697
f 1190/846/698 1185/847/698 1339/848/698
f 1176/849/699 1189/850/699 1184/851/699
f 719/852/700 1162/853/700 1107/854/700
f 718/855/701 723/856/701 708/857/701
f 810/858/702 1175/859/702 7/860/702
f 1101/861/703 771/862/703 1170/863/703
f 1116/864/704 809/865/704 215/866/704
f 804/867/705 794/868/705 808/869/705
f 1137/870/706 1167/871/706 831/872/706
f 31/873/707 1166/874/707 1136/875/707
f 1160/876/708 1165/877/708 1106/878/708
f 740/879/709 1159/880/709 716/881/709
f 1158/882/710 830/883/710 1164/884/710
f 1105/885/711 1163/886/711 30/887/711
f 437/888/712 875/889/712 467/890/712
f 891/891/713 869/892/713 466/893/713
f 846/894/714 841/895/714 1143/896/714
f 1480/897/715 1022/898/715 988/899/715
f 1404/900/716 1544/901/716 1417/902/716
f 1491/903/717 1010/904/717 1487/905/717
f 1555/906/718 1566/907/718 1469/908/718
f 1472/909/719 1570/910/719 1560/911/719
f 1406/912/720 1397/913/720 1549/914/720
f 1392/915/721 1387/916/721 1543/917/721
f 1377/918/722 1386/919/722 1381/920/722
f 781/921/723 494/922/723 1034/923/723
f 575/924/724 566/925/724 1029/926/724
f 965/927/725 1058/928/725 957/929/725
f 999/930/726 1059/931/726 966/932/726
f 732/933/727 958/934/727 1060/935/727
f 683/936/728 694/937/728 733/938/728
f 782/939/729 615/940/729 595/941/729
f 616/942/730 783/943/730 972/944/730
f 899/945/731 978/946/731 1035/947/731
f 750/948/732 755/949/732 1041/950/732
f 980/951/733 900/952/733 1074/953/733
f 1061/954/734 1001/955/734 1078/956/734
f 1062/957/735 1079/958/735 734/959/735
f 1084/960/736 984/961/736 743/962/736
f 1024/963/737 744/964/737 995/965/737
f 1085/966/738 745/967/738 1094/968/738
f 919/969/739 1090/970/739 1006/971/739
f 1019/972/740 1091/973/740 910/974/740
f 67/975/741 1626/976/741 258/977/741
f 9/978/742 32/979/742 58/980/742
f 178/981/743 259/982/743 103/983/743
f 829/984/744 867/985/744 861/986/744
f 1268/987/745 1365/988/745 1324/989/745
f 1263/990/746 1359/991/746 1242/992/746
f 1296/993/747 1358/994/747 1315/995/747
f 1194/996/748 1344/997/748 1354/998/748
f 1204/999/749 1350/1000/749 1199/1001/749
f 1188/1002/750 1179/1003/750 1343/1004/750
f 1208/1005/751 1198/1006/751 1349/1007/751
f 939/1008/752 1333/1009/752 761/1010/752
f 1493/1011/753 1512/1012/753 1505/1013/753
f 1401/1014/754 1551/1015/754 1545/1016/754
f 1546/1017/755 1538/1018/755 1418/1019/755
f 1440/1020/756 1409/1021/756 1447/1022/756
f 1380/1023/757 1384/1024/757 1429/1025/757
f 1451/1026/758 1430/1027/758 1465/1028/758
f 1518/1029/759 1484/1030/759 1536/1031/759
f 1539/1032/760 1547/1033/760 1552/1034/760
f 926/1035/761 1531/1036/761 1018/1037/761
f 1540/1038/762 1375/1039/762 1419/1040/762
f 471/1041/763 674/1042/763 592/1043/763
f 460/1044/764 664/1045/764 413/1046/764
f 589/1047/765 506/1048/765 579/1049/765
f 1492/1050/766 1504/1051/766 1529/1052/766
f 1534/1053/767 1483/1054/767 991/1055/767
f 1522/1056/768 1482/1057/768 1517/1058/768
f 1459/1059/769 1556/1060/769 1439/1061/769
f 1520/1062/770 1563/1063/770 1481/1064/770
f 1438/1065/771 1446/1066/771 1458/1067/771
f 1463/1068/772 1428/1069/772 1562/1070/772
f 1394/1071/773 1408/1072/773 1437/1073/773
f 1379/1074/774 1427/1075/774 1450/1076/774
f 1399/1077/775 1389/1078/775 1550/1079/775
f 1591/1080/776 1586/1081/776 221/1082/776
f 1604/1083/777 1609/1084/777 1596/1085/777
f 87/1086/778 279/1087/778 262/1088/778
f 252/1089/779 271/1090/779 80/1091/779
f 117/1092/780 128/1093/780 987/1094/780
f 1606/1095/781 233/1096/781 1620/1097/781
f 109/1098/782 1003/1099/782 969/1100/782
f 1598/1101/783 1588/1102/783 238/1103/783
f 1578/1104/784 1625/1105/784 40/1106/784
f 1593/1107/785 1607/1108/785 8/1109/785
f 247/1110/786 59/1111/786 161/1112/786
f 180/1113/787 104/1114/787 170/1115/787
f 206/1116/788 105/1117/788 960/1118/788
f 122/1119/789 142/1120/789 196/1121/789
f 1600/1122/790 239/1123/790 228/1124/790
f 229/1125/791 216/1126/791 1616/1127/791
f 123/1128/792 163/1129/792 143/1130/792
f 10/1131/793 1608/1132/793 33/1133/793
f 1579/1134/794 1583/1135/794 1627/1136/794
f 41/1137/795 1628/1138/795 69/1139/795
f 171/1140/796 106/1141/796 208/1142/796
f 217/1143/797 230/1144/797 240/1145/797
f 218/1146/798 1574/1147/798 1617/1148/798
f 992/1149/799 198/1150/799 754/1151/799
f 1603/1152/800 1594/1153/800 231/1154/800
f 1584/1155/801 1575/1156/801 219/1157/801
f 1601/1158/802 232/1159/802 1595/1160/802
f 1590/1161/803 220/1162/803 241/1163/803
f 124/1164/804 248/1165/804 164/1166/804
f 61/1167/805 249/1168/805 11/1169/805
f 1405/1170/806 1410/1171/806 1395/1172/806
f 837/1173/807 879/1174/807 874/1175/807
f 862/1176/808 868/1177/808 1147/1178/808
f 1044/1179/809 1009/1180/809 751/1181/809
f 1036/1182/810 981/1183/810 1056/1184/810
f 936/1185/811 1066/1186/811 1052/1187/811
f 1045/1188/812 756/1189/812 904/1190/812
f 915/1191/813 1046/1192/813 895/1193/813
f 505/1194/814 1037/1195/814 496/1196/814
f 784/1197/815 1038/1198/815 974/1199/815
f 1053/1200/816 1021/1201/816 911/1202/816
f 702/1203/817 779/1204/817 948/1205/817
f 986/1206/818 997/1207/818 747/1208/818
f 1057/1209/819 975/1210/819 1039/1211/819
f 502/1212/820 483/1213/820 893/1214/820
f 503/1215/821 898/1216/821 1033/1217/821
f 914/1218/822 918/1219/822 1040/1220/822
f 514/1221/823 574/1222/823 1047/1223/823
f 730/1224/824 693/1225/824 956/1226/824
f 704/1227/825 776/1228/825 698/1229/825
f 909/1230/826 524/1231/826 1048/1232/826
f 1385/1233/827 1376/1234/827 1541/1235/827
f 1402/1236/828 1548/1237/828 1396/1238/828
f 1391/1239/829 1542/1240/829 1553/1241/829
f 1494/1242/830 1557/1243/830 1513/1244/830
f 1558/1245/831 1461/1246/831 1514/1247/831
f 1466/1248/832 1564/1249/832 1523/1250/832
f 1479/1251/833 1025/1252/833 1486/1253/833
f 1496/1254/834 928/1255/834 1012/1256/834
f 1497/1257/835 1532/1258/835 929/1259/835
f 1008/1260/836 1537/1261/836 996/1262/836
f 1576/1263/837 1585/1264/837 1580/1265/837
f 828/1266/838 444/1267/838 865/1268/838
f 445/1269/839 454/1270/839 463/1271/839
f 475/1272/840 434/1273/840 485/1274/840
f 476/1275/841 834/1276/841 435/1277/841
f 798/1278/842 789/1279/842 803/1280/842
f 870/1281/843 888/1282/843 464/1283/843
f 1321/1284/844 1364/1285/844 1282/1286/844
f 1357/1287/845 1261/1288/845 1312/1289/845
f 1323/1290/846 1283/1291/846 1318/1292/846
f 1335/1293/847 1284/1294/847 925/1295/847
f 1293/1296/848 1305/1297/848 1330/1298/848
f 1203/1299/849 1352/1300/849 1346/1301/849
f 1347/1302/850 1340/1303/850 1221/1304/850
f 1294/1305/851 1332/1306/851 938/1307/851
f 1295/1308/852 1314/1309/852 1306/1310/852
f 1241/1311/853 1213/1312/853 1250/1313/853
f 1183/1314/854 1187/1315/854 1231/1316/854
f 1254/1317/855 1232/1318/855 1267/1319/855
f 1319/1320/856 1285/1321/856 1337/1322/856
f 1341/1323/857 1348/1324/857 1353/1325/857
f 1342/1326/858 1178/1327/858 1222/1328/858
f 1139/1329/859 840/1330/859 850/1331/859
f 851/1332/860 857/1333/860 882/1334/860
f 852/1335/861 883/1336/861 1140/1337/861
f 1150/1338/862 1145/1339/862 890/1340/862
f 873/1341/863 878/1342/863 1154/1343/863
f 884/1344/864 1146/1345/864 1151/1346/864
f 722/1347/865 713/1348/865 16/1349/865
f 17/1350/866 714/1351/866 1104/1352/866
f 748/1353/867 1004/1354/867 989/1355/867
f 1075/1356/868 901/1357/868 905/1358/868
f 757/1359/869 1076/1360/869 906/1361/869
f 907/1362/870 1087/1363/870 921/1364/870
f 1103/1365/871 26/1366/871 14/1367/871
f 1131/1368/872 367/1369/872 27/1370/872
f 1132/1371/873 1127/1372/873 222/1373/873
f 424/1374/874 223/1375/874 1128/1376/874
f 1133/1377/875 1108/1378/875 1129/1379/875
f 1134/1380/876 224/1381/876 368/1382/876
f 1122/1383/877 821/1384/877 1120/1385/877
f 805/1386/878 792/1387/878 1173/1388/878
f 2/1389/879 721/1390/879 15/1391/879
f 212/1392/880 806/1393/880 3/1394/880
f 1115/1395/881 801/1396/881 807/1397/881
f 858/1398/882 855/1399/882 1110/1400/882
f 788/1401/883 793/1402/883 802/1403/883
f 705/1404/884 770/1405/884 775/1406/884
f 655/1407/885 731/1408/885 728/1409/885
f 565/1410/886 556/1411/886 737/1412/886
f 738/1413/887 715/1414/887 709/1415/887
f 644/1416/888 584/1417/888 665/1418/888
f 625/1419/889 818/1420/889 546/1421/889
f 645/1422/890 626/1423/890 547/1424/890
f 557/1425/891 825/1426/891 1157/1427/891
f 1111/1428/892 826/1429/892 859/1430/892
f 1135/1431/893 827/1432/893 1112/1433/893
f 646/1434/894 536/1435/894 585/1436/894
f 666/1437/895 586/1438/895 676/1439/895
f 739/1440/896 759/1441/896 567/1442/896
f 606/1443/897 596/1444/897 617/1445/897
f 823/1446/898 1125/1447/898 849/1448/898
f 347/1449/899 643/1450/899 375/1451/899
f 512/1452/900 695/1453/900 952/1454/900
f 338/1455/901 316/1456/901 653/1457/901
f 298/1458/902 393/1459/902 441/1460/902
f 327/1461/903 357/1462/903 411/1463/903
f 470/1464/904 394/1465/904 673/1466/904
f 412/1467/905 432/1468/905 459/1469/905
f 618/1470/906 507/1471/906 949/1472/906
f 527/1473/907 550/1474/907 608/1475/907
f 335/1476/908 650/1477/908 638/1478/908
f 639/1479/909 628/1480/909 371/1481/909
f 528/1482/910 569/1483/910 551/1484/910
f 408/1485/911 353/1486/911 429/1487/911
f 294/1488/912 304/1489/912 389/1490/912
f 438/1491/913 390/1492/913 468/1493/913
f 580/1494/914 508/1495/914 620/1496/914
f 629/1497/915 640/1498/915 651/1499/915
f 630/1500/916 286/1501/916 372/1502/916
f 344/1503/917 323/1504/917 641/1505/917
f 305/1506/918 287/1507/918 631/1508/918
f 336/1509/919 642/1510/919 324/1511/919
f 313/1512/920 632/1513/920 652/1514/920
f 529/1515/921 659/1516/921 570/1517/921
f 660/1518/922 457/1519/922 571/1520/922
f 590/1521/923 669/1522/923 509/1523/923
f 500/1524/924 692/1525/924 511/1526/924
f 955/1527/925 531/1528/925 963/1529/925
f 532/1530/926 610/1531/926 964/1532/926
f 937/1533/927 1338/1534/927 931/1535/927
f 1298/1536/928 940/1537/928 700/1538/928
f 1280/1539/929 947/1540/929 1287/1541/929
f 961/1542/930 971/1543/930 1054/1544/930
f 962/1545/931 1055/1546/931 977/1547/931
f 753/1548/932 749/1549/932 990/1550/932
f 1063/1551/933 932/1552/933 922/1553/933
f 1064/1554/934 924/1555/934 1016/1556/934
f 774/1557/935 769/1558/935 1097/1559/935
f 765/1560/936 1082/1561/936 1092/1562/936
f 1205/1563/937 1209/1564/937 1195/1565/937
f 1273/1566/938 1371/1567/938 1361/1568/938
f 1356/1569/939 1367/1570/939 1270/1571/939
f 1292/1572/940 697/1573/940 1288/1574/940
f 1207/1575/941 1345/1576/941 1220/1577/941
f 1281/1578/942 943/1579/942 923/1580/942
f 1201/1581/943 1192/1582/943 1351/1583/943
f 1182/1584/944 1229/1585/944 1253/1586/944
f 1197/1587/945 1212/1588/945 1239/1589/945
f 1265/1590/946 1230/1591/946 1363/1592/946
f 1240/1593/947 1249/1594/947 1260/1595/947
f 605/1596/948 621/1597/948 951/1598/948
f 70/1599/949 260/1600/949 181/1601/949
f 98/1602/950 1000/1603/950 108/1604/950
f 983/1605/951 126/1606/951 993/1607/951
f 127/1608/952 199/1609/952 994/1610/952
f 979/1611/953 209/1612/953 967/1613/953
f 288/1614/954 306/1615/954 295/1616/954
f 314/1617/955 307/1618/955 633/1619/955
f 345/1620/956 354/1621/956 325/1622/956
f 489/1623/957 690/1624/957 671/1625/957
f 663/1626/958 682/1627/958 481/1628/958
f 521/1629/959 533/1630/959 959/1631/959
f 968/1632/960 612/1633/960 973/1634/960
