# Blender v2.79 (sub 0) OBJ File: ''
# www.blender.org
mtllib left hand 5.mtl
o n0b0_n0b0.004
v 1.802344 0.357031 2.208594
v 1.802344 0.357031 2.208594
v 1.802344 0.357031 2.208594
v 1.802344 0.357031 2.208594
v 1.802344 0.357031 2.208594
v 1.802344 0.357031 2.208594
v 5.784375 -0.551562 0.000781
v 5.784375 -0.551562 0.000781
v 5.784375 -0.551562 0.000781
v 5.784375 -0.551562 0.000781
v 5.784375 -0.551562 0.000781
v 5.784375 -0.551562 0.000781
v 1.866797 0.269531 2.424219
v 1.866797 0.269531 2.424219
v 1.866797 0.269531 2.424219
v 1.866797 0.269531 2.424219
v 1.866797 0.269531 2.424219
v 1.866797 0.269531 2.424219
v 6.489063 -0.310547 -0.491797
v 6.489063 -0.310547 -0.491797
v 6.489063 -0.310547 -0.491797
v 6.489063 -0.310547 -0.491797
v 0.947266 -0.041797 2.567969
v 0.947266 -0.041797 2.567969
v 0.947266 -0.041797 2.567969
v 0.947266 -0.041797 2.567969
v 0.947266 -0.041797 2.567969
v 6.242578 -0.400000 -0.079297
v 6.242578 -0.400000 -0.079297
v 6.242578 -0.400000 -0.079297
v 6.242578 -0.400000 -0.079297
v 4.610547 -0.303516 2.429688
v 4.610547 -0.303516 2.429688
v 4.610547 -0.303516 2.429688
v 4.610547 -0.303516 2.429688
v 6.325391 -0.435547 -0.923047
v 6.325391 -0.435547 -0.923047
v 6.325391 -0.435547 -0.923047
v 6.325391 -0.435547 -0.923047
v 4.378906 -0.084766 2.171484
v 4.378906 -0.084766 2.171484
v 4.378906 -0.084766 2.171484
v 4.378906 -0.084766 2.171484
v 4.378906 -0.084766 2.171484
v 6.189453 0.172266 -0.539844
v 6.189453 0.172266 -0.539844
v 6.189453 0.172266 -0.539844
v 6.189453 0.172266 -0.539844
v 3.800781 -0.136328 1.790234
v 3.800781 -0.136328 1.790234
v 3.800781 -0.136328 1.790234
v 3.800781 -0.136328 1.790234
v 3.800781 -0.136328 1.790234
v 6.005859 0.036328 -0.126172
v 6.005859 0.036328 -0.126172
v 6.005859 0.036328 -0.126172
v 6.005859 0.036328 -0.126172
v 6.005859 0.036328 -0.126172
v 4.378125 -0.310156 1.706641
v 4.378125 -0.310156 1.706641
v 4.378125 -0.310156 1.706641
v 4.378125 -0.310156 1.706641
v 6.067969 0.010156 -0.969531
v 6.067969 0.010156 -0.969531
v 6.067969 0.010156 -0.969531
v 6.067969 0.010156 -0.969531
v 6.067969 0.010156 -0.969531
v 4.725781 -0.760938 2.537891
v 4.725781 -0.760938 2.537891
v 4.725781 -0.760938 2.537891
v 4.725781 -0.760938 2.537891
v 4.725781 -0.760938 2.537891
v 5.000391 -0.748438 -0.355469
v 5.000391 -0.748438 -0.355469
v 5.000391 -0.748438 -0.355469
v 5.000391 -0.748438 -0.355469
v 3.392188 -0.104688 1.910938
v 3.392188 -0.104688 1.910938
v 3.392188 -0.104688 1.910938
v 3.392188 -0.104688 1.910938
v 5.029687 -0.764063 -0.747266
v 5.029687 -0.764063 -0.747266
v 5.029687 -0.764063 -0.747266
v 5.029687 -0.764063 -0.747266
v 3.624219 -0.008594 2.498828
v 3.624219 -0.008594 2.498828
v 3.624219 -0.008594 2.498828
v 3.624219 -0.008594 2.498828
v 3.624219 -0.008594 2.498828
v 3.624219 -0.008594 2.498828
v 4.326953 -0.392969 -0.831641
v 4.326953 -0.392969 -0.831641
v 4.326953 -0.392969 -0.831641
v 4.326953 -0.392969 -0.831641
v 3.861719 -0.856250 2.939063
v 3.861719 -0.856250 2.939063
v 3.861719 -0.856250 2.939063
v 3.861719 -0.856250 2.939063
v 4.625000 0.110547 -1.144531
v 4.625000 0.110547 -1.144531
v 4.625000 0.110547 -1.144531
v 4.625000 0.110547 -1.144531
v 4.625000 0.110547 -1.144531
v 4.625000 0.110547 -1.144531
v 4.625000 0.110547 -1.144531
v 3.826172 -0.253906 2.835547
v 3.826172 -0.253906 2.835547
v 3.826172 -0.253906 2.835547
v 3.826172 -0.253906 2.835547
v 4.327734 -0.395313 -0.408203
v 4.327734 -0.395313 -0.408203
v 4.327734 -0.395313 -0.408203
v 4.327734 -0.395313 -0.408203
v 3.322266 -0.891797 3.044141
v 3.322266 -0.891797 3.044141
v 3.322266 -0.891797 3.044141
v 3.322266 -0.891797 3.044141
v 4.531641 0.243359 -0.041406
v 4.531641 0.243359 -0.041406
v 4.531641 0.243359 -0.041406
v 4.531641 0.243359 -0.041406
v 4.531641 0.243359 -0.041406
v 4.531641 0.243359 -0.041406
v 4.531641 0.243359 -0.041406
v 3.294531 -0.225781 2.976953
v 3.294531 -0.225781 2.976953
v 3.294531 -0.225781 2.976953
v 3.294531 -0.225781 2.976953
v 3.294531 -0.225781 2.976953
v 4.878516 0.986328 -0.632422
v 4.878516 0.986328 -0.632422
v 4.878516 0.986328 -0.632422
v 4.878516 0.986328 -0.632422
v 3.023438 -0.208594 1.969531
v 3.023438 -0.208594 1.969531
v 3.023438 -0.208594 1.969531
v 3.023438 -0.208594 1.969531
v 4.784766 0.870313 -0.204297
v 4.784766 0.870313 -0.204297
v 4.784766 0.870313 -0.204297
v 4.784766 0.870313 -0.204297
v 2.260937 0.030859 2.134766
v 2.260937 0.030859 2.134766
v 2.260937 0.030859 2.134766
v 2.260937 0.030859 2.134766
v 2.260937 0.030859 2.134766
v 5.632812 0.616797 -0.591016
v 5.632812 0.616797 -0.591016
v 5.632812 0.616797 -0.591016
v 5.632812 0.616797 -0.591016
v 2.164844 0.140625 2.566016
v 2.164844 0.140625 2.566016
v 2.164844 0.140625 2.566016
v 2.164844 0.140625 2.566016
v 2.164844 0.140625 2.566016
v 2.164844 0.140625 2.566016
v 5.483984 0.493750 -0.173438
v 5.483984 0.493750 -0.173438
v 5.483984 0.493750 -0.173438
v 5.483984 0.493750 -0.173438
v 5.483984 0.493750 -0.173438
v 2.205078 -0.960938 3.047266
v 2.205078 -0.960938 3.047266
v 2.205078 -0.960938 3.047266
v 2.205078 -0.960938 3.047266
v 4.813282 0.842578 -1.064844
v 4.813282 0.842578 -1.064844
v 4.813282 0.842578 -1.064844
v 4.813282 0.842578 -1.064844
v 2.907813 -0.921484 3.098828
v 2.907813 -0.921484 3.098828
v 2.907813 -0.921484 3.098828
v 2.907813 -0.921484 3.098828
v 5.514844 0.473828 -1.017969
v 5.514844 0.473828 -1.017969
v 5.514844 0.473828 -1.017969
v 5.514844 0.473828 -1.017969
v 5.514844 0.473828 -1.017969
v 2.142578 -0.235938 2.922266
v 2.142578 -0.235938 2.922266
v 2.142578 -0.235938 2.922266
v 2.142578 -0.235938 2.922266
v 4.453516 1.165234 -0.650781
v 4.453516 1.165234 -0.650781
v 4.453516 1.165234 -0.650781
v 4.453516 1.165234 -0.650781
v 2.805859 -0.238672 2.951953
v 2.805859 -0.238672 2.951953
v 2.805859 -0.238672 2.951953
v 2.805859 -0.238672 2.951953
v 2.805859 -0.238672 2.951953
v 4.404297 1.060938 -0.219922
v 4.404297 1.060938 -0.219922
v 4.404297 1.060938 -0.219922
v 4.404297 1.060938 -0.219922
v 4.404297 1.060938 -0.219922
v 4.846485 -0.333594 2.070312
v 4.846485 -0.333594 2.070312
v 4.846485 -0.333594 2.070312
v 4.846485 -0.333594 2.070312
v 4.846485 -0.333594 2.070312
v 4.372266 1.089453 -1.085156
v 4.372266 1.089453 -1.085156
v 4.372266 1.089453 -1.085156
v 4.372266 1.089453 -1.085156
v 4.372266 1.089453 -1.085156
v 2.415625 -0.248438 2.121875
v 2.415625 -0.248438 2.121875
v 2.415625 -0.248438 2.121875
v 2.415625 -0.248438 2.121875
v 2.415625 -0.248438 2.121875
v 2.415625 -0.248438 2.121875
v 5.989063 -1.662891 -0.671484
v 5.989063 -1.662891 -0.671484
v 5.989063 -1.662891 -0.671484
v 5.989063 -1.662891 -0.671484
v 5.989063 -1.662891 -0.671484
v 5.989063 -1.662891 -0.671484
v 1.406250 -1.515625 1.953906
v 1.406250 -1.515625 1.953906
v 1.406250 -1.515625 1.953906
v 1.406250 -1.515625 1.953906
v 1.406250 -1.515625 1.953906
v 1.406250 -1.515625 1.953906
v 5.983203 -1.628906 -0.301172
v 5.983203 -1.628906 -0.301172
v 5.983203 -1.628906 -0.301172
v 5.983203 -1.628906 -0.301172
v 5.983203 -1.628906 -0.301172
v 5.983203 -1.628906 -0.301172
v 4.653125 -1.170703 2.306641
v 4.653125 -1.170703 2.306641
v 4.653125 -1.170703 2.306641
v 4.653125 -1.170703 2.306641
v 5.543359 -1.588672 -0.492578
v 5.543359 -1.588672 -0.492578
v 5.543359 -1.588672 -0.492578
v 5.543359 -1.588672 -0.492578
v 4.431641 -1.147266 1.841406
v 4.431641 -1.147266 1.841406
v 4.431641 -1.147266 1.841406
v 4.431641 -1.147266 1.841406
v 4.431641 -1.147266 1.841406
v 5.181641 -0.050781 -0.007031
v 5.181641 -0.050781 -0.007031
v 5.181641 -0.050781 -0.007031
v 5.181641 -0.050781 -0.007031
v 5.181641 -0.050781 -0.007031
v 5.181641 -0.050781 -0.007031
v 3.829297 -1.047266 1.707813
v 3.829297 -1.047266 1.707813
v 3.829297 -1.047266 1.707813
v 3.829297 -1.047266 1.707813
v 3.829297 -1.047266 1.707813
v 5.271094 -0.081641 -1.119922
v 5.271094 -0.081641 -1.119922
v 5.271094 -0.081641 -1.119922
v 5.271094 -0.081641 -1.119922
v 5.271094 -0.081641 -1.119922
v 5.271094 -0.081641 -1.119922
v 4.460156 -0.983203 1.692188
v 4.460156 -0.983203 1.692188
v 4.460156 -0.983203 1.692188
v 4.460156 -0.983203 1.692188
v 4.592578 -0.608594 -0.380859
v 4.592578 -0.608594 -0.380859
v 4.592578 -0.608594 -0.380859
v 4.592578 -0.608594 -0.380859
v 3.388281 -1.054688 1.791797
v 3.388281 -1.054688 1.791797
v 3.388281 -1.054688 1.791797
v 3.388281 -1.054688 1.791797
v 4.605469 -0.621094 -0.788672
v 4.605469 -0.621094 -0.788672
v 4.605469 -0.621094 -0.788672
v 4.605469 -0.621094 -0.788672
v 3.635547 -1.361719 2.152735
v 3.635547 -1.361719 2.152735
v 3.635547 -1.361719 2.152735
v 3.635547 -1.361719 2.152735
v 3.635547 -1.361719 2.152735
v 3.635547 -1.361719 2.152735
v 6.038281 -1.086719 -1.630859
v 6.038281 -1.086719 -1.630859
v 6.038281 -1.086719 -1.630859
v 6.038281 -1.086719 -1.630859
v 3.856641 -1.314453 2.603906
v 3.856641 -1.314453 2.603906
v 3.856641 -1.314453 2.603906
v 3.856641 -1.314453 2.603906
v 6.048828 -0.696094 -1.714453
v 6.048828 -0.696094 -1.714453
v 6.048828 -0.696094 -1.714453
v 6.048828 -0.696094 -1.714453
v 6.048828 -0.696094 -1.714453
v 3.318359 -1.368359 2.714844
v 3.318359 -1.368359 2.714844
v 3.318359 -1.368359 2.714844
v 3.318359 -1.368359 2.714844
v 3.318359 -1.368359 2.714844
v 5.605078 -1.160547 -1.778906
v 5.605078 -1.160547 -1.778906
v 5.605078 -1.160547 -1.778906
v 5.605078 -1.160547 -1.778906
v 5.605078 -1.160547 -1.778906
v 2.982813 -1.011328 1.969531
v 2.982813 -1.011328 1.969531
v 2.982813 -1.011328 1.969531
v 2.982813 -1.011328 1.969531
v 5.364453 -1.294922 -1.596484
v 5.364453 -1.294922 -1.596484
v 5.364453 -1.294922 -1.596484
v 5.364453 -1.294922 -1.596484
v 5.364453 -1.294922 -1.596484
v 2.551172 -1.050391 1.880469
v 2.551172 -1.050391 1.880469
v 2.551172 -1.050391 1.880469
v 2.551172 -1.050391 1.880469
v 2.551172 -1.050391 1.880469
v 5.500782 -1.113281 -0.988281
v 5.500782 -1.113281 -0.988281
v 5.500782 -1.113281 -0.988281
v 5.500782 -1.113281 -0.988281
v 5.500782 -1.113281 -0.988281
v 2.400781 -1.382031 2.268359
v 2.400781 -1.382031 2.268359
v 2.400781 -1.382031 2.268359
v 2.400781 -1.382031 2.268359
v 2.400781 -1.382031 2.268359
v 2.400781 -1.382031 2.268359
v 2.400781 -1.382031 2.268359
v 5.324609 -1.271094 -1.197266
v 5.324609 -1.271094 -1.197266
v 5.324609 -1.271094 -1.197266
v 5.324609 -1.271094 -1.197266
v 5.324609 -1.271094 -1.197266
v 2.364844 -1.428516 2.722656
v 2.364844 -1.428516 2.722656
v 2.364844 -1.428516 2.722656
v 2.364844 -1.428516 2.722656
v 5.974609 -1.060547 -1.090234
v 5.974609 -1.060547 -1.090234
v 5.974609 -1.060547 -1.090234
v 5.974609 -1.060547 -1.090234
v 2.981250 -1.396875 2.782422
v 2.981250 -1.396875 2.782422
v 2.981250 -1.396875 2.782422
v 2.981250 -1.396875 2.782422
v 2.981250 -1.396875 2.782422
v 5.958984 -0.584375 -1.067188
v 5.958984 -0.584375 -1.067188
v 5.958984 -0.584375 -1.067188
v 5.958984 -0.584375 -1.067188
v 5.958984 -0.584375 -1.067188
v 4.876953 -0.947266 1.981641
v 4.876953 -0.947266 1.981641
v 4.876953 -0.947266 1.981641
v 4.876953 -0.947266 1.981641
v 4.876953 -0.947266 1.981641
v 6.136719 -0.602344 -1.380859
v 6.136719 -0.602344 -1.380859
v 6.136719 -0.602344 -1.380859
v 6.136719 -0.602344 -1.380859
v 0.698047 -1.106250 2.307031
v 0.698047 -1.106250 2.307031
v 0.698047 -1.106250 2.307031
v 0.698047 -1.106250 2.307031
v 0.698047 -1.106250 2.307031
v 6.174610 -1.065625 -1.343359
v 6.174610 -1.065625 -1.343359
v 6.174610 -1.065625 -1.343359
v 6.174610 -1.065625 -1.343359
v 6.174610 -1.065625 -1.343359
v 1.545703 -0.267188 2.803125
v 1.545703 -0.267188 2.803125
v 1.545703 -0.267188 2.803125
v 1.545703 -0.267188 2.803125
v 1.545703 -0.267188 2.803125
v 5.058984 -1.071484 -1.648438
v 5.058984 -1.071484 -1.648438
v 5.058984 -1.071484 -1.648438
v 5.058984 -1.071484 -1.648438
v 1.514453 -1.030859 2.866406
v 1.514453 -1.030859 2.866406
v 1.514453 -1.030859 2.866406
v 1.514453 -1.030859 2.866406
v 5.488281 -0.613672 -1.881641
v 5.488281 -0.613672 -1.881641
v 5.488281 -0.613672 -1.881641
v 5.488281 -0.613672 -1.881641
v 5.488281 -0.613672 -1.881641
v 5.488281 -0.613672 -1.881641
v 1.691406 -1.446875 2.599609
v 1.691406 -1.446875 2.599609
v 1.691406 -1.446875 2.599609
v 1.691406 -1.446875 2.599609
v 5.019141 -1.047656 -1.249219
v 5.019141 -1.047656 -1.249219
v 5.019141 -1.047656 -1.249219
v 5.019141 -1.047656 -1.249219
v 3.089453 0.038672 2.510547
v 3.089453 0.038672 2.510547
v 3.089453 0.038672 2.510547
v 3.089453 0.038672 2.510547
v 3.089453 0.038672 2.510547
v 5.397266 -0.495313 -0.991016
v 5.397266 -0.495313 -0.991016
v 5.397266 -0.495313 -0.991016
v 5.397266 -0.495313 -0.991016
v 5.397266 -0.495313 -0.991016
v 5.397266 -0.495313 -0.991016
v 3.071484 -1.324219 2.262891
v 3.071484 -1.324219 2.262891
v 3.071484 -1.324219 2.262891
v 3.071484 -1.324219 2.262891
v 3.071484 -1.324219 2.262891
v 5.980078 -0.200000 -1.423437
v 5.980078 -0.200000 -1.423437
v 5.980078 -0.200000 -1.423437
v 5.980078 -0.200000 -1.423437
v 2.240234 -1.262109 1.593750
v 2.240234 -1.262109 1.593750
v 2.240234 -1.262109 1.593750
v 2.240234 -1.262109 1.593750
v 2.240234 -1.262109 1.593750
v 2.240234 -1.262109 1.593750
v 2.240234 -1.262109 1.593750
v 2.240234 -1.262109 1.593750
v 5.805469 -0.244531 -1.066016
v 5.805469 -0.244531 -1.066016
v 5.805469 -0.244531 -1.066016
v 5.805469 -0.244531 -1.066016
v 0.095312 1.144922 -0.935547
v 0.095312 1.144922 -0.935547
v 0.095312 1.144922 -0.935547
v 0.095312 1.144922 -0.935547
v 0.095312 1.144922 -0.935547
v 5.907032 -0.314453 -1.801172
v 5.907032 -0.314453 -1.801172
v 5.907032 -0.314453 -1.801172
v 5.907032 -0.314453 -1.801172
v 0.884766 1.220703 1.136719
v 0.884766 1.220703 1.136719
v 0.884766 1.220703 1.136719
v 0.884766 1.220703 1.136719
v 0.884766 1.220703 1.136719
v 0.884766 1.220703 1.136719
v 5.747656 0.125000 -1.465625
v 5.747656 0.125000 -1.465625
v 5.747656 0.125000 -1.465625
v 5.747656 0.125000 -1.465625
v 0.884766 1.487891 0.347266
v 0.884766 1.487891 0.347266
v 0.884766 1.487891 0.347266
v 0.884766 1.487891 0.347266
v 0.884766 1.487891 0.347266
v 5.533594 0.050391 -1.084766
v 5.533594 0.050391 -1.084766
v 5.533594 0.050391 -1.084766
v 5.533594 0.050391 -1.084766
v 5.533594 0.050391 -1.084766
v 0.064062 1.147266 0.733203
v 0.064062 1.147266 0.733203
v 0.064062 1.147266 0.733203
v 0.064062 1.147266 0.733203
v 0.064062 1.147266 0.733203
v 0.064062 1.147266 0.733203
v 5.621875 0.007031 -1.846875
v 5.621875 0.007031 -1.846875
v 5.621875 0.007031 -1.846875
v 5.621875 0.007031 -1.846875
v 5.621875 0.007031 -1.846875
v 0.867578 1.378516 -1.241016
v 0.867578 1.378516 -1.241016
v 0.867578 1.378516 -1.241016
v 0.867578 1.378516 -1.241016
v 0.867578 1.378516 -1.241016
v 0.867578 1.378516 -1.241016
v 4.871094 -0.713672 -1.298437
v 4.871094 -0.713672 -1.298437
v 4.871094 -0.713672 -1.298437
v 4.871094 -0.713672 -1.298437
v 0.884766 1.487891 -0.592969
v 0.884766 1.487891 -0.592969
v 0.884766 1.487891 -0.592969
v 0.884766 1.487891 -0.592969
v 0.884766 1.487891 -0.592969
v 4.921875 -0.728516 -1.717188
v 4.921875 -0.728516 -1.717188
v 4.921875 -0.728516 -1.717188
v 4.921875 -0.728516 -1.717188
v 2.144922 1.511328 -1.295313
v 2.144922 1.511328 -1.295313
v 2.144922 1.511328 -1.295313
v 2.144922 1.511328 -1.295313
v 2.144922 1.511328 -1.295313
v 4.261328 -0.368359 -1.767969
v 4.261328 -0.368359 -1.767969
v 4.261328 -0.368359 -1.767969
v 4.261328 -0.368359 -1.767969
v 2.095703 1.615234 -0.855469
v 2.095703 1.615234 -0.855469
v 2.095703 1.615234 -0.855469
v 2.095703 1.615234 -0.855469
v 2.095703 1.615234 -0.855469
v 4.475000 0.251563 -2.000391
v 4.475000 0.251563 -2.000391
v 4.475000 0.251563 -2.000391
v 4.475000 0.251563 -2.000391
v 4.475000 0.251563 -2.000391
v 4.475000 0.251563 -2.000391
v 4.475000 0.251563 -2.000391
v 2.095703 1.499609 1.050000
v 2.095703 1.499609 1.050000
v 2.095703 1.499609 1.050000
v 2.095703 1.499609 1.050000
v 2.095703 1.499609 1.050000
v 4.235547 -0.353125 -1.329687
v 4.235547 -0.353125 -1.329687
v 4.235547 -0.353125 -1.329687
v 4.235547 -0.353125 -1.329687
v 2.095703 1.615234 0.610156
v 2.095703 1.615234 0.610156
v 2.095703 1.615234 0.610156
v 2.095703 1.615234 0.610156
v 2.095703 1.615234 0.610156
v 4.600781 0.328125 -1.135547
v 4.600781 0.328125 -1.135547
v 4.600781 0.328125 -1.135547
v 4.600781 0.328125 -1.135547
v 4.600781 0.328125 -1.135547
v 4.600781 0.328125 -1.135547
v 4.600781 0.328125 -1.135547
v 2.194141 1.212891 -1.861328
v 2.194141 1.212891 -1.861328
v 2.194141 1.212891 -1.861328
v 2.194141 1.212891 -1.861328
v 2.194141 1.212891 -1.861328
v 2.194141 1.212891 -1.861328
v 4.808594 0.731250 -1.565234
v 4.808594 0.731250 -1.565234
v 4.808594 0.731250 -1.565234
v 4.808594 0.731250 -1.565234
v 0.787891 0.615625 -1.919141
v 0.787891 0.615625 -1.919141
v 0.787891 0.615625 -1.919141
v 0.787891 0.615625 -1.919141
v 0.787891 0.615625 -1.919141
v 0.787891 0.615625 -1.919141
v 4.746484 0.591406 -1.180859
v 4.746484 0.591406 -1.180859
v 4.746484 0.591406 -1.180859
v 4.746484 0.591406 -1.180859
v 2.095703 1.275000 1.578125
v 2.095703 1.275000 1.578125
v 2.095703 1.275000 1.578125
v 2.095703 1.275000 1.578125
v 2.095703 1.275000 1.578125
v 2.095703 1.275000 1.578125
v 5.351172 0.438281 -1.518359
v 5.351172 0.438281 -1.518359
v 5.351172 0.438281 -1.518359
v 5.351172 0.438281 -1.518359
v 2.944141 1.220703 1.795313
v 2.944141 1.220703 1.795313
v 2.944141 1.220703 1.795313
v 2.944141 1.220703 1.795313
v 2.944141 1.220703 1.795313
v 5.238281 0.260938 -1.121484
v 5.238281 0.260938 -1.121484
v 5.238281 0.260938 -1.121484
v 5.238281 0.260938 -1.121484
v 5.238281 0.260938 -1.121484
v 2.946484 1.467188 1.136719
v 2.946484 1.467188 1.136719
v 2.946484 1.467188 1.136719
v 2.946484 1.467188 1.136719
v 2.946484 1.467188 1.136719
v 4.780078 0.510156 -1.931641
v 4.780078 0.510156 -1.931641
v 4.780078 0.510156 -1.931641
v 4.780078 0.510156 -1.931641
v 2.924609 0.707812 -2.099219
v 2.924609 0.707812 -2.099219
v 2.924609 0.707812 -2.099219
v 2.924609 0.707812 -2.099219
v 2.924609 0.707812 -2.099219
v 2.924609 0.707812 -2.099219
v 5.301172 0.239453 -1.886719
v 5.301172 0.239453 -1.886719
v 5.301172 0.239453 -1.886719
v 5.301172 0.239453 -1.886719
v 5.301172 0.239453 -1.886719
v 2.875391 1.168750 -1.939844
v 2.875391 1.168750 -1.939844
v 2.875391 1.168750 -1.939844
v 2.875391 1.168750 -1.939844
v 2.875391 1.168750 -1.939844
v 4.301563 0.968359 -1.602344
v 4.301563 0.968359 -1.602344
v 4.301563 0.968359 -1.602344
v 4.301563 0.968359 -1.602344
v 3.833203 0.892188 -1.977734
v 3.833203 0.892188 -1.977734
v 3.833203 0.892188 -1.977734
v 3.833203 0.892188 -1.977734
v 3.833203 0.892188 -1.977734
v 4.208594 0.876172 -1.219922
v 4.208594 0.876172 -1.219922
v 4.208594 0.876172 -1.219922
v 4.208594 0.876172 -1.219922
v 4.208594 0.876172 -1.219922
v 3.835156 1.108203 -1.646875
v 3.835156 1.108203 -1.646875
v 3.835156 1.108203 -1.646875
v 3.835156 1.108203 -1.646875
v 3.835156 1.108203 -1.646875
v 4.224219 0.756250 -1.968359
v 4.224219 0.756250 -1.968359
v 4.224219 0.756250 -1.968359
v 4.224219 0.756250 -1.968359
v 4.224219 0.756250 -1.968359
v 1.438281 -0.538672 -2.152344
v 1.438281 -0.538672 -2.152344
v 1.438281 -0.538672 -2.152344
v 1.438281 -0.538672 -2.152344
v 1.438281 -0.538672 -2.152344
v 5.905859 -1.389844 -1.575000
v 5.905859 -1.389844 -1.575000
v 5.905859 -1.389844 -1.575000
v 5.905859 -1.389844 -1.575000
v 5.905859 -1.389844 -1.575000
v 5.905859 -1.389844 -1.575000
v 2.210938 -0.580469 -2.142578
v 2.210938 -0.580469 -2.142578
v 2.210938 -0.580469 -2.142578
v 2.210938 -0.580469 -2.142578
v 5.858984 -1.366016 -1.138281
v 5.858984 -1.366016 -1.138281
v 5.858984 -1.366016 -1.138281
v 5.858984 -1.366016 -1.138281
v 5.858984 -1.366016 -1.138281
v 5.858984 -1.366016 -1.138281
v 2.205469 0.217969 -2.236719
v 2.205469 0.217969 -2.236719
v 2.205469 0.217969 -2.236719
v 2.205469 0.217969 -2.236719
v 2.205469 0.217969 -2.236719
v 2.205469 0.217969 -2.236719
v 5.562109 -1.455859 -1.423437
v 5.562109 -1.455859 -1.423437
v 5.562109 -1.455859 -1.423437
v 5.562109 -1.455859 -1.423437
v 2.545313 -0.666406 -2.037109
v 2.545313 -0.666406 -2.037109
v 2.545313 -0.666406 -2.037109
v 2.545313 -0.666406 -2.037109
v 2.545313 -0.666406 -2.037109
v 4.989453 -0.344531 -1.069141
v 4.989453 -0.344531 -1.069141
v 4.989453 -0.344531 -1.069141
v 4.989453 -0.344531 -1.069141
v 4.989453 -0.344531 -1.069141
v 4.989453 -0.344531 -1.069141
v 2.735938 -0.012109 -2.211719
v 2.735938 -0.012109 -2.211719
v 2.735938 -0.012109 -2.211719
v 2.735938 -0.012109 -2.211719
v 5.096094 -0.295312 -1.969531
v 5.096094 -0.295312 -1.969531
v 5.096094 -0.295312 -1.969531
v 5.096094 -0.295312 -1.969531
v 5.096094 -0.295312 -1.969531
v 5.096094 -0.295312 -1.969531
v 3.023047 0.035156 -2.121875
v 3.023047 0.035156 -2.121875
v 3.023047 0.035156 -2.121875
v 3.023047 0.035156 -2.121875
v 4.537109 -0.630078 -1.321094
v 4.537109 -0.630078 -1.321094
v 4.537109 -0.630078 -1.321094
v 4.537109 -0.630078 -1.321094
v 3.136719 -0.478906 -1.939844
v 3.136719 -0.478906 -1.939844
v 3.136719 -0.478906 -1.939844
v 3.136719 -0.478906 -1.939844
v 4.569922 -0.632422 -1.738281
v 4.569922 -0.632422 -1.738281
v 4.569922 -0.632422 -1.738281
v 4.569922 -0.632422 -1.738281
v 3.708203 -0.246875 -1.808594
v 3.708203 -0.246875 -1.808594
v 3.708203 -0.246875 -1.808594
v 3.708203 -0.246875 -1.808594
v 3.708203 -0.246875 -1.808594
v 3.708203 -0.246875 -1.808594
v 3.751172 -0.259766 1.577344
v 3.751172 -0.259766 1.577344
v 3.751172 -0.259766 1.577344
v 3.751172 -0.259766 1.577344
v 3.751172 -0.259766 1.577344
v 3.751172 -0.259766 1.577344
v 3.059375 -0.450391 1.908984
v 3.059375 -0.450391 1.908984
v 3.059375 -0.450391 1.908984
v 3.059375 -0.450391 1.908984
v 3.059375 -0.450391 1.908984
v 3.059375 -0.450391 1.908984
v 3.025781 0.306641 2.076563
v 3.025781 0.306641 2.076563
v 3.025781 0.306641 2.076563
v 3.025781 0.306641 2.076563
v 2.596094 0.451953 2.192969
v 2.596094 0.451953 2.192969
v 2.596094 0.451953 2.192969
v 2.596094 0.451953 2.192969
v 2.596094 0.451953 2.192969
v 2.596094 0.451953 2.192969
v 2.596094 0.451953 2.192969
v 2.444531 -0.644531 1.896875
v 2.444531 -0.644531 1.896875
v 2.444531 -0.644531 1.896875
v 2.444531 -0.644531 1.896875
v 2.444531 -0.644531 1.896875
v 2.520703 -0.960938 -1.428906
v 2.520703 -0.960938 -1.428906
v 2.520703 -0.960938 -1.428906
v 2.520703 -0.960938 -1.428906
v 2.520703 -0.960938 -1.428906
v 3.118750 -0.598047 -1.425391
v 3.118750 -0.598047 -1.425391
v 3.118750 -0.598047 -1.425391
v 3.118750 -0.598047 -1.425391
v 3.118750 -0.598047 -1.425391
v 3.118750 -0.598047 -1.425391
v 3.118750 -0.598047 -1.425391
v 2.952344 0.891016 1.971484
v 2.952344 0.891016 1.971484
v 2.952344 0.891016 1.971484
v 2.952344 0.891016 1.971484
v 2.952344 0.891016 1.971484
v 2.952344 0.891016 1.971484
v 3.514453 -0.432422 -0.195703
v 3.514453 -0.432422 -0.195703
v 3.514453 -0.432422 -0.195703
v 3.514453 -0.432422 -0.195703
v 3.514453 -0.432422 -0.195703
v 3.821875 0.775000 -0.185938
v 3.821875 0.775000 -0.185938
v 3.821875 0.775000 -0.185938
v 3.821875 0.775000 -0.185938
v 4.082813 1.244531 -0.250781
v 4.082813 1.244531 -0.250781
v 4.082813 1.244531 -0.250781
v 4.082813 1.244531 -0.250781
v 4.082813 1.244531 -0.250781
v 4.082813 1.244531 -0.250781
v 3.757812 1.001562 1.906641
v 3.757812 1.001562 1.906641
v 3.757812 1.001562 1.906641
v 3.757812 1.001562 1.906641
v 3.757812 1.001562 1.906641
v 2.532813 -0.930859 0.060547
v 2.532813 -0.930859 0.060547
v 2.532813 -0.930859 0.060547
v 2.532813 -0.930859 0.060547
v 2.532813 -0.930859 0.060547
v 2.474219 -0.994141 1.435156
v 2.474219 -0.994141 1.435156
v 2.474219 -0.994141 1.435156
v 2.474219 -0.994141 1.435156
v 2.474219 -0.994141 1.435156
v 2.474219 -0.994141 1.435156
v 3.085938 -0.686328 1.414453
v 3.085938 -0.686328 1.414453
v 3.085938 -0.686328 1.414453
v 3.085938 -0.686328 1.414453
v 3.085938 -0.686328 1.414453
v 3.085938 -0.686328 1.414453
v 2.834766 1.432422 -1.439453
v 2.834766 1.432422 -1.439453
v 2.834766 1.432422 -1.439453
v 2.834766 1.432422 -1.439453
v 2.834766 1.432422 -1.439453
v 2.379688 -0.986328 -1.421875
v 2.379688 -0.986328 -1.421875
v 2.379688 -0.986328 -1.421875
v 2.379688 -0.986328 -1.421875
v 2.379688 -0.986328 -1.421875
v 2.379688 -0.961328 0.018750
v 2.379688 -0.961328 0.018750
v 2.379688 -0.961328 0.018750
v 2.379688 -0.961328 0.018750
v 2.379688 -0.961328 0.018750
v 1.462500 -1.150000 -1.377344
v 1.462500 -1.150000 -1.377344
v 1.462500 -1.150000 -1.377344
v 1.462500 -1.150000 -1.377344
v 1.430859 -1.230859 -0.140234
v 1.430859 -1.230859 -0.140234
v 1.430859 -1.230859 -0.140234
v 1.430859 -1.230859 -0.140234
v 1.430859 -1.230859 -0.140234
v 1.430859 -1.230859 -0.140234
v 1.986328 -1.441797 0.988281
v 1.986328 -1.441797 0.988281
v 1.986328 -1.441797 0.988281
v 1.986328 -1.441797 0.988281
v 1.986328 -1.441797 0.988281
v 1.986328 -1.441797 0.988281
v 0.725781 -1.110937 -1.203906
v 0.725781 -1.110937 -1.203906
v 0.725781 -1.110937 -1.203906
v 0.725781 -1.110937 -1.203906
v 0.725781 -0.499219 -1.919141
v 0.725781 -0.499219 -1.919141
v 0.725781 -0.499219 -1.919141
v 0.725781 -0.499219 -1.919141
v 0.725781 -1.058203 -0.140234
v 0.725781 -1.058203 -0.140234
v 0.725781 -1.058203 -0.140234
v 0.725781 -1.058203 -0.140234
v 0.725781 -1.058203 -0.140234
v 0.684375 0.634766 1.695312
v 0.684375 0.634766 1.695312
v 0.684375 0.634766 1.695312
v 0.684375 0.634766 1.695312
v 0.684375 0.634766 1.695312
v 0.684375 0.634766 1.695312
v 0.684375 0.634766 1.695312
v 0.684375 0.634766 1.695312
v 0.130859 0.585156 -1.585156
v 0.130859 0.585156 -1.585156
v 0.130859 0.585156 -1.585156
v 0.130859 0.585156 -1.585156
v 0.130859 0.585156 -1.585156
v 0.130859 0.585156 -1.585156
v 0.068750 -0.912109 -1.077344
v 0.068750 -0.912109 -1.077344
v 0.068750 -0.912109 -1.077344
v 0.068750 -0.912109 -1.077344
v 0.068750 -0.232031 -1.585156
v 0.068750 -0.232031 -1.585156
v 0.068750 -0.232031 -1.585156
v 0.068750 -0.232031 -1.585156
v 0.068750 -0.232031 -1.585156
v 0.038672 -1.028906 -0.140234
v 0.038672 -1.028906 -0.140234
v 0.038672 -1.028906 -0.140234
v 0.038672 -1.028906 -0.140234
v 0.038672 -1.028906 -0.140234
v 0.038672 -1.028906 -0.140234
v 0.038672 -0.912109 0.956641
v 0.038672 -0.912109 0.956641
v 0.038672 -0.912109 0.956641
v 0.038672 -0.912109 0.956641
v 0.038672 -0.912109 0.956641
v -0.153125 -0.053125 1.391797
v -0.153125 -0.053125 1.391797
v -0.153125 -0.053125 1.391797
v -0.153125 -0.053125 1.391797
v -0.153125 -0.053125 1.391797
v -0.153125 -0.053125 1.391797
v 0.040625 0.684375 1.297266
v 0.040625 0.684375 1.297266
v 0.040625 0.684375 1.297266
v 0.040625 0.684375 1.297266
v 0.040625 0.684375 1.297266
v 0.040625 0.684375 1.297266
v -0.338672 0.779688 -0.566797
v -0.338672 0.779688 -0.566797
v -0.338672 0.779688 -0.566797
v -0.338672 0.779688 -0.566797
v -0.338672 0.779688 -0.566797
v -0.338672 0.779688 -0.566797
v -0.298828 0.178906 -1.107813
v -0.298828 0.178906 -1.107813
v -0.298828 0.178906 -1.107813
v -0.298828 0.178906 -1.107813
v -0.298828 0.178906 -1.107813
v -0.331641 -0.508984 0.431250
v -0.331641 -0.508984 0.431250
v -0.331641 -0.508984 0.431250
v -0.331641 -0.508984 0.431250
v -0.331641 -0.508984 0.431250
v -0.331641 -0.508984 0.431250
v -0.337891 0.779688 0.431250
v -0.337891 0.779688 0.431250
v -0.337891 0.779688 0.431250
v -0.337891 0.779688 0.431250
v -0.337891 0.779688 0.431250
v 2.095703 1.667969 -0.415625
v 2.095703 1.667969 -0.415625
v 2.095703 1.667969 -0.415625
v 2.095703 1.667969 -0.415625
v 2.095703 1.667969 -0.415625
v 2.908984 1.538672 -1.048047
v 2.908984 1.538672 -1.048047
v 2.908984 1.538672 -1.048047
v 2.908984 1.538672 -1.048047
v 2.908984 1.538672 -1.048047
v 2.978125 1.644141 -0.363281
v 2.978125 1.644141 -0.363281
v 2.978125 1.644141 -0.363281
v 2.978125 1.644141 -0.363281
v 2.978125 1.644141 -0.363281
v 2.973047 1.539453 0.745313
v 2.973047 1.539453 0.745313
v 2.973047 1.539453 0.745313
v 2.973047 1.539453 0.745313
v 2.973047 1.539453 0.745313
v 2.095703 1.667969 0.170313
v 2.095703 1.667969 0.170313
v 2.095703 1.667969 0.170313
v 2.095703 1.667969 0.170313
v 2.095703 1.667969 0.170313
v 2.977734 1.644141 0.027734
v 2.977734 1.644141 0.027734
v 2.977734 1.644141 0.027734
v 2.977734 1.644141 0.027734
v 2.977734 1.644141 0.027734
v 3.835938 0.516406 0.833984
v 3.835938 0.516406 0.833984
v 3.835938 0.516406 0.833984
v 3.835938 0.516406 0.833984
v 3.835938 0.516406 0.833984
v 3.835938 0.516406 0.833984
v 3.835938 0.516406 0.833984
v 3.835938 0.516406 0.833984
v 3.835938 0.516406 0.833984
v 3.835938 0.516406 0.833984
v 3.922656 1.114063 1.026563
v 3.922656 1.114063 1.026563
v 3.922656 1.114063 1.026563
v 3.922656 1.114063 1.026563
v 3.922656 1.114063 1.026563
v 3.922656 1.114063 1.026563
v 3.582422 0.264453 1.933594
v 3.582422 0.264453 1.933594
v 3.582422 0.264453 1.933594
v 3.582422 0.264453 1.933594
v 3.582422 0.264453 1.933594
v 3.798047 -0.189063 1.033984
v 3.798047 -0.189063 1.033984
v 3.798047 -0.189063 1.033984
v 3.798047 -0.189063 1.033984
v 3.798047 -0.189063 1.033984
v 3.798047 -0.189063 1.033984
v 3.610547 0.236719 -2.063672
v 3.610547 0.236719 -2.063672
v 3.610547 0.236719 -2.063672
v 3.610547 0.236719 -2.063672
v 3.610547 0.236719 -2.063672
v 3.694141 -0.233984 -1.401953
v 3.694141 -0.233984 -1.401953
v 3.694141 -0.233984 -1.401953
v 3.694141 -0.233984 -1.401953
v 3.694141 -0.233984 -1.401953
v 3.694141 -0.233984 -1.401953
v 3.780469 0.261719 -1.182813
v 3.780469 0.261719 -1.182813
v 3.780469 0.261719 -1.182813
v 3.780469 0.261719 -1.182813
v 3.780469 0.261719 -1.182813
v 3.780469 0.261719 -1.182813
v 3.780469 0.261719 -1.182813
v 3.780469 0.261719 -1.182813
v 3.780469 0.261719 -1.182813
v 3.780469 0.261719 -1.182813
v 3.855860 1.035547 -1.241406
v 3.855860 1.035547 -1.241406
v 3.855860 1.035547 -1.241406
v 3.855860 1.035547 -1.241406
v 3.855860 1.035547 -1.241406
v 3.855860 1.035547 -1.241406
v 4.032813 1.217969 -1.092969
v 4.032813 1.217969 -1.092969
v 4.032813 1.217969 -1.092969
v 4.032813 1.217969 -1.092969
v 4.032813 1.217969 -1.092969
v 4.032813 1.217969 -1.092969
v 3.788672 -0.284766 -0.471875
v 3.788672 -0.284766 -0.471875
v 3.788672 -0.284766 -0.471875
v 3.788672 -0.284766 -0.471875
v 3.788672 -0.284766 -0.471875
v 3.788672 -0.284766 -0.471875
v 3.794531 0.434375 -0.186328
v 3.794531 0.434375 -0.186328
v 3.794531 0.434375 -0.186328
v 3.794531 0.434375 -0.186328
v 3.794531 0.434375 -0.186328
v 3.794531 0.434375 -0.186328
v 3.794531 0.434375 -0.186328
v 3.794531 0.434375 -0.186328
v 3.794531 0.434375 -0.186328
v 3.794531 0.434375 -0.186328
v 3.773047 -0.300391 -0.902344
v 3.773047 -0.300391 -0.902344
v 3.773047 -0.300391 -0.902344
v 3.773047 -0.300391 -0.902344
v 3.773047 -0.300391 -0.902344
v 3.773047 -0.300391 -0.902344
v 4.078125 1.226172 -0.087500
v 4.078125 1.226172 -0.087500
v 4.078125 1.226172 -0.087500
v 4.078125 1.226172 -0.087500
v 4.078125 1.226172 -0.087500
v 4.078125 1.226172 -0.087500
v 3.883594 -0.379688 0.666406
v 3.883594 -0.379688 0.666406
v 3.883594 -0.379688 0.666406
v 3.883594 -0.379688 0.666406
v 3.883594 -0.379688 0.666406
v 3.883594 -0.379688 0.666406
v 4.013281 1.268750 0.834375
v 4.013281 1.268750 0.834375
v 4.013281 1.268750 0.834375
v 4.013281 1.268750 0.834375
v 4.013281 1.268750 0.834375
v 4.013281 1.268750 0.834375
v 3.894141 -0.384375 0.089453
v 3.894141 -0.384375 0.089453
v 3.894141 -0.384375 0.089453
v 3.894141 -0.384375 0.089453
v 3.894141 -0.384375 0.089453
v 3.894141 -0.384375 0.089453
v 3.818359 1.248828 1.518359
v 3.818359 1.248828 1.518359
v 3.818359 1.248828 1.518359
v 3.818359 1.248828 1.518359
v 3.818359 1.248828 1.518359
v 3.023047 1.326563 -1.211328
v 3.023047 1.326563 -1.211328
v 3.023047 1.326563 -1.211328
v 3.023047 1.326563 -1.211328
v 3.023047 1.326563 -1.211328
v 3.023047 1.326563 -1.211328
v 3.023047 1.326563 -1.211328
v 3.069922 1.476953 -0.167578
v 3.069922 1.476953 -0.167578
v 3.069922 1.476953 -0.167578
v 3.069922 1.476953 -0.167578
v 3.069922 1.476953 -0.167578
v 3.069922 1.476953 -0.167578
v 3.069922 1.476953 -0.167578
v 3.023828 1.326172 0.941016
v 3.023828 1.326172 0.941016
v 3.023828 1.326172 0.941016
v 3.023828 1.326172 0.941016
v 3.023828 1.326172 0.941016
v 3.023828 1.326172 0.941016
v 3.023828 1.326172 0.941016
v 3.808594 0.653516 -1.172656
v 3.808594 0.653516 -1.172656
v 3.808594 0.653516 -1.172656
v 3.808594 0.653516 -1.172656
v 3.498828 -0.403516 -1.165625
v 3.498828 -0.403516 -1.165625
v 3.498828 -0.403516 -1.165625
v 3.498828 -0.403516 -1.165625
v 3.498828 -0.403516 -1.165625
v 3.846875 0.865234 0.887891
v 3.846875 0.865234 0.887891
v 3.846875 0.865234 0.887891
v 3.846875 0.865234 0.887891
v 3.632812 -0.465625 0.867578
v 3.632812 -0.465625 0.867578
v 3.632812 -0.465625 0.867578
v 3.632812 -0.465625 0.867578
v 3.632812 -0.465625 0.867578
v 4.046094 1.389063 -0.659375
v 4.046094 1.389063 -0.659375
v 4.046094 1.389063 -0.659375
v 4.046094 1.389063 -0.659375
v 4.046094 1.389063 -0.659375
v 3.112500 -0.627734 -0.914453
v 3.112500 -0.627734 -0.914453
v 3.112500 -0.627734 -0.914453
v 3.112500 -0.627734 -0.914453
v 3.112500 -0.627734 -0.914453
v 3.117578 -0.637891 -0.458594
v 3.117578 -0.637891 -0.458594
v 3.117578 -0.637891 -0.458594
v 3.117578 -0.637891 -0.458594
v 3.117578 -0.637891 -0.458594
v 4.061328 1.418359 0.371094
v 4.061328 1.418359 0.371094
v 4.061328 1.418359 0.371094
v 4.061328 1.418359 0.371094
v 4.061328 1.418359 0.371094
v 3.118750 -0.642188 0.091406
v 3.118750 -0.642188 0.091406
v 3.118750 -0.642188 0.091406
v 3.118750 -0.642188 0.091406
v 3.118750 -0.642188 0.091406
v 3.127344 -0.785156 0.680078
v 3.127344 -0.785156 0.680078
v 3.127344 -0.785156 0.680078
v 3.127344 -0.785156 0.680078
v 3.127344 -0.785156 0.680078
v 3.127344 -0.785156 0.680078
v 2.219531 0.473047 2.178125
v 2.219531 0.473047 2.178125
v 2.219531 0.473047 2.178125
v 2.219531 0.473047 2.178125
v 2.219531 0.473047 2.178125
v 0.031250 -0.326562 1.739844
v 0.031250 -0.326562 1.739844
v 0.031250 -0.326562 1.739844
v 0.031250 -0.326562 1.739844
v 0.031250 -0.326562 1.739844
v 1.401172 -1.519531 1.071875
v 1.401172 -1.519531 1.071875
v 1.401172 -1.519531 1.071875
v 1.401172 -1.519531 1.071875
v 0.734766 -1.316016 1.082813
v 0.734766 -1.316016 1.082813
v 0.734766 -1.316016 1.082813
v 0.734766 -1.316016 1.082813
v 0.354297 -1.013281 0.980078
v 0.354297 -1.013281 0.980078
v 0.354297 -1.013281 0.980078
v 0.354297 -1.013281 0.980078
v 0.354297 -1.013281 0.980078
v 0.178125 -0.681250 2.020313
v 0.178125 -0.681250 2.020313
v 0.178125 -0.681250 2.020313
v 0.178125 -0.681250 2.020313
v 0.178125 -0.681250 2.020313
v 0.751172 0.373828 2.074219
v 0.751172 0.373828 2.074219
v 0.751172 0.373828 2.074219
v 0.751172 0.373828 2.074219
v 0.751172 0.373828 2.074219
v 0.751172 0.373828 2.074219
v 0.751172 0.373828 2.074219
v -0.333984 -0.512500 -0.597266
v -0.333984 -0.512500 -0.597266
v -0.333984 -0.512500 -0.597266
v -0.333984 -0.512500 -0.597266
v -0.333984 -0.512500 -0.597266
v -0.333984 -0.512500 -0.597266
v -0.298047 0.178906 0.975391
v -0.298047 0.178906 0.975391
v -0.298047 0.178906 0.975391
v -0.298047 0.178906 0.975391
v -0.298047 0.178906 0.975391
v -0.502344 0.192969 0.431250
v -0.502344 0.192969 0.431250
v -0.502344 0.192969 0.431250
v -0.502344 0.192969 0.431250
v -0.503906 0.191406 -0.582031
v -0.503906 0.191406 -0.582031
v -0.503906 0.191406 -0.582031
v -0.503906 0.191406 -0.582031
v 2.110156 0.843750 1.955078
v 2.110156 0.843750 1.955078
v 2.110156 0.843750 1.955078
v 2.110156 0.843750 1.955078
v 2.110156 0.843750 1.955078
v 2.110156 0.843750 1.955078
v 1.377734 0.595313 2.000000
v 1.377734 0.595313 2.000000
v 1.377734 0.595313 2.000000
v 1.377734 0.595313 2.000000
v 1.377734 0.595313 2.000000
v 2.539062 -1.107422 0.918750
v 2.539062 -1.107422 0.918750
v 2.539062 -1.107422 0.918750
v 2.539062 -1.107422 0.918750
v 2.388672 -1.220312 0.975391
v 2.388672 -1.220312 0.975391
v 2.388672 -1.220312 0.975391
v 2.388672 -1.220312 0.975391
v 6.687109 -1.079687 0.923828
v 6.687109 -1.079687 0.923828
v 6.687109 -1.079687 0.923828
v 6.687109 -1.079687 0.923828
v 6.688672 -0.687109 0.925000
v 6.688672 -0.687109 0.925000
v 6.688672 -0.687109 0.925000
v 6.688672 -0.687109 0.925000
v 6.688672 -0.687109 0.925000
v 5.956250 -1.154297 0.793750
v 5.956250 -1.154297 0.793750
v 5.956250 -1.154297 0.793750
v 5.956250 -1.154297 0.793750
v 5.956250 -1.154297 0.793750
v 5.608203 -1.315625 0.959766
v 5.608203 -1.315625 0.959766
v 5.608203 -1.315625 0.959766
v 5.608203 -1.315625 0.959766
v 5.608203 -1.315625 0.959766
v 5.896094 -1.195312 1.774219
v 5.896094 -1.195312 1.774219
v 5.896094 -1.195312 1.774219
v 5.896094 -1.195312 1.774219
v 5.896094 -1.195312 1.774219
v 5.573047 -1.344922 1.498828
v 5.573047 -1.344922 1.498828
v 5.573047 -1.344922 1.498828
v 5.573047 -1.344922 1.498828
v 5.573047 -1.344922 1.498828
v 6.640625 -1.112500 1.667578
v 6.640625 -1.112500 1.667578
v 6.640625 -1.112500 1.667578
v 6.640625 -1.112500 1.667578
v 6.639453 -0.721875 1.724609
v 6.639453 -0.721875 1.724609
v 6.639453 -0.721875 1.724609
v 6.639453 -0.721875 1.724609
v 6.639453 -0.721875 1.724609
v 6.847656 -0.727344 1.362891
v 6.847656 -0.727344 1.362891
v 6.847656 -0.727344 1.362891
v 6.847656 -0.727344 1.362891
v 6.885156 -1.111328 1.336719
v 6.885156 -1.111328 1.336719
v 6.885156 -1.111328 1.336719
v 6.885156 -1.111328 1.336719
v 6.885156 -1.111328 1.336719
v 5.284766 -1.020313 0.998047
v 5.284766 -1.020313 0.998047
v 5.284766 -1.020313 0.998047
v 5.284766 -1.020313 0.998047
v 5.899610 -0.519531 0.823438
v 5.899610 -0.519531 0.823438
v 5.899610 -0.519531 0.823438
v 5.899610 -0.519531 0.823438
v 5.899610 -0.519531 0.823438
v 5.899610 -0.519531 0.823438
v 5.251563 -1.047266 1.517578
v 5.251563 -1.047266 1.517578
v 5.251563 -1.047266 1.517578
v 5.251563 -1.047266 1.517578
v 5.735157 -0.780859 1.865625
v 5.735157 -0.780859 1.865625
v 5.735157 -0.780859 1.865625
v 5.735157 -0.780859 1.865625
v 5.735157 -0.780859 1.865625
v 5.735157 -0.780859 1.865625
v 6.642969 -0.255859 1.395313
v 6.642969 -0.255859 1.395313
v 6.642969 -0.255859 1.395313
v 6.642969 -0.255859 1.395313
v 6.419531 -0.371484 1.794141
v 6.419531 -0.371484 1.794141
v 6.419531 -0.371484 1.794141
v 6.419531 -0.371484 1.794141
v 6.448438 -0.343359 0.949609
v 6.448438 -0.343359 0.949609
v 6.448438 -0.343359 0.949609
v 6.448438 -0.343359 0.949609
v 6.369141 0.037891 1.414062
v 6.369141 0.037891 1.414062
v 6.369141 0.037891 1.414062
v 6.369141 0.037891 1.414062
v 6.124219 -0.082031 1.846094
v 6.124219 -0.082031 1.846094
v 6.124219 -0.082031 1.846094
v 6.124219 -0.082031 1.846094
v 6.124219 -0.082031 1.846094
v 6.159766 -0.031641 0.989453
v 6.159766 -0.031641 0.989453
v 6.159766 -0.031641 0.989453
v 6.159766 -0.031641 0.989453
v 6.159766 -0.031641 0.989453
v 5.107031 -0.730078 1.552734
v 5.107031 -0.730078 1.552734
v 5.107031 -0.730078 1.552734
v 5.107031 -0.730078 1.552734
v 5.132812 -0.691406 1.040234
v 5.132812 -0.691406 1.040234
v 5.132812 -0.691406 1.040234
v 5.132812 -0.691406 1.040234
v 4.381250 -0.249219 1.009375
v 4.381250 -0.249219 1.009375
v 4.381250 -0.249219 1.009375
v 4.381250 -0.249219 1.009375
v 4.589063 0.183984 0.838672
v 4.589063 0.183984 0.838672
v 4.589063 0.183984 0.838672
v 4.589063 0.183984 0.838672
v 4.589063 0.183984 0.838672
v 4.589063 0.183984 0.838672
v 4.589063 0.183984 0.838672
v 4.360938 -0.289062 1.565234
v 4.360938 -0.289062 1.565234
v 4.360938 -0.289062 1.565234
v 4.360938 -0.289062 1.565234
v 4.561328 0.105078 1.923437
v 4.561328 0.105078 1.923437
v 4.561328 0.105078 1.923437
v 4.561328 0.105078 1.923437
v 4.561328 0.105078 1.923437
v 4.561328 0.105078 1.923437
v 4.561328 0.105078 1.923437
v 5.145703 0.748828 1.473828
v 5.145703 0.748828 1.473828
v 5.145703 0.748828 1.473828
v 5.145703 0.748828 1.473828
v 5.004688 0.601953 1.907812
v 5.004688 0.601953 1.907812
v 5.004688 0.601953 1.907812
v 5.004688 0.601953 1.907812
v 5.906250 0.405469 1.450000
v 5.906250 0.405469 1.450000
v 5.906250 0.405469 1.450000
v 5.906250 0.405469 1.450000
v 5.701172 0.195703 1.876562
v 5.701172 0.195703 1.876562
v 5.701172 0.195703 1.876562
v 5.701172 0.195703 1.876562
v 5.701172 0.195703 1.876562
v 5.028125 0.667578 1.004297
v 5.028125 0.667578 1.004297
v 5.028125 0.667578 1.004297
v 5.028125 0.667578 1.004297
v 5.698438 0.308594 1.001172
v 5.698438 0.308594 1.001172
v 5.698438 0.308594 1.001172
v 5.698438 0.308594 1.001172
v 5.698438 0.308594 1.001172
v 4.517188 1.039453 1.484766
v 4.517188 1.039453 1.484766
v 4.517188 1.039453 1.484766
v 4.517188 1.039453 1.484766
v 4.468359 0.828516 1.908984
v 4.468359 0.828516 1.908984
v 4.468359 0.828516 1.908984
v 4.468359 0.828516 1.908984
v 4.468359 0.828516 1.908984
v 4.462500 0.968750 1.013672
v 4.462500 0.968750 1.013672
v 4.462500 0.968750 1.013672
v 4.462500 0.968750 1.013672
v 4.462500 0.968750 1.013672
v 6.422266 -1.460547 1.015625
v 6.422266 -1.460547 1.015625
v 6.422266 -1.460547 1.015625
v 6.422266 -1.460547 1.015625
v 6.422266 -1.460547 1.015625
v 6.422266 -1.460547 1.015625
v 6.390625 -1.485156 1.513672
v 6.390625 -1.485156 1.513672
v 6.390625 -1.485156 1.513672
v 6.390625 -1.485156 1.513672
v 6.390625 -1.485156 1.513672
v 6.390625 -1.485156 1.513672
v 5.955469 -1.507422 1.241016
v 5.955469 -1.507422 1.241016
v 5.955469 -1.507422 1.241016
v 5.955469 -1.507422 1.241016
v 5.232031 -0.330469 1.912109
v 5.232031 -0.330469 1.912109
v 5.232031 -0.330469 1.912109
v 5.232031 -0.330469 1.912109
v 5.232031 -0.330469 1.912109
v 5.232031 -0.330469 1.912109
v 5.360547 -0.253125 0.847266
v 5.360547 -0.253125 0.847266
v 5.360547 -0.253125 0.847266
v 5.360547 -0.253125 0.847266
v 5.360547 -0.253125 0.847266
v 5.360547 -0.253125 0.847266
v 4.741406 -0.543359 1.557031
v 4.741406 -0.543359 1.557031
v 4.741406 -0.543359 1.557031
v 4.741406 -0.543359 1.557031
v 4.761719 -0.500781 1.021875
v 4.761719 -0.500781 1.021875
v 4.761719 -0.500781 1.021875
v 4.761719 -0.500781 1.021875
v 6.700391 -1.511719 0.136328
v 6.700391 -1.511719 0.136328
v 6.700391 -1.511719 0.136328
v 6.700391 -1.511719 0.136328
v 6.879297 -1.015625 0.049609
v 6.879297 -1.015625 0.049609
v 6.879297 -1.015625 0.049609
v 6.879297 -1.015625 0.049609
v 6.879297 -1.015625 0.049609
v 5.973828 -1.486719 -0.030859
v 5.973828 -1.486719 -0.030859
v 5.973828 -1.486719 -0.030859
v 5.973828 -1.486719 -0.030859
v 5.973828 -1.486719 -0.030859
v 5.638672 -1.551172 0.212891
v 5.638672 -1.551172 0.212891
v 5.638672 -1.551172 0.212891
v 5.638672 -1.551172 0.212891
v 5.638672 -1.551172 0.212891
v 5.965234 -1.448047 0.918359
v 5.965234 -1.448047 0.918359
v 5.965234 -1.448047 0.918359
v 5.965234 -1.448047 0.918359
v 5.965234 -1.448047 0.918359
v 5.634766 -1.533203 0.679297
v 5.634766 -1.533203 0.679297
v 5.634766 -1.533203 0.679297
v 5.634766 -1.533203 0.679297
v 5.634766 -1.533203 0.679297
v 6.694531 -1.483203 0.801172
v 6.694531 -1.483203 0.801172
v 6.694531 -1.483203 0.801172
v 6.694531 -1.483203 0.801172
v 6.876953 -0.982813 0.837891
v 6.876953 -0.982813 0.837891
v 6.876953 -0.982813 0.837891
v 6.876953 -0.982813 0.837891
v 6.876953 -0.982813 0.837891
v 7.071094 -1.008203 0.443750
v 7.071094 -1.008203 0.443750
v 7.071094 -1.008203 0.443750
v 7.071094 -1.008203 0.443750
v 6.922657 -1.536719 0.470703
v 6.922657 -1.536719 0.470703
v 6.922657 -1.536719 0.470703
v 6.922657 -1.536719 0.470703
v 6.922657 -1.536719 0.470703
v 5.330469 -1.072266 0.172656
v 5.330469 -1.072266 0.172656
v 5.330469 -1.072266 0.172656
v 5.330469 -1.072266 0.172656
v 6.175781 -0.902734 -0.118750
v 6.175781 -0.902734 -0.118750
v 6.175781 -0.902734 -0.118750
v 6.175781 -0.902734 -0.118750
v 6.175781 -0.902734 -0.118750
v 6.175781 -0.902734 -0.118750
v 5.328516 -1.055469 0.658203
v 5.328516 -1.055469 0.658203
v 5.328516 -1.055469 0.658203
v 5.328516 -1.055469 0.658203
v 6.227735 -0.782031 0.802344
v 6.227735 -0.782031 0.802344
v 6.227735 -0.782031 0.802344
v 6.227735 -0.782031 0.802344
v 6.227735 -0.782031 0.802344
v 6.227735 -0.782031 0.802344
v 6.868360 -0.471875 0.388281
v 6.868360 -0.471875 0.388281
v 6.868360 -0.471875 0.388281
v 6.868360 -0.471875 0.388281
v 6.720313 -0.529688 0.877734
v 6.720313 -0.529688 0.877734
v 6.720313 -0.529688 0.877734
v 6.720313 -0.529688 0.877734
v 6.723828 -0.566016 -0.028906
v 6.723828 -0.566016 -0.028906
v 6.723828 -0.566016 -0.028906
v 6.723828 -0.566016 -0.028906
v 6.577734 -0.010156 0.410156
v 6.577734 -0.010156 0.410156
v 6.577734 -0.010156 0.410156
v 6.577734 -0.010156 0.410156
v 6.371875 -0.151562 0.884375
v 6.371875 -0.151562 0.884375
v 6.371875 -0.151562 0.884375
v 6.371875 -0.151562 0.884375
v 6.371875 -0.151562 0.884375
v 6.442969 -0.143359 -0.057813
v 6.442969 -0.143359 -0.057813
v 6.442969 -0.143359 -0.057813
v 6.442969 -0.143359 -0.057813
v 6.442969 -0.143359 -0.057813
v 5.258203 -0.807813 0.646875
v 5.258203 -0.807813 0.646875
v 5.258203 -0.807813 0.646875
v 5.258203 -0.807813 0.646875
v 5.261328 -0.818359 0.191797
v 5.261328 -0.818359 0.191797
v 5.261328 -0.818359 0.191797
v 5.261328 -0.818359 0.191797
v 4.539453 -0.467187 0.169922
v 4.539453 -0.467187 0.169922
v 4.539453 -0.467187 0.169922
v 4.539453 -0.467187 0.169922
v 4.782422 0.171484 -0.169922
v 4.782422 0.171484 -0.169922
v 4.782422 0.171484 -0.169922
v 4.782422 0.171484 -0.169922
v 4.782422 0.171484 -0.169922
v 4.782422 0.171484 -0.169922
v 4.782422 0.171484 -0.169922
v 4.516016 -0.464453 0.628516
v 4.516016 -0.464453 0.628516
v 4.516016 -0.464453 0.628516
v 4.516016 -0.464453 0.628516
v 4.762891 0.196094 0.954688
v 4.762891 0.196094 0.954688
v 4.762891 0.196094 0.954688
v 4.762891 0.196094 0.954688
v 4.762891 0.196094 0.954688
v 4.762891 0.196094 0.954688
v 4.762891 0.196094 0.954688
v 5.233203 0.934375 0.383984
v 5.233203 0.934375 0.383984
v 5.233203 0.934375 0.383984
v 5.233203 0.934375 0.383984
v 5.175781 0.812891 0.840234
v 5.175781 0.812891 0.840234
v 5.175781 0.812891 0.840234
v 5.175781 0.812891 0.840234
v 5.922266 0.549609 0.392578
v 5.922266 0.549609 0.392578
v 5.922266 0.549609 0.392578
v 5.922266 0.549609 0.392578
v 5.857031 0.386328 0.867188
v 5.857031 0.386328 0.867188
v 5.857031 0.386328 0.867188
v 5.857031 0.386328 0.867188
v 5.857031 0.386328 0.867188
v 5.191797 0.793359 -0.066797
v 5.191797 0.793359 -0.066797
v 5.191797 0.793359 -0.066797
v 5.191797 0.793359 -0.066797
v 5.861328 0.354688 -0.072656
v 5.861328 0.354688 -0.072656
v 5.861328 0.354688 -0.072656
v 5.861328 0.354688 -0.072656
v 5.861328 0.354688 -0.072656
v 4.619531 1.161328 0.386719
v 4.619531 1.161328 0.386719
v 4.619531 1.161328 0.386719
v 4.619531 1.161328 0.386719
v 4.545703 1.078906 0.858594
v 4.545703 1.078906 0.858594
v 4.545703 1.078906 0.858594
v 4.545703 1.078906 0.858594
v 4.545703 1.078906 0.858594
v 4.583984 1.066016 -0.056250
v 4.583984 1.066016 -0.056250
v 4.583984 1.066016 -0.056250
v 4.583984 1.066016 -0.056250
v 4.583984 1.066016 -0.056250
v 6.393750 -1.825000 0.268750
v 6.393750 -1.825000 0.268750
v 6.393750 -1.825000 0.268750
v 6.393750 -1.825000 0.268750
v 6.393750 -1.825000 0.268750
v 6.393750 -1.825000 0.268750
v 6.389844 -1.807031 0.691797
v 6.389844 -1.807031 0.691797
v 6.389844 -1.807031 0.691797
v 6.389844 -1.807031 0.691797
v 6.389844 -1.807031 0.691797
v 6.389844 -1.807031 0.691797
v 5.926172 -1.791797 0.478516
v 5.926172 -1.791797 0.478516
v 5.926172 -1.791797 0.478516
v 5.926172 -1.791797 0.478516
v 5.687891 -0.258203 0.985547
v 5.687891 -0.258203 0.985547
v 5.687891 -0.258203 0.985547
v 5.687891 -0.258203 0.985547
v 5.687891 -0.258203 0.985547
v 5.687891 -0.258203 0.985547
v 5.693359 -0.295312 -0.129688
v 5.693359 -0.295312 -0.129688
v 5.693359 -0.295312 -0.129688
v 5.693359 -0.295312 -0.129688
v 5.693359 -0.295312 -0.129688
v 5.693359 -0.295312 -0.129688
v 5.045312 -0.682031 0.650781
v 5.045312 -0.682031 0.650781
v 5.045312 -0.682031 0.650781
v 5.045312 -0.682031 0.650781
v 5.051563 -0.689844 0.178906
v 5.051563 -0.689844 0.178906
v 5.051563 -0.689844 0.178906
v 5.051563 -0.689844 0.178906
v 6.417578 -1.339844 -0.757812
v 6.417578 -1.339844 -0.757812
v 6.417578 -1.339844 -0.757812
v 6.417578 -1.339844 -0.757812
v 6.526563 -0.916016 -0.833984
v 6.526563 -0.916016 -0.833984
v 6.526563 -0.916016 -0.833984
v 6.526563 -0.916016 -0.833984
v 6.526563 -0.916016 -0.833984
v 5.692969 -1.269141 -0.975781
v 5.692969 -1.269141 -0.975781
v 5.692969 -1.269141 -0.975781
v 5.692969 -1.269141 -0.975781
v 5.692969 -1.269141 -0.975781
v 5.345703 -1.309766 -0.734375
v 5.345703 -1.309766 -0.734375
v 5.345703 -1.309766 -0.734375
v 5.345703 -1.309766 -0.734375
v 5.345703 -1.309766 -0.734375
v 5.641407 -1.185938 -0.014844
v 5.641407 -1.185938 -0.014844
v 5.641407 -1.185938 -0.014844
v 5.641407 -1.185938 -0.014844
v 5.641407 -1.185938 -0.014844
v 5.308984 -1.291797 -0.312109
v 5.308984 -1.291797 -0.312109
v 5.308984 -1.291797 -0.312109
v 5.308984 -1.291797 -0.312109
v 5.308984 -1.291797 -0.312109
v 6.365234 -1.314453 -0.155078
v 6.365234 -1.314453 -0.155078
v 6.365234 -1.314453 -0.155078
v 6.365234 -1.314453 -0.155078
v 6.442969 -0.889063 -0.091797
v 6.442969 -0.889063 -0.091797
v 6.442969 -0.889063 -0.091797
v 6.442969 -0.889063 -0.091797
v 6.442969 -0.889063 -0.091797
v 6.663672 -0.918750 -0.437109
v 6.663672 -0.918750 -0.437109
v 6.663672 -0.918750 -0.437109
v 6.663672 -0.918750 -0.437109
v 6.592578 -1.387891 -0.439453
v 6.592578 -1.387891 -0.439453
v 6.592578 -1.387891 -0.439453
v 6.592578 -1.387891 -0.439453
v 6.592578 -1.387891 -0.439453
v 5.135156 -1.028906 -0.740625
v 5.135156 -1.028906 -0.740625
v 5.135156 -1.028906 -0.740625
v 5.135156 -1.028906 -0.740625
v 5.855859 -0.461328 -1.027734
v 5.855859 -0.461328 -1.027734
v 5.855859 -0.461328 -1.027734
v 5.855859 -0.461328 -1.027734
v 5.855859 -0.461328 -1.027734
v 5.855859 -0.461328 -1.027734
v 5.096875 -1.010547 -0.340234
v 5.096875 -1.010547 -0.340234
v 5.096875 -1.010547 -0.340234
v 5.096875 -1.010547 -0.340234
vt 0.955088 0.383483
vt 0.939394 0.366303
vt 0.939394 0.367784
vt 0.955089 0.382002
vt 0.655088 0.479682
vt 0.640790 0.483734
vt 0.640790 0.477150
vt 0.655088 0.483734
vt 0.626491 0.479682
vt 0.640790 0.483734
vt 0.626491 0.483734
vt 0.640790 0.477150
vt 0.964882 0.478576
vt 0.949654 0.474175
vt 0.949654 0.478576
vt 0.964882 0.471535
vt 0.680507 0.479682
vt 0.694806 0.483734
vt 0.680507 0.483734
vt 0.694806 0.477150
vt 0.709104 0.479682
vt 0.694806 0.483734
vt 0.694806 0.477150
vt 0.709104 0.483734
vt 0.680507 0.487786
vt 0.694806 0.483734
vt 0.694806 0.490319
vt 0.680507 0.483734
vt 0.709104 0.487786
vt 0.694806 0.483734
vt 0.709104 0.483734
vt 0.694806 0.490319
vt 0.830878 0.463614
vt 0.815651 0.470215
vt 0.830878 0.468014
vt 0.815651 0.463614
vt 0.846106 0.463614
vt 0.830878 0.468014
vt 0.846106 0.468014
vt 0.830878 0.463614
vt 0.846106 0.468014
vt 0.861334 0.463614
vt 0.846106 0.463614
vt 0.861334 0.470215
vt 0.964882 0.478576
vt 0.949654 0.489138
vt 0.964882 0.482096
vt 0.949654 0.478576
vt 0.919199 0.478576
vt 0.934427 0.489138
vt 0.934427 0.478576
vt 0.919199 0.482096
vt 0.694806 0.493194
vt 0.680507 0.487786
vt 0.694806 0.490319
vt 0.680507 0.493194
vt 0.694806 0.493194
vt 0.709104 0.487786
vt 0.709104 0.493194
vt 0.694806 0.490319
vt 0.913108 0.478576
vt 0.897880 0.474175
vt 0.897880 0.478576
vt 0.913108 0.471535
vt 0.868795 0.425092
vt 0.835839 0.437297
vt 0.833040 0.425229
vt 0.857315 0.437317
vt 0.655088 0.471578
vt 0.640790 0.467526
vt 0.655088 0.467526
vt 0.640790 0.474111
vt 0.626491 0.471578
vt 0.640790 0.467526
vt 0.640790 0.474111
vt 0.626491 0.467526
vt 0.709104 0.463474
vt 0.694806 0.467526
vt 0.694806 0.460942
vt 0.709104 0.467526
vt 0.939394 0.366303
vt 0.926603 0.381993
vt 0.915516 0.366295
vt 0.955089 0.382002
vt 0.915516 0.366295
vt 0.871433 0.381976
vt 0.871441 0.365569
vt 0.926603 0.381993
vt 0.524815 0.461448
vt 0.539113 0.465500
vt 0.524815 0.465500
vt 0.539113 0.458916
vt 0.553411 0.461448
vt 0.539113 0.465500
vt 0.539113 0.458916
vt 0.553411 0.465500
vt 0.605278 0.443567
vt 0.583135 0.406713
vt 0.603226 0.406815
vt 0.574012 0.440048
vt 0.623155 0.443643
vt 0.650104 0.407050
vt 0.655959 0.440389
vt 0.630013 0.406949
vt 0.522162 0.448518
vt 0.512971 0.442489
vt 0.517631 0.433139
vt 0.515095 0.449008
vt 0.524815 0.469552
vt 0.539113 0.465500
vt 0.539113 0.472085
vt 0.524815 0.465500
vt 0.553411 0.469552
vt 0.539113 0.465500
vt 0.553411 0.465500
vt 0.539113 0.472085
vt 0.680507 0.471578
vt 0.694806 0.467526
vt 0.694806 0.474111
vt 0.680507 0.467526
vt 0.709104 0.471578
vt 0.694806 0.467526
vt 0.709104 0.467526
vt 0.694806 0.474111
vt 0.815651 0.475056
vt 0.800423 0.471535
vt 0.800423 0.475056
vt 0.815651 0.468894
vt 0.656171 0.359452
vt 0.595402 0.382705
vt 0.579921 0.359957
vt 0.638361 0.382921
vt 0.524815 0.475630
vt 0.539113 0.479682
vt 0.524815 0.479682
vt 0.539113 0.473097
vt 0.553411 0.475630
vt 0.539113 0.479682
vt 0.539113 0.473097
vt 0.553411 0.479682
vt 0.524815 0.483734
vt 0.539113 0.479682
vt 0.539113 0.486266
vt 0.524815 0.479682
vt 0.553411 0.483734
vt 0.539113 0.479682
vt 0.553411 0.479682
vt 0.539113 0.486266
vt 0.815651 0.475056
vt 0.800423 0.483857
vt 0.815651 0.478576
vt 0.800423 0.475056
vt 0.539113 0.488603
vt 0.553411 0.483734
vt 0.553411 0.488603
vt 0.539113 0.486266
vt 0.769968 0.475056
vt 0.785195 0.483857
vt 0.785195 0.475056
vt 0.769968 0.478576
vt 0.539113 0.488603
vt 0.524815 0.483734
vt 0.539113 0.486266
vt 0.524815 0.488603
vt 0.572476 0.485760
vt 0.586774 0.481708
vt 0.586774 0.488292
vt 0.572476 0.481708
vt 0.887006 0.443564
vt 0.907817 0.437183
vt 0.907236 0.442954
vt 0.886373 0.437302
vt 0.882653 0.474175
vt 0.897880 0.478576
vt 0.897880 0.474175
vt 0.882653 0.478576
vt 0.837020 0.443896
vt 0.857315 0.437317
vt 0.857400 0.443965
vt 0.835839 0.437297
vt 0.601072 0.477656
vt 0.586774 0.481708
vt 0.586774 0.475124
vt 0.601072 0.481708
vt 0.846106 0.476816
vt 0.830878 0.485617
vt 0.846106 0.485617
vt 0.830878 0.476816
vt 0.844540 0.352630
vt 0.892940 0.356664
vt 0.844538 0.356708
vt 0.892224 0.352604
vt 0.640790 0.474111
vt 0.655088 0.479682
vt 0.640790 0.477150
vt 0.655088 0.471578
vt 0.626491 0.471578
vt 0.640790 0.477150
vt 0.626491 0.479682
vt 0.640790 0.474111
vt 0.787821 0.382631
vt 0.820992 0.373087
vt 0.825556 0.381685
vt 0.782579 0.374945
vt 0.830878 0.472415
vt 0.815651 0.476816
vt 0.830878 0.476816
vt 0.815651 0.470215
vt 0.572476 0.477656
vt 0.586774 0.481708
vt 0.572476 0.481708
vt 0.586774 0.475124
vt 0.897880 0.468894
vt 0.882653 0.474175
vt 0.897880 0.474175
vt 0.882653 0.468894
vt 0.803897 0.387543
vt 0.825556 0.381685
vt 0.833477 0.380192
vt 0.787821 0.382631
vt 0.572476 0.462461
vt 0.586774 0.466513
vt 0.572476 0.466513
vt 0.586774 0.459929
vt 0.601072 0.462461
vt 0.586774 0.466513
vt 0.586774 0.459929
vt 0.601072 0.466513
vt 0.825556 0.381685
vt 0.871426 0.388116
vt 0.833477 0.380192
vt 0.871433 0.381976
vt 0.572476 0.470565
vt 0.586774 0.466513
vt 0.586774 0.473097
vt 0.572476 0.466513
vt 0.601072 0.470565
vt 0.586774 0.466513
vt 0.601072 0.466513
vt 0.586774 0.473097
vt 0.820992 0.373087
vt 0.794829 0.368949
vt 0.819833 0.365553
vt 0.782579 0.374945
vt 0.861334 0.476816
vt 0.846106 0.472415
vt 0.846106 0.476816
vt 0.861334 0.470215
vt 0.655088 0.463474
vt 0.640790 0.467526
vt 0.640790 0.460942
vt 0.655088 0.467526
vt 0.797285 0.425366
vt 0.835727 0.408901
vt 0.833040 0.425229
vt 0.807535 0.407024
vt 0.626491 0.463474
vt 0.640790 0.467526
vt 0.626491 0.467526
vt 0.640790 0.460942
vt 0.626491 0.458409
vt 0.640790 0.460942
vt 0.626491 0.463474
vt 0.640790 0.458409
vt 0.640790 0.458409
vt 0.655088 0.463474
vt 0.640790 0.460942
vt 0.655088 0.458409
vt 0.882653 0.474175
vt 0.867425 0.478576
vt 0.882653 0.478576
vt 0.867425 0.471535
vt 0.882653 0.460973
vt 0.897880 0.464494
vt 0.897880 0.460973
vt 0.882653 0.464494
vt 0.586774 0.491642
vt 0.601072 0.485760
vt 0.601072 0.491642
vt 0.586774 0.488292
vt 0.572476 0.457396
vt 0.586774 0.459929
vt 0.572476 0.462461
vt 0.586774 0.457396
vt 0.586774 0.457396
vt 0.601072 0.462461
vt 0.586774 0.459929
vt 0.601072 0.457396
vt 0.830878 0.460093
vt 0.846106 0.463614
vt 0.846106 0.460093
vt 0.830878 0.463614
vt 0.586774 0.491642
vt 0.572476 0.485760
vt 0.586774 0.488292
vt 0.572476 0.491642
vt 0.897880 0.478576
vt 0.882653 0.489138
vt 0.897880 0.489138
vt 0.882653 0.478576
vt 0.846106 0.468014
vt 0.830878 0.472415
vt 0.846106 0.472415
vt 0.830878 0.468014
vt 0.815651 0.476816
vt 0.830878 0.485617
vt 0.830878 0.476816
vt 0.815651 0.480336
vt 0.572476 0.470565
vt 0.586774 0.475124
vt 0.572476 0.477656
vt 0.586774 0.473097
vt 0.586774 0.473097
vt 0.601072 0.477656
vt 0.586774 0.475124
vt 0.601072 0.470565
vt 0.830878 0.472415
vt 0.846106 0.476816
vt 0.846106 0.472415
vt 0.830878 0.476816
vt 0.601072 0.485760
vt 0.586774 0.481708
vt 0.601072 0.481708
vt 0.586774 0.488292
vt 0.638361 0.382921
vt 0.603226 0.406815
vt 0.595402 0.382705
vt 0.630013 0.406949
vt 0.669555 0.406088
vt 0.650033 0.412474
vt 0.669555 0.412474
vt 0.650033 0.406088
vt 0.730908 0.421596
vt 0.743457 0.412474
vt 0.730908 0.412474
vt 0.740813 0.421596
vt 0.730908 0.403351
vt 0.715570 0.409737
vt 0.730908 0.409737
vt 0.715570 0.403351
vt 0.897880 0.468894
vt 0.913108 0.464494
vt 0.897880 0.464494
vt 0.913108 0.471535
vt 0.949654 0.468894
vt 0.964882 0.464494
vt 0.949654 0.464494
vt 0.964882 0.471535
vt 0.687682 0.412474
vt 0.700231 0.421596
vt 0.700231 0.412474
vt 0.687682 0.421596
vt 0.949654 0.464494
vt 0.934427 0.468894
vt 0.949654 0.468894
vt 0.934427 0.464494
vt 0.700231 0.403351
vt 0.715570 0.409737
vt 0.715570 0.403351
vt 0.700231 0.409737
vt 0.680507 0.458409
vt 0.694806 0.460942
vt 0.680507 0.463474
vt 0.694806 0.458409
vt 0.694806 0.458409
vt 0.709104 0.463474
vt 0.694806 0.460942
vt 0.709104 0.458409
vt 0.934427 0.460973
vt 0.949654 0.464494
vt 0.949654 0.460973
vt 0.934427 0.464494
vt 0.730908 0.395141
vt 0.715570 0.379177
vt 0.715570 0.394229
vt 0.730908 0.383282
vt 0.715570 0.394229
vt 0.700231 0.383282
vt 0.700231 0.395141
vt 0.715570 0.379177
vt 0.934427 0.464494
vt 0.919199 0.471535
vt 0.934427 0.468894
vt 0.919199 0.464494
vt 0.897880 0.464494
vt 0.882653 0.468894
vt 0.897880 0.468894
vt 0.882653 0.464494
vt 0.949654 0.468894
vt 0.934427 0.474175
vt 0.949654 0.474175
vt 0.934427 0.468894
vt 0.882653 0.464494
vt 0.867425 0.471535
vt 0.882653 0.468894
vt 0.867425 0.464494
vt 0.680507 0.471578
vt 0.694806 0.477150
vt 0.680507 0.479682
vt 0.694806 0.474111
vt 0.694806 0.474111
vt 0.709104 0.479682
vt 0.694806 0.477150
vt 0.709104 0.471578
vt 0.730908 0.412474
vt 0.715570 0.421596
vt 0.730908 0.421596
vt 0.715570 0.412474
vt 0.730908 0.409737
vt 0.715570 0.412474
vt 0.730908 0.412474
vt 0.715570 0.409737
vt 0.631906 0.400615
vt 0.650033 0.406088
vt 0.650033 0.400615
vt 0.631906 0.406088
vt 0.730908 0.403351
vt 0.715570 0.400615
vt 0.715570 0.403351
vt 0.730908 0.400615
vt 0.730908 0.395141
vt 0.715570 0.400615
vt 0.730908 0.400615
vt 0.715570 0.394229
vt 0.650033 0.406088
vt 0.631906 0.412474
vt 0.650033 0.412474
vt 0.631906 0.406088
vt 0.715570 0.412474
vt 0.700231 0.421596
vt 0.715570 0.421596
vt 0.700231 0.412474
vt 0.700231 0.409737
vt 0.715570 0.412474
vt 0.715570 0.409737
vt 0.700231 0.412474
vt 0.669555 0.406088
vt 0.687682 0.400615
vt 0.669555 0.400615
vt 0.687682 0.406088
vt 0.700231 0.403351
vt 0.715570 0.400615
vt 0.700231 0.400615
vt 0.715570 0.403351
vt 0.715570 0.394229
vt 0.700231 0.400615
vt 0.715570 0.400615
vt 0.700231 0.395141
vt 0.785195 0.462733
vt 0.769968 0.468894
vt 0.785195 0.466254
vt 0.769968 0.462733
vt 0.687682 0.412474
vt 0.669555 0.406088
vt 0.669555 0.412474
vt 0.687682 0.406088
vt 0.800423 0.462733
vt 0.785195 0.466254
vt 0.800423 0.466254
vt 0.785195 0.462733
vt 0.800423 0.466254
vt 0.815651 0.462733
vt 0.800423 0.462733
vt 0.815651 0.468894
vt 0.669555 0.421596
vt 0.641667 0.426157
vt 0.677921 0.426157
vt 0.650033 0.421596
vt 0.861334 0.476816
vt 0.846106 0.485617
vt 0.861334 0.480336
vt 0.846106 0.476816
vt 0.669555 0.417947
vt 0.650033 0.421596
vt 0.669555 0.421596
vt 0.650033 0.417947
vt 0.669555 0.412474
vt 0.650033 0.417947
vt 0.669555 0.417947
vt 0.650033 0.412474
vt 0.669555 0.400615
vt 0.650033 0.406088
vt 0.669555 0.406088
vt 0.650033 0.400615
vt 0.949654 0.478576
vt 0.934427 0.489138
vt 0.949654 0.489138
vt 0.934427 0.478576
vt 0.931694 0.410798
vt 0.966050 0.388326
vt 0.965580 0.406773
vt 0.929606 0.388891
vt 0.626491 0.487786
vt 0.640790 0.483734
vt 0.640790 0.490319
vt 0.626491 0.483734
vt 0.970019 0.406648
vt 0.964301 0.429076
vt 0.965580 0.406773
vt 0.968826 0.429245
vt 0.962746 0.436460
vt 0.968826 0.429245
vt 0.964598 0.441016
vt 0.964301 0.429076
vt 0.964598 0.441016
vt 0.946781 0.442531
vt 0.962746 0.436460
vt 0.961867 0.445573
vt 0.788034 0.441818
vt 0.767982 0.439056
vt 0.777713 0.436258
vt 0.771292 0.444717
vt 0.640790 0.493194
vt 0.626491 0.487786
vt 0.640790 0.490319
vt 0.626491 0.493194
vt 0.867425 0.478576
vt 0.882653 0.489138
vt 0.882653 0.478576
vt 0.867425 0.482096
vt 0.800423 0.475056
vt 0.785195 0.483857
vt 0.800423 0.483857
vt 0.785195 0.475056
vt 0.913108 0.478576
vt 0.897880 0.489138
vt 0.913108 0.482096
vt 0.897880 0.478576
vt 0.719823 0.446800
vt 0.708911 0.452920
vt 0.713685 0.435516
vt 0.716554 0.453587
vt 0.934427 0.474175
vt 0.919199 0.478576
vt 0.934427 0.478576
vt 0.919199 0.471535
vt 0.655088 0.487786
vt 0.640790 0.483734
vt 0.655088 0.483734
vt 0.640790 0.490319
vt 0.785195 0.471535
vt 0.769968 0.475056
vt 0.785195 0.475056
vt 0.769968 0.468894
vt 0.556164 0.436447
vt 0.531754 0.409316
vt 0.557621 0.408029
vt 0.524011 0.433906
vt 0.965580 0.406773
vt 0.930627 0.424818
vt 0.931694 0.410798
vt 0.964301 0.429076
vt 0.931694 0.410798
vt 0.868795 0.425092
vt 0.863920 0.410777
vt 0.930627 0.424818
vt 0.835727 0.408901
vt 0.868795 0.425092
vt 0.833040 0.425229
vt 0.863920 0.410777
vt 0.524815 0.457396
vt 0.539113 0.458916
vt 0.524815 0.461448
vt 0.539113 0.454298
vt 0.680507 0.463474
vt 0.694806 0.467526
vt 0.680507 0.467526
vt 0.694806 0.460942
vt 0.539113 0.454298
vt 0.553411 0.461448
vt 0.539113 0.458916
vt 0.553411 0.457396
vt 0.785195 0.459213
vt 0.800423 0.462733
vt 0.800423 0.459213
vt 0.785195 0.462733
vt 0.934427 0.474175
vt 0.949654 0.478576
vt 0.949654 0.474175
vt 0.934427 0.478576
vt 0.926603 0.381993
vt 0.871426 0.388116
vt 0.871433 0.381976
vt 0.929606 0.388891
vt 0.800423 0.466254
vt 0.785195 0.471535
vt 0.800423 0.471535
vt 0.785195 0.466254
vt 0.844538 0.356560
vt 0.892224 0.352604
vt 0.844540 0.352630
vt 0.891504 0.356552
vt 0.668160 0.386019
vt 0.669555 0.400615
vt 0.683499 0.383282
vt 0.650033 0.400615
vt 0.524815 0.469552
vt 0.539113 0.473097
vt 0.524815 0.475630
vt 0.539113 0.472085
vt 0.539113 0.472085
vt 0.553411 0.475630
vt 0.539113 0.473097
vt 0.553411 0.469552
vt 0.930627 0.424818
vt 0.886373 0.437302
vt 0.868795 0.425092
vt 0.907817 0.437183
vt 0.785195 0.471535
vt 0.800423 0.475056
vt 0.800423 0.471535
vt 0.785195 0.475056
vt 0.583135 0.406713
vt 0.560385 0.382066
vt 0.595402 0.382705
vt 0.557621 0.408029
vt 0.650104 0.407050
vt 0.674417 0.383102
vt 0.670194 0.407151
vt 0.638361 0.382921
vt 0.640790 0.493194
vt 0.655088 0.487786
vt 0.655088 0.493194
vt 0.640790 0.490319
vt 0.673840 0.440503
vt 0.694318 0.407273
vt 0.703940 0.437014
vt 0.670194 0.407151
vt 0.955089 0.382002
vt 0.929606 0.388891
vt 0.926603 0.381993
vt 0.966050 0.388326
vt 0.837020 0.443896
vt 0.817761 0.440398
vt 0.835839 0.437297
vt 0.835839 0.437297
vt 0.817761 0.440398
vt 0.798257 0.439074
vt 0.821344 0.447416
vt 0.817761 0.440398
vt 0.837020 0.443896
vt 0.817761 0.440398
vt 0.808231 0.442847
vt 0.798257 0.439074
vt 0.664900 0.440454
vt 0.673840 0.440503
vt 0.675728 0.455044
vt 0.670194 0.407151
vt 0.664900 0.440454
vt 0.650104 0.407050
vt 0.614217 0.443612
vt 0.605278 0.443567
vt 0.603226 0.406815
vt 0.703940 0.437014
vt 0.708911 0.452920
vt 0.692734 0.454489
vt 0.670194 0.407151
vt 0.674417 0.383102
vt 0.694318 0.407273
vt 0.638361 0.382921
vt 0.650104 0.407050
vt 0.630013 0.406949
vt 0.560385 0.382066
vt 0.557621 0.408029
vt 0.531754 0.409316
vt 0.666083 0.454566
vt 0.656403 0.457594
vt 0.664900 0.440454
vt 0.614217 0.443612
vt 0.623155 0.443643
vt 0.620920 0.456867
vt 0.874001 0.440494
vt 0.857400 0.443965
vt 0.857315 0.437317
vt 0.808231 0.442847
vt 0.817761 0.440398
vt 0.821344 0.447416
vt 0.673840 0.440503
vt 0.692734 0.454489
vt 0.675728 0.455044
vt 0.669555 0.417947
vt 0.687682 0.421596
vt 0.687682 0.412474
vt 0.669555 0.417947
vt 0.687682 0.412474
vt 0.669555 0.412474
vt 0.631906 0.412474
vt 0.650033 0.417947
vt 0.650033 0.412474
vt 0.687682 0.400615
vt 0.687682 0.406088
vt 0.700231 0.403351
vt 0.700231 0.409737
vt 0.700231 0.403351
vt 0.687682 0.406088
vt 0.730908 0.409737
vt 0.743457 0.406335
vt 0.730908 0.403351
vt 0.844538 0.356708
vt 0.819833 0.365553
vt 0.805323 0.363052
vt 0.596850 0.347578
vt 0.579921 0.359957
vt 0.550233 0.360828
vt 0.916945 0.357515
vt 0.939394 0.366303
vt 0.892940 0.356664
vt 0.970019 0.406648
vt 0.965580 0.406773
vt 0.966050 0.388326
vt 0.939394 0.367784
vt 0.939394 0.366303
vt 0.916945 0.357515
vt 0.730908 0.426157
vt 0.730908 0.421596
vt 0.715570 0.421596
vt 0.700231 0.412474
vt 0.700231 0.409737
vt 0.687682 0.412474
vt 0.669555 0.421596
vt 0.677921 0.426157
vt 0.687682 0.421596
vt 0.700231 0.403351
vt 0.700231 0.400615
vt 0.687682 0.400615
vt 0.687682 0.412474
vt 0.700231 0.409737
vt 0.687682 0.406088
vt 0.730908 0.412474
vt 0.743457 0.412474
vt 0.730908 0.409737
vt 0.650033 0.421596
vt 0.631906 0.421596
vt 0.641667 0.426157
vt 0.730908 0.403351
vt 0.743457 0.400615
vt 0.730908 0.400615
vt 0.730908 0.403351
vt 0.743457 0.406335
vt 0.743457 0.400615
vt 0.730908 0.409737
vt 0.743457 0.412474
vt 0.743457 0.406335
vt 0.730908 0.426157
vt 0.715570 0.421596
vt 0.700231 0.426157
vt 0.650033 0.400615
vt 0.668160 0.386019
vt 0.654216 0.394229
vt 0.700231 0.421596
vt 0.700231 0.426157
vt 0.715570 0.421596
vt 0.669555 0.417947
vt 0.669555 0.421596
vt 0.687682 0.421596
vt 0.687682 0.400615
vt 0.700231 0.400615
vt 0.700231 0.395141
vt 0.730908 0.426157
vt 0.740813 0.421596
vt 0.730908 0.421596
vt 0.631906 0.421596
vt 0.650033 0.421596
vt 0.650033 0.417947
vt 0.844538 0.356708
vt 0.805323 0.363052
vt 0.818949 0.357503
vt 0.916945 0.357515
vt 0.892940 0.356664
vt 0.892224 0.352604
vt 0.844538 0.356560
vt 0.818949 0.357503
vt 0.803804 0.365591
vt 0.819833 0.365553
vt 0.871441 0.365569
vt 0.820992 0.373087
vt 0.560385 0.382066
vt 0.529428 0.379619
vt 0.550233 0.360828
vt 0.699977 0.377476
vt 0.694318 0.407273
vt 0.674417 0.383102
vt 0.807535 0.407024
vt 0.797285 0.425366
vt 0.778269 0.425984
vt 0.777713 0.436258
vt 0.778269 0.425984
vt 0.797285 0.425366
vt 0.907817 0.437183
vt 0.930627 0.424818
vt 0.942139 0.439118
vt 0.531754 0.409316
vt 0.514607 0.409550
vt 0.529428 0.379619
vt 0.524011 0.433906
vt 0.517631 0.433139
vt 0.531754 0.409316
vt 0.964301 0.429076
vt 0.962746 0.436460
vt 0.942139 0.439118
vt 0.654216 0.394229
vt 0.631906 0.400615
vt 0.650033 0.400615
vt 0.654216 0.394229
vt 0.730908 0.395141
vt 0.631906 0.400615
vt 0.687682 0.400615
vt 0.700231 0.395141
vt 0.700231 0.383282
vt 0.691865 0.383282
vt 0.669555 0.400615
vt 0.687682 0.400615
vt 0.691865 0.383282
vt 0.683499 0.383282
vt 0.669555 0.400615
vt 0.674417 0.383102
vt 0.656171 0.359452
vt 0.681939 0.358904
vt 0.529428 0.379619
vt 0.560385 0.382066
vt 0.531754 0.409316
vt 0.517631 0.433139
vt 0.524011 0.433906
vt 0.522162 0.448518
vt 0.762500 0.427578
vt 0.777713 0.436258
vt 0.767982 0.439056
vt 0.713685 0.435516
vt 0.694318 0.407273
vt 0.714030 0.408101
vt 0.730908 0.395141
vt 0.730908 0.400615
vt 0.743457 0.400615
vt 0.700231 0.383282
vt 0.691865 0.383282
vt 0.687682 0.400615
vt 0.700231 0.421596
vt 0.687682 0.421596
vt 0.700231 0.426157
vt 0.654216 0.394229
vt 0.730908 0.383282
vt 0.730908 0.395141
vt 0.631906 0.421596
vt 0.650033 0.417947
vt 0.631906 0.412474
vt 0.934427 0.489138
vt 0.919199 0.482096
vt 0.928336 0.493538
vt 0.680507 0.493194
vt 0.670975 0.487786
vt 0.680507 0.487786
vt 0.721404 0.430720
vt 0.714030 0.408101
vt 0.720887 0.408504
vt 0.762500 0.427578
vt 0.778269 0.425984
vt 0.777713 0.436258
vt 0.850168 0.398448
vt 0.835727 0.408901
vt 0.807535 0.407024
vt 0.835839 0.437297
vt 0.797285 0.425366
vt 0.833040 0.425229
vt 0.833477 0.380192
vt 0.850168 0.398448
vt 0.803897 0.387543
vt 0.871426 0.388116
vt 0.863920 0.410777
vt 0.850168 0.398448
vt 0.769214 0.377087
vt 0.774147 0.387571
vt 0.785081 0.380957
vt 0.765078 0.397359
vt 0.774147 0.387571
vt 0.769214 0.377087
vt 0.714030 0.408101
vt 0.716654 0.382888
vt 0.720887 0.408504
vt 0.713685 0.435516
vt 0.714030 0.408101
vt 0.721404 0.430720
vt 0.714030 0.408101
vt 0.699977 0.377476
vt 0.716654 0.382888
vt 0.763213 0.404874
vt 0.774147 0.387571
vt 0.765078 0.397359
vt 0.579921 0.359957
vt 0.596850 0.347578
vt 0.656171 0.359452
vt 0.642464 0.347834
vt 0.681939 0.358904
vt 0.656171 0.359452
vt 0.939394 0.366303
vt 0.915516 0.366295
vt 0.892940 0.356664
vt 0.867425 0.464494
vt 0.882653 0.460973
vt 0.867425 0.462554
vt 0.655088 0.493194
vt 0.655088 0.498259
vt 0.640790 0.493194
vt 0.913108 0.464494
vt 0.897880 0.460973
vt 0.897880 0.464494
vt 0.913108 0.471535
vt 0.897880 0.468894
vt 0.897880 0.474175
vt 0.882653 0.474175
vt 0.882653 0.468894
vt 0.867425 0.471535
vt 0.655088 0.493194
vt 0.664620 0.487786
vt 0.655088 0.498259
vt 0.882653 0.489138
vt 0.867425 0.482096
vt 0.876562 0.493538
vt 0.626491 0.493194
vt 0.616959 0.487786
vt 0.626491 0.487786
vt 0.556164 0.436447
vt 0.557621 0.408029
vt 0.566567 0.439940
vt 0.673840 0.440503
vt 0.703940 0.437014
vt 0.692734 0.454489
vt 0.919973 0.446997
vt 0.922302 0.440542
vt 0.929387 0.443370
vt 0.907236 0.442954
vt 0.922302 0.440542
vt 0.919973 0.446997
vt 0.942139 0.439118
vt 0.929387 0.443370
vt 0.922302 0.440542
vt 0.962746 0.436460
vt 0.946781 0.442531
vt 0.942139 0.439118
vt 0.556164 0.436447
vt 0.540794 0.451389
vt 0.524011 0.433906
vt 0.540794 0.451389
vt 0.556164 0.436447
vt 0.555217 0.453036
vt 0.574012 0.440048
vt 0.572775 0.456367
vt 0.566567 0.439940
vt 0.613640 0.456360
vt 0.607545 0.455642
vt 0.614217 0.443612
vt 0.572775 0.456367
vt 0.574012 0.440048
vt 0.589684 0.459066
vt 0.922302 0.440542
vt 0.907236 0.442954
vt 0.907817 0.437183
vt 0.922302 0.440542
vt 0.907817 0.437183
vt 0.942139 0.439118
vt 0.886373 0.437302
vt 0.887006 0.443564
vt 0.874001 0.440494
vt 0.857400 0.443965
vt 0.874001 0.440494
vt 0.873573 0.447715
vt 0.886373 0.437302
vt 0.874001 0.440494
vt 0.857315 0.437317
vt 0.623155 0.443643
vt 0.638699 0.460253
vt 0.620920 0.456867
vt 0.656403 0.457594
vt 0.638699 0.460253
vt 0.655959 0.440389
vt 0.572476 0.477656
vt 0.562944 0.481708
vt 0.562944 0.474111
vt 0.610604 0.481708
vt 0.601072 0.481708
vt 0.601072 0.477656
vt 0.572476 0.470565
vt 0.562944 0.474111
vt 0.562944 0.466513
vt 0.785081 0.380957
vt 0.803804 0.365591
vt 0.805323 0.363052
vt 0.680507 0.479682
vt 0.670975 0.475630
vt 0.680507 0.471578
vt 0.709104 0.479682
vt 0.718636 0.475630
vt 0.718636 0.483734
vt 0.718636 0.467526
vt 0.718636 0.475630
vt 0.709104 0.471578
vt 0.934427 0.489138
vt 0.928336 0.493538
vt 0.942041 0.491778
vt 0.949654 0.489138
vt 0.955746 0.493538
vt 0.964882 0.482096
vt 0.670975 0.487786
vt 0.680507 0.493194
vt 0.680507 0.498259
vt 0.709104 0.493194
vt 0.718636 0.487786
vt 0.709104 0.498259
vt 0.718636 0.465500
vt 0.709104 0.463474
vt 0.709104 0.458409
vt 0.664620 0.467526
vt 0.655088 0.471578
vt 0.655088 0.467526
vt 0.897880 0.489138
vt 0.890266 0.491778
vt 0.903971 0.493538
vt 0.655088 0.498259
vt 0.626491 0.498259
vt 0.640790 0.493194
vt 0.664620 0.483734
vt 0.655088 0.487786
vt 0.655088 0.483734
vt 0.626491 0.487786
vt 0.616959 0.487786
vt 0.616959 0.483734
vt 0.626491 0.483734
vt 0.616959 0.483734
vt 0.626491 0.479682
vt 0.626491 0.467526
vt 0.616959 0.467526
vt 0.626491 0.463474
vt 0.876562 0.493538
vt 0.903971 0.493538
vt 0.890266 0.491778
vt 0.664620 0.465500
vt 0.655088 0.463474
vt 0.655088 0.458409
vt 0.626491 0.498259
vt 0.626491 0.493194
vt 0.640790 0.493194
vt 0.524815 0.475630
vt 0.515283 0.472591
vt 0.524815 0.469552
vt 0.553411 0.475630
vt 0.562944 0.472591
vt 0.562944 0.479682
vt 0.524815 0.469552
vt 0.515283 0.465500
vt 0.524815 0.465500
vt 0.664620 0.467526
vt 0.655088 0.467526
vt 0.655088 0.463474
vt 0.626491 0.463474
vt 0.616959 0.467526
vt 0.616959 0.465500
vt 0.626491 0.471578
vt 0.616959 0.467526
vt 0.626491 0.467526
vt 0.655088 0.479682
vt 0.664620 0.475630
vt 0.664620 0.483734
vt 0.626491 0.471578
vt 0.616959 0.475630
vt 0.616959 0.467526
vt 0.664620 0.483734
vt 0.655088 0.483734
vt 0.655088 0.479682
vt 0.626491 0.479682
vt 0.616959 0.483734
vt 0.616959 0.475630
vt 0.664620 0.487786
vt 0.655088 0.487786
vt 0.664620 0.483734
vt 0.626491 0.487786
vt 0.616959 0.483734
vt 0.626491 0.483734
vt 0.897880 0.489138
vt 0.882653 0.489138
vt 0.890266 0.491778
vt 0.830878 0.485617
vt 0.815651 0.480336
vt 0.824787 0.491778
vt 0.601072 0.491642
vt 0.601072 0.485760
vt 0.610604 0.485760
vt 0.830878 0.472415
vt 0.830878 0.468014
vt 0.815651 0.470215
vt 0.861334 0.470215
vt 0.846106 0.468014
vt 0.846106 0.472415
vt 0.846106 0.463614
vt 0.861334 0.463614
vt 0.846106 0.460093
vt 0.601072 0.491642
vt 0.601072 0.497720
vt 0.586774 0.491642
vt 0.815651 0.463614
vt 0.830878 0.460093
vt 0.815651 0.461853
vt 0.846106 0.485617
vt 0.830878 0.485617
vt 0.838492 0.490018
vt 0.572476 0.485760
vt 0.562944 0.481708
vt 0.572476 0.481708
vt 0.610604 0.485760
vt 0.601072 0.485760
vt 0.610604 0.481708
vt 0.610604 0.474111
vt 0.601072 0.477656
vt 0.601072 0.470565
vt 0.572476 0.470565
vt 0.562944 0.466513
vt 0.572476 0.466513
vt 0.572476 0.462461
vt 0.562944 0.466513
vt 0.562944 0.464487
vt 0.610604 0.466513
vt 0.601072 0.466513
vt 0.601072 0.462461
vt 0.846106 0.485617
vt 0.838492 0.490018
vt 0.852197 0.491778
vt 0.601072 0.497720
vt 0.572476 0.497720
vt 0.586774 0.491642
vt 0.610604 0.466513
vt 0.601072 0.470565
vt 0.601072 0.466513
vt 0.610604 0.481708
vt 0.601072 0.485760
vt 0.601072 0.481708
vt 0.572476 0.485760
vt 0.562944 0.485760
vt 0.562944 0.481708
vt 0.572476 0.481708
vt 0.562944 0.481708
vt 0.572476 0.477656
vt 0.572476 0.466513
vt 0.562944 0.466513
vt 0.572476 0.462461
vt 0.824787 0.491778
vt 0.852197 0.491778
vt 0.838492 0.490018
vt 0.572476 0.497720
vt 0.572476 0.491642
vt 0.586774 0.491642
vt 0.610604 0.464487
vt 0.601072 0.462461
vt 0.601072 0.457396
vt 0.601072 0.491642
vt 0.610604 0.485760
vt 0.601072 0.497720
vt 0.562944 0.485760
vt 0.572476 0.491642
vt 0.572476 0.497720
vt 0.846106 0.485617
vt 0.852197 0.491778
vt 0.861334 0.480336
vt 0.830878 0.485617
vt 0.824787 0.491778
vt 0.838492 0.490018
vt 0.610604 0.466513
vt 0.610604 0.474111
vt 0.601072 0.470565
vt 0.601072 0.477656
vt 0.610604 0.474111
vt 0.610604 0.481708
vt 0.655088 0.493194
vt 0.655088 0.487786
vt 0.664620 0.487786
vt 0.939394 0.367784
vt 0.916945 0.357515
vt 0.891504 0.356552
vt 0.805323 0.363052
vt 0.803804 0.365591
vt 0.818949 0.357503
vt 0.614217 0.443612
vt 0.620920 0.456867
vt 0.613640 0.456360
vt 0.566567 0.439940
vt 0.572775 0.456367
vt 0.564547 0.452005
vt 0.675728 0.455044
vt 0.666083 0.454566
vt 0.664900 0.440454
vt 0.614217 0.443612
vt 0.607545 0.455642
vt 0.605278 0.443567
vt 0.630013 0.406949
vt 0.614217 0.443612
vt 0.603226 0.406815
vt 0.583135 0.406713
vt 0.566567 0.439940
vt 0.557621 0.408029
vt 0.556164 0.436447
vt 0.566567 0.439940
vt 0.555217 0.453036
vt 0.664900 0.440454
vt 0.656403 0.457594
vt 0.655959 0.440389
vt 0.788034 0.441818
vt 0.798257 0.439074
vt 0.808231 0.442847
vt 0.887006 0.443564
vt 0.873573 0.447715
vt 0.874001 0.440494
vt 0.564547 0.452005
vt 0.555217 0.453036
vt 0.566567 0.439940
vt 0.583135 0.406713
vt 0.595402 0.382705
vt 0.603226 0.406815
vt 0.583135 0.406713
vt 0.574012 0.440048
vt 0.566567 0.439940
vt 0.630013 0.406949
vt 0.623155 0.443643
vt 0.614217 0.443612
vt 0.670194 0.407151
vt 0.673840 0.440503
vt 0.664900 0.440454
vt 0.942139 0.439118
vt 0.946781 0.442531
vt 0.929387 0.443370
vt 0.777713 0.436258
vt 0.798257 0.439074
vt 0.788034 0.441818
vt 0.655959 0.440389
vt 0.650104 0.407050
vt 0.664900 0.440454
vt 0.616959 0.487786
vt 0.626491 0.493194
vt 0.626491 0.498259
vt 0.897880 0.489138
vt 0.903971 0.493538
vt 0.913108 0.482096
vt 0.882653 0.489138
vt 0.876562 0.493538
vt 0.890266 0.491778
vt 0.664620 0.467526
vt 0.664620 0.475630
vt 0.655088 0.471578
vt 0.664620 0.475630
vt 0.655088 0.479682
vt 0.655088 0.471578
vt 0.626491 0.479682
vt 0.616959 0.475630
vt 0.626491 0.471578
vt 0.882653 0.464494
vt 0.882653 0.460973
vt 0.867425 0.464494
vt 0.913108 0.464494
vt 0.913108 0.462621
vt 0.897880 0.460973
vt 0.664620 0.467526
vt 0.655088 0.463474
vt 0.664620 0.465500
vt 0.626491 0.458409
vt 0.626491 0.463474
vt 0.616959 0.465500
vt 0.572476 0.491642
vt 0.562944 0.485760
vt 0.572476 0.485760
vt 0.699977 0.377476
vt 0.674417 0.383102
vt 0.681939 0.358904
vt 0.674417 0.383102
vt 0.638361 0.382921
vt 0.656171 0.359452
vt 0.560385 0.382066
vt 0.579921 0.359957
vt 0.595402 0.382705
vt 0.560385 0.382066
vt 0.550233 0.360828
vt 0.579921 0.359957
vt 0.929606 0.388891
vt 0.931694 0.410798
vt 0.871426 0.388116
vt 0.596850 0.347578
vt 0.642464 0.347834
vt 0.656171 0.359452
vt 0.680507 0.471578
vt 0.670975 0.475630
vt 0.670975 0.467526
vt 0.718636 0.475630
vt 0.709104 0.479682
vt 0.709104 0.471578
vt 0.680507 0.471578
vt 0.670975 0.467526
vt 0.680507 0.467526
vt 0.680507 0.463474
vt 0.670975 0.467526
vt 0.670975 0.465500
vt 0.718636 0.467526
vt 0.709104 0.467526
vt 0.709104 0.463474
vt 0.949654 0.489138
vt 0.942041 0.491778
vt 0.955746 0.493538
vt 0.709104 0.498259
vt 0.680507 0.498259
vt 0.694806 0.493194
vt 0.718636 0.467526
vt 0.709104 0.463474
vt 0.718636 0.465500
vt 0.718636 0.467526
vt 0.709104 0.471578
vt 0.709104 0.467526
vt 0.718636 0.483734
vt 0.709104 0.487786
vt 0.709104 0.483734
vt 0.680507 0.487786
vt 0.670975 0.487786
vt 0.670975 0.483734
vt 0.680507 0.483734
vt 0.670975 0.483734
vt 0.680507 0.479682
vt 0.680507 0.467526
vt 0.670975 0.467526
vt 0.680507 0.463474
vt 0.928336 0.493538
vt 0.955746 0.493538
vt 0.942041 0.491778
vt 0.680507 0.498259
vt 0.680507 0.493194
vt 0.694806 0.493194
vt 0.892940 0.356664
vt 0.915516 0.366295
vt 0.871441 0.365569
vt 0.871441 0.365569
vt 0.819833 0.365553
vt 0.844538 0.356708
vt 0.871441 0.365569
vt 0.844538 0.356708
vt 0.892940 0.356664
vt 0.844540 0.352630
vt 0.818949 0.357503
vt 0.844538 0.356560
vt 0.891504 0.356552
vt 0.916945 0.357515
vt 0.892224 0.352604
vt 0.844538 0.356708
vt 0.818949 0.357503
vt 0.844540 0.352630
vt 0.778269 0.425984
vt 0.762500 0.427578
vt 0.785999 0.405727
vt 0.785999 0.405727
vt 0.762500 0.427578
vt 0.763213 0.404874
vt 0.613640 0.456360
vt 0.620920 0.456867
vt 0.613782 0.462968
vt 0.589684 0.459066
vt 0.574012 0.440048
vt 0.605278 0.443567
vt 0.607545 0.455642
vt 0.589684 0.459066
vt 0.605278 0.443567
vt 0.655959 0.440389
vt 0.638699 0.460253
vt 0.623155 0.443643
vt 0.763213 0.404874
vt 0.765078 0.397359
vt 0.785999 0.405727
vt 0.769214 0.377087
vt 0.752236 0.383743
vt 0.765078 0.397359
vt 0.769214 0.377087
vt 0.782579 0.374945
vt 0.765872 0.383197
vt 0.787821 0.382631
vt 0.765872 0.383197
vt 0.782579 0.374945
vt 0.769214 0.377087
vt 0.794829 0.368949
vt 0.782579 0.374945
vt 0.769214 0.377087
vt 0.765872 0.383197
vt 0.752236 0.383743
vt 0.820992 0.373087
vt 0.871433 0.381976
vt 0.825556 0.381685
vt 0.850168 0.398448
vt 0.863920 0.410777
vt 0.835727 0.408901
vt 0.807535 0.407024
vt 0.778269 0.425984
vt 0.785999 0.405727
vt 0.803897 0.387543
vt 0.850168 0.398448
vt 0.807535 0.407024
vt 0.833477 0.380192
vt 0.871426 0.388116
vt 0.850168 0.398448
vt 0.805323 0.363052
vt 0.819833 0.365553
vt 0.794829 0.368949
vt 0.931694 0.410798
vt 0.863920 0.410777
vt 0.871426 0.388116
vt 0.777713 0.436258
vt 0.797285 0.425366
vt 0.798257 0.439074
vt 0.964301 0.429076
vt 0.942139 0.439118
vt 0.930627 0.424818
vt 0.703940 0.437014
vt 0.694318 0.407273
vt 0.713685 0.435516
vt 0.713685 0.435516
vt 0.721404 0.430720
vt 0.719823 0.446800
vt 0.514607 0.409550
vt 0.517631 0.433139
vt 0.510783 0.433228
vt 0.966050 0.388326
vt 0.955089 0.382002
vt 0.955088 0.383483
vt 0.970019 0.406648
vt 0.966050 0.388326
vt 0.955088 0.383483
vt 0.694318 0.407273
vt 0.699977 0.377476
vt 0.714030 0.408101
vt 0.794829 0.368949
vt 0.785081 0.380957
vt 0.805323 0.363052
vt 0.769214 0.377087
vt 0.785081 0.380957
vt 0.794829 0.368949
vt 0.514607 0.409550
vt 0.531754 0.409316
vt 0.517631 0.433139
vt 0.510783 0.433228
vt 0.517631 0.433139
vt 0.512971 0.442489
vt 0.713685 0.435516
vt 0.708911 0.452920
vt 0.703940 0.437014
vt 0.522162 0.448518
vt 0.524011 0.433906
vt 0.540794 0.451389
vt 0.871433 0.381976
vt 0.820992 0.373087
vt 0.871441 0.365569
vt 0.553411 0.488603
vt 0.553411 0.494681
vt 0.539113 0.488603
vt 0.769968 0.462733
vt 0.785195 0.459213
vt 0.769968 0.460973
vt 0.800423 0.483857
vt 0.785195 0.483857
vt 0.792809 0.487377
vt 0.524815 0.483734
vt 0.515283 0.479682
vt 0.524815 0.479682
vt 0.562944 0.483734
vt 0.553411 0.483734
vt 0.562944 0.479682
vt 0.524815 0.475630
vt 0.515283 0.479682
vt 0.515283 0.472591
vt 0.562944 0.479682
vt 0.553411 0.479682
vt 0.553411 0.475630
vt 0.524815 0.461448
vt 0.515283 0.465500
vt 0.515283 0.463474
vt 0.562944 0.465500
vt 0.553411 0.465500
vt 0.553411 0.461448
vt 0.800423 0.483857
vt 0.792809 0.487377
vt 0.806514 0.489138
vt 0.553411 0.494681
vt 0.524815 0.494681
vt 0.539113 0.488603
vt 0.562944 0.465500
vt 0.553411 0.469552
vt 0.553411 0.465500
vt 0.562944 0.479682
vt 0.553411 0.483734
vt 0.553411 0.479682
vt 0.524815 0.483734
vt 0.515283 0.483734
vt 0.515283 0.479682
vt 0.524815 0.479682
vt 0.515283 0.479682
vt 0.524815 0.475630
vt 0.524815 0.465500
vt 0.515283 0.465500
vt 0.524815 0.461448
vt 0.779104 0.489138
vt 0.806514 0.489138
vt 0.792809 0.487377
vt 0.524815 0.494681
vt 0.524815 0.488603
vt 0.539113 0.488603
vt 0.553411 0.488603
vt 0.562944 0.483734
vt 0.553411 0.494681
vt 0.515283 0.483734
vt 0.524815 0.488603
vt 0.524815 0.494681
vt 0.800423 0.483857
vt 0.806514 0.489138
vt 0.815651 0.478576
vt 0.785195 0.483857
vt 0.779104 0.489138
vt 0.792809 0.487377
vt 0.562944 0.465500
vt 0.562944 0.472591
vt 0.553411 0.469552
vt 0.562944 0.472591
vt 0.553411 0.475630
vt 0.553411 0.469552
vt 0.524815 0.469552
vt 0.515283 0.472591
vt 0.515283 0.465500
vt 0.785195 0.462733
vt 0.785195 0.459213
vt 0.769968 0.462733
vt 0.800423 0.459213
vt 0.815651 0.462733
vt 0.815651 0.460973
vt 0.562944 0.465500
vt 0.553411 0.461448
vt 0.562944 0.463474
vt 0.680507 0.458409
vt 0.680507 0.463474
vt 0.670975 0.465500
vt 0.964882 0.464494
vt 0.964882 0.462706
vt 0.949654 0.460973
vt 0.934427 0.464494
vt 0.934427 0.460973
vt 0.919199 0.464494
vt 0.562944 0.459090
vt 0.555217 0.453036
vt 0.564547 0.452005
vt 0.562944 0.459090
vt 0.564547 0.452005
vt 0.572775 0.456367
vt 0.607545 0.455642
vt 0.613640 0.456360
vt 0.613782 0.462968
vt 0.666083 0.454566
vt 0.675728 0.455044
vt 0.667798 0.461610
vt 0.666083 0.454566
vt 0.667798 0.461610
vt 0.656403 0.457594
vt 0.798257 0.439074
vt 0.797285 0.425366
vt 0.835839 0.437297
vt 0.868795 0.425092
vt 0.886373 0.437302
vt 0.857315 0.437317
vt 0.709104 0.493194
vt 0.709104 0.487786
vt 0.718636 0.487786
vt 0.934427 0.474175
vt 0.934427 0.468894
vt 0.919199 0.471535
vt 0.964882 0.471535
vt 0.949654 0.468894
vt 0.949654 0.474175
vt 0.964882 0.464494
vt 0.949654 0.460973
vt 0.949654 0.464494
vt 0.709104 0.493194
vt 0.709104 0.498259
vt 0.694806 0.493194
vt 0.919199 0.464494
vt 0.934427 0.460973
vt 0.919199 0.462638
vt 0.949654 0.489138
vt 0.934427 0.489138
vt 0.942041 0.491778
vt 0.680507 0.487786
vt 0.670975 0.483734
vt 0.680507 0.483734
vt 0.718636 0.487786
vt 0.709104 0.487786
vt 0.718636 0.483734
vt 0.680507 0.479682
vt 0.670975 0.483734
vt 0.670975 0.475630
vt 0.718636 0.483734
vt 0.709104 0.483734
vt 0.709104 0.479682
vt 0.524815 0.457396
vt 0.524815 0.461448
vt 0.515283 0.463474
vt 0.572476 0.477656
vt 0.562944 0.474111
vt 0.572476 0.470565
vt 0.830878 0.463614
vt 0.830878 0.460093
vt 0.815651 0.463614
vt 0.846106 0.460093
vt 0.861334 0.463614
vt 0.861334 0.461853
vt 0.610604 0.466513
vt 0.601072 0.462461
vt 0.610604 0.464487
vt 0.572476 0.457396
vt 0.572476 0.462461
vt 0.562944 0.464487
vt 0.524815 0.488603
vt 0.515283 0.483734
vt 0.524815 0.483734
vt 0.785195 0.483857
vt 0.769968 0.478576
vt 0.779104 0.489138
vt 0.553411 0.488603
vt 0.553411 0.483734
vt 0.562944 0.483734
vt 0.785195 0.471535
vt 0.785195 0.466254
vt 0.769968 0.468894
vt 0.815651 0.468894
vt 0.800423 0.466254
vt 0.800423 0.471535
vt 0.800423 0.462733
vt 0.815651 0.462733
vt 0.800423 0.459213
vt 0.562944 0.463474
vt 0.553411 0.461448
vt 0.553411 0.457396
vn -0.4498 0.0299 -0.8926
vn -0.4483 0.0284 -0.8934
vn -0.4541 0.0345 -0.8903
vn -0.4450 0.0248 -0.8952
vn 0.7402 0.5516 0.3846
vn 0.7399 0.5526 0.3836
vn 0.7589 0.4556 0.4653
vn 0.7063 0.6458 0.2899
vn 0.7800 0.5013 -0.3746
vn 0.7801 0.5004 -0.3754
vn 0.7815 0.4932 -0.3820
vn 0.7787 0.5076 -0.3687
vn -0.4276 -0.4466 0.7859
vn -0.4321 -0.4165 0.7998
vn -0.4449 -0.2964 0.8451
vn -0.4109 -0.5352 0.7380
vn 0.6458 0.6410 -0.4147
vn 0.6464 0.6395 -0.4162
vn 0.6433 0.6478 -0.4079
vn 0.6490 0.6320 -0.4235
vn 0.6416 0.5627 0.5213
vn 0.6415 0.5630 0.5211
vn 0.6410 0.5644 0.5201
vn 0.6420 0.5612 0.5224
vn 0.8083 0.4709 -0.3532
vn 0.8112 0.4681 -0.3504
vn 0.8733 0.3984 -0.2804
vn 0.7280 0.5391 -0.4236
vn 0.7936 0.3471 0.4996
vn 0.7915 0.3487 0.5019
vn 0.7600 0.3712 0.5334
vn 0.8219 0.3246 0.4681
vn -0.1395 -0.4110 -0.9009
vn -0.1262 -0.4403 -0.8889
vn -0.1589 -0.3667 -0.9166
vn -0.1088 -0.4774 -0.8719
vn -0.6301 -0.7764 0.0007
vn -0.6308 -0.7759 0.0000
vn -0.6274 -0.7786 0.0040
vn -0.6334 -0.7738 -0.0031
vn -0.3062 -0.3712 0.8766
vn -0.2580 -0.3735 0.8910
vn -0.3820 -0.3655 0.8488
vn -0.2172 -0.3746 0.9013
vn -0.4304 -0.4018 0.8082
vn -0.4110 -0.4110 0.8137
vn -0.4992 -0.3670 0.7849
vn -0.3552 -0.4357 0.8270
vn -0.3139 -0.0475 -0.9483
vn -0.2948 -0.0554 -0.9539
vn -0.2008 -0.0935 -0.9752
vn -0.4319 0.0036 -0.9019
vn 0.9242 0.0624 -0.3768
vn 0.9203 0.0499 -0.3878
vn 0.9371 0.1140 -0.3298
vn 0.9015 -0.0023 -0.4326
vn 0.8380 -0.0145 0.5454
vn 0.8357 -0.0193 0.5488
vn 0.8015 -0.0840 0.5921
vn 0.8659 0.0506 0.4976
vn -0.1394 -0.3482 0.9270
vn -0.1509 -0.1829 0.9715
vn -0.1583 0.0002 0.9874
vn -0.1303 -0.4443 0.8863
vn 0.4261 -0.8819 -0.2015
vn 0.4246 -0.8830 -0.1998
vn 0.4128 -0.8915 -0.1864
vn 0.4405 -0.8709 -0.2179
vn 0.4711 0.8209 0.3229
vn 0.4848 0.8200 0.3042
vn 0.5013 0.8184 0.2810
vn 0.4543 0.8213 0.3450
vn 0.4768 0.8013 -0.3613
vn 0.4968 0.8011 -0.3336
vn 0.4517 0.8002 -0.3944
vn 0.5213 0.7996 -0.2980
vn 0.3727 0.8225 0.4295
vn 0.3683 0.8286 0.4215
vn 0.3819 0.8092 0.4463
vn 0.3571 0.8433 0.4015
vn -0.4547 -0.6181 -0.6413
vn -0.4283 -0.6095 -0.6671
vn -0.3180 -0.5672 -0.7597
vn -0.5387 -0.6402 -0.5476
vn -0.1968 -0.9803 -0.0148
vn -0.1388 -0.9887 -0.0568
vn -0.0422 -0.9912 -0.1249
vn -0.2809 -0.9585 0.0475
vn 0.3865 0.7666 -0.5127
vn 0.3837 0.7709 -0.5084
vn 0.3780 0.7794 -0.4997
vn 0.3924 0.7574 -0.5218
vn 0.3971 0.8561 0.3306
vn 0.4035 0.8473 0.3454
vn 0.3853 0.8714 0.3037
vn 0.4136 0.8320 0.3695
vn 0.0486 0.9882 -0.1452
vn 0.0428 0.9899 -0.1349
vn 0.0338 0.9923 -0.1190
vn 0.0555 0.9860 -0.1574
vn 0.0579 0.9889 0.1368
vn 0.0533 0.9901 0.1299
vn 0.0630 0.9875 0.1445
vn 0.0460 0.9918 0.1189
vn 0.0969 0.0753 -0.9924
vn 0.1009 0.0715 -0.9923
vn 0.1221 0.0512 -0.9912
vn 0.0607 0.1094 -0.9921
vn 0.4443 0.7576 -0.4781
vn 0.4411 0.7570 -0.4822
vn 0.4503 0.7587 -0.4707
vn 0.4348 0.7557 -0.4898
vn 0.4271 0.7956 0.4296
vn 0.4476 0.7951 0.4092
vn 0.4879 0.7920 0.3670
vn 0.3889 0.7948 0.4658
vn 0.4019 0.8554 -0.3267
vn 0.4270 0.8543 -0.2964
vn 0.3748 0.8551 -0.3581
vn 0.4548 0.8514 -0.2612
vn 0.3971 0.7664 0.5049
vn 0.4340 0.7729 0.4629
vn 0.4719 0.7771 0.4163
vn 0.3591 0.7575 0.5452
vn -0.3909 -0.2885 0.8740
vn -0.4310 -0.2002 0.8798
vn -0.4770 -0.0825 0.8750
vn -0.3192 -0.4241 0.8475
vn -0.3893 0.9211 -0.0043
vn -0.3916 0.9201 -0.0060
vn -0.3952 0.9185 -0.0087
vn -0.3833 0.9236 0.0000
vn 0.7506 0.5502 -0.3659
vn 0.7502 0.5513 -0.3651
vn 0.7302 0.6017 -0.3235
vn 0.7673 0.4959 -0.4066
vn 0.6708 0.5922 0.4465
vn 0.6713 0.5896 0.4491
vn 0.6784 0.5486 0.4887
vn 0.6605 0.6344 0.4017
vn 0.9074 0.2990 -0.2953
vn 0.9095 0.2968 -0.2910
vn 0.8929 0.3134 -0.3233
vn 0.9222 0.2826 -0.2640
vn 0.8177 0.3664 0.4438
vn 0.8177 0.3665 0.4439
vn 0.8168 0.3674 0.4448
vn 0.8186 0.3656 0.4429
vn -0.4993 -0.1786 0.8478
vn -0.4965 -0.1793 0.8493
vn -0.7142 -0.1166 0.6901
vn -0.3153 -0.2161 0.9240
vn 0.8226 0.0432 0.5669
vn 0.8391 0.0661 0.5400
vn 0.7846 -0.0042 0.6200
vn 0.8674 0.1102 0.4852
vn -0.2837 -0.3259 -0.9018
vn -0.2738 -0.3286 -0.9039
vn -0.1110 -0.3665 -0.9238
vn -0.4866 -0.2606 -0.8338
vn 0.9353 -0.0352 -0.3520
vn 0.9445 -0.0082 -0.3283
vn 0.9614 0.0568 -0.2693
vn 0.9009 -0.1140 -0.4188
vn 0.8990 0.2564 -0.3551
vn 0.8898 0.2651 -0.3715
vn 0.9191 0.2355 -0.3159
vn 0.8654 0.2861 -0.4114
vn 0.4514 -0.8923 0.0017
vn 0.4582 -0.8888 -0.0113
vn 0.4437 -0.8960 0.0164
vn 0.4651 -0.8849 -0.0249
vn -0.9639 -0.2662 0.0035
vn -0.9629 -0.2698 0.0016
vn -0.9620 -0.2731 -0.0003
vn -0.9648 -0.2631 0.0052
vn 0.3767 -0.9229 -0.0797
vn 0.4086 -0.9032 -0.1312
vn 0.3155 -0.9488 0.0135
vn 0.4583 -0.8621 -0.2160
vn 0.7218 0.4746 0.5037
vn 0.7218 0.4713 0.5068
vn 0.7215 0.4958 0.4832
vn 0.7213 0.4480 0.5282
vn -0.7969 -0.6023 -0.0458
vn -0.7972 -0.6019 -0.0464
vn -0.7955 -0.6043 -0.0435
vn -0.7986 -0.5998 -0.0488
vn -0.9718 -0.2357 0.0026
vn -0.9719 -0.2353 0.0023
vn -0.9716 -0.2363 0.0030
vn -0.9720 -0.2347 0.0018
vn 0.6382 0.6723 0.3750
vn 0.6097 0.6784 0.4099
vn 0.5721 0.6841 0.4523
vn 0.6792 0.6603 0.3205
vn 0.6084 0.7002 -0.3736
vn 0.6084 0.6999 -0.3739
vn 0.6086 0.6996 -0.3744
vn 0.6082 0.7005 -0.3731
vn -0.6590 -0.7427 0.1187
vn -0.6472 -0.7535 0.1149
vn -0.6370 -0.7627 0.1116
vn -0.6675 -0.7346 0.1214
vn -0.2316 -0.2410 -0.9424
vn -0.1743 -0.3698 -0.9126
vn -0.2745 -0.1332 -0.9523
vn -0.1424 -0.4351 -0.8890
vn 0.7995 0.4391 -0.4099
vn 0.7999 0.4361 -0.4123
vn 0.8020 0.4188 -0.4258
vn 0.7970 0.4551 -0.3970
vn -0.5130 -0.8583 0.0135
vn -0.5184 -0.8551 0.0100
vn -0.5084 -0.8610 0.0164
vn -0.5227 -0.8525 0.0072
vn -0.3939 -0.9143 0.0941
vn -0.3631 -0.9293 0.0670
vn -0.2920 -0.9564 0.0059
vn -0.4429 -0.8858 0.1385
vn 0.4302 0.8562 -0.2860
vn 0.4335 0.8531 -0.2904
vn 0.4710 0.8133 -0.3414
vn 0.3861 0.8938 -0.2281
vn 0.3896 0.8742 0.2897
vn 0.3891 0.8746 0.2892
vn 0.3653 0.8943 0.2582
vn 0.4136 0.8518 0.3214
vn -0.2697 -0.9377 -0.2188
vn -0.2508 -0.9453 -0.2086
vn -0.2878 -0.9300 -0.2285
vn -0.2331 -0.9519 -0.1989
vn 0.4326 0.8196 -0.3755
vn 0.4442 0.8211 -0.3583
vn 0.4222 0.8180 -0.3906
vn 0.4550 0.8222 -0.3420
vn 0.4042 0.8381 0.3663
vn 0.4218 0.8389 0.3439
vn 0.4376 0.8390 0.3232
vn 0.3888 0.8369 0.3852
vn -0.5126 -0.7340 0.4454
vn -0.8611 -0.5009 0.0866
vn -0.2886 -0.7681 0.5715
vn -0.9158 -0.4007 -0.0272
vn -0.3323 -0.2969 0.8952
vn -0.3632 -0.2002 0.9099
vn -0.3928 -0.0914 0.9150
vn -0.3098 -0.3592 0.8803
vn 0.3564 0.9026 0.2413
vn 0.3646 0.8954 0.2554
vn 0.3397 0.9160 0.2131
vn 0.3801 0.8808 0.2824
vn 0.7606 -0.6273 0.1671
vn 0.6886 -0.6932 0.2128
vn 0.6390 -0.7306 0.2405
vn 0.7867 -0.5992 0.1484
vn 0.3567 0.8980 -0.2575
vn 0.3673 0.8882 -0.2761
vn 0.3850 0.8701 -0.3076
vn 0.3372 0.9144 -0.2238
vn 0.3640 0.8835 -0.2947
vn 0.3527 0.8926 -0.2806
vn 0.3067 0.9251 -0.2237
vn 0.4010 0.8500 -0.3415
vn 0.3503 0.8952 0.2753
vn 0.3622 0.8943 0.2628
vn 0.4031 0.8887 0.2183
vn 0.3051 0.8965 0.3211
vn -0.3296 -0.1302 -0.9351
vn -0.3318 -0.2176 -0.9179
vn -0.3229 -0.0166 -0.9463
vn -0.3317 -0.2797 -0.9009
vn -0.1304 -0.9915 0.0031
vn -0.1296 -0.9915 0.0022
vn -0.1325 -0.9911 0.0056
vn -0.1272 -0.9919 -0.0006
vn 0.7822 -0.1809 0.5961
vn 0.7916 -0.1714 0.5865
vn 0.7306 -0.2292 0.6432
vn 0.8305 -0.1285 0.5419
vn 0.4070 0.8682 -0.2837
vn 0.4140 0.8624 -0.2911
vn 0.3496 0.9097 -0.2241
vn 0.4586 0.8217 -0.3383
vn 0.4606 0.8491 0.2586
vn 0.4610 0.8490 0.2582
vn 0.4601 0.8492 0.2590
vn -0.1883 -0.9818 0.0227
vn -0.1815 -0.9832 0.0149
vn -0.2055 -0.9777 0.0429
vn -0.1642 -0.9864 -0.0051
vn 0.8819 -0.2236 -0.4150
vn 0.8933 -0.2080 -0.3983
vn 0.9355 -0.1401 -0.3242
vn 0.8166 -0.2987 -0.4939
vn -0.8417 -0.5398 0.0146
vn -0.8418 -0.5396 0.0144
vn -0.8421 -0.5392 0.0137
vn -0.8414 -0.5402 0.0153
vn -0.3228 -0.9463 0.0164
vn -0.3231 -0.9462 0.0160
vn -0.3251 -0.9456 0.0134
vn -0.3210 -0.9469 0.0189
vn -0.4259 -0.0562 -0.9030
vn -0.3841 -0.0869 -0.9192
vn -0.2285 -0.1925 -0.9543
vn -0.5746 0.0634 -0.8159
vn 0.5978 0.6898 -0.4084
vn 0.6000 0.6837 -0.4153
vn 0.6030 0.6749 -0.4251
vn 0.5945 0.6986 -0.3982
vn 0.5589 0.7067 0.4339
vn 0.5450 0.7088 0.4478
vn 0.5252 0.7114 0.4669
vn 0.5787 0.7030 0.4134
vn -0.9299 -0.3618 -0.0656
vn -0.9321 -0.3569 -0.0623
vn -0.9359 -0.3478 -0.0561
vn -0.9260 -0.3706 -0.0715
vn 0.8060 0.2918 0.5149
vn 0.8003 0.2965 0.5211
vn 0.7857 0.3082 0.5363
vn 0.8196 0.2802 0.4997
vn -0.1471 0.9891 0.0000
vn -0.3374 0.0918 -0.9369
vn -0.2399 0.0457 -0.9697
vn -0.3883 0.1162 -0.9142
vn -0.1591 0.0080 -0.9872
vn 0.2842 0.8441 0.4545
vn 0.2846 0.8464 0.4501
vn 0.2849 0.8480 0.4469
vn 0.2839 0.8420 0.4586
vn 0.0062 0.1445 0.9895
vn 0.0485 0.1771 0.9830
vn -0.0534 0.0980 0.9937
vn 0.1116 0.2249 0.9680
vn -0.2064 -0.3786 0.9022
vn -0.2067 -0.3787 0.9021
vn -0.1925 -0.3757 0.9065
vn -0.2170 -0.3808 0.8988
vn -0.3352 -0.5323 0.7773
vn -0.3353 -0.5323 0.7772
vn -0.3391 -0.5324 0.7756
vn -0.3325 -0.5322 0.7785
vn 0.1905 -0.9808 -0.0422
vn 0.1972 -0.9759 -0.0929
vn 0.1825 -0.9831 0.0136
vn 0.2038 -0.9681 -0.1458
vn -0.5518 -0.8298 -0.0837
vn -0.5510 -0.8304 -0.0828
vn -0.5549 -0.8274 -0.0869
vn -0.5479 -0.8327 -0.0797
vn 0.1849 -0.5477 0.8159
vn 0.1690 -0.5410 0.8238
vn 0.1481 -0.5320 0.8337
vn 0.2083 -0.5571 0.8039
vn 0.2649 0.9454 -0.1898
vn 0.2615 0.9473 -0.1851
vn 0.2522 0.9522 -0.1722
vn 0.2723 0.9411 -0.2001
vn 0.2258 0.8273 0.5144
vn 0.2475 0.8367 0.4884
vn 0.2757 0.8477 0.4532
vn 0.1962 0.8129 0.5483
vn -0.0762 -0.9915 -0.1058
vn -0.0791 -0.9915 -0.1028
vn -0.0502 -0.9898 -0.1331
vn -0.1054 -0.9916 -0.0749
vn -0.4835 -0.0287 0.8748
vn -0.4969 -0.0111 0.8677
vn -0.5686 0.0910 0.8176
vn -0.4039 -0.1275 0.9058
vn -0.4756 -0.7522 0.4560
vn -0.4143 -0.7825 0.4648
vn -0.7349 -0.5589 0.3840
vn -0.2492 -0.8427 0.4772
vn -0.1573 -0.2921 -0.9433
vn -0.1574 -0.2914 -0.9435
vn -0.1576 -0.2854 -0.9453
vn -0.1571 -0.2959 -0.9422
vn -0.3905 -0.9206 -0.0036
vn -0.3883 -0.9215 -0.0005
vn -0.3805 -0.9247 0.0103
vn -0.3984 -0.9171 -0.0149
vn -0.4529 -0.8871 -0.0889
vn -0.4526 -0.8873 -0.0886
vn -0.4538 -0.8866 -0.0897
vn -0.4517 -0.8878 -0.0878
vn -0.1700 -0.4156 -0.8935
vn -0.1701 -0.4156 -0.8935
vn -0.1682 -0.4228 -0.8904
vn -0.1712 -0.4112 -0.8953
vn 0.5443 0.7366 -0.4013
vn 0.5437 0.7383 -0.3990
vn 0.5405 0.7462 -0.3887
vn 0.5472 0.7292 -0.4107
vn 0.5218 0.6662 0.5328
vn 0.5255 0.6655 0.5300
vn 0.5617 0.6583 0.5011
vn 0.4818 0.6722 0.5622
vn 0.4153 0.2184 0.8831
vn 0.4324 0.2606 0.8632
vn 0.4521 0.3116 0.8357
vn 0.3981 0.1781 0.8998
vn 0.2254 0.1449 0.9634
vn 0.2179 0.1380 0.9662
vn 0.2617 0.1784 0.9485
vn 0.1834 0.1062 0.9773
vn 0.1784 0.9393 -0.2931
vn 0.1253 0.9242 -0.3607
vn 0.2580 0.9485 -0.1839
vn 0.0743 0.9035 -0.4220
vn -0.0625 0.1815 0.9814
vn -0.0639 0.1826 0.9811
vn -0.0828 0.1977 0.9767
vn -0.0434 0.1661 0.9851
vn -0.2305 0.1207 0.9655
vn -0.2354 0.1158 0.9650
vn -0.2011 0.1496 0.9681
vn -0.2608 0.0903 0.9611
vn -0.1236 0.9665 -0.2249
vn -0.0596 0.9543 -0.2929
vn -0.2778 0.9594 -0.0472
vn 0.0707 0.9039 -0.4217
vn 0.3880 -0.5341 0.7511
vn 0.3986 -0.5183 0.7566
vn 0.4091 -0.5024 0.7617
vn 0.3774 -0.5494 0.7454
vn 0.2072 -0.5684 0.7962
vn 0.2065 -0.5679 0.7967
vn 0.1939 -0.5587 0.8063
vn 0.2199 -0.5775 0.7862
vn 0.1111 -0.7236 -0.6811
vn 0.1235 -0.7331 -0.6688
vn 0.1931 -0.7815 -0.5932
vn 0.0522 -0.6751 -0.7358
vn -0.0381 -0.5676 0.8224
vn -0.0396 -0.5694 0.8211
vn -0.0490 -0.5808 0.8125
vn -0.0296 -0.5570 0.8300
vn -0.1385 -0.5850 0.7991
vn -0.1404 -0.5882 0.7964
vn -0.1460 -0.5973 0.7886
vn -0.1320 -0.5743 0.8079
vn -0.1985 -0.3033 -0.9320
vn -0.1991 -0.2996 -0.9330
vn -0.1941 -0.3306 -0.9236
vn -0.2018 -0.2821 -0.9379
vn -0.2438 -0.7655 -0.5954
vn -0.2403 -0.7620 -0.6012
vn -0.3019 -0.8182 -0.4892
vn -0.1815 -0.6995 -0.6912
vn -0.6626 -0.7483 -0.0307
vn -0.6618 -0.7491 -0.0295
vn -0.6748 -0.7363 -0.0489
vn -0.6494 -0.7603 -0.0117
vn -0.3009 -0.1620 0.9398
vn -0.3242 -0.1590 0.9325
vn -0.1879 -0.1747 0.9665
vn -0.4087 -0.1473 0.9007
vn 0.5844 0.1196 -0.8026
vn 0.5904 0.1140 -0.7990
vn 0.5558 0.1458 -0.8184
vn 0.6136 0.0916 -0.7843
vn -0.5480 -0.0016 0.8365
vn -0.4791 -0.0624 0.8755
vn -0.6841 0.1365 0.7164
vn -0.3456 -0.1683 0.9232
vn -0.0675 0.0486 -0.9965
vn -0.0827 0.0600 -0.9948
vn -0.0266 0.0182 -0.9995
vn -0.1174 0.0858 -0.9893
vn -0.2114 0.0933 -0.9729
vn -0.2498 0.1106 -0.9619
vn -0.1877 0.0827 -0.9787
vn -0.2726 0.1208 -0.9545
vn 0.0461 0.0795 -0.9958
vn -0.0628 0.1398 -0.9882
vn 0.2029 -0.0103 -0.9791
vn -0.1514 0.1876 -0.9705
vn -0.6786 -0.7298 -0.0827
vn -0.6783 -0.7301 -0.0824
vn -0.6796 -0.7287 -0.0839
vn -0.6772 -0.7312 -0.0812
vn 0.0464 -0.8239 -0.5648
vn 0.0398 -0.8283 -0.5589
vn -0.0412 -0.8747 -0.4829
vn 0.1090 -0.7788 -0.6177
vn 0.8768 0.2668 -0.4000
vn 0.8810 0.2627 -0.3934
vn 0.8607 0.2815 -0.4241
vn 0.8972 0.2463 -0.3664
vn 0.0455 -0.2033 -0.9781
vn 0.1400 -0.1665 -0.9760
vn 0.2729 -0.1108 -0.9556
vn -0.0590 -0.2413 -0.9686
vn 0.2731 -0.2982 -0.9146
vn 0.2893 -0.2840 -0.9141
vn 0.3264 -0.2505 -0.9114
vn 0.2510 -0.3172 -0.9145
vn 0.2765 -0.3306 -0.9023
vn 0.2699 -0.3435 -0.8995
vn 0.3135 -0.2546 -0.9148
vn 0.2302 -0.4172 -0.8791
vn 0.3623 -0.3105 0.8788
vn 0.3541 -0.3208 0.8784
vn 0.4639 -0.1718 0.8690
vn 0.1767 -0.5137 0.8396
vn 0.8117 -0.3247 -0.4854
vn 0.8292 -0.3079 -0.4664
vn 0.8689 -0.2653 -0.4178
vn 0.7615 -0.3679 -0.5336
vn -0.4108 -0.1218 -0.9035
vn -0.3915 -0.1407 -0.9093
vn -0.2699 -0.2517 -0.9294
vn -0.5968 0.0863 -0.7977
vn -0.5892 -0.8079 -0.0106
vn -0.3511 0.1252 0.9279
vn -0.3387 0.1144 0.9339
vn -0.6058 0.3622 0.7084
vn -0.1437 -0.0485 0.9884
vn 0.1463 0.0869 0.9854
vn 0.1492 0.0837 0.9852
vn 0.0539 0.1833 0.9816
vn 0.2470 -0.0233 0.9687
vn -0.2448 -0.1212 -0.9619
vn -0.2270 -0.1917 -0.9548
vn -0.2716 -0.0020 -0.9624
vn -0.1939 -0.3091 -0.9310
vn 0.8759 0.3269 0.3548
vn 0.8800 0.3219 0.3490
vn 0.9071 0.2865 0.3082
vn 0.8458 0.3604 0.3934
vn -0.1971 -0.3430 -0.9184
vn -0.1851 -0.3831 -0.9049
vn -0.2164 -0.2743 -0.9369
vn -0.1650 -0.4461 -0.8796
vn 0.0037 0.8847 -0.4660
vn 0.0038 0.8847 -0.4661
vn 0.0036 0.8848 -0.4659
vn -0.0556 -0.8909 -0.4508
vn 0.0771 -0.8655 -0.4949
vn 0.1278 -0.8511 -0.5092
vn -0.0921 -0.8947 -0.4370
vn 0.1789 -0.9837 0.0183
vn 0.1897 -0.9817 0.0171
vn 0.1906 -0.9815 0.0170
vn 0.1780 -0.9838 0.0184
vn 0.5103 -0.8398 -0.1853
vn 0.2871 -0.9254 -0.2475
vn 0.5490 -0.8178 -0.1722
vn 0.2551 -0.9327 -0.2549
vn 0.2904 0.8003 -0.5246
vn 0.2904 0.8002 -0.5247
vn 0.2907 0.7999 -0.5250
vn 0.2901 0.8005 -0.5244
vn 0.4263 0.8792 -0.2128
vn 0.4342 0.8715 -0.2281
vn 0.4504 0.8539 -0.2605
vn 0.4101 0.8937 -0.1817
vn 0.3247 0.9207 0.2164
vn 0.3182 0.9215 0.2225
vn 0.2504 0.9255 0.2840
vn 0.4004 0.9053 0.1418
vn -0.2170 -0.9759 0.0225
vn -0.2167 -0.9760 0.0221
vn -0.2178 -0.9757 0.0234
vn -0.2159 -0.9762 0.0212
vn -0.9094 -0.4084 -0.0782
vn -0.9098 -0.4077 -0.0776
vn -0.9105 -0.4064 -0.0764
vn -0.9087 -0.4096 -0.0793
vn -0.1251 -0.9917 -0.0288
vn -0.1736 -0.9848 0.0041
vn -0.2376 -0.9702 0.0481
vn -0.0685 -0.9954 -0.0668
vn -0.2520 -0.9677 -0.0042
vn -0.2540 -0.9672 -0.0063
vn -0.2431 -0.9700 0.0049
vn -0.2625 -0.9648 -0.0152
vn -0.9628 0.2701 0.0009
vn -0.9628 0.2702 0.0009
vn -0.9629 0.2699 0.0011
vn -0.9627 0.2704 0.0007
vn -0.3171 0.0521 -0.9470
vn -0.4858 -0.4352 0.7580
vn -0.1747 -0.3108 0.9343
vn 0.0075 0.2308 -0.9729
vn 0.5815 0.6914 -0.4286
vn 0.5805 0.6933 -0.4270
vn 0.5683 0.7142 -0.4085
vn 0.5912 0.6735 -0.4437
vn 0.5003 0.7392 0.4508
vn 0.4995 0.7394 0.4513
vn 0.5213 0.7332 0.4366
vn 0.4736 0.7460 0.4681
vn 0.4750 -0.8799 0.0007
vn 0.4715 -0.8819 0.0036
vn 0.4579 -0.8889 0.0142
vn 0.5068 -0.8617 -0.0248
vn -0.9138 -0.3979 -0.0814
vn -0.9127 -0.4000 -0.0830
vn -0.9048 -0.4151 -0.0950
vn -0.9214 -0.3822 -0.0691
vn -0.1181 0.9687 -0.2184
vn -0.1317 0.9750 -0.1791
vn -0.1377 0.9772 -0.1613
vn -0.1105 0.9644 -0.2402
vn -0.1883 0.9432 0.2737
vn -0.1747 0.9376 0.3006
vn -0.2004 0.9475 0.2491
vn -0.1668 0.9339 0.3161
vn 0.8089 -0.2770 0.5186
vn 0.8270 -0.2616 0.4975
vn 0.7555 -0.3175 0.5730
vn 0.8690 -0.2215 0.4423
vn -0.0205 0.9305 0.3656
vn -0.0153 0.9272 0.3741
vn -0.0297 0.9362 0.3503
vn -0.0048 0.9202 0.3913
vn -0.2181 -0.7583 -0.6143
vn -0.2102 -0.7550 -0.6211
vn -0.1898 -0.7461 -0.6381
vn -0.2378 -0.7662 -0.5969
vn 0.4647 -0.8596 0.2121
vn 0.4903 -0.8597 0.1433
vn 0.6442 -0.1073 0.7572
vn 0.6588 -0.6357 0.4023
vn 0.2436 0.8300 -0.5018
vn 0.2061 0.9464 0.2488
vn -0.0184 0.7559 0.6544
vn 0.1469 0.8238 0.5475
vn -0.1809 0.9050 0.3849
vn -0.1292 0.9846 0.1180
vn -0.1110 0.8751 -0.4711
vn 0.1116 0.0852 0.9901
vn 0.2413 0.7906 -0.5628
vn 0.3048 -0.9187 -0.2511
vn 0.8365 -0.1906 -0.5138
vn 0.3153 0.9302 -0.1880
vn -0.0069 -0.8152 -0.5791
vn -0.1016 -0.7910 -0.6033
vn 0.0257 0.9849 -0.1711
vn 0.0842 -0.9887 -0.1236
vn 0.0580 -0.9900 -0.1284
vn -0.0487 0.8595 0.5087
vn -0.8696 -0.3634 0.3341
vn -0.7670 0.4647 -0.4424
vn -0.8614 -0.2727 -0.4286
vn 0.0062 -0.1170 -0.9931
vn -0.7661 0.0582 -0.6401
vn 0.8038 0.3210 0.5008
vn 0.1097 -0.9927 0.0502
vn 0.4767 -0.6354 -0.6075
vn 0.0604 -0.9934 -0.0969
vn -0.0769 -0.9955 -0.0552
vn 0.1794 0.8432 0.5067
vn 0.3586 0.8397 -0.4077
vn -0.0296 0.6879 0.7252
vn 0.1235 0.8025 0.5836
vn 0.0881 0.8826 0.4617
vn 0.9658 0.0105 0.2589
vn 0.5889 0.7948 0.1465
vn 0.8661 -0.3532 0.3537
vn 0.0505 -0.6768 -0.7344
vn 0.0450 -0.9941 -0.0981
vn 0.4967 0.8290 0.2567
vn 0.2033 0.8809 -0.4274
vn -0.9567 -0.1504 0.2492
vn -0.9120 -0.2126 -0.3507
vn -0.8569 0.3136 0.4090
vn -0.3105 -0.9452 0.1007
vn -0.3722 0.6380 -0.6740
vn -0.2687 0.7112 0.6496
vn 0.7946 -0.4583 0.3981
vn 0.2309 -0.7685 0.5967
vn 0.5184 -0.8540 -0.0433
vn -0.1103 0.3497 -0.9303
vn -0.0883 0.3171 -0.9443
vn 0.3260 -0.9234 -0.2025
vn 0.4440 0.8870 -0.1268
vn -0.1058 0.6149 0.7814
vn 0.1160 -0.9917 0.0543
vn 0.7044 -0.6508 -0.2833
vn 0.5114 0.3258 -0.7952
vn -0.3529 0.7304 0.5847
vn -0.2501 0.6577 -0.7105
vn 0.0585 0.3318 -0.9415
vn 0.1911 -0.2040 0.9601
vn -0.0515 0.6562 0.7528
vn -0.1773 0.6818 0.7096
vn 0.1970 -0.9561 -0.2168
vn 0.4630 -0.8464 -0.2630
vn -0.0819 0.6070 0.7904
vn 0.0251 0.9849 -0.1713
vn -0.0629 -0.6466 -0.7602
vn 0.1750 0.0022 -0.9846
vn -0.0050 0.5145 0.8575
vn 0.0659 -0.2686 0.9610
vn 0.4828 -0.8738 0.0568
vn 0.5403 -0.8052 0.2445
vn 0.1322 -0.9912 0.0036
vn 0.3081 -0.8962 -0.3191
vn -0.2098 0.7876 0.5794
vn -0.0970 0.5520 0.8282
vn -0.1123 0.4877 0.8657
vn -0.0439 0.4781 0.8772
vn -0.2223 0.7647 0.6048
vn -0.0941 0.5555 0.8262
vn -0.6504 0.7595 -0.0132
vn -0.7636 0.5143 0.3903
vn -0.8401 -0.3245 -0.4346
vn -0.0711 -0.3262 -0.9426
vn 0.5474 -0.6799 0.4880
vn -0.0053 -0.4411 0.8974
vn -0.2122 -0.3870 0.8973
vn -0.1880 -0.3969 -0.8984
vn 0.1241 -0.4204 0.8988
vn -0.2480 -0.7964 -0.5516
vn 0.2097 -0.2412 -0.9475
vn 0.1694 0.9399 0.2963
vn 0.0807 0.9334 0.3496
vn 0.8300 -0.3400 0.4421
vn 0.7161 -0.3192 -0.6208
vn 0.5326 -0.8318 -0.1564
vn 0.4068 -0.8930 -0.1926
vn 0.1911 0.8747 -0.4454
vn 0.3328 0.9310 0.1498
vn 0.1570 0.6541 -0.7399
vn 0.1001 0.0813 0.9916
vn 0.2423 0.8999 -0.3625
vn 0.4429 -0.8895 -0.1129
vn 0.4794 -0.8764 -0.0450
vn 0.4654 -0.8850 -0.0110
vn 0.6049 -0.1871 -0.7739
vn 0.4639 -0.8859 -0.0079
vn 0.2982 0.8842 -0.3596
vn 0.2128 0.9231 0.3202
vn 0.1809 0.0399 -0.9827
vn 0.1155 0.1679 0.9790
vn 0.0808 0.1455 -0.9860
vn -0.4975 0.2376 0.8343
vn 0.1191 0.1950 -0.9735
vn 0.0781 -0.0156 0.9968
vn 0.0384 0.0332 0.9987
vn -0.1269 -0.8854 -0.4471
vn -0.1459 -0.7874 0.5989
vn 0.1989 -0.3582 -0.9122
vn 0.1763 -0.4744 0.8624
vn 0.0053 0.0353 0.9994
vn 0.0533 0.1476 0.9876
vn -0.2881 -0.7684 0.5715
vn 0.4658 -0.8839 0.0418
vn -0.0907 -0.1183 0.9888
vn 0.1952 -0.2116 -0.9576
vn 0.1446 0.0285 -0.9890
vn 0.0436 0.1354 -0.9898
vn -0.0520 -0.9977 0.0419
vn -0.0421 0.0094 0.9991
vn 0.5528 -0.7190 -0.4212
vn 0.1813 0.0822 -0.9799
vn -0.1142 0.1958 0.9739
vn 0.1371 0.1003 -0.9854
vn 0.0828 0.1279 0.9883
vn 0.0530 0.1374 -0.9891
vn 0.0691 0.1187 -0.9905
vn 0.1694 -0.1651 0.9716
vn 0.0783 0.0670 -0.9947
vn -0.0968 -0.1066 0.9896
vn 0.0853 0.0498 -0.9951
vn -0.0008 0.1719 0.9851
vn 0.2173 -0.0945 -0.9715
vn -0.6544 -0.7558 0.0236
vn -0.3366 -0.7211 -0.6055
vn 0.1575 -0.1734 0.9721
vn -0.0684 -0.4594 -0.8856
vn -0.1923 -0.3980 0.8970
vn -0.1940 -0.4412 0.8762
vn 0.4135 -0.7453 0.5230
vn -0.0392 -0.4457 -0.8943
vn -0.7969 -0.6026 -0.0436
vn 0.2214 -0.0873 -0.9713
vn 0.1138 -0.0501 0.9922
vn 0.1152 0.2312 0.9660
vn 0.1082 0.0800 -0.9909
vn 0.0586 0.0755 -0.9954
vn 0.0720 0.2235 0.9720
vn -0.3464 -0.6716 0.6549
vn 0.3840 -0.9189 0.0904
vn 0.0765 0.2217 0.9721
vn 0.1592 0.0400 0.9864
vn 0.2098 -0.1048 -0.9721
vn 0.2163 0.0231 -0.9760
vn 0.0928 0.0841 -0.9921
vn -0.1289 -0.9877 0.0886
vn 0.5020 -0.7707 -0.3923
vn -0.0418 0.0940 0.9947
vn 0.0790 -0.4974 0.8639
vn 0.2051 -0.4973 -0.8430
vn -0.3526 -0.6845 0.6381
vn -0.3522 -0.7430 -0.5691
vn 0.0658 0.2580 0.9639
vn 0.1240 0.1646 0.9785
vn 0.1514 -0.1271 0.9803
vn -0.8245 0.3474 -0.4465
vn -0.8473 0.2804 0.4511
vn 0.1150 0.1489 -0.9821
vn 0.1254 0.0896 -0.9880
vn 0.1863 0.4343 -0.8812
vn 0.2281 0.7905 0.5683
vn 0.1924 0.9813 0.0000
vn 0.2200 0.9546 -0.2009
vn 0.3308 0.9303 0.1586
vn 0.1172 0.6864 0.7177
vn 0.5493 -0.8334 -0.0610
vn 0.7505 -0.2491 0.6120
vn 0.0932 0.1651 0.9818
vn -0.1291 0.9846 -0.1180
vn -0.1419 0.5548 -0.8198
vn -0.0887 0.7356 -0.6715
vn 0.0884 0.8244 -0.5591
vn 0.5328 -0.8450 0.0452
vn 0.4194 -0.8103 0.4091
vn -0.0567 0.6676 0.7423
vn 0.1740 -0.5230 -0.8344
vn -0.2727 -0.7231 0.6346
vn -0.2702 -0.8407 -0.4692
vn 0.0496 0.1678 0.9846
vn 0.1220 0.1482 0.9814
vn 0.0819 0.0661 -0.9944
vn 0.0470 -0.4831 -0.8743
vn -0.1911 -0.1902 0.9630
vn -0.1003 0.0832 0.9915
vn 0.0902 0.0915 -0.9917
vn 0.2589 -0.2349 -0.9369
vn -0.3312 0.7079 0.6238
vn -0.2355 0.9206 0.3115
vn -0.3394 0.9289 -0.1478
vn -0.4395 0.6684 -0.6000
vn 0.1725 -0.9832 -0.0598
vn -0.6750 0.7378 0.0005
vn 0.1208 0.1941 -0.9735
vn 0.0732 0.0021 0.9973
vn 0.1163 0.2256 -0.9672
vn 0.1089 0.2330 -0.9663
vn 0.0112 0.0214 0.9997
vn -0.1650 -0.9262 0.3390
vn 0.6027 -0.7979 -0.0011
vn 0.0139 0.0218 0.9997
vn 0.0415 -0.0056 0.9991
vn 0.1594 -0.0949 0.9826
vn 0.1397 0.0587 -0.9884
vn 0.1394 0.2515 -0.9577
vn 0.1080 0.2329 -0.9665
vn 0.0786 -0.9959 -0.0442
vn 0.7111 -0.5875 -0.3861
vn -0.7604 -0.6410 -0.1043
vn -0.7766 -0.6264 0.0667
vn -0.8125 -0.5829 0.0038
vn -0.9035 0.2532 0.3457
vn -0.8972 0.2612 -0.3561
vn -0.9146 -0.2224 0.3376
vn 0.7879 -0.2597 0.5584
vn -0.0442 -0.0896 0.9950
vn 0.4064 -0.0316 -0.9131
vn 0.1848 0.9683 -0.1678
vn 0.2984 0.9079 0.2943
vn 0.1581 0.9769 0.1435
vn 0.0876 -0.0537 0.9947
vn -0.0344 0.9224 0.3846
vn -0.7212 0.3616 0.5908
vn -0.5319 -0.0821 0.8428
vn -0.6289 0.3050 0.7151
vn -0.1420 0.7288 0.6699
vn -0.5870 -0.7930 -0.1628
vn 0.4628 -0.8545 -0.2357
vn 0.1650 -0.4780 0.8627
vn 0.3405 -0.9307 0.1334
vn 0.0961 -0.9688 -0.2284
vn -0.9175 -0.3226 0.2325
vn 0.2706 -0.9625 0.0167
vn 0.4212 -0.8096 0.4089
vn 0.4845 -0.7949 -0.3653
vn -0.1927 0.4587 0.8674
vn 0.3203 0.2065 0.9245
vn 0.1018 0.1275 -0.9866
vn -0.3101 0.0173 -0.9505
vn -0.1942 0.0880 -0.9770
vn -0.2275 0.6365 0.7369
vn -0.6028 0.4404 0.6653
vn -0.7166 0.5090 0.4768
vn -0.0610 0.3517 -0.9341
vn 0.2867 0.0741 -0.9551
vn 0.0063 0.4714 0.8819
vn 0.2148 0.8172 -0.5348
vn -0.0426 -0.9987 0.0259
vn 0.7265 -0.3664 0.5813
vn 0.0728 -0.4537 -0.8881
vn -0.6231 -0.7819 -0.0155
vn 0.2679 -0.1177 -0.9562
vn 0.1386 0.0276 0.9900
vn 0.2236 0.0064 -0.9746
vn 0.0910 0.1465 0.9850
vn 0.0710 0.0982 -0.9926
vn 0.0141 0.1620 0.9867
vn -0.2045 -0.8523 0.4815
vn 0.7230 -0.6813 0.1147
vn -0.0036 0.1715 0.9851
vn 0.1437 0.0615 0.9877
vn 0.2671 -0.1225 -0.9558
vn 0.1769 0.0170 -0.9841
vn 0.1189 0.1216 -0.9854
vn 0.2206 -0.9723 0.0767
vn 0.8282 -0.4284 -0.3613
vn 0.2294 -0.2354 0.9444
vn 0.3546 -0.3170 -0.8796
vn -0.1996 -0.6937 0.6921
vn -0.1144 -0.7892 -0.6033
vn -0.0123 0.0912 0.9958
vn -0.0482 0.1057 0.9932
vn 0.1371 0.1000 -0.9855
vn -0.0078 -0.3487 -0.9372
vn -0.0203 -0.4013 0.9157
vn -0.0657 0.1057 0.9922
vn 0.0576 0.2986 -0.9526
vn -0.0858 -0.5787 0.8110
vn -0.0741 -0.3346 -0.9394
vn 0.9668 -0.0757 0.2439
vn 0.3338 0.0005 -0.9426
vn 0.2810 -0.0237 0.9594
vn 0.8260 0.0607 -0.5603
vn 0.5958 -0.1408 0.7906
vn 0.4487 -0.8820 0.1440
vn 0.4422 -0.8968 -0.0079
vn 0.1558 -0.1422 0.9775
vn -0.1298 -0.3423 -0.9306
vn -0.2912 -0.5877 0.7548
vn -0.0173 -0.6676 0.7443
vn 0.6336 -0.6175 0.4660
vn -0.1112 -0.2655 -0.9576
vn -0.4335 -0.8979 -0.0771
vn 0.1638 0.1838 -0.9692
vn 0.1620 -0.1521 0.9750
vn 0.0938 0.2755 -0.9567
vn 0.1303 -0.0448 0.9904
vn 0.0617 0.1091 -0.9921
vn 0.1729 0.1039 -0.9794
vn 0.0183 -0.5355 -0.8443
vn -0.2678 -0.3536 0.8962
vn -0.1417 0.1900 0.9715
vn 0.0530 0.0795 -0.9954
vn 0.3476 -0.2051 -0.9149
vn -0.1016 -0.7322 -0.6734
vn 0.2145 -0.0402 0.9759
vn -0.0781 -0.4781 -0.8748
vn -0.1779 -0.4774 0.8604
vn -0.1699 -0.1848 0.9680
vn -0.0255 0.0779 0.9966
usemtl m0
s 1
f 545/1/1 843/2/2 833/3/3
f 843/2/2 545/1/1 817/4/4
f 1462/5/5 1444/6/6 1456/7/7
f 1444/6/6 1462/5/5 1449/8/8
f 1467/9/9 1445/10/10 1453/11/11
f 1445/10/10 1467/9/9 1457/12/12
f 1238/13/13 1269/14/14 1234/15/15
f 1269/14/14 1238/13/13 1355/16/16
f 1264/17/17 1246/18/18 1252/19/19
f 1246/18/18 1264/17/17 1256/20/20
f 1259/21/21 1245/22/22 1255/23/23
f 1245/22/22 1259/21/21 1248/24/24
f 1181/25/25 1244/26/26 1217/27/27
f 1244/26/26 1181/25/25 1251/28/28
f 1211/29/29 1243/30/30 1247/31/31
f 1243/30/30 1211/29/29 1216/32/32
f 93/33/33 258/34/34 275/35/35
f 258/34/34 93/33/33 103/36/36
f 112/37/37 274/38/38 267/39/39
f 274/38/38 112/37/37 92/40/40
f 266/41/41 121/42/42 111/43/43
f 121/42/42 266/41/41 247/44/44
f 1237/45/45 1200/46/46 1196/47/47
f 1200/46/46 1237/45/45 1233/48/48
f 1227/49/49 1191/50/50 1223/51/51
f 1191/50/50 1227/49/49 1186/52/52
f 1219/53/53 1180/54/54 1215/55/55
f 1180/54/54 1219/53/53 1177/56/56
f 1218/57/57 1210/58/58 1206/59/59
f 1210/58/58 1218/57/57 1214/60/60
f 1436/61/61 1468/62/62 1432/63/63
f 1468/62/62 1436/61/61 1554/64/64
f 766/65/65 1098/66/66 1169/67/67
f 1098/66/66 766/65/65 1093/68/68
f 1510/69/69 1498/70/70 1502/71/71
f 1498/70/70 1510/69/69 1506/72/72
f 1519/73/73 1499/74/74 1507/75/75
f 1499/74/74 1519/73/73 1515/76/76
f 1329/77/77 1301/78/78 1325/79/79
f 1301/78/78 1329/77/77 1304/80/80
f 842/81/81 813/82/82 838/83/83
f 813/82/82 842/81/81 816/84/84
f 839/85/85 822/86/86 847/87/87
f 822/86/86 839/85/85 814/88/88
f 622/89/89 543/90/90 582/91/91
f 543/90/90 622/89/89 602/92/92
f 611/93/93 542/94/94 601/95/95
f 542/94/94 611/93/93 553/96/96
f 902/97/97 501/98/98 892/99/99
f 501/98/98 902/97/97 897/100/100
f 917/101/101 522/102/102 908/103/103
f 522/102/102 917/101/101 912/104/104
f 604/105/105 675/106/106 583/107/107
f 675/106/106 604/105/105 950/108/108
f 591/109/109 541/110/110 561/111/111
f 541/110/110 591/109/109 581/112/112
f 572/113/113 540/114/114 552/115/115
f 540/114/114 572/113/113 560/116/116
f 1320/117/117 1300/118/118 1308/119/119
f 1300/118/118 1320/117/117 1316/120/120
f 1311/121/121 1299/122/122 1303/123/123
f 1299/122/122 1311/121/121 1307/124/124
f 408/125/125 480/126/126 398/127/127
f 480/126/126 408/125/125 662/128/128
f 462/129/129 484/130/130 433/131/131
f 484/130/130 462/129/129 453/132/132
f 469/133/133 420/134/134 440/135/135
f 420/134/134 469/133/133 450/136/136
f 458/137/137 419/138/138 449/139/139
f 419/138/138 458/137/137 431/140/140
f 294/141/141 418/142/142 363/143/143
f 418/142/142 294/141/141 439/144/144
f 353/145/145 417/146/146 430/147/147
f 417/146/146 353/145/145 362/148/148
f 407/149/149 334/150/150 323/151/151
f 334/150/150 407/149/149 397/152/152
f 371/153/153 352/154/154 343/155/155
f 352/154/154 371/153/153 360/156/156
f 389/157/157 312/158/158 379/159/159
f 312/158/158 389/157/157 305/160/160
f 372/161/161 293/162/162 361/163/163
f 293/162/162 372/161/161 286/164/164
f 1582/165/165 20/166/166 1615/167/167
f 20/166/166 1582/165/165 38/168/168
f 985/169/169 1080/170/170 1002/171/171
f 1080/170/170 985/169/169 1086/172/172
f 1474/173/173 1434/174/174 1470/175/175
f 1434/174/174 1474/173/173 1424/176/176
f 1015/177/177 1096/178/178 1027/179/179
f 1096/178/178 1015/177/177 1102/180/180
f 58/181/181 21/182/182 47/183/183
f 21/182/182 58/181/181 31/184/184
f 1631/185/185 1589/186/186 1599/187/187
f 1589/186/186 1631/185/185 1621/188/188
f 1152/189/189 1141/190/190 885/191/191
f 1141/190/190 1152/189/189 1155/192/192
f 1508/193/193 1460/194/194 1454/195/195
f 1460/194/194 1508/193/193 1511/196/196
f 1521/197/197 1455/198/198 1464/199/199
f 1455/198/198 1521/197/197 1509/200/200
f 364/201/201 1121/202/202 1117/203/203
f 1121/202/202 364/201/201 1126/204/204
f 84/205/205 1630/206/206 1624/207/207
f 1630/206/206 84/205/205 260/208/208
f 67/209/209 22/210/210 39/211/211
f 22/210/210 67/209/209 48/212/212
f 1567/213/213 1475/214/214 1471/215/215
f 1475/214/214 1567/213/213 1571/216/216
f 219/217/217 1118/218/218 1113/219/219
f 1118/218/218 219/217/217 366/220/220
f 206/221/221 133/222/222 169/223/223
f 133/222/222 206/221/221 186/224/224
f 196/225/225 132/226/226 185/227/227
f 132/226/226 196/225/225 141/228/228
f 1119/229/229 800/230/230 1114/231/231
f 800/230/230 1119/229/229 819/232/232
f 178/233/233 131/234/234 150/235/235
f 131/234/234 178/233/233 168/236/236
f 161/237/237 130/238/238 140/239/239
f 130/238/238 161/237/237 149/240/240
f 1124/241/241 1109/242/242 854/243/243
f 1109/242/242 1124/241/241 1130/244/244
f 12/245/245 75/246/246 1634/247/247
f 75/246/246 12/245/245 248/248/248
f 1528/249/249 1500/250/250 1524/251/251
f 1500/250/250 1528/249/249 1503/252/252
f 772/253/253 1174/254/254 1171/255/255
f 1174/254/254 772/253/253 427/256/256
f 1533/257/257 1501/258/258 1516/259/259
f 1501/258/258 1533/257/257 1525/260/260
f 1005/261/261 1527/262/262 1535/263/263
f 1527/262/262 1005/261/261 1089/264/264
f 1088/265/265 1530/266/266 1526/267/267
f 1530/266/266 1088/265/265 1017/268/268
f 1473/269/269 1426/270/270 1422/271/271
f 1426/270/270 1473/269/269 1561/272/272
f 1023/273/273 1488/274/274 1011/275/275
f 1488/274/274 1023/273/273 1476/276/276
f 1618/277/277 1610/278/278 1605/279/279
f 1610/278/278 1618/277/277 1612/280/280
f 976/281/281 184/282/282 203/283/283
f 184/282/282 976/281/281 1073/284/284
f 1072/285/285 193/286/285 183/287/286
f 193/286/285 1072/285/285 752/288/287
f 998/289/288 110/290/289 982/291/290
f 110/290/289 998/289/288 91/292/291
f 1619/293/292 1581/294/293 1613/295/294
f 1581/294/293 1619/293/292 1577/296/295
f 1433/297/296 1390/298/297 1400/299/298
f 1390/298/297 1433/297/296 1423/300/299
f 265/301/300 82/302/301 74/303/302
f 82/302/301 265/301/300 273/304/303
f 1629/305/304 1592/306/305 1623/307/306
f 1592/306/305 1629/305/304 1587/308/307
f 175/309/308 46/310/309 64/311/310
f 46/310/309 175/309/308 148/312/311
f 147/313/312 56/314/313 45/315/314
f 56/314/313 147/313/312 158/316/315
f 81/317/316 1632/318/317 73/319/318
f 1632/318/317 81/317/316 1622/320/319
f 1611/321/320 19/322/321 30/323/322
f 19/322/321 1611/321/320 1614/324/323
f 456/325/324 896/326/324 487/327/324
f 896/326/324 456/325/324 916/328/324
f 309/329/325 79/330/326 271/331/327
f 79/330/326 309/329/325 137/332/328
f 34/333/329 86/334/330 108/335/331
f 86/334/330 34/333/329 42/336/332
f 189/337/333 116/338/334 127/339/335
f 116/338/334 189/337/333 172/340/336
f 1568/341/337 1495/342/338 1489/343/339
f 1495/342/338 1568/341/337 1559/344/340
f 1369/345/341 1297/346/342 1290/347/343
f 1297/346/342 1369/345/341 1360/348/344
f 278/349/345 233/350/346 289/351/347
f 233/350/346 278/349/345 240/352/348
f 1291/353/349 1373/354/350 1370/355/351
f 1373/354/350 1291/353/349 1278/356/352
f 346/357/353 117/358/354 173/359/355
f 117/358/354 346/357/353 298/360/356
f 933/361/357 1328/362/358 1336/363/359
f 1328/362/358 933/361/357 1031/364/360
f 1030/365/361 1331/366/362 1327/367/363
f 1331/366/362 1030/365/361 760/368/364
f 944/369/365 1289/370/366 699/371/367
f 1289/370/366 944/369/365 1277/372/368
f 375/373/369 367/374/370 385/375/371
f 367/374/370 375/373/369 26/376/372
f 386/377/373 221/378/374 395/379/375
f 221/378/374 386/377/373 368/380/376
f 1279/381/377 1366/382/378 1374/383/379
f 1366/382/378 1279/381/377 1286/384/380
f 1490/385/381 1572/386/382 1569/387/383
f 1572/386/382 1490/385/381 1477/388/384
f 1368/389/385 1276/390/386 1272/391/387
f 1276/390/386 1368/389/385 1372/392/388
f 1478/393/389 1565/394/390 1573/395/391
f 1565/394/390 1478/393/389 1485/396/392
f 1322/397/393 1258/398/394 1266/399/395
f 1258/398/394 1322/397/393 1310/400/396
f 1309/401/397 1262/402/398 1257/403/399
f 1262/402/398 1309/401/397 1313/404/400
f 106/405/401 68/406/402 32/407/403
f 68/406/402 106/405/401 95/408/404
f 125/409/405 96/410/406 107/411/407
f 96/410/406 125/409/405 114/412/408
f 151/413/409 134/414/410 142/415/411
f 134/414/410 151/413/409 401/416/412
f 187/417/413 162/418/414 170/419/415
f 162/418/414 187/417/413 179/420/416
f 374/421/417 163/422/418 180/423/419
f 163/422/418 374/421/417 383/424/420
f 135/425/421 85/426/422 77/427/423
f 85/426/422 135/425/421 402/428/424
f 97/429/425 231/430/426 69/431/427
f 231/430/426 97/429/425 287/432/428
f 296/433/429 98/434/430 115/435/431
f 98/434/430 296/433/429 288/436/432
f 306/437/433 326/438/434 315/439/435
f 326/438/434 306/437/433 412/440/436
f 345/441/437 164/442/438 338/443/439
f 164/442/438 345/441/437 171/444/440
f 384/445/441 339/446/442 165/447/443
f 339/446/442 384/445/441 394/448/444
f 499/449/445 670/450/446 689/451/447
f 670/450/446 499/449/445 510/452/448
f 277/453/449 307/454/450 269/455/451
f 307/454/450 277/453/449 413/456/452
f 520/457/453 688/458/454 681/459/455
f 688/458/454 520/457/453 498/460/456
f 680/461/457 530/462/458 519/463/459
f 530/462/458 680/461/457 661/464/460
f 262/465/461 199/466/462 357/467/463
f 199/466/462 262/465/461 60/468/464
f 11/469/465 1602/470/466 1597/471/467
f 1602/470/466 11/469/465 1633/472/468
f 251/473/469 61/474/470 263/475/471
f 61/474/470 251/473/469 50/476/472
f 270/477/473 51/478/474 252/479/475
f 51/478/474 270/477/473 78/480/476
f 316/481/477 136/482/478 308/483/479
f 136/482/478 316/481/477 144/484/480
f 1235/485/481 1193/486/482 1202/487/483
f 1193/486/482 1235/485/481 1225/488/484
f 787/489/485 623/490/486 635/491/487
f 623/490/486 787/489/485 795/492/488
f 1383/493/489 1443/494/490 1416/495/491
f 1443/494/490 1383/493/489 1452/496/492
f 648/497/493 656/498/494 637/499/495
f 656/498/494 648/497/493 667/500/496
f 684/501/497 668/502/498 677/503/499
f 668/502/498 684/501/497 657/504/500
f 678/505/501 696/506/502 685/507/503
f 696/506/502 678/505/501 953/508/504
f 701/509/505 710/510/506 706/511/507
f 710/510/506 701/509/505 941/512/508
f 1421/513/509 1382/514/510 1414/515/511
f 1382/514/510 1421/513/509 1378/516/512
f 1431/517/513 1393/518/514 1425/519/515
f 1393/518/514 1431/517/513 1388/520/516
f 399/521/517 314/522/517 336/523/517
f 314/522/517 399/521/517 381/524/517
f 1441/525/518 1403/526/519 1398/527/520
f 1403/526/519 1441/525/518 1435/528/521
f 712/529/522 762/530/523 742/531/524
f 762/530/523 712/529/522 942/532/525
f 1274/533/526 1228/534/527 1224/535/528
f 1228/534/527 1274/533/526 1362/536/529
f 1412/537/530 1442/538/531 1448/539/532
f 1442/538/531 1412/537/530 1415/540/533
f 490/541/534 390/542/535 380/543/536
f 390/542/535 490/541/534 672/544/537
f 780/545/538 534/546/538 492/547/539
f 534/546/538 780/545/538 594/548/540
f 634/549/541 725/550/542 785/551/543
f 725/550/542 634/549/541 654/552/544
f 786/553/545 763/554/546 790/555/547
f 763/554/546 786/553/545 726/556/548
f 1172/557/549 764/558/550 1168/559/551
f 764/558/550 1172/557/549 791/560/552
f 603/561/553 600/562/554 619/563/555
f 600/562/554 603/561/553 614/564/556
f 1334/565/557 1302/566/558 1317/567/559
f 1302/566/558 1334/565/557 1326/568/560
f 613/569/561 609/570/562 599/571/563
f 609/570/562 613/569/561 970/572/564
f 691/573/565 518/574/566 954/575/567
f 518/574/566 691/573/565 497/576/568
f 1275/577/569 1236/578/570 1271/579/571
f 1236/578/570 1275/577/569 1226/580/572
f 812/581/573 799/582/574 820/583/575
f 799/582/574 812/581/573 797/584/576
f 679/585/577 488/586/578 479/587/579
f 488/586/578 679/585/577 687/588/580
f 889/589/581 1153/590/582 1149/591/583
f 1153/590/582 889/589/581 871/592/584
f 4/593/585 317/594/586 211/595/587
f 317/594/586 4/593/585 146/596/588
f 593/597/589 448/598/590 472/599/591
f 448/598/590 593/597/589 563/600/592
f 562/601/593 461/602/594 451/603/595
f 461/602/594 562/601/593 573/604/596
f 727/605/597 1083/606/598 767/607/599
f 1083/606/598 727/605/597 1077/608/600
f 491/609/601 400/610/602 482/611/603
f 400/610/602 491/609/601 382/612/604
f 504/613/605 477/614/606 486/615/607
f 477/614/606 504/613/605 495/616/608
f 526/617/609 447/618/610 516/619/611
f 447/618/610 526/617/609 455/620/612
f 1420/621/613 1411/622/614 1407/623/615
f 1411/622/614 1420/621/613 1413/624/616
f 578/625/617 558/626/618 568/627/619
f 558/626/618 578/625/617 517/628/620
f 815/629/621 796/630/622 811/631/623
f 796/630/622 815/629/621 624/632/624
f 1013/633/625 1068/634/625 1099/635/625
f 1100/636/626 1069/637/626 777/638/626
f 930/639/627 1070/640/627 1014/641/627
f 1071/642/628 946/643/628 778/644/628
f 1050/645/629 577/646/629 935/647/629
f 515/648/630 1051/649/630 525/650/630
f 1043/651/631 903/652/631 894/653/631
f 564/654/632 758/655/632 1028/656/632
f 513/657/633 443/658/633 555/659/633
f 452/660/634 523/661/634 913/662/634
f 474/663/635 493/664/635 535/665/635
f 1065/666/636 1020/667/636 1049/668/636
f 1042/669/637 920/670/637 1007/671/637
f 746/672/638 1026/673/638 1095/674/638
f 945/675/639 1067/676/639 927/677/639
f 576/678/640 1032/679/640 934/680/640
f 254/681/641 243/682/641 282/683/641
f 253/684/642 281/685/642 272/686/642
f 89/687/643 52/688/643 80/689/643
f 329/690/644 416/691/644 349/692/644
f 300/693/645 348/694/645 415/695/645
f 129/696/646 405/697/646 191/698/646
f 881/699/647 856/700/647 860/701/647
f 872/702/648 436/703/648 836/704/648
f 877/705/649 845/706/649 1138/707/649
f 647/708/650 636/709/650 627/710/650
f 835/711/651 844/712/651 876/713/651
f 201/714/652 35/715/652 72/716/652
f 290/717/653 299/718/653 280/719/653
f 264/720/654 358/721/654 241/722/654
f 347/723/655 340/724/655 327/725/655
f 279/726/656 297/727/656 414/728/656
f 109/729/657 88/730/657 128/731/657
f 62/732/658 43/733/658 200/734/658
f 190/735/659 153/736/659 181/737/659
f 188/738/660 404/739/660 152/740/660
f 126/741/661 87/742/661 403/743/661
f 198/744/662 71/745/662 356/746/662
f 143/747/663 3/748/663 15/749/663
f 232/750/664 355/751/664 70/752/664
f 250/753/665 261/754/665 239/755/665
f 325/756/666 337/757/666 393/758/666
f 197/759/667 41/760/667 33/761/667
f 40/762/668 59/763/668 49/764/668
f 886/765/669 863/766/669 1148/767/669
f 880/768/670 1142/769/670 1156/770/670
f 887/771/671 1144/772/671 864/773/671
f 853/774/672 848/775/672 1123/776/672
f 473/777/673 544/778/673 832/779/673
f 824/780/674 554/781/674 442/782/674
f 421/783/675 768/784/675 720/785/675
f 703/786/676 724/787/676 773/788/676
f 1081/789/677 729/790/677 736/791/677
f 539/792/678 649/793/678 549/794/678
f 598/795/679 588/796/679 538/797/679
f 658/798/680 686/799/680 735/800/680
f 17/801/681 155/802/681 145/803/681
f 18/804/682 378/805/682 156/806/682
f 330/807/683 396/808/683 223/809/683
f 425/810/684 318/811/684 331/812/684
f 426/813/685 212/814/685 319/815/685
f 446/816/686 465/817/686 866/818/686
f 548/819/687 478/820/687 537/821/687
f 587/822/688 597/823/688 607/824/688
f 717/825/689 707/826/689 711/827/689
f 741/828/690 559/829/690 1161/830/690
f 376/831/691 182/832/691 154/833/691
f 222/834/692 424/835/692 328/836/692
f 234/837/693 242/838/693 359/839/693
f 16/840/694 27/841/694 377/842/694
f 44/843/695 53/844/695 90/845/695
f 1190/846/696 1185/847/696 1339/848/696
f 1176/849/697 1189/850/697 1184/851/697
f 719/852/698 1162/853/698 1107/854/698
f 718/855/699 723/856/699 708/857/699
f 810/858/700 1175/859/700 428/860/700
f 1101/861/701 771/862/701 1170/863/701
f 1116/864/702 809/865/702 224/866/702
f 804/867/703 794/868/703 808/869/703
f 1137/870/704 1167/871/704 831/872/704
f 6/873/705 1166/874/705 1136/875/705
f 1160/876/706 1165/877/706 1106/878/706
f 740/879/707 1159/880/707 716/881/707
f 1158/882/708 830/883/708 1164/884/708
f 1105/885/709 1163/886/709 5/887/709
f 437/888/710 875/889/710 467/890/710
f 891/891/711 869/892/711 466/893/711
f 846/894/712 841/895/712 1143/896/712
f 1480/897/713 1022/898/713 988/899/713
f 1404/900/714 1544/901/714 1417/902/714
f 1491/903/715 1010/904/715 1487/905/715
f 1555/906/716 1566/907/716 1469/908/716
f 1472/909/717 1570/910/717 1560/911/717
f 1406/912/718 1397/913/718 1549/914/718
f 1392/915/719 1387/916/719 1543/917/719
f 1377/918/720 1386/919/720 1381/920/720
f 781/921/721 494/922/721 1034/923/721
f 575/924/722 566/925/722 1029/926/722
f 965/927/723 1058/928/723 957/929/723
f 999/930/724 1059/931/724 966/932/724
f 732/933/725 958/934/725 1060/935/725
f 683/936/726 694/937/726 733/938/726
f 782/939/727 615/940/727 595/941/727
f 616/942/728 783/943/728 972/944/728
f 899/945/729 978/946/729 1035/947/729
f 750/948/730 755/949/730 1041/950/730
f 980/951/731 900/952/731 1074/953/731
f 1061/954/732 1001/955/732 1078/956/732
f 1062/957/733 1079/958/733 734/959/733
f 1084/960/734 984/961/734 743/962/734
f 1024/963/735 744/964/735 995/965/735
f 1085/966/736 745/967/736 1094/968/736
f 919/969/737 1090/970/737 1006/971/737
f 1019/972/738 1091/973/738 910/974/738
f 63/975/739 1626/976/739 255/977/739
f 8/978/740 28/979/740 54/980/740
f 174/981/741 256/982/741 99/983/741
f 829/984/742 867/985/742 861/986/742
f 1268/987/743 1365/988/743 1324/989/743
f 1263/990/744 1359/991/744 1242/992/744
f 1296/993/745 1358/994/745 1315/995/745
f 1194/996/746 1344/997/746 1354/998/746
f 1204/999/747 1350/1000/747 1199/1001/747
f 1188/1002/748 1179/1003/748 1343/1004/748
f 1208/1005/749 1198/1006/749 1349/1007/749
f 939/1008/750 1333/1009/750 761/1010/750
f 1493/1011/751 1512/1012/751 1505/1013/751
f 1401/1014/752 1551/1015/752 1545/1016/752
f 1546/1017/753 1538/1018/753 1418/1019/753
f 1440/1020/754 1409/1021/754 1447/1022/754
f 1380/1023/755 1384/1024/755 1429/1025/755
f 1451/1026/756 1430/1027/756 1465/1028/756
f 1518/1029/757 1484/1030/757 1536/1031/757
f 1539/1032/758 1547/1033/758 1552/1034/758
f 926/1035/759 1531/1036/759 1018/1037/759
f 1540/1038/760 1375/1039/760 1419/1040/760
f 471/1041/761 674/1042/761 592/1043/761
f 460/1044/762 664/1045/762 411/1046/762
f 589/1047/763 506/1048/763 579/1049/763
f 1492/1050/764 1504/1051/764 1529/1052/764
f 1534/1053/765 1483/1054/765 991/1055/765
f 1522/1056/766 1482/1057/766 1517/1058/766
f 1459/1059/767 1556/1060/767 1439/1061/767
f 1520/1062/768 1563/1063/768 1481/1064/768
f 1438/1065/769 1446/1066/769 1458/1067/769
f 1463/1068/770 1428/1069/770 1562/1070/770
f 1394/1071/771 1408/1072/771 1437/1073/771
f 1379/1074/772 1427/1075/772 1450/1076/772
f 1399/1077/773 1389/1078/773 1550/1079/773
f 1591/1080/774 1586/1081/774 218/1082/774
f 1604/1083/775 1609/1084/775 1596/1085/775
f 83/1086/776 276/1087/776 259/1088/776
f 249/1089/777 268/1090/777 76/1091/777
f 113/1092/778 124/1093/778 987/1094/778
f 1606/1095/779 230/1096/779 1620/1097/779
f 105/1098/780 1003/1099/780 969/1100/780
f 1598/1101/781 1588/1102/781 235/1103/781
f 1578/1104/782 1625/1105/782 36/1106/782
f 1593/1107/783 1607/1108/783 7/1109/783
f 244/1110/784 55/1111/784 157/1112/784
f 176/1113/785 100/1114/785 166/1115/785
f 202/1116/786 101/1117/786 960/1118/786
f 118/1119/787 138/1120/787 192/1121/787
f 1600/1122/788 236/1123/788 225/1124/788
f 226/1125/789 213/1126/789 1616/1127/789
f 119/1128/790 159/1129/790 139/1130/790
f 9/1131/791 1608/1132/791 29/1133/791
f 1579/1134/792 1583/1135/792 1627/1136/792
f 37/1137/793 1628/1138/793 65/1139/793
f 167/1140/794 102/1141/794 204/1142/794
f 214/1143/795 227/1144/795 237/1145/795
f 215/1146/796 1574/1147/796 1617/1148/796
f 992/1149/797 194/1150/797 754/1151/797
f 1603/1152/798 1594/1153/798 228/1154/798
f 1584/1155/799 1575/1156/799 216/1157/799
f 1601/1158/800 229/1159/800 1595/1160/800
f 1590/1161/801 217/1162/801 238/1163/801
f 120/1164/802 245/1165/802 160/1166/802
f 57/1167/803 246/1168/803 10/1169/803
f 1405/1170/804 1410/1171/804 1395/1172/804
f 837/1173/805 879/1174/805 874/1175/805
f 862/1176/806 868/1177/806 1147/1178/806
f 1044/1179/807 1009/1180/807 751/1181/807
f 1036/1182/808 981/1183/808 1056/1184/808
f 936/1185/809 1066/1186/809 1052/1187/809
f 1045/1188/810 756/1189/810 904/1190/810
f 915/1191/811 1046/1192/811 895/1193/811
f 505/1194/812 1037/1195/812 496/1196/812
f 784/1197/813 1038/1198/813 974/1199/813
f 1053/1200/814 1021/1201/814 911/1202/814
f 702/1203/815 779/1204/815 948/1205/815
f 986/1206/816 997/1207/816 747/1208/816
f 1057/1209/817 975/1210/817 1039/1211/817
f 502/1212/818 483/1213/818 893/1214/818
f 503/1215/819 898/1216/819 1033/1217/819
f 914/1218/820 918/1219/820 1040/1220/820
f 514/1221/821 574/1222/821 1047/1223/821
f 730/1224/822 693/1225/822 956/1226/822
f 704/1227/823 776/1228/823 698/1229/823
f 909/1230/824 524/1231/824 1048/1232/824
f 1385/1233/825 1376/1234/825 1541/1235/825
f 1402/1236/826 1548/1237/826 1396/1238/826
f 1391/1239/827 1542/1240/827 1553/1241/827
f 1494/1242/828 1557/1243/828 1513/1244/828
f 1558/1245/829 1461/1246/829 1514/1247/829
f 1466/1248/830 1564/1249/830 1523/1250/830
f 1479/1251/831 1025/1252/831 1486/1253/831
f 1496/1254/832 928/1255/832 1012/1256/832
f 1497/1257/833 1532/1258/833 929/1259/833
f 1008/1260/834 1537/1261/834 996/1262/834
f 1576/1263/835 1585/1264/835 1580/1265/835
f 828/1266/836 444/1267/836 865/1268/836
f 445/1269/837 454/1270/837 463/1271/837
f 475/1272/838 434/1273/838 485/1274/838
f 476/1275/839 834/1276/839 435/1277/839
f 798/1278/840 789/1279/840 803/1280/840
f 870/1281/841 888/1282/841 464/1283/841
f 1321/1284/842 1364/1285/842 1282/1286/842
f 1357/1287/843 1261/1288/843 1312/1289/843
f 1323/1290/844 1283/1291/844 1318/1292/844
f 1335/1293/845 1284/1294/845 925/1295/845
f 1293/1296/846 1305/1297/846 1330/1298/846
f 1203/1299/847 1352/1300/847 1346/1301/847
f 1347/1302/848 1340/1303/848 1221/1304/848
f 1294/1305/849 1332/1306/849 938/1307/849
f 1295/1308/850 1314/1309/850 1306/1310/850
f 1241/1311/851 1213/1312/851 1250/1313/851
f 1183/1314/852 1187/1315/852 1231/1316/852
f 1254/1317/853 1232/1318/853 1267/1319/853
f 1319/1320/854 1285/1321/854 1337/1322/854
f 1341/1323/855 1348/1324/855 1353/1325/855
f 1342/1326/856 1178/1327/856 1222/1328/856
f 1139/1329/857 840/1330/857 850/1331/857
f 851/1332/858 857/1333/858 882/1334/858
f 852/1335/859 883/1336/859 1140/1337/859
f 1150/1338/860 1145/1339/860 890/1340/860
f 873/1341/861 878/1342/861 1154/1343/861
f 884/1344/862 1146/1345/862 1151/1346/862
f 722/1347/863 713/1348/863 209/1349/863
f 210/1350/864 714/1351/864 1104/1352/864
f 748/1353/865 1004/1354/865 989/1355/865
f 1075/1356/866 901/1357/866 905/1358/866
f 757/1359/867 1076/1360/867 906/1361/867
f 907/1362/868 1087/1363/868 921/1364/868
f 1103/1365/869 1/1366/869 207/1367/869
f 1131/1368/870 13/1369/870 2/1370/870
f 1132/1371/871 1127/1372/871 23/1373/871
f 365/1374/872 24/1375/872 1128/1376/872
f 1133/1377/873 1108/1378/873 1129/1379/873
f 1134/1380/874 25/1381/874 14/1382/874
f 1122/1383/875 821/1384/875 1120/1385/875
f 805/1386/876 792/1387/876 1173/1388/876
f 422/1389/877 721/1390/877 208/1391/877
f 220/1392/878 806/1393/878 423/1394/878
f 1115/1395/879 801/1396/879 807/1397/879
f 858/1398/880 855/1399/880 1110/1400/880
f 788/1401/881 793/1402/881 802/1403/881
f 705/1404/882 770/1405/882 775/1406/882
f 655/1407/883 731/1408/883 728/1409/883
f 565/1410/884 556/1411/884 737/1412/884
f 738/1413/885 715/1414/885 709/1415/885
f 644/1416/886 584/1417/886 665/1418/886
f 625/1419/887 818/1420/887 546/1421/887
f 645/1422/888 626/1423/888 547/1424/888
f 557/1425/889 825/1426/889 1157/1427/889
f 1111/1428/890 826/1429/890 859/1430/890
f 1135/1431/891 827/1432/891 1112/1433/891
f 646/1434/892 536/1435/892 585/1436/892
f 666/1437/893 586/1438/893 676/1439/893
f 739/1440/894 759/1441/894 567/1442/894
f 606/1443/895 596/1444/895 617/1445/895
f 823/1446/896 1125/1447/896 849/1448/896
f 344/1449/897 643/1450/897 373/1451/897
f 512/1452/898 695/1453/898 952/1454/898
f 335/1455/899 313/1456/899 653/1457/899
f 295/1458/900 391/1459/900 441/1460/900
f 324/1461/901 354/1462/901 409/1463/901
f 470/1464/902 392/1465/902 673/1466/902
f 410/1467/903 432/1468/903 459/1469/903
f 618/1470/904 507/1471/904 949/1472/904
f 527/1473/905 550/1474/905 608/1475/905
f 332/1476/906 650/1477/906 638/1478/906
f 639/1479/907 628/1480/907 369/1481/907
f 528/1482/908 569/1483/908 551/1484/908
f 406/1485/909 350/1486/909 429/1487/909
f 291/1488/910 301/1489/910 387/1490/910
f 438/1491/911 388/1492/911 468/1493/911
f 580/1494/912 508/1495/912 620/1496/912
f 629/1497/913 640/1498/913 651/1499/913
f 630/1500/914 283/1501/914 370/1502/914
f 341/1503/915 320/1504/915 641/1505/915
f 302/1506/916 284/1507/916 631/1508/916
f 333/1509/917 642/1510/917 321/1511/917
f 310/1512/918 632/1513/918 652/1514/918
f 529/1515/919 659/1516/919 570/1517/919
f 660/1518/920 457/1519/920 571/1520/920
f 590/1521/921 669/1522/921 509/1523/921
f 500/1524/922 692/1525/922 511/1526/922
f 955/1527/923 531/1528/923 963/1529/923
f 532/1530/924 610/1531/924 964/1532/924
f 937/1533/925 1338/1534/925 931/1535/925
f 1298/1536/926 940/1537/926 700/1538/926
f 1280/1539/927 947/1540/927 1287/1541/927
f 961/1542/928 971/1543/928 1054/1544/928
f 962/1545/929 1055/1546/929 977/1547/929
f 753/1548/930 749/1549/930 990/1550/930
f 1063/1551/931 932/1552/931 922/1553/931
f 1064/1554/932 924/1555/932 1016/1556/932
f 774/1557/933 769/1558/933 1097/1559/933
f 765/1560/934 1082/1561/934 1092/1562/934
f 1205/1563/935 1209/1564/935 1195/1565/935
f 1273/1566/936 1371/1567/936 1361/1568/936
f 1356/1569/937 1367/1570/937 1270/1571/937
f 1292/1572/938 697/1573/938 1288/1574/938
f 1207/1575/939 1345/1576/939 1220/1577/939
f 1281/1578/940 943/1579/940 923/1580/940
f 1201/1581/941 1192/1582/941 1351/1583/941
f 1182/1584/942 1229/1585/942 1253/1586/942
f 1197/1587/943 1212/1588/943 1239/1589/943
f 1265/1590/944 1230/1591/944 1363/1592/944
f 1240/1593/945 1249/1594/945 1260/1595/945
f 605/1596/946 621/1597/946 951/1598/946
f 66/1599/947 257/1600/947 177/1601/947
f 94/1602/948 1000/1603/948 104/1604/948
f 983/1605/949 122/1606/949 993/1607/949
f 123/1608/950 195/1609/950 994/1610/950
f 979/1611/951 205/1612/951 967/1613/951
f 285/1614/952 303/1615/952 292/1616/952
f 311/1617/953 304/1618/953 633/1619/953
f 342/1620/954 351/1621/954 322/1622/954
f 489/1623/955 690/1624/955 671/1625/955
f 663/1626/956 682/1627/956 481/1628/956
f 521/1629/957 533/1630/957 959/1631/957
f 968/1632/958 612/1633/958 973/1634/958
