# Blender v2.79 (sub 0) OBJ File: ''
# www.blender.org
mtllib left hand 3.mtl
o n0b0_n0b0.002
v 2.223438 -1.394141 1.483984
v 2.223438 -1.394141 1.483984
v 2.223438 -1.394141 1.483984
v 2.223438 -1.394141 1.483984
v 2.223438 -1.394141 1.483984
v 2.223438 -1.394141 1.483984
v 2.223438 -1.394141 1.483984
v 2.210938 -0.556641 -2.142578
v 2.210938 -0.556641 -2.142578
v 2.210938 -0.556641 -2.142578
v 2.210938 -0.556641 -2.142578
v 2.712500 -0.536719 2.108984
v 2.712500 -0.536719 2.108984
v 2.712500 -0.536719 2.108984
v 2.712500 -0.536719 2.108984
v 2.712500 -0.536719 2.108984
v 2.712500 -0.536719 2.108984
v 2.712500 -0.536719 2.108984
v 2.712500 -0.536719 2.108984
v 2.205469 0.202344 -2.236719
v 2.205469 0.202344 -2.236719
v 2.205469 0.202344 -2.236719
v 2.205469 0.202344 -2.236719
v 2.205469 0.202344 -2.236719
v 2.205469 0.202344 -2.236719
v 1.960156 -0.115625 2.481250
v 1.960156 -0.115625 2.481250
v 1.960156 -0.115625 2.481250
v 1.960156 -0.115625 2.481250
v 1.960156 -0.115625 2.481250
v 1.960156 -0.115625 2.481250
v 2.488672 -0.568359 -2.102734
v 2.488672 -0.568359 -2.102734
v 2.488672 -0.568359 -2.102734
v 2.488672 -0.568359 -2.102734
v 2.488672 -0.568359 -2.102734
v 3.901172 -1.680469 3.671094
v 3.901172 -1.680469 3.671094
v 3.901172 -1.680469 3.671094
v 3.901172 -1.680469 3.671094
v 2.439844 -0.056641 -2.326563
v 2.439844 -0.056641 -2.326563
v 2.439844 -0.056641 -2.326563
v 2.439844 -0.056641 -2.326563
v 4.096094 -1.872266 3.311719
v 4.096094 -1.872266 3.311719
v 4.096094 -1.872266 3.311719
v 4.096094 -1.872266 3.311719
v 4.096094 -1.872266 3.311719
v 2.630859 -0.260156 -2.354297
v 2.630859 -0.260156 -2.354297
v 2.630859 -0.260156 -2.354297
v 2.630859 -0.260156 -2.354297
v 3.881250 -2.201172 2.769141
v 3.881250 -2.201172 2.769141
v 3.881250 -2.201172 2.769141
v 3.881250 -2.201172 2.769141
v 3.881250 -2.201172 2.769141
v 2.688672 -0.633594 -2.169531
v 2.688672 -0.633594 -2.169531
v 2.688672 -0.633594 -2.169531
v 2.688672 -0.633594 -2.169531
v 4.095703 -2.393750 3.205859
v 4.095703 -2.393750 3.205859
v 4.095703 -2.393750 3.205859
v 4.095703 -2.393750 3.205859
v 3.059375 -0.226562 1.908984
v 3.059375 -0.226562 1.908984
v 3.059375 -0.226562 1.908984
v 3.059375 -0.226562 1.908984
v 3.059375 -0.226562 1.908984
v 3.059375 -0.226562 1.908984
v 3.380078 -1.987500 3.944531
v 3.380078 -1.987500 3.944531
v 3.380078 -1.987500 3.944531
v 3.380078 -1.987500 3.944531
v 3.380078 -1.987500 3.944531
v 3.173828 0.798438 2.182031
v 3.173828 0.798438 2.182031
v 3.173828 0.798438 2.182031
v 3.173828 0.798438 2.182031
v 3.649219 -2.016406 2.548828
v 3.649219 -2.016406 2.548828
v 3.649219 -2.016406 2.548828
v 3.649219 -2.016406 2.548828
v 2.596094 0.505859 2.065625
v 2.596094 0.505859 2.065625
v 2.596094 0.505859 2.065625
v 2.596094 0.505859 2.065625
v 2.596094 0.505859 2.065625
v 2.596094 0.505859 2.065625
v 2.596094 0.505859 2.065625
v 3.844922 -1.638281 3.013672
v 3.844922 -1.638281 3.013672
v 3.844922 -1.638281 3.013672
v 3.844922 -1.638281 3.013672
v 3.844922 -1.638281 3.013672
v 3.844922 -1.638281 3.013672
v 2.716797 -0.439063 1.971094
v 2.716797 -0.439063 1.971094
v 2.716797 -0.439063 1.971094
v 2.716797 -0.439063 1.971094
v 2.716797 -0.439063 1.971094
v 2.912109 -1.530859 3.719922
v 2.912109 -1.530859 3.719922
v 2.912109 -1.530859 3.719922
v 2.912109 -1.530859 3.719922
v 2.641016 -0.966016 -1.428906
v 2.641016 -0.966016 -1.428906
v 2.641016 -0.966016 -1.428906
v 2.641016 -0.966016 -1.428906
v 2.641016 -0.966016 -1.428906
v 3.448047 -1.313672 3.475781
v 3.448047 -1.313672 3.475781
v 3.448047 -1.313672 3.475781
v 3.448047 -1.313672 3.475781
v 2.837109 -0.807813 -1.678125
v 2.837109 -0.807813 -1.678125
v 2.837109 -0.807813 -1.678125
v 2.837109 -0.807813 -1.678125
v 2.837109 -0.807813 -1.678125
v 2.837109 -0.807813 -1.678125
v 2.837109 -0.807813 -1.678125
v 2.616406 -1.321094 3.377344
v 2.616406 -1.321094 3.377344
v 2.616406 -1.321094 3.377344
v 2.616406 -1.321094 3.377344
v 2.964062 1.416016 2.013672
v 2.964062 1.416016 2.013672
v 2.964062 1.416016 2.013672
v 2.964062 1.416016 2.013672
v 2.964062 1.416016 2.013672
v 2.964062 1.416016 2.013672
v 3.157813 -1.144922 3.176953
v 3.157813 -1.144922 3.176953
v 3.157813 -1.144922 3.176953
v 3.157813 -1.144922 3.176953
v 3.157813 -1.144922 3.176953
v 3.460156 -0.366016 -0.235156
v 3.460156 -0.366016 -0.235156
v 3.460156 -0.366016 -0.235156
v 3.460156 -0.366016 -0.235156
v 3.460156 -0.366016 -0.235156
v 3.230469 -1.741797 2.287500
v 3.230469 -1.741797 2.287500
v 3.230469 -1.741797 2.287500
v 3.230469 -1.741797 2.287500
v 3.655859 0.811719 -0.237500
v 3.655859 0.811719 -0.237500
v 3.655859 0.811719 -0.237500
v 3.655859 0.811719 -0.237500
v 2.834375 -1.466797 1.975781
v 2.834375 -1.466797 1.975781
v 2.834375 -1.466797 1.975781
v 2.834375 -1.466797 1.975781
v 2.834375 -1.466797 1.975781
v 2.565234 -0.660156 0.060547
v 2.565234 -0.660156 0.060547
v 2.565234 -0.660156 0.060547
v 2.565234 -0.660156 0.060547
v 2.565234 -0.660156 0.060547
v 2.938281 -0.897656 2.252344
v 2.938281 -0.897656 2.252344
v 2.938281 -0.897656 2.252344
v 2.938281 -0.897656 2.252344
v 2.938281 -0.897656 2.252344
v 2.938281 -0.897656 2.252344
v 2.838281 -0.605469 1.435156
v 2.838281 -0.605469 1.435156
v 2.838281 -0.605469 1.435156
v 2.838281 -0.605469 1.435156
v 2.838281 -0.605469 1.435156
v 2.838281 -0.605469 1.435156
v 2.124219 -1.003125 3.044531
v 2.124219 -1.003125 3.044531
v 2.124219 -1.003125 3.044531
v 2.124219 -1.003125 3.044531
v 3.350000 -0.213281 1.426953
v 3.350000 -0.213281 1.426953
v 3.350000 -0.213281 1.426953
v 3.350000 -0.213281 1.426953
v 3.350000 -0.213281 1.426953
v 3.350000 -0.213281 1.426953
v 2.369531 -1.162500 3.163672
v 2.369531 -1.162500 3.163672
v 2.369531 -1.162500 3.163672
v 2.369531 -1.162500 3.163672
v 3.316016 0.871094 -1.801953
v 3.316016 0.871094 -1.801953
v 3.316016 0.871094 -1.801953
v 3.316016 0.871094 -1.801953
v 3.316016 0.871094 -1.801953
v 2.471875 -0.718359 2.714062
v 2.471875 -0.718359 2.714062
v 2.471875 -0.718359 2.714062
v 2.471875 -0.718359 2.714062
v 2.379688 -1.023438 -1.421875
v 2.379688 -1.023438 -1.421875
v 2.379688 -1.023438 -1.421875
v 2.379688 -1.023438 -1.421875
v 2.379688 -1.023438 -1.421875
v 2.850781 -0.957031 2.916797
v 2.850781 -0.957031 2.916797
v 2.850781 -0.957031 2.916797
v 2.850781 -0.957031 2.916797
v 2.850781 -0.957031 2.916797
v 2.103125 -0.969141 0.018750
v 2.103125 -0.969141 0.018750
v 2.103125 -0.969141 0.018750
v 2.103125 -0.969141 0.018750
v 2.103125 -0.969141 0.018750
v 4.092187 -2.241406 3.627344
v 4.092187 -2.241406 3.627344
v 4.092187 -2.241406 3.627344
v 4.092187 -2.241406 3.627344
v 4.092187 -2.241406 3.627344
v 1.462500 -1.150000 -1.377344
v 1.462500 -1.150000 -1.377344
v 1.462500 -1.150000 -1.377344
v 1.462500 -1.150000 -1.377344
v 1.407422 -1.555469 1.496094
v 1.407422 -1.555469 1.496094
v 1.407422 -1.555469 1.496094
v 1.407422 -1.555469 1.496094
v 1.407422 -1.555469 1.496094
v 1.430859 -1.230859 -0.140234
v 1.430859 -1.230859 -0.140234
v 1.430859 -1.230859 -0.140234
v 1.430859 -1.230859 -0.140234
v 1.430859 -1.230859 -0.140234
v 1.430859 -1.230859 -0.140234
v 0.689063 -1.196875 2.499609
v 0.689063 -1.196875 2.499609
v 0.689063 -1.196875 2.499609
v 0.689063 -1.196875 2.499609
v 0.689063 -1.196875 2.499609
v 0.689063 -1.196875 2.499609
v 1.926953 -1.091406 0.844531
v 1.926953 -1.091406 0.844531
v 1.926953 -1.091406 0.844531
v 1.926953 -1.091406 0.844531
v 1.926953 -1.091406 0.844531
v 1.926953 -1.091406 0.844531
v 2.957422 -2.438672 3.886328
v 2.957422 -2.438672 3.886328
v 2.957422 -2.438672 3.886328
v 2.957422 -2.438672 3.886328
v 0.725781 -1.110937 -1.203906
v 0.725781 -1.110937 -1.203906
v 0.725781 -1.110937 -1.203906
v 0.725781 -1.110937 -1.203906
v 3.035156 -2.659766 3.612891
v 3.035156 -2.659766 3.612891
v 3.035156 -2.659766 3.612891
v 3.035156 -2.659766 3.612891
v 3.035156 -2.659766 3.612891
v 0.859375 -0.438281 -1.919141
v 0.859375 -0.438281 -1.919141
v 0.859375 -0.438281 -1.919141
v 0.859375 -0.438281 -1.919141
v 3.313672 -2.582813 2.966406
v 3.313672 -2.582813 2.966406
v 3.313672 -2.582813 2.966406
v 3.313672 -2.582813 2.966406
v 3.313672 -2.582813 2.966406
v 0.725781 -1.058203 -0.140234
v 0.725781 -1.058203 -0.140234
v 0.725781 -1.058203 -0.140234
v 0.725781 -1.058203 -0.140234
v 0.725781 -1.058203 -0.140234
v 3.621875 -2.712891 3.370703
v 3.621875 -2.712891 3.370703
v 3.621875 -2.712891 3.370703
v 3.621875 -2.712891 3.370703
v 0.684375 0.778906 1.695312
v 0.684375 0.778906 1.695312
v 0.684375 0.778906 1.695312
v 0.684375 0.778906 1.695312
v 0.684375 0.778906 1.695312
v 0.684375 0.778906 1.695312
v 0.684375 0.778906 1.695312
v 0.684375 0.778906 1.695312
v 3.037500 -2.445703 2.725391
v 3.037500 -2.445703 2.725391
v 3.037500 -2.445703 2.725391
v 3.037500 -2.445703 2.725391
v 0.130859 0.585156 -1.585156
v 0.130859 0.585156 -1.585156
v 0.130859 0.585156 -1.585156
v 0.130859 0.585156 -1.585156
v 0.130859 0.585156 -1.585156
v 0.130859 0.585156 -1.585156
v 2.473828 -2.448828 3.222266
v 2.473828 -2.448828 3.222266
v 2.473828 -2.448828 3.222266
v 2.473828 -2.448828 3.222266
v 2.473828 -2.448828 3.222266
v 2.473828 -2.448828 3.222266
v 0.068750 -0.912109 -1.077344
v 0.068750 -0.912109 -1.077344
v 0.068750 -0.912109 -1.077344
v 0.068750 -0.912109 -1.077344
v 2.445703 -2.172656 3.521484
v 2.445703 -2.172656 3.521484
v 2.445703 -2.172656 3.521484
v 2.445703 -2.172656 3.521484
v 0.068750 -0.232031 -1.585156
v 0.068750 -0.232031 -1.585156
v 0.068750 -0.232031 -1.585156
v 0.068750 -0.232031 -1.585156
v 0.068750 -0.232031 -1.585156
v 2.054688 -1.900000 3.190234
v 2.054688 -1.900000 3.190234
v 2.054688 -1.900000 3.190234
v 2.054688 -1.900000 3.190234
v 2.054688 -1.900000 3.190234
v 0.038672 -1.028906 -0.140234
v 0.038672 -1.028906 -0.140234
v 0.038672 -1.028906 -0.140234
v 0.038672 -1.028906 -0.140234
v 0.038672 -1.028906 -0.140234
v 0.038672 -1.028906 -0.140234
v 2.542187 -2.108594 2.525391
v 2.542187 -2.108594 2.525391
v 2.542187 -2.108594 2.525391
v 2.542187 -2.108594 2.525391
v 0.038672 -0.912109 0.850391
v 0.038672 -0.912109 0.850391
v 0.038672 -0.912109 0.850391
v 0.038672 -0.912109 0.850391
v 0.038672 -0.912109 0.850391
v 1.796484 -1.723438 2.026172
v 1.796484 -1.723438 2.026172
v 1.796484 -1.723438 2.026172
v 1.796484 -1.723438 2.026172
v 1.796484 -1.723438 2.026172
v -0.153125 -0.053125 1.391797
v -0.153125 -0.053125 1.391797
v -0.153125 -0.053125 1.391797
v -0.153125 -0.053125 1.391797
v -0.153125 -0.053125 1.391797
v -0.153125 -0.053125 1.391797
v 1.512500 -1.886328 2.557422
v 1.512500 -1.886328 2.557422
v 1.512500 -1.886328 2.557422
v 1.512500 -1.886328 2.557422
v 1.512500 -1.886328 2.557422
v 1.512500 -1.886328 2.557422
v 1.512500 -1.886328 2.557422
v 0.040625 0.684375 1.297266
v 0.040625 0.684375 1.297266
v 0.040625 0.684375 1.297266
v 0.040625 0.684375 1.297266
v 0.040625 0.684375 1.297266
v 0.040625 0.684375 1.297266
v 1.532422 -1.607031 2.868750
v 1.532422 -1.607031 2.868750
v 1.532422 -1.607031 2.868750
v 1.532422 -1.607031 2.868750
v -0.338672 0.779688 -0.566797
v -0.338672 0.779688 -0.566797
v -0.338672 0.779688 -0.566797
v -0.338672 0.779688 -0.566797
v -0.338672 0.779688 -0.566797
v -0.338672 0.779688 -0.566797
v 1.845703 -1.760547 2.978516
v 1.845703 -1.760547 2.978516
v 1.845703 -1.760547 2.978516
v 1.845703 -1.760547 2.978516
v 1.845703 -1.760547 2.978516
v -0.298828 0.178906 -1.107813
v -0.298828 0.178906 -1.107813
v -0.298828 0.178906 -1.107813
v -0.298828 0.178906 -1.107813
v -0.298828 0.178906 -1.107813
v 3.481641 -2.652344 3.839844
v 3.481641 -2.652344 3.839844
v 3.481641 -2.652344 3.839844
v 3.481641 -2.652344 3.839844
v 3.481641 -2.652344 3.839844
v -0.331641 -0.508984 0.431250
v -0.331641 -0.508984 0.431250
v -0.331641 -0.508984 0.431250
v -0.331641 -0.508984 0.431250
v -0.331641 -0.508984 0.431250
v -0.331641 -0.508984 0.431250
v 1.469531 -0.455859 2.735547
v 1.469531 -0.455859 2.735547
v 1.469531 -0.455859 2.735547
v 1.469531 -0.455859 2.735547
v -0.337891 0.779688 0.431250
v -0.337891 0.779688 0.431250
v -0.337891 0.779688 0.431250
v -0.337891 0.779688 0.431250
v -0.337891 0.779688 0.431250
v 2.309375 -0.532031 2.576563
v 2.309375 -0.532031 2.576563
v 2.309375 -0.532031 2.576563
v 2.309375 -0.532031 2.576563
v 2.309375 -0.532031 2.576563
v 2.095703 1.614453 -0.415625
v 2.095703 1.614453 -0.415625
v 2.095703 1.614453 -0.415625
v 2.095703 1.614453 -0.415625
v 2.095703 1.614453 -0.415625
v 1.798437 -0.778516 2.903125
v 1.798437 -0.778516 2.903125
v 1.798437 -0.778516 2.903125
v 1.798437 -0.778516 2.903125
v 3.372266 1.339453 -0.982031
v 3.372266 1.339453 -0.982031
v 3.372266 1.339453 -0.982031
v 3.372266 1.339453 -0.982031
v 3.372266 1.339453 -0.982031
v 1.140234 -1.440625 2.712109
v 1.140234 -1.440625 2.712109
v 1.140234 -1.440625 2.712109
v 1.140234 -1.440625 2.712109
v 3.369922 1.444922 -0.481641
v 3.369922 1.444922 -0.481641
v 3.369922 1.444922 -0.481641
v 3.369922 1.444922 -0.481641
v 3.369922 1.444922 -0.481641
v 3.379688 -1.326953 2.591016
v 3.379688 -1.326953 2.591016
v 3.379688 -1.326953 2.591016
v 3.379688 -1.326953 2.591016
v 3.379688 -1.326953 2.591016
v 3.108984 1.539453 0.655859
v 3.108984 1.539453 0.655859
v 3.108984 1.539453 0.655859
v 3.108984 1.539453 0.655859
v 3.108984 1.539453 0.655859
v 2.026562 -2.174609 2.858203
v 2.026562 -2.174609 2.858203
v 2.026562 -2.174609 2.858203
v 2.026562 -2.174609 2.858203
v 2.026562 -2.174609 2.858203
v 2.095703 1.667969 0.170313
v 2.095703 1.667969 0.170313
v 2.095703 1.667969 0.170313
v 2.095703 1.667969 0.170313
v 2.095703 1.667969 0.170313
v 0.754297 -1.414844 1.816797
v 0.754297 -1.414844 1.816797
v 0.754297 -1.414844 1.816797
v 0.754297 -1.414844 1.816797
v 0.754297 -1.414844 1.816797
v 0.754297 -1.414844 1.816797
v 3.181250 1.644141 0.117578
v 3.181250 1.644141 0.117578
v 3.181250 1.644141 0.117578
v 3.181250 1.644141 0.117578
v 3.181250 1.644141 0.117578
v 3.248828 1.499609 2.043750
v 3.248828 1.499609 2.043750
v 3.248828 1.499609 2.043750
v 3.248828 1.499609 2.043750
v 3.248828 1.499609 2.043750
v 3.266797 1.072266 -1.346875
v 3.266797 1.072266 -1.346875
v 3.266797 1.072266 -1.346875
v 3.266797 1.072266 -1.346875
v 3.266797 1.072266 -1.346875
v 3.266797 1.072266 -1.346875
v 3.266797 1.072266 -1.346875
v 6.781250 2.132812 2.368359
v 6.781250 2.132812 2.368359
v 6.781250 2.132812 2.368359
v 6.781250 2.132812 2.368359
v 3.069922 1.476953 -0.167578
v 3.069922 1.476953 -0.167578
v 3.069922 1.476953 -0.167578
v 3.069922 1.476953 -0.167578
v 3.069922 1.476953 -0.167578
v 3.069922 1.476953 -0.167578
v 3.069922 1.476953 -0.167578
v 6.344141 2.280469 2.229297
v 6.344141 2.280469 2.229297
v 6.344141 2.280469 2.229297
v 6.344141 2.280469 2.229297
v 6.344141 2.280469 2.229297
v 3.023828 1.326172 0.941016
v 3.023828 1.326172 0.941016
v 3.023828 1.326172 0.941016
v 3.023828 1.326172 0.941016
v 3.023828 1.326172 0.941016
v 3.023828 1.326172 0.941016
v 3.023828 1.326172 0.941016
v 6.708203 1.596094 2.151953
v 6.708203 1.596094 2.151953
v 6.708203 1.596094 2.151953
v 6.708203 1.596094 2.151953
v 6.708203 1.596094 2.151953
v 3.669141 0.352734 -1.448438
v 3.669141 0.352734 -1.448438
v 3.669141 0.352734 -1.448438
v 3.669141 0.352734 -1.448438
v 6.657032 1.279688 2.358594
v 6.657032 1.279688 2.358594
v 6.657032 1.279688 2.358594
v 6.657032 1.279688 2.358594
v 6.657032 1.279688 2.358594
v 3.050781 -0.698047 -1.408594
v 3.050781 -0.698047 -1.408594
v 3.050781 -0.698047 -1.408594
v 3.050781 -0.698047 -1.408594
v 3.050781 -0.698047 -1.408594
v 6.239453 1.473438 2.973828
v 6.239453 1.473438 2.973828
v 6.239453 1.473438 2.973828
v 6.239453 1.473438 2.973828
v 6.239453 1.473438 2.973828
v 3.546875 0.947656 0.894141
v 3.546875 0.947656 0.894141
v 3.546875 0.947656 0.894141
v 3.546875 0.947656 0.894141
v 6.438282 1.222266 2.742188
v 6.438282 1.222266 2.742188
v 6.438282 1.222266 2.742188
v 6.438282 1.222266 2.742188
v 6.438282 1.222266 2.742188
v 3.410938 -0.207031 0.907813
v 3.410938 -0.207031 0.907813
v 3.410938 -0.207031 0.907813
v 3.410938 -0.207031 0.907813
v 3.410938 -0.207031 0.907813
v 6.477735 2.058594 3.025391
v 6.477735 2.058594 3.025391
v 6.477735 2.058594 3.025391
v 6.477735 2.058594 3.025391
v 2.875391 -0.780469 -1.078125
v 2.875391 -0.780469 -1.078125
v 2.875391 -0.780469 -1.078125
v 2.875391 -0.780469 -1.078125
v 2.875391 -0.780469 -1.078125
v 6.003516 2.207422 3.011719
v 6.003516 2.207422 3.011719
v 6.003516 2.207422 3.011719
v 6.003516 2.207422 3.011719
v 6.003516 2.207422 3.011719
v 3.117578 -0.479688 -0.458594
v 3.117578 -0.479688 -0.458594
v 3.117578 -0.479688 -0.458594
v 3.117578 -0.479688 -0.458594
v 3.117578 -0.479688 -0.458594
v 6.234766 2.357422 2.596875
v 6.234766 2.357422 2.596875
v 6.234766 2.357422 2.596875
v 6.234766 2.357422 2.596875
v 3.118750 -0.541797 0.091406
v 3.118750 -0.541797 0.091406
v 3.118750 -0.541797 0.091406
v 3.118750 -0.541797 0.091406
v 3.118750 -0.541797 0.091406
v 6.687500 2.242969 2.717188
v 6.687500 2.242969 2.717188
v 6.687500 2.242969 2.717188
v 6.687500 2.242969 2.717188
v 6.687500 2.242969 2.717188
v 3.216406 -0.589453 0.757812
v 3.216406 -0.589453 0.757812
v 3.216406 -0.589453 0.757812
v 3.216406 -0.589453 0.757812
v 3.216406 -0.589453 0.757812
v 3.216406 -0.589453 0.757812
v 6.159766 1.094141 2.235547
v 6.159766 1.094141 2.235547
v 6.159766 1.094141 2.235547
v 6.159766 1.094141 2.235547
v 2.219531 0.332422 2.178125
v 2.219531 0.332422 2.178125
v 2.219531 0.332422 2.178125
v 2.219531 0.332422 2.178125
v 2.219531 0.332422 2.178125
v 6.133985 1.675781 1.896484
v 6.133985 1.675781 1.896484
v 6.133985 1.675781 1.896484
v 6.133985 1.675781 1.896484
v 6.133985 1.675781 1.896484
v 6.133985 1.675781 1.896484
v 0.031250 -0.435156 1.739844
v 0.031250 -0.435156 1.739844
v 0.031250 -0.435156 1.739844
v 0.031250 -0.435156 1.739844
v 0.031250 -0.435156 1.739844
v 5.934766 1.042969 2.617969
v 5.934766 1.042969 2.617969
v 5.934766 1.042969 2.617969
v 5.934766 1.042969 2.617969
v 1.413672 -1.210156 0.834375
v 1.413672 -1.210156 0.834375
v 1.413672 -1.210156 0.834375
v 1.413672 -1.210156 0.834375
v 5.658203 1.509766 2.995703
v 5.658203 1.509766 2.995703
v 5.658203 1.509766 2.995703
v 5.658203 1.509766 2.995703
v 5.658203 1.509766 2.995703
v 5.658203 1.509766 2.995703
v 0.734766 -1.158203 0.845313
v 0.734766 -1.158203 0.845313
v 0.734766 -1.158203 0.845313
v 0.734766 -1.158203 0.845313
v 5.723047 2.364453 2.444531
v 5.723047 2.364453 2.444531
v 5.723047 2.364453 2.444531
v 5.723047 2.364453 2.444531
v 0.354297 -1.126953 0.904688
v 0.354297 -1.126953 0.904688
v 0.354297 -1.126953 0.904688
v 0.354297 -1.126953 0.904688
v 0.354297 -1.126953 0.904688
v 5.543750 2.128516 2.799219
v 5.543750 2.128516 2.799219
v 5.543750 2.128516 2.799219
v 5.543750 2.128516 2.799219
v 0.281641 -1.132812 1.956641
v 0.281641 -1.132812 1.956641
v 0.281641 -1.132812 1.956641
v 0.281641 -1.132812 1.956641
v 0.281641 -1.132812 1.956641
v 5.964844 2.215625 2.076172
v 5.964844 2.215625 2.076172
v 5.964844 2.215625 2.076172
v 5.964844 2.215625 2.076172
v 0.751172 0.129688 2.194922
v 0.751172 0.129688 2.194922
v 0.751172 0.129688 2.194922
v 0.751172 0.129688 2.194922
v 0.751172 0.129688 2.194922
v 0.751172 0.129688 2.194922
v 0.751172 0.129688 2.194922
v 5.302344 2.306250 2.324219
v 5.302344 2.306250 2.324219
v 5.302344 2.306250 2.324219
v 5.302344 2.306250 2.324219
v -0.333984 -0.512500 -0.597266
v -0.333984 -0.512500 -0.597266
v -0.333984 -0.512500 -0.597266
v -0.333984 -0.512500 -0.597266
v -0.333984 -0.512500 -0.597266
v -0.333984 -0.512500 -0.597266
v 5.121875 2.059375 2.719922
v 5.121875 2.059375 2.719922
v 5.121875 2.059375 2.719922
v 5.121875 2.059375 2.719922
v 5.121875 2.059375 2.719922
v -0.298047 0.178906 0.975391
v -0.298047 0.178906 0.975391
v -0.298047 0.178906 0.975391
v -0.298047 0.178906 0.975391
v -0.298047 0.178906 0.975391
v 5.557422 2.149219 1.935938
v 5.557422 2.149219 1.935938
v 5.557422 2.149219 1.935938
v 5.557422 2.149219 1.935938
v 5.557422 2.149219 1.935938
v -0.502344 0.192969 0.431250
v -0.502344 0.192969 0.431250
v -0.502344 0.192969 0.431250
v -0.502344 0.192969 0.431250
v 5.447656 1.000781 2.466797
v 5.447656 1.000781 2.466797
v 5.447656 1.000781 2.466797
v 5.447656 1.000781 2.466797
v -0.503906 0.191406 -0.582031
v -0.503906 0.191406 -0.582031
v -0.503906 0.191406 -0.582031
v -0.503906 0.191406 -0.582031
v 5.675000 1.027734 2.092969
v 5.675000 1.027734 2.092969
v 5.675000 1.027734 2.092969
v 5.675000 1.027734 2.092969
v 1.950391 0.941406 1.955078
v 1.950391 0.941406 1.955078
v 1.950391 0.941406 1.955078
v 1.950391 0.941406 1.955078
v 1.950391 0.941406 1.955078
v 1.950391 0.941406 1.955078
v 4.666797 0.754297 1.734766
v 4.666797 0.754297 1.734766
v 4.666797 0.754297 1.734766
v 4.666797 0.754297 1.734766
v 1.598438 0.386719 2.189453
v 1.598438 0.386719 2.189453
v 1.598438 0.386719 2.189453
v 1.598438 0.386719 2.189453
v 1.598438 0.386719 2.189453
v 4.741797 1.225000 1.478516
v 4.741797 1.225000 1.478516
v 4.741797 1.225000 1.478516
v 4.741797 1.225000 1.478516
v 4.741797 1.225000 1.478516
v 4.741797 1.225000 1.478516
v 4.741797 1.225000 1.478516
v 2.829688 -0.806250 0.827734
v 2.829688 -0.806250 0.827734
v 2.829688 -0.806250 0.827734
v 2.829688 -0.806250 0.827734
v 4.462891 0.730078 2.169141
v 4.462891 0.730078 2.169141
v 4.462891 0.730078 2.169141
v 4.462891 0.730078 2.169141
v 2.388672 -0.995313 0.878906
v 2.388672 -0.995313 0.878906
v 2.388672 -0.995313 0.878906
v 2.388672 -0.995313 0.878906
v 4.212500 1.169141 2.479687
v 4.212500 1.169141 2.479687
v 4.212500 1.169141 2.479687
v 4.212500 1.169141 2.479687
v 4.212500 1.169141 2.479687
v 4.212500 1.169141 2.479687
v 4.212500 1.169141 2.479687
v 4.259375 2.042187 1.972656
v 4.259375 2.042187 1.972656
v 4.259375 2.042187 1.972656
v 4.259375 2.042187 1.972656
v 4.121875 1.783203 2.417187
v 4.121875 1.783203 2.417187
v 4.121875 1.783203 2.417187
v 4.121875 1.783203 2.417187
v 4.891797 2.195312 2.199610
v 4.891797 2.195312 2.199610
v 4.891797 2.195312 2.199610
v 4.891797 2.195312 2.199610
v 4.735938 1.922656 2.602734
v 4.735938 1.922656 2.602734
v 4.735938 1.922656 2.602734
v 4.735938 1.922656 2.602734
v 4.735938 1.922656 2.602734
v 4.521484 1.878516 1.567969
v 4.521484 1.878516 1.567969
v 4.521484 1.878516 1.567969
v 4.521484 1.878516 1.567969
v 5.140625 2.026562 1.785547
v 5.140625 2.026562 1.785547
v 5.140625 2.026562 1.785547
v 5.140625 2.026562 1.785547
v 5.140625 2.026562 1.785547
v 3.699610 1.864063 1.753906
v 3.699610 1.864063 1.753906
v 3.699610 1.864063 1.753906
v 3.699610 1.864063 1.753906
v 3.615234 1.676172 2.194141
v 3.615234 1.676172 2.194141
v 3.615234 1.676172 2.194141
v 3.615234 1.676172 2.194141
v 3.615234 1.676172 2.194141
v 4.012500 1.757812 1.352344
v 4.012500 1.757812 1.352344
v 4.012500 1.757812 1.352344
v 4.012500 1.757812 1.352344
v 4.012500 1.757812 1.352344
v 3.638672 1.591016 1.195703
v 3.638672 1.591016 1.195703
v 3.638672 1.591016 1.195703
v 3.638672 1.591016 1.195703
v 3.638672 1.591016 1.195703
v 3.638672 1.591016 1.195703
v 7.073828 1.794922 2.542578
v 7.073828 1.794922 2.542578
v 7.073828 1.794922 2.542578
v 7.073828 1.794922 2.542578
v 7.073828 1.794922 2.542578
v 7.073828 1.794922 2.542578
v 6.855078 1.737891 2.926563
v 6.855078 1.737891 2.926563
v 6.855078 1.737891 2.926563
v 6.855078 1.737891 2.926563
v 6.855078 1.737891 2.926563
v 6.855078 1.737891 2.926563
v 3.392578 1.701563 1.535547
v 3.392578 1.701563 1.535547
v 3.392578 1.701563 1.535547
v 3.392578 1.701563 1.535547
v 3.392578 1.701563 1.535547
v 6.868750 1.431641 2.664453
v 6.868750 1.431641 2.664453
v 6.868750 1.431641 2.664453
v 6.868750 1.431641 2.664453
v 5.046875 1.350391 2.790234
v 5.046875 1.350391 2.790234
v 5.046875 1.350391 2.790234
v 5.046875 1.350391 2.790234
v 5.046875 1.350391 2.790234
v 5.046875 1.350391 2.790234
v 5.641407 1.506250 1.772656
v 5.641407 1.506250 1.772656
v 5.641407 1.506250 1.772656
v 5.641407 1.506250 1.772656
v 5.641407 1.506250 1.772656
v 5.641407 1.506250 1.772656
v 4.936719 0.812891 2.346484
v 4.936719 0.812891 2.346484
v 4.936719 0.812891 2.346484
v 4.936719 0.812891 2.346484
v 5.151172 0.821094 1.950391
v 5.151172 0.821094 1.950391
v 5.151172 0.821094 1.950391
v 5.151172 0.821094 1.950391
v 3.399219 0.291016 1.869922
v 3.399219 0.291016 1.869922
v 3.399219 0.291016 1.869922
v 3.399219 0.291016 1.869922
v 3.399219 0.291016 1.869922
v 3.399219 0.291016 1.869922
v 3.723438 0.285938 1.289062
v 3.723438 0.285938 1.289062
v 3.723438 0.285938 1.289062
v 3.723438 0.285938 1.289062
v 3.723438 0.285938 1.289062
v 3.723438 0.285938 1.289062
v 3.421094 0.891016 2.227734
v 3.421094 0.891016 2.227734
v 3.421094 0.891016 2.227734
v 3.421094 0.891016 2.227734
v 3.421094 0.891016 2.227734
v 3.798047 0.611719 1.086328
v 3.798047 0.611719 1.086328
v 3.798047 0.611719 1.086328
v 3.798047 0.611719 1.086328
v 3.798047 0.611719 1.086328
v 3.798047 0.611719 1.086328
v 3.798047 0.611719 1.086328
v 3.798047 0.611719 1.086328
v 3.798047 0.611719 1.086328
v 3.798047 0.611719 1.086328
v 7.598828 0.666797 0.282422
v 7.598828 0.666797 0.282422
v 7.598828 0.666797 0.282422
v 7.598828 0.666797 0.282422
v 7.034375 0.937109 0.177734
v 7.034375 0.937109 0.177734
v 7.034375 0.937109 0.177734
v 7.034375 0.937109 0.177734
v 7.034375 0.937109 0.177734
v 7.367969 0.275781 0.158984
v 7.367969 0.275781 0.158984
v 7.367969 0.275781 0.158984
v 7.367969 0.275781 0.158984
v 7.367969 0.275781 0.158984
v 7.343359 -0.125781 0.406641
v 7.343359 -0.125781 0.406641
v 7.343359 -0.125781 0.406641
v 7.343359 -0.125781 0.406641
v 7.343359 -0.125781 0.406641
v 7.277734 0.292969 1.064062
v 7.277734 0.292969 1.064062
v 7.277734 0.292969 1.064062
v 7.277734 0.292969 1.064062
v 7.277734 0.292969 1.064062
v 7.301563 -0.117969 0.828906
v 7.301563 -0.117969 0.828906
v 7.301563 -0.117969 0.828906
v 7.301563 -0.117969 0.828906
v 7.301563 -0.117969 0.828906
v 7.532813 0.679297 0.946094
v 7.532813 0.679297 0.946094
v 7.532813 0.679297 0.946094
v 7.532813 0.679297 0.946094
v 6.958594 0.955469 0.964063
v 6.958594 0.955469 0.964063
v 6.958594 0.955469 0.964063
v 6.958594 0.955469 0.964063
v 6.958594 0.955469 0.964063
v 7.062109 1.086328 0.570703
v 7.062109 1.086328 0.570703
v 7.062109 1.086328 0.570703
v 7.062109 1.086328 0.570703
v 7.678125 0.828516 0.617188
v 7.678125 0.828516 0.617188
v 7.678125 0.828516 0.617188
v 7.678125 0.828516 0.617188
v 7.678125 0.828516 0.617188
v 6.771484 -0.160938 0.369531
v 6.771484 -0.160938 0.369531
v 6.771484 -0.160938 0.369531
v 6.771484 -0.160938 0.369531
v 6.710547 0.304688 0.004688
v 6.710547 0.304688 0.004688
v 6.710547 0.304688 0.004688
v 6.710547 0.304688 0.004688
v 6.710547 0.304688 0.004688
v 6.710547 0.304688 0.004688
v 6.731641 -0.151562 0.792188
v 6.731641 -0.151562 0.792188
v 6.731641 -0.151562 0.792188
v 6.731641 -0.151562 0.792188
v 6.604688 0.329688 1.127344
v 6.604688 0.329688 1.127344
v 6.604688 0.329688 1.127344
v 6.604688 0.329688 1.127344
v 6.604688 0.329688 1.127344
v 6.604688 0.329688 1.127344
v 6.351172 1.203516 0.557422
v 6.351172 1.203516 0.557422
v 6.351172 1.203516 0.557422
v 6.351172 1.203516 0.557422
v 6.412891 1.023047 0.994531
v 6.412891 1.023047 0.994531
v 6.412891 1.023047 0.994531
v 6.412891 1.023047 0.994531
v 6.498437 1.003125 0.089453
v 6.498437 1.003125 0.089453
v 6.498437 1.003125 0.089453
v 6.498437 1.003125 0.089453
v 5.837891 1.329297 0.530859
v 5.837891 1.329297 0.530859
v 5.837891 1.329297 0.530859
v 5.837891 1.329297 0.530859
v 5.723047 1.097656 0.983203
v 5.723047 1.097656 0.983203
v 5.723047 1.097656 0.983203
v 5.723047 1.097656 0.983203
v 5.723047 1.097656 0.983203
v 5.837500 1.171875 0.046094
v 5.837500 1.171875 0.046094
v 5.837500 1.171875 0.046094
v 5.837500 1.171875 0.046094
v 5.837500 1.171875 0.046094
v 5.942188 0.024219 0.687891
v 5.942188 0.024219 0.687891
v 5.942188 0.024219 0.687891
v 5.942188 0.024219 0.687891
v 5.966016 0.035156 0.330469
v 5.966016 0.035156 0.330469
v 5.966016 0.035156 0.330469
v 5.966016 0.035156 0.330469
v 4.544922 0.026953 0.189063
v 4.544922 0.026953 0.189063
v 4.544922 0.026953 0.189063
v 4.544922 0.026953 0.189063
v 4.713672 0.690234 -0.143750
v 4.713672 0.690234 -0.143750
v 4.713672 0.690234 -0.143750
v 4.713672 0.690234 -0.143750
v 4.713672 0.690234 -0.143750
v 4.713672 0.690234 -0.143750
v 4.713672 0.690234 -0.143750
v 4.501563 0.001953 0.610547
v 4.501563 0.001953 0.610547
v 4.501563 0.001953 0.610547
v 4.501563 0.001953 0.610547
v 4.633594 0.649609 1.011328
v 4.633594 0.649609 1.011328
v 4.633594 0.649609 1.011328
v 4.633594 0.649609 1.011328
v 4.633594 0.649609 1.011328
v 4.633594 0.649609 1.011328
v 4.633594 0.649609 1.011328
v 4.850000 1.375781 0.461328
v 4.850000 1.375781 0.461328
v 4.850000 1.375781 0.461328
v 4.850000 1.375781 0.461328
v 4.818359 1.222266 0.921094
v 4.818359 1.222266 0.921094
v 4.818359 1.222266 0.921094
v 4.818359 1.222266 0.921094
v 5.349609 1.382422 0.502344
v 5.349609 1.382422 0.502344
v 5.349609 1.382422 0.502344
v 5.349609 1.382422 0.502344
v 5.306250 1.184766 0.982813
v 5.306250 1.184766 0.982813
v 5.306250 1.184766 0.982813
v 5.306250 1.184766 0.982813
v 5.306250 1.184766 0.982813
v 4.883203 1.255859 0.015625
v 4.883203 1.255859 0.015625
v 4.883203 1.255859 0.015625
v 4.883203 1.255859 0.015625
v 5.366406 1.208984 0.043750
v 5.366406 1.208984 0.043750
v 5.366406 1.208984 0.043750
v 5.366406 1.208984 0.043750
v 5.366406 1.208984 0.043750
v 4.313282 1.426953 0.424609
v 4.313282 1.426953 0.424609
v 4.313282 1.426953 0.424609
v 4.313282 1.426953 0.424609
v 4.264453 1.305078 0.903906
v 4.264453 1.305078 0.903906
v 4.264453 1.305078 0.903906
v 4.264453 1.305078 0.903906
v 4.264453 1.305078 0.903906
v 4.357031 1.333984 -0.007422
v 4.357031 1.333984 -0.007422
v 4.357031 1.333984 -0.007422
v 4.357031 1.333984 -0.007422
v 4.357031 1.333984 -0.007422
v 3.844141 1.384766 -0.087500
v 3.844141 1.384766 -0.087500
v 3.844141 1.384766 -0.087500
v 3.844141 1.384766 -0.087500
v 3.844141 1.384766 -0.087500
v 3.844141 1.384766 -0.087500
v 3.830469 1.320312 0.840234
v 3.830469 1.320312 0.840234
v 3.830469 1.320312 0.840234
v 3.830469 1.320312 0.840234
v 3.830469 1.320312 0.840234
v 3.830469 1.320312 0.840234
v 7.896875 0.353906 0.426953
v 7.896875 0.353906 0.426953
v 7.896875 0.353906 0.426953
v 7.896875 0.353906 0.426953
v 7.896875 0.353906 0.426953
v 7.896875 0.353906 0.426953
v 7.854688 0.362109 0.849219
v 7.854688 0.362109 0.849219
v 7.854688 0.362109 0.849219
v 7.854688 0.362109 0.849219
v 7.854688 0.362109 0.849219
v 7.854688 0.362109 0.849219
v 3.827344 1.457813 0.371094
v 3.827344 1.457813 0.371094
v 3.827344 1.457813 0.371094
v 3.827344 1.457813 0.371094
v 3.827344 1.457813 0.371094
v 7.714844 0.021094 0.636719
v 7.714844 0.021094 0.636719
v 7.714844 0.021094 0.636719
v 7.714844 0.021094 0.636719
v 5.536719 0.467969 1.075781
v 5.536719 0.467969 1.075781
v 5.536719 0.467969 1.075781
v 5.536719 0.467969 1.075781
v 5.536719 0.467969 1.075781
v 5.536719 0.467969 1.075781
v 5.608594 0.497266 -0.072656
v 5.608594 0.497266 -0.072656
v 5.608594 0.497266 -0.072656
v 5.608594 0.497266 -0.072656
v 5.608594 0.497266 -0.072656
v 5.608594 0.497266 -0.072656
v 5.198828 -0.086719 0.610547
v 5.198828 -0.086719 0.610547
v 5.198828 -0.086719 0.610547
v 5.198828 -0.086719 0.610547
v 5.226172 -0.071484 0.237109
v 5.226172 -0.071484 0.237109
v 5.226172 -0.071484 0.237109
v 5.226172 -0.071484 0.237109
v 3.614844 -0.152344 0.666016
v 3.614844 -0.152344 0.666016
v 3.614844 -0.152344 0.666016
v 3.614844 -0.152344 0.666016
v 3.614844 -0.152344 0.666016
v 3.614844 -0.152344 0.666016
v 3.622656 -0.159766 0.089453
v 3.622656 -0.159766 0.089453
v 3.622656 -0.159766 0.089453
v 3.622656 -0.159766 0.089453
v 3.622656 -0.159766 0.089453
v 3.622656 -0.159766 0.089453
v 3.783203 0.132422 -0.253516
v 3.783203 0.132422 -0.253516
v 3.783203 0.132422 -0.253516
v 3.783203 0.132422 -0.253516
v 3.783203 0.132422 -0.253516
v 3.783203 0.132422 -0.253516
v 3.783203 0.132422 -0.253516
v 3.783203 0.132422 -0.253516
v 3.783203 0.132422 -0.253516
v 3.783203 0.132422 -0.253516
v 4.175781 1.108203 -0.464453
v 4.175781 1.108203 -0.464453
v 4.175781 1.108203 -0.464453
v 4.175781 1.108203 -0.464453
v 4.175781 1.108203 -0.464453
v 4.175781 1.108203 -0.464453
v 7.098047 -0.716016 -1.624219
v 7.098047 -0.716016 -1.624219
v 7.098047 -0.716016 -1.624219
v 7.098047 -0.716016 -1.624219
v 6.786328 -0.266406 -1.672266
v 6.786328 -0.266406 -1.672266
v 6.786328 -0.266406 -1.672266
v 6.786328 -0.266406 -1.672266
v 6.786328 -0.266406 -1.672266
v 6.559766 -0.933594 -1.651953
v 6.559766 -0.933594 -1.651953
v 6.559766 -0.933594 -1.651953
v 6.559766 -0.933594 -1.651953
v 6.559766 -0.933594 -1.651953
v 6.378125 -1.314844 -1.305859
v 6.378125 -1.314844 -1.305859
v 6.378125 -1.314844 -1.305859
v 6.378125 -1.314844 -1.305859
v 6.378125 -1.314844 -1.305859
v 6.745703 -0.908203 -0.789453
v 6.745703 -0.908203 -0.789453
v 6.745703 -0.908203 -0.789453
v 6.745703 -0.908203 -0.789453
v 6.745703 -0.908203 -0.789453
v 6.512891 -1.249219 -0.900391
v 6.512891 -1.249219 -0.900391
v 6.512891 -1.249219 -0.900391
v 6.512891 -1.249219 -0.900391
v 6.512891 -1.249219 -0.900391
v 7.289844 -0.621875 -1.045313
v 7.289844 -0.621875 -1.045313
v 7.289844 -0.621875 -1.045313
v 7.289844 -0.621875 -1.045313
v 6.975781 -0.155078 -0.978516
v 6.975781 -0.155078 -0.978516
v 6.975781 -0.155078 -0.978516
v 6.975781 -0.155078 -0.978516
v 6.975781 -0.155078 -0.978516
v 6.995313 -0.112891 -1.361719
v 6.995313 -0.112891 -1.361719
v 6.995313 -0.112891 -1.361719
v 6.995313 -0.112891 -1.361719
v 7.379688 -0.595313 -1.379297
v 7.379688 -0.595313 -1.379297
v 7.379688 -0.595313 -1.379297
v 7.379688 -0.595313 -1.379297
v 7.379688 -0.595313 -1.379297
v 5.823438 -1.132031 -1.254297
v 5.823438 -1.132031 -1.254297
v 5.823438 -1.132031 -1.254297
v 5.823438 -1.132031 -1.254297
v 5.892578 -0.646484 -1.643359
v 5.892578 -0.646484 -1.643359
v 5.892578 -0.646484 -1.643359
v 5.892578 -0.646484 -1.643359
v 5.892578 -0.646484 -1.643359
v 5.892578 -0.646484 -1.643359
v 5.953125 -1.068750 -0.847656
v 5.953125 -1.068750 -0.847656
v 5.953125 -1.068750 -0.847656
v 5.953125 -1.068750 -0.847656
v 6.173828 -0.584375 -0.651563
v 6.173828 -0.584375 -0.651563
v 6.173828 -0.584375 -0.651563
v 6.173828 -0.584375 -0.651563
v 6.173828 -0.584375 -0.651563
v 6.173828 -0.584375 -0.651563
v 6.564844 0.175781 -1.339063
v 6.564844 0.175781 -1.339063
v 6.564844 0.175781 -1.339063
v 6.564844 0.175781 -1.339063
v 6.577344 0.089844 -0.889453
v 6.577344 0.089844 -0.889453
v 6.577344 0.089844 -0.889453
v 6.577344 0.089844 -0.889453
v 6.314453 -0.035937 -1.701953
v 6.314453 -0.035937 -1.701953
v 6.314453 -0.035937 -1.701953
v 6.314453 -0.035937 -1.701953
v 6.076172 0.376953 -1.250000
v 6.076172 0.376953 -1.250000
v 6.076172 0.376953 -1.250000
v 6.076172 0.376953 -1.250000
v 6.027344 0.289453 -0.818750
v 6.027344 0.289453 -0.818750
v 6.027344 0.289453 -0.818750
v 6.027344 0.289453 -0.818750
v 6.027344 0.289453 -0.818750
v 5.767578 0.217188 -1.622656
v 5.767578 0.217188 -1.622656
v 5.767578 0.217188 -1.622656
v 5.767578 0.217188 -1.622656
v 5.767578 0.217188 -1.622656
v 5.502735 -0.732813 -0.741016
v 5.502735 -0.732813 -0.741016
v 5.502735 -0.732813 -0.741016
v 5.502735 -0.732813 -0.741016
v 5.405859 -0.777734 -1.162500
v 5.405859 -0.777734 -1.162500
v 5.405859 -0.777734 -1.162500
v 5.405859 -0.777734 -1.162500
v 4.328125 -0.525391 -1.062891
v 4.328125 -0.525391 -1.062891
v 4.328125 -0.525391 -1.062891
v 4.328125 -0.525391 -1.062891
v 4.293750 -0.027734 -1.406250
v 4.293750 -0.027734 -1.406250
v 4.293750 -0.027734 -1.406250
v 4.293750 -0.027734 -1.406250
v 4.293750 -0.027734 -1.406250
v 4.293750 -0.027734 -1.406250
v 4.293750 -0.027734 -1.406250
v 4.376172 -0.501953 -0.649609
v 4.376172 -0.501953 -0.649609
v 4.376172 -0.501953 -0.649609
v 4.376172 -0.501953 -0.649609
v 4.980859 0.018359 -0.438672
v 4.980859 0.018359 -0.438672
v 4.980859 0.018359 -0.438672
v 4.980859 0.018359 -0.438672
v 4.980859 0.018359 -0.438672
v 4.980859 0.018359 -0.438672
v 4.980859 0.018359 -0.438672
v 4.948047 0.795703 -1.066797
v 4.948047 0.795703 -1.066797
v 4.948047 0.795703 -1.066797
v 4.948047 0.795703 -1.066797
v 4.976172 0.710156 -0.626563
v 4.976172 0.710156 -0.626563
v 4.976172 0.710156 -0.626563
v 4.976172 0.710156 -0.626563
v 5.585938 0.566016 -1.183594
v 5.585938 0.566016 -1.183594
v 5.585938 0.566016 -1.183594
v 5.585938 0.566016 -1.183594
v 5.553906 0.491016 -0.728906
v 5.553906 0.491016 -0.728906
v 5.553906 0.491016 -0.728906
v 5.553906 0.491016 -0.728906
v 5.553906 0.491016 -0.728906
v 4.746875 0.630859 -1.465625
v 4.746875 0.630859 -1.465625
v 4.746875 0.630859 -1.465625
v 4.746875 0.630859 -1.465625
v 5.305078 0.421875 -1.553906
v 5.305078 0.421875 -1.553906
v 5.305078 0.421875 -1.553906
v 5.305078 0.421875 -1.553906
v 5.305078 0.421875 -1.553906
v 4.490625 0.908203 -0.992188
v 4.490625 0.908203 -0.992188
v 4.490625 0.908203 -0.992188
v 4.490625 0.908203 -0.992188
v 4.563672 0.886719 -0.533594
v 4.563672 0.886719 -0.533594
v 4.563672 0.886719 -0.533594
v 4.563672 0.886719 -0.533594
v 4.563672 0.886719 -0.533594
v 4.332031 0.799609 -1.378906
v 4.332031 0.799609 -1.378906
v 4.332031 0.799609 -1.378906
v 4.332031 0.799609 -1.378906
v 4.332031 0.799609 -1.378906
v 3.983594 0.939453 -1.299609
v 3.983594 0.939453 -1.299609
v 3.983594 0.939453 -1.299609
v 3.983594 0.939453 -1.299609
v 3.983594 0.939453 -1.299609
v 3.983594 0.939453 -1.299609
v 7.221875 -1.075000 -1.478516
v 7.221875 -1.075000 -1.478516
v 7.221875 -1.075000 -1.478516
v 7.221875 -1.075000 -1.478516
v 7.221875 -1.075000 -1.478516
v 7.221875 -1.075000 -1.478516
v 7.321094 -1.073438 -1.121094
v 7.321094 -1.073438 -1.121094
v 7.321094 -1.073438 -1.121094
v 7.321094 -1.073438 -1.121094
v 7.321094 -1.073438 -1.121094
v 7.321094 -1.073438 -1.121094
v 4.083203 1.087891 -0.914062
v 4.083203 1.087891 -0.914062
v 4.083203 1.087891 -0.914062
v 4.083203 1.087891 -0.914062
v 4.083203 1.087891 -0.914062
v 6.917578 -1.321484 -1.178516
v 6.917578 -1.321484 -1.178516
v 6.917578 -1.321484 -1.178516
v 6.917578 -1.321484 -1.178516
v 5.456250 -0.216406 -0.508594
v 5.456250 -0.216406 -0.508594
v 5.456250 -0.216406 -0.508594
v 5.456250 -0.216406 -0.508594
v 5.456250 -0.216406 -0.508594
v 5.456250 -0.216406 -0.508594
v 5.162109 -0.315234 -1.557813
v 5.162109 -0.315234 -1.557813
v 5.162109 -0.315234 -1.557813
v 5.162109 -0.315234 -1.557813
v 5.162109 -0.315234 -1.557813
v 5.162109 -0.315234 -1.557813
v 4.881641 -0.702734 -0.698828
v 4.881641 -0.702734 -0.698828
v 4.881641 -0.702734 -0.698828
v 4.881641 -0.702734 -0.698828
v 4.764453 -0.742969 -1.132422
v 4.764453 -0.742969 -1.132422
v 4.764453 -0.742969 -1.132422
v 4.764453 -0.742969 -1.132422
v 3.389453 -0.378906 -0.633984
v 3.389453 -0.378906 -0.633984
v 3.389453 -0.378906 -0.633984
v 3.389453 -0.378906 -0.633984
v 3.389453 -0.378906 -0.633984
v 3.389453 -0.378906 -0.633984
v 3.369531 -0.416016 -0.889453
v 3.369531 -0.416016 -0.889453
v 3.369531 -0.416016 -0.889453
v 3.369531 -0.416016 -0.889453
v 3.369531 -0.416016 -0.889453
v 3.369531 -0.416016 -0.889453
v 3.475391 -0.339063 -1.348828
v 3.475391 -0.339063 -1.348828
v 3.475391 -0.339063 -1.348828
v 3.475391 -0.339063 -1.348828
v 3.475391 -0.339063 -1.348828
v 3.475391 -0.339063 -1.348828
v 3.475391 -0.339063 -1.348828
v 3.475391 -0.339063 -1.348828
v 3.475391 -0.339063 -1.348828
v 3.475391 -0.339063 -1.348828
v 3.514453 0.257031 -2.575391
v 3.514453 0.257031 -2.575391
v 3.514453 0.257031 -2.575391
v 3.514453 0.257031 -2.575391
v 3.514453 0.257031 -2.575391
v 3.835547 0.404297 -2.158984
v 3.835547 0.404297 -2.158984
v 3.835547 0.404297 -2.158984
v 3.835547 0.404297 -2.158984
v 3.835547 0.404297 -2.158984
v 4.984375 -1.808984 -3.115625
v 4.984375 -1.808984 -3.115625
v 4.984375 -1.808984 -3.115625
v 4.984375 -1.808984 -3.115625
v 4.964063 -1.416016 -3.213281
v 4.964063 -1.416016 -3.213281
v 4.964063 -1.416016 -3.213281
v 4.964063 -1.416016 -3.213281
v 4.964063 -1.416016 -3.213281
v 4.382812 -1.860156 -3.009766
v 4.382812 -1.860156 -3.009766
v 4.382812 -1.860156 -3.009766
v 4.382812 -1.860156 -3.009766
v 4.382812 -1.860156 -3.009766
v 4.233594 -2.007031 -2.806641
v 4.233594 -2.007031 -2.806641
v 4.233594 -2.007031 -2.806641
v 4.233594 -2.007031 -2.806641
v 4.233594 -2.007031 -2.806641
v 4.953516 -1.900781 -2.336719
v 4.953516 -1.900781 -2.336719
v 4.953516 -1.900781 -2.336719
v 4.953516 -1.900781 -2.336719
v 4.953516 -1.900781 -2.336719
v 4.528906 -2.035938 -2.425391
v 4.528906 -2.035938 -2.425391
v 4.528906 -2.035938 -2.425391
v 4.528906 -2.035938 -2.425391
v 4.528906 -2.035938 -2.425391
v 5.340625 -1.833984 -2.646875
v 5.340625 -1.833984 -2.646875
v 5.340625 -1.833984 -2.646875
v 5.340625 -1.833984 -2.646875
v 5.448047 -1.445312 -2.577734
v 5.448047 -1.445312 -2.577734
v 5.448047 -1.445312 -2.577734
v 5.448047 -1.445312 -2.577734
v 5.448047 -1.445312 -2.577734
v 5.366406 -1.435938 -2.955469
v 5.366406 -1.435938 -2.955469
v 5.366406 -1.435938 -2.955469
v 5.366406 -1.435938 -2.955469
v 5.349609 -1.815625 -2.957031
v 5.349609 -1.815625 -2.957031
v 5.349609 -1.815625 -2.957031
v 5.349609 -1.815625 -2.957031
v 5.349609 -1.815625 -2.957031
v 3.931641 -1.771484 -2.694531
v 3.931641 -1.771484 -2.694531
v 3.931641 -1.771484 -2.694531
v 3.931641 -1.771484 -2.694531
v 4.312109 -1.399219 -3.011328
v 4.312109 -1.399219 -3.011328
v 4.312109 -1.399219 -3.011328
v 4.312109 -1.399219 -3.011328
v 4.312109 -1.399219 -3.011328
v 4.312109 -1.399219 -3.011328
v 4.214063 -1.792188 -2.297656
v 4.214063 -1.792188 -2.297656
v 4.214063 -1.792188 -2.297656
v 4.214063 -1.792188 -2.297656
v 4.932422 -1.365234 -2.248828
v 4.932422 -1.365234 -2.248828
v 4.932422 -1.365234 -2.248828
v 4.932422 -1.365234 -2.248828
v 4.932422 -1.365234 -2.248828
v 4.932422 -1.365234 -2.248828
v 5.139062 -0.943750 -2.850000
v 5.139062 -0.943750 -2.850000
v 5.139062 -0.943750 -2.850000
v 5.139062 -0.943750 -2.850000
v 5.288281 -1.037500 -2.461328
v 5.288281 -1.037500 -2.461328
v 5.288281 -1.037500 -2.461328
v 5.288281 -1.037500 -2.461328
v 4.752735 -1.078125 -3.140625
v 4.752735 -1.078125 -3.140625
v 4.752735 -1.078125 -3.140625
v 4.752735 -1.078125 -3.140625
v 4.948438 -0.677734 -2.770703
v 4.948438 -0.677734 -2.770703
v 4.948438 -0.677734 -2.770703
v 4.948438 -0.677734 -2.770703
v 5.026172 -0.772266 -2.288672
v 5.026172 -0.772266 -2.288672
v 5.026172 -0.772266 -2.288672
v 5.026172 -0.772266 -2.288672
v 5.026172 -0.772266 -2.288672
v 4.499219 -0.755078 -3.041016
v 4.499219 -0.755078 -3.041016
v 4.499219 -0.755078 -3.041016
v 4.499219 -0.755078 -3.041016
v 4.499219 -0.755078 -3.041016
v 4.078907 -1.489844 -2.144141
v 4.078907 -1.489844 -2.144141
v 4.078907 -1.489844 -2.144141
v 4.078907 -1.489844 -2.144141
v 3.822656 -1.466406 -2.572656
v 3.822656 -1.466406 -2.572656
v 3.822656 -1.466406 -2.572656
v 3.822656 -1.466406 -2.572656
v 3.419922 -0.998828 -2.342969
v 3.419922 -0.998828 -2.342969
v 3.419922 -0.998828 -2.342969
v 3.419922 -0.998828 -2.342969
v 3.721875 -0.639063 -2.780469
v 3.721875 -0.639063 -2.780469
v 3.721875 -0.639063 -2.780469
v 3.721875 -0.639063 -2.780469
v 3.721875 -0.639063 -2.780469
v 3.721875 -0.639063 -2.780469
v 3.721875 -0.639063 -2.780469
v 3.548828 -1.021875 -1.981250
v 3.548828 -1.021875 -1.981250
v 3.548828 -1.021875 -1.981250
v 3.548828 -1.021875 -1.981250
v 4.392578 -0.735938 -1.926172
v 4.392578 -0.735938 -1.926172
v 4.392578 -0.735938 -1.926172
v 4.392578 -0.735938 -1.926172
v 4.392578 -0.735938 -1.926172
v 4.392578 -0.735938 -1.926172
v 4.392578 -0.735938 -1.926172
v 4.469922 -0.213281 -2.523438
v 4.469922 -0.213281 -2.523438
v 4.469922 -0.213281 -2.523438
v 4.469922 -0.213281 -2.523438
v 4.600781 -0.360938 -2.092188
v 4.600781 -0.360938 -2.092188
v 4.600781 -0.360938 -2.092188
v 4.600781 -0.360938 -2.092188
v 4.774610 -0.473828 -2.682422
v 4.774610 -0.473828 -2.682422
v 4.774610 -0.473828 -2.682422
v 4.774610 -0.473828 -2.682422
v 4.826172 -0.624219 -2.208984
v 4.826172 -0.624219 -2.208984
v 4.826172 -0.624219 -2.208984
v 4.826172 -0.624219 -2.208984
v 4.826172 -0.624219 -2.208984
v 4.109766 -0.279687 -2.835547
v 4.109766 -0.279687 -2.835547
v 4.109766 -0.279687 -2.835547
v 4.109766 -0.279687 -2.835547
v 4.355859 -0.592188 -2.972266
v 4.355859 -0.592188 -2.972266
v 4.355859 -0.592188 -2.972266
v 4.355859 -0.592188 -2.972266
v 4.355859 -0.592188 -2.972266
v 4.195703 0.043750 -2.369531
v 4.195703 0.043750 -2.369531
v 4.195703 0.043750 -2.369531
v 4.195703 0.043750 -2.369531
v 4.365625 -0.064453 -1.953125
v 4.365625 -0.064453 -1.953125
v 4.365625 -0.064453 -1.953125
v 4.365625 -0.064453 -1.953125
v 4.365625 -0.064453 -1.953125
v 3.851953 -0.085547 -2.716406
v 3.851953 -0.085547 -2.716406
v 3.851953 -0.085547 -2.716406
v 3.851953 -0.085547 -2.716406
v 3.851953 -0.085547 -2.716406
v 4.037500 0.314844 -1.777734
v 4.037500 0.314844 -1.777734
v 4.037500 0.314844 -1.777734
v 4.037500 0.314844 -1.777734
v 4.037500 0.314844 -1.777734
v 4.037500 0.314844 -1.777734
v 4.963281 -2.151172 -3.014453
v 4.963281 -2.151172 -3.014453
v 4.963281 -2.151172 -3.014453
v 4.963281 -2.151172 -3.014453
v 4.963281 -2.151172 -3.014453
v 4.963281 -2.151172 -3.014453
v 5.200781 -2.167578 -2.701953
v 5.200781 -2.167578 -2.701953
v 5.200781 -2.167578 -2.701953
v 5.200781 -2.167578 -2.701953
v 5.200781 -2.167578 -2.701953
v 5.200781 -2.167578 -2.701953
v 4.719141 -2.230860 -2.712891
v 4.719141 -2.230860 -2.712891
v 4.719141 -2.230860 -2.712891
v 4.719141 -2.230860 -2.712891
v 4.536719 -0.967578 -2.055469
v 4.536719 -0.967578 -2.055469
v 4.536719 -0.967578 -2.055469
v 4.536719 -0.967578 -2.055469
v 4.536719 -0.967578 -2.055469
v 4.536719 -0.967578 -2.055469
v 3.947266 -0.946484 -2.875391
v 3.947266 -0.946484 -2.875391
v 3.947266 -0.946484 -2.875391
v 3.947266 -0.946484 -2.875391
v 3.947266 -0.946484 -2.875391
v 3.947266 -0.946484 -2.875391
v 3.800781 -1.371484 -2.075781
v 3.800781 -1.371484 -2.075781
v 3.800781 -1.371484 -2.075781
v 3.800781 -1.371484 -2.075781
v 3.557031 -1.333984 -2.481641
v 3.557031 -1.333984 -2.481641
v 3.557031 -1.333984 -2.481641
v 3.557031 -1.333984 -2.481641
v 3.197266 -0.828125 -1.774609
v 3.197266 -0.828125 -1.774609
v 3.197266 -0.828125 -1.774609
v 3.197266 -0.828125 -1.774609
v 3.197266 -0.828125 -1.774609
v 3.197266 -0.828125 -1.774609
v 2.996875 -0.801172 -2.149609
v 2.996875 -0.801172 -2.149609
v 2.996875 -0.801172 -2.149609
v 2.996875 -0.801172 -2.149609
v 2.996875 -0.801172 -2.149609
v 2.996875 -0.801172 -2.149609
v 3.365625 -0.319531 -2.563281
v 3.365625 -0.319531 -2.563281
v 3.365625 -0.319531 -2.563281
v 3.365625 -0.319531 -2.563281
v 3.365625 -0.319531 -2.563281
v 0.095312 1.144922 -0.935547
v 0.095312 1.144922 -0.935547
v 0.095312 1.144922 -0.935547
v 0.095312 1.144922 -0.935547
v 0.095312 1.144922 -0.935547
v 0.884766 1.487500 1.136719
v 0.884766 1.487500 1.136719
v 0.884766 1.487500 1.136719
v 0.884766 1.487500 1.136719
v 0.884766 1.487500 1.136719
v 0.884766 1.487500 1.136719
v 0.884766 1.487891 0.347266
v 0.884766 1.487891 0.347266
v 0.884766 1.487891 0.347266
v 0.884766 1.487891 0.347266
v 0.884766 1.487891 0.347266
v 0.064062 1.147266 0.733203
v 0.064062 1.147266 0.733203
v 0.064062 1.147266 0.733203
v 0.064062 1.147266 0.733203
v 0.064062 1.147266 0.733203
v 0.064062 1.147266 0.733203
v 0.867578 1.308594 -1.241016
v 0.867578 1.308594 -1.241016
v 0.867578 1.308594 -1.241016
v 0.867578 1.308594 -1.241016
v 0.867578 1.308594 -1.241016
v 0.867578 1.308594 -1.241016
v 0.884766 1.487891 -0.592969
v 0.884766 1.487891 -0.592969
v 0.884766 1.487891 -0.592969
v 0.884766 1.487891 -0.592969
v 0.884766 1.487891 -0.592969
v 2.144922 1.297656 -1.295313
v 2.144922 1.297656 -1.295313
v 2.144922 1.297656 -1.295313
v 2.144922 1.297656 -1.295313
v 2.144922 1.297656 -1.295313
v 2.095703 1.504297 -0.855469
v 2.095703 1.504297 -0.855469
v 2.095703 1.504297 -0.855469
v 2.095703 1.504297 -0.855469
v 2.095703 1.504297 -0.855469
v 2.095703 1.694141 1.050000
v 2.095703 1.694141 1.050000
v 2.095703 1.694141 1.050000
v 2.095703 1.694141 1.050000
v 2.095703 1.694141 1.050000
v 2.095703 1.691406 0.610156
v 2.095703 1.691406 0.610156
v 2.095703 1.691406 0.610156
v 2.095703 1.691406 0.610156
v 2.095703 1.691406 0.610156
v 2.194531 0.967969 -1.861328
v 2.194531 0.967969 -1.861328
v 2.194531 0.967969 -1.861328
v 2.194531 0.967969 -1.861328
v 2.194531 0.967969 -1.861328
v 2.194531 0.967969 -1.861328
v 0.787891 0.615625 -1.919141
v 0.787891 0.615625 -1.919141
v 0.787891 0.615625 -1.919141
v 0.787891 0.615625 -1.919141
v 0.787891 0.615625 -1.919141
v 0.787891 0.615625 -1.919141
v 2.095703 1.469141 1.578125
v 2.095703 1.469141 1.578125
v 2.095703 1.469141 1.578125
v 2.095703 1.469141 1.578125
v 2.095703 1.469141 1.578125
v 2.095703 1.469141 1.578125
v 2.886719 1.586328 1.799609
v 2.886719 1.586328 1.799609
v 2.886719 1.586328 1.799609
v 2.886719 1.586328 1.799609
v 2.886719 1.586328 1.799609
v 2.946484 1.661328 1.136719
v 2.946484 1.661328 1.136719
v 2.946484 1.661328 1.136719
v 2.946484 1.661328 1.136719
v 2.946484 1.661328 1.136719
v 2.912109 0.278906 -2.423047
v 2.912109 0.278906 -2.423047
v 2.912109 0.278906 -2.423047
v 2.912109 0.278906 -2.423047
v 2.912109 0.278906 -2.423047
v 2.912109 0.278906 -2.423047
v 3.049609 0.728125 -2.099609
v 3.049609 0.728125 -2.099609
v 3.049609 0.728125 -2.099609
v 3.049609 0.728125 -2.099609
v 3.049609 0.728125 -2.099609
v 1.438281 -0.528125 -2.051563
v 1.438281 -0.528125 -2.051563
v 1.438281 -0.528125 -2.051563
v 1.438281 -0.528125 -2.051563
v 1.438281 -0.528125 -2.051563
vt 0.638361 0.382921
vt 0.603226 0.406815
vt 0.595402 0.382705
vt 0.630013 0.406949
vt 0.882653 0.460973
vt 0.897880 0.464494
vt 0.897880 0.460973
vt 0.882653 0.464494
vt 0.640790 0.458409
vt 0.655088 0.463474
vt 0.640790 0.460942
vt 0.655088 0.458409
vt 0.626491 0.458409
vt 0.640790 0.460942
vt 0.626491 0.463474
vt 0.640790 0.458409
vt 0.897880 0.468894
vt 0.913108 0.464494
vt 0.897880 0.464494
vt 0.913108 0.471535
vt 0.897880 0.464494
vt 0.882653 0.468894
vt 0.897880 0.468894
vt 0.882653 0.464494
vt 0.882653 0.464494
vt 0.867425 0.471535
vt 0.882653 0.468894
vt 0.867425 0.464494
vt 0.586774 0.492851
vt 0.601072 0.485760
vt 0.601072 0.492851
vt 0.586774 0.488292
vt 0.586774 0.492851
vt 0.572476 0.485760
vt 0.586774 0.488292
vt 0.572476 0.492851
vt 0.815651 0.476816
vt 0.830878 0.485617
vt 0.830878 0.476816
vt 0.815651 0.480336
vt 0.861334 0.476816
vt 0.846106 0.485617
vt 0.861334 0.480336
vt 0.846106 0.476816
vt 0.601072 0.485760
vt 0.586774 0.481708
vt 0.601072 0.481708
vt 0.586774 0.488292
vt 0.572476 0.485760
vt 0.586774 0.481708
vt 0.586774 0.488292
vt 0.572476 0.481708
vt 0.601072 0.477656
vt 0.586774 0.481708
vt 0.586774 0.475124
vt 0.601072 0.481708
vt 0.572476 0.477656
vt 0.586774 0.481708
vt 0.572476 0.481708
vt 0.586774 0.475124
vt 0.861334 0.476816
vt 0.846106 0.472415
vt 0.846106 0.476816
vt 0.861334 0.470215
vt 0.601072 0.470565
vt 0.586774 0.466513
vt 0.601072 0.466513
vt 0.586774 0.473097
vt 0.572476 0.470565
vt 0.586774 0.466513
vt 0.586774 0.473097
vt 0.572476 0.466513
vt 0.601072 0.462461
vt 0.586774 0.466513
vt 0.586774 0.459929
vt 0.601072 0.466513
vt 0.572476 0.462461
vt 0.586774 0.466513
vt 0.572476 0.466513
vt 0.586774 0.459929
vt 0.830878 0.472415
vt 0.815651 0.476816
vt 0.830878 0.476816
vt 0.815651 0.470215
vt 0.846106 0.476816
vt 0.830878 0.485617
vt 0.846106 0.485617
vt 0.830878 0.476816
vt 0.830878 0.472415
vt 0.846106 0.476816
vt 0.846106 0.472415
vt 0.830878 0.476816
vt 0.586774 0.473097
vt 0.601072 0.477656
vt 0.586774 0.475124
vt 0.601072 0.470565
vt 0.572476 0.470565
vt 0.586774 0.475124
vt 0.572476 0.477656
vt 0.586774 0.473097
vt 0.820992 0.373087
vt 0.794829 0.368949
vt 0.819833 0.365553
vt 0.782579 0.374945
vt 0.949654 0.468894
vt 0.964882 0.464494
vt 0.949654 0.464494
vt 0.964882 0.471535
vt 0.949654 0.464494
vt 0.934427 0.468894
vt 0.949654 0.468894
vt 0.934427 0.464494
vt 0.934427 0.464494
vt 0.919199 0.471535
vt 0.934427 0.468894
vt 0.919199 0.464494
vt 0.825556 0.381685
vt 0.871426 0.388116
vt 0.833477 0.380192
vt 0.871433 0.381976
vt 0.640790 0.493433
vt 0.655088 0.487786
vt 0.655088 0.493433
vt 0.640790 0.490319
vt 0.640790 0.493433
vt 0.626491 0.487786
vt 0.640790 0.490319
vt 0.626491 0.493433
vt 0.867425 0.478576
vt 0.882653 0.489138
vt 0.882653 0.478576
vt 0.867425 0.482096
vt 0.913108 0.478576
vt 0.897880 0.489138
vt 0.913108 0.482096
vt 0.897880 0.478576
vt 0.655088 0.487786
vt 0.640790 0.483734
vt 0.655088 0.483734
vt 0.640790 0.490319
vt 0.626491 0.487786
vt 0.640790 0.483734
vt 0.640790 0.490319
vt 0.626491 0.483734
vt 0.655088 0.479682
vt 0.640790 0.483734
vt 0.640790 0.477150
vt 0.655088 0.483734
vt 0.626491 0.479682
vt 0.640790 0.483734
vt 0.626491 0.483734
vt 0.640790 0.477150
vt 0.897880 0.468894
vt 0.882653 0.474175
vt 0.897880 0.474175
vt 0.882653 0.468894
vt 0.913108 0.478576
vt 0.897880 0.474175
vt 0.897880 0.478576
vt 0.913108 0.471535
vt 0.803897 0.387543
vt 0.825556 0.381685
vt 0.833477 0.380192
vt 0.787821 0.382631
vt 0.655088 0.471578
vt 0.640790 0.467526
vt 0.655088 0.467526
vt 0.640790 0.474111
vt 0.626491 0.471578
vt 0.640790 0.467526
vt 0.640790 0.474111
vt 0.626491 0.467526
vt 0.655088 0.463474
vt 0.640790 0.467526
vt 0.640790 0.460942
vt 0.655088 0.467526
vt 0.626491 0.463474
vt 0.640790 0.467526
vt 0.626491 0.467526
vt 0.640790 0.460942
vt 0.882653 0.474175
vt 0.867425 0.478576
vt 0.882653 0.478576
vt 0.867425 0.471535
vt 0.787821 0.382631
vt 0.820992 0.373087
vt 0.825556 0.381685
vt 0.782579 0.374945
vt 0.897880 0.478576
vt 0.882653 0.489138
vt 0.897880 0.489138
vt 0.882653 0.478576
vt 0.837020 0.443896
vt 0.857315 0.437317
vt 0.857400 0.443965
vt 0.835839 0.437297
vt 0.882653 0.474175
vt 0.897880 0.478576
vt 0.897880 0.474175
vt 0.882653 0.478576
vt 0.640790 0.474111
vt 0.655088 0.479682
vt 0.640790 0.477150
vt 0.655088 0.471578
vt 0.626491 0.471578
vt 0.640790 0.477150
vt 0.626491 0.479682
vt 0.640790 0.474111
vt 0.887006 0.443564
vt 0.907817 0.437183
vt 0.907236 0.442954
vt 0.886373 0.437302
vt 0.553411 0.461448
vt 0.539113 0.465500
vt 0.539113 0.458916
vt 0.553411 0.465500
vt 0.524815 0.461448
vt 0.539113 0.465500
vt 0.524815 0.465500
vt 0.539113 0.458916
vt 0.931694 0.410798
vt 0.966050 0.388326
vt 0.965580 0.406773
vt 0.929606 0.388891
vt 0.835727 0.408901
vt 0.868795 0.425092
vt 0.833040 0.425229
vt 0.863920 0.410777
vt 0.785195 0.471535
vt 0.769968 0.475056
vt 0.785195 0.475056
vt 0.769968 0.468894
vt 0.931694 0.410798
vt 0.868795 0.425092
vt 0.863920 0.410777
vt 0.930627 0.424818
vt 0.965580 0.406773
vt 0.930627 0.424818
vt 0.931694 0.410798
vt 0.964301 0.429076
vt 0.556164 0.436447
vt 0.531754 0.409316
vt 0.557621 0.408029
vt 0.524011 0.433906
vt 0.800423 0.475056
vt 0.785195 0.483857
vt 0.800423 0.483857
vt 0.785195 0.475056
vt 0.719823 0.446800
vt 0.708911 0.452920
vt 0.713685 0.435516
vt 0.716554 0.453587
vt 0.785195 0.471535
vt 0.800423 0.475056
vt 0.800423 0.471535
vt 0.785195 0.475056
vt 0.539113 0.472085
vt 0.553411 0.475630
vt 0.539113 0.473097
vt 0.553411 0.469552
vt 0.524815 0.469552
vt 0.539113 0.473097
vt 0.524815 0.475630
vt 0.539113 0.472085
vt 0.800423 0.466254
vt 0.785195 0.471535
vt 0.800423 0.471535
vt 0.785195 0.466254
vt 0.785195 0.459213
vt 0.800423 0.462733
vt 0.800423 0.459213
vt 0.785195 0.462733
vt 0.539113 0.454298
vt 0.553411 0.461448
vt 0.539113 0.458916
vt 0.553411 0.457396
vt 0.524815 0.457396
vt 0.539113 0.458916
vt 0.524815 0.461448
vt 0.539113 0.454298
vt 0.788034 0.441818
vt 0.767982 0.439056
vt 0.777713 0.436258
vt 0.771292 0.444717
vt 0.964598 0.441016
vt 0.946781 0.442531
vt 0.962746 0.436460
vt 0.961867 0.445573
vt 0.962746 0.436460
vt 0.968826 0.429245
vt 0.964598 0.441016
vt 0.964301 0.429076
vt 0.970019 0.406648
vt 0.964301 0.429076
vt 0.965580 0.406773
vt 0.968826 0.429245
vt 0.673840 0.440503
vt 0.694318 0.407273
vt 0.703940 0.437014
vt 0.670194 0.407151
vt 0.650104 0.407050
vt 0.674417 0.383102
vt 0.670194 0.407151
vt 0.638361 0.382921
vt 0.583135 0.406713
vt 0.560385 0.382066
vt 0.595402 0.382705
vt 0.557621 0.408029
vt 0.785195 0.462733
vt 0.769968 0.468894
vt 0.785195 0.466254
vt 0.769968 0.462733
vt 0.800423 0.462733
vt 0.785195 0.466254
vt 0.800423 0.466254
vt 0.785195 0.462733
vt 0.846106 0.468014
vt 0.830878 0.472415
vt 0.846106 0.472415
vt 0.830878 0.468014
vt 0.830878 0.460093
vt 0.846106 0.463614
vt 0.846106 0.460093
vt 0.830878 0.463614
vt 0.586774 0.457396
vt 0.601072 0.462461
vt 0.586774 0.459929
vt 0.601072 0.457396
vt 0.572476 0.457396
vt 0.586774 0.459929
vt 0.572476 0.462461
vt 0.586774 0.457396
vt 0.955088 0.383483
vt 0.939394 0.366303
vt 0.939394 0.367784
vt 0.955089 0.382002
vt 0.656171 0.359452
vt 0.595402 0.382705
vt 0.579921 0.359957
vt 0.638361 0.382921
vt 0.522162 0.448518
vt 0.512971 0.442489
vt 0.517631 0.433139
vt 0.515095 0.449008
vt 0.623155 0.443643
vt 0.650104 0.407050
vt 0.655959 0.440389
vt 0.630013 0.406949
vt 0.846106 0.468014
vt 0.861334 0.463614
vt 0.846106 0.463614
vt 0.861334 0.470215
vt 0.846106 0.463614
vt 0.830878 0.468014
vt 0.846106 0.468014
vt 0.830878 0.463614
vt 0.830878 0.463614
vt 0.815651 0.470215
vt 0.830878 0.468014
vt 0.815651 0.463614
vt 0.605278 0.443567
vt 0.583135 0.406713
vt 0.603226 0.406815
vt 0.574012 0.440048
vt 0.915516 0.366295
vt 0.871433 0.381976
vt 0.871441 0.365569
vt 0.926603 0.381993
vt 0.939394 0.366303
vt 0.926603 0.381993
vt 0.915516 0.366295
vt 0.955089 0.382002
vt 0.539113 0.489812
vt 0.553411 0.483734
vt 0.553411 0.489812
vt 0.539113 0.486266
vt 0.539113 0.489812
vt 0.524815 0.483734
vt 0.539113 0.486266
vt 0.524815 0.489812
vt 0.769968 0.475056
vt 0.785195 0.483857
vt 0.785195 0.475056
vt 0.769968 0.478576
vt 0.815651 0.475056
vt 0.800423 0.483857
vt 0.815651 0.478576
vt 0.800423 0.475056
vt 0.553411 0.483734
vt 0.539113 0.479682
vt 0.553411 0.479682
vt 0.539113 0.486266
vt 0.524815 0.483734
vt 0.539113 0.479682
vt 0.539113 0.486266
vt 0.524815 0.479682
vt 0.553411 0.475630
vt 0.539113 0.479682
vt 0.539113 0.473097
vt 0.553411 0.479682
vt 0.524815 0.475630
vt 0.539113 0.479682
vt 0.524815 0.479682
vt 0.539113 0.473097
vt 0.815651 0.475056
vt 0.800423 0.471535
vt 0.800423 0.475056
vt 0.815651 0.468894
vt 0.926603 0.381993
vt 0.871426 0.388116
vt 0.871433 0.381976
vt 0.929606 0.388891
vt 0.955089 0.382002
vt 0.929606 0.388891
vt 0.926603 0.381993
vt 0.966050 0.388326
vt 0.553411 0.469552
vt 0.539113 0.465500
vt 0.553411 0.465500
vt 0.539113 0.472085
vt 0.524815 0.469552
vt 0.539113 0.465500
vt 0.539113 0.472085
vt 0.524815 0.465500
vt 0.949654 0.468894
vt 0.934427 0.474175
vt 0.949654 0.474175
vt 0.934427 0.468894
vt 0.715570 0.394229
vt 0.700231 0.383282
vt 0.700231 0.395141
vt 0.715570 0.379177
vt 0.680507 0.471578
vt 0.694806 0.477150
vt 0.680507 0.479682
vt 0.694806 0.474111
vt 0.694806 0.474111
vt 0.709104 0.479682
vt 0.694806 0.477150
vt 0.709104 0.471578
vt 0.715570 0.394229
vt 0.700231 0.400615
vt 0.715570 0.400615
vt 0.700231 0.395141
vt 0.730908 0.395141
vt 0.715570 0.379177
vt 0.715570 0.394229
vt 0.730908 0.383282
vt 0.934427 0.474175
vt 0.949654 0.478576
vt 0.949654 0.474175
vt 0.934427 0.478576
vt 0.687682 0.412474
vt 0.669555 0.406088
vt 0.669555 0.412474
vt 0.687682 0.406088
vt 0.964882 0.478576
vt 0.949654 0.474175
vt 0.949654 0.478576
vt 0.964882 0.471535
vt 0.694806 0.493433
vt 0.709104 0.487786
vt 0.709104 0.493433
vt 0.694806 0.490319
vt 0.694806 0.493433
vt 0.680507 0.487786
vt 0.694806 0.490319
vt 0.680507 0.493433
vt 0.800423 0.466254
vt 0.815651 0.462733
vt 0.800423 0.462733
vt 0.815651 0.468894
vt 0.919199 0.478576
vt 0.934427 0.489138
vt 0.934427 0.478576
vt 0.919199 0.482096
vt 0.669555 0.421596
vt 0.641667 0.426157
vt 0.677921 0.426157
vt 0.650033 0.421596
vt 0.669555 0.417947
vt 0.650033 0.421596
vt 0.669555 0.421596
vt 0.650033 0.417947
vt 0.669555 0.412474
vt 0.650033 0.417947
vt 0.669555 0.417947
vt 0.650033 0.412474
vt 0.669555 0.400615
vt 0.650033 0.406088
vt 0.669555 0.406088
vt 0.650033 0.400615
vt 0.949654 0.478576
vt 0.934427 0.489138
vt 0.949654 0.489138
vt 0.934427 0.478576
vt 0.669555 0.406088
vt 0.650033 0.412474
vt 0.669555 0.412474
vt 0.650033 0.406088
vt 0.700231 0.403351
vt 0.715570 0.409737
vt 0.715570 0.403351
vt 0.700231 0.409737
vt 0.730908 0.421596
vt 0.743457 0.412474
vt 0.730908 0.412474
vt 0.740813 0.421596
vt 0.680507 0.479682
vt 0.694806 0.483734
vt 0.680507 0.483734
vt 0.694806 0.477150
vt 0.934427 0.474175
vt 0.919199 0.478576
vt 0.934427 0.478576
vt 0.919199 0.471535
vt 0.964882 0.478576
vt 0.949654 0.489138
vt 0.964882 0.482096
vt 0.949654 0.478576
vt 0.730908 0.403351
vt 0.715570 0.409737
vt 0.730908 0.409737
vt 0.715570 0.403351
vt 0.709104 0.487786
vt 0.694806 0.483734
vt 0.709104 0.483734
vt 0.694806 0.490319
vt 0.680507 0.487786
vt 0.694806 0.483734
vt 0.694806 0.490319
vt 0.680507 0.483734
vt 0.709104 0.479682
vt 0.694806 0.483734
vt 0.694806 0.477150
vt 0.709104 0.483734
vt 0.687682 0.412474
vt 0.700231 0.421596
vt 0.700231 0.412474
vt 0.687682 0.421596
vt 0.668160 0.386019
vt 0.669555 0.400615
vt 0.683499 0.383282
vt 0.650033 0.400615
vt 0.730908 0.412474
vt 0.715570 0.421596
vt 0.730908 0.421596
vt 0.715570 0.412474
vt 0.730908 0.409737
vt 0.715570 0.412474
vt 0.730908 0.412474
vt 0.715570 0.409737
vt 0.680507 0.471578
vt 0.694806 0.467526
vt 0.694806 0.474111
vt 0.680507 0.467526
vt 0.844538 0.356560
vt 0.892224 0.352604
vt 0.844540 0.352630
vt 0.891504 0.356552
vt 0.709104 0.463474
vt 0.694806 0.467526
vt 0.694806 0.460942
vt 0.709104 0.467526
vt 0.680507 0.463474
vt 0.694806 0.467526
vt 0.680507 0.467526
vt 0.694806 0.460942
vt 0.631906 0.400615
vt 0.650033 0.406088
vt 0.650033 0.400615
vt 0.631906 0.406088
vt 0.730908 0.403351
vt 0.715570 0.400615
vt 0.715570 0.403351
vt 0.730908 0.400615
vt 0.730908 0.395141
vt 0.715570 0.400615
vt 0.730908 0.400615
vt 0.715570 0.394229
vt 0.844540 0.352630
vt 0.892940 0.356664
vt 0.844538 0.356708
vt 0.892224 0.352604
vt 0.650033 0.406088
vt 0.631906 0.412474
vt 0.650033 0.412474
vt 0.631906 0.406088
vt 0.797285 0.425366
vt 0.835727 0.408901
vt 0.833040 0.425229
vt 0.807535 0.407024
vt 0.700231 0.403351
vt 0.715570 0.400615
vt 0.700231 0.400615
vt 0.715570 0.403351
vt 0.709104 0.471578
vt 0.694806 0.467526
vt 0.709104 0.467526
vt 0.694806 0.474111
vt 0.934427 0.460973
vt 0.949654 0.464494
vt 0.949654 0.460973
vt 0.934427 0.464494
vt 0.694806 0.458409
vt 0.709104 0.463474
vt 0.694806 0.460942
vt 0.709104 0.458409
vt 0.680507 0.458409
vt 0.694806 0.460942
vt 0.680507 0.463474
vt 0.694806 0.458409
vt 0.669555 0.406088
vt 0.687682 0.400615
vt 0.669555 0.400615
vt 0.687682 0.406088
vt 0.930627 0.424818
vt 0.886373 0.437302
vt 0.868795 0.425092
vt 0.907817 0.437183
vt 0.868795 0.425092
vt 0.835839 0.437297
vt 0.833040 0.425229
vt 0.857315 0.437317
vt 0.700231 0.409737
vt 0.715570 0.412474
vt 0.715570 0.409737
vt 0.700231 0.412474
vt 0.715570 0.412474
vt 0.700231 0.421596
vt 0.715570 0.421596
vt 0.700231 0.412474
vt 0.897880 0.489138
vt 0.890266 0.491778
vt 0.903971 0.493538
vt 0.655088 0.498497
vt 0.626491 0.498497
vt 0.640790 0.493433
vt 0.680507 0.471578
vt 0.670975 0.475630
vt 0.670975 0.467526
vt 0.718636 0.475630
vt 0.709104 0.479682
vt 0.709104 0.471578
vt 0.680507 0.471578
vt 0.670975 0.467526
vt 0.680507 0.467526
vt 0.680507 0.463474
vt 0.670975 0.467526
vt 0.670975 0.465500
vt 0.718636 0.467526
vt 0.709104 0.467526
vt 0.709104 0.463474
vt 0.730908 0.403351
vt 0.743457 0.400615
vt 0.730908 0.400615
vt 0.650033 0.421596
vt 0.631906 0.421596
vt 0.641667 0.426157
vt 0.730908 0.412474
vt 0.743457 0.412474
vt 0.730908 0.409737
vt 0.687682 0.412474
vt 0.700231 0.409737
vt 0.687682 0.406088
vt 0.664620 0.467526
vt 0.655088 0.467526
vt 0.655088 0.463474
vt 0.626491 0.463474
vt 0.616959 0.467526
vt 0.616959 0.465500
vt 0.626491 0.471578
vt 0.616959 0.467526
vt 0.626491 0.467526
vt 0.655088 0.479682
vt 0.664620 0.475630
vt 0.664620 0.483734
vt 0.626491 0.471578
vt 0.616959 0.475630
vt 0.616959 0.467526
vt 0.664620 0.483734
vt 0.655088 0.483734
vt 0.655088 0.479682
vt 0.626491 0.479682
vt 0.616959 0.483734
vt 0.616959 0.475630
vt 0.664620 0.487786
vt 0.655088 0.487786
vt 0.664620 0.483734
vt 0.626491 0.487786
vt 0.616959 0.483734
vt 0.626491 0.483734
vt 0.897880 0.489138
vt 0.882653 0.489138
vt 0.890266 0.491778
vt 0.867425 0.464494
vt 0.882653 0.460973
vt 0.867425 0.462554
vt 0.664620 0.483734
vt 0.655088 0.487786
vt 0.655088 0.483734
vt 0.664620 0.467526
vt 0.655088 0.471578
vt 0.655088 0.467526
vt 0.610604 0.464487
vt 0.601072 0.462461
vt 0.601072 0.457396
vt 0.572476 0.498929
vt 0.572476 0.492851
vt 0.586774 0.492851
vt 0.824787 0.491778
vt 0.852197 0.491778
vt 0.838492 0.490018
vt 0.882653 0.474175
vt 0.882653 0.468894
vt 0.867425 0.471535
vt 0.655088 0.493433
vt 0.664620 0.487786
vt 0.655088 0.498497
vt 0.882653 0.489138
vt 0.867425 0.482096
vt 0.876562 0.493538
vt 0.626491 0.493433
vt 0.616959 0.487786
vt 0.626491 0.487786
vt 0.680507 0.458409
vt 0.680507 0.463474
vt 0.670975 0.465500
vt 0.964882 0.464494
vt 0.964882 0.462706
vt 0.949654 0.460973
vt 0.934427 0.464494
vt 0.934427 0.460973
vt 0.919199 0.464494
vt 0.687682 0.400615
vt 0.687682 0.406088
vt 0.700231 0.403351
vt 0.700231 0.409737
vt 0.700231 0.403351
vt 0.687682 0.406088
vt 0.730908 0.409737
vt 0.743457 0.406335
vt 0.730908 0.403351
vt 0.730908 0.395141
vt 0.730908 0.400615
vt 0.743457 0.400615
vt 0.700231 0.383282
vt 0.691865 0.383282
vt 0.687682 0.400615
vt 0.700231 0.421596
vt 0.687682 0.421596
vt 0.700231 0.426157
vt 0.730908 0.426157
vt 0.730908 0.421596
vt 0.715570 0.421596
vt 0.700231 0.412474
vt 0.700231 0.409737
vt 0.687682 0.412474
vt 0.669555 0.421596
vt 0.677921 0.426157
vt 0.687682 0.421596
vt 0.700231 0.403351
vt 0.700231 0.400615
vt 0.687682 0.400615
vt 0.815651 0.468894
vt 0.800423 0.466254
vt 0.800423 0.471535
vt 0.785195 0.471535
vt 0.785195 0.466254
vt 0.769968 0.468894
vt 0.730908 0.403351
vt 0.743457 0.406335
vt 0.743457 0.400615
vt 0.730908 0.409737
vt 0.743457 0.412474
vt 0.743457 0.406335
vt 0.730908 0.426157
vt 0.715570 0.421596
vt 0.700231 0.426157
vt 0.650033 0.400615
vt 0.668160 0.386019
vt 0.654216 0.394229
vt 0.700231 0.421596
vt 0.700231 0.426157
vt 0.715570 0.421596
vt 0.669555 0.417947
vt 0.669555 0.421596
vt 0.687682 0.421596
vt 0.687682 0.400615
vt 0.700231 0.400615
vt 0.700231 0.395141
vt 0.730908 0.426157
vt 0.740813 0.421596
vt 0.730908 0.421596
vt 0.631906 0.421596
vt 0.650033 0.421596
vt 0.650033 0.417947
vt 0.718636 0.483734
vt 0.709104 0.483734
vt 0.709104 0.479682
vt 0.709104 0.493433
vt 0.709104 0.487786
vt 0.718636 0.487786
vt 0.934427 0.474175
vt 0.934427 0.468894
vt 0.919199 0.471535
vt 0.964882 0.471535
vt 0.949654 0.468894
vt 0.949654 0.474175
vt 0.964882 0.464494
vt 0.949654 0.460973
vt 0.949654 0.464494
vt 0.709104 0.493433
vt 0.709104 0.498497
vt 0.694806 0.493433
vt 0.919199 0.464494
vt 0.934427 0.460973
vt 0.919199 0.462638
vt 0.949654 0.489138
vt 0.934427 0.489138
vt 0.942041 0.491778
vt 0.680507 0.487786
vt 0.670975 0.483734
vt 0.680507 0.483734
vt 0.718636 0.487786
vt 0.709104 0.487786
vt 0.718636 0.483734
vt 0.680507 0.479682
vt 0.670975 0.483734
vt 0.670975 0.475630
vt 0.655088 0.493433
vt 0.655088 0.498497
vt 0.640790 0.493433
vt 0.913108 0.464494
vt 0.897880 0.460973
vt 0.897880 0.464494
vt 0.913108 0.471535
vt 0.897880 0.468894
vt 0.897880 0.474175
vt 0.934427 0.489138
vt 0.919199 0.482096
vt 0.928336 0.493538
vt 0.680507 0.493433
vt 0.670975 0.487786
vt 0.680507 0.487786
vt 0.691865 0.383282
vt 0.683499 0.383282
vt 0.669555 0.400615
vt 0.691865 0.383282
vt 0.669555 0.400615
vt 0.687682 0.400615
vt 0.687682 0.400615
vt 0.700231 0.395141
vt 0.700231 0.383282
vt 0.654216 0.394229
vt 0.730908 0.395141
vt 0.631906 0.400615
vt 0.654216 0.394229
vt 0.631906 0.400615
vt 0.650033 0.400615
vt 0.654216 0.394229
vt 0.730908 0.383282
vt 0.730908 0.395141
vt 0.631906 0.421596
vt 0.650033 0.417947
vt 0.631906 0.412474
vt 0.669555 0.417947
vt 0.687682 0.421596
vt 0.687682 0.412474
vt 0.669555 0.417947
vt 0.687682 0.412474
vt 0.669555 0.412474
vt 0.631906 0.412474
vt 0.650033 0.417947
vt 0.650033 0.412474
vt 0.562944 0.483734
vt 0.553411 0.483734
vt 0.562944 0.479682
vt 0.524815 0.483734
vt 0.515283 0.479682
vt 0.524815 0.479682
vt 0.800423 0.483857
vt 0.785195 0.483857
vt 0.792809 0.487377
vt 0.769968 0.462733
vt 0.785195 0.459213
vt 0.769968 0.460973
vt 0.553411 0.489812
vt 0.553411 0.495890
vt 0.539113 0.489812
vt 0.562944 0.463474
vt 0.553411 0.461448
vt 0.553411 0.457396
vt 0.800423 0.462733
vt 0.815651 0.462733
vt 0.800423 0.459213
vt 0.835839 0.437297
vt 0.797285 0.425366
vt 0.833040 0.425229
vt 0.524011 0.433906
vt 0.517631 0.433139
vt 0.531754 0.409316
vt 0.833477 0.380192
vt 0.850168 0.398448
vt 0.803897 0.387543
vt 0.531754 0.409316
vt 0.514607 0.409550
vt 0.529428 0.379619
vt 0.907817 0.437183
vt 0.930627 0.424818
vt 0.942139 0.439118
vt 0.638361 0.382921
vt 0.650104 0.407050
vt 0.630013 0.406949
vt 0.560385 0.382066
vt 0.557621 0.408029
vt 0.531754 0.409316
vt 0.583135 0.406713
vt 0.595402 0.382705
vt 0.603226 0.406815
vt 0.614217 0.443612
vt 0.623155 0.443643
vt 0.620920 0.456867
vt 0.666083 0.454566
vt 0.656403 0.457594
vt 0.664900 0.440454
vt 0.837020 0.443896
vt 0.817761 0.440398
vt 0.835839 0.437297
vt 0.835839 0.437297
vt 0.817761 0.440398
vt 0.798257 0.439074
vt 0.821344 0.447416
vt 0.817761 0.440398
vt 0.837020 0.443896
vt 0.817761 0.440398
vt 0.808231 0.442847
vt 0.798257 0.439074
vt 0.664900 0.440454
vt 0.673840 0.440503
vt 0.675728 0.455044
vt 0.670194 0.407151
vt 0.664900 0.440454
vt 0.650104 0.407050
vt 0.614217 0.443612
vt 0.605278 0.443567
vt 0.603226 0.406815
vt 0.785081 0.380957
vt 0.803804 0.365591
vt 0.805323 0.363052
vt 0.939394 0.367784
vt 0.916945 0.357515
vt 0.891504 0.356552
vt 0.805323 0.363052
vt 0.803804 0.365591
vt 0.818949 0.357503
vt 0.614217 0.443612
vt 0.620920 0.456867
vt 0.613640 0.456360
vt 0.566567 0.439940
vt 0.572775 0.456367
vt 0.564547 0.452005
vt 0.675728 0.455044
vt 0.666083 0.454566
vt 0.664900 0.440454
vt 0.614217 0.443612
vt 0.607545 0.455642
vt 0.605278 0.443567
vt 0.630013 0.406949
vt 0.614217 0.443612
vt 0.603226 0.406815
vt 0.583135 0.406713
vt 0.566567 0.439940
vt 0.557621 0.408029
vt 0.556164 0.436447
vt 0.566567 0.439940
vt 0.555217 0.453036
vt 0.942139 0.439118
vt 0.929387 0.443370
vt 0.922302 0.440542
vt 0.939394 0.367784
vt 0.939394 0.366303
vt 0.916945 0.357515
vt 0.949654 0.489138
vt 0.942041 0.491778
vt 0.955746 0.493538
vt 0.670194 0.407151
vt 0.673840 0.440503
vt 0.664900 0.440454
vt 0.942139 0.439118
vt 0.946781 0.442531
vt 0.929387 0.443370
vt 0.777713 0.436258
vt 0.798257 0.439074
vt 0.788034 0.441818
vt 0.655959 0.440389
vt 0.650104 0.407050
vt 0.664900 0.440454
vt 0.556164 0.436447
vt 0.557621 0.408029
vt 0.566567 0.439940
vt 0.673840 0.440503
vt 0.703940 0.437014
vt 0.692734 0.454489
vt 0.596850 0.347578
vt 0.579921 0.359957
vt 0.550233 0.360828
vt 0.916945 0.357515
vt 0.939394 0.366303
vt 0.892940 0.356664
vt 0.970019 0.406648
vt 0.965580 0.406773
vt 0.966050 0.388326
vt 0.919973 0.446997
vt 0.922302 0.440542
vt 0.929387 0.443370
vt 0.907236 0.442954
vt 0.922302 0.440542
vt 0.919973 0.446997
vt 0.871441 0.365569
vt 0.819833 0.365553
vt 0.844538 0.356708
vt 0.892940 0.356664
vt 0.915516 0.366295
vt 0.871441 0.365569
vt 0.891504 0.356552
vt 0.916945 0.357515
vt 0.892224 0.352604
vt 0.871441 0.365569
vt 0.844538 0.356708
vt 0.892940 0.356664
vt 0.703940 0.437014
vt 0.708911 0.452920
vt 0.692734 0.454489
vt 0.670194 0.407151
vt 0.674417 0.383102
vt 0.694318 0.407273
vt 0.844540 0.352630
vt 0.818949 0.357503
vt 0.844538 0.356560
vt 0.721404 0.430720
vt 0.714030 0.408101
vt 0.720887 0.408504
vt 0.785195 0.462733
vt 0.785195 0.459213
vt 0.769968 0.462733
vt 0.800423 0.459213
vt 0.815651 0.462733
vt 0.815651 0.460973
vt 0.562944 0.465500
vt 0.553411 0.461448
vt 0.562944 0.463474
vt 0.524815 0.457396
vt 0.524815 0.461448
vt 0.515283 0.463474
vt 0.674417 0.383102
vt 0.656171 0.359452
vt 0.681939 0.358904
vt 0.529428 0.379619
vt 0.560385 0.382066
vt 0.531754 0.409316
vt 0.517631 0.433139
vt 0.524011 0.433906
vt 0.522162 0.448518
vt 0.762500 0.427578
vt 0.778269 0.425984
vt 0.777713 0.436258
vt 0.850168 0.398448
vt 0.835727 0.408901
vt 0.807535 0.407024
vt 0.762500 0.427578
vt 0.777713 0.436258
vt 0.767982 0.439056
vt 0.713685 0.435516
vt 0.694318 0.407273
vt 0.714030 0.408101
vt 0.964301 0.429076
vt 0.962746 0.436460
vt 0.942139 0.439118
vt 0.607545 0.455642
vt 0.613640 0.456360
vt 0.613782 0.462968
vt 0.562944 0.459090
vt 0.564547 0.452005
vt 0.572775 0.456367
vt 0.803897 0.387543
vt 0.850168 0.398448
vt 0.807535 0.407024
vt 0.833477 0.380192
vt 0.871426 0.388116
vt 0.850168 0.398448
vt 0.562944 0.459090
vt 0.555217 0.453036
vt 0.564547 0.452005
vt 0.805323 0.363052
vt 0.819833 0.365553
vt 0.794829 0.368949
vt 0.931694 0.410798
vt 0.863920 0.410777
vt 0.871426 0.388116
vt 0.778269 0.425984
vt 0.762500 0.427578
vt 0.785999 0.405727
vt 0.785999 0.405727
vt 0.762500 0.427578
vt 0.763213 0.404874
vt 0.613640 0.456360
vt 0.620920 0.456867
vt 0.613782 0.462968
vt 0.596850 0.347578
vt 0.642464 0.347834
vt 0.656171 0.359452
vt 0.962746 0.436460
vt 0.946781 0.442531
vt 0.942139 0.439118
vt 0.929606 0.388891
vt 0.931694 0.410798
vt 0.871426 0.388116
vt 0.556164 0.436447
vt 0.540794 0.451389
vt 0.524011 0.433906
vt 0.540794 0.451389
vt 0.556164 0.436447
vt 0.555217 0.453036
vt 0.574012 0.440048
vt 0.572775 0.456367
vt 0.566567 0.439940
vt 0.613640 0.456360
vt 0.607545 0.455642
vt 0.614217 0.443612
vt 0.560385 0.382066
vt 0.550233 0.360828
vt 0.579921 0.359957
vt 0.572775 0.456367
vt 0.574012 0.440048
vt 0.589684 0.459066
vt 0.922302 0.440542
vt 0.907236 0.442954
vt 0.907817 0.437183
vt 0.922302 0.440542
vt 0.907817 0.437183
vt 0.942139 0.439118
vt 0.560385 0.382066
vt 0.579921 0.359957
vt 0.595402 0.382705
vt 0.886373 0.437302
vt 0.887006 0.443564
vt 0.874001 0.440494
vt 0.857400 0.443965
vt 0.874001 0.440494
vt 0.873573 0.447715
vt 0.674417 0.383102
vt 0.638361 0.382921
vt 0.656171 0.359452
vt 0.886373 0.437302
vt 0.874001 0.440494
vt 0.857315 0.437317
vt 0.623155 0.443643
vt 0.638699 0.460253
vt 0.620920 0.456867
vt 0.699977 0.377476
vt 0.674417 0.383102
vt 0.681939 0.358904
vt 0.871433 0.381976
vt 0.820992 0.373087
vt 0.871441 0.365569
vt 0.656403 0.457594
vt 0.638699 0.460253
vt 0.655959 0.440389
vt 0.703940 0.437014
vt 0.694318 0.407273
vt 0.713685 0.435516
vt 0.709104 0.498497
vt 0.680507 0.498497
vt 0.694806 0.493433
vt 0.718636 0.467526
vt 0.709104 0.463474
vt 0.718636 0.465500
vt 0.718636 0.467526
vt 0.709104 0.471578
vt 0.709104 0.467526
vt 0.718636 0.483734
vt 0.709104 0.487786
vt 0.709104 0.483734
vt 0.680507 0.487786
vt 0.670975 0.487786
vt 0.670975 0.483734
vt 0.680507 0.483734
vt 0.670975 0.483734
vt 0.680507 0.479682
vt 0.680507 0.467526
vt 0.670975 0.467526
vt 0.680507 0.463474
vt 0.928336 0.493538
vt 0.955746 0.493538
vt 0.942041 0.491778
vt 0.680507 0.498497
vt 0.680507 0.493433
vt 0.694806 0.493433
vt 0.718636 0.465500
vt 0.709104 0.463474
vt 0.709104 0.458409
vt 0.709104 0.493433
vt 0.718636 0.487786
vt 0.709104 0.498497
vt 0.670975 0.487786
vt 0.680507 0.493433
vt 0.680507 0.498497
vt 0.949654 0.489138
vt 0.955746 0.493538
vt 0.964882 0.482096
vt 0.934427 0.489138
vt 0.928336 0.493538
vt 0.942041 0.491778
vt 0.718636 0.467526
vt 0.718636 0.475630
vt 0.709104 0.471578
vt 0.709104 0.479682
vt 0.718636 0.475630
vt 0.718636 0.483734
vt 0.680507 0.479682
vt 0.670975 0.475630
vt 0.680507 0.471578
vt 0.673840 0.440503
vt 0.692734 0.454489
vt 0.675728 0.455044
vt 0.808231 0.442847
vt 0.817761 0.440398
vt 0.821344 0.447416
vt 0.874001 0.440494
vt 0.857400 0.443965
vt 0.857315 0.437317
vt 0.964301 0.429076
vt 0.942139 0.439118
vt 0.930627 0.424818
vt 0.777713 0.436258
vt 0.797285 0.425366
vt 0.798257 0.439074
vt 0.868795 0.425092
vt 0.886373 0.437302
vt 0.857315 0.437317
vt 0.798257 0.439074
vt 0.797285 0.425366
vt 0.835839 0.437297
vt 0.769214 0.377087
vt 0.794829 0.368949
vt 0.782579 0.374945
vt 0.769214 0.377087
vt 0.765872 0.383197
vt 0.752236 0.383743
vt 0.666083 0.454566
vt 0.667798 0.461610
vt 0.656403 0.457594
vt 0.820992 0.373087
vt 0.871433 0.381976
vt 0.825556 0.381685
vt 0.850168 0.398448
vt 0.863920 0.410777
vt 0.835727 0.408901
vt 0.807535 0.407024
vt 0.778269 0.425984
vt 0.785999 0.405727
vt 0.666083 0.454566
vt 0.675728 0.455044
vt 0.667798 0.461610
vt 0.601072 0.498929
vt 0.572476 0.498929
vt 0.586774 0.492851
vt 0.610604 0.466513
vt 0.601072 0.470565
vt 0.601072 0.466513
vt 0.610604 0.481708
vt 0.601072 0.485760
vt 0.601072 0.481708
vt 0.572476 0.485760
vt 0.562944 0.485760
vt 0.562944 0.481708
vt 0.572476 0.481708
vt 0.562944 0.481708
vt 0.572476 0.477656
vt 0.572476 0.466513
vt 0.562944 0.466513
vt 0.572476 0.462461
vt 0.553411 0.489812
vt 0.562944 0.483734
vt 0.553411 0.495890
vt 0.515283 0.483734
vt 0.524815 0.489812
vt 0.524815 0.495890
vt 0.800423 0.483857
vt 0.806514 0.489138
vt 0.815651 0.478576
vt 0.785195 0.483857
vt 0.779104 0.489138
vt 0.792809 0.487377
vt 0.562944 0.465500
vt 0.562944 0.472591
vt 0.553411 0.469552
vt 0.562944 0.472591
vt 0.553411 0.475630
vt 0.553411 0.469552
vt 0.524815 0.469552
vt 0.515283 0.472591
vt 0.515283 0.465500
vt 0.601072 0.492851
vt 0.610604 0.485760
vt 0.601072 0.498929
vt 0.562944 0.485760
vt 0.572476 0.492851
vt 0.572476 0.498929
vt 0.846106 0.485617
vt 0.852197 0.491778
vt 0.861334 0.480336
vt 0.830878 0.485617
vt 0.824787 0.491778
vt 0.838492 0.490018
vt 0.610604 0.466513
vt 0.610604 0.474111
vt 0.601072 0.470565
vt 0.601072 0.477656
vt 0.610604 0.474111
vt 0.610604 0.481708
vt 0.572476 0.477656
vt 0.562944 0.474111
vt 0.572476 0.470565
vt 0.830878 0.463614
vt 0.830878 0.460093
vt 0.815651 0.463614
vt 0.846106 0.460093
vt 0.861334 0.463614
vt 0.861334 0.461853
vt 0.610604 0.466513
vt 0.601072 0.462461
vt 0.610604 0.464487
vt 0.572476 0.457396
vt 0.572476 0.462461
vt 0.562944 0.464487
vt 0.524815 0.489812
vt 0.515283 0.483734
vt 0.524815 0.483734
vt 0.785195 0.483857
vt 0.769968 0.478576
vt 0.779104 0.489138
vt 0.553411 0.489812
vt 0.553411 0.483734
vt 0.562944 0.483734
vt 0.626491 0.458409
vt 0.626491 0.463474
vt 0.616959 0.465500
vt 0.572476 0.492851
vt 0.562944 0.485760
vt 0.572476 0.485760
vt 0.830878 0.485617
vt 0.815651 0.480336
vt 0.824787 0.491778
vt 0.626491 0.487786
vt 0.616959 0.487786
vt 0.616959 0.483734
vt 0.626491 0.483734
vt 0.616959 0.483734
vt 0.626491 0.479682
vt 0.626491 0.467526
vt 0.616959 0.467526
vt 0.626491 0.463474
vt 0.876562 0.493538
vt 0.903971 0.493538
vt 0.890266 0.491778
vt 0.626491 0.498497
vt 0.626491 0.493433
vt 0.640790 0.493433
vt 0.664620 0.465500
vt 0.655088 0.463474
vt 0.655088 0.458409
vt 0.655088 0.493433
vt 0.655088 0.487786
vt 0.664620 0.487786
vt 0.616959 0.487786
vt 0.626491 0.493433
vt 0.626491 0.498497
vt 0.897880 0.489138
vt 0.903971 0.493538
vt 0.913108 0.482096
vt 0.882653 0.489138
vt 0.876562 0.493538
vt 0.890266 0.491778
vt 0.664620 0.467526
vt 0.664620 0.475630
vt 0.655088 0.471578
vt 0.664620 0.475630
vt 0.655088 0.479682
vt 0.655088 0.471578
vt 0.626491 0.479682
vt 0.616959 0.475630
vt 0.626491 0.471578
vt 0.882653 0.464494
vt 0.882653 0.460973
vt 0.867425 0.464494
vt 0.913108 0.464494
vt 0.913108 0.462621
vt 0.897880 0.460973
vt 0.664620 0.467526
vt 0.655088 0.463474
vt 0.664620 0.465500
vt 0.861334 0.470215
vt 0.846106 0.468014
vt 0.846106 0.472415
vt 0.846106 0.463614
vt 0.861334 0.463614
vt 0.846106 0.460093
vt 0.601072 0.492851
vt 0.601072 0.498929
vt 0.586774 0.492851
vt 0.815651 0.463614
vt 0.830878 0.460093
vt 0.815651 0.461853
vt 0.846106 0.485617
vt 0.830878 0.485617
vt 0.838492 0.490018
vt 0.572476 0.485760
vt 0.562944 0.481708
vt 0.572476 0.481708
vt 0.610604 0.485760
vt 0.601072 0.485760
vt 0.610604 0.481708
vt 0.572476 0.477656
vt 0.562944 0.481708
vt 0.562944 0.474111
vt 0.610604 0.481708
vt 0.601072 0.481708
vt 0.601072 0.477656
vt 0.572476 0.470565
vt 0.562944 0.474111
vt 0.562944 0.466513
vt 0.610604 0.474111
vt 0.601072 0.477656
vt 0.601072 0.470565
vt 0.572476 0.470565
vt 0.562944 0.466513
vt 0.572476 0.466513
vt 0.572476 0.462461
vt 0.562944 0.466513
vt 0.562944 0.464487
vt 0.610604 0.466513
vt 0.601072 0.466513
vt 0.601072 0.462461
vt 0.846106 0.485617
vt 0.838492 0.490018
vt 0.852197 0.491778
vt 0.844538 0.356708
vt 0.805323 0.363052
vt 0.818949 0.357503
vt 0.699977 0.377476
vt 0.694318 0.407273
vt 0.674417 0.383102
vt 0.560385 0.382066
vt 0.529428 0.379619
vt 0.550233 0.360828
vt 0.916945 0.357515
vt 0.892940 0.356664
vt 0.892224 0.352604
vt 0.819833 0.365553
vt 0.871441 0.365569
vt 0.820992 0.373087
vt 0.844538 0.356560
vt 0.818949 0.357503
vt 0.803804 0.365591
vt 0.844538 0.356708
vt 0.818949 0.357503
vt 0.844540 0.352630
vt 0.664900 0.440454
vt 0.656403 0.457594
vt 0.655959 0.440389
vt 0.522162 0.448518
vt 0.524011 0.433906
vt 0.540794 0.451389
vt 0.713685 0.435516
vt 0.708911 0.452920
vt 0.703940 0.437014
vt 0.510783 0.433228
vt 0.517631 0.433139
vt 0.512971 0.442489
vt 0.788034 0.441818
vt 0.798257 0.439074
vt 0.808231 0.442847
vt 0.514607 0.409550
vt 0.531754 0.409316
vt 0.517631 0.433139
vt 0.769214 0.377087
vt 0.785081 0.380957
vt 0.794829 0.368949
vt 0.794829 0.368949
vt 0.785081 0.380957
vt 0.805323 0.363052
vt 0.887006 0.443564
vt 0.873573 0.447715
vt 0.874001 0.440494
vt 0.694318 0.407273
vt 0.699977 0.377476
vt 0.714030 0.408101
vt 0.970019 0.406648
vt 0.966050 0.388326
vt 0.955088 0.383483
vt 0.564547 0.452005
vt 0.555217 0.453036
vt 0.566567 0.439940
vt 0.589684 0.459066
vt 0.574012 0.440048
vt 0.605278 0.443567
vt 0.607545 0.455642
vt 0.589684 0.459066
vt 0.605278 0.443567
vt 0.966050 0.388326
vt 0.955089 0.382002
vt 0.955088 0.383483
vt 0.655959 0.440389
vt 0.638699 0.460253
vt 0.623155 0.443643
vt 0.763213 0.404874
vt 0.765078 0.397359
vt 0.785999 0.405727
vt 0.514607 0.409550
vt 0.517631 0.433139
vt 0.510783 0.433228
vt 0.769214 0.377087
vt 0.752236 0.383743
vt 0.765078 0.397359
vt 0.769214 0.377087
vt 0.782579 0.374945
vt 0.765872 0.383197
vt 0.713685 0.435516
vt 0.721404 0.430720
vt 0.719823 0.446800
vt 0.844538 0.356708
vt 0.819833 0.365553
vt 0.805323 0.363052
vt 0.583135 0.406713
vt 0.574012 0.440048
vt 0.566567 0.439940
vt 0.630013 0.406949
vt 0.623155 0.443643
vt 0.614217 0.443612
vt 0.601072 0.492851
vt 0.601072 0.485760
vt 0.610604 0.485760
vt 0.830878 0.472415
vt 0.830878 0.468014
vt 0.815651 0.470215
vt 0.524815 0.475630
vt 0.515283 0.479682
vt 0.515283 0.472591
vt 0.562944 0.479682
vt 0.553411 0.479682
vt 0.553411 0.475630
vt 0.524815 0.475630
vt 0.515283 0.472591
vt 0.524815 0.469552
vt 0.553411 0.475630
vt 0.562944 0.472591
vt 0.562944 0.479682
vt 0.524815 0.469552
vt 0.515283 0.465500
vt 0.524815 0.465500
vt 0.524815 0.461448
vt 0.515283 0.465500
vt 0.515283 0.463474
vt 0.562944 0.465500
vt 0.553411 0.465500
vt 0.553411 0.461448
vt 0.800423 0.483857
vt 0.792809 0.487377
vt 0.806514 0.489138
vt 0.553411 0.495890
vt 0.524815 0.495890
vt 0.539113 0.489812
vt 0.562944 0.465500
vt 0.553411 0.469552
vt 0.553411 0.465500
vt 0.562944 0.479682
vt 0.553411 0.483734
vt 0.553411 0.479682
vt 0.524815 0.483734
vt 0.515283 0.483734
vt 0.515283 0.479682
vt 0.524815 0.479682
vt 0.515283 0.479682
vt 0.524815 0.475630
vt 0.524815 0.465500
vt 0.515283 0.465500
vt 0.524815 0.461448
vt 0.779104 0.489138
vt 0.806514 0.489138
vt 0.792809 0.487377
vt 0.524815 0.495890
vt 0.524815 0.489812
vt 0.539113 0.489812
vt 0.787821 0.382631
vt 0.765872 0.383197
vt 0.782579 0.374945
vt 0.777713 0.436258
vt 0.778269 0.425984
vt 0.797285 0.425366
vt 0.871426 0.388116
vt 0.863920 0.410777
vt 0.850168 0.398448
vt 0.807535 0.407024
vt 0.797285 0.425366
vt 0.778269 0.425984
vt 0.769214 0.377087
vt 0.774147 0.387571
vt 0.785081 0.380957
vt 0.765078 0.397359
vt 0.774147 0.387571
vt 0.769214 0.377087
vt 0.714030 0.408101
vt 0.716654 0.382888
vt 0.720887 0.408504
vt 0.713685 0.435516
vt 0.714030 0.408101
vt 0.721404 0.430720
vt 0.714030 0.408101
vt 0.699977 0.377476
vt 0.716654 0.382888
vt 0.763213 0.404874
vt 0.774147 0.387571
vt 0.765078 0.397359
vt 0.579921 0.359957
vt 0.596850 0.347578
vt 0.656171 0.359452
vt 0.642464 0.347834
vt 0.681939 0.358904
vt 0.656171 0.359452
vt 0.939394 0.366303
vt 0.915516 0.366295
vt 0.892940 0.356664
vn -0.1203 0.9924 -0.0263
vn -0.1369 0.9891 -0.0532
vn -0.1039 0.9946 0.0000
vn -0.1593 0.9831 -0.0898
vn 0.1809 -0.9835 0.0000
vn 0.1921 -0.9811 -0.0196
vn 0.1723 -0.9849 0.0150
vn 0.2022 -0.9786 -0.0372
vn 0.0149 0.9643 0.2642
vn 0.0134 0.9640 0.2654
vn 0.0340 0.9677 0.2495
vn -0.0076 0.9596 0.2813
vn 0.1018 0.9795 -0.1740
vn 0.1050 0.9786 -0.1768
vn 0.1269 0.9723 -0.1964
vn 0.0795 0.9849 -0.1539
vn -0.1239 -0.5461 0.8285
vn -0.1216 -0.5449 0.8296
vn -0.0655 -0.5154 0.8544
vn -0.1719 -0.5695 0.8038
vn -0.1339 -0.9888 -0.0653
vn -0.1300 -0.9898 -0.0576
vn -0.1260 -0.9908 -0.0496
vn -0.1376 -0.9878 -0.0727
vn -0.0170 -0.4566 -0.8895
vn -0.0164 -0.4577 -0.8889
vn -0.0065 -0.4749 -0.8800
vn -0.0244 -0.4433 -0.8960
vn 0.8063 0.5560 0.2018
vn 0.7950 0.5857 0.1578
vn 0.8178 0.5129 0.2608
vn 0.7794 0.6171 0.1076
vn 0.5706 0.3819 -0.7270
vn 0.5793 0.4265 -0.6946
vn 0.5893 0.4928 -0.6402
vn 0.5503 0.2982 -0.7798
vn -0.2610 -0.5795 -0.7720
vn -0.2607 -0.5794 -0.7722
vn -0.2629 -0.5802 -0.7708
vn -0.2589 -0.5786 -0.7733
vn -0.0019 -0.3514 0.9362
vn 0.0087 -0.3466 0.9380
vn 0.0387 -0.3329 0.9422
vn -0.0295 -0.3635 0.9311
vn 0.5501 0.8249 0.1300
vn 0.5484 0.8256 0.1327
vn 0.5413 0.8285 0.1433
vn 0.5573 0.8217 0.1189
vn 0.3946 0.6708 -0.6279
vn 0.3891 0.6707 -0.6314
vn 0.4176 0.6709 -0.6127
vn 0.3678 0.6701 -0.6447
vn 0.3829 0.9022 0.1985
vn 0.3761 0.9068 0.1904
vn 0.4057 0.8857 0.2256
vn 0.3552 0.9199 0.1660
vn 0.2455 0.7795 -0.5762
vn 0.2472 0.7747 -0.5820
vn 0.2569 0.7471 -0.6131
vn 0.2342 0.8081 -0.5404
vn -0.0385 -0.3821 0.9233
vn -0.0361 -0.3908 0.9197
vn -0.0454 -0.3570 0.9330
vn -0.0301 -0.4125 0.9105
vn 0.3664 0.9151 0.1682
vn 0.3693 0.9149 0.1628
vn 0.3741 0.9145 0.1538
vn 0.3619 0.9153 0.1765
vn 0.2250 0.8456 -0.4840
vn 0.2307 0.8462 -0.4803
vn 0.2141 0.8444 -0.4911
vn 0.2425 0.8473 -0.4725
vn 0.3274 0.9419 0.0752
vn 0.3299 0.9408 0.0772
vn 0.2399 0.9707 0.0072
vn 0.4171 0.8968 0.1476
vn 0.2105 0.8900 -0.4044
vn 0.2117 0.8886 -0.4068
vn 0.2452 0.8460 -0.4733
vn 0.1739 0.9272 -0.3317
vn -0.4674 -0.6102 -0.6396
vn -0.4750 -0.5993 -0.6444
vn -0.5518 -0.4722 -0.6874
vn -0.3901 -0.7084 -0.5882
vn -0.2814 -0.9295 0.2382
vn -0.2799 -0.9296 0.2397
vn -0.2769 -0.9298 0.2425
vn -0.2844 -0.9293 0.2353
vn -0.5627 -0.7880 0.2497
vn -0.5671 -0.7799 0.2648
vn -0.5513 -0.8067 0.2127
vn -0.5772 -0.7586 0.3021
vn 0.3975 0.8959 0.1982
vn 0.3938 0.8965 0.2031
vn 0.3770 0.8985 0.2250
vn 0.4137 0.8931 0.1765
vn 0.2570 0.8061 -0.5330
vn 0.2574 0.8052 -0.5342
vn 0.2654 0.7869 -0.5571
vn 0.2487 0.8238 -0.5093
vn -0.7558 -0.6171 0.2188
vn -0.8848 -0.4640 0.0421
vn -0.5634 -0.7300 0.3867
vn -0.9324 -0.3553 -0.0664
vn -0.1628 -0.6184 0.7688
vn -0.1637 -0.6198 0.7675
vn -0.1722 -0.6324 0.7553
vn -0.1568 -0.6094 0.7771
vn 0.1407 -0.9895 0.0311
vn 0.1419 -0.9893 0.0349
vn 0.1498 -0.9868 0.0606
vn 0.1334 -0.9910 0.0074
vn 0.4071 -0.4887 -0.7717
vn 0.4072 -0.4890 -0.7714
vn 0.4097 -0.4924 -0.7679
vn 0.4051 -0.4861 -0.7743
vn -0.1421 -0.9894 -0.0274
vn -0.1758 -0.9830 -0.0517
vn -0.0760 -0.9969 0.0198
vn -0.2367 -0.9668 -0.0959
vn 0.3660 0.8067 0.4640
vn 0.3518 0.8343 0.4244
vn 0.3841 0.7651 0.5168
vn 0.3336 0.8647 0.3754
vn 0.4266 0.7967 -0.4280
vn 0.4070 0.8248 -0.3924
vn 0.3839 0.8539 -0.3513
vn 0.4504 0.7575 -0.4726
vn 0.1260 -0.5717 -0.8107
vn 0.1343 -0.5636 -0.8150
vn 0.0885 -0.6071 -0.7896
vn 0.1726 -0.5247 -0.8336
vn 0.0139 -0.5395 0.8418
vn 0.0208 -0.5320 0.8465
vn 0.0547 -0.4935 0.8680
vn -0.0188 -0.5747 0.8181
vn 0.1420 0.9251 0.3522
vn 0.1394 0.9242 0.3554
vn 0.1344 0.9225 0.3619
vn 0.1462 0.9265 0.3467
vn 0.1629 0.9212 -0.3532
vn 0.1651 0.9221 -0.3499
vn 0.1582 0.9193 -0.3602
vn 0.1702 0.9241 -0.3421
vn 0.1429 0.8903 0.4322
vn 0.1310 0.8995 0.4169
vn 0.1844 0.8550 0.4847
vn 0.0940 0.9248 0.3685
vn 0.2477 0.9193 -0.3058
vn 0.2490 0.9185 -0.3070
vn 0.2542 0.9154 -0.3120
vn 0.2416 0.9228 -0.2999
vn 0.1472 -0.9887 -0.0270
vn 0.1487 -0.9886 -0.0230
vn 0.1496 -0.9885 -0.0203
vn 0.1462 -0.9888 -0.0296
vn -0.1930 -0.6450 0.7394
vn -0.1619 -0.6790 0.7161
vn -0.2342 -0.5964 0.7677
vn -0.1258 -0.7156 0.6871
vn -0.2254 -0.9177 -0.3272
vn -0.1916 -0.9133 -0.3594
vn -0.0750 -0.8837 -0.4619
vn -0.3141 -0.9194 -0.2365
vn -0.0062 0.9372 0.3487
vn -0.0067 0.9370 0.3491
vn 0.0325 0.9473 0.3186
vn -0.0432 0.9253 0.3768
vn 0.0601 0.9503 -0.3053
vn 0.0621 0.9510 -0.3030
vn 0.0165 0.9354 -0.3532
vn 0.1079 0.9620 -0.2508
vn 0.1007 0.9531 0.2854
vn 0.1047 0.9511 0.2904
vn 0.0746 0.9646 0.2529
vn 0.1302 0.9377 0.3221
vn 0.1274 0.9671 -0.2202
vn 0.1324 0.9652 -0.2253
vn 0.1529 0.9571 -0.2461
vn 0.1065 0.9742 -0.1989
vn -0.0830 -0.6663 -0.7410
vn -0.0973 -0.6461 -0.7570
vn -0.1138 -0.6219 -0.7747
vn -0.0689 -0.6855 -0.7247
vn -0.4396 -0.8937 -0.0893
vn -0.2434 -0.9505 -0.1932
vn -0.1181 -0.9606 -0.2514
vn -0.5208 -0.8527 -0.0407
vn 0.0586 -0.9979 0.0263
vn 0.0582 -0.9980 0.0256
vn 0.0573 -0.9980 0.0241
vn 0.0595 -0.9978 0.0277
vn 0.6658 -0.7426 -0.0715
vn 0.6647 -0.7439 -0.0697
vn 0.6041 -0.7967 0.0184
vn 0.7140 -0.6831 -0.1535
vn -0.2192 -0.9752 -0.0308
vn -0.2300 -0.9731 -0.0120
vn -0.2116 -0.9763 -0.0440
vn -0.2365 -0.9716 -0.0007
vn 0.1213 0.8925 0.4343
vn 0.1313 0.8943 0.4277
vn 0.0685 0.8808 0.4684
vn 0.1882 0.9022 0.3881
vn 0.0984 0.9398 -0.3273
vn 0.0994 0.9393 -0.3282
vn 0.0762 0.9483 -0.3080
vn 0.1214 0.9299 -0.3472
vn 0.5128 -0.8419 0.1677
vn 0.5119 -0.8422 0.1689
vn 0.5735 -0.8158 0.0738
vn 0.4662 -0.8536 0.2322
vn 0.7277 0.6844 -0.0455
vn 0.7163 0.6959 -0.0506
vn 0.6593 0.7481 -0.0746
vn 0.7784 0.6274 -0.0214
vn 0.3335 0.7493 -0.5720
vn 0.3349 0.7412 -0.5818
vn 0.3294 0.7715 -0.5443
vn 0.3378 0.7219 -0.6038
vn -0.0042 -0.7891 -0.6143
vn -0.0095 -0.7928 -0.6094
vn -0.0931 -0.8455 -0.5258
vn 0.0681 -0.7321 -0.6777
vn 0.4252 -0.8660 -0.2629
vn 0.4958 -0.8359 -0.2354
vn 0.3485 -0.8914 -0.2899
vn 0.5565 -0.8040 -0.2092
vn -0.6569 -0.0964 -0.7477
vn -0.6457 -0.1643 -0.7457
vn -0.6706 0.0559 -0.7397
vn -0.6194 -0.2788 -0.7338
vn 0.2856 -0.9384 0.1942
vn 0.5059 -0.8503 0.1450
vn 0.5422 -0.8292 0.1353
vn 0.2152 -0.9544 0.2069
vn 0.0673 -0.8474 -0.5266
vn 0.1392 -0.8204 -0.5545
vn 0.1629 -0.8103 -0.5629
vn 0.0376 -0.8568 -0.5141
vn 0.1007 0.8604 -0.4995
vn 0.1007 0.8626 -0.4957
vn 0.1007 0.8635 -0.4941
vn 0.1008 0.8586 -0.5026
vn -0.4998 -0.8047 0.3205
vn -0.5012 -0.8039 0.3201
vn -0.4945 -0.8074 0.3218
vn -0.5066 -0.8011 0.3187
vn -0.2298 0.2119 0.9499
vn -0.1849 0.2091 0.9602
vn -0.1628 0.2076 0.9645
vn -0.2542 0.2132 0.9433
vn -0.7361 -0.4929 0.4638
vn -0.7366 -0.5092 0.4451
vn -0.7362 -0.5377 0.4108
vn -0.7341 -0.4613 0.4983
vn 0.7257 0.6857 0.0560
vn 0.6764 0.7269 0.1187
vn 0.7619 0.6477 0.0042
vn 0.6294 0.7577 0.1721
vn 0.3339 0.6002 -0.7268
vn 0.3339 0.5998 -0.7271
vn 0.3338 0.6005 -0.7266
vn 0.3339 0.5996 -0.7273
vn -0.3682 -0.9161 0.1588
vn -0.3820 -0.9107 0.1571
vn -0.3528 -0.9218 0.1606
vn -0.3976 -0.9043 0.1552
vn -0.4000 -0.9085 0.1205
vn -0.3984 -0.9102 0.1128
vn -0.4067 -0.9007 0.1526
vn -0.3912 -0.9167 0.0810
vn 0.6871 0.7108 -0.1506
vn 0.6856 0.7148 -0.1376
vn 0.6787 0.7291 -0.0875
vn 0.6918 0.6927 -0.2039
vn 0.3985 0.6937 -0.6000
vn 0.3985 0.6936 -0.6000
vn 0.3990 0.6565 -0.6401
vn 0.3970 0.7251 -0.5626
vn 0.4422 -0.3192 0.8382
vn 0.1598 -0.4647 0.8709
vn 0.5111 -0.2741 0.8147
vn 0.0334 -0.5128 0.8578
vn -0.2510 -0.4864 -0.8369
vn -0.2489 -0.4855 -0.8380
vn -0.1935 -0.4590 -0.8671
vn -0.2743 -0.4970 -0.8232
vn -0.4450 -0.4088 -0.7968
vn -0.5017 -0.4219 -0.7551
vn -0.5648 -0.4345 -0.7015
vn -0.4048 -0.3986 -0.8229
vn -0.3890 -0.2947 -0.8728
vn -0.0495 -0.1887 -0.9808
vn 0.1360 -0.1210 -0.9833
vn -0.6503 -0.3557 -0.6712
vn -0.1089 0.9710 0.2128
vn -0.0747 0.9590 0.2735
vn -0.1720 0.9805 0.0954
vn -0.0045 0.9199 0.3919
vn -0.1677 0.9858 -0.0038
vn -0.1664 0.9860 -0.0010
vn -0.1686 0.9857 -0.0061
vn -0.1658 0.9861 0.0005
vn -0.0276 0.9241 -0.3811
vn -0.0562 0.9510 -0.3038
vn -0.0703 0.9619 -0.2643
vn -0.0103 0.9046 -0.4261
vn -0.7029 -0.0922 -0.7053
vn -0.6894 -0.1831 -0.7008
vn -0.7105 0.0005 -0.7037
vn -0.6688 -0.2774 -0.6897
vn -0.7710 -0.5459 0.3279
vn -0.7742 -0.5426 0.3258
vn -0.7047 -0.6071 0.3671
vn -0.8459 -0.4587 0.2722
vn -0.0457 -0.9930 0.1090
vn -0.0436 -0.9928 0.1113
vn -0.0402 -0.9925 0.1150
vn -0.0489 -0.9932 0.1053
vn -0.1154 -0.9846 0.1315
vn -0.1042 -0.9911 0.0823
vn -0.1199 -0.9811 0.1519
vn -0.1009 -0.9926 0.0680
vn 0.4369 0.8961 -0.0779
vn 0.4379 0.8955 -0.0795
vn 0.4001 0.9162 -0.0208
vn 0.4727 0.8705 -0.1367
vn 0.2886 0.8758 -0.3869
vn 0.2890 0.8753 -0.3877
vn 0.2748 0.8904 -0.3627
vn 0.3013 0.8611 -0.4094
vn -0.4243 0.0032 -0.9055
vn -0.4186 -0.0027 -0.9081
vn -0.4541 0.0345 -0.8903
vn -0.3949 -0.0268 -0.9183
vn -0.3893 0.9211 -0.0043
vn -0.3916 0.9201 -0.0060
vn -0.3952 0.9185 -0.0087
vn -0.3833 0.9236 0.0000
vn -0.2597 0.0310 -0.9652
vn -0.2577 0.0274 -0.9658
vn -0.2450 0.0042 -0.9695
vn -0.2695 0.0494 -0.9617
vn 0.1056 0.9847 0.1382
vn 0.0543 0.9982 0.0240
vn 0.1360 0.9689 0.2067
vn 0.0193 0.9984 -0.0532
vn -0.0363 -0.3347 0.9416
vn -0.0323 -0.3352 0.9416
vn -0.0410 -0.3341 0.9416
vn -0.0274 -0.3359 0.9415
vn -0.3927 -0.9092 0.1381
vn -0.3831 -0.9119 0.1471
vn -0.3480 -0.9201 0.1794
vn -0.4310 -0.8967 0.1010
vn -0.3355 -0.5194 -0.7859
vn -0.3371 -0.5163 -0.7873
vn -0.3614 -0.4668 -0.8072
vn -0.3176 -0.5532 -0.7701
vn 0.1075 0.9713 -0.2123
vn 0.1133 0.9658 -0.2329
vn 0.1157 0.9635 -0.2413
vn 0.1053 0.9731 -0.2046
vn -0.1968 -0.9803 -0.0148
vn -0.1388 -0.9887 -0.0568
vn -0.0422 -0.9912 -0.1249
vn -0.2809 -0.9585 0.0475
vn -0.3917 -0.5966 -0.7004
vn -0.3799 -0.5922 -0.7106
vn -0.3180 -0.5672 -0.7597
vn -0.4378 -0.6127 -0.6580
vn 0.9821 -0.1612 -0.0975
vn 0.9829 -0.1432 -0.1153
vn 0.9632 -0.2683 0.0120
vn 0.9763 -0.0423 -0.2120
vn 0.4750 -0.1022 -0.8740
vn 0.4647 -0.1147 -0.8780
vn 0.5387 -0.0204 -0.8422
vn 0.3868 -0.2035 -0.8994
vn -0.6033 -0.1834 -0.7761
vn -0.5971 -0.1856 -0.7804
vn -0.4866 -0.2217 -0.8450
vn -0.7575 -0.1184 -0.6420
vn -0.0186 -0.2440 0.9696
vn 0.0355 -0.2743 0.9610
vn -0.1507 -0.1659 0.9745
vn 0.1291 -0.3243 0.9371
vn 0.8791 0.4311 -0.2034
vn 0.8792 0.4269 -0.2113
vn 0.8793 0.4124 -0.2381
vn 0.8780 0.4439 -0.1787
vn 0.4745 0.4194 -0.7739
vn 0.4758 0.4187 -0.7735
vn 0.5087 0.3985 -0.7631
vn 0.4363 0.4415 -0.7841
vn 0.7400 0.6702 -0.0559
vn 0.7577 0.6509 -0.0464
vn 0.8105 0.5855 -0.0159
vn 0.6803 0.7279 -0.0856
vn 0.3816 0.5219 -0.7629
vn 0.3812 0.5165 -0.7667
vn 0.3825 0.5329 -0.7548
vn 0.3801 0.5036 -0.7758
vn 0.1619 -0.3269 0.9311
vn 0.1646 -0.3540 0.9206
vn 0.1676 -0.3857 0.9073
vn 0.1591 -0.2992 0.9408
vn -0.1251 -0.9917 -0.0288
vn -0.1736 -0.9848 0.0041
vn -0.2376 -0.9702 0.0481
vn -0.0685 -0.9954 -0.0668
vn -0.2343 -0.7067 -0.6676
vn -0.2207 -0.7023 -0.6768
vn -0.1995 -0.6949 -0.6908
vn -0.2595 -0.7145 -0.6497
vn 0.7277 0.6826 0.0676
vn 0.7185 0.6900 0.0877
vn 0.7581 0.6520 -0.0068
vn 0.6868 0.7110 0.1510
vn 0.3588 0.6663 -0.6537
vn 0.3383 0.6749 -0.6558
vn 0.2580 0.7049 -0.6607
vn 0.4405 0.6277 -0.6418
vn 0.3216 -0.9359 0.1436
vn 0.3204 -0.9370 0.1390
vn 0.3164 -0.9404 0.1246
vn 0.3252 -0.9326 0.1567
vn -0.3736 0.1015 0.9220
vn -0.3746 0.1047 0.9212
vn -0.3754 0.1076 0.9206
vn -0.3729 0.0990 0.9225
vn -0.1090 0.8952 -0.4321
vn -0.1093 0.8952 -0.4320
vn -0.1073 0.8952 -0.4325
vn -0.1109 0.8952 -0.4315
vn -0.3756 0.8425 0.3862
vn -0.3825 0.8385 0.3882
vn -0.3466 0.8586 0.3776
vn -0.4111 0.8209 0.3963
vn -0.3506 0.0738 0.9336
vn -0.3460 0.0723 0.9354
vn -0.3532 0.0747 0.9325
vn -0.3436 0.0715 0.9364
vn 0.2051 0.4761 0.8551
vn 0.2044 0.5079 0.8368
vn 0.2007 0.6048 0.7706
vn 0.2052 0.3786 0.9025
vn 0.1171 -0.9927 -0.0291
vn 0.1229 -0.9919 -0.0320
vn 0.0913 -0.9957 -0.0163
vn 0.1485 -0.9879 -0.0448
vn -0.2772 -0.8524 -0.4433
vn -0.2882 -0.8490 -0.4428
vn -0.3795 -0.8161 -0.4357
vn -0.1753 -0.8778 -0.4458
vn -0.1018 -0.6962 0.7105
vn -0.1090 -0.6942 0.7114
vn -0.1639 -0.6774 0.7171
vn -0.0514 -0.7093 0.7030
vn 0.1732 0.8459 0.5044
vn 0.1691 0.8519 0.4956
vn 0.2219 0.7628 0.6073
vn 0.1241 0.9090 0.3978
vn 0.3274 0.9314 -0.1588
vn 0.3135 0.9379 -0.1485
vn 0.2729 0.9547 -0.1187
vn 0.3676 0.9106 -0.1887
vn 0.0552 -0.2772 0.9592
vn 0.1407 -0.3491 0.9265
vn 0.0205 -0.2471 0.9687
vn 0.1876 -0.3872 0.9027
vn 0.3321 -0.4968 -0.8018
vn 0.3245 -0.5047 -0.7999
vn 0.3703 -0.4555 -0.8095
vn 0.2720 -0.5566 -0.7850
vn 0.6010 -0.7499 0.2763
vn 0.6011 -0.7499 0.2762
vn 0.6010 -0.7499 0.2764
vn 0.6011 -0.7499 0.2761
vn 0.3473 -0.7828 -0.5163
vn 0.3473 -0.7829 -0.5162
vn 0.3474 -0.7826 -0.5166
vn 0.3473 -0.7831 -0.5159
vn 0.2323 -0.6767 -0.6986
vn 0.2251 -0.6464 -0.7291
vn 0.2381 -0.7014 -0.6718
vn 0.2191 -0.6216 -0.7521
vn 0.1233 -0.6782 -0.7244
vn 0.1240 -0.6746 -0.7277
vn 0.1212 -0.6901 -0.7135
vn 0.1268 -0.6584 -0.7419
vn 0.3299 -0.9422 0.0588
vn 0.3290 -0.9427 0.0557
vn 0.3254 -0.9445 0.0442
vn 0.3334 -0.9402 0.0703
vn 0.0617 -0.5256 -0.8484
vn 0.0638 -0.5557 -0.8289
vn 0.0561 -0.4471 -0.8927
vn 0.0688 -0.6306 -0.7730
vn -0.5637 0.2850 0.7752
vn -0.5537 0.2503 0.7942
vn -0.5477 0.2308 0.8042
vn -0.5692 0.3056 0.7632
vn 0.6543 0.7561 -0.0074
vn 0.6570 0.7538 -0.0078
vn 0.6302 0.7764 -0.0041
vn 0.6895 0.7242 -0.0125
vn -0.0178 0.9228 -0.3847
vn -0.0180 0.9228 -0.3847
vn -0.0176 0.9228 -0.3848
vn 0.3339 -0.4821 -0.8100
vn 0.3409 -0.4855 -0.8050
vn 0.3077 -0.4689 -0.8278
vn 0.3688 -0.4990 -0.7841
vn 0.0116 -0.6434 0.7655
vn 0.0098 -0.6463 0.7630
vn -0.0153 -0.6844 0.7289
vn 0.0269 -0.6191 0.7848
vn -0.0289 0.7913 0.6108
vn -0.0265 0.7907 0.6116
vn -0.0320 0.7919 0.6097
vn -0.0229 0.7899 0.6128
vn -0.1951 0.9161 0.3501
vn -0.2102 0.9105 0.3560
vn -0.3317 0.8541 0.4005
vn -0.0765 0.9505 0.3010
vn 0.0352 0.9612 -0.2734
vn 0.0305 0.9578 -0.2857
vn 0.0685 0.9803 -0.1849
vn -0.0057 0.9258 -0.3778
vn -0.2351 0.8644 0.4443
vn -0.2360 0.8649 0.4429
vn -0.2434 0.8689 0.4310
vn -0.2269 0.8599 0.4573
vn -0.6229 -0.6303 0.4633
vn -0.5913 -0.6752 0.4409
vn -0.6494 -0.5882 0.4819
vn -0.5600 -0.7148 0.4188
vn 0.1918 -0.8986 -0.3947
vn 0.1843 -0.8977 -0.4001
vn 0.1711 -0.8961 -0.4095
vn 0.2037 -0.8997 -0.3860
vn 0.1248 0.5581 0.8203
vn 0.1245 0.5581 0.8203
vn 0.1003 0.5613 0.8215
vn 0.1482 0.5546 0.8188
vn -0.0754 0.8285 0.5548
vn -0.0713 0.8279 0.5562
vn -0.0851 0.8299 0.5513
vn -0.0619 0.8265 0.5595
vn -0.0716 0.9078 -0.4132
vn -0.0717 0.9077 -0.4133
vn -0.0716 0.9079 -0.4130
vn -0.0717 0.9077 -0.4135
vn -0.9628 0.2701 0.0009
vn -0.9628 0.2702 0.0009
vn -0.9629 0.2699 0.0011
vn -0.9627 0.2704 0.0007
vn -0.3746 0.8635 0.3376
vn -0.3704 0.8617 0.3468
vn -0.3928 0.8706 0.2963
vn -0.3508 0.8523 0.3880
vn -0.1063 0.9192 -0.3791
vn -0.0960 0.9187 -0.3830
vn -0.0472 0.9150 -0.4006
vn -0.1515 0.9200 -0.3615
vn 0.7049 0.2159 -0.6756
vn 0.7065 0.2165 -0.6738
vn 0.6905 0.2102 -0.6920
vn 0.7201 0.2219 -0.6573
vn 0.0799 0.7020 0.7076
vn 0.0816 0.6945 0.7148
vn 0.0854 0.6776 0.7305
vn 0.0771 0.7137 0.6961
vn 0.1460 0.6677 0.7299
vn 0.1449 0.6681 0.7299
vn 0.1474 0.6673 0.7301
vn 0.1440 0.6683 0.7298
vn -0.9718 -0.2357 0.0026
vn -0.9719 -0.2353 0.0023
vn -0.9716 -0.2363 0.0030
vn -0.9720 -0.2347 0.0018
vn 0.7038 0.3092 -0.6396
vn 0.7004 0.3195 -0.6382
vn 0.6625 0.4198 -0.6204
vn 0.7310 0.2117 -0.6487
vn 0.6444 -0.7645 0.0149
vn 0.6597 -0.7515 -0.0066
vn 0.4055 -0.8696 0.2817
vn 0.7680 -0.6107 -0.1928
vn -0.3335 0.0405 0.9419
vn -0.3803 0.0594 0.9229
vn -0.3158 0.0335 0.9482
vn -0.4001 0.0674 0.9140
vn -0.3389 0.8437 0.4164
vn -0.3325 0.8481 0.4124
vn -0.3167 0.8589 0.4024
vn -0.3544 0.8324 0.4260
vn 0.3435 -0.9223 0.1768
vn 0.3705 -0.9164 0.1511
vn 0.3280 -0.9251 0.1912
vn 0.3899 -0.9113 0.1322
vn -0.5364 0.8166 0.2128
vn -0.5249 0.8250 0.2092
vn -0.5759 0.7859 0.2250
vn -0.4904 0.8486 0.1985
vn -0.2032 0.8881 -0.4122
vn -0.1996 0.8886 -0.4129
vn -0.2237 0.8849 -0.4084
vn -0.1754 0.8918 -0.4171
vn -0.2030 -0.8782 -0.4331
vn -0.2041 -0.8854 -0.4176
vn -0.2061 -0.8992 -0.3859
vn -0.1994 -0.8550 -0.4786
vn 0.4130 -0.8791 0.2378
vn 0.4569 -0.8646 0.2089
vn 0.4694 -0.8599 0.2004
vn 0.1428 -0.9111 0.3865
vn 0.2982 -0.9367 -0.1835
vn 0.3481 -0.9080 -0.2330
vn 0.4223 -0.8526 -0.3079
vn 0.2134 -0.9717 -0.1007
vn -0.5810 0.2286 0.7812
vn -0.5879 0.2730 0.7614
vn -0.5962 0.3441 0.7253
vn -0.5686 0.1639 0.8061
vn -0.4226 0.1429 0.8950
vn -0.4295 0.1420 0.8918
vn -0.2980 0.1577 0.9414
vn -0.5312 0.1270 0.8376
vn 0.4946 -0.5966 0.6319
vn 0.9173 0.3891 0.0841
vn 0.2310 0.2456 -0.9414
vn -0.3293 0.1276 0.9355
vn 0.2759 0.2210 -0.9354
vn 0.2846 0.1659 -0.9442
vn -0.4085 0.0325 0.9122
vn 0.4730 0.8698 0.1400
vn 0.9999 -0.0026 0.0093
vn 0.5670 0.8189 -0.0883
vn -0.7087 -0.5130 0.4843
vn -0.0070 0.1578 0.9874
vn -0.0066 0.2037 -0.9790
vn 0.0802 0.2480 -0.9654
vn -0.0278 0.1534 0.9878
vn 0.1204 0.2000 -0.9724
vn 0.0043 0.1893 0.9819
vn 0.0939 0.1416 -0.9854
vn 0.1024 0.1965 0.9751
vn 0.1807 0.1724 -0.9683
vn 0.3397 -0.9391 0.0510
vn 0.5039 -0.7596 -0.4112
vn 0.0803 0.2089 0.9746
vn -0.1089 0.1889 0.9759
vn 0.2367 0.1133 0.9649
vn 0.6711 -0.0681 -0.7382
vn 0.5330 -0.8337 -0.1443
vn 0.1828 -0.5622 -0.8065
vn 0.3419 0.0606 0.9377
vn 0.4507 -0.4884 -0.7472
vn 0.2508 0.1536 -0.9557
vn 0.3214 0.1566 -0.9339
vn -0.0944 -0.5073 0.8565
vn 0.5561 -0.4640 -0.6895
vn -0.6260 -0.4570 0.6319
vn -0.7639 -0.4640 0.4484
vn 0.5517 0.8326 -0.0497
vn 0.5920 0.7443 0.3090
vn -0.6390 -0.7483 0.1778
vn -0.2704 -0.7848 0.5577
vn 0.4281 0.0755 0.9006
vn -0.7315 -0.5339 0.4240
vn -0.0422 -0.9924 0.1155
vn -0.5123 -0.6227 0.5914
vn 0.1208 -0.2681 0.9557
vn -0.4587 -0.3624 -0.8113
vn 0.6273 0.7640 0.1509
vn 0.5774 0.8157 -0.0347
vn 0.3792 -0.0871 0.9212
vn 0.6292 0.1903 -0.7535
vn 0.0258 -0.1516 0.9881
vn -0.1646 -0.9686 -0.1862
vn -0.5035 -0.6269 0.5946
vn 0.8986 0.2796 0.3381
vn 0.9084 0.0825 -0.4097
vn -0.2192 0.2582 0.9409
vn -0.0499 -0.0675 0.9965
vn 0.4035 -0.4892 -0.7732
vn 0.0563 -0.6425 0.7642
vn 0.0070 -0.5747 0.8183
vn 0.5742 0.4687 0.6712
vn 0.5930 -0.5189 -0.6156
vn 0.4522 -0.8830 0.1257
vn 0.2889 0.3826 -0.8776
vn 0.0350 -0.0403 0.9986
vn 0.1496 0.2617 -0.9535
vn 0.6704 0.5181 0.5312
vn 0.1461 -0.5419 0.8276
vn 0.0177 -0.6488 0.7607
vn 0.7566 -0.4389 -0.4847
vn 0.3799 0.3009 -0.8747
vn -0.2614 -0.9587 -0.1119
vn -0.1916 -0.9049 -0.3799
vn -0.5813 -0.6537 0.4845
vn 0.6135 0.5915 0.5231
vn 0.7243 0.1898 -0.6628
vn 0.5983 0.6184 0.5096
vn 0.8299 0.2665 -0.4902
vn -0.2151 -0.9545 -0.2063
vn -0.2308 -0.9354 -0.2677
vn 0.7709 0.2950 -0.5645
vn 0.5209 -0.1182 0.8454
vn -0.2953 0.0207 -0.9551
vn -0.4460 -0.8498 0.2810
vn -0.6232 -0.1771 -0.7617
vn 0.9220 -0.3871 0.0038
vn 0.5422 0.0824 0.8362
vn 0.1462 -0.5852 0.7975
vn 0.5075 -0.8202 0.2639
vn -0.0566 0.5947 -0.8019
vn 0.2096 -0.8676 -0.4508
vn -0.0729 0.4382 -0.8959
vn 0.6246 -0.7809 -0.0042
vn -0.1544 0.9866 -0.0526
vn -0.0140 0.8635 -0.5042
vn -0.0656 0.9679 -0.2424
vn 0.1545 0.8248 -0.5439
vn 0.1241 0.0489 0.9910
vn 0.6998 -0.5396 0.4681
vn 0.8713 -0.4811 0.0965
vn 0.7285 -0.4559 0.5112
vn 0.8091 -0.5810 0.0880
vn 0.1249 0.5216 -0.8440
vn 0.3680 0.9298 -0.0058
vn 0.1332 0.9907 0.0262
vn -0.5357 0.2443 0.8083
vn -0.8245 0.3474 -0.4465
vn -0.8473 0.2804 0.4511
vn 0.1255 0.2124 -0.9691
vn 0.1003 0.1938 -0.9759
vn 0.2030 0.3917 -0.8974
vn 0.3675 0.8929 0.2600
vn 0.1615 0.9828 -0.0898
vn 0.1622 0.9000 -0.4046
vn 0.5934 0.7579 -0.2709
vn 0.0407 -0.9362 0.3490
vn -0.7661 0.0582 -0.6401
vn 0.4100 -0.5824 0.7019
vn 0.1064 0.5196 -0.8477
vn -0.0660 -0.9971 -0.0364
vn 0.7628 -0.4671 0.4470
vn 0.0899 0.7844 0.6136
vn 0.1649 0.9086 -0.3838
vn -0.1736 0.9802 0.0952
vn -0.7670 0.4647 -0.4424
vn -0.8614 -0.2727 -0.4286
vn -0.1205 -0.1230 -0.9850
vn 0.5327 -0.7074 0.4646
vn 0.6438 -0.7649 0.0202
vn -0.7718 -0.6315 0.0744
vn -0.7604 -0.6410 -0.1043
vn -0.8972 0.2612 -0.3561
vn -0.8125 -0.5829 0.0038
vn -0.0222 0.9312 0.3638
vn -0.1278 0.9124 0.3887
vn -0.9035 0.2532 0.3457
vn 0.0993 0.3806 0.9194
vn -0.5343 -0.4338 -0.7255
vn 0.1429 -0.6949 0.7048
vn 0.5490 0.0555 0.8340
vn -0.3279 0.0649 -0.9424
vn -0.5329 0.6648 0.5234
vn -0.1467 0.7004 -0.6985
vn -0.1734 0.6099 -0.7733
vn 0.2194 -0.0693 0.9731
vn 0.2121 -0.8415 -0.4967
vn -0.0681 -0.2497 0.9659
vn -0.3262 0.6073 0.7244
vn -0.3660 -0.9064 -0.2108
vn 0.3761 0.0487 0.9253
vn 0.8024 -0.2991 -0.5163
vn 0.1629 -0.8604 -0.4829
vn 0.2249 -0.9741 0.0246
vn 0.6600 -0.0772 0.7472
vn -0.9379 -0.3089 0.1578
vn 0.3402 -0.9349 0.1005
vn 0.9870 0.1148 0.1121
vn 0.2564 0.0687 0.9641
vn 0.4170 0.0995 -0.9034
vn -0.6750 0.7378 0.0005
vn -0.4624 -0.8704 -0.1689
vn 0.1335 -0.9891 -0.0612
vn 0.2655 0.7545 -0.6001
vn 0.6076 0.7821 -0.1383
vn 0.1827 0.7673 -0.6147
vn 0.3090 0.1739 0.9350
vn -0.3884 0.6874 -0.6136
vn 0.3386 0.8454 -0.4130
vn 0.5666 -0.8183 0.0966
vn 0.4444 -0.8957 0.0125
vn -0.2936 0.9233 -0.2477
vn 0.3313 -0.9431 -0.0283
vn 0.8357 -0.5443 -0.0725
vn -0.3831 0.9237 0.0004
vn 0.3741 -0.9214 -0.1048
vn 0.3238 0.9361 -0.1372
vn -0.4753 0.6236 0.6206
vn -0.0425 -0.9958 -0.0806
vn 0.2149 0.9376 0.2734
vn -0.2873 0.6962 0.6578
vn 0.7451 0.4509 0.4914
vn -0.3403 0.1240 0.9321
vn -0.2998 0.0527 0.9525
vn -0.4390 0.1971 0.8766
vn 0.4218 0.3202 -0.8482
vn 0.2465 0.3747 -0.8937
vn 0.3309 0.2366 -0.9135
vn 0.8404 -0.3302 0.4297
vn 0.7567 0.6537 -0.0030
vn -0.4349 0.1455 0.8886
vn 0.1362 -0.1419 0.9805
vn 0.6620 0.2010 -0.7220
vn 0.2846 -0.5184 0.8064
vn 0.7928 -0.5414 -0.2798
vn -0.3666 0.1037 0.9246
vn -0.3459 0.1288 0.9294
vn 0.2558 0.2692 -0.9285
vn 0.1176 0.9662 -0.2291
vn 0.8937 -0.3660 -0.2593
vn 0.5925 -0.7805 0.1993
vn 0.0378 -0.8568 -0.5142
vn 0.5780 -0.7473 0.3279
vn 0.2137 -0.9707 -0.1100
vn 0.5820 -0.7530 0.3071
vn -0.5634 0.0539 0.8244
vn -0.4667 0.2187 0.8570
vn -0.2575 0.3275 0.9091
vn -0.0969 -0.9903 -0.0996
vn 0.2098 -0.9727 -0.0992
vn 0.9078 -0.3551 -0.2232
vn 0.7457 0.1926 -0.6379
vn 0.9324 -0.2534 -0.2577
vn 0.2615 0.2546 0.9310
vn 0.3030 0.1507 0.9410
vn -0.0226 -0.0227 -0.9995
vn -0.1420 0.0031 -0.9898
vn -0.1884 0.0411 -0.9812
vn 0.6184 -0.3734 0.6914
vn -0.1442 -0.2724 -0.9513
vn 0.1111 -0.7652 0.6341
vn -0.2965 -0.8363 -0.4610
vn 0.5624 -0.1076 0.8198
vn 0.4089 0.0623 0.9104
vn -0.2940 0.0786 -0.9525
vn 0.4713 -0.1141 0.8745
vn 0.1763 -0.3174 -0.9318
vn 0.3270 -0.4868 0.8100
vn 0.1207 -0.8235 -0.5542
vn 0.2622 0.2537 0.9310
vn 0.3012 0.2276 0.9260
vn -0.1335 0.0311 -0.9905
vn -0.2089 -0.5651 -0.7981
vn 0.0607 -0.6255 0.7778
vn 0.1674 0.1863 0.9681
vn -0.1789 0.1087 -0.9778
vn -0.1477 -0.2457 -0.9580
vn -0.3249 -0.6368 -0.6992
vn 0.6273 -0.3011 0.7181
vn 0.1649 0.1217 -0.9788
vn 0.0736 -0.0553 -0.9957
vn 0.0450 -0.6831 -0.7289
vn 0.2321 0.1444 -0.9619
vn 0.1029 0.1506 -0.9832
vn 0.0791 0.2483 -0.9654
vn 0.8978 -0.4293 0.0980
vn 0.7454 0.5138 -0.4248
vn -0.1256 0.3306 0.9354
vn 0.1310 0.2094 0.9690
vn 0.4500 0.0162 -0.8929
vn 0.3586 -0.4479 0.8190
vn 0.5717 -0.6379 -0.5159
vn -0.0480 0.1133 0.9924
vn 0.0278 0.1373 0.9901
vn 0.0181 0.1674 -0.9857
vn 0.1895 -0.4784 -0.8574
vn 0.0999 -0.4978 0.8615
vn 0.0783 0.2040 0.9758
vn 0.0423 -0.4069 0.9125
vn -0.0284 -0.3470 0.9374
vn 0.9649 0.0229 0.2614
vn 0.3499 -0.9337 -0.0758
vn -0.0539 -0.9827 0.1769
vn 0.0119 -0.1037 -0.9945
vn 0.3074 0.1422 0.9409
vn -0.1129 0.0074 -0.9936
vn 0.2014 0.2165 0.9553
vn -0.1601 0.0363 -0.9864
vn 0.2820 0.2495 0.9264
vn -0.1508 0.0146 -0.9884
vn -0.0839 0.0368 -0.9958
vn 0.3138 0.2508 0.9157
vn 0.3269 -0.6830 0.6531
vn -0.9567 -0.1504 0.2492
vn -0.2539 0.6420 0.7233
vn -0.3595 0.6734 -0.6459
vn -0.9120 -0.2126 -0.3507
vn -0.5713 -0.8151 0.0961
vn -0.8569 0.3136 0.4090
vn -0.9146 -0.2224 0.3376
vn 0.0822 0.7861 0.6125
vn 0.2939 0.8071 -0.5120
vn -0.2753 0.7013 0.6575
vn -0.1777 -0.0327 -0.9835
vn 0.7742 -0.4587 0.4361
vn -0.2736 0.4203 -0.8651
vn -0.6918 0.3943 0.6049
vn -0.6086 0.3535 0.7104
vn 0.8299 -0.5426 -0.1296
vn -0.2337 0.6069 0.7596
vn -0.2223 -0.0136 -0.9749
vn 0.6572 0.2681 0.7044
vn 0.3436 0.9192 -0.1921
vn 0.3849 0.9150 -0.1206
vn -0.2252 -0.0153 -0.9742
vn 0.1930 0.9579 0.2122
vn 0.5347 0.2388 0.8105
vn -0.2634 0.0947 -0.9600
vn -0.0503 0.6435 0.7638
vn -0.7775 0.1751 0.6040
vn -0.2745 0.1650 0.9473
vn -0.8423 -0.4091 0.3507
vn 0.0439 0.7999 -0.5985
vn -0.0055 0.8636 -0.5041
vn 0.3711 0.1178 0.9211
vn -0.0710 -0.6694 -0.7395
vn -0.3009 0.0435 -0.9526
vn 0.5307 -0.0270 0.8471
vn -0.3215 0.1138 -0.9400
vn 0.4326 -0.0078 0.9015
vn -0.2969 0.1767 -0.9384
vn -0.3782 0.1936 -0.9052
vn 0.5593 0.0556 0.8271
vn 0.0909 -0.7953 0.5993
vn 0.6102 -0.6176 -0.4962
vn 0.5301 0.0793 0.8442
vn 0.5340 -0.0320 0.8449
vn -0.2967 -0.0487 -0.9537
vn -0.3127 0.0471 -0.9487
vn -0.2987 0.1787 -0.9375
vn 0.1321 -0.9795 -0.1518
vn 0.3775 -0.2839 -0.8814
vn -0.4465 -0.8639 0.2331
vn 0.5381 -0.7627 0.3588
vn 0.3739 -0.9257 -0.0573
vn 0.7504 -0.5636 0.3451
vn -0.1737 0.5893 0.7890
vn -0.1246 0.4297 0.8943
vn 0.0486 0.3624 0.9307
vn -0.1032 0.0982 0.9898
vn -0.2352 0.5011 0.8328
vn 0.0621 0.5343 0.8430
vn -0.6504 0.7595 -0.0132
vn -0.7636 0.5143 0.3903
vn -0.8401 -0.3245 -0.4346
usemtl m0
s 1
f 1550/1/1 403/2/2 1567/3/3
f 403/2/2 1550/1/1 440/4/4
f 1053/5/5 942/6/6 1048/7/7
f 942/6/6 1053/5/5 931/8/8
f 1018/9/9 984/10/10 979/11/11
f 984/10/10 1018/9/9 1001/12/12
f 994/13/13 980/14/14 989/15/15
f 980/14/14 994/13/13 1019/16/16
f 1039/17/17 949/18/18 943/19/19
f 949/18/18 1039/17/17 1029/20/20
f 944/21/21 1043/22/22 1040/23/23
f 1043/22/22 944/21/21 932/24/24
f 933/25/25 1034/26/26 1044/27/27
f 1034/26/26 933/25/25 938/28/28
f 1118/29/29 1109/30/30 1105/31/31
f 1109/30/30 1118/29/29 1112/32/32
f 1119/33/33 1080/34/34 1113/35/35
f 1080/34/34 1119/33/33 1077/36/36
f 1127/37/37 1090/38/38 1121/39/39
f 1090/38/38 1127/37/37 1087/40/40
f 1137/41/41 1100/42/42 1096/43/43
f 1100/42/42 1137/41/41 1131/44/44
f 1110/45/45 1141/46/46 1146/47/47
f 1141/46/46 1110/45/45 1114/48/48
f 1081/49/49 1142/50/50 1115/51/51
f 1142/50/50 1081/49/49 1150/52/52
f 1158/53/53 1143/54/54 1153/55/55
f 1143/54/54 1158/53/53 1147/56/56
f 1164/57/57 1144/58/58 1151/59/59
f 1144/58/58 1164/57/57 1154/60/60
f 1138/61/61 1167/62/62 1132/63/63
f 1167/62/62 1138/61/61 1267/64/64
f 1211/65/65 1197/66/66 1202/67/67
f 1197/66/66 1211/65/65 1205/68/68
f 1219/69/69 1198/70/70 1206/71/71
f 1198/70/70 1219/69/69 1215/72/72
f 1229/73/73 1199/74/74 1224/75/75
f 1199/74/74 1229/73/73 1203/76/76
f 1235/77/77 1200/78/78 1216/79/79
f 1200/78/78 1235/77/77 1225/80/80
f 1172/81/81 1128/82/82 1122/83/83
f 1128/82/82 1172/81/81 1273/84/84
f 1133/85/85 1092/86/86 1102/87/87
f 1092/86/86 1133/85/85 1123/88/88
f 1173/89/89 1134/90/90 1169/91/91
f 1134/90/90 1173/89/89 1124/92/92
f 1207/93/93 1161/94/94 1155/95/95
f 1161/94/94 1207/93/93 1213/96/96
f 1221/97/97 1156/98/98 1166/99/99
f 1156/98/98 1221/97/97 1208/100/100
f 612/101/101 583/102/102 330/103/103
f 583/102/102 612/101/101 622/104/104
f 796/105/105 714/106/106 703/107/107
f 714/106/106 796/105/105 786/108/108
f 704/109/109 800/110/110 797/111/111
f 800/110/110 704/109/109 682/112/112
f 683/113/113 793/114/114 801/115/115
f 793/114/114 683/113/113 695/116/116
f 603/117/117 228/118/118 593/119/119
f 228/118/118 603/117/117 266/120/120
f 874/121/121 865/122/122 861/123/123
f 865/122/122 874/121/121 868/124/124
f 875/125/125 836/126/126 869/127/127
f 836/126/126 875/125/125 833/128/128
f 883/129/129 846/130/130 878/131/131
f 846/130/130 883/129/129 843/132/132
f 893/133/133 856/134/134 852/135/135
f 856/134/134 893/133/133 888/136/136
f 866/137/137 897/138/138 902/139/139
f 897/138/138 866/137/137 870/140/140
f 837/141/141 898/142/142 871/143/143
f 898/142/142 837/141/141 906/144/144
f 916/145/145 899/146/146 911/147/147
f 899/146/146 916/145/145 903/148/148
f 921/149/149 900/150/150 907/151/151
f 900/150/150 921/149/149 912/152/152
f 1038/153/153 928/154/154 924/155/155
f 928/154/154 1038/153/153 1042/156/156
f 894/157/157 925/158/158 889/159/159
f 925/158/158 894/157/157 1030/160/160
f 222/161/161 602/162/162 592/163/163
f 602/162/162 222/161/161 446/164/164
f 969/165/165 953/166/166 959/167/167
f 953/166/166 969/165/165 963/168/168
f 978/169/169 954/170/170 964/171/171
f 954/170/170 978/169/169 972/172/172
f 987/173/173 955/174/174 981/175/175
f 955/174/174 987/173/173 960/176/176
f 992/177/177 956/178/178 973/179/179
f 956/178/178 992/177/177 982/180/180
f 930/181/181 884/182/182 879/183/183
f 884/182/182 930/181/181 1036/184/184
f 444/185/185 609/186/186 601/187/187
f 609/186/186 444/185/185 618/188/188
f 890/189/189 848/190/190 858/191/191
f 848/190/190 890/189/189 880/192/192
f 1049/193/193 552/194/194 1054/195/195
f 552/194/194 1049/193/193 564/196/196
f 927/197/197 887/198/198 923/199/199
f 887/198/198 927/197/197 877/200/200
f 961/201/201 914/202/202 909/203/203
f 914/202/202 961/201/201 965/204/204
f 975/205/205 910/206/206 918/207/207
f 910/206/206 975/205/205 962/208/208
f 1285/209/209 532/210/210 1291/211/211
f 532/210/210 1285/209/209 542/212/212
f 1470/213/213 1441/214/214 1465/215/215
f 1441/214/214 1470/213/213 1444/216/216
f 1475/217/217 1442/218/218 1457/219/219
f 1442/218/218 1475/217/217 1466/220/220
f 199/221/221 1631/222/222 11/223/223
f 1631/222/222 199/221/221 217/224/224
f 707/225/225 158/226/226 699/227/227
f 158/226/226 707/225/225 209/228/228
f 1414/229/229 1368/230/230 1364/231/231
f 1368/230/230 1414/229/229 1510/232/232
f 198/233/233 157/234/234 208/235/235
f 157/234/234 198/233/233 110/236/236
f 10/237/237 109/238/238 197/239/239
f 109/238/238 10/237/237 35/240/240
f 189/241/241 1594/242/242 1573/243/243
f 1594/242/242 189/241/241 1627/244/244
f 1375/245/245 1334/246/246 1343/247/247
f 1334/246/246 1375/245/245 1365/248/248
f 80/249/249 456/250/250 130/251/251
f 456/250/250 80/249/249 817/252/252
f 1415/253/253 1376/254/254 1411/255/255
f 1376/254/254 1415/253/253 1366/256/256
f 1449/257/257 1403/258/258 1397/259/259
f 1403/258/258 1449/257/257 1454/260/260
f 1463/261/261 1398/262/262 1407/263/263
f 1398/262/262 1463/261/261 1450/264/264
f 1516/265/265 1416/266/266 1412/267/267
f 1416/266/266 1516/265/265 1520/268/268
f 1531/269/269 1431/270/270 1525/271/271
f 1431/270/270 1531/269/269 1420/272/272
f 1311/273/273 1473/274/274 1467/275/275
f 1473/274/274 1311/273/273 1483/276/276
f 1309/277/277 1468/278/278 1477/279/279
f 1468/278/278 1309/277/277 1312/280/280
f 805/281/281 78/282/282 67/283/283
f 78/282/282 805/281/281 815/284/284
f 51/285/285 1528/286/286 60/287/287
f 1528/286/286 51/285/285 1534/288/288
f 59/289/289 42/290/290 50/291/291
f 42/290/290 59/289/289 33/292/292
f 21/293/293 32/294/294 9/295/295
f 32/294/294 21/293/293 41/296/296
f 1616/297/297 1603/298/298 1609/299/299
f 1603/298/298 1616/297/297 1583/300/300
f 1587/301/301 1544/302/302 1582/303/303
f 1544/302/302 1587/301/301 1549/304/304
f 1576/305/305 1560/306/306 1566/307/307
f 1560/306/306 1576/305/305 1571/308/308
f 1418/309/309 1508/310/310 1518/311/311
f 1508/310/310 1418/309/309 1422/312/312
f 1429/313/313 1517/314/314 1514/315/315
f 1517/314/314 1429/313/313 1417/316/316
f 1279/317/317 1174/318/318 1170/319/319
f 1174/318/318 1279/317/317 1283/320/320
f 1295/321/321 1189/322/322 1289/323/323
f 1189/322/322 1295/321/321 1178/324/324
f 1258/325/325 1231/326/326 1226/327/327
f 1231/326/326 1258/325/325 1073/328/328
f 1237/329/329 1223/330/330 1232/331/331
f 1223/330/330 1237/329/329 1259/332/332
f 1600/333/333 311/334/334 291/335/335
f 311/334/334 1600/333/333 259/336/336
f 1557/337/337 1569/338/338 1540/339/339
f 1569/338/338 1557/337/337 1552/340/340
f 1308/341/341 52/342/342 1621/343/343
f 52/342/342 1308/341/341 1536/344/344
f 452/345/345 1588/346/346 432/347/347
f 1588/346/346 452/345/345 441/348/348
f 1276/349/349 1192/350/350 1186/351/351
f 1192/350/350 1276/349/349 1266/352/352
f 1187/353/353 1280/354/354 1277/355/355
f 1280/354/354 1187/353/353 1175/356/356
f 1176/357/357 1271/358/358 1281/359/359
f 1271/358/358 1176/357/357 1180/360/360
f 423/361/361 1578/362/362 404/363/363
f 1578/362/362 423/361/361 411/364/364
f 302/365/365 269/366/366 320/367/367
f 269/366/366 302/365/365 251/368/368
f 310/369/369 250/370/370 301/371/371
f 250/370/370 310/369/369 258/372/372
f 1358/373/373 1350/374/374 1346/375/375
f 1350/374/374 1358/373/373 1354/376/376
f 1359/377/377 1321/378/378 1355/379/379
f 1321/378/378 1359/377/377 1317/380/380
f 1367/381/381 1332/382/382 1363/383/383
f 1332/382/382 1367/381/381 1327/384/384
f 1377/385/385 1341/386/386 1337/387/387
f 1341/386/386 1377/385/385 1373/388/388
f 1351/389/389 1383/390/390 1387/391/391
f 1383/390/390 1351/389/389 1356/392/392
f 1322/393/393 1384/394/394 1357/395/395
f 1384/394/394 1322/393/393 1391/396/396
f 1400/397/397 1385/398/398 1395/399/399
f 1385/398/398 1400/397/397 1388/400/400
f 1404/401/401 1386/402/402 1392/403/403
f 1386/402/402 1404/401/401 1396/404/404
f 1378/405/405 1409/406/406 1374/407/407
f 1409/406/406 1378/405/405 1504/408/408
f 249/409/409 227/410/410 267/411/411
f 227/410/410 249/409/409 219/412/412
f 257/413/413 218/414/414 248/415/415
f 218/414/414 257/413/413 1632/416/416
f 1453/417/417 1439/418/418 1443/419/419
f 1439/418/418 1453/417/417 1447/420/420
f 1461/421/421 1440/422/422 1448/423/423
f 1440/422/422 1461/421/421 1456/424/424
f 795/425/425 673/426/426 664/427/427
f 673/426/426 795/425/425 799/428/428
f 409/429/429 235/430/430 417/431/431
f 235/430/430 409/429/429 390/432/432
f 738/433/433 635/434/434 655/435/435
f 635/434/434 738/433/433 725/436/436
f 724/437/437 646/438/438 634/439/439
f 646/438/438 724/437/437 729/440/440
f 407/441/441 358/442/442 177/443/443
f 358/442/442 407/441/441 416/444/444
f 397/445/445 389/446/446 408/447/447
f 389/446/446 397/445/445 30/448/448
f 672/449/449 588/450/450 663/451/451
f 588/450/450 672/449/449 569/452/452
f 293/453/453 324/454/454 283/455/455
f 324/454/454 293/453/453 435/456/456
f 600/457/457 665/458/458 590/459/459
f 665/458/458 600/457/457 787/460/460
f 559/461/461 540/462/462 531/463/463
f 540/462/462 559/461/461 547/464/464
f 560/465/465 481/466/466 548/467/467
f 481/466/466 560/465/465 470/468/468
f 1513/469/469 1433/470/470 1428/471/471
f 1433/470/470 1513/469/469 1503/472/472
f 581/473/473 503/474/474 570/475/475
f 503/474/474 581/473/473 494/476/476
f 272/477/477 214/478/478 378/479/479
f 214/478/478 272/477/477 64/480/480
f 262/481/481 65/482/482 273/483/483
f 65/482/482 262/481/481 55/484/484
f 284/485/485 56/486/486 263/487/487
f 56/486/486 284/485/485 83/488/488
f 333/489/489 146/490/490 325/491/491
f 146/490/490 333/489/489 154/492/492
f 587/493/493 500/494/494 519/495/495
f 500/494/494 587/493/493 568/496/496
f 326/497/497 84/498/498 285/499/499
f 84/498/498 326/497/497 147/500/500
f 367/501/501 127/502/502 187/503/503
f 127/502/502 367/501/501 314/504/504
f 39/505/505 94/506/506 115/507/507
f 94/506/506 39/505/505 47/508/508
f 658/509/509 608/510/509 626/511/510
f 608/510/509 658/509/509 637/512/511
f 671/513/512 576/514/513 567/515/514
f 576/514/513 671/513/512 789/516/515
f 599/517/516 522/518/517 513/519/518
f 522/518/517 599/517/516 589/520/519
f 204/521/520 126/522/521 136/523/522
f 126/522/521 204/521/520 186/524/523
f 541/525/524 605/526/525 616/527/526
f 605/526/525 541/525/524 549/528/527
f 482/529/528 606/530/529 550/531/530
f 606/530/529 482/529/528 625/532/531
f 648/533/532 607/534/533 636/535/534
f 607/534/533 648/533/532 617/536/535
f 294/537/536 246/538/537 305/539/538
f 246/538/537 294/537/536 253/540/539
f 7/541/540 334/542/541 224/543/542
f 334/542/541 7/541/540 156/544/543
f 113/545/544 73/546/545 37/547/546
f 73/546/545 113/545/544 104/548/547
f 134/549/548 105/550/549 114/551/550
f 105/550/549 134/549/548 124/552/551
f 741/553/552 719/554/553 727/555/554
f 719/554/553 741/553/552 736/556/555
f 392/557/556 667/558/557 659/559/558
f 667/558/557 392/557/556 361/560/559
f 750/561/560 716/562/561 742/563/562
f 716/562/561 750/561/560 723/564/563
f 751/565/564 717/566/565 733/567/566
f 717/566/565 751/565/564 743/568/567
f 162/569/568 144/570/569 152/571/570
f 144/570/569 162/569/568 424/572/571
f 202/573/572 174/574/573 184/575/574
f 174/574/573 202/573/572 193/576/575
f 396/577/576 175/578/577 194/579/578
f 175/578/577 396/577/576 406/580/579
f 662/581/580 641/582/581 385/583/582
f 641/582/581 662/581/580 669/584/583
f 145/585/584 93/586/585 82/587/586
f 93/586/585 145/585/584 425/588/587
f 169/589/588 705/590/589 698/591/590
f 705/590/589 169/589/588 2/592/591
f 366/593/592 176/594/593 357/595/594
f 176/594/593 366/593/592 185/596/595
f 732/597/596 718/598/597 722/599/598
f 718/598/597 732/597/596 726/600/599
f 812/601/600 702/602/601 804/603/602
f 702/602/601 812/601/600 681/604/603
f 775/605/604 747/606/605 744/607/606
f 747/606/605 775/605/604 455/608/607
f 759/609/608 745/610/609 753/611/610
f 745/610/609 759/609/608 776/612/611
f 323/613/612 344/614/613 332/615/614
f 344/614/613 323/613/612 434/616/615
f 111/617/616 544/618/617 161/619/618
f 544/618/617 111/617/616 534/620/619
f 160/621/620 566/622/621 700/623/622
f 566/622/621 160/621/620 554/624/623
f 312/625/624 107/626/625 125/627/626
f 107/626/625 312/625/624 304/628/627
f 106/629/628 244/630/629 74/631/630
f 244/630/629 106/629/628 303/632/631
f 854/633/632 1022/634/632 1011/635/632
f 1012/636/633 1005/637/633 872/638/633
f 737/639/634 791/640/634 691/641/634
f 783/642/635 645/643/635 728/644/635
f 739/645/636 692/646/636 734/647/636
f 752/648/637 693/649/637 823/650/637
f 710/651/638 720/652/638 746/653/638
f 205/654/639 164/655/639 195/656/639
f 66/657/640 48/658/640 215/659/640
f 116/660/641 96/661/641 137/662/641
f 295/663/642 313/664/642 436/665/642
f 946/666/643 957/667/643 983/668/643
f 988/669/644 936/670/644 1058/671/644
f 976/672/645 935/673/645 970/674/645
f 913/675/646 1026/676/646 891/677/646
f 974/678/647 1032/679/647 941/680/647
f 896/681/648 904/682/648 917/683/648
f 922/684/649 886/685/649 1037/686/649
f 853/687/650 867/688/650 895/689/650
f 838/690/651 885/691/651 908/692/651
f 857/693/652 847/694/652 1025/695/652
f 940/696/653 1056/697/653 1066/698/653
f 892/699/654 863/700/654 901/701/654
f 947/702/655 966/703/655 958/704/655
f 1059/705/656 1227/706/656 1068/707/656
f 1245/708/657 1074/709/657 1117/710/657
f 1244/711/658 1251/712/658 1261/713/658
f 929/714/659 1045/715/659 1035/716/659
f 860/717/660 851/718/660 1015/719/660
f 845/720/661 842/721/661 1010/722/661
f 832/723/662 841/724/662 835/725/662
f 760/726/663 755/727/663 827/728/663
f 715/729/664 819/730/664 807/731/664
f 684/732/665 814/733/665 696/734/665
f 347/735/666 438/736/666 370/737/666
f 316/738/667 369/739/667 437/740/667
f 138/741/668 428/742/668 206/743/668
f 398/744/669 196/745/669 165/746/669
f 236/747/670 447/748/670 346/749/670
f 247/750/671 255/751/671 380/752/671
f 216/753/672 40/754/672 77/755/672
f 306/756/673 315/757/673 296/758/673
f 274/759/674 379/760/674 254/761/674
f 368/762/675 359/763/675 345/764/675
f 1505/765/676 1515/766/676 1410/767/676
f 1413/768/677 1519/769/677 1509/770/677
f 203/771/678 427/772/678 163/773/678
f 135/774/679 95/775/679 426/776/679
f 213/777/680 76/778/680 377/779/680
f 153/780/681 1/781/681 12/782/681
f 245/783/682 376/784/682 75/785/682
f 261/786/683 271/787/683 252/788/683
f 343/789/684 356/790/684 415/791/684
f 212/792/685 46/793/685 38/794/685
f 45/795/686 63/796/686 54/797/686
f 596/798/687 614/799/687 644/800/687
f 530/801/688 539/802/688 512/803/688
f 674/804/689 802/805/689 794/806/689
f 788/807/690 798/808/690 666/809/690
f 709/810/691 803/811/691 701/812/691
f 528/813/692 768/814/692 556/815/692
f 690/816/693 810/817/693 821/818/693
f 518/819/694 499/820/694 779/821/694
f 478/822/695 577/823/695 623/824/695
f 509/825/696 537/826/696 595/827/696
f 654/828/697 578/829/697 790/830/697
f 862/831/698 1016/832/698 876/833/698
f 952/834/699 1051/835/699 945/836/699
f 1031/837/700 1041/838/700 926/839/700
f 502/840/701 493/841/701 767/842/701
f 469/843/702 492/844/702 480/845/702
f 449/846/703 225/847/703 336/848/703
f 448/849/704 335/850/704 349/851/704
f 348/852/705 418/853/705 237/854/705
f 19/855/706 400/856/706 167/857/706
f 18/858/707 166/859/707 155/860/707
f 17/861/708 31/862/708 399/863/708
f 49/864/709 58/865/709 98/866/709
f 265/867/710 256/868/710 298/869/710
f 264/870/711 297/871/711 286/872/711
f 97/873/712 57/874/712 85/875/712
f 1338/876/713 1352/877/713 1379/878/713
f 1323/879/714 1369/880/714 1393/881/714
f 1342/882/715 1333/883/715 1498/884/715
f 1424/885/716 1529/886/716 1535/887/716
f 1347/888/717 1492/889/717 1360/890/717
f 1299/891/718 1471/892/718 1481/893/718
f 1430/894/719 1436/895/719 1522/896/719
f 563/897/720 168/898/720 697/899/720
f 1626/900/721 1620/901/721 1592/902/721
f 591/903/722 239/904/722 221/905/722
f 1593/906/723 22/907/723 1598/908/723
f 533/909/724 108/910/724 118/911/724
f 1551/912/725 1589/913/725 442/914/725
f 1563/915/726 1574/916/726 1595/917/726
f 1579/918/727 1568/919/727 405/920/727
f 471/921/728 450/922/728 993/923/728
f 514/924/729 1000/925/729 483/926/729
f 1046/927/730 524/928/730 561/929/730
f 562/930/731 525/931/731 178/932/731
f 822/933/732 526/934/732 1047/935/732
f 527/936/733 811/937/733 179/938/733
f 484/939/734 1615/940/734 757/941/734
f 1581/942/735 485/943/735 1586/944/735
f 472/945/736 419/946/736 401/947/736
f 275/948/737 351/949/737 338/950/737
f 289/951/738 374/952/738 364/953/738
f 339/954/739 352/955/739 651/956/739
f 473/957/740 995/958/740 148/959/740
f 460/960/741 1238/961/741 495/962/741
f 758/963/742 515/964/742 486/965/742
f 474/966/743 1069/967/743 420/968/743
f 439/969/744 475/970/744 402/971/744
f 1577/972/745 461/973/745 1572/974/745
f 188/975/746 462/976/746 1479/977/746
f 121/978/747 1526/979/747 506/980/747
f 287/981/748 307/982/748 371/983/748
f 520/984/749 780/985/749 769/986/749
f 1585/987/750 1617/988/750 488/989/750
f 119/990/751 1530/991/751 1523/992/751
f 71/993/752 183/994/752 808/995/752
f 433/996/753 1590/997/753 489/998/753
f 190/999/754 1575/1000/754 465/1001/754
f 1618/1002/755 1612/1003/755 778/1004/755
f 362/1005/756 1538/1006/756 288/1007/756
f 372/1008/757 308/1009/757 638/1010/757
f 20/1011/758 8/1012/758 1630/1013/758
f 1303/1014/759 504/1015/759 1524/1016/759
f 1293/1017/760 505/1018/760 1304/1019/760
f 318/1020/761 328/1021/761 382/1022/761
f 639/1023/762 299/1024/762 317/1025/762
f 363/1026/763 373/1027/763 668/1028/763
f 319/1029/764 383/1030/764 640/1031/764
f 1610/1032/765 458/1033/765 777/1034/765
f 1584/1035/766 1546/1036/766 1606/1037/766
f 660/1038/767 649/1039/767 393/1040/767
f 89/1041/768 679/1042/768 573/1043/768
f 1419/1044/769 1527/1045/769 1423/1046/769
f 1521/1047/770 1434/1048/770 1296/1049/770
f 1435/1050/771 1469/1051/771 1297/1052/771
f 1306/1053/772 1474/1054/772 1533/1055/772
f 1543/1056/773 1554/1057/773 350/1058/773
f 1597/1059/774 1561/1060/774 1591/1061/774
f 1619/1062/775 1625/1063/775 1307/1064/775
f 88/1065/776 99/1066/776 69/1067/776
f 240/1068/777 706/1069/777 3/1070/777
f 87/1071/778 68/1072/778 79/1073/778
f 129/1074/779 1604/1075/779 678/1076/779
f 34/1077/780 61/1078/780 117/1079/780
f 1071/1080/781 150/1081/781 1065/1082/781
f 1301/1083/782 498/1084/782 1240/1085/782
f 223/1086/783 242/1087/783 6/1088/783
f 594/1089/784 229/1090/784 243/1091/784
f 1300/1092/785 1482/1093/785 497/1094/785
f 341/1095/786 331/1096/786 584/1097/786
f 200/1098/787 211/1099/787 230/1100/787
f 103/1101/788 90/1102/788 15/1103/788
f 16/1104/789 91/1105/789 575/1106/789
f 149/1107/790 997/1108/790 1064/1109/790
f 360/1110/791 391/1111/791 1559/1112/791
f 62/1113/792 1532/1114/792 122/1115/792
f 220/1116/793 201/1117/793 231/1118/793
f 191/1119/794 1313/1120/794 1628/1121/794
f 1314/1122/795 192/1123/795 1484/1124/795
f 413/1125/796 1241/1126/796 466/1127/796
f 151/1128/797 1072/1129/797 477/1130/797
f 1565/1131/798 292/1132/798 1542/1133/798
f 1242/1134/799 414/1135/799 1257/1136/799
f 507/1137/800 1294/1138/800 535/1139/800
f 508/1140/801 536/1141/801 123/1142/801
f 1564/1143/802 1541/1144/802 1570/1145/802
f 545/1146/803 1288/1147/803 141/1148/803
f 1057/1149/804 142/1150/804 1067/1151/804
f 1548/1152/805 1553/1153/805 1558/1154/805
f 546/1155/806 143/1156/806 555/1157/806
f 454/1158/807 1021/1159/807 998/1160/807
f 282/1161/808 1547/1162/808 355/1163/808
f 270/1164/809 613/1165/809 322/1166/809
f 999/1167/810 1017/1168/810 429/1169/810
f 1611/1170/811 1607/1171/811 131/1172/811
f 770/1173/812 762/1174/812 557/1175/812
f 711/1176/813 748/1177/813 816/1178/813
f 712/1179/814 730/1180/814 721/1181/814
f 597/1182/815 538/1183/815 615/1184/815
f 479/1185/816 490/1186/816 579/1187/816
f 624/1188/817 580/1189/817 656/1190/817
f 735/1191/818 694/1192/818 754/1193/818
f 763/1194/819 771/1195/819 781/1196/819
f 764/1197/820 467/1198/820 558/1199/820
f 818/1200/821 749/1201/821 457/1202/821
f 529/1203/822 510/1204/822 772/1205/822
f 491/1206/823 468/1207/823 765/1208/823
f 521/1209/824 773/1210/824 511/1211/824
f 501/1212/825 766/1213/825 782/1214/825
f 713/1215/826 784/1216/826 731/1217/826
f 647/1218/827 785/1219/827 598/1220/827
f 657/1221/828 792/1222/828 740/1223/828
f 1614/1224/829 774/1225/829 756/1226/829
f 809/1227/830 523/1228/830 820/1229/830
f 139/1230/831 1052/1231/831 551/1232/831
f 36/1233/832 120/1234/832 112/1235/832
f 72/1236/833 173/1237/833 182/1238/833
f 159/1239/834 543/1240/834 553/1241/834
f 181/1242/835 172/1243/835 565/1244/835
f 631/1245/836 582/1246/836 621/1247/836
f 632/1248/837 234/1249/837 388/1250/837
f 517/1251/838 829/1252/838 1004/1253/838
f 610/1254/839 268/1255/839 604/1256/839
f 241/1257/840 210/1258/840 708/1259/840
f 5/1260/841 102/1261/841 14/1262/841
f 516/1263/842 761/1264/842 828/1265/842
f 1250/1266/843 1243/1267/843 1116/1268/843
f 1190/1269/844 1209/1270/844 1201/1271/844
f 1135/1272/845 1107/1273/845 1145/1274/845
f 1078/1275/846 1083/1276/846 1125/1277/846
f 1149/1278/847 1126/1279/847 1162/1280/847
f 1214/1281/848 1179/1282/848 1233/1283/848
f 1348/1284/849 1339/1285/849 1496/1286/849
f 1329/1287/850 1319/1288/850 1490/1289/850
f 1340/1290/851 1491/1291/851 1335/1292/851
f 1330/1293/852 1485/1294/852 1497/1295/852
f 1432/1296/853 1501/1297/853 1451/1298/853
f 1502/1299/854 1399/1300/854 1452/1301/854
f 1460/1302/855 1507/1303/855 1421/1304/855
f 1103/1305/856 1093/1306/856 1252/1307/856
f 1084/1308/857 1075/1309/857 1246/1310/857
f 1099/1311/858 1253/1312/858 1094/1313/858
f 1088/1314/859 1247/1315/859 1262/1316/859
f 1191/1317/860 1264/1318/860 1210/1319/860
f 1157/1320/861 1265/1321/861 1136/1322/861
f 1163/1323/862 1270/1324/862 1218/1325/862
f 1177/1326/863 1290/1327/863 1181/1328/863
f 1284/1329/864 1193/1330/864 1060/1331/864
f 1194/1332/865 1228/1333/865 1061/1334/865
f 1239/1335/866 1234/1336/866 1298/1337/866
f 1316/1338/867 1325/1339/867 1320/1340/867
f 1331/1341/868 1326/1342/868 1486/1343/868
f 1345/1344/869 1349/1345/869 1336/1346/869
f 996/1347/870 991/1348/870 1063/1349/870
f 1076/1350/871 1085/1351/871 1079/1352/871
f 1089/1353/872 1086/1354/872 1248/1355/872
f 834/1356/873 839/1357/873 881/1358/873
f 905/1359/874 882/1360/874 919/1361/874
f 971/1362/875 937/1363/875 990/1364/875
f 1006/1365/876 1013/1366/876 1023/1367/876
f 1007/1368/877 830/1369/877 873/1370/877
f 824/1371/878 985/1372/878 1002/1373/878
f 859/1374/879 864/1375/879 849/1376/879
f 840/1377/880 831/1378/880 1008/1379/880
f 855/1380/881 1014/1381/881 850/1382/881
f 844/1383/882 1009/1384/882 1024/1385/882
f 948/1386/883 1027/1387/883 967/1388/883
f 1028/1389/884 915/1390/884 968/1391/884
f 920/1392/885 1033/1393/885 977/1394/885
f 934/1395/886 1055/1396/886 939/1397/886
f 950/1398/887 825/1399/887 1050/1400/887
f 951/1401/888 986/1402/888 826/1403/888
f 1268/1404/889 1278/1405/889 1168/1406/889
f 1188/1407/890 1195/1408/890 1287/1409/890
f 1106/1410/891 1254/1411/891 1120/1412/891
f 1182/1413/892 1292/1414/892 1302/1415/892
f 1101/1416/893 1091/1417/893 1263/1418/893
f 1082/1419/894 1129/1420/894 1152/1421/894
f 1097/1422/895 1111/1423/895 1139/1424/895
f 1165/1425/896 1130/1426/896 1274/1427/896
f 1140/1428/897 1148/1429/897 1159/1430/897
f 1220/1431/898 1275/1432/898 1183/1433/898
f 1269/1434/899 1160/1435/899 1212/1436/899
f 1222/1437/900 1184/1438/900 1217/1439/900
f 1236/1440/901 1185/1441/901 1305/1442/901
f 1196/1443/902 1204/1444/902 1230/1445/902
f 1098/1446/903 1260/1447/903 1249/1448/903
f 386/1449/904 340/1450/904 652/1451/904
f 278/1452/905 1605/1453/905 1545/1454/905
f 1562/1455/906 1599/1456/906 290/1457/906
f 375/1458/907 642/1459/907 670/1460/907
f 329/1461/908 321/1462/908 611/1463/908
f 395/1464/909 653/1465/909 354/1466/909
f 384/1467/910 650/1468/910 661/1469/910
f 487/1470/911 1003/1471/911 430/1472/911
f 1310/1473/912 1629/1474/912 1315/1475/912
f 133/1476/913 459/1477/913 1613/1478/913
f 44/1479/914 1624/1480/914 53/1481/914
f 806/1482/915 180/1483/915 813/1484/915
f 25/1485/916 1596/1486/916 1623/1487/916
f 633/1488/917 281/1489/917 586/1490/917
f 585/1491/918 280/1492/918 342/1493/918
f 1286/1494/919 1062/1495/919 140/1496/919
f 1608/1497/920 279/1498/920 680/1499/920
f 24/1500/921 1634/1501/921 1602/1502/921
f 496/1503/922 1480/1504/922 463/1505/922
f 1255/1506/923 410/1507/923 421/1508/923
f 1070/1509/924 1256/1510/924 422/1511/924
f 1633/1512/925 260/1513/925 1601/1514/925
f 431/1515/926 1020/1516/926 451/1517/926
f 574/1518/927 28/1519/927 13/1520/927
f 23/1521/928 1622/1522/928 43/1523/928
f 629/1524/929 387/1525/929 29/1526/929
f 630/1527/930 619/1528/930 232/1529/930
f 132/1530/931 92/1531/931 81/1532/931
f 381/1533/932 327/1534/932 337/1535/932
f 1580/1536/933 412/1537/933 464/1538/933
f 443/1539/934 453/1540/934 476/1541/934
f 1104/1542/935 1108/1543/935 1095/1544/935
f 1171/1545/936 1282/1546/936 1272/1547/936
f 1405/1548/937 1370/1549/937 1511/1550/937
f 1380/1551/938 1389/1552/938 1401/1553/938
f 1406/1554/939 1512/1555/939 1462/1556/939
f 1402/1557/940 1506/1558/940 1381/1559/940
f 1464/1560/941 1425/1561/941 1458/1562/941
f 1476/1563/942 1426/1564/942 1537/1565/942
f 1437/1566/943 1445/1567/943 1472/1568/943
f 1344/1569/944 1499/1570/944 1493/1571/944
f 1494/1572/945 1487/1573/945 1361/1574/945
f 1438/1575/946 1455/1576/946 1446/1577/946
f 1382/1578/947 1353/1579/947 1390/1580/947
f 1324/1581/948 1328/1582/948 1371/1583/948
f 1394/1584/949 1372/1585/949 1408/1586/949
f 1459/1587/950 1427/1588/950 1478/1589/950
f 1488/1590/951 1495/1591/951 1500/1592/951
f 1489/1593/952 1318/1594/952 1362/1595/952
f 445/1596/953 233/1597/953 620/1598/953
f 70/1599/954 100/1600/954 170/1601/954
f 226/1602/955 207/1603/955 238/1604/955
f 4/1605/956 171/1606/956 101/1607/956
f 628/1608/957 689/1609/957 277/1610/957
f 27/1611/958 688/1612/958 627/1613/958
f 677/1614/959 687/1615/959 572/1616/959
f 128/1617/960 676/1618/960 86/1619/960
f 675/1620/961 276/1621/961 686/1622/961
f 571/1623/962 685/1624/962 26/1625/962
f 1539/1626/963 365/1627/963 1556/1628/963
f 394/1629/964 353/1630/964 1555/1631/964
f 309/1632/965 300/1633/965 643/1634/965
