# Blender v2.79 (sub 0) OBJ File: ''
# www.blender.org
mtllib left hand 1.mtl
o n0b0
v 2.223438 -1.025781 1.217578
v 2.223438 -1.025781 1.217578
v 2.223438 -1.025781 1.217578
v 2.223438 -1.025781 1.217578
v 2.223438 -1.025781 1.217578
v 2.223438 -1.025781 1.217578
v 2.223438 -1.025781 1.217578
v 5.275000 -1.485547 -0.578516
v 5.275000 -1.485547 -0.578516
v 5.275000 -1.485547 -0.578516
v 5.275000 -1.485547 -0.578516
v 2.169141 -0.501563 1.847266
v 2.169141 -0.501563 1.847266
v 2.169141 -0.501563 1.847266
v 2.169141 -0.501563 1.847266
v 2.169141 -0.501563 1.847266
v 2.169141 -0.501563 1.847266
v 2.169141 -0.501563 1.847266
v 2.169141 -0.501563 1.847266
v 5.090625 -1.351562 -0.151562
v 5.090625 -1.351562 -0.151562
v 5.090625 -1.351562 -0.151562
v 5.090625 -1.351562 -0.151562
v 1.729297 -0.098047 2.208594
v 1.729297 -0.098047 2.208594
v 1.729297 -0.098047 2.208594
v 1.729297 -0.098047 2.208594
v 1.729297 -0.098047 2.208594
v 1.729297 -0.098047 2.208594
v 5.055860 -1.361328 -0.998047
v 5.055860 -1.361328 -0.998047
v 5.055860 -1.361328 -0.998047
v 5.055860 -1.361328 -0.998047
v 4.058203 -1.987109 1.966406
v 4.058203 -1.987109 1.966406
v 4.058203 -1.987109 1.966406
v 4.058203 -1.987109 1.966406
v 5.534375 -1.082422 -0.574219
v 5.534375 -1.082422 -0.574219
v 5.534375 -1.082422 -0.574219
v 5.534375 -1.082422 -0.574219
v 3.964062 -1.712109 1.748828
v 3.964062 -1.712109 1.748828
v 3.964062 -1.712109 1.748828
v 3.964062 -1.712109 1.748828
v 3.964062 -1.712109 1.748828
v 5.320703 -0.989844 -0.188672
v 5.320703 -0.989844 -0.188672
v 5.320703 -0.989844 -0.188672
v 5.320703 -0.989844 -0.188672
v 5.320703 -0.989844 -0.188672
v 3.448828 -1.482031 1.380078
v 3.448828 -1.482031 1.380078
v 3.448828 -1.482031 1.380078
v 3.448828 -1.482031 1.380078
v 3.448828 -1.482031 1.380078
v 5.305078 -1.007812 -0.984766
v 5.305078 -1.007812 -0.984766
v 5.305078 -1.007812 -0.984766
v 5.305078 -1.007812 -0.984766
v 5.305078 -1.007812 -0.984766
v 3.890234 -1.892187 1.341406
v 3.890234 -1.892187 1.341406
v 3.890234 -1.892187 1.341406
v 3.890234 -1.892187 1.341406
v 4.082031 -0.867578 -0.367578
v 4.082031 -0.867578 -0.367578
v 4.082031 -0.867578 -0.367578
v 4.082031 -0.867578 -0.367578
v 3.839062 -2.376172 2.077344
v 3.839062 -2.376172 2.077344
v 3.839062 -2.376172 2.077344
v 3.839062 -2.376172 2.077344
v 3.839062 -2.376172 2.077344
v 4.071485 -0.876563 -0.779688
v 4.071485 -0.876563 -0.779688
v 4.071485 -0.876563 -0.779688
v 4.071485 -0.876563 -0.779688
v 3.123438 -1.298047 1.514063
v 3.123438 -1.298047 1.514063
v 3.123438 -1.298047 1.514063
v 3.123438 -1.298047 1.514063
v 4.062500 -0.508984 -0.800781
v 4.062500 -0.508984 -0.800781
v 4.062500 -0.508984 -0.800781
v 4.062500 -0.508984 -0.800781
v 3.601172 -1.419922 2.019141
v 3.601172 -1.419922 2.019141
v 3.601172 -1.419922 2.019141
v 3.601172 -1.419922 2.019141
v 3.601172 -1.419922 2.019141
v 3.601172 -1.419922 2.019141
v 4.232812 -0.146484 -1.151953
v 4.232812 -0.146484 -1.151953
v 4.232812 -0.146484 -1.151953
v 4.232812 -0.146484 -1.151953
v 4.232812 -0.146484 -1.151953
v 4.232812 -0.146484 -1.151953
v 4.232812 -0.146484 -1.151953
v 3.345313 -2.255859 2.368750
v 3.345313 -2.255859 2.368750
v 3.345313 -2.255859 2.368750
v 3.345313 -2.255859 2.368750
v 4.075391 -0.498437 -0.377734
v 4.075391 -0.498437 -0.377734
v 4.075391 -0.498437 -0.377734
v 4.075391 -0.498437 -0.377734
v 3.697656 -1.806641 2.300000
v 3.697656 -1.806641 2.300000
v 3.697656 -1.806641 2.300000
v 3.697656 -1.806641 2.300000
v 4.632422 -0.271875 -0.027734
v 4.632422 -0.271875 -0.027734
v 4.632422 -0.271875 -0.027734
v 4.632422 -0.271875 -0.027734
v 4.632422 -0.271875 -0.027734
v 4.632422 -0.271875 -0.027734
v 4.632422 -0.271875 -0.027734
v 2.874219 -2.119531 2.510547
v 2.874219 -2.119531 2.510547
v 2.874219 -2.119531 2.510547
v 2.874219 -2.119531 2.510547
v 5.402734 0.366016 -0.623047
v 5.402734 0.366016 -0.623047
v 5.402734 0.366016 -0.623047
v 5.402734 0.366016 -0.623047
v 3.299219 -1.639453 2.469141
v 3.299219 -1.639453 2.469141
v 3.299219 -1.639453 2.469141
v 3.299219 -1.639453 2.469141
v 3.299219 -1.639453 2.469141
v 5.234375 0.349219 -0.204297
v 5.234375 0.349219 -0.204297
v 5.234375 0.349219 -0.204297
v 5.234375 0.349219 -0.204297
v 2.806250 -1.173437 1.680859
v 2.806250 -1.173437 1.680859
v 2.806250 -1.173437 1.680859
v 2.806250 -1.173437 1.680859
v 5.621875 -0.316406 -0.605859
v 5.621875 -0.316406 -0.605859
v 5.621875 -0.316406 -0.605859
v 5.621875 -0.316406 -0.605859
v 2.391406 -1.071875 1.519141
v 2.391406 -1.071875 1.519141
v 2.391406 -1.071875 1.519141
v 2.391406 -1.071875 1.519141
v 2.391406 -1.071875 1.519141
v 5.413281 -0.333984 -0.216406
v 5.413281 -0.333984 -0.216406
v 5.413281 -0.333984 -0.216406
v 5.413281 -0.333984 -0.216406
v 5.413281 -0.333984 -0.216406
v 2.750000 -0.920313 2.203906
v 2.750000 -0.920313 2.203906
v 2.750000 -0.920313 2.203906
v 2.750000 -0.920313 2.203906
v 2.750000 -0.920313 2.203906
v 2.750000 -0.920313 2.203906
v 5.204297 0.291406 -1.065234
v 5.204297 0.291406 -1.065234
v 5.204297 0.291406 -1.065234
v 5.204297 0.291406 -1.065234
v 1.898438 -1.478516 2.629688
v 1.898438 -1.478516 2.629688
v 1.898438 -1.478516 2.629688
v 1.898438 -1.478516 2.629688
v 5.398438 -0.351562 -1.012109
v 5.398438 -0.351562 -1.012109
v 5.398438 -0.351562 -1.012109
v 5.398438 -0.351562 -1.012109
v 5.398438 -0.351562 -1.012109
v 2.463281 -1.887891 2.608594
v 2.463281 -1.887891 2.608594
v 2.463281 -1.887891 2.608594
v 2.463281 -1.887891 2.608594
v 4.911719 0.866797 -0.636328
v 4.911719 0.866797 -0.636328
v 4.911719 0.866797 -0.636328
v 4.911719 0.866797 -0.636328
v 2.441406 -1.075781 2.612891
v 2.441406 -1.075781 2.612891
v 2.441406 -1.075781 2.612891
v 2.441406 -1.075781 2.612891
v 4.755469 0.783594 -0.193359
v 4.755469 0.783594 -0.193359
v 4.755469 0.783594 -0.193359
v 4.755469 0.783594 -0.193359
v 4.755469 0.783594 -0.193359
v 2.896875 -1.386328 2.595313
v 2.896875 -1.386328 2.595313
v 2.896875 -1.386328 2.595313
v 2.896875 -1.386328 2.595313
v 2.896875 -1.386328 2.595313
v 4.746484 0.766797 -1.081250
v 4.746484 0.766797 -1.081250
v 4.746484 0.766797 -1.081250
v 4.746484 0.766797 -1.081250
v 4.746484 0.766797 -1.081250
v 4.128125 -2.125391 1.445312
v 4.128125 -2.125391 1.445312
v 4.128125 -2.125391 1.445312
v 4.128125 -2.125391 1.445312
v 4.128125 -2.125391 1.445312
v 3.473828 -1.792969 -0.753125
v 3.473828 -1.792969 -0.753125
v 3.473828 -1.792969 -0.753125
v 3.473828 -1.792969 -0.753125
v 3.473828 -1.792969 -0.753125
v 3.473828 -1.792969 -0.753125
v 1.891016 -1.611719 1.282812
v 1.891016 -1.611719 1.282812
v 1.891016 -1.611719 1.282812
v 1.891016 -1.611719 1.282812
v 1.891016 -1.611719 1.282812
v 3.459375 -1.798828 -0.327734
v 3.459375 -1.798828 -0.327734
v 3.459375 -1.798828 -0.327734
v 3.459375 -1.798828 -0.327734
v 3.459375 -1.798828 -0.327734
v 3.459375 -1.798828 -0.327734
v 0.778516 -1.130859 2.110547
v 0.778516 -1.130859 2.110547
v 0.778516 -1.130859 2.110547
v 0.778516 -1.130859 2.110547
v 0.778516 -1.130859 2.110547
v 0.778516 -1.130859 2.110547
v 3.259375 -1.435547 -0.539844
v 3.259375 -1.435547 -0.539844
v 3.259375 -1.435547 -0.539844
v 3.259375 -1.435547 -0.539844
v 3.509766 -2.623047 1.812891
v 3.509766 -2.623047 1.812891
v 3.509766 -2.623047 1.812891
v 3.509766 -2.623047 1.812891
v 4.842187 -0.715234 -0.007031
v 4.842187 -0.715234 -0.007031
v 4.842187 -0.715234 -0.007031
v 4.842187 -0.715234 -0.007031
v 4.842187 -0.715234 -0.007031
v 4.842187 -0.715234 -0.007031
v 3.279297 -2.529688 1.499219
v 3.279297 -2.529688 1.499219
v 3.279297 -2.529688 1.499219
v 3.279297 -2.529688 1.499219
v 3.279297 -2.529688 1.499219
v 4.830469 -0.739062 -1.122266
v 4.830469 -0.739062 -1.122266
v 4.830469 -0.739062 -1.122266
v 4.830469 -0.739062 -1.122266
v 4.830469 -0.739062 -1.122266
v 4.830469 -0.739062 -1.122266
v 3.051563 -1.995313 1.244531
v 3.051563 -1.995313 1.244531
v 3.051563 -1.995313 1.244531
v 3.051563 -1.995313 1.244531
v 3.051563 -1.995313 1.244531
v 3.997266 -0.684375 -0.371875
v 3.997266 -0.684375 -0.371875
v 3.997266 -0.684375 -0.371875
v 3.997266 -0.684375 -0.371875
v 3.621094 -2.177734 1.230859
v 3.621094 -2.177734 1.230859
v 3.621094 -2.177734 1.230859
v 3.621094 -2.177734 1.230859
v 3.986328 -0.694141 -0.799219
v 3.986328 -0.694141 -0.799219
v 3.986328 -0.694141 -0.799219
v 3.986328 -0.694141 -0.799219
v 2.669531 -1.831250 1.339063
v 2.669531 -1.831250 1.339063
v 2.669531 -1.831250 1.339063
v 2.669531 -1.831250 1.339063
v 3.203906 -0.932813 -1.790234
v 3.203906 -0.932813 -1.790234
v 3.203906 -0.932813 -1.790234
v 3.203906 -0.932813 -1.790234
v 2.508594 -2.400781 1.646875
v 2.508594 -2.400781 1.646875
v 2.508594 -2.400781 1.646875
v 2.508594 -2.400781 1.646875
v 2.508594 -2.400781 1.646875
v 2.508594 -2.400781 1.646875
v 3.783594 -1.101562 -1.848438
v 3.783594 -1.101562 -1.848438
v 3.783594 -1.101562 -1.848438
v 3.783594 -1.101562 -1.848438
v 3.783594 -1.101562 -1.848438
v 3.061328 -2.569141 1.999609
v 3.061328 -2.569141 1.999609
v 3.061328 -2.569141 1.999609
v 3.061328 -2.569141 1.999609
v 3.329297 -0.500781 -1.968750
v 3.329297 -0.500781 -1.968750
v 3.329297 -0.500781 -1.968750
v 3.329297 -0.500781 -1.968750
v 3.329297 -0.500781 -1.968750
v 2.537109 -2.446875 2.166797
v 2.537109 -2.446875 2.166797
v 2.537109 -2.446875 2.166797
v 2.537109 -2.446875 2.166797
v 2.537109 -2.446875 2.166797
v 3.211719 -0.246484 -1.791406
v 3.211719 -0.246484 -1.791406
v 3.211719 -0.246484 -1.791406
v 3.211719 -0.246484 -1.791406
v 3.211719 -0.246484 -1.791406
v 2.264453 -1.705469 1.602344
v 2.264453 -1.705469 1.602344
v 2.264453 -1.705469 1.602344
v 2.264453 -1.705469 1.602344
v 3.233984 -0.471875 -1.139453
v 3.233984 -0.471875 -1.139453
v 3.233984 -0.471875 -1.139453
v 3.233984 -0.471875 -1.139453
v 3.233984 -0.471875 -1.139453
v 1.996875 -1.632422 1.500000
v 1.996875 -1.632422 1.500000
v 1.996875 -1.632422 1.500000
v 1.996875 -1.632422 1.500000
v 1.996875 -1.632422 1.500000
v 3.185938 -0.210547 -1.431250
v 3.185938 -0.210547 -1.431250
v 3.185938 -0.210547 -1.431250
v 3.185938 -0.210547 -1.431250
v 3.185938 -0.210547 -1.431250
v 1.601562 -1.957422 1.863672
v 1.601562 -1.957422 1.863672
v 1.601562 -1.957422 1.863672
v 1.601562 -1.957422 1.863672
v 1.601562 -1.957422 1.863672
v 1.601562 -1.957422 1.863672
v 1.601562 -1.957422 1.863672
v 3.165625 -0.878906 -1.250000
v 3.165625 -0.878906 -1.250000
v 3.165625 -0.878906 -1.250000
v 3.165625 -0.878906 -1.250000
v 1.646484 -1.902344 2.334766
v 1.646484 -1.902344 2.334766
v 1.646484 -1.902344 2.334766
v 1.646484 -1.902344 2.334766
v 3.744922 -1.039844 -1.190234
v 3.744922 -1.039844 -1.190234
v 3.744922 -1.039844 -1.190234
v 3.744922 -1.039844 -1.190234
v 3.744922 -1.039844 -1.190234
v 2.152735 -2.243359 2.248438
v 2.152735 -2.243359 2.248438
v 2.152735 -2.243359 2.248438
v 2.152735 -2.243359 2.248438
v 2.152735 -2.243359 2.248438
v 3.687500 -1.207031 -1.460938
v 3.687500 -1.207031 -1.460938
v 3.687500 -1.207031 -1.460938
v 3.687500 -1.207031 -1.460938
v 3.879688 -2.478906 1.569531
v 3.879688 -2.478906 1.569531
v 3.879688 -2.478906 1.569531
v 3.879688 -2.478906 1.569531
v 3.879688 -2.478906 1.569531
v 3.096484 -1.046875 -1.498828
v 3.096484 -1.046875 -1.498828
v 3.096484 -1.046875 -1.498828
v 3.096484 -1.046875 -1.498828
v 3.096484 -1.046875 -1.498828
v 1.124219 -0.555078 2.290234
v 1.124219 -0.555078 2.290234
v 1.124219 -0.555078 2.290234
v 1.124219 -0.555078 2.290234
v 3.623047 -0.241016 -1.803125
v 3.623047 -0.241016 -1.803125
v 3.623047 -0.241016 -1.803125
v 3.623047 -0.241016 -1.803125
v 2.117969 -0.667578 2.500000
v 2.117969 -0.667578 2.500000
v 2.117969 -0.667578 2.500000
v 2.117969 -0.667578 2.500000
v 2.117969 -0.667578 2.500000
v 4.016016 -0.684375 -1.977734
v 4.016016 -0.684375 -1.977734
v 4.016016 -0.684375 -1.977734
v 4.016016 -0.684375 -1.977734
v 4.016016 -0.684375 -1.977734
v 4.016016 -0.684375 -1.977734
v 1.468359 -1.023047 2.514844
v 1.468359 -1.023047 2.514844
v 1.468359 -1.023047 2.514844
v 1.468359 -1.023047 2.514844
v 3.609766 -0.216016 -1.393359
v 3.609766 -0.216016 -1.393359
v 3.609766 -0.216016 -1.393359
v 3.609766 -0.216016 -1.393359
v 1.267578 -1.551563 2.323828
v 1.267578 -1.551563 2.323828
v 1.267578 -1.551563 2.323828
v 1.267578 -1.551563 2.323828
v 4.058203 -0.607813 -1.045313
v 4.058203 -0.607813 -1.045313
v 4.058203 -0.607813 -1.045313
v 4.058203 -0.607813 -1.045313
v 4.058203 -0.607813 -1.045313
v 4.058203 -0.607813 -1.045313
v 3.144141 -1.165625 2.081250
v 3.144141 -1.165625 2.081250
v 3.144141 -1.165625 2.081250
v 3.144141 -1.165625 2.081250
v 3.144141 -1.165625 2.081250
v 4.353906 -1.132422 -1.469141
v 4.353906 -1.132422 -1.469141
v 4.353906 -1.132422 -1.469141
v 4.353906 -1.132422 -1.469141
v 2.131641 -2.207031 1.739844
v 2.131641 -2.207031 1.739844
v 2.131641 -2.207031 1.739844
v 2.131641 -2.207031 1.739844
v 2.131641 -2.207031 1.739844
v 4.309766 -1.014063 -1.137109
v 4.309766 -1.014063 -1.137109
v 4.309766 -1.014063 -1.137109
v 4.309766 -1.014063 -1.137109
v 0.928906 -1.647266 1.637109
v 0.928906 -1.647266 1.637109
v 0.928906 -1.647266 1.637109
v 0.928906 -1.647266 1.637109
v 0.928906 -1.647266 1.637109
v 0.928906 -1.647266 1.637109
v 4.279687 -1.046484 -1.881641
v 4.279687 -1.046484 -1.881641
v 4.279687 -1.046484 -1.881641
v 4.279687 -1.046484 -1.881641
v 0.095312 1.144922 -0.935547
v 0.095312 1.144922 -0.935547
v 0.095312 1.144922 -0.935547
v 0.095312 1.144922 -0.935547
v 0.095312 1.144922 -0.935547
v 4.757422 -0.825781 -1.502734
v 4.757422 -0.825781 -1.502734
v 4.757422 -0.825781 -1.502734
v 4.757422 -0.825781 -1.502734
v 0.884766 1.220703 1.136719
v 0.884766 1.220703 1.136719
v 0.884766 1.220703 1.136719
v 0.884766 1.220703 1.136719
v 0.884766 1.220703 1.136719
v 0.884766 1.220703 1.136719
v 4.654297 -0.746875 -1.121484
v 4.654297 -0.746875 -1.121484
v 4.654297 -0.746875 -1.121484
v 4.654297 -0.746875 -1.121484
v 4.654297 -0.746875 -1.121484
v 0.884766 1.487891 0.347266
v 0.884766 1.487891 0.347266
v 0.884766 1.487891 0.347266
v 0.884766 1.487891 0.347266
v 0.884766 1.487891 0.347266
v 4.614453 -0.815234 -1.891016
v 4.614453 -0.815234 -1.891016
v 4.614453 -0.815234 -1.891016
v 4.614453 -0.815234 -1.891016
v 4.614453 -0.815234 -1.891016
v 0.064062 1.147266 0.733203
v 0.064062 1.147266 0.733203
v 0.064062 1.147266 0.733203
v 0.064062 1.147266 0.733203
v 0.064062 1.147266 0.733203
v 0.064062 1.147266 0.733203
v 3.864844 -0.312109 -1.358203
v 3.864844 -0.312109 -1.358203
v 3.864844 -0.312109 -1.358203
v 3.864844 -0.312109 -1.358203
v 0.867578 1.378516 -1.241016
v 0.867578 1.378516 -1.241016
v 0.867578 1.378516 -1.241016
v 0.867578 1.378516 -1.241016
v 0.867578 1.378516 -1.241016
v 0.867578 1.378516 -1.241016
v 3.875781 -0.327344 -1.781641
v 3.875781 -0.327344 -1.781641
v 3.875781 -0.327344 -1.781641
v 3.875781 -0.327344 -1.781641
v 0.884766 1.487891 -0.592969
v 0.884766 1.487891 -0.592969
v 0.884766 1.487891 -0.592969
v 0.884766 1.487891 -0.592969
v 0.884766 1.487891 -0.592969
v 3.992188 -0.210938 -1.802734
v 3.992188 -0.210938 -1.802734
v 3.992188 -0.210938 -1.802734
v 3.992188 -0.210938 -1.802734
v 2.144922 1.511328 -1.295313
v 2.144922 1.511328 -1.295313
v 2.144922 1.511328 -1.295313
v 2.144922 1.511328 -1.295313
v 2.144922 1.511328 -1.295313
v 4.173828 -0.037109 -2.100000
v 4.173828 -0.037109 -2.100000
v 4.173828 -0.037109 -2.100000
v 4.173828 -0.037109 -2.100000
v 4.173828 -0.037109 -2.100000
v 4.173828 -0.037109 -2.100000
v 4.173828 -0.037109 -2.100000
v 2.095703 1.615234 -0.855469
v 2.095703 1.615234 -0.855469
v 2.095703 1.615234 -0.855469
v 2.095703 1.615234 -0.855469
v 2.095703 1.615234 -0.855469
v 3.981250 -0.196094 -1.366016
v 3.981250 -0.196094 -1.366016
v 3.981250 -0.196094 -1.366016
v 3.981250 -0.196094 -1.366016
v 2.095703 1.499609 1.050000
v 2.095703 1.499609 1.050000
v 2.095703 1.499609 1.050000
v 2.095703 1.499609 1.050000
v 2.095703 1.499609 1.050000
v 4.359375 0.110156 -1.074219
v 4.359375 0.110156 -1.074219
v 4.359375 0.110156 -1.074219
v 4.359375 0.110156 -1.074219
v 4.359375 0.110156 -1.074219
v 4.359375 0.110156 -1.074219
v 4.359375 0.110156 -1.074219
v 2.095703 1.615234 0.610156
v 2.095703 1.615234 0.610156
v 2.095703 1.615234 0.610156
v 2.095703 1.615234 0.610156
v 2.095703 1.615234 0.610156
v 4.880859 0.328516 -1.600391
v 4.880859 0.328516 -1.600391
v 4.880859 0.328516 -1.600391
v 4.880859 0.328516 -1.600391
v 2.194141 1.212891 -1.861328
v 2.194141 1.212891 -1.861328
v 2.194141 1.212891 -1.861328
v 2.194141 1.212891 -1.861328
v 2.194141 1.212891 -1.861328
v 2.194141 1.212891 -1.861328
v 4.682422 0.298047 -1.225391
v 4.682422 0.298047 -1.225391
v 4.682422 0.298047 -1.225391
v 4.682422 0.298047 -1.225391
v 0.787891 0.615625 -1.919141
v 0.787891 0.615625 -1.919141
v 0.787891 0.615625 -1.919141
v 0.787891 0.615625 -1.919141
v 0.787891 0.615625 -1.919141
v 0.787891 0.615625 -1.919141
v 4.982031 -0.167969 -1.600000
v 4.982031 -0.167969 -1.600000
v 4.982031 -0.167969 -1.600000
v 4.982031 -0.167969 -1.600000
v 2.095703 1.275000 1.578125
v 2.095703 1.275000 1.578125
v 2.095703 1.275000 1.578125
v 2.095703 1.275000 1.578125
v 2.095703 1.275000 1.578125
v 2.095703 1.275000 1.578125
v 4.797657 -0.185547 -1.207031
v 4.797657 -0.185547 -1.207031
v 4.797657 -0.185547 -1.207031
v 4.797657 -0.185547 -1.207031
v 4.797657 -0.185547 -1.207031
v 3.188672 1.235156 1.715625
v 3.188672 1.235156 1.715625
v 3.188672 1.235156 1.715625
v 3.188672 1.235156 1.715625
v 3.188672 1.235156 1.715625
v 4.714844 0.160938 -2.012500
v 4.714844 0.160938 -2.012500
v 4.714844 0.160938 -2.012500
v 4.714844 0.160938 -2.012500
v 3.363672 1.381250 1.144141
v 3.363672 1.381250 1.144141
v 3.363672 1.381250 1.144141
v 3.363672 1.381250 1.144141
v 3.363672 1.381250 1.144141
v 4.810937 -0.259375 -1.989844
v 4.810937 -0.259375 -1.989844
v 4.810937 -0.259375 -1.989844
v 4.810937 -0.259375 -1.989844
v 4.810937 -0.259375 -1.989844
v 3.051172 0.811328 -2.099219
v 3.051172 0.811328 -2.099219
v 3.051172 0.811328 -2.099219
v 3.051172 0.811328 -2.099219
v 3.051172 0.811328 -2.099219
v 3.051172 0.811328 -2.099219
v 4.548828 0.725391 -1.606250
v 4.548828 0.725391 -1.606250
v 4.548828 0.725391 -1.606250
v 4.548828 0.725391 -1.606250
v 3.112109 1.140234 -1.939844
v 3.112109 1.140234 -1.939844
v 3.112109 1.140234 -1.939844
v 3.112109 1.140234 -1.939844
v 3.112109 1.140234 -1.939844
v 4.442188 0.665625 -1.232422
v 4.442188 0.665625 -1.232422
v 4.442188 0.665625 -1.232422
v 4.442188 0.665625 -1.232422
v 4.442188 0.665625 -1.232422
v 3.656250 0.787109 -2.022266
v 3.656250 0.787109 -2.022266
v 3.656250 0.787109 -2.022266
v 3.656250 0.787109 -2.022266
v 3.656250 0.787109 -2.022266
v 4.462500 0.475391 -2.036328
v 4.462500 0.475391 -2.036328
v 4.462500 0.475391 -2.036328
v 4.462500 0.475391 -2.036328
v 4.462500 0.475391 -2.036328
v 3.881250 1.089844 -1.646875
v 3.881250 1.089844 -1.646875
v 3.881250 1.089844 -1.646875
v 3.881250 1.089844 -1.646875
v 3.881250 1.089844 -1.646875
v 2.807422 -0.757031 -1.728906
v 2.807422 -0.757031 -1.728906
v 2.807422 -0.757031 -1.728906
v 2.807422 -0.757031 -1.728906
v 2.807422 -0.757031 -1.728906
v 2.807422 -0.757031 -1.728906
v 1.438281 -0.538672 -2.152344
v 1.438281 -0.538672 -2.152344
v 1.438281 -0.538672 -2.152344
v 1.438281 -0.538672 -2.152344
v 1.438281 -0.538672 -2.152344
v 2.782031 -0.721094 -1.368750
v 2.782031 -0.721094 -1.368750
v 2.782031 -0.721094 -1.368750
v 2.782031 -0.721094 -1.368750
v 2.782031 -0.721094 -1.368750
v 2.782031 -0.721094 -1.368750
v 2.210938 -0.580469 -2.142578
v 2.210938 -0.580469 -2.142578
v 2.210938 -0.580469 -2.142578
v 2.210938 -0.580469 -2.142578
v 2.836328 -0.420703 -1.591016
v 2.836328 -0.420703 -1.591016
v 2.836328 -0.420703 -1.591016
v 2.836328 -0.420703 -1.591016
v 2.205469 0.217969 -2.236719
v 2.205469 0.217969 -2.236719
v 2.205469 0.217969 -2.236719
v 2.205469 0.217969 -2.236719
v 2.205469 0.217969 -2.236719
v 2.205469 0.217969 -2.236719
v 4.586719 -0.021875 -1.128125
v 4.586719 -0.021875 -1.128125
v 4.586719 -0.021875 -1.128125
v 4.586719 -0.021875 -1.128125
v 4.586719 -0.021875 -1.128125
v 4.586719 -0.021875 -1.128125
v 2.545313 -0.560156 -2.037109
v 2.545313 -0.560156 -2.037109
v 2.545313 -0.560156 -2.037109
v 2.545313 -0.560156 -2.037109
v 2.545313 -0.560156 -2.037109
v 4.158203 -0.389453 -2.062500
v 4.158203 -0.389453 -2.062500
v 4.158203 -0.389453 -2.062500
v 4.158203 -0.389453 -2.062500
v 4.158203 -0.389453 -2.062500
v 4.158203 -0.389453 -2.062500
v 2.735938 0.188281 -2.211719
v 2.735938 0.188281 -2.211719
v 2.735938 0.188281 -2.211719
v 2.735938 0.188281 -2.211719
v 3.854297 -0.035547 -1.361719
v 3.854297 -0.035547 -1.361719
v 3.854297 -0.035547 -1.361719
v 3.854297 -0.035547 -1.361719
v 3.023047 0.201172 -2.121875
v 3.023047 0.201172 -2.121875
v 3.023047 0.201172 -2.121875
v 3.023047 0.201172 -2.121875
v 3.873047 -0.049219 -1.791016
v 3.873047 -0.049219 -1.791016
v 3.873047 -0.049219 -1.791016
v 3.873047 -0.049219 -1.791016
v 3.105078 -0.419531 -1.943750
v 3.105078 -0.419531 -1.943750
v 3.105078 -0.419531 -1.943750
v 3.105078 -0.419531 -1.943750
v 3.601953 -0.176172 -1.804688
v 3.601953 -0.176172 -1.804688
v 3.601953 -0.176172 -1.804688
v 3.601953 -0.176172 -1.804688
v 3.601953 -0.176172 -1.804688
v 3.601953 -0.176172 -1.804688
v 3.533594 -0.299219 1.691016
v 3.533594 -0.299219 1.691016
v 3.533594 -0.299219 1.691016
v 3.533594 -0.299219 1.691016
v 3.533594 -0.299219 1.691016
v 3.533594 -0.299219 1.691016
v 3.009375 -0.458984 1.908984
v 3.009375 -0.458984 1.908984
v 3.009375 -0.458984 1.908984
v 3.009375 -0.458984 1.908984
v 3.009375 -0.458984 1.908984
v 3.009375 -0.458984 1.908984
v 3.025781 0.142578 2.058203
v 3.025781 0.142578 2.058203
v 3.025781 0.142578 2.058203
v 3.025781 0.142578 2.058203
v 2.596094 0.126563 2.109375
v 2.596094 0.126563 2.109375
v 2.596094 0.126563 2.109375
v 2.596094 0.126563 2.109375
v 2.596094 0.126563 2.109375
v 2.596094 0.126563 2.109375
v 2.596094 0.126563 2.109375
v 2.444531 -0.644531 1.896875
v 2.444531 -0.644531 1.896875
v 2.444531 -0.644531 1.896875
v 2.444531 -0.644531 1.896875
v 2.444531 -0.644531 1.896875
v 2.555078 -1.008203 -1.446484
v 2.555078 -1.008203 -1.446484
v 2.555078 -1.008203 -1.446484
v 2.555078 -1.008203 -1.446484
v 2.555078 -1.008203 -1.446484
v 2.974609 -0.615234 -1.441797
v 2.974609 -0.615234 -1.441797
v 2.974609 -0.615234 -1.441797
v 2.974609 -0.615234 -1.441797
v 2.974609 -0.615234 -1.441797
v 2.974609 -0.615234 -1.441797
v 2.974609 -0.615234 -1.441797
v 3.100391 0.931641 1.971484
v 3.100391 0.931641 1.971484
v 3.100391 0.931641 1.971484
v 3.100391 0.931641 1.971484
v 3.100391 0.931641 1.971484
v 3.100391 0.931641 1.971484
v 3.525391 -0.246484 -0.176953
v 3.525391 -0.246484 -0.176953
v 3.525391 -0.246484 -0.176953
v 3.525391 -0.246484 -0.176953
v 3.525391 -0.246484 -0.176953
v 3.620312 0.403516 -0.186328
v 3.620312 0.403516 -0.186328
v 3.620312 0.403516 -0.186328
v 3.620312 0.403516 -0.186328
v 3.620312 0.403516 -0.186328
v 3.620312 0.403516 -0.186328
v 3.620312 0.403516 -0.186328
v 3.620312 0.403516 -0.186328
v 3.620312 0.403516 -0.186328
v 3.620312 0.403516 -0.186328
v 3.821875 1.143750 -0.200781
v 3.821875 1.143750 -0.200781
v 3.821875 1.143750 -0.200781
v 3.821875 1.143750 -0.200781
v 3.821875 1.143750 -0.200781
v 3.619141 0.967578 1.925000
v 3.619141 0.967578 1.925000
v 3.619141 0.967578 1.925000
v 3.619141 0.967578 1.925000
v 3.619141 0.967578 1.925000
v 2.532813 -0.930859 0.060547
v 2.532813 -0.930859 0.060547
v 2.532813 -0.930859 0.060547
v 2.532813 -0.930859 0.060547
v 2.532813 -0.930859 0.060547
v 2.474219 -0.994141 1.435156
v 2.474219 -0.994141 1.435156
v 2.474219 -0.994141 1.435156
v 2.474219 -0.994141 1.435156
v 2.474219 -0.994141 1.435156
v 2.474219 -0.994141 1.435156
v 3.035938 -0.694922 1.414453
v 3.035938 -0.694922 1.414453
v 3.035938 -0.694922 1.414453
v 3.035938 -0.694922 1.414453
v 3.035938 -0.694922 1.414453
v 3.035938 -0.694922 1.414453
v 3.208203 1.395313 -1.439453
v 3.208203 1.395313 -1.439453
v 3.208203 1.395313 -1.439453
v 3.208203 1.395313 -1.439453
v 3.208203 1.395313 -1.439453
v 2.034766 -1.126172 -1.488672
v 2.034766 -1.126172 -1.488672
v 2.034766 -1.126172 -1.488672
v 2.034766 -1.126172 -1.488672
v 2.034766 -1.126172 -1.488672
v 2.379688 -0.961328 0.018750
v 2.379688 -0.961328 0.018750
v 2.379688 -0.961328 0.018750
v 2.379688 -0.961328 0.018750
v 2.379688 -0.961328 0.018750
v 1.462500 -1.150000 -1.377344
v 1.462500 -1.150000 -1.377344
v 1.462500 -1.150000 -1.377344
v 1.462500 -1.150000 -1.377344
v 1.430859 -1.230859 -0.140234
v 1.430859 -1.230859 -0.140234
v 1.430859 -1.230859 -0.140234
v 1.430859 -1.230859 -0.140234
v 1.430859 -1.230859 -0.140234
v 1.430859 -1.230859 -0.140234
v 1.998828 -1.479688 0.582422
v 1.998828 -1.479688 0.582422
v 1.998828 -1.479688 0.582422
v 1.998828 -1.479688 0.582422
v 1.998828 -1.479688 0.582422
v 1.998828 -1.479688 0.582422
v 0.725781 -1.110937 -1.203906
v 0.725781 -1.110937 -1.203906
v 0.725781 -1.110937 -1.203906
v 0.725781 -1.110937 -1.203906
v 0.725781 -0.499219 -1.919141
v 0.725781 -0.499219 -1.919141
v 0.725781 -0.499219 -1.919141
v 0.725781 -0.499219 -1.919141
v 0.725781 -1.058203 -0.140234
v 0.725781 -1.058203 -0.140234
v 0.725781 -1.058203 -0.140234
v 0.725781 -1.058203 -0.140234
v 0.725781 -1.058203 -0.140234
v 0.684375 0.634766 1.695312
v 0.684375 0.634766 1.695312
v 0.684375 0.634766 1.695312
v 0.684375 0.634766 1.695312
v 0.684375 0.634766 1.695312
v 0.684375 0.634766 1.695312
v 0.684375 0.634766 1.695312
v 0.684375 0.634766 1.695312
v 0.130859 0.585156 -1.585156
v 0.130859 0.585156 -1.585156
v 0.130859 0.585156 -1.585156
v 0.130859 0.585156 -1.585156
v 0.130859 0.585156 -1.585156
v 0.130859 0.585156 -1.585156
v 0.068750 -0.912109 -1.077344
v 0.068750 -0.912109 -1.077344
v 0.068750 -0.912109 -1.077344
v 0.068750 -0.912109 -1.077344
v 0.068750 -0.232031 -1.585156
v 0.068750 -0.232031 -1.585156
v 0.068750 -0.232031 -1.585156
v 0.068750 -0.232031 -1.585156
v 0.068750 -0.232031 -1.585156
v 0.038672 -1.028906 -0.140234
v 0.038672 -1.028906 -0.140234
v 0.038672 -1.028906 -0.140234
v 0.038672 -1.028906 -0.140234
v 0.038672 -1.028906 -0.140234
v 0.038672 -1.028906 -0.140234
v 0.038672 -0.912109 0.956641
v 0.038672 -0.912109 0.956641
v 0.038672 -0.912109 0.956641
v 0.038672 -0.912109 0.956641
v 0.038672 -0.912109 0.956641
v -0.065234 -0.155469 1.265234
v -0.065234 -0.155469 1.265234
v -0.065234 -0.155469 1.265234
v -0.065234 -0.155469 1.265234
v -0.065234 -0.155469 1.265234
v -0.065234 -0.155469 1.265234
v 0.040625 0.684375 1.297266
v 0.040625 0.684375 1.297266
v 0.040625 0.684375 1.297266
v 0.040625 0.684375 1.297266
v 0.040625 0.684375 1.297266
v 0.040625 0.684375 1.297266
v -0.338672 0.779688 -0.566797
v -0.338672 0.779688 -0.566797
v -0.338672 0.779688 -0.566797
v -0.338672 0.779688 -0.566797
v -0.338672 0.779688 -0.566797
v -0.338672 0.779688 -0.566797
v -0.298828 0.178906 -1.107813
v -0.298828 0.178906 -1.107813
v -0.298828 0.178906 -1.107813
v -0.298828 0.178906 -1.107813
v -0.298828 0.178906 -1.107813
v -0.331641 -0.508984 0.431250
v -0.331641 -0.508984 0.431250
v -0.331641 -0.508984 0.431250
v -0.331641 -0.508984 0.431250
v -0.331641 -0.508984 0.431250
v -0.331641 -0.508984 0.431250
v -0.337891 0.779688 0.431250
v -0.337891 0.779688 0.431250
v -0.337891 0.779688 0.431250
v -0.337891 0.779688 0.431250
v -0.337891 0.779688 0.431250
v 2.095703 1.667969 -0.415625
v 2.095703 1.667969 -0.415625
v 2.095703 1.667969 -0.415625
v 2.095703 1.667969 -0.415625
v 2.095703 1.667969 -0.415625
v 3.330469 1.470703 -1.048047
v 3.330469 1.470703 -1.048047
v 3.330469 1.470703 -1.048047
v 3.330469 1.470703 -1.048047
v 3.330469 1.470703 -1.048047
v 3.447656 1.547266 -0.363281
v 3.447656 1.547266 -0.363281
v 3.447656 1.547266 -0.363281
v 3.447656 1.547266 -0.363281
v 3.447656 1.547266 -0.363281
v 3.327734 1.472656 0.745313
v 3.327734 1.472656 0.745313
v 3.327734 1.472656 0.745313
v 3.327734 1.472656 0.745313
v 3.327734 1.472656 0.745313
v 2.095703 1.667969 0.170313
v 2.095703 1.667969 0.170313
v 2.095703 1.667969 0.170313
v 2.095703 1.667969 0.170313
v 2.095703 1.667969 0.170313
v 3.446875 1.547266 0.027734
v 3.446875 1.547266 0.027734
v 3.446875 1.547266 0.027734
v 3.446875 1.547266 0.027734
v 3.446875 1.547266 0.027734
v 3.711719 0.282031 0.880859
v 3.711719 0.282031 0.880859
v 3.711719 0.282031 0.880859
v 3.711719 0.282031 0.880859
v 3.711719 0.282031 0.880859
v 3.711719 0.282031 0.880859
v 3.711719 0.282031 0.880859
v 3.711719 0.282031 0.880859
v 3.711719 0.282031 0.880859
v 3.711719 0.282031 0.880859
v 3.741406 1.072266 0.975391
v 3.741406 1.072266 0.975391
v 3.741406 1.072266 0.975391
v 3.741406 1.072266 0.975391
v 3.741406 1.072266 0.975391
v 3.741406 1.072266 0.975391
v 3.519531 0.222266 2.033984
v 3.519531 0.222266 2.033984
v 3.519531 0.222266 2.033984
v 3.519531 0.222266 2.033984
v 3.519531 0.222266 2.033984
v 3.527344 -0.277344 1.142578
v 3.527344 -0.277344 1.142578
v 3.527344 -0.277344 1.142578
v 3.527344 -0.277344 1.142578
v 3.527344 -0.277344 1.142578
v 3.527344 -0.277344 1.142578
v 3.713672 0.283984 -2.056250
v 3.713672 0.283984 -2.056250
v 3.713672 0.283984 -2.056250
v 3.713672 0.283984 -2.056250
v 3.713672 0.283984 -2.056250
v 3.595703 -0.162500 -1.398438
v 3.595703 -0.162500 -1.398438
v 3.595703 -0.162500 -1.398438
v 3.595703 -0.162500 -1.398438
v 3.595703 -0.162500 -1.398438
v 3.595703 -0.162500 -1.398438
v 3.691406 0.315625 -1.182813
v 3.691406 0.315625 -1.182813
v 3.691406 0.315625 -1.182813
v 3.691406 0.315625 -1.182813
v 3.691406 0.315625 -1.182813
v 3.691406 0.315625 -1.182813
v 3.691406 0.315625 -1.182813
v 3.691406 0.315625 -1.182813
v 3.691406 0.315625 -1.182813
v 3.691406 0.315625 -1.182813
v 3.724609 1.042188 -1.233203
v 3.724609 1.042188 -1.233203
v 3.724609 1.042188 -1.233203
v 3.724609 1.042188 -1.233203
v 3.724609 1.042188 -1.233203
v 3.724609 1.042188 -1.233203
v 3.798828 1.155859 -1.089453
v 3.798828 1.155859 -1.089453
v 3.798828 1.155859 -1.089453
v 3.798828 1.155859 -1.089453
v 3.798828 1.155859 -1.089453
v 3.798828 1.155859 -1.089453
v 3.500781 -0.339453 -0.414844
v 3.500781 -0.339453 -0.414844
v 3.500781 -0.339453 -0.414844
v 3.500781 -0.339453 -0.414844
v 3.500781 -0.339453 -0.414844
v 3.500781 -0.339453 -0.414844
v 3.473047 -0.339453 -0.830078
v 3.473047 -0.339453 -0.830078
v 3.473047 -0.339453 -0.830078
v 3.473047 -0.339453 -0.830078
v 3.473047 -0.339453 -0.830078
v 3.473047 -0.339453 -0.830078
v 3.795703 1.214844 -0.097656
v 3.795703 1.214844 -0.097656
v 3.795703 1.214844 -0.097656
v 3.795703 1.214844 -0.097656
v 3.795703 1.214844 -0.097656
v 3.484375 -0.204688 0.666016
v 3.484375 -0.204688 0.666016
v 3.484375 -0.204688 0.666016
v 3.484375 -0.204688 0.666016
v 3.484375 -0.204688 0.666016
v 3.484375 -0.204688 0.666016
v 3.786719 1.223828 0.830078
v 3.786719 1.223828 0.830078
v 3.786719 1.223828 0.830078
v 3.786719 1.223828 0.830078
v 3.786719 1.223828 0.830078
v 3.786719 1.223828 0.830078
v 3.486328 -0.214062 0.089453
v 3.486328 -0.214062 0.089453
v 3.486328 -0.214062 0.089453
v 3.486328 -0.214062 0.089453
v 3.486328 -0.214062 0.089453
v 3.486328 -0.214062 0.089453
v 3.964844 1.189062 1.493359
v 3.964844 1.189062 1.493359
v 3.964844 1.189062 1.493359
v 3.964844 1.189062 1.493359
v 3.964844 1.189062 1.493359
v 3.327734 1.241406 -1.211328
v 3.327734 1.241406 -1.211328
v 3.327734 1.241406 -1.211328
v 3.327734 1.241406 -1.211328
v 3.327734 1.241406 -1.211328
v 3.327734 1.241406 -1.211328
v 3.327734 1.241406 -1.211328
v 3.447656 1.366016 -0.167578
v 3.447656 1.366016 -0.167578
v 3.447656 1.366016 -0.167578
v 3.447656 1.366016 -0.167578
v 3.447656 1.366016 -0.167578
v 3.447656 1.366016 -0.167578
v 3.447656 1.366016 -0.167578
v 3.328516 1.240625 0.941016
v 3.328516 1.240625 0.941016
v 3.328516 1.240625 0.941016
v 3.328516 1.240625 0.941016
v 3.328516 1.240625 0.941016
v 3.328516 1.240625 0.941016
v 3.328516 1.240625 0.941016
v 3.528125 0.456641 -1.172656
v 3.528125 0.456641 -1.172656
v 3.528125 0.456641 -1.172656
v 3.528125 0.456641 -1.172656
v 3.564453 -0.175391 -1.167578
v 3.564453 -0.175391 -1.167578
v 3.564453 -0.175391 -1.167578
v 3.564453 -0.175391 -1.167578
v 3.564453 -0.175391 -1.167578
v 3.512110 0.958984 0.894141
v 3.512110 0.958984 0.894141
v 3.512110 0.958984 0.894141
v 3.512110 0.958984 0.894141
v 3.241797 -0.517188 0.933594
v 3.241797 -0.517188 0.933594
v 3.241797 -0.517188 0.933594
v 3.241797 -0.517188 0.933594
v 3.241797 -0.517188 0.933594
v 3.989063 1.282031 -0.659375
v 3.989063 1.282031 -0.659375
v 3.989063 1.282031 -0.659375
v 3.989063 1.282031 -0.659375
v 3.989063 1.282031 -0.659375
v 3.002344 -0.657422 -0.896875
v 3.002344 -0.657422 -0.896875
v 3.002344 -0.657422 -0.896875
v 3.002344 -0.657422 -0.896875
v 3.002344 -0.657422 -0.896875
v 2.991406 -0.720313 -0.441016
v 2.991406 -0.720313 -0.441016
v 2.991406 -0.720313 -0.441016
v 2.991406 -0.720313 -0.441016
v 2.991406 -0.720313 -0.441016
v 4.080469 1.322656 0.361328
v 4.080469 1.322656 0.361328
v 4.080469 1.322656 0.361328
v 4.080469 1.322656 0.361328
v 4.080469 1.322656 0.361328
v 3.015625 -0.841016 0.091406
v 3.015625 -0.841016 0.091406
v 3.015625 -0.841016 0.091406
v 3.015625 -0.841016 0.091406
v 3.015625 -0.841016 0.091406
v 3.019141 -0.851562 0.680078
v 3.019141 -0.851562 0.680078
v 3.019141 -0.851562 0.680078
v 3.019141 -0.851562 0.680078
v 3.019141 -0.851562 0.680078
v 3.019141 -0.851562 0.680078
v 2.133984 0.169141 2.159766
v 2.133984 0.169141 2.159766
v 2.133984 0.169141 2.159766
v 2.133984 0.169141 2.159766
v 2.133984 0.169141 2.159766
v 0.181250 -0.553516 1.528125
v 0.181250 -0.553516 1.528125
v 0.181250 -0.553516 1.528125
v 0.181250 -0.553516 1.528125
v 0.181250 -0.553516 1.528125
v 1.413672 -1.661719 0.666016
v 1.413672 -1.661719 0.666016
v 1.413672 -1.661719 0.666016
v 1.413672 -1.661719 0.666016
v 0.734766 -1.581641 0.834766
v 0.734766 -1.581641 0.834766
v 0.734766 -1.581641 0.834766
v 0.734766 -1.581641 0.834766
v 0.354297 -1.278906 0.931641
v 0.354297 -1.278906 0.931641
v 0.354297 -1.278906 0.931641
v 0.354297 -1.278906 0.931641
v 0.354297 -1.278906 0.931641
v 0.432422 -0.859375 1.755078
v 0.432422 -0.859375 1.755078
v 0.432422 -0.859375 1.755078
v 0.432422 -0.859375 1.755078
v 0.432422 -0.859375 1.755078
v 0.800000 -0.107031 2.023438
v 0.800000 -0.107031 2.023438
v 0.800000 -0.107031 2.023438
v 0.800000 -0.107031 2.023438
v 0.800000 -0.107031 2.023438
v 0.800000 -0.107031 2.023438
v 0.800000 -0.107031 2.023438
v -0.333984 -0.512500 -0.597266
v -0.333984 -0.512500 -0.597266
v -0.333984 -0.512500 -0.597266
v -0.333984 -0.512500 -0.597266
v -0.333984 -0.512500 -0.597266
v -0.333984 -0.512500 -0.597266
v -0.298047 0.178906 0.975391
v -0.298047 0.178906 0.975391
v -0.298047 0.178906 0.975391
v -0.298047 0.178906 0.975391
v -0.298047 0.178906 0.975391
v -0.502344 0.192969 0.431250
v -0.502344 0.192969 0.431250
v -0.502344 0.192969 0.431250
v -0.502344 0.192969 0.431250
v -0.503906 0.191406 -0.582031
v -0.503906 0.191406 -0.582031
v -0.503906 0.191406 -0.582031
v -0.503906 0.191406 -0.582031
v 2.110156 0.843750 1.955078
v 2.110156 0.843750 1.955078
v 2.110156 0.843750 1.955078
v 2.110156 0.843750 1.955078
v 2.110156 0.843750 1.955078
v 2.110156 0.843750 1.955078
v 1.377734 0.340234 2.033203
v 1.377734 0.340234 2.033203
v 1.377734 0.340234 2.033203
v 1.377734 0.340234 2.033203
v 1.377734 0.340234 2.033203
v 2.539062 -1.107422 0.675000
v 2.539062 -1.107422 0.675000
v 2.539062 -1.107422 0.675000
v 2.539062 -1.107422 0.675000
v 2.388672 -1.138672 0.617969
v 2.388672 -1.138672 0.617969
v 2.388672 -1.138672 0.617969
v 2.388672 -1.138672 0.617969
v 6.837891 -1.045703 1.295313
v 6.837891 -1.045703 1.295313
v 6.837891 -1.045703 1.295313
v 6.837891 -1.045703 1.295313
v 6.725000 -0.637500 1.234375
v 6.725000 -0.637500 1.234375
v 6.725000 -0.637500 1.234375
v 6.725000 -0.637500 1.234375
v 6.725000 -0.637500 1.234375
v 6.274219 -1.191406 1.124219
v 6.274219 -1.191406 1.124219
v 6.274219 -1.191406 1.124219
v 6.274219 -1.191406 1.124219
v 6.274219 -1.191406 1.124219
v 5.888281 -1.455469 1.307813
v 5.888281 -1.455469 1.307813
v 5.888281 -1.455469 1.307813
v 5.888281 -1.455469 1.307813
v 5.888281 -1.455469 1.307813
v 6.131641 -1.285547 2.018359
v 6.131641 -1.285547 2.018359
v 6.131641 -1.285547 2.018359
v 6.131641 -1.285547 2.018359
v 6.131641 -1.285547 2.018359
v 5.821875 -1.499609 1.725000
v 5.821875 -1.499609 1.725000
v 5.821875 -1.499609 1.725000
v 5.821875 -1.499609 1.725000
v 5.821875 -1.499609 1.725000
v 6.732422 -1.115234 1.955469
v 6.732422 -1.115234 1.955469
v 6.732422 -1.115234 1.955469
v 6.732422 -1.115234 1.955469
v 6.610547 -0.721484 2.057031
v 6.610547 -0.721484 2.057031
v 6.610547 -0.721484 2.057031
v 6.610547 -0.721484 2.057031
v 6.610547 -0.721484 2.057031
v 6.878516 -0.650000 1.687109
v 6.878516 -0.650000 1.687109
v 6.878516 -0.650000 1.687109
v 6.878516 -0.650000 1.687109
v 6.966797 -1.067578 1.637109
v 6.966797 -1.067578 1.637109
v 6.966797 -1.067578 1.637109
v 6.966797 -1.067578 1.637109
v 6.966797 -1.067578 1.637109
v 5.420312 -1.081641 1.279297
v 5.420312 -1.081641 1.279297
v 5.420312 -1.081641 1.279297
v 5.420312 -1.081641 1.279297
v 6.141407 -0.595313 1.071094
v 6.141407 -0.595313 1.071094
v 6.141407 -0.595313 1.071094
v 6.141407 -0.595313 1.071094
v 6.141407 -0.595313 1.071094
v 6.141407 -0.595313 1.071094
v 5.353906 -1.125391 1.696875
v 5.353906 -1.125391 1.696875
v 5.353906 -1.125391 1.696875
v 5.353906 -1.125391 1.696875
v 5.850000 -0.737891 2.063672
v 5.850000 -0.737891 2.063672
v 5.850000 -0.737891 2.063672
v 5.850000 -0.737891 2.063672
v 5.850000 -0.737891 2.063672
v 5.850000 -0.737891 2.063672
v 6.399610 -0.060938 1.696484
v 6.399610 -0.060938 1.696484
v 6.399610 -0.060938 1.696484
v 6.399610 -0.060938 1.696484
v 6.203907 -0.261328 2.096875
v 6.203907 -0.261328 2.096875
v 6.203907 -0.261328 2.096875
v 6.203907 -0.261328 2.096875
v 6.322656 -0.209375 1.230078
v 6.322656 -0.209375 1.230078
v 6.322656 -0.209375 1.230078
v 6.322656 -0.209375 1.230078
v 6.025781 0.258594 1.700781
v 6.025781 0.258594 1.700781
v 6.025781 0.258594 1.700781
v 6.025781 0.258594 1.700781
v 5.810156 0.067969 2.108984
v 5.810156 0.067969 2.108984
v 5.810156 0.067969 2.108984
v 5.810156 0.067969 2.108984
v 5.810156 0.067969 2.108984
v 5.976953 0.128516 1.219922
v 5.976953 0.128516 1.219922
v 5.976953 0.128516 1.219922
v 5.976953 0.128516 1.219922
v 5.976953 0.128516 1.219922
v 5.080078 -0.663281 1.723828
v 5.080078 -0.663281 1.723828
v 5.080078 -0.663281 1.723828
v 5.080078 -0.663281 1.723828
v 5.121094 -0.635938 1.290625
v 5.121094 -0.635938 1.290625
v 5.121094 -0.635938 1.290625
v 5.121094 -0.635938 1.290625
v 4.467578 -0.342969 1.203125
v 4.467578 -0.342969 1.203125
v 4.467578 -0.342969 1.203125
v 4.467578 -0.342969 1.203125
v 4.575781 0.241016 0.935156
v 4.575781 0.241016 0.935156
v 4.575781 0.241016 0.935156
v 4.575781 0.241016 0.935156
v 4.575781 0.241016 0.935156
v 4.575781 0.241016 0.935156
v 4.575781 0.241016 0.935156
v 4.366406 -0.379297 1.680078
v 4.366406 -0.379297 1.680078
v 4.366406 -0.379297 1.680078
v 4.366406 -0.379297 1.680078
v 4.377735 0.163672 2.042187
v 4.377735 0.163672 2.042187
v 4.377735 0.163672 2.042187
v 4.377735 0.163672 2.042187
v 4.377735 0.163672 2.042187
v 4.377735 0.163672 2.042187
v 4.377735 0.163672 2.042187
v 4.935937 0.914844 1.594922
v 4.935937 0.914844 1.594922
v 4.935937 0.914844 1.594922
v 4.935937 0.914844 1.594922
v 4.775391 0.677734 2.051953
v 4.775391 0.677734 2.051953
v 4.775391 0.677734 2.051953
v 4.775391 0.677734 2.051953
v 5.487891 0.616406 1.666016
v 5.487891 0.616406 1.666016
v 5.487891 0.616406 1.666016
v 5.487891 0.616406 1.666016
v 5.291016 0.380078 2.085156
v 5.291016 0.380078 2.085156
v 5.291016 0.380078 2.085156
v 5.291016 0.380078 2.085156
v 5.291016 0.380078 2.085156
v 4.917188 0.710156 1.117578
v 4.917188 0.710156 1.117578
v 4.917188 0.710156 1.117578
v 4.917188 0.710156 1.117578
v 5.449219 0.502734 1.182813
v 5.449219 0.502734 1.182813
v 5.449219 0.502734 1.182813
v 5.449219 0.502734 1.182813
v 5.449219 0.502734 1.182813
v 4.410938 1.072656 1.541797
v 4.410938 1.072656 1.541797
v 4.410938 1.072656 1.541797
v 4.410938 1.072656 1.541797
v 4.228516 0.880859 1.985937
v 4.228516 0.880859 1.985937
v 4.228516 0.880859 1.985937
v 4.228516 0.880859 1.985937
v 4.228516 0.880859 1.985937
v 4.436719 0.916016 1.065625
v 4.436719 0.916016 1.065625
v 4.436719 0.916016 1.065625
v 4.436719 0.916016 1.065625
v 4.436719 0.916016 1.065625
v 6.703516 -1.471094 1.353516
v 6.703516 -1.471094 1.353516
v 6.703516 -1.471094 1.353516
v 6.703516 -1.471094 1.353516
v 6.703516 -1.471094 1.353516
v 6.703516 -1.471094 1.353516
v 6.636719 -1.515234 1.770703
v 6.636719 -1.515234 1.770703
v 6.636719 -1.515234 1.770703
v 6.636719 -1.515234 1.770703
v 6.636719 -1.515234 1.770703
v 6.636719 -1.515234 1.770703
v 6.248828 -1.618359 1.520313
v 6.248828 -1.618359 1.520313
v 6.248828 -1.618359 1.520313
v 6.248828 -1.618359 1.520313
v 5.249609 -0.191797 2.107813
v 5.249609 -0.191797 2.107813
v 5.249609 -0.191797 2.107813
v 5.249609 -0.191797 2.107813
v 5.249609 -0.191797 2.107813
v 5.249609 -0.191797 2.107813
v 5.578516 -0.160156 1.014844
v 5.578516 -0.160156 1.014844
v 5.578516 -0.160156 1.014844
v 5.578516 -0.160156 1.014844
v 5.578516 -0.160156 1.014844
v 5.578516 -0.160156 1.014844
v 4.642969 -0.572266 1.667578
v 4.642969 -0.572266 1.667578
v 4.642969 -0.572266 1.667578
v 4.642969 -0.572266 1.667578
v 4.698438 -0.547266 1.232031
v 4.698438 -0.547266 1.232031
v 4.698438 -0.547266 1.232031
v 4.698438 -0.547266 1.232031
v 5.750391 -2.077344 0.079297
v 5.750391 -2.077344 0.079297
v 5.750391 -2.077344 0.079297
v 5.750391 -2.077344 0.079297
v 5.916797 -1.689453 -0.006250
v 5.916797 -1.689453 -0.006250
v 5.916797 -1.689453 -0.006250
v 5.916797 -1.689453 -0.006250
v 5.916797 -1.689453 -0.006250
v 5.269531 -1.727344 -0.105469
v 5.269531 -1.727344 -0.105469
v 5.269531 -1.727344 -0.105469
v 5.269531 -1.727344 -0.105469
v 5.269531 -1.727344 -0.105469
v 4.690235 -1.994922 0.185156
v 4.690235 -1.994922 0.185156
v 4.690235 -1.994922 0.185156
v 4.690235 -1.994922 0.185156
v 4.690235 -1.994922 0.185156
v 5.093750 -1.801563 0.904688
v 5.093750 -1.801563 0.904688
v 5.093750 -1.801563 0.904688
v 5.093750 -1.801563 0.904688
v 5.093750 -1.801563 0.904688
v 4.677734 -1.997266 0.608594
v 4.677734 -1.997266 0.608594
v 4.677734 -1.997266 0.608594
v 4.677734 -1.997266 0.608594
v 4.677734 -1.997266 0.608594
v 5.730859 -2.080859 0.744922
v 5.730859 -2.080859 0.744922
v 5.730859 -2.080859 0.744922
v 5.730859 -2.080859 0.744922
v 5.898438 -1.694531 0.807422
v 5.898438 -1.694531 0.807422
v 5.898438 -1.694531 0.807422
v 5.898438 -1.694531 0.807422
v 5.898438 -1.694531 0.807422
v 6.143360 -1.728125 0.419922
v 6.143360 -1.728125 0.419922
v 6.143360 -1.728125 0.419922
v 6.143360 -1.728125 0.419922
v 5.955078 -2.144922 0.414453
v 5.955078 -2.144922 0.414453
v 5.955078 -2.144922 0.414453
v 5.955078 -2.144922 0.414453
v 5.955078 -2.144922 0.414453
v 4.555469 -1.478516 0.195703
v 4.555469 -1.478516 0.195703
v 4.555469 -1.478516 0.195703
v 4.555469 -1.478516 0.195703
v 5.210156 -1.287500 -0.119922
v 5.210156 -1.287500 -0.119922
v 5.210156 -1.287500 -0.119922
v 5.210156 -1.287500 -0.119922
v 5.210156 -1.287500 -0.119922
v 5.210156 -1.287500 -0.119922
v 4.539453 -1.478516 0.619141
v 4.539453 -1.478516 0.619141
v 4.539453 -1.478516 0.619141
v 4.539453 -1.478516 0.619141
v 5.122656 -1.309375 0.936719
v 5.122656 -1.309375 0.936719
v 5.122656 -1.309375 0.936719
v 5.122656 -1.309375 0.936719
v 5.122656 -1.309375 0.936719
v 5.122656 -1.309375 0.936719
v 6.127344 -1.216406 0.425000
v 6.127344 -1.216406 0.425000
v 6.127344 -1.216406 0.425000
v 6.127344 -1.216406 0.425000
v 5.875000 -1.191016 0.846484
v 5.875000 -1.191016 0.846484
v 5.875000 -1.191016 0.846484
v 5.875000 -1.191016 0.846484
v 5.867188 -1.213281 -0.034375
v 5.867188 -1.213281 -0.034375
v 5.867188 -1.213281 -0.034375
v 5.867188 -1.213281 -0.034375
v 6.055078 -0.651172 0.409766
v 6.055078 -0.651172 0.409766
v 6.055078 -0.651172 0.409766
v 6.055078 -0.651172 0.409766
v 5.844532 -0.736328 0.835938
v 5.844532 -0.736328 0.835938
v 5.844532 -0.736328 0.835938
v 5.844532 -0.736328 0.835938
v 5.844532 -0.736328 0.835938
v 5.807031 -0.750781 -0.053906
v 5.807031 -0.750781 -0.053906
v 5.807031 -0.750781 -0.053906
v 5.807031 -0.750781 -0.053906
v 5.807031 -0.750781 -0.053906
v 4.607422 -1.128125 0.591797
v 4.607422 -1.128125 0.591797
v 4.607422 -1.128125 0.591797
v 4.607422 -1.128125 0.591797
v 4.603125 -1.139063 0.191797
v 4.603125 -1.139063 0.191797
v 4.603125 -1.139063 0.191797
v 4.603125 -1.139063 0.191797
v 4.080469 -0.437109 0.187500
v 4.080469 -0.437109 0.187500
v 4.080469 -0.437109 0.187500
v 4.080469 -0.437109 0.187500
v 4.725391 -0.189844 -0.163281
v 4.725391 -0.189844 -0.163281
v 4.725391 -0.189844 -0.163281
v 4.725391 -0.189844 -0.163281
v 4.725391 -0.189844 -0.163281
v 4.725391 -0.189844 -0.163281
v 4.725391 -0.189844 -0.163281
v 4.070703 -0.431250 0.611328
v 4.070703 -0.431250 0.611328
v 4.070703 -0.431250 0.611328
v 4.070703 -0.431250 0.611328
v 4.700391 -0.175000 0.961328
v 4.700391 -0.175000 0.961328
v 4.700391 -0.175000 0.961328
v 4.700391 -0.175000 0.961328
v 4.700391 -0.175000 0.961328
v 4.700391 -0.175000 0.961328
v 4.700391 -0.175000 0.961328
v 5.485938 0.385547 0.397266
v 5.485938 0.385547 0.397266
v 5.485938 0.385547 0.397266
v 5.485938 0.385547 0.397266
v 5.297657 0.271484 0.848828
v 5.297657 0.271484 0.848828
v 5.297657 0.271484 0.848828
v 5.297657 0.271484 0.848828
v 5.814063 -0.072266 0.419531
v 5.814063 -0.072266 0.419531
v 5.814063 -0.072266 0.419531
v 5.814063 -0.072266 0.419531
v 5.665235 -0.176953 0.859375
v 5.665235 -0.176953 0.859375
v 5.665235 -0.176953 0.859375
v 5.665235 -0.176953 0.859375
v 5.665235 -0.176953 0.859375
v 5.318750 0.258984 -0.058203
v 5.318750 0.258984 -0.058203
v 5.318750 0.258984 -0.058203
v 5.318750 0.258984 -0.058203
v 5.600391 -0.184766 -0.048047
v 5.600391 -0.184766 -0.048047
v 5.600391 -0.184766 -0.048047
v 5.600391 -0.184766 -0.048047
v 5.600391 -0.184766 -0.048047
v 4.911328 0.935156 0.385938
v 4.911328 0.935156 0.385938
v 4.911328 0.935156 0.385938
v 4.911328 0.935156 0.385938
v 4.764453 0.807422 0.857813
v 4.764453 0.807422 0.857813
v 4.764453 0.807422 0.857813
v 4.764453 0.807422 0.857813
v 4.764453 0.807422 0.857813
v 4.777344 0.798828 -0.057422
v 4.777344 0.798828 -0.057422
v 4.777344 0.798828 -0.057422
v 4.777344 0.798828 -0.057422
v 4.777344 0.798828 -0.057422
v 5.380469 -2.355860 0.191797
v 5.380469 -2.355860 0.191797
v 5.380469 -2.355860 0.191797
v 5.380469 -2.355860 0.191797
v 5.380469 -2.355860 0.191797
v 5.380469 -2.355860 0.191797
v 5.367969 -2.358203 0.615625
v 5.367969 -2.358203 0.615625
v 5.367969 -2.358203 0.615625
v 5.367969 -2.358203 0.615625
v 5.367969 -2.358203 0.615625
v 5.367969 -2.358203 0.615625
v 4.919141 -2.277735 0.398047
v 4.919141 -2.277735 0.398047
v 4.919141 -2.277735 0.398047
v 4.919141 -2.277735 0.398047
v 4.883985 -0.676953 0.965234
v 4.883985 -0.676953 0.965234
v 4.883985 -0.676953 0.965234
v 4.883985 -0.676953 0.965234
v 4.883985 -0.676953 0.965234
v 4.883985 -0.676953 0.965234
v 5.037500 -0.653125 -0.125781
v 5.037500 -0.653125 -0.125781
v 5.037500 -0.653125 -0.125781
v 5.037500 -0.653125 -0.125781
v 5.037500 -0.653125 -0.125781
v 5.037500 -0.653125 -0.125781
v 4.283985 -0.827734 0.618750
v 4.283985 -0.827734 0.618750
v 4.283985 -0.827734 0.618750
v 4.283985 -0.827734 0.618750
v 4.280078 -0.839453 0.202734
v 4.280078 -0.839453 0.202734
v 4.280078 -0.839453 0.202734
v 4.280078 -0.839453 0.202734
v 4.042188 -1.751562 -0.826563
v 4.042188 -1.751562 -0.826563
v 4.042188 -1.751562 -0.826563
v 4.042188 -1.751562 -0.826563
v 4.647266 -1.689453 -0.932422
v 4.647266 -1.689453 -0.932422
v 4.647266 -1.689453 -0.932422
v 4.647266 -1.689453 -0.932422
v 4.647266 -1.689453 -0.932422
v 3.638672 -1.404688 -1.019141
v 3.638672 -1.404688 -1.019141
v 3.638672 -1.404688 -1.019141
v 3.638672 -1.404688 -1.019141
v 3.638672 -1.404688 -1.019141
v 3.367969 -1.182031 -0.761328
v 3.367969 -1.182031 -0.761328
v 3.367969 -1.182031 -0.761328
v 3.367969 -1.182031 -0.761328
v 3.367969 -1.182031 -0.761328
v 3.725781 -1.344531 -0.048047
v 3.725781 -1.344531 -0.048047
v 3.725781 -1.344531 -0.048047
v 3.725781 -1.344531 -0.048047
v 3.725781 -1.344531 -0.048047
v 3.394141 -1.183984 -0.323047
v 3.394141 -1.183984 -0.323047
v 3.394141 -1.183984 -0.323047
v 3.394141 -1.183984 -0.323047
v 3.394141 -1.183984 -0.323047
v 4.025000 -1.849609 -0.242578
v 4.025000 -1.849609 -0.242578
v 4.025000 -1.849609 -0.242578
v 4.025000 -1.849609 -0.242578
v 4.675781 -1.683203 -0.187500
v 4.675781 -1.683203 -0.187500
v 4.675781 -1.683203 -0.187500
v 4.675781 -1.683203 -0.187500
v 4.675781 -1.683203 -0.187500
v 4.755859 -1.806641 -0.548047
v 4.755859 -1.806641 -0.548047
v 4.755859 -1.806641 -0.548047
v 4.755859 -1.806641 -0.548047
v 4.121484 -1.912891 -0.523047
v 4.121484 -1.912891 -0.523047
v 4.121484 -1.912891 -0.523047
v 4.121484 -1.912891 -0.523047
v 4.121484 -1.912891 -0.523047
v 3.682422 -0.950391 -0.763672
v 3.682422 -0.950391 -0.763672
v 3.682422 -0.950391 -0.763672
v 3.682422 -0.950391 -0.763672
v 4.651172 -1.165234 -1.083594
v 4.651172 -1.165234 -1.083594
v 4.651172 -1.165234 -1.083594
v 4.651172 -1.165234 -1.083594
v 4.651172 -1.165234 -1.083594
v 4.651172 -1.165234 -1.083594
v 3.700391 -0.943750 -0.340234
v 3.700391 -0.943750 -0.340234
v 3.700391 -0.943750 -0.340234
v 3.700391 -0.943750 -0.340234
v 4.505078 -1.063672 -0.028125
v 4.505078 -1.063672 -0.028125
v 4.505078 -1.063672 -0.028125
v 4.505078 -1.063672 -0.028125
v 4.505078 -1.063672 -0.028125
v 4.505078 -1.063672 -0.028125
vt 0.955088 0.383483
vt 0.939394 0.366303
vt 0.939394 0.367784
vt 0.955089 0.382002
vt 0.709104 0.471578
vt 0.694806 0.467526
vt 0.709104 0.467526
vt 0.694806 0.474111
vt 0.913108 0.478576
vt 0.897880 0.474175
vt 0.897880 0.478576
vt 0.913108 0.471535
vt 0.964882 0.478576
vt 0.949654 0.474175
vt 0.949654 0.478576
vt 0.964882 0.471535
vt 0.680507 0.479682
vt 0.694806 0.483734
vt 0.680507 0.483734
vt 0.694806 0.477150
vt 0.709104 0.479682
vt 0.694806 0.483734
vt 0.694806 0.477150
vt 0.709104 0.483734
vt 0.680507 0.487786
vt 0.694806 0.483734
vt 0.694806 0.487598
vt 0.680507 0.483734
vt 0.830878 0.463614
vt 0.815651 0.470215
vt 0.830878 0.468014
vt 0.815651 0.463614
vt 0.846106 0.463614
vt 0.830878 0.468014
vt 0.846106 0.468014
vt 0.830878 0.463614
vt 0.846106 0.468014
vt 0.861334 0.463614
vt 0.846106 0.463614
vt 0.861334 0.470215
vt 0.709104 0.487786
vt 0.694806 0.483734
vt 0.709104 0.483734
vt 0.694806 0.487598
vt 0.964882 0.478576
vt 0.949654 0.489138
vt 0.964882 0.482096
vt 0.949654 0.478576
vt 0.919199 0.478576
vt 0.934427 0.489138
vt 0.934427 0.478576
vt 0.919199 0.482096
vt 0.694806 0.493169
vt 0.680507 0.487786
vt 0.694806 0.487598
vt 0.680507 0.493169
vt 0.694806 0.493169
vt 0.709104 0.487786
vt 0.709104 0.493169
vt 0.694806 0.487598
vt 0.930627 0.424818
vt 0.886373 0.437302
vt 0.868795 0.425092
vt 0.907817 0.437183
vt 0.655088 0.471578
vt 0.640790 0.467526
vt 0.655088 0.467526
vt 0.640790 0.474111
vt 0.626491 0.471578
vt 0.640790 0.467526
vt 0.640790 0.474111
vt 0.626491 0.467526
vt 0.655088 0.463474
vt 0.640790 0.467526
vt 0.640790 0.460942
vt 0.655088 0.467526
vt 0.680507 0.463474
vt 0.694806 0.467526
vt 0.680507 0.467526
vt 0.694806 0.460942
vt 0.939394 0.366303
vt 0.926603 0.381993
vt 0.915516 0.366295
vt 0.955089 0.382002
vt 0.915516 0.366295
vt 0.871433 0.381976
vt 0.871441 0.365569
vt 0.926603 0.381993
vt 0.524815 0.461448
vt 0.539113 0.465500
vt 0.524815 0.465500
vt 0.539113 0.458916
vt 0.553411 0.461448
vt 0.539113 0.465500
vt 0.539113 0.458916
vt 0.553411 0.465500
vt 0.605278 0.443567
vt 0.583135 0.406713
vt 0.603226 0.406815
vt 0.574012 0.440048
vt 0.623155 0.443643
vt 0.650104 0.407050
vt 0.655959 0.440389
vt 0.630013 0.406949
vt 0.522162 0.448518
vt 0.512971 0.442489
vt 0.517631 0.433139
vt 0.515095 0.449008
vt 0.524815 0.469552
vt 0.539113 0.465500
vt 0.539113 0.472085
vt 0.524815 0.465500
vt 0.553411 0.469552
vt 0.539113 0.465500
vt 0.553411 0.465500
vt 0.539113 0.472085
vt 0.709104 0.463474
vt 0.694806 0.467526
vt 0.694806 0.460942
vt 0.709104 0.467526
vt 0.680507 0.471578
vt 0.694806 0.467526
vt 0.694806 0.474111
vt 0.680507 0.467526
vt 0.815651 0.475056
vt 0.800423 0.471535
vt 0.800423 0.475056
vt 0.815651 0.468894
vt 0.656171 0.359452
vt 0.595402 0.382705
vt 0.579921 0.359957
vt 0.638361 0.382921
vt 0.524815 0.475630
vt 0.539113 0.479682
vt 0.524815 0.479682
vt 0.539113 0.473097
vt 0.553411 0.475630
vt 0.539113 0.479682
vt 0.539113 0.473097
vt 0.553411 0.479682
vt 0.524815 0.483734
vt 0.539113 0.479682
vt 0.539113 0.483545
vt 0.524815 0.479682
vt 0.553411 0.483734
vt 0.539113 0.479682
vt 0.553411 0.479682
vt 0.539113 0.483545
vt 0.815651 0.475056
vt 0.800423 0.483857
vt 0.815651 0.478576
vt 0.800423 0.475056
vt 0.539113 0.489812
vt 0.553411 0.483734
vt 0.553411 0.489812
vt 0.539113 0.483545
vt 0.769968 0.475056
vt 0.785195 0.483857
vt 0.785195 0.475056
vt 0.769968 0.478576
vt 0.539113 0.489812
vt 0.524815 0.483734
vt 0.539113 0.483545
vt 0.524815 0.489812
vt 0.882653 0.474175
vt 0.897880 0.478576
vt 0.897880 0.474175
vt 0.882653 0.478576
vt 0.887006 0.443564
vt 0.907817 0.437183
vt 0.907236 0.442954
vt 0.886373 0.437302
vt 0.601072 0.477656
vt 0.586774 0.481708
vt 0.586774 0.475124
vt 0.601072 0.481708
vt 0.837020 0.443896
vt 0.857315 0.437317
vt 0.857400 0.443965
vt 0.835839 0.437297
vt 0.640790 0.474111
vt 0.655088 0.479682
vt 0.640790 0.477150
vt 0.655088 0.471578
vt 0.846106 0.476816
vt 0.830878 0.485617
vt 0.846106 0.485617
vt 0.830878 0.476816
vt 0.626491 0.471578
vt 0.640790 0.477150
vt 0.626491 0.479682
vt 0.640790 0.474111
vt 0.844540 0.352630
vt 0.892940 0.356664
vt 0.844538 0.356708
vt 0.892224 0.352604
vt 0.572476 0.477656
vt 0.586774 0.481708
vt 0.572476 0.481708
vt 0.586774 0.475124
vt 0.787821 0.382631
vt 0.820992 0.373087
vt 0.825556 0.381685
vt 0.782579 0.374945
vt 0.830878 0.472415
vt 0.815651 0.476816
vt 0.830878 0.476816
vt 0.815651 0.470215
vt 0.897880 0.468894
vt 0.882653 0.474175
vt 0.897880 0.474175
vt 0.882653 0.468894
vt 0.820992 0.373087
vt 0.794829 0.368949
vt 0.819833 0.365553
vt 0.782579 0.374945
vt 0.803897 0.387543
vt 0.825556 0.381685
vt 0.833477 0.380192
vt 0.787821 0.382631
vt 0.572476 0.462461
vt 0.586774 0.466513
vt 0.572476 0.466513
vt 0.586774 0.459929
vt 0.601072 0.462461
vt 0.586774 0.466513
vt 0.586774 0.459929
vt 0.601072 0.466513
vt 0.825556 0.381685
vt 0.871426 0.388116
vt 0.833477 0.380192
vt 0.871433 0.381976
vt 0.572476 0.470565
vt 0.586774 0.466513
vt 0.586774 0.473097
vt 0.572476 0.466513
vt 0.601072 0.470565
vt 0.586774 0.466513
vt 0.601072 0.466513
vt 0.586774 0.473097
vt 0.861334 0.476816
vt 0.846106 0.472415
vt 0.846106 0.476816
vt 0.861334 0.470215
vt 0.882653 0.460973
vt 0.897880 0.464494
vt 0.897880 0.460973
vt 0.882653 0.464494
vt 0.626491 0.463474
vt 0.640790 0.467526
vt 0.626491 0.467526
vt 0.640790 0.460942
vt 0.868795 0.425092
vt 0.835839 0.437297
vt 0.833040 0.425229
vt 0.857315 0.437317
vt 0.797285 0.425366
vt 0.835727 0.408901
vt 0.833040 0.425229
vt 0.807535 0.407024
vt 0.626491 0.458409
vt 0.640790 0.460942
vt 0.626491 0.463474
vt 0.640790 0.458409
vt 0.882653 0.474175
vt 0.867425 0.478576
vt 0.882653 0.478576
vt 0.867425 0.471535
vt 0.640790 0.458409
vt 0.655088 0.463474
vt 0.640790 0.460942
vt 0.655088 0.458409
vt 0.586774 0.490130
vt 0.601072 0.485760
vt 0.601072 0.490130
vt 0.586774 0.485571
vt 0.586774 0.490130
vt 0.572476 0.485760
vt 0.586774 0.485571
vt 0.572476 0.490130
vt 0.572476 0.457396
vt 0.586774 0.459929
vt 0.572476 0.462461
vt 0.586774 0.457396
vt 0.586774 0.457396
vt 0.601072 0.462461
vt 0.586774 0.459929
vt 0.601072 0.457396
vt 0.830878 0.460093
vt 0.846106 0.463614
vt 0.846106 0.460093
vt 0.830878 0.463614
vt 0.897880 0.478576
vt 0.882653 0.489138
vt 0.897880 0.489138
vt 0.882653 0.478576
vt 0.815651 0.476816
vt 0.830878 0.485617
vt 0.830878 0.476816
vt 0.815651 0.480336
vt 0.846106 0.468014
vt 0.830878 0.472415
vt 0.846106 0.472415
vt 0.830878 0.468014
vt 0.861334 0.476816
vt 0.846106 0.485617
vt 0.861334 0.480336
vt 0.846106 0.476816
vt 0.572476 0.470565
vt 0.586774 0.475124
vt 0.572476 0.477656
vt 0.586774 0.473097
vt 0.586774 0.473097
vt 0.601072 0.477656
vt 0.586774 0.475124
vt 0.601072 0.470565
vt 0.830878 0.472415
vt 0.846106 0.476816
vt 0.846106 0.472415
vt 0.830878 0.476816
vt 0.572476 0.485760
vt 0.586774 0.481708
vt 0.586774 0.485571
vt 0.572476 0.481708
vt 0.638361 0.382921
vt 0.603226 0.406815
vt 0.595402 0.382705
vt 0.630013 0.406949
vt 0.730908 0.421596
vt 0.743457 0.412474
vt 0.730908 0.412474
vt 0.740813 0.421596
vt 0.730908 0.403351
vt 0.715570 0.409737
vt 0.730908 0.409737
vt 0.715570 0.403351
vt 0.897880 0.468894
vt 0.913108 0.464494
vt 0.897880 0.464494
vt 0.913108 0.471535
vt 0.949654 0.468894
vt 0.964882 0.464494
vt 0.949654 0.464494
vt 0.964882 0.471535
vt 0.949654 0.464494
vt 0.934427 0.468894
vt 0.949654 0.468894
vt 0.934427 0.464494
vt 0.687682 0.412474
vt 0.700231 0.421596
vt 0.700231 0.412474
vt 0.687682 0.421596
vt 0.934427 0.464494
vt 0.919199 0.471535
vt 0.934427 0.468894
vt 0.919199 0.464494
vt 0.700231 0.403351
vt 0.715570 0.409737
vt 0.715570 0.403351
vt 0.700231 0.409737
vt 0.897880 0.464494
vt 0.882653 0.468894
vt 0.897880 0.468894
vt 0.882653 0.464494
vt 0.680507 0.458409
vt 0.694806 0.460942
vt 0.680507 0.463474
vt 0.694806 0.458409
vt 0.694806 0.458409
vt 0.709104 0.463474
vt 0.694806 0.460942
vt 0.709104 0.458409
vt 0.730908 0.395141
vt 0.715570 0.379177
vt 0.715570 0.394229
vt 0.730908 0.383282
vt 0.715570 0.394229
vt 0.700231 0.383282
vt 0.700231 0.395141
vt 0.715570 0.379177
vt 0.934427 0.460973
vt 0.949654 0.464494
vt 0.949654 0.460973
vt 0.934427 0.464494
vt 0.882653 0.464494
vt 0.867425 0.471535
vt 0.882653 0.468894
vt 0.867425 0.464494
vt 0.949654 0.468894
vt 0.934427 0.474175
vt 0.949654 0.474175
vt 0.934427 0.468894
vt 0.844538 0.356560
vt 0.892224 0.352604
vt 0.844540 0.352630
vt 0.891504 0.356552
vt 0.680507 0.471578
vt 0.694806 0.477150
vt 0.680507 0.479682
vt 0.694806 0.474111
vt 0.694806 0.474111
vt 0.709104 0.479682
vt 0.694806 0.477150
vt 0.709104 0.471578
vt 0.730908 0.412474
vt 0.715570 0.421596
vt 0.730908 0.421596
vt 0.715570 0.412474
vt 0.730908 0.409737
vt 0.715570 0.412474
vt 0.730908 0.412474
vt 0.715570 0.409737
vt 0.631906 0.400615
vt 0.650033 0.406088
vt 0.650033 0.400615
vt 0.631906 0.406088
vt 0.730908 0.403351
vt 0.715570 0.400615
vt 0.715570 0.403351
vt 0.730908 0.400615
vt 0.730908 0.395141
vt 0.715570 0.400615
vt 0.730908 0.400615
vt 0.715570 0.394229
vt 0.650033 0.406088
vt 0.631906 0.412474
vt 0.650033 0.412474
vt 0.631906 0.406088
vt 0.715570 0.412474
vt 0.700231 0.421596
vt 0.715570 0.421596
vt 0.700231 0.412474
vt 0.700231 0.409737
vt 0.715570 0.412474
vt 0.715570 0.409737
vt 0.700231 0.412474
vt 0.669555 0.406088
vt 0.687682 0.400615
vt 0.669555 0.400615
vt 0.687682 0.406088
vt 0.700231 0.403351
vt 0.715570 0.400615
vt 0.700231 0.400615
vt 0.715570 0.403351
vt 0.715570 0.394229
vt 0.700231 0.400615
vt 0.715570 0.400615
vt 0.700231 0.395141
vt 0.785195 0.462733
vt 0.769968 0.468894
vt 0.785195 0.466254
vt 0.769968 0.462733
vt 0.687682 0.412474
vt 0.669555 0.406088
vt 0.669555 0.412474
vt 0.687682 0.406088
vt 0.800423 0.462733
vt 0.785195 0.466254
vt 0.800423 0.466254
vt 0.785195 0.462733
vt 0.800423 0.466254
vt 0.815651 0.462733
vt 0.800423 0.462733
vt 0.815651 0.468894
vt 0.669555 0.421596
vt 0.641667 0.426157
vt 0.677921 0.426157
vt 0.650033 0.421596
vt 0.601072 0.485760
vt 0.586774 0.481708
vt 0.601072 0.481708
vt 0.586774 0.485571
vt 0.669555 0.417947
vt 0.650033 0.421596
vt 0.669555 0.421596
vt 0.650033 0.417947
vt 0.669555 0.412474
vt 0.650033 0.417947
vt 0.669555 0.417947
vt 0.650033 0.412474
vt 0.669555 0.400615
vt 0.650033 0.406088
vt 0.669555 0.406088
vt 0.650033 0.400615
vt 0.669555 0.406088
vt 0.650033 0.412474
vt 0.669555 0.412474
vt 0.650033 0.406088
vt 0.970019 0.406648
vt 0.964301 0.429076
vt 0.965580 0.406773
vt 0.968826 0.429245
vt 0.962746 0.436460
vt 0.968826 0.429245
vt 0.964598 0.441016
vt 0.964301 0.429076
vt 0.964598 0.441016
vt 0.946781 0.442531
vt 0.962746 0.436460
vt 0.961867 0.445573
vt 0.788034 0.441818
vt 0.767982 0.439056
vt 0.777713 0.436258
vt 0.771292 0.444717
vt 0.949654 0.478576
vt 0.934427 0.489138
vt 0.949654 0.489138
vt 0.934427 0.478576
vt 0.913108 0.478576
vt 0.897880 0.489138
vt 0.913108 0.482096
vt 0.897880 0.478576
vt 0.800423 0.475056
vt 0.785195 0.483857
vt 0.800423 0.483857
vt 0.785195 0.475056
vt 0.655088 0.487786
vt 0.640790 0.483734
vt 0.655088 0.483734
vt 0.640790 0.487598
vt 0.719823 0.446800
vt 0.708911 0.452920
vt 0.713685 0.435516
vt 0.716554 0.453587
vt 0.626491 0.487786
vt 0.640790 0.483734
vt 0.640790 0.487598
vt 0.626491 0.483734
vt 0.934427 0.474175
vt 0.919199 0.478576
vt 0.934427 0.478576
vt 0.919199 0.471535
vt 0.785195 0.471535
vt 0.769968 0.475056
vt 0.785195 0.475056
vt 0.769968 0.468894
vt 0.556164 0.436447
vt 0.531754 0.409316
vt 0.557621 0.408029
vt 0.524011 0.433906
vt 0.965580 0.406773
vt 0.930627 0.424818
vt 0.931694 0.410798
vt 0.964301 0.429076
vt 0.931694 0.410798
vt 0.868795 0.425092
vt 0.863920 0.410777
vt 0.930627 0.424818
vt 0.835727 0.408901
vt 0.868795 0.425092
vt 0.833040 0.425229
vt 0.863920 0.410777
vt 0.655088 0.479682
vt 0.640790 0.483734
vt 0.640790 0.477150
vt 0.655088 0.483734
vt 0.931694 0.410798
vt 0.966050 0.388326
vt 0.965580 0.406773
vt 0.929606 0.388891
vt 0.955089 0.382002
vt 0.929606 0.388891
vt 0.926603 0.381993
vt 0.966050 0.388326
vt 0.926603 0.381993
vt 0.871426 0.388116
vt 0.871433 0.381976
vt 0.929606 0.388891
vt 0.626491 0.479682
vt 0.640790 0.483734
vt 0.626491 0.483734
vt 0.640790 0.477150
vt 0.934427 0.474175
vt 0.949654 0.478576
vt 0.949654 0.474175
vt 0.934427 0.478576
vt 0.800423 0.466254
vt 0.785195 0.471535
vt 0.800423 0.471535
vt 0.785195 0.466254
vt 0.785195 0.459213
vt 0.800423 0.462733
vt 0.800423 0.459213
vt 0.785195 0.462733
vt 0.668160 0.386019
vt 0.669555 0.400615
vt 0.683499 0.383282
vt 0.650033 0.400615
vt 0.524815 0.469552
vt 0.539113 0.473097
vt 0.524815 0.475630
vt 0.539113 0.472085
vt 0.539113 0.472085
vt 0.553411 0.475630
vt 0.539113 0.473097
vt 0.553411 0.469552
vt 0.640790 0.493169
vt 0.655088 0.487786
vt 0.655088 0.493169
vt 0.640790 0.487598
vt 0.785195 0.471535
vt 0.800423 0.475056
vt 0.800423 0.471535
vt 0.785195 0.475056
vt 0.539113 0.454298
vt 0.553411 0.461448
vt 0.539113 0.458916
vt 0.553411 0.457396
vt 0.583135 0.406713
vt 0.560385 0.382066
vt 0.595402 0.382705
vt 0.557621 0.408029
vt 0.650104 0.407050
vt 0.674417 0.383102
vt 0.670194 0.407151
vt 0.638361 0.382921
vt 0.640790 0.493169
vt 0.626491 0.487786
vt 0.640790 0.487598
vt 0.626491 0.493169
vt 0.673840 0.440503
vt 0.694318 0.407273
vt 0.703940 0.437014
vt 0.670194 0.407151
vt 0.867425 0.478576
vt 0.882653 0.489138
vt 0.882653 0.478576
vt 0.867425 0.482096
vt 0.524815 0.457396
vt 0.539113 0.458916
vt 0.524815 0.461448
vt 0.539113 0.454298
vt 0.666083 0.454566
vt 0.656403 0.457594
vt 0.664900 0.440454
vt 0.837020 0.443896
vt 0.817761 0.440398
vt 0.835839 0.437297
vt 0.835839 0.437297
vt 0.817761 0.440398
vt 0.798257 0.439074
vt 0.821344 0.447416
vt 0.817761 0.440398
vt 0.837020 0.443896
vt 0.817761 0.440398
vt 0.808231 0.442847
vt 0.798257 0.439074
vt 0.664900 0.440454
vt 0.673840 0.440503
vt 0.675728 0.455044
vt 0.670194 0.407151
vt 0.664900 0.440454
vt 0.650104 0.407050
vt 0.819833 0.365553
vt 0.871441 0.365569
vt 0.820992 0.373087
vt 0.844538 0.356560
vt 0.818949 0.357503
vt 0.803804 0.365591
vt 0.703940 0.437014
vt 0.708911 0.452920
vt 0.692734 0.454489
vt 0.614217 0.443612
vt 0.623155 0.443643
vt 0.620920 0.456867
vt 0.874001 0.440494
vt 0.857400 0.443965
vt 0.857315 0.437317
vt 0.808231 0.442847
vt 0.817761 0.440398
vt 0.821344 0.447416
vt 0.673840 0.440503
vt 0.692734 0.454489
vt 0.675728 0.455044
vt 0.656403 0.457594
vt 0.638699 0.460253
vt 0.655959 0.440389
vt 0.669555 0.417947
vt 0.687682 0.412474
vt 0.669555 0.412474
vt 0.631906 0.412474
vt 0.650033 0.417947
vt 0.650033 0.412474
vt 0.687682 0.400615
vt 0.687682 0.406088
vt 0.700231 0.403351
vt 0.700231 0.409737
vt 0.700231 0.403351
vt 0.687682 0.406088
vt 0.730908 0.409737
vt 0.743457 0.406335
vt 0.730908 0.403351
vt 0.730908 0.395141
vt 0.730908 0.400615
vt 0.743457 0.400615
vt 0.844538 0.356708
vt 0.819833 0.365553
vt 0.805323 0.363052
vt 0.596850 0.347578
vt 0.579921 0.359957
vt 0.550233 0.360828
vt 0.916945 0.357515
vt 0.939394 0.366303
vt 0.892940 0.356664
vt 0.970019 0.406648
vt 0.965580 0.406773
vt 0.966050 0.388326
vt 0.700231 0.412474
vt 0.700231 0.409737
vt 0.687682 0.412474
vt 0.669555 0.421596
vt 0.677921 0.426157
vt 0.687682 0.421596
vt 0.700231 0.403351
vt 0.700231 0.400615
vt 0.687682 0.400615
vt 0.687682 0.412474
vt 0.700231 0.409737
vt 0.687682 0.406088
vt 0.730908 0.412474
vt 0.743457 0.412474
vt 0.730908 0.409737
vt 0.650033 0.421596
vt 0.631906 0.421596
vt 0.641667 0.426157
vt 0.730908 0.403351
vt 0.743457 0.400615
vt 0.730908 0.400615
vt 0.730908 0.403351
vt 0.743457 0.406335
vt 0.743457 0.400615
vt 0.730908 0.409737
vt 0.743457 0.412474
vt 0.743457 0.406335
vt 0.730908 0.426157
vt 0.715570 0.421596
vt 0.700231 0.426157
vt 0.650033 0.400615
vt 0.668160 0.386019
vt 0.654216 0.394229
vt 0.700231 0.421596
vt 0.700231 0.426157
vt 0.715570 0.421596
vt 0.669555 0.417947
vt 0.669555 0.421596
vt 0.687682 0.421596
vt 0.687682 0.400615
vt 0.700231 0.400615
vt 0.700231 0.395141
vt 0.730908 0.426157
vt 0.740813 0.421596
vt 0.730908 0.421596
vt 0.631906 0.421596
vt 0.650033 0.421596
vt 0.650033 0.417947
vt 0.638361 0.382921
vt 0.650104 0.407050
vt 0.630013 0.406949
vt 0.670194 0.407151
vt 0.674417 0.383102
vt 0.694318 0.407273
vt 0.844538 0.356708
vt 0.805323 0.363052
vt 0.818949 0.357503
vt 0.916945 0.357515
vt 0.892940 0.356664
vt 0.892224 0.352604
vt 0.560385 0.382066
vt 0.529428 0.379619
vt 0.550233 0.360828
vt 0.699977 0.377476
vt 0.694318 0.407273
vt 0.674417 0.383102
vt 0.807535 0.407024
vt 0.797285 0.425366
vt 0.778269 0.425984
vt 0.777713 0.436258
vt 0.778269 0.425984
vt 0.797285 0.425366
vt 0.907817 0.437183
vt 0.930627 0.424818
vt 0.942139 0.439118
vt 0.531754 0.409316
vt 0.514607 0.409550
vt 0.529428 0.379619
vt 0.524011 0.433906
vt 0.517631 0.433139
vt 0.531754 0.409316
vt 0.964301 0.429076
vt 0.962746 0.436460
vt 0.942139 0.439118
vt 0.713685 0.435516
vt 0.694318 0.407273
vt 0.714030 0.408101
vt 0.762500 0.427578
vt 0.777713 0.436258
vt 0.767982 0.439056
vt 0.631906 0.421596
vt 0.650033 0.417947
vt 0.631906 0.412474
vt 0.654216 0.394229
vt 0.730908 0.383282
vt 0.730908 0.395141
vt 0.654216 0.394229
vt 0.631906 0.400615
vt 0.650033 0.400615
vt 0.654216 0.394229
vt 0.730908 0.395141
vt 0.631906 0.400615
vt 0.687682 0.400615
vt 0.700231 0.395141
vt 0.700231 0.383282
vt 0.691865 0.383282
vt 0.669555 0.400615
vt 0.687682 0.400615
vt 0.691865 0.383282
vt 0.683499 0.383282
vt 0.669555 0.400615
vt 0.674417 0.383102
vt 0.656171 0.359452
vt 0.681939 0.358904
vt 0.529428 0.379619
vt 0.560385 0.382066
vt 0.531754 0.409316
vt 0.517631 0.433139
vt 0.524011 0.433906
vt 0.522162 0.448518
vt 0.700231 0.383282
vt 0.691865 0.383282
vt 0.687682 0.400615
vt 0.700231 0.421596
vt 0.687682 0.421596
vt 0.700231 0.426157
vt 0.730908 0.426157
vt 0.730908 0.421596
vt 0.715570 0.421596
vt 0.669555 0.417947
vt 0.687682 0.421596
vt 0.687682 0.412474
vt 0.709104 0.493169
vt 0.709104 0.487786
vt 0.718636 0.487786
vt 0.934427 0.489138
vt 0.919199 0.482096
vt 0.928336 0.493538
vt 0.680507 0.493169
vt 0.670975 0.487786
vt 0.680507 0.487786
vt 0.721404 0.430720
vt 0.714030 0.408101
vt 0.720887 0.408504
vt 0.762500 0.427578
vt 0.778269 0.425984
vt 0.777713 0.436258
vt 0.850168 0.398448
vt 0.835727 0.408901
vt 0.807535 0.407024
vt 0.835839 0.437297
vt 0.797285 0.425366
vt 0.833040 0.425229
vt 0.833477 0.380192
vt 0.850168 0.398448
vt 0.803897 0.387543
vt 0.871426 0.388116
vt 0.863920 0.410777
vt 0.850168 0.398448
vt 0.769214 0.377087
vt 0.774147 0.387571
vt 0.785081 0.380957
vt 0.765078 0.397359
vt 0.774147 0.387571
vt 0.769214 0.377087
vt 0.714030 0.408101
vt 0.716654 0.382888
vt 0.720887 0.408504
vt 0.713685 0.435516
vt 0.714030 0.408101
vt 0.721404 0.430720
vt 0.714030 0.408101
vt 0.699977 0.377476
vt 0.716654 0.382888
vt 0.763213 0.404874
vt 0.774147 0.387571
vt 0.765078 0.397359
vt 0.579921 0.359957
vt 0.596850 0.347578
vt 0.656171 0.359452
vt 0.642464 0.347834
vt 0.681939 0.358904
vt 0.656171 0.359452
vt 0.939394 0.366303
vt 0.915516 0.366295
vt 0.892940 0.356664
vt 0.897880 0.489138
vt 0.882653 0.489138
vt 0.890266 0.491778
vt 0.867425 0.464494
vt 0.882653 0.460973
vt 0.867425 0.462554
vt 0.655088 0.493169
vt 0.655088 0.498234
vt 0.640790 0.493169
vt 0.913108 0.464494
vt 0.897880 0.460973
vt 0.897880 0.464494
vt 0.913108 0.471535
vt 0.897880 0.468894
vt 0.897880 0.474175
vt 0.882653 0.474175
vt 0.882653 0.468894
vt 0.867425 0.471535
vt 0.655088 0.493169
vt 0.664620 0.487786
vt 0.655088 0.498234
vt 0.882653 0.489138
vt 0.867425 0.482096
vt 0.876562 0.493538
vt 0.655959 0.440389
vt 0.650104 0.407050
vt 0.664900 0.440454
vt 0.556164 0.436447
vt 0.557621 0.408029
vt 0.566567 0.439940
vt 0.673840 0.440503
vt 0.703940 0.437014
vt 0.692734 0.454489
vt 0.919973 0.446997
vt 0.922302 0.440542
vt 0.929387 0.443370
vt 0.907236 0.442954
vt 0.922302 0.440542
vt 0.919973 0.446997
vt 0.942139 0.439118
vt 0.929387 0.443370
vt 0.922302 0.440542
vt 0.962746 0.436460
vt 0.946781 0.442531
vt 0.942139 0.439118
vt 0.556164 0.436447
vt 0.540794 0.451389
vt 0.524011 0.433906
vt 0.540794 0.451389
vt 0.556164 0.436447
vt 0.555217 0.453036
vt 0.574012 0.440048
vt 0.572775 0.456367
vt 0.566567 0.439940
vt 0.613711 0.459664
vt 0.607545 0.455642
vt 0.614217 0.443612
vt 0.572775 0.456367
vt 0.574012 0.440048
vt 0.589684 0.459066
vt 0.922302 0.440542
vt 0.907236 0.442954
vt 0.907817 0.437183
vt 0.922302 0.440542
vt 0.907817 0.437183
vt 0.942139 0.439118
vt 0.886373 0.437302
vt 0.887006 0.443564
vt 0.874001 0.440494
vt 0.857400 0.443965
vt 0.874001 0.440494
vt 0.873573 0.447715
vt 0.886373 0.437302
vt 0.874001 0.440494
vt 0.857315 0.437317
vt 0.623155 0.443643
vt 0.638699 0.460253
vt 0.620920 0.456867
vt 0.572476 0.477656
vt 0.562944 0.481708
vt 0.562944 0.474111
vt 0.610604 0.481708
vt 0.601072 0.481708
vt 0.601072 0.477656
vt 0.614217 0.443612
vt 0.605278 0.443567
vt 0.603226 0.406815
vt 0.785081 0.380957
vt 0.803804 0.365591
vt 0.805323 0.363052
vt 0.934427 0.464494
vt 0.934427 0.460973
vt 0.919199 0.464494
vt 0.680507 0.479682
vt 0.670975 0.475630
vt 0.680507 0.471578
vt 0.709104 0.479682
vt 0.718636 0.475630
vt 0.718636 0.483734
vt 0.718636 0.467526
vt 0.718636 0.475630
vt 0.709104 0.471578
vt 0.934427 0.489138
vt 0.928336 0.493538
vt 0.942041 0.491778
vt 0.949654 0.489138
vt 0.955746 0.493538
vt 0.964882 0.482096
vt 0.670975 0.487786
vt 0.680507 0.493169
vt 0.680507 0.498234
vt 0.709104 0.493169
vt 0.718636 0.487786
vt 0.709104 0.498234
vt 0.626491 0.483734
vt 0.616959 0.483734
vt 0.626491 0.479682
vt 0.626491 0.487786
vt 0.616959 0.487786
vt 0.616959 0.483734
vt 0.897880 0.489138
vt 0.890266 0.491778
vt 0.903971 0.493538
vt 0.655088 0.498234
vt 0.626491 0.498234
vt 0.640790 0.493169
vt 0.626491 0.467526
vt 0.616959 0.467526
vt 0.626491 0.463474
vt 0.876562 0.493538
vt 0.903971 0.493538
vt 0.890266 0.491778
vt 0.626491 0.498234
vt 0.626491 0.493169
vt 0.640790 0.493169
vt 0.664620 0.465500
vt 0.655088 0.463474
vt 0.655088 0.458409
vt 0.664620 0.483734
vt 0.655088 0.487786
vt 0.655088 0.483734
vt 0.664620 0.467526
vt 0.655088 0.471578
vt 0.655088 0.467526
vt 0.562944 0.479682
vt 0.553411 0.479682
vt 0.553411 0.475630
vt 0.524815 0.475630
vt 0.515283 0.472591
vt 0.524815 0.469552
vt 0.553411 0.475630
vt 0.562944 0.472591
vt 0.562944 0.479682
vt 0.524815 0.469552
vt 0.515283 0.465500
vt 0.524815 0.465500
vt 0.664620 0.467526
vt 0.655088 0.467526
vt 0.655088 0.463474
vt 0.626491 0.463474
vt 0.616959 0.467526
vt 0.616959 0.465500
vt 0.626491 0.471578
vt 0.616959 0.467526
vt 0.626491 0.467526
vt 0.655088 0.479682
vt 0.664620 0.475630
vt 0.664620 0.483734
vt 0.626491 0.471578
vt 0.616959 0.475630
vt 0.616959 0.467526
vt 0.664620 0.483734
vt 0.655088 0.483734
vt 0.655088 0.479682
vt 0.626491 0.479682
vt 0.616959 0.483734
vt 0.616959 0.475630
vt 0.664620 0.487786
vt 0.655088 0.487786
vt 0.664620 0.483734
vt 0.626491 0.487786
vt 0.616959 0.483734
vt 0.626491 0.483734
vt 0.830878 0.485617
vt 0.815651 0.480336
vt 0.824787 0.491778
vt 0.601072 0.490130
vt 0.601072 0.485760
vt 0.610604 0.485760
vt 0.830878 0.472415
vt 0.830878 0.468014
vt 0.815651 0.470215
vt 0.861334 0.470215
vt 0.846106 0.468014
vt 0.846106 0.472415
vt 0.846106 0.463614
vt 0.861334 0.463614
vt 0.846106 0.460093
vt 0.601072 0.490130
vt 0.601072 0.496208
vt 0.586774 0.490130
vt 0.815651 0.463614
vt 0.830878 0.460093
vt 0.815651 0.461853
vt 0.846106 0.485617
vt 0.830878 0.485617
vt 0.838492 0.490018
vt 0.572476 0.485760
vt 0.562944 0.481708
vt 0.572476 0.481708
vt 0.572476 0.470565
vt 0.562944 0.474111
vt 0.562944 0.466513
vt 0.610604 0.474111
vt 0.601072 0.477656
vt 0.601072 0.470565
vt 0.572476 0.470565
vt 0.562944 0.466513
vt 0.572476 0.466513
vt 0.572476 0.462461
vt 0.562944 0.466513
vt 0.562944 0.464487
vt 0.610604 0.466513
vt 0.601072 0.466513
vt 0.601072 0.462461
vt 0.846106 0.485617
vt 0.838492 0.490018
vt 0.852197 0.491778
vt 0.601072 0.496208
vt 0.572476 0.496208
vt 0.586774 0.490130
vt 0.610604 0.466513
vt 0.601072 0.470565
vt 0.601072 0.466513
vt 0.610604 0.481708
vt 0.601072 0.485760
vt 0.601072 0.481708
vt 0.572476 0.485760
vt 0.562944 0.485760
vt 0.562944 0.481708
vt 0.572476 0.481708
vt 0.562944 0.481708
vt 0.572476 0.477656
vt 0.572476 0.466513
vt 0.562944 0.466513
vt 0.572476 0.462461
vt 0.824787 0.491778
vt 0.852197 0.491778
vt 0.838492 0.490018
vt 0.572476 0.496208
vt 0.572476 0.490130
vt 0.586774 0.490130
vt 0.610604 0.464487
vt 0.601072 0.462461
vt 0.601072 0.457396
vt 0.601072 0.490130
vt 0.610604 0.485760
vt 0.601072 0.496208
vt 0.562944 0.485760
vt 0.572476 0.490130
vt 0.572476 0.496208
vt 0.846106 0.485617
vt 0.852197 0.491778
vt 0.861334 0.480336
vt 0.830878 0.485617
vt 0.824787 0.491778
vt 0.838492 0.490018
vt 0.610604 0.466513
vt 0.610604 0.474111
vt 0.601072 0.470565
vt 0.601072 0.477656
vt 0.610604 0.474111
vt 0.610604 0.481708
vt 0.939394 0.367784
vt 0.916945 0.357515
vt 0.891504 0.356552
vt 0.805323 0.363052
vt 0.803804 0.365591
vt 0.818949 0.357503
vt 0.614217 0.443612
vt 0.620920 0.456867
vt 0.613711 0.459664
vt 0.566567 0.439940
vt 0.572775 0.456367
vt 0.564547 0.452005
vt 0.675728 0.455044
vt 0.666083 0.454566
vt 0.664900 0.440454
vt 0.614217 0.443612
vt 0.607545 0.455642
vt 0.605278 0.443567
vt 0.630013 0.406949
vt 0.614217 0.443612
vt 0.603226 0.406815
vt 0.583135 0.406713
vt 0.566567 0.439940
vt 0.557621 0.408029
vt 0.556164 0.436447
vt 0.566567 0.439940
vt 0.555217 0.453036
vt 0.664900 0.440454
vt 0.656403 0.457594
vt 0.655959 0.440389
vt 0.788034 0.441818
vt 0.798257 0.439074
vt 0.808231 0.442847
vt 0.887006 0.443564
vt 0.873573 0.447715
vt 0.874001 0.440494
vt 0.560385 0.382066
vt 0.557621 0.408029
vt 0.531754 0.409316
vt 0.583135 0.406713
vt 0.595402 0.382705
vt 0.603226 0.406815
vt 0.583135 0.406713
vt 0.574012 0.440048
vt 0.566567 0.439940
vt 0.630013 0.406949
vt 0.623155 0.443643
vt 0.614217 0.443612
vt 0.670194 0.407151
vt 0.673840 0.440503
vt 0.664900 0.440454
vt 0.942139 0.439118
vt 0.946781 0.442531
vt 0.929387 0.443370
vt 0.777713 0.436258
vt 0.798257 0.439074
vt 0.788034 0.441818
vt 0.655088 0.493169
vt 0.655088 0.487786
vt 0.664620 0.487786
vt 0.616959 0.487786
vt 0.626491 0.493169
vt 0.626491 0.498234
vt 0.897880 0.489138
vt 0.903971 0.493538
vt 0.913108 0.482096
vt 0.882653 0.489138
vt 0.876562 0.493538
vt 0.890266 0.491778
vt 0.664620 0.467526
vt 0.664620 0.475630
vt 0.655088 0.471578
vt 0.664620 0.475630
vt 0.655088 0.479682
vt 0.655088 0.471578
vt 0.626491 0.479682
vt 0.616959 0.475630
vt 0.626491 0.471578
vt 0.882653 0.464494
vt 0.882653 0.460973
vt 0.867425 0.464494
vt 0.913108 0.464494
vt 0.913108 0.462621
vt 0.897880 0.460973
vt 0.664620 0.467526
vt 0.655088 0.463474
vt 0.664620 0.465500
vt 0.626491 0.458409
vt 0.626491 0.463474
vt 0.616959 0.465500
vt 0.572476 0.490130
vt 0.562944 0.485760
vt 0.572476 0.485760
vt 0.674417 0.383102
vt 0.638361 0.382921
vt 0.656171 0.359452
vt 0.560385 0.382066
vt 0.579921 0.359957
vt 0.595402 0.382705
vt 0.560385 0.382066
vt 0.550233 0.360828
vt 0.579921 0.359957
vt 0.929606 0.388891
vt 0.931694 0.410798
vt 0.871426 0.388116
vt 0.596850 0.347578
vt 0.642464 0.347834
vt 0.656171 0.359452
vt 0.939394 0.367784
vt 0.939394 0.366303
vt 0.916945 0.357515
vt 0.680507 0.471578
vt 0.670975 0.475630
vt 0.670975 0.467526
vt 0.718636 0.475630
vt 0.709104 0.479682
vt 0.709104 0.471578
vt 0.680507 0.471578
vt 0.670975 0.467526
vt 0.680507 0.467526
vt 0.680507 0.463474
vt 0.670975 0.467526
vt 0.670975 0.465500
vt 0.718636 0.467526
vt 0.709104 0.467526
vt 0.709104 0.463474
vt 0.949654 0.489138
vt 0.942041 0.491778
vt 0.955746 0.493538
vt 0.709104 0.498234
vt 0.680507 0.498234
vt 0.694806 0.493169
vt 0.718636 0.467526
vt 0.709104 0.463474
vt 0.718636 0.465500
vt 0.718636 0.467526
vt 0.709104 0.471578
vt 0.709104 0.467526
vt 0.718636 0.483734
vt 0.709104 0.487786
vt 0.709104 0.483734
vt 0.680507 0.487786
vt 0.670975 0.487786
vt 0.670975 0.483734
vt 0.680507 0.483734
vt 0.670975 0.483734
vt 0.680507 0.479682
vt 0.680507 0.467526
vt 0.670975 0.467526
vt 0.680507 0.463474
vt 0.928336 0.493538
vt 0.955746 0.493538
vt 0.942041 0.491778
vt 0.680507 0.498234
vt 0.680507 0.493169
vt 0.694806 0.493169
vt 0.718636 0.465500
vt 0.709104 0.463474
vt 0.709104 0.458409
vt 0.871441 0.365569
vt 0.819833 0.365553
vt 0.844538 0.356708
vt 0.871441 0.365569
vt 0.844538 0.356708
vt 0.892940 0.356664
vt 0.844540 0.352630
vt 0.818949 0.357503
vt 0.844538 0.356560
vt 0.891504 0.356552
vt 0.916945 0.357515
vt 0.892224 0.352604
vt 0.844538 0.356708
vt 0.818949 0.357503
vt 0.844540 0.352630
vt 0.805323 0.363052
vt 0.819833 0.365553
vt 0.794829 0.368949
vt 0.931694 0.410798
vt 0.863920 0.410777
vt 0.871426 0.388116
vt 0.778269 0.425984
vt 0.762500 0.427578
vt 0.785999 0.405727
vt 0.892940 0.356664
vt 0.915516 0.366295
vt 0.871441 0.365569
vt 0.564547 0.452005
vt 0.555217 0.453036
vt 0.566567 0.439940
vt 0.589684 0.459066
vt 0.574012 0.440048
vt 0.605278 0.443567
vt 0.607545 0.455642
vt 0.589684 0.459066
vt 0.605278 0.443567
vt 0.655959 0.440389
vt 0.638699 0.460253
vt 0.623155 0.443643
vt 0.763213 0.404874
vt 0.765078 0.397359
vt 0.785999 0.405727
vt 0.769214 0.377087
vt 0.752236 0.383743
vt 0.765078 0.397359
vt 0.769214 0.377087
vt 0.782579 0.374945
vt 0.765872 0.383197
vt 0.787821 0.382631
vt 0.765872 0.383197
vt 0.782579 0.374945
vt 0.769214 0.377087
vt 0.794829 0.368949
vt 0.782579 0.374945
vt 0.769214 0.377087
vt 0.765872 0.383197
vt 0.752236 0.383743
vt 0.820992 0.373087
vt 0.871433 0.381976
vt 0.825556 0.381685
vt 0.850168 0.398448
vt 0.863920 0.410777
vt 0.835727 0.408901
vt 0.807535 0.407024
vt 0.778269 0.425984
vt 0.785999 0.405727
vt 0.803897 0.387543
vt 0.850168 0.398448
vt 0.807535 0.407024
vt 0.833477 0.380192
vt 0.871426 0.388116
vt 0.850168 0.398448
vt 0.964301 0.429076
vt 0.942139 0.439118
vt 0.930627 0.424818
vt 0.703940 0.437014
vt 0.694318 0.407273
vt 0.713685 0.435516
vt 0.713685 0.435516
vt 0.721404 0.430720
vt 0.719823 0.446800
vt 0.514607 0.409550
vt 0.517631 0.433139
vt 0.510783 0.433228
vt 0.966050 0.388326
vt 0.955089 0.382002
vt 0.955088 0.383483
vt 0.970019 0.406648
vt 0.966050 0.388326
vt 0.955088 0.383483
vt 0.694318 0.407273
vt 0.699977 0.377476
vt 0.714030 0.408101
vt 0.794829 0.368949
vt 0.785081 0.380957
vt 0.805323 0.363052
vt 0.769214 0.377087
vt 0.785081 0.380957
vt 0.794829 0.368949
vt 0.514607 0.409550
vt 0.531754 0.409316
vt 0.517631 0.433139
vt 0.510783 0.433228
vt 0.517631 0.433139
vt 0.512971 0.442489
vt 0.713685 0.435516
vt 0.708911 0.452920
vt 0.703940 0.437014
vt 0.522162 0.448518
vt 0.524011 0.433906
vt 0.540794 0.451389
vt 0.871433 0.381976
vt 0.820992 0.373087
vt 0.871441 0.365569
vt 0.699977 0.377476
vt 0.674417 0.383102
vt 0.681939 0.358904
vt 0.562944 0.463474
vt 0.553411 0.461448
vt 0.553411 0.457396
vt 0.553411 0.489812
vt 0.553411 0.495890
vt 0.539113 0.489812
vt 0.769968 0.462733
vt 0.785195 0.459213
vt 0.769968 0.460973
vt 0.800423 0.483857
vt 0.785195 0.483857
vt 0.792809 0.487377
vt 0.524815 0.483734
vt 0.515283 0.479682
vt 0.524815 0.479682
vt 0.562944 0.483734
vt 0.553411 0.483734
vt 0.562944 0.479682
vt 0.524815 0.475630
vt 0.515283 0.479682
vt 0.515283 0.472591
vt 0.610604 0.485760
vt 0.601072 0.485760
vt 0.610604 0.481708
vt 0.524815 0.461448
vt 0.515283 0.465500
vt 0.515283 0.463474
vt 0.562944 0.465500
vt 0.553411 0.465500
vt 0.553411 0.461448
vt 0.800423 0.483857
vt 0.792809 0.487377
vt 0.806514 0.489138
vt 0.553411 0.495890
vt 0.524815 0.495890
vt 0.539113 0.489812
vt 0.562944 0.465500
vt 0.553411 0.469552
vt 0.553411 0.465500
vt 0.562944 0.479682
vt 0.553411 0.483734
vt 0.553411 0.479682
vt 0.524815 0.483734
vt 0.515283 0.483734
vt 0.515283 0.479682
vt 0.524815 0.479682
vt 0.515283 0.479682
vt 0.524815 0.475630
vt 0.524815 0.465500
vt 0.515283 0.465500
vt 0.524815 0.461448
vt 0.779104 0.489138
vt 0.806514 0.489138
vt 0.792809 0.487377
vt 0.524815 0.495890
vt 0.524815 0.489812
vt 0.539113 0.489812
vt 0.553411 0.489812
vt 0.562944 0.483734
vt 0.553411 0.495890
vt 0.515283 0.483734
vt 0.524815 0.489812
vt 0.524815 0.495890
vt 0.800423 0.483857
vt 0.806514 0.489138
vt 0.815651 0.478576
vt 0.785195 0.483857
vt 0.779104 0.489138
vt 0.792809 0.487377
vt 0.562944 0.465500
vt 0.562944 0.472591
vt 0.553411 0.469552
vt 0.562944 0.472591
vt 0.553411 0.475630
vt 0.553411 0.469552
vt 0.524815 0.469552
vt 0.515283 0.472591
vt 0.515283 0.465500
vt 0.785195 0.462733
vt 0.785195 0.459213
vt 0.769968 0.462733
vt 0.800423 0.459213
vt 0.815651 0.462733
vt 0.815651 0.460973
vt 0.626491 0.493169
vt 0.616959 0.487786
vt 0.626491 0.487786
vt 0.680507 0.458409
vt 0.680507 0.463474
vt 0.670975 0.465500
vt 0.964882 0.464494
vt 0.964882 0.462706
vt 0.949654 0.460973
vt 0.785999 0.405727
vt 0.762500 0.427578
vt 0.763213 0.404874
vt 0.562944 0.459090
vt 0.555217 0.453036
vt 0.564547 0.452005
vt 0.562944 0.459090
vt 0.564547 0.452005
vt 0.572775 0.456367
vt 0.666083 0.454566
vt 0.675728 0.455044
vt 0.667798 0.461610
vt 0.666083 0.454566
vt 0.667798 0.461610
vt 0.656403 0.457594
vt 0.798257 0.439074
vt 0.797285 0.425366
vt 0.835839 0.437297
vt 0.868795 0.425092
vt 0.886373 0.437302
vt 0.857315 0.437317
vt 0.777713 0.436258
vt 0.797285 0.425366
vt 0.798257 0.439074
vt 0.934427 0.474175
vt 0.934427 0.468894
vt 0.919199 0.471535
vt 0.964882 0.471535
vt 0.949654 0.468894
vt 0.949654 0.474175
vt 0.964882 0.464494
vt 0.949654 0.460973
vt 0.949654 0.464494
vt 0.709104 0.493169
vt 0.709104 0.498234
vt 0.694806 0.493169
vt 0.919199 0.464494
vt 0.934427 0.460973
vt 0.919199 0.462638
vt 0.949654 0.489138
vt 0.934427 0.489138
vt 0.942041 0.491778
vt 0.680507 0.487786
vt 0.670975 0.483734
vt 0.680507 0.483734
vt 0.718636 0.487786
vt 0.709104 0.487786
vt 0.718636 0.483734
vt 0.680507 0.479682
vt 0.670975 0.483734
vt 0.670975 0.475630
vt 0.718636 0.483734
vt 0.709104 0.483734
vt 0.709104 0.479682
vt 0.562944 0.465500
vt 0.553411 0.461448
vt 0.562944 0.463474
vt 0.524815 0.457396
vt 0.524815 0.461448
vt 0.515283 0.463474
vt 0.572476 0.477656
vt 0.562944 0.474111
vt 0.572476 0.470565
vt 0.830878 0.463614
vt 0.830878 0.460093
vt 0.815651 0.463614
vt 0.846106 0.460093
vt 0.861334 0.463614
vt 0.861334 0.461853
vt 0.610604 0.466513
vt 0.601072 0.462461
vt 0.610604 0.464487
vt 0.572476 0.457396
vt 0.572476 0.462461
vt 0.562944 0.464487
vt 0.524815 0.489812
vt 0.515283 0.483734
vt 0.524815 0.483734
vt 0.785195 0.483857
vt 0.769968 0.478576
vt 0.779104 0.489138
vt 0.553411 0.489812
vt 0.553411 0.483734
vt 0.562944 0.483734
vt 0.785195 0.471535
vt 0.785195 0.466254
vt 0.769968 0.468894
vt 0.815651 0.468894
vt 0.800423 0.466254
vt 0.800423 0.471535
vt 0.800423 0.462733
vt 0.815651 0.462733
vt 0.800423 0.459213
vn -0.4498 0.0299 -0.8926
vn -0.4483 0.0284 -0.8934
vn -0.4541 0.0345 -0.8903
vn -0.4450 0.0248 -0.8952
vn 0.3610 0.7490 0.5555
vn 0.3675 0.7492 0.5510
vn 0.3985 0.7494 0.5288
vn 0.3299 0.7475 0.5765
vn -0.5803 -0.1157 0.8061
vn -0.5616 -0.0225 0.8271
vn -0.5081 0.1645 0.8454
vn -0.5987 -0.2601 0.7576
vn -0.4021 -0.4020 0.8226
vn -0.4022 -0.4003 0.8234
vn -0.4097 -0.2931 0.8638
vn -0.3909 -0.4926 0.7775
vn 0.6466 0.7041 -0.2936
vn 0.6460 0.7049 -0.2927
vn 0.6662 0.6718 -0.3237
vn 0.6252 0.7350 -0.2623
vn 0.5363 0.6200 0.5726
vn 0.5364 0.6198 0.5728
vn 0.5363 0.6202 0.5725
vn 0.7312 0.6273 -0.2679
vn 0.7188 0.6341 -0.2849
vn 0.7518 0.6150 -0.2379
vn 0.6919 0.6471 -0.3201
vn -0.4177 -0.1399 -0.8977
vn -0.4490 -0.3496 -0.8223
vn -0.3478 0.1353 -0.9277
vn -0.4576 -0.4984 -0.7364
vn -0.9225 0.3857 0.0158
vn -0.9237 0.3825 0.0175
vn -0.9217 0.3877 0.0147
vn -0.9246 0.3805 0.0187
vn -0.5209 0.0943 0.8484
vn -0.4245 -0.0974 0.9002
vn -0.5888 0.2714 0.7614
vn -0.3967 -0.1453 0.9064
vn 0.6424 0.5149 0.5676
vn 0.6412 0.5152 0.5687
vn 0.6393 0.5155 0.5705
vn 0.6441 0.5146 0.5660
vn -0.4238 -0.3548 0.8333
vn -0.4256 -0.3545 0.8326
vn -0.5178 -0.3315 0.7887
vn -0.3478 -0.3701 0.8614
vn -0.2180 -0.1988 -0.9555
vn -0.2005 -0.2046 -0.9581
vn -0.1242 -0.2291 -0.9654
vn -0.3344 -0.1573 -0.9292
vn 0.9219 0.2196 -0.3190
vn 0.9220 0.2199 -0.3187
vn 0.9231 0.2319 -0.3066
vn 0.9201 0.2046 -0.3339
vn 0.7962 0.0945 0.5976
vn 0.7953 0.0916 0.5992
vn 0.7970 0.0971 0.5961
vn 0.5573 -0.8303 -0.0041
vn 0.5181 -0.8551 0.0200
vn 0.4633 -0.8846 0.0522
vn 0.6772 -0.7309 -0.0846
vn 0.7193 0.5632 0.4065
vn 0.7143 0.5659 0.4117
vn 0.6916 0.5771 0.4342
vn 0.7422 0.5505 0.3822
vn 0.7516 0.4930 -0.4382
vn 0.7530 0.4921 -0.4367
vn 0.7335 0.5036 -0.4564
vn 0.7718 0.4803 -0.4167
vn 0.6388 0.6587 0.3974
vn 0.6411 0.6487 0.4100
vn 0.6355 0.6722 0.3798
vn 0.6441 0.6336 0.4286
vn 0.3498 0.8775 -0.3280
vn 0.3531 0.8750 -0.3311
vn 0.3991 0.8369 -0.3745
vn 0.3022 0.9102 -0.2831
vn -0.4547 -0.6181 -0.6413
vn -0.4283 -0.6095 -0.6671
vn -0.3180 -0.5672 -0.7597
vn -0.5387 -0.6402 -0.5476
vn -0.1968 -0.9803 -0.0148
vn -0.1388 -0.9887 -0.0568
vn -0.0422 -0.9912 -0.1249
vn -0.2809 -0.9585 0.0475
vn 0.6894 0.5438 -0.4784
vn 0.6889 0.5456 -0.4772
vn 0.6965 0.5216 -0.4927
vn 0.6824 0.5640 -0.4649
vn 0.7400 0.5657 0.3639
vn 0.7420 0.5547 0.3764
vn 0.7280 0.6136 0.3058
vn 0.7491 0.4979 0.4368
vn 0.0951 0.9876 -0.1249
vn 0.0937 0.9882 -0.1209
vn 0.0928 0.9886 -0.1185
vn 0.0958 0.9873 -0.1268
vn 0.1011 0.9877 0.1192
vn 0.1009 0.9878 0.1187
vn 0.1012 0.9876 0.1195
vn 0.1007 0.9878 0.1184
vn 0.1044 0.0559 -0.9930
vn 0.1086 0.0514 -0.9927
vn 0.1273 0.0309 -0.9914
vn 0.0852 0.0768 -0.9934
vn 0.8848 0.1796 -0.4299
vn 0.8848 0.1795 -0.4299
vn 0.8845 0.1799 -0.4304
vn 0.8851 0.1792 -0.4294
vn 0.8731 0.1991 0.4449
vn 0.8699 0.2031 0.4495
vn 0.8544 0.2214 0.4701
vn 0.8872 0.1811 0.4243
vn 0.2283 0.8434 0.4863
vn 0.2297 0.8416 0.4888
vn 0.2127 0.8622 0.4597
vn 0.2438 0.8232 0.5127
vn 0.4395 0.8468 -0.2994
vn 0.4275 0.8474 -0.3149
vn 0.4855 0.8415 -0.2368
vn 0.3762 0.8461 -0.3776
vn -0.3333 0.5737 0.7482
vn -0.0178 0.7211 0.6925
vn 0.2079 0.7718 0.6009
vn -0.4392 0.5015 0.7454
vn -0.3893 0.9211 -0.0043
vn -0.3916 0.9201 -0.0060
vn -0.3952 0.9185 -0.0087
vn -0.3833 0.9236 0.0000
vn 0.5615 -0.7898 -0.2470
vn 0.5597 -0.7905 -0.2487
vn 0.5432 -0.7971 -0.2638
vn 0.5759 -0.7835 -0.2333
vn 0.5814 -0.7459 0.3249
vn 0.5779 -0.7468 0.3289
vn 0.5909 -0.7432 0.3136
vn 0.5660 -0.7499 0.3425
vn 0.1010 -0.9678 -0.2305
vn 0.0984 -0.9690 -0.2268
vn 0.1052 -0.9658 -0.2368
vn 0.0931 -0.9712 -0.2191
vn 0.0755 -0.8854 0.4587
vn 0.0412 -0.9179 0.3946
vn 0.0113 -0.9414 0.3371
vn 0.1021 -0.8559 0.5069
vn -0.0010 0.6956 0.7184
vn 0.0084 0.7062 0.7079
vn 0.0477 0.7479 0.6620
vn -0.0617 0.6224 0.7802
vn -0.2656 -0.7733 0.5757
vn -0.2578 -0.7876 0.5596
vn -0.2721 -0.7608 0.5892
vn -0.2515 -0.7987 0.5466
vn 0.0555 0.4755 -0.8780
vn 0.0739 0.5023 -0.8615
vn -0.0313 0.3421 -0.9391
vn 0.1534 0.6120 -0.7758
vn -0.2679 -0.8815 -0.3887
vn -0.2503 -0.9023 -0.3509
vn -0.2303 -0.9229 -0.3083
vn -0.2914 -0.8494 -0.4399
vn -0.9866 0.1619 -0.0184
vn -0.9858 0.1672 -0.0140
vn -0.9816 0.1908 0.0053
vn -0.9896 0.1385 -0.0374
vn 0.5792 -0.8127 -0.0629
vn 0.5864 -0.8066 -0.0742
vn 0.5630 -0.8256 -0.0376
vn 0.5992 -0.7949 -0.0953
vn 0.7438 -0.4542 0.4903
vn 0.7430 -0.4547 0.4911
vn 0.7201 -0.4687 0.5116
vn 0.7663 -0.4393 0.4688
vn 0.8047 -0.5937 0.0011
vn 0.8069 -0.5906 -0.0042
vn 0.7996 -0.6003 0.0125
vn 0.8116 -0.5840 -0.0153
vn 0.8606 0.2983 0.4127
vn 0.8497 0.3075 0.4282
vn 0.8175 0.3324 0.4703
vn 0.8907 0.2701 0.3657
vn -0.6051 0.7956 0.0274
vn -0.6037 0.7968 0.0257
vn -0.6153 0.7873 0.0402
vn -0.5930 0.8051 0.0125
vn 0.8158 0.3275 -0.4765
vn 0.8153 0.3231 -0.4805
vn 0.8122 0.3017 -0.4993
vn 0.8180 0.3483 -0.4576
vn -0.9718 -0.2357 0.0026
vn -0.9719 -0.2353 0.0023
vn -0.9716 -0.2363 0.0030
vn -0.9720 -0.2347 0.0018
vn 0.7217 -0.4742 -0.5042
vn 0.7226 -0.4736 -0.5035
vn 0.7103 -0.4814 -0.5135
vn 0.7334 -0.4666 -0.4944
vn -0.7269 -0.6355 0.2602
vn -0.7036 -0.6755 0.2204
vn -0.6076 -0.7899 0.0824
vn -0.7694 -0.5367 0.3464
vn -0.2015 0.4889 -0.8487
vn -0.3909 0.1677 -0.9050
vn -0.1413 0.5690 -0.8101
vn -0.4240 0.0967 -0.9005
vn -0.6792 -0.7335 0.0272
vn -0.6791 -0.7335 0.0272
vn -0.6790 -0.7336 0.0273
vn -0.6793 -0.7334 0.0270
vn -0.7187 -0.5358 0.4431
vn -0.7844 -0.4947 0.3741
vn -0.6299 -0.5774 0.5195
vn -0.8346 -0.4547 0.3109
vn -0.0316 -0.9994 0.0143
vn -0.0280 -0.9996 0.0052
vn -0.0809 -0.9864 0.1426
vn 0.0062 -0.9965 -0.0830
vn 0.6638 0.6347 -0.3955
vn 0.6644 0.6323 -0.3984
vn 0.6655 0.6272 -0.4045
vn 0.6627 0.6394 -0.3898
vn 0.6572 0.6763 0.3327
vn 0.6539 0.6867 0.3176
vn 0.6621 0.6587 0.3573
vn 0.6469 0.7059 0.2884
vn -0.2142 -0.8603 -0.4624
vn -0.2130 -0.8610 -0.4618
vn -0.2166 -0.8591 -0.4637
vn -0.2111 -0.8620 -0.4608
vn 0.8513 0.2461 -0.4632
vn 0.8600 0.2392 -0.4507
vn 0.8373 0.2567 -0.4827
vn 0.8733 0.2281 -0.4304
vn 0.8629 0.2635 0.4312
vn 0.8804 0.2480 0.4041
vn 0.8999 0.2291 0.3710
vn 0.8405 0.2815 0.4629
vn -0.4103 0.4688 0.7822
vn -0.1900 0.7288 0.6578
vn -0.1149 0.7914 0.6004
vn -0.4571 0.3940 0.7973
vn -0.3565 -0.9342 0.0105
vn -0.3554 -0.9346 0.0091
vn -0.3593 -0.9331 0.0139
vn -0.3522 -0.9359 0.0048
vn 0.6400 0.6543 -0.4027
vn 0.6410 0.6501 -0.4080
vn 0.6421 0.6446 -0.4148
vn 0.6388 0.6597 -0.3959
vn 0.3193 -0.9386 -0.1305
vn 0.3494 -0.9239 -0.1560
vn 0.4574 -0.8534 -0.2499
vn 0.1841 -0.9827 -0.0187
vn 0.0052 -0.9848 0.1736
vn 0.0997 -0.9815 0.1632
vn 0.1432 -0.9770 0.1578
vn -0.0295 -0.9837 0.1771
vn 0.3859 0.8249 -0.4131
vn 0.3799 0.8380 -0.3917
vn 0.3748 0.8483 -0.3741
vn 0.3914 0.8117 -0.4335
vn -0.4610 -0.0226 -0.8871
vn -0.4711 -0.0824 -0.8782
vn -0.4460 0.0523 -0.8935
vn -0.4790 -0.1383 -0.8668
vn 0.3602 0.8495 0.3854
vn 0.3753 0.8514 0.3664
vn 0.3872 0.8524 0.3513
vn 0.3499 0.8480 0.3980
vn 0.2004 -0.9307 0.3060
vn 0.1812 -0.9250 0.3339
vn 0.2148 -0.9342 0.2847
vn 0.1681 -0.9206 0.3525
vn 0.0582 -0.9058 -0.4196
vn 0.1010 -0.9221 -0.3736
vn 0.1437 -0.9345 -0.3255
vn 0.0081 -0.8821 -0.4710
vn 0.3764 0.8415 -0.3876
vn 0.3676 0.8597 -0.3544
vn 0.3609 0.8722 -0.3301
vn 0.3825 0.8271 -0.4118
vn 0.3454 0.8670 0.3592
vn 0.3703 0.8711 0.3227
vn 0.3853 0.8727 0.2998
vn 0.3301 0.8637 0.3808
vn -0.2717 -0.9621 0.0237
vn -0.2739 -0.9614 0.0269
vn -0.2677 -0.9633 0.0179
vn -0.2777 -0.9601 0.0324
vn -0.9666 -0.2539 -0.0337
vn -0.9665 -0.2546 -0.0327
vn -0.9660 -0.2569 -0.0299
vn -0.9671 -0.2516 -0.0366
vn -0.2178 0.4946 -0.8414
vn -0.2187 0.4870 -0.8455
vn -0.2354 0.3102 -0.9210
vn -0.1968 0.6302 -0.7510
vn -0.9073 -0.4193 0.0325
vn -0.9071 -0.4196 0.0327
vn -0.9074 -0.4190 0.0323
vn -0.9070 -0.4199 0.0328
vn -0.2687 0.5598 0.7838
vn -0.2697 0.5456 0.7934
vn -0.2579 0.6660 0.6999
vn -0.2752 0.4129 0.8682
vn 0.8671 -0.1273 -0.4816
vn 0.8616 -0.1332 -0.4898
vn 0.8529 -0.1422 -0.5022
vn 0.8743 -0.1193 -0.4705
vn 0.8732 -0.0942 0.4782
vn 0.8689 -0.0866 0.4874
vn 0.8639 -0.0781 0.4975
vn 0.8787 -0.1043 0.4659
vn -0.1915 0.9814 -0.0117
vn -0.1919 0.9813 -0.0120
vn -0.1968 0.9803 -0.0163
vn -0.1867 0.9824 -0.0075
vn 0.4857 -0.7667 -0.4198
vn 0.4902 -0.7558 -0.4341
vn 0.4713 -0.7977 -0.3763
vn 0.5028 -0.7214 -0.4762
vn -0.1471 0.9891 0.0000
vn 0.7218 0.5415 0.4310
vn 0.7176 0.5370 0.4435
vn 0.7049 0.5235 0.4786
vn 0.7356 0.5569 0.3856
vn 0.2037 -0.1186 0.9718
vn 0.1915 -0.1185 0.9743
vn 0.2283 -0.1187 0.9663
vn 0.1668 -0.1183 0.9789
vn -0.4306 -0.1885 0.8826
vn -0.4440 -0.1776 0.8782
vn -0.4107 -0.2043 0.8885
vn -0.4625 -0.1624 0.8716
vn -0.2919 -0.5153 0.8057
vn -0.2854 -0.5145 0.8086
vn -0.3269 -0.5196 0.7894
vn -0.2702 -0.5123 0.8151
vn -0.5986 -0.7872 -0.1485
vn -0.6130 -0.7728 -0.1646
vn -0.5717 -0.8117 -0.1194
vn -0.6368 -0.7467 -0.1919
vn -0.1887 -0.9690 -0.1595
vn -0.1891 -0.9692 -0.1574
vn -0.1868 -0.9677 -0.1692
vn -0.1907 -0.9703 -0.1486
vn -0.1015 -0.3445 -0.9333
vn -0.0974 -0.3627 -0.9268
vn -0.1178 -0.2684 -0.9561
vn -0.0883 -0.4018 -0.9114
vn -0.1696 -0.6249 0.7620
vn -0.1697 -0.6247 0.7622
vn -0.1699 -0.6242 0.7626
vn -0.1693 -0.6254 0.7617
vn -0.8887 -0.4585 0.0027
vn -0.8880 -0.4597 0.0042
vn -0.8806 -0.4733 0.0216
vn -0.8955 -0.4448 -0.0145
vn 0.2574 0.9169 -0.3048
vn 0.2560 0.9178 -0.3033
vn 0.2455 0.9247 -0.2909
vn 0.2716 0.9070 -0.3217
vn 0.1229 0.8695 0.4783
vn 0.1205 0.8693 0.4794
vn 0.1791 0.8743 0.4511
vn 0.0727 0.8625 0.5007
vn -0.1553 0.3500 0.9237
vn -0.1557 0.3479 0.9245
vn -0.1591 0.3296 0.9306
vn -0.1524 0.3658 0.9181
vn -0.5000 -0.0443 0.8649
vn -0.5001 -0.0433 0.8649
vn -0.4866 -0.1275 0.8643
vn -0.5096 0.0378 0.8595
vn -0.0852 -0.9948 -0.0557
vn -0.0742 -0.9946 -0.0728
vn -0.0961 -0.9946 -0.0386
vn -0.0636 -0.9940 -0.0892
vn -0.3513 -0.2467 -0.9031
vn -0.3547 -0.2763 -0.8932
vn -0.3461 -0.2064 -0.9152
vn -0.3585 -0.3127 -0.8796
vn -0.1936 -0.9778 -0.0804
vn -0.1933 -0.9778 -0.0800
vn -0.1939 -0.9777 -0.0808
vn -0.9628 0.2701 0.0009
vn -0.9628 0.2702 0.0009
vn -0.9629 0.2699 0.0011
vn -0.9627 0.2704 0.0007
vn 0.5578 0.7921 -0.2476
vn 0.5613 0.7879 -0.2534
vn 0.5697 0.7769 -0.2680
vn 0.5490 0.8027 -0.2328
vn 0.4137 0.7067 0.5740
vn 0.4185 0.7067 0.5704
vn 0.4339 0.7065 0.5591
vn 0.3979 0.7065 0.5853
vn 0.5369 -0.1882 0.8224
vn 0.5462 -0.1839 0.8172
vn 0.6337 -0.1400 0.7607
vn 0.4542 -0.2243 0.8622
vn 0.3020 -0.1312 0.9442
vn 0.2865 -0.1331 0.9488
vn 0.3424 -0.1260 0.9311
vn 0.2488 -0.1375 0.9587
vn 0.3891 0.8449 -0.3670
vn 0.3743 0.8498 -0.3710
vn 0.3559 0.8556 -0.3758
vn 0.4090 0.8379 -0.3615
vn 0.0348 -0.0044 0.9994
vn 0.0348 -0.0043 0.9994
vn 0.0347 -0.0035 0.9994
vn 0.0349 -0.0054 0.9994
vn -0.0918 0.1814 0.9791
vn -0.0876 0.1804 0.9797
vn -0.1072 0.1852 0.9768
vn -0.0745 0.1771 0.9814
vn 0.3655 0.9100 -0.1958
vn 0.3811 0.8912 -0.2461
vn 0.3268 0.9415 -0.0819
vn 0.4141 0.8335 -0.3657
vn 0.1425 -0.8059 0.5745
vn 0.1427 -0.8059 0.5746
vn 0.1423 -0.8060 0.5745
vn 0.0116 -0.7492 0.6622
vn 0.0107 -0.7474 0.6642
vn -0.0015 -0.7234 0.6904
vn 0.0232 -0.7709 0.6365
vn -0.1394 -0.5122 -0.8474
vn -0.2020 -0.3970 -0.8953
vn 0.0372 -0.7649 -0.6431
vn -0.3021 -0.1768 -0.9367
vn -0.2710 -0.5001 0.8225
vn -0.2595 -0.4986 0.8271
vn -0.1820 -0.4864 0.8545
vn -0.3382 -0.5075 0.7925
vn -0.3940 -0.2603 0.8815
vn -0.3914 -0.2600 0.8827
vn -0.5050 -0.2702 0.8197
vn -0.2519 -0.2429 0.9368
vn 0.6099 0.7790 -0.1455
vn -0.7875 0.1407 -0.6000
vn 0.8039 0.5841 0.1123
vn -0.8482 -0.0187 -0.5293
vn -0.4482 -0.2130 -0.8682
vn -0.4909 -0.2262 -0.8413
vn -0.5813 -0.2536 -0.7732
vn -0.3181 -0.1714 -0.9324
vn 0.7902 0.6127 0.0105
vn 0.7996 0.6005 0.0039
vn 0.7845 0.6200 0.0145
vn 0.8051 0.5931 0.0000
vn 0.4349 0.2167 -0.8740
vn -0.1773 -0.7165 0.6746
vn 0.3921 0.3330 -0.8575
vn -0.2159 -0.6640 0.7158
vn 0.3972 -0.3133 -0.8626
vn 0.3970 -0.3173 -0.8612
vn 0.3760 -0.5311 -0.7593
vn 0.3905 -0.0117 -0.9205
vn 0.5159 -0.7518 0.4106
vn 0.5208 -0.7412 0.4234
vn 0.5320 -0.7147 0.4540
vn 0.5029 -0.7773 0.3778
vn 0.0837 0.2296 -0.9697
vn 0.0825 0.2378 -0.9678
vn 0.0731 0.2994 -0.9513
vn 0.0897 0.1888 -0.9779
vn -0.1102 0.3549 -0.9284
vn -0.1232 0.3824 -0.9157
vn -0.0947 0.3221 -0.9420
vn -0.1375 0.4126 -0.9005
vn 0.3116 -0.1820 -0.9326
vn 0.3139 -0.1868 -0.9308
vn 0.3091 -0.1769 -0.9344
vn 0.3157 -0.1905 -0.9295
vn -0.3209 0.5026 -0.8028
vn -0.3067 0.4671 -0.8293
vn -0.3350 0.5389 -0.7729
vn -0.2876 0.4199 -0.8607
vn 0.1079 -0.2026 -0.9733
vn 0.2107 -0.1556 -0.9651
vn 0.3050 -0.1094 -0.9460
vn 0.0326 -0.2349 -0.9714
vn 0.2437 -0.2635 -0.9333
vn 0.2678 -0.2478 -0.9310
vn 0.3001 -0.2262 -0.9267
vn 0.2250 -0.2753 -0.9346
vn 0.2592 -0.3567 -0.8975
vn 0.2487 -0.3706 -0.8948
vn 0.3588 -0.2133 -0.9087
vn 0.1412 -0.5011 -0.8538
vn 0.3070 -0.3743 0.8750
vn 0.2793 -0.4032 0.8714
vn 0.4323 -0.2282 0.8724
vn 0.1283 -0.5425 0.8302
vn -0.6077 -0.7739 -0.1781
vn -0.6078 -0.7738 -0.1783
vn -0.6079 -0.7736 -0.1786
vn -0.6076 -0.7741 -0.1777
vn -0.5073 -0.0811 0.8579
vn -0.4937 -0.0931 0.8646
vn -0.5736 -0.0196 0.8189
vn -0.4430 -0.1361 0.8861
vn 0.0019 0.9969 -0.0782
vn 0.0037 0.9968 -0.0800
vn 0.0215 0.9950 -0.0977
vn -0.0150 0.9980 -0.0614
vn 0.8519 0.0110 0.5236
vn 0.8524 0.0100 0.5228
vn 0.8580 0.0001 0.5137
vn 0.8459 0.0212 0.5328
vn 0.0482 0.1253 0.9909
vn 0.0618 0.1156 0.9914
vn 0.0818 0.1012 0.9915
vn 0.0257 0.1413 0.9896
vn 0.8762 0.0472 -0.4795
vn 0.8764 0.0468 -0.4792
vn 0.8837 0.0323 -0.4669
vn 0.8687 0.0615 -0.4915
vn -0.1971 -0.2167 -0.9561
vn -0.1936 -0.2559 -0.9471
vn -0.2047 -0.1127 -0.9723
vn -0.1831 -0.3553 -0.9166
vn -0.0116 0.4779 -0.8784
vn -0.4973 0.2593 -0.8279
vn 0.2527 0.5401 -0.8027
vn -0.6858 0.1245 -0.7171
vn 0.0320 0.8870 -0.4606
vn 0.0329 0.8861 -0.4623
vn 0.0337 0.8853 -0.4638
vn 0.0310 0.8881 -0.4587
vn 0.2295 -0.7746 -0.5894
vn 0.2261 -0.7761 -0.5887
vn 0.2239 -0.7771 -0.5882
vn 0.2331 -0.7729 -0.5902
vn 0.2140 -0.9753 0.0542
vn 0.1871 -0.9803 0.0634
vn 0.1771 -0.9819 0.0668
vn 0.2167 -0.9748 0.0532
vn 0.2875 -0.9194 -0.2684
vn 0.2645 -0.9240 -0.2761
vn 0.2920 -0.9184 -0.2669
vn 0.2598 -0.9249 -0.2776
vn 0.8702 0.0997 0.4824
vn 0.8696 0.0980 0.4840
vn 0.8794 0.1248 0.4594
vn 0.8578 0.0693 0.5094
vn -0.0650 -0.7755 -0.6280
vn -0.0536 -0.7711 -0.6344
vn -0.0331 -0.7629 -0.6456
vn -0.0871 -0.7835 -0.6153
vn -0.2181 -0.7583 -0.6143
vn -0.2102 -0.7550 -0.6211
vn -0.1898 -0.7461 -0.6381
vn -0.2378 -0.7662 -0.5969
vn -0.1251 -0.9917 -0.0288
vn -0.1736 -0.9848 0.0041
vn -0.2376 -0.9702 0.0481
vn -0.0685 -0.9954 -0.0668
vn 0.8677 0.0951 -0.4878
vn 0.8677 0.0952 -0.4878
vn 0.8667 0.0920 -0.4902
vn 0.8686 0.0979 -0.4857
vn -0.8416 -0.5203 -0.1446
vn -0.8360 -0.5264 -0.1551
vn -0.8577 -0.5016 -0.1129
vn -0.8178 -0.5442 -0.1870
vn -0.9991 -0.0284 -0.0314
vn -0.9991 -0.0211 -0.0364
vn -0.9990 -0.0384 -0.0244
vn -0.9990 -0.0113 -0.0432
vn -0.0891 -0.9955 0.0318
vn -0.0891 -0.9955 0.0319
vn -0.0894 -0.9955 0.0321
vn -0.0888 -0.9955 0.0316
vn 0.7349 -0.4918 -0.4669
vn 0.7565 -0.4862 -0.4374
vn 0.7682 -0.4827 -0.4205
vn 0.7252 -0.4941 -0.4795
vn 0.8806 -0.3540 -0.3149
vn 0.8763 -0.3590 -0.3211
vn 0.8699 -0.3662 -0.3302
vn 0.8858 -0.3478 -0.3072
vn 0.9058 -0.2075 0.3694
vn 0.9105 -0.2333 0.3413
vn 0.9147 -0.2676 0.3028
vn 0.8956 -0.1658 0.4128
vn 0.7490 -0.3796 0.5430
vn 0.7498 -0.3789 0.5423
vn 0.7189 -0.4034 0.5660
vn 0.7753 -0.3570 0.5210
vn 0.3373 0.9406 -0.0386
vn 0.3451 0.9380 -0.0325
vn 0.3554 0.9344 -0.0244
vn 0.3265 0.9440 -0.0470
vn 0.4481 0.8532 0.2669
vn 0.4489 0.8531 0.2656
vn 0.4496 0.8531 0.2646
vn 0.4475 0.8533 0.2677
vn -0.1181 0.9687 -0.2184
vn -0.1317 0.9750 -0.1791
vn -0.1377 0.9772 -0.1613
vn -0.1105 0.9644 -0.2402
vn -0.1883 0.9432 0.2737
vn -0.1747 0.9376 0.3006
vn -0.2004 0.9475 0.2491
vn -0.1668 0.9339 0.3161
vn 0.7742 -0.3931 -0.4960
vn 0.7746 -0.3928 -0.4957
vn 0.8099 -0.3598 -0.4632
vn 0.7292 -0.4302 -0.5321
vn 0.0208 0.9554 0.2947
vn 0.0423 0.9348 0.3526
vn 0.0040 0.9685 0.2488
vn 0.0567 0.9187 0.3907
vn -0.4133 -0.0871 -0.9064
vn -0.4125 -0.0878 -0.9067
vn -0.4114 -0.0888 -0.9071
vn -0.4148 -0.0858 -0.9058
vn 0.3470 0.6824 -0.6433
vn 0.3270 0.7362 -0.5925
vn 0.2992 0.7976 -0.5237
vn 0.3713 0.6013 -0.7075
vn 0.2350 -0.0085 0.9720
vn 0.8112 -0.5822 0.0554
vn 0.7860 -0.6081 0.1117
vn 0.8499 -0.4864 0.2025
vn 0.6456 -0.7636 -0.0058
vn 0.3498 0.7408 -0.5734
vn 0.2201 0.9434 0.2480
vn -0.7538 -0.6534 0.0696
vn -0.8569 0.3136 0.4090
vn 0.2116 0.7903 0.5750
vn 0.4143 0.6679 -0.6182
vn 0.7859 -0.5894 0.1870
vn 0.7431 -0.4685 -0.4777
vn 0.4759 0.7913 -0.3837
vn 0.3749 0.8313 0.4102
vn -0.3668 -0.3599 -0.8578
vn 0.4239 0.8861 -0.1872
vn -0.4344 -0.8995 -0.0462
vn -0.4746 -0.8791 -0.0431
vn 0.5630 0.6260 0.5396
vn 0.5239 0.5860 0.6181
vn -0.8726 -0.2823 0.3984
vn -0.7670 0.4647 -0.4424
vn -0.8614 -0.2727 -0.4286
vn 0.0062 -0.1170 -0.9931
vn -0.2483 -0.9660 -0.0720
vn 0.1417 -0.6835 -0.7160
vn -0.5350 -0.8317 0.1482
vn -0.4667 -0.8828 -0.0526
vn 0.5123 0.5846 0.6290
vn 0.7265 0.5701 -0.3836
vn 0.4666 0.6504 0.5993
vn 0.5595 0.6293 0.5393
vn 0.4453 0.6499 0.6159
vn 0.8334 -0.5249 0.1729
vn 0.7820 0.5105 -0.3575
vn 0.4722 -0.8558 0.2109
vn -0.1755 -0.4835 -0.8576
vn -0.6741 -0.7235 0.1488
vn 0.9371 0.3474 0.0335
vn 0.6007 0.6853 -0.4117
vn -0.1292 0.9846 0.1180
vn -0.1809 0.9050 0.3849
vn -0.8784 -0.2694 0.3948
vn -0.9120 -0.2126 -0.3507
vn -0.3722 0.6380 -0.6740
vn -0.2687 0.7112 0.6496
vn -0.3770 -0.7499 0.5436
vn 0.2391 -0.7667 0.5959
vn 0.6813 -0.7263 -0.0909
vn -0.1103 0.3497 -0.9303
vn -0.0417 0.4419 -0.8961
vn 0.2780 -0.9172 -0.2853
vn -0.0706 0.6551 0.7522
vn 0.1236 -0.2421 0.9623
vn 0.5172 0.8311 -0.2040
vn 0.7508 0.6236 0.2175
vn 0.6875 0.5444 -0.4805
vn 0.4589 0.8518 0.2526
vn -0.6802 -0.7194 0.1408
vn -0.0817 -0.6973 -0.7120
vn 0.0015 -0.9954 -0.0956
vn -0.3529 0.7304 0.5847
vn -0.2501 0.6577 -0.7105
vn 0.1311 0.4125 -0.9015
vn -0.4948 -0.6611 0.5640
vn 0.1207 -0.9237 -0.3636
vn 0.8744 -0.4268 0.2306
vn -0.2429 -0.4997 -0.8314
vn 0.1580 -0.2004 0.9669
vn 0.0331 -0.6027 -0.7972
vn 0.3036 -0.0580 -0.9510
vn 0.1302 0.2921 0.9475
vn 0.0707 -0.2779 0.9580
vn 0.6109 -0.7302 0.3058
vn 0.4621 -0.8705 0.1691
vn 0.2764 -0.9513 -0.1368
vn 0.3129 -0.7950 -0.5197
vn -0.2860 0.3500 0.8920
vn -0.1924 0.2276 0.9545
vn -0.0949 0.2860 0.9535
vn -0.0330 0.1888 0.9814
vn -0.2239 0.4591 0.8597
vn -0.0889 0.3077 0.9473
vn -0.6504 0.7595 -0.0132
vn -0.7636 0.5143 0.3903
vn -0.8401 -0.3245 -0.4346
vn -0.7673 -0.6407 -0.0262
vn -0.1788 -0.3685 -0.9122
vn 0.4368 -0.7802 0.4476
vn -0.1700 -0.6240 0.7627
vn -0.3561 -0.4566 0.8153
vn -0.3144 -0.3062 -0.8985
vn 0.0263 -0.4505 0.8924
vn -0.2264 -0.4488 -0.8645
vn -0.0092 0.6447 0.7644
vn 0.1601 0.8551 0.4930
vn 0.1379 0.9486 0.2847
vn 0.9624 -0.2452 0.1166
vn 0.9595 -0.2437 0.1414
vn 0.5871 -0.8087 0.0343
vn 0.4767 -0.8538 -0.2090
vn 0.2371 0.8463 -0.4769
vn 0.4661 0.8414 0.2734
vn 0.3014 0.5507 -0.7784
vn 0.0860 -0.0040 0.9963
vn 0.4756 0.7647 -0.4347
vn 0.5669 -0.7907 -0.2308
vn 0.6223 -0.7773 -0.0918
vn 0.5722 -0.7822 0.2465
vn 0.9770 -0.1404 0.1603
vn 0.7022 -0.6868 -0.1876
vn 0.5072 0.7142 -0.4824
vn 0.1863 -0.1663 -0.9683
vn 0.1951 -0.0235 0.9805
vn 0.0392 0.7331 0.6789
vn -0.5237 0.0335 0.8512
vn 0.0290 -0.4213 -0.9064
vn 0.2670 0.2853 -0.9205
vn 0.0234 -0.0550 0.9982
vn -0.0573 0.0436 0.9974
vn 0.0204 -0.7764 -0.6298
vn -0.0499 -0.7810 0.6225
vn 0.3368 -0.2313 -0.9127
vn 0.2186 -0.4518 0.8649
vn 0.1318 -0.0247 -0.9909
vn 0.1522 -0.0119 -0.9883
vn -0.3946 -0.7442 0.5389
vn 0.3429 -0.9393 0.0049
vn 0.0991 0.1008 -0.9900
vn -0.1715 -0.9851 -0.0105
vn 0.4539 -0.7782 -0.4341
vn -0.0052 0.0542 0.9985
vn 0.1297 -0.0707 0.9890
vn 0.1046 0.1090 0.9885
vn 0.0862 -0.1685 0.9819
vn 0.1519 -0.2248 -0.9625
vn 0.1316 0.0213 0.9911
vn 0.1651 -0.0154 -0.9861
vn 0.1139 0.0967 0.9887
vn 0.0756 0.1022 -0.9919
vn 0.1300 0.0598 -0.9897
vn 0.1337 0.0058 0.9910
vn 0.1305 0.0077 -0.9914
vn 0.1143 0.0307 0.9930
vn 0.0951 0.0167 -0.9953
vn 0.1291 -0.0719 0.9890
vn 0.1339 -0.0445 -0.9900
vn -0.7399 -0.1370 -0.6586
vn 0.0112 -0.3536 0.9353
vn -0.3570 -0.2626 -0.8964
vn -0.3962 -0.1621 0.9037
vn -0.2203 -0.6207 0.7524
vn -0.1149 -0.9767 0.1808
vn -0.2763 -0.3826 -0.8816
vn -0.8993 0.4338 0.0556
vn 0.0684 -0.2769 -0.9584
vn 0.1334 0.0851 -0.9874
vn 0.3499 -0.0098 0.9367
vn 0.1105 -0.0486 -0.9927
vn 0.0828 0.0305 -0.9961
vn 0.1463 0.1367 0.9797
vn -0.7963 -0.0890 0.5983
vn -0.1753 -0.9843 -0.0195
vn 0.2380 0.0451 0.9702
vn 0.0946 -0.2235 0.9701
vn 0.0044 -0.2771 -0.9608
vn 0.1681 -0.0816 -0.9824
vn 0.0726 0.0363 -0.9967
vn -0.8663 -0.4981 -0.0363
vn 0.0035 -0.8826 -0.4700
vn -0.0004 0.0196 0.9998
vn -0.1722 -0.4412 0.8807
vn -0.0684 -0.5439 -0.8363
vn -0.6579 -0.0755 0.7493
vn -0.8104 -0.1480 -0.5668
vn 0.2438 0.1600 0.9565
vn 0.2091 -0.2593 0.9429
vn -0.8245 0.3474 -0.4465
vn -0.7384 0.0675 0.6709
vn 0.2210 0.0586 -0.9735
vn 0.2533 0.0170 -0.9672
vn 0.1934 0.2824 -0.9396
vn 0.4444 0.6572 0.6087
vn 0.2180 0.9760 0.0000
vn 0.2314 0.9522 -0.1990
vn 0.4375 0.8349 0.3340
vn 0.2042 0.6315 0.7479
vn 0.6348 -0.7718 -0.0380
vn 0.9884 -0.1450 -0.0456
vn -0.1110 0.8751 -0.4711
vn -0.1291 0.9846 -0.1180
vn -0.0589 0.5795 -0.8128
vn -0.0063 0.7330 -0.6802
vn 0.1183 0.8067 -0.5790
vn 0.5870 -0.8087 0.0362
vn 0.4175 -0.8112 0.4094
vn 0.1458 -0.2193 0.9647
vn 0.0416 -0.4212 -0.9060
vn -0.2961 -0.5510 0.7802
vn -0.3774 -0.7322 -0.5669
vn 0.1050 0.0461 0.9934
vn 0.1335 0.0013 0.9910
vn 0.0987 0.0463 -0.9940
vn -0.1345 -0.6765 -0.7241
vn -0.2175 -0.3073 0.9264
vn -0.0315 0.1068 0.9938
vn 0.0794 0.0913 -0.9926
vn -0.0869 -0.5589 -0.8246
vn -0.2355 0.9206 0.3115
vn -0.3394 0.9289 -0.1478
vn -0.4395 0.6684 -0.6000
vn 0.0290 -0.9975 -0.0645
vn -0.6750 0.7378 0.0005
vn -0.7661 0.0582 -0.6401
vn 0.1850 0.2751 -0.9434
vn -0.0211 0.0411 0.9989
vn 0.2037 0.2225 -0.9534
vn 0.0710 0.2034 -0.9765
vn -0.0986 0.0574 0.9935
vn -0.0416 -0.8995 0.4349
vn 0.8126 -0.5786 0.0689
vn -0.0042 0.0773 0.9970
vn -0.0520 0.0212 0.9984
vn 0.0103 -0.0772 0.9969
vn 0.2676 -0.0262 -0.9632
vn 0.2746 0.2531 -0.9276
vn 0.1997 0.2254 -0.9536
vn 0.2894 -0.9556 -0.0548
vn 0.8777 -0.3254 -0.3518
vn -0.0765 0.1543 0.9850
vn -0.7766 -0.6264 0.0667
vn -0.8125 -0.5829 0.0038
vn -0.9035 0.2532 0.3457
vn -0.8972 0.2612 -0.3561
vn -0.9146 -0.2224 0.3376
vn -0.8748 -0.2811 0.3946
vn 0.2661 -0.9629 0.0444
vn -0.2755 -0.2047 0.9392
vn -0.7604 -0.6410 -0.1043
vn 0.0909 0.0721 0.9932
vn 0.3600 0.9183 -0.1643
vn 0.5742 0.7021 0.4210
vn 0.2630 0.9541 0.1429
vn 0.3538 -0.3797 0.8548
vn -0.1826 0.4021 0.8972
vn -0.6847 0.0760 0.7248
vn -0.7715 -0.5372 0.3409
vn -0.6421 0.0407 0.7655
vn -0.5635 0.0818 0.8220
vn -0.6352 -0.6829 -0.3608
vn 0.6532 -0.7233 -0.2239
vn -0.4618 -0.7009 0.5436
vn 0.8710 -0.4895 0.0418
vn 0.2037 -0.8653 -0.4581
vn 0.5987 -0.6333 -0.4903
vn -0.0708 0.6549 0.7524
vn 0.1141 0.0978 0.9886
vn 0.0549 0.1504 -0.9871
vn -0.3101 0.0173 -0.9505
vn -0.1942 0.0880 -0.9770
vn -0.2275 0.6365 0.7369
vn -0.6028 0.1448 0.7846
vn -0.6954 0.1972 0.6910
vn -0.0944 0.3505 -0.9318
vn 0.2977 0.0217 -0.9544
vn 0.0244 0.6402 0.7678
vn 0.3095 0.6409 -0.7024
vn -0.0416 -0.9756 -0.2153
vn -0.3312 0.7079 0.6238
vn 0.0344 0.0676 0.9971
vn -0.4569 -0.6732 0.5814
vn -0.3486 -0.3830 -0.8554
vn -0.4702 0.8742 -0.1209
vn -0.0333 -0.2789 -0.9597
vn -0.1461 -0.2177 0.9650
vn 0.0704 -0.3068 -0.9492
vn 0.0593 -0.2333 0.9706
vn -0.0060 0.1266 -0.9919
vn 0.3066 0.2181 0.9265
vn -0.5966 0.5442 0.5897
vn -0.7155 -0.6983 0.0192
vn 0.3619 0.1213 0.9243
vn -0.0782 -0.2656 0.9609
vn -0.0805 -0.2539 -0.9639
vn 0.1010 -0.1858 -0.9774
vn 0.1448 0.0413 -0.9886
vn -0.9896 0.1185 -0.0816
vn -0.4183 -0.7828 -0.4606
vn -0.3601 -0.1877 0.9138
vn -0.2737 -0.2983 -0.9143
vn -0.5985 0.5453 0.5869
vn -0.5630 0.3544 -0.7465
vn 0.1382 0.5689 -0.8107
vn 0.3797 0.0439 0.9241
vn 0.1317 -0.1107 -0.9851
vn -0.0722 -0.8411 -0.5360
vn -0.2553 -0.3545 0.8995
vn 0.1614 -0.2781 -0.9469
vn 0.1525 0.1117 -0.9819
vn -0.0455 -0.5498 0.8340
vn 0.0602 -0.4190 0.9060
vn 0.1164 0.0634 0.9911
vn 0.0302 0.1065 -0.9938
vn 0.2865 0.1032 -0.9525
vn 0.1925 0.0375 0.9806
vn 0.4679 -0.8664 0.1741
vn 0.1921 -0.9551 -0.2253
vn 0.4413 -0.8004 0.4056
vn 0.0122 -0.5102 -0.8600
vn -0.2202 -0.5671 0.7936
vn -0.0423 -0.5537 0.8316
vn 0.7619 -0.4128 0.4991
vn 0.0360 -0.4332 -0.9005
vn -0.3315 -0.9312 -0.1513
vn 0.2776 0.2516 -0.9272
vn 0.2897 0.2555 -0.9224
vn -0.0169 -0.0569 0.9982
vn -0.0686 0.2827 0.9567
vn 0.0090 0.0684 -0.9976
vn 0.2385 -0.0743 -0.9683
vn -0.1501 -0.6506 -0.7444
vn -0.3019 -0.2355 0.9238
vn -0.0475 0.1603 0.9859
vn 0.0512 0.1038 -0.9933
vn -0.1884 -0.3278 -0.9257
vn -0.5194 0.3140 -0.7947
vn -0.1636 -0.2329 0.9586
vn -0.7082 -0.0307 -0.7053
vn -0.3038 0.0005 0.9527
vn -0.1189 -0.6040 0.7880
usemtl m0
s 1
f 545/1/1 842/2/2 832/3/3
f 842/2/2 545/1/1 817/4/4
f 1299/5/5 1287/6/6 1291/7/7
f 1287/6/6 1299/5/5 1295/8/8
f 1429/9/9 1459/10/10 1423/11/11
f 1459/10/10 1429/9/9 1547/12/12
f 1226/13/13 1257/14/14 1222/15/15
f 1257/14/14 1226/13/13 1343/16/16
f 1252/17/17 1234/18/18 1240/19/19
f 1234/18/18 1252/17/17 1244/20/20
f 1247/21/21 1233/22/21 1243/23/22
f 1233/22/21 1247/21/21 1236/24/23
f 1169/25/24 1232/26/25 1205/27/26
f 1232/26/25 1169/25/24 1239/28/27
f 85/29/28 250/30/29 268/31/30
f 250/30/29 85/29/28 97/32/31
f 106/33/32 267/34/33 260/35/34
f 267/34/33 106/33/32 84/36/35
f 259/37/36 115/38/37 105/39/38
f 115/38/37 259/37/36 239/40/39
f 1198/41/40 1231/42/41 1235/43/42
f 1231/42/41 1198/41/40 1204/44/43
f 1225/45/44 1188/46/45 1183/47/46
f 1188/46/45 1225/45/44 1221/48/47
f 1215/49/48 1178/50/49 1211/51/50
f 1178/50/49 1215/49/48 1173/52/51
f 1207/53/52 1168/54/53 1203/55/54
f 1168/54/53 1207/53/52 1164/56/55
f 1206/57/56 1197/58/56 1194/59/57
f 1197/58/56 1206/57/56 1202/60/58
f 721/61/59 1071/62/60 766/63/61
f 1071/62/60 721/61/59 1065/64/62
f 1498/65/63 1486/66/64 1490/67/65
f 1486/66/64 1498/65/63 1494/68/66
f 1507/69/67 1487/70/68 1495/71/69
f 1487/70/68 1507/69/67 1503/72/70
f 1516/73/71 1488/74/72 1512/75/73
f 1488/74/72 1516/73/71 1491/76/74
f 1322/77/75 1290/78/76 1305/79/77
f 1290/78/76 1322/77/75 1314/80/78
f 841/81/79 812/82/80 837/83/81
f 812/82/80 841/81/79 815/84/82
f 838/85/83 821/86/84 846/87/85
f 821/86/84 838/85/83 813/88/86
f 611/89/87 531/90/88 570/91/89
f 531/90/88 611/89/87 591/92/90
f 600/93/91 530/94/92 590/95/93
f 530/94/92 600/93/91 541/96/94
f 901/97/95 502/98/96 891/99/97
f 502/98/96 901/97/95 896/100/98
f 916/101/99 523/102/100 907/103/101
f 523/102/100 916/101/99 911/104/102
f 603/105/103 673/106/104 582/107/105
f 673/106/104 603/105/103 949/108/106
f 578/109/107 529/110/108 549/111/109
f 529/110/108 578/109/107 569/112/110
f 561/113/111 528/114/112 540/115/113
f 528/114/112 561/113/111 548/116/114
f 1317/117/115 1289/118/116 1313/119/117
f 1289/118/116 1317/117/115 1292/120/118
f 1308/121/119 1288/122/120 1296/123/121
f 1288/122/120 1308/121/119 1304/124/122
f 399/125/123 468/126/124 390/127/125
f 468/126/124 399/125/123 651/128/126
f 461/129/127 482/130/128 431/131/129
f 482/130/128 461/129/127 452/132/130
f 457/133/131 411/134/132 429/135/133
f 411/134/132 457/133/131 437/136/134
f 447/137/135 410/138/136 436/139/137
f 410/138/136 447/137/135 419/140/138
f 287/141/139 409/142/140 355/143/141
f 409/142/140 287/141/139 428/144/142
f 345/145/143 408/146/144 418/147/145
f 408/146/144 345/145/143 354/148/146
f 398/149/147 324/150/148 315/151/149
f 324/150/148 398/149/147 389/152/150
f 363/153/151 344/154/152 336/155/153
f 344/154/152 363/153/151 352/156/154
f 381/157/155 305/158/156 370/159/157
f 305/158/156 381/157/155 297/160/158
f 364/161/159 286/162/160 353/163/161
f 286/162/160 364/161/159 277/164/162
f 1462/165/163 1421/166/164 1457/167/165
f 1421/166/164 1462/165/163 1412/168/166
f 984/169/167 1068/170/168 991/171/169
f 1068/170/168 984/169/167 1074/172/170
f 51/173/171 10/174/172 40/175/173
f 10/174/172 51/173/171 23/176/174
f 1003/177/175 1084/178/176 1015/179/177
f 1084/178/176 1003/177/175 1090/180/178
f 1496/181/179 1448/182/180 1442/183/181
f 1448/182/180 1496/181/179 1499/184/182
f 1619/185/183 1576/186/184 1586/187/185
f 1576/186/184 1619/185/183 1609/188/186
f 1509/189/187 1443/190/188 1452/191/189
f 1443/190/188 1509/189/187 1497/192/190
f 1140/193/191 1129/194/192 884/195/193
f 1129/194/192 1140/193/191 1143/196/194
f 61/197/195 11/198/196 32/199/197
f 11/198/196 61/197/195 41/200/198
f 421/201/199 1109/202/200 1105/203/201
f 1109/202/200 421/201/199 1114/204/202
f 78/205/203 1617/206/204 1612/207/205
f 1617/206/204 78/205/203 252/208/206
f 1555/209/207 1463/210/208 1458/211/209
f 1463/210/208 1555/209/207 1558/212/210
f 1112/213/211 1097/214/212 853/215/213
f 1097/214/212 1112/213/211 1118/216/214
f 211/217/215 1106/218/216 1101/219/217
f 1106/218/216 211/217/215 423/220/218
f 199/221/219 126/222/220 163/223/221
f 126/222/220 199/221/219 180/224/222
f 189/225/223 125/226/224 179/227/225
f 125/226/224 189/225/223 135/228/226
f 1107/229/227 799/230/228 1102/231/229
f 799/230/228 1107/229/227 818/232/230
f 172/233/231 124/234/232 143/235/233
f 124/234/232 172/233/231 162/236/234
f 153/237/235 123/238/236 134/239/237
f 123/238/236 153/237/235 142/240/238
f 1628/241/239 68/242/240 1622/243/241
f 68/242/240 1628/241/239 240/244/242
f 1011/245/243 1476/246/244 999/247/245
f 1476/246/244 1011/245/243 1464/248/246
f 1521/249/247 1489/250/248 1504/251/249
f 1489/250/248 1521/249/247 1513/252/250
f 765/253/251 1086/254/252 1157/255/253
f 1086/254/252 765/253/251 1081/256/254
f 771/257/255 1162/258/256 1159/259/257
f 1162/258/256 771/257/255 6/260/258
f 993/261/259 1515/262/260 1523/263/261
f 1515/262/260 993/261/259 1077/264/262
f 1461/265/263 1414/266/264 1410/267/265
f 1414/266/264 1461/265/263 1548/268/266
f 1076/269/267 1518/270/268 1514/271/269
f 1518/270/268 1076/269/267 1005/272/270
f 1606/273/271 1598/274/272 1593/275/273
f 1598/274/272 1606/273/271 1600/276/274
f 1607/277/275 1568/278/276 1601/279/277
f 1568/278/276 1607/277/275 1565/280/278
f 975/281/279 178/282/280 196/283/281
f 178/282/280 975/281/279 1061/284/282
f 1060/285/283 186/286/284 177/287/285
f 186/286/284 1060/285/283 752/288/286
f 987/289/287 104/290/288 981/291/289
f 104/290/288 987/289/287 83/292/290
f 1420/293/291 1378/294/292 1388/295/293
f 1378/294/292 1420/293/291 1411/296/294
f 1616/297/295 1579/298/296 1611/299/297
f 1579/298/296 1616/297/295 1575/300/298
f 258/301/299 76/302/300 67/303/301
f 76/302/300 258/301/299 266/304/302
f 1627/305/303 1589/306/304 1585/307/305
f 1589/306/304 1627/305/303 1621/308/306
f 169/309/307 39/310/308 58/311/309
f 39/310/308 169/309/307 141/312/310
f 140/313/311 49/314/312 38/315/313
f 49/314/312 140/313/311 150/316/314
f 75/317/315 1620/318/316 66/319/317
f 1620/318/316 75/317/315 1610/320/318
f 1569/321/319 9/322/320 1603/323/321
f 9/322/320 1569/321/319 31/324/322
f 455/325/323 895/326/323 485/327/323
f 895/326/323 455/325/323 915/328/323
f 36/329/324 88/330/325 110/331/326
f 88/330/325 36/329/324 44/332/327
f 192/333/328 121/334/329 129/335/330
f 121/334/329 192/333/328 175/336/331
f 1556/337/332 1483/338/333 1477/339/334
f 1483/338/333 1556/337/332 1546/340/335
f 1357/341/336 1285/342/337 1278/343/338
f 1285/342/337 1357/341/336 1348/344/339
f 1279/345/340 1361/346/341 1358/347/342
f 1361/346/341 1279/345/340 1266/348/343
f 279/349/344 234/350/345 291/351/346
f 234/350/345 279/349/344 243/352/347
f 1267/353/348 1354/354/349 1362/355/350
f 1354/354/349 1267/353/348 1274/356/351
f 348/357/352 122/358/353 176/359/354
f 122/358/353 348/357/352 300/360/355
f 1478/361/356 1559/362/357 1557/363/358
f 1559/362/357 1478/361/356 1465/364/359
f 932/365/360 1316/366/361 1324/367/362
f 1316/366/361 932/365/360 1019/368/363
f 1018/369/364 1319/370/365 1315/371/366
f 1319/370/365 1018/369/364 759/372/367
f 375/373/368 368/374/369 387/375/370
f 368/374/369 375/373/368 26/376/371
f 388/377/372 225/378/373 395/379/374
f 225/378/373 388/377/372 369/380/375
f 943/381/376 1277/382/377 693/383/378
f 1277/382/377 943/381/376 1265/384/379
f 1466/385/380 1552/386/381 1560/387/382
f 1552/386/381 1466/385/380 1473/388/383
f 1356/389/384 1264/390/384 1260/391/385
f 1264/390/384 1356/389/384 1360/392/386
f 888/393/387 1141/394/388 1137/395/389
f 1141/394/388 888/393/387 870/396/390
f 1310/397/391 1246/398/392 1254/399/393
f 1246/398/392 1310/397/391 1298/400/394
f 1297/401/395 1250/402/396 1245/403/397
f 1250/402/396 1297/401/395 1301/404/398
f 108/405/399 70/406/400 34/407/401
f 70/406/400 108/405/399 100/408/402
f 127/409/403 101/410/404 109/411/405
f 101/410/404 127/409/403 119/412/406
f 154/413/407 136/414/408 144/415/409
f 136/414/408 154/413/407 403/416/410
f 190/417/411 164/418/412 173/419/413
f 164/418/412 190/417/411 181/420/414
f 374/421/415 165/422/416 182/423/417
f 165/422/416 374/421/415 385/424/418
f 137/425/419 87/426/420 79/427/421
f 87/426/420 137/425/419 404/428/422
f 102/429/423 232/430/423 71/431/424
f 232/430/423 102/429/423 289/432/425
f 298/433/426 103/434/427 120/435/428
f 103/434/427 298/433/426 290/436/429
f 308/437/430 328/438/431 317/439/432
f 328/438/431 308/437/430 412/440/433
f 347/441/434 166/442/435 339/443/436
f 166/442/435 347/441/434 174/444/437
f 386/445/438 340/446/439 167/447/440
f 340/446/439 386/445/438 394/448/441
f 488/449/442 660/450/443 678/451/444
f 660/450/443 488/449/442 498/452/445
f 278/453/446 309/454/447 270/455/448
f 309/454/447 278/453/446 413/456/449
f 509/457/450 677/458/451 670/459/452
f 677/458/451 509/457/450 487/460/453
f 669/461/454 519/462/455 508/463/456
f 519/462/455 669/461/454 650/464/457
f 263/465/458 202/466/459 358/467/460
f 202/466/459 263/465/458 63/468/461
f 1599/469/462 8/470/463 22/471/464
f 8/470/463 1599/469/462 1602/472/465
f 254/473/466 64/474/467 264/475/468
f 64/474/467 254/473/466 53/476/469
f 271/477/470 54/478/471 255/479/472
f 54/478/471 271/477/470 80/480/473
f 318/481/474 138/482/475 310/483/476
f 138/482/475 318/481/474 146/484/477
f 311/485/478 81/486/479 272/487/480
f 81/486/479 311/485/478 139/488/481
f 646/489/482 656/490/483 637/491/484
f 656/490/483 646/489/482 667/492/485
f 682/493/486 668/494/487 675/495/488
f 668/494/487 682/493/486 657/496/489
f 676/497/490 690/498/491 683/499/492
f 690/498/491 676/497/490 952/500/493
f 695/501/494 704/502/495 700/503/496
f 704/502/495 695/501/494 940/504/497
f 1223/505/498 1180/506/499 1190/507/500
f 1180/506/499 1223/505/498 1213/508/501
f 1428/509/502 1391/510/503 1386/511/504
f 1391/510/503 1428/509/502 1422/512/505
f 391/513/506 307/514/507 326/515/508
f 307/514/507 391/513/506 372/516/509
f 1400/517/510 1430/518/511 1436/519/512
f 1430/518/511 1400/517/510 1403/520/513
f 706/521/514 761/522/515 736/523/516
f 761/522/515 706/521/514 941/524/517
f 1371/525/518 1431/526/519 1404/527/520
f 1431/526/519 1371/525/518 1440/528/521
f 1262/529/522 1216/530/523 1212/531/524
f 1216/530/523 1262/529/522 1350/532/525
f 479/533/526 382/534/527 371/535/528
f 382/534/527 479/533/526 662/536/529
f 779/537/530 532/538/531 490/539/532
f 532/538/531 779/537/530 592/540/533
f 634/541/534 719/542/535 784/543/536
f 719/542/535 634/541/534 654/544/537
f 785/545/538 762/546/539 789/547/540
f 762/546/539 785/545/538 720/548/541
f 1160/549/542 763/550/543 1156/551/544
f 763/550/543 1160/549/542 790/552/545
f 1450/553/546 1432/554/547 1444/555/548
f 1432/554/547 1450/553/546 1437/556/549
f 786/557/550 623/558/551 635/559/552
f 623/558/551 786/557/550 794/560/553
f 814/561/554 795/562/555 810/563/556
f 795/562/555 814/561/554 624/564/557
f 811/565/558 798/566/559 819/567/560
f 798/566/559 811/565/558 796/568/561
f 1455/569/562 1433/570/563 1441/571/564
f 1433/570/563 1455/569/562 1445/572/565
f 1263/573/566 1224/574/567 1259/575/568
f 1224/574/567 1263/573/566 1214/576/569
f 672/577/570 477/578/571 467/579/572
f 477/578/571 672/577/570 680/580/573
f 685/581/574 507/582/575 953/583/576
f 507/582/575 685/581/574 486/584/577
f 5/585/578 319/586/579 213/587/580
f 319/586/579 5/585/578 148/588/581
f 580/589/582 439/590/583 460/591/584
f 439/590/583 580/589/582 551/592/585
f 550/593/586 450/594/587 438/595/588
f 450/594/587 550/593/586 562/596/589
f 1408/597/590 1399/598/591 1395/599/592
f 1399/598/591 1408/597/590 1401/600/593
f 480/601/594 392/602/595 470/603/596
f 392/602/595 480/601/594 373/604/597
f 612/605/598 598/606/599 588/607/600
f 598/606/599 612/605/598 969/608/601
f 505/609/602 475/610/603 484/611/604
f 475/610/603 505/609/602 493/612/605
f 527/613/606 445/614/607 514/615/608
f 445/614/607 527/613/606 454/616/609
f 1409/617/610 1370/618/611 1402/619/612
f 1370/618/611 1409/617/610 1366/620/613
f 576/621/614 556/622/615 567/623/616
f 556/622/615 576/621/614 515/624/617
f 1419/625/618 1381/626/619 1413/627/620
f 1381/626/619 1419/625/618 1376/628/621
f 602/629/622 589/630/623 608/631/624
f 589/630/623 602/629/622 613/632/625
f 1053/633/626 1008/634/626 1037/635/626
f 1001/636/627 1056/637/627 1087/638/627
f 1088/639/628 1057/640/628 776/641/628
f 929/642/629 1058/643/629 1002/644/629
f 1059/645/630 945/646/630 777/647/630
f 1038/648/631 575/649/631 934/650/631
f 513/651/632 1039/652/632 526/653/632
f 852/654/633 847/655/633 1111/656/633
f 886/657/634 1132/658/634 863/659/634
f 563/660/635 757/661/635 1016/662/635
f 1030/663/636 919/664/636 995/665/636
f 740/666/637 1014/667/637 1083/668/637
f 944/669/638 1055/670/638 926/671/638
f 574/672/639 1020/673/639 933/674/639
f 1007/675/640 1079/676/640 909/677/640
f 256/678/641 282/679/641 273/680/641
f 91/681/642 55/682/642 82/683/642
f 331/684/643 416/685/643 351/686/643
f 302/687/644 350/688/644 415/689/644
f 131/690/645 407/691/645 194/692/645
f 376/693/646 184/694/646 157/695/646
f 880/696/647 855/697/647 859/698/647
f 871/699/648 434/700/648 835/701/648
f 876/702/649 844/703/649 1126/704/649
f 645/705/650 636/706/650 627/707/650
f 292/708/651 301/709/651 281/710/651
f 265/711/652 359/712/652 244/713/652
f 349/714/653 341/715/653 329/716/653
f 280/717/654 299/718/654 414/719/654
f 111/720/655 90/721/655 130/722/655
f 65/723/656 45/724/656 203/725/656
f 193/726/657 156/727/657 183/728/657
f 191/729/658 406/730/658 155/731/658
f 128/732/659 89/733/659 405/734/659
f 201/735/660 73/736/660 357/737/660
f 145/738/661 4/739/661 16/740/661
f 233/741/662 356/742/662 72/743/662
f 253/744/663 262/745/663 242/746/663
f 327/747/664 338/748/664 393/749/664
f 200/750/665 43/751/665 35/752/665
f 42/753/666 62/754/666 52/755/666
f 451/756/667 524/757/667 912/758/667
f 511/759/668 441/760/668 553/761/668
f 885/762/669 861/763/669 1135/764/669
f 878/765/670 1130/766/670 1144/767/670
f 471/768/671 542/769/671 831/770/671
f 823/771/672 552/772/672 440/773/672
f 1/774/673 767/775/673 714/776/673
f 697/777/674 718/778/674 772/779/674
f 1069/780/675 723/781/675 730/782/675
f 537/783/676 647/784/676 547/785/676
f 596/786/677 587/787/677 536/788/677
f 658/789/678 684/790/678 729/791/678
f 735/792/679 557/793/679 1149/794/679
f 711/795/680 701/796/680 705/797/680
f 46/798/681 56/799/681 92/800/681
f 17/801/682 27/802/682 377/803/682
f 18/804/683 158/805/683 147/806/683
f 19/807/684 378/808/684 159/809/684
f 332/810/685 396/811/685 227/812/685
f 425/813/686 320/814/686 333/815/686
f 426/816/687 214/817/687 321/818/687
f 444/819/688 464/820/688 865/821/688
f 546/822/689 476/823/689 535/824/689
f 586/825/690 595/826/690 606/827/690
f 226/828/691 424/829/691 330/830/691
f 235/831/692 245/832/692 360/833/692
f 204/834/693 37/835/693 74/836/693
f 257/837/694 246/838/694 283/839/694
f 1193/840/695 1201/841/695 1187/842/695
f 1182/843/696 1177/844/696 1332/845/696
f 1167/846/697 1176/847/697 1172/848/697
f 713/849/698 1150/850/698 1095/851/698
f 712/852/699 717/853/699 702/854/699
f 809/855/700 1163/856/700 7/857/700
f 1089/858/701 770/859/701 1158/860/701
f 1104/861/702 808/862/702 215/863/702
f 803/864/703 793/865/703 807/866/703
f 1125/867/704 1155/868/704 830/869/704
f 29/870/705 1154/871/705 1124/872/705
f 1148/873/706 1153/874/706 1094/875/706
f 734/876/707 1147/877/707 710/878/707
f 1146/879/708 829/880/708 1152/881/708
f 1093/882/709 1151/883/709 28/884/709
f 435/885/710 874/886/710 466/887/710
f 890/888/711 868/889/711 465/890/711
f 845/891/712 840/892/712 1131/893/712
f 1387/894/713 1377/895/713 1538/896/713
f 1468/897/714 1010/898/714 742/899/714
f 1392/900/715 1532/901/715 1405/902/715
f 1479/903/716 998/904/716 1475/905/716
f 1542/906/717 1554/907/717 1456/908/717
f 1460/909/718 1561/910/718 1553/911/718
f 1394/912/719 1385/913/719 1537/914/719
f 1380/915/720 1375/916/720 1531/917/720
f 908/918/721 525/919/721 1036/920/721
f 780/921/722 492/922/722 1022/923/722
f 573/924/723 565/925/723 1017/926/723
f 964/927/724 1046/928/724 956/929/724
f 988/930/725 1047/931/725 965/932/725
f 726/933/726 957/934/726 1048/935/726
f 681/936/727 688/937/727 727/938/727
f 781/939/728 614/940/728 593/941/728
f 615/942/729 782/943/729 971/944/729
f 898/945/730 977/946/730 1023/947/730
f 747/948/731 754/949/731 1029/950/731
f 979/951/732 899/952/732 1062/953/732
f 1049/954/733 990/955/733 1066/956/733
f 1050/957/734 1067/958/734 728/959/734
f 1072/960/735 983/961/735 737/962/735
f 1012/963/736 738/964/736 748/965/736
f 1073/966/737 739/967/737 1082/968/737
f 918/969/738 1078/970/738 994/971/738
f 57/972/739 1613/973/739 247/974/739
f 1624/975/740 20/976/740 47/977/740
f 1031/978/741 902/979/741 893/980/741
f 828/981/742 866/982/742 860/983/742
f 1268/984/743 946/985/743 1275/986/743
f 1256/987/744 1353/988/744 1312/989/744
f 1251/990/745 1347/991/745 1230/992/745
f 1284/993/746 1346/994/746 1303/995/746
f 1181/996/747 1331/997/747 1342/998/747
f 1192/999/748 1338/1000/748 1186/1001/748
f 1175/1002/749 1166/1003/749 1330/1004/749
f 1196/1005/750 1185/1006/750 1337/1007/750
f 1439/1008/751 1418/1009/751 1453/1010/751
f 1368/1011/752 1372/1012/752 1417/1013/752
f 1389/1014/753 1539/1015/753 1533/1016/753
f 1534/1017/754 1526/1018/754 1406/1019/754
f 1506/1020/755 1472/1021/755 1524/1022/755
f 1527/1023/756 1535/1024/756 1540/1025/756
f 1528/1026/757 1363/1027/757 1407/1028/757
f 925/1029/758 1519/1030/758 1006/1031/758
f 1427/1032/759 1397/1033/759 1435/1034/759
f 1481/1035/760 1500/1036/760 1493/1037/760
f 401/1038/761 420/1039/761 448/1040/761
f 459/1041/762 664/1042/762 579/1043/762
f 449/1044/763 653/1045/763 402/1046/763
f 581/1047/764 501/1048/764 571/1049/764
f 1480/1050/765 1492/1051/765 1517/1052/765
f 1522/1053/766 1471/1054/766 743/1055/766
f 1510/1056/767 1470/1057/767 1505/1058/767
f 1447/1059/768 1543/1060/768 1426/1061/768
f 1508/1062/769 1550/1063/769 1469/1064/769
f 1425/1065/770 1434/1066/770 1446/1067/770
f 1451/1068/771 1416/1069/771 1549/1070/771
f 1382/1071/772 1396/1072/772 1424/1073/772
f 1367/1074/773 1415/1075/773 1438/1076/773
f 1578/1077/774 1574/1078/774 210/1079/774
f 1592/1080/775 1597/1081/775 1584/1082/775
f 77/1083/776 269/1084/776 251/1085/776
f 241/1086/777 261/1087/777 69/1088/777
f 107/1089/778 118/1090/778 985/1091/778
f 1594/1092/779 221/1093/779 1608/1094/779
f 99/1095/780 992/1096/780 968/1097/780
f 1590/1098/781 1580/1099/781 231/1100/781
f 1570/1101/782 1618/1102/782 33/1103/782
f 168/1104/783 248/1105/783 93/1106/783
f 236/1107/784 48/1108/784 149/1109/784
f 170/1110/785 94/1111/785 160/1112/785
f 195/1113/786 95/1114/786 959/1115/786
f 112/1116/787 132/1117/787 185/1118/787
f 1587/1119/788 228/1120/788 216/1121/788
f 217/1122/789 205/1123/789 1604/1124/789
f 113/1125/790 151/1126/790 133/1127/790
f 1625/1128/791 1596/1129/791 21/1130/791
f 1566/1131/792 1571/1132/792 1614/1133/792
f 30/1134/793 1615/1135/793 59/1136/793
f 161/1137/794 96/1138/794 197/1139/794
f 206/1140/795 218/1141/795 229/1142/795
f 207/1143/796 1562/1144/796 1605/1145/796
f 744/1146/797 187/1147/797 753/1148/797
f 1591/1149/798 1582/1150/798 219/1151/798
f 1572/1152/799 1563/1153/799 208/1154/799
f 1588/1155/800 220/1156/800 1583/1157/800
f 1577/1158/801 209/1159/801 230/1160/801
f 114/1161/802 237/1162/802 152/1163/802
f 50/1164/803 238/1165/803 1626/1166/803
f 836/1167/804 879/1168/804 873/1169/804
f 862/1170/805 867/1171/805 1136/1172/805
f 1032/1173/806 997/1174/806 750/1175/806
f 1024/1176/807 980/1177/807 1044/1178/807
f 936/1179/808 1054/1180/808 1040/1181/808
f 1033/1182/809 755/1183/809 903/1184/809
f 914/1185/810 1034/1186/810 894/1187/810
f 506/1188/811 1025/1189/811 494/1190/811
f 783/1191/812 1026/1192/812 973/1193/812
f 1041/1194/813 1009/1195/813 910/1196/813
f 696/1197/814 778/1198/814 947/1199/814
f 986/1200/815 751/1201/815 741/1202/815
f 472/1203/816 491/1204/816 533/1205/816
f 503/1206/817 481/1207/817 892/1208/817
f 504/1209/818 897/1210/818 1021/1211/818
f 913/1212/819 917/1213/819 1028/1214/819
f 512/1215/820 572/1216/820 1035/1217/820
f 725/1218/821 687/1219/821 955/1220/821
f 699/1221/822 775/1222/822 692/1223/822
f 1393/1224/823 1398/1225/823 1383/1226/823
f 1373/1227/824 1364/1228/824 1529/1229/824
f 1390/1230/825 1536/1231/825 1384/1232/825
f 1379/1233/826 1530/1234/826 1541/1235/826
f 1482/1236/827 1544/1237/827 1501/1238/827
f 1545/1239/828 1449/1240/828 1502/1241/828
f 1454/1242/829 1551/1243/829 1511/1244/829
f 1467/1245/830 1013/1246/830 1474/1247/830
f 1484/1248/831 927/1249/831 1000/1250/831
f 1485/1251/832 1520/1252/832 928/1253/832
f 996/1254/833 1525/1255/833 749/1256/833
f 1564/1257/834 1573/1258/834 1567/1259/834
f 443/1260/835 453/1261/835 462/1262/835
f 473/1263/836 432/1264/836 483/1265/836
f 474/1266/837 833/1267/837 433/1268/837
f 797/1269/838 788/1270/838 802/1271/838
f 869/1272/839 887/1273/839 463/1274/839
f 834/1275/840 843/1276/840 875/1277/840
f 1309/1278/841 1352/1279/841 1270/1280/841
f 1345/1281/842 1249/1282/842 1300/1283/842
f 1311/1284/843 1271/1285/843 1306/1286/843
f 1323/1287/844 1272/1288/844 924/1289/844
f 1281/1290/845 1293/1291/845 1318/1292/845
f 1191/1293/846 1340/1294/846 1334/1295/846
f 1335/1296/847 1327/1297/847 1209/1298/847
f 1282/1299/848 1320/1300/848 937/1301/848
f 1283/1302/849 1302/1303/849 1294/1304/849
f 1229/1305/850 1200/1306/850 1238/1307/850
f 1171/1308/851 1174/1309/851 1219/1310/851
f 1242/1311/852 1220/1312/852 1255/1313/852
f 1307/1314/853 1273/1315/853 1325/1316/853
f 1328/1317/854 1336/1318/854 1341/1319/854
f 1329/1320/855 1165/1321/855 1210/1322/855
f 938/1323/856 1321/1324/856 760/1325/856
f 850/1326/857 856/1327/857 881/1328/857
f 851/1329/858 882/1330/858 1128/1331/858
f 1138/1332/859 1133/1333/859 889/1334/859
f 872/1335/860 877/1336/860 1142/1337/860
f 883/1338/861 1134/1339/861 1139/1340/861
f 857/1341/862 854/1342/862 1098/1343/862
f 787/1344/863 792/1345/863 801/1346/863
f 716/1347/864 707/1348/864 14/1349/864
f 1127/1350/865 839/1351/865 849/1352/865
f 1045/1353/866 974/1354/866 1027/1355/866
f 1063/1356/867 900/1357/867 904/1358/867
f 756/1359/868 1064/1360/868 905/1361/868
f 906/1362/869 1075/1363/869 920/1364/869
f 1091/1365/870 24/1366/870 12/1367/870
f 1119/1368/871 366/1369/871 25/1370/871
f 1120/1371/872 1115/1372/872 222/1373/872
f 422/1374/873 223/1375/873 1116/1376/873
f 1121/1377/874 1096/1378/874 1117/1379/874
f 1122/1380/875 224/1381/875 367/1382/875
f 1110/1383/876 820/1384/876 1108/1385/876
f 804/1386/877 791/1387/877 1161/1388/877
f 2/1389/878 715/1390/878 13/1391/878
f 212/1392/879 805/1393/879 3/1394/879
f 1103/1395/880 800/1396/880 806/1397/880
f 655/1398/881 724/1399/881 722/1400/881
f 564/1401/882 554/1402/882 731/1403/882
f 732/1404/883 709/1405/883 703/1406/883
f 642/1407/884 583/1408/884 665/1409/884
f 625/1410/885 816/1411/885 543/1412/885
f 643/1413/886 626/1414/886 544/1415/886
f 555/1416/887 824/1417/887 1145/1418/887
f 1099/1419/888 825/1420/888 858/1421/888
f 1123/1422/889 826/1423/889 1100/1424/889
f 644/1425/890 534/1426/890 584/1427/890
f 666/1428/891 585/1429/891 674/1430/891
f 733/1431/892 758/1432/892 566/1433/892
f 605/1434/893 594/1435/893 616/1436/893
f 822/1437/894 1113/1438/894 848/1439/894
f 827/1440/895 442/1441/895 864/1442/895
f 967/1443/896 601/1444/896 972/1445/896
f 337/1446/897 633/1447/897 365/1448/897
f 500/1449/898 689/1450/898 951/1451/898
f 325/1452/899 306/1453/899 641/1454/899
f 288/1455/900 383/1456/900 430/1457/900
f 316/1458/901 346/1459/901 400/1460/901
f 458/1461/902 384/1462/902 663/1463/902
f 1581/1464/903 1595/1465/903 1623/1466/903
f 607/1467/904 495/1468/904 948/1469/904
f 516/1470/905 538/1471/905 597/1472/905
f 322/1473/906 638/1474/906 628/1475/906
f 629/1476/907 617/1477/907 361/1478/907
f 517/1479/908 558/1480/908 539/1481/908
f 397/1482/909 342/1483/909 417/1484/909
f 284/1485/910 293/1486/910 379/1487/910
f 427/1488/911 380/1489/911 456/1490/911
f 568/1491/912 496/1492/912 609/1493/912
f 618/1494/913 630/1495/913 639/1496/913
f 619/1497/914 274/1498/914 362/1499/914
f 334/1500/915 312/1501/915 631/1502/915
f 294/1503/916 275/1504/916 620/1505/916
f 323/1506/917 632/1507/917 313/1508/917
f 303/1509/918 621/1510/918 640/1511/918
f 518/1512/919 648/1513/919 559/1514/919
f 649/1515/920 446/1516/920 560/1517/920
f 577/1518/921 659/1519/921 497/1520/921
f 489/1521/922 686/1522/922 499/1523/922
f 954/1524/923 520/1525/923 962/1526/923
f 1365/1527/924 1374/1528/924 1369/1529/924
f 935/1530/925 1326/1531/925 930/1532/925
f 1286/1533/926 939/1534/926 694/1535/926
f 15/1536/927 708/1537/927 1092/1538/927
f 960/1539/928 970/1540/928 1042/1541/928
f 961/1542/929 1043/1543/929 976/1544/929
f 1051/1545/930 931/1546/930 921/1547/930
f 1052/1548/931 923/1549/931 1004/1550/931
f 773/1551/932 768/1552/932 1085/1553/932
f 764/1554/933 1070/1555/933 1080/1556/933
f 698/1557/934 769/1558/934 774/1559/934
f 1261/1560/935 1359/1561/935 1349/1562/935
f 1344/1563/936 1355/1564/936 1258/1565/936
f 1280/1566/937 691/1567/937 1276/1568/937
f 1195/1569/938 1333/1570/938 1208/1571/938
f 1269/1572/939 942/1573/939 922/1574/939
f 1189/1575/940 1179/1576/940 1339/1577/940
f 1170/1578/941 1217/1579/941 1241/1580/941
f 1184/1581/850 1199/1582/850 1227/1583/850
f 1253/1584/942 1218/1585/942 1351/1586/942
f 1228/1587/943 1237/1588/943 1248/1589/943
f 521/1590/944 599/1591/944 963/1592/944
f 604/1593/945 610/1594/945 950/1595/945
f 60/1596/946 249/1597/946 171/1598/946
f 86/1599/947 989/1600/947 98/1601/947
f 982/1602/948 116/1603/948 745/1604/948
f 117/1605/949 188/1606/949 746/1607/949
f 978/1608/950 198/1609/950 966/1610/950
f 276/1611/951 295/1612/951 285/1613/951
f 304/1614/952 296/1615/952 622/1616/952
f 335/1617/953 343/1618/953 314/1619/953
f 478/1620/954 679/1621/954 661/1622/954
f 652/1623/955 671/1624/955 469/1625/955
f 510/1626/956 522/1627/956 958/1628/956
