<?xml version="1.0"?>
<COLLADA xmlns="http://www.collada.org/2005/11/COLLADASchema" version="1.4.1">
    <asset>
        <contributor>
            <authoring_tool>J3D Ripoff Exporter</authoring_tool>
        </contributor>
        <created>2024-08-19T02:39:57.852Z</created>
        <modified>2024-08-19T02:39:57.852Z</modified>
		<unit meter="0.01" name="centimeter" ></unit>
        <up_axis>Y_UP</up_axis>
    </asset>
    <library_images>
        <image id="tex0">
            <init_from>miyamoto_skin.png</init_from>
        </image>
        <image id="tex1">
            <init_from>miyamoto_fur.png</init_from>
        </image>
    </library_images>
    <library_effects>
        <effect id="effect0">
            <profile_COMMON>
                <newparam sid="surface0">
                    <surface type="2D">
                        <init_from>tex1</init_from>
                    </surface>
                </newparam>
                <newparam sid="sampler0">
                    <sampler2D>
                        <source>surface0</source>
                    </sampler2D>
                </newparam>
                <technique sid="COMMON">
                    <blinn>
                        <diffuse>
                            <texture texture="sampler0" texcoord="UVSET0"></texture>
                        </diffuse>
                    </blinn>
                </technique>
            </profile_COMMON>
        </effect>
        <effect id="effect1">
            <profile_COMMON>
                <newparam sid="surface1">
                    <surface type="2D">
                        <init_from>tex0</init_from>
                    </surface>
                </newparam>
                <newparam sid="sampler1">
                    <sampler2D>
                        <source>surface1</source>
                    </sampler2D>
                </newparam>
                <technique sid="COMMON">
                    <blinn>
                        <diffuse>
                            <texture texture="sampler1" texcoord="UVSET0"></texture>
                        </diffuse>
                    </blinn>
                </technique>
            </profile_COMMON>
        </effect>
        <effect id="effect2">
            <profile_COMMON>
                <newparam sid="surface2">
                    <surface type="2D">
                        <init_from>tex0</init_from>
                    </surface>
                </newparam>
                <newparam sid="sampler2">
                    <sampler2D>
                        <source>surface2</source>
                    </sampler2D>
                </newparam>
                <technique sid="COMMON">
                    <blinn>
                        <diffuse>
                            <texture texture="sampler2" texcoord="UVSET0"></texture>
                        </diffuse>
                    </blinn>
                </technique>
            </profile_COMMON>
        </effect>
        <effect id="effect3">
            <profile_COMMON>
                <newparam sid="surface3">
                    <surface type="2D">
                        <init_from>tex0</init_from>
                    </surface>
                </newparam>
                <newparam sid="sampler3">
                    <sampler2D>
                        <source>surface3</source>
                    </sampler2D>
                </newparam>
                <technique sid="COMMON">
                    <blinn>
                        <diffuse>
                            <texture texture="sampler3" texcoord="UVSET0"></texture>
                        </diffuse>
                    </blinn>
                </technique>
            </profile_COMMON>
        </effect>
    </library_effects>
    <library_materials>
        <material id="mat0" name="FurBody">
            <instance_effect url="#effect0"></instance_effect>
        </material>
        <material id="mat1" name="skin">
            <instance_effect url="#effect1"></instance_effect>
        </material>
        <material id="mat2" name="skin(2)">
            <instance_effect url="#effect2"></instance_effect>
        </material>
        <material id="mat3" name="skin(3)">
            <instance_effect url="#effect3"></instance_effect>
        </material>
    </library_materials>
    <library_geometries>
        <geometry id="mesh0">
            <mesh>
                <source id="points0">
                    <float_array id="pointarray0" count="2775">-31.92946484131685 233.70890460490398 64.59370606680113 -44.33583013766884 245.55637664597091 55.15073504693083 -23.461006284789676 246.06879178245592 58.31377070983333 -22.148383053800625 250.0375032866629 51.774508904937605 -0.0077421933224623984 241.82890148871923 59.6533206003645 -0.009255240382596315 271.7086650533315 61.33590037256118 22.13281128173679 250.0351673781763 52.94013495561843 20.366430649204368 274.98136183743156 43.75644121721519 42.78873832984931 271.8565153549589 37.85659237107139 31.0537853270591 288.03744929880395 33.7323035070998 46.85122493322983 280.72650952107443 29.266248055187983 31.569333264002584 301.1058971575692 22.27142499120075 46.94497553486015 288.6645134685748 21.31569853028639 37.19504738005099 298.6707643902579 9.810280915788354 42.35216388863256 300.1838484323316 -9.778028970510205 16.1639651765895 303.9727974832707 1.0069836893599562 18.18041709544246 304.5424691982113 -16.812217936341487 -0.0078821422609559 304.1168435168786 0.2847303003986723 -0.006631057631671695 303.13033789430244 -24.826539626808078 -18.194582820964637 304.54072544027497 -16.81396169427981 -0.005324429020803397 296.20362028139806 -45.15625169392616 -20.958729476502576 297.95288168501753 -41.06469346708914 -0.003682462281821375 280.8769666439136 -64.08122135298125 -24.00368348419077 280.2046321110387 -63.38872019827217 -23.626441794294763 249.4367430913942 -79.38273356307502 -31.272757029061584 212.8967824703728 75.8558410357937 -20.569693801116497 212.62461772161487 77.41709135525508 -23.366515825407383 208.07892009472994 80.85757524782014 -7.413369493161343 211.15989654178532 77.33237035790451 -15.444486111362366 203.25016660221877 82.45935494540623 -4.756841018097408 201.8838988886592 80.79947207444997 -14.584669473853863 195.30851744612957 81.1884338472648 -6.944000996740441 195.48636225652706 80.10401751116045 -12.475087997186074 191.7586391289398 80.43128520461205 -0.0060577219291357235 189.8779699162689 76.46597664225052 -10.36535864358221 188.36575797485784 76.432408761151 -7.302641711771238 186.4426911353516 73.83039879200889 -0.009903826798815556 296.0802735986058 50.4938823547578 -0.00967537364934002 308.83008125340245 32.97851459274665 14.819030374864486 309.68625335620595 20.008569614740804 -0.009096691670768169 310.3324586291392 19.404761680010928 15.491421915153094 308.12856052452497 10.79120222676454 -0.00858845304563535 308.49033582678845 10.644965750367192 -51.428968873631874 221.51803375056988 66.43769666393071 -41.60084183417279 215.50133055598275 72.41232763465796 -44.10082924661552 213.43163364656857 74.21932673974614 -35.69456023154335 209.776440324091 77.47826635203616 -25.91303782872474 202.3992137482018 79.17360632067857 -26.163004485305002 199.18435837926984 81.69290196305514 -25.91272801814166 195.1081421896406 80.00199191783878 46.58686340530289 211.37307694249506 72.26348870761676 40.102565213126596 206.67766446141897 75.35636991037399 35.68043960443072 209.7798619247152 77.48168795266429 25.89946205220565 202.40169755460937 79.17609012708901 23.352234067228885 208.0811597151035 80.85981486819625 15.43051381768421 203.2516466991613 82.46083504235044 7.399130472798249 211.16060662878004 77.33308044490002 4.743158960070769 201.884354303103 80.79992748889434 -0.006984907223013313 208.65243591211407 77.03270719875962 -0.006476255814183526 197.22266617979253 77.85194747060021 46.05579372385264 204.9493235869223 74.92574999531224 32.77450673614719 200.13576239239447 80.51024247856368 26.14949539447634 199.18686615485868 81.69540973864686 14.571597085405308 195.30429823358813 80.84862262865055 5.9153568178324125 195.48855097879593 80.46093531949155 -42.36658591667642 300.1797871541827 -9.782090248663817 -37.211202448957 298.6671974764723 9.806714001998703 -46.96127424933515 288.6600117567203 21.311196818426705 -31.586916590858884 301.1028695503619 22.26839738398996 -46.86752485139637 280.72201679766295 29.26175533177128 -30.633714531177684 288.0344921010666 33.72934630935903 -42.80501147344884 271.8524121307428 37.85248914685054 -18.461694261565235 274.9795004806997 43.75457986048119 -16.17978474908176 303.97124697685825 1.0054331829457221 -15.508578013606222 308.1270744352871 10.789716137525003 -14.837219556982882 309.68483168414275 20.007147942675964 -81.47349242274552 200.4258436146735 38.47689861738301 -74.84815837626354 191.81758960712978 40.11722049273517 -79.56593847622509 188.44028325730895 23.262069399586625 -64.03545161698004 182.45850356661342 45.163801382823685 -64.25324459651522 171.7789817759493 35.87975089656391 -51.80089805440951 173.52503219069558 50.3730225881359 -52.765625 170.09375 46.8125 -42.625 167.78125 61.203125 46.328125 183.90625 -56.390625 65.984375 176.46875 -35.453125 69.265625 209.484375 -57.328125 83.34375 205.953125 -31.109375 85.390625 223.84375 -48.484375 91.453125 202.21875 -27.84375 100.84375 219.90625 -42.53125 104.1875 200.21875 -25.34375 51.414780890024275 221.52296391153934 66.44262682490583 44.086670550721976 213.4358612109125 74.2235543040949 41.58665797465513 215.5053184285141 72.41631550719389 31.258492827236186 212.89978011610356 75.85883868152789 20.539681104410597 212.6265884377362 77.41906207137868 88.66727249071722 210.4112474082835 25.581039469492513 86.26283612273804 202.7598454889377 -4.600255636329581 79.5590611580919 188.44791144924346 23.26969759152989 82.68545542422596 191.80358429300784 -9.170384367158677 73.45058534236186 176.72964619325145 16.230578149388894 71.21875 171.546875 -6.609375 68.109375 167.984375 9.859375 62.21875 165.421875 26.28125 53.359375 166.15625 42.640625 64.24675510818065 171.7851418555319 35.8859109761536 52.765625 170.09375 46.8125 51.792851707523084 173.52999830543692 50.377988702882945 42.625 167.78125 61.203125 50.80814176748338 176.96072145794088 53.93410779983896 -47.554197192348674 231.15540457143402 61.56326745526098 -58.632280784887094 239.40431104873213 52.45006530114576 -64.28855019808603 245.55378758307077 46.70527928270449 -43.882476558435755 249.9097027825348 46.02924039643459 -64.46032849292199 250.13747292564773 40.10430437548105 -46.60063638054416 211.36860968633863 72.25902145145517 -40.116184602523774 206.67381890590133 75.35252435485192 -86.23965954586275 213.80953939387155 36.40172769956843 -88.67647710173148 210.402745839307 25.572537900506255 -86.2684134807702 202.75157462333078 -4.608526501945993 -82.68954419572798 191.79565648630765 -9.178312173867978 -36.709614356253965 197.8715674113282 77.47456349852106 -32.787993113184505 200.13261943350238 80.50709951966797 -46.06920606443614 204.94490726527602 74.92133367366088 47.539552589117655 231.15996321009402 61.56782609392621 44.32041965859141 245.56062668142224 55.15498508238705 58.61771894566225 239.4099318217365 52.45568607415659 64.27394950646621 245.55995065880103 46.71144235844184 65.04002404001027 226.695585222796 56.19852078400512 76.6495785488071 235.82386854828394 43.32621895279527 31.914285011964683 233.71196516973552 64.59676663163619 23.445187515102834 246.06253706163596 59.49461502816809 43.86752323990714 249.91390937384506 46.03344698774973 -0.005821099110154694 186.13830593251942 75.26966021325632 -3.521144282168032 179.27212625070032 75.83973371071598 -0.0055147964558466215 178.3563733826542 76.66208261635539 0 169.140625 78.125 3.5101057016735466 179.27246331731175 75.84007077732777 7.291108254691061 186.4433907358295 73.83109839248758 10.353391308804307 188.36675119780608 76.4334019841004 12.462420523442983 191.75904845941068 80.25432999205353 22.46234398829895 192.45692412718626 81.15346600059162 64.02704808872124 182.46464267316242 45.169940489379755 -65.984375 176.46875 -35.453125 -71.21875 171.546875 -6.609375 -73.45566432003484 176.72260374818387 16.223535704313228 -68.109375 167.984375 9.859375 -62.21875 165.421875 26.28125 86.22909005778914 213.8178072633308 36.409995569037186 81.46400720280998 200.43365457161508 38.48470957433355 74.83934127974163 191.8247653807681 40.12439626638172 89.32225692817573 227.0214427989122 35.370662093089884 91.69754395682774 227.31315538067028 29.091611228963476 110.5 212.859375 26.71875 -0.0019032454028360384 257.78114462761033 -78.10007703829409 23.623558097120643 249.43900817902284 -79.38046847544379 23.996254135339917 281.49926516910557 -63.379788135343574 20.947520427193233 297.95489060202146 -41.06268455008287 -0.00767576653356543 237.58500047636122 62.511550817499604 -53.359375 166.15625 42.640625 -22.475155908430782 192.45476989702092 81.15131177042383 36.69663547505212 197.87508638675124 77.47808247394815 25.89977186278873 195.11062599604819 80.00447572424922 -89.33399266125673 227.01287831083494 35.36209760500276 -91.70870562168882 227.30436318537107 29.08281903365416 -76.6629210988675 235.81651899808153 43.31886940258442 -79.5841801118209 221.05174044479173 45.233944133091576 -81.97519012501404 235.52494728445294 38.7920441341534 81.96230949824339 235.53280617975702 38.79990302946651 79.57206952242426 221.05937013480008 45.24157382310867 -65.05372566102302 226.68934874144816 56.19228430265009 -50.816857998973575 176.95584972185074 53.929236063743225 105.296875 200.40625 8.859375 -47.21875 279.046875 -56.90625 -68.046875 287.484375 -29.484375 -67.640625 291.359375 -6.71875 -66.921875 284.09375 18.078125 -64.796875 269.765625 31.484375 -69.265625 209.484375 -57.328125 -40.984375 205.140625 -73.890625 -59.90625 224.75 -68.828125 -36.765625 226.515625 -79.546875 -55.390625 247.453125 -68.28125 40.984375 205.140625 -73.890625 59.90625 224.75 -68.828125 36.765625 226.515625 -79.546875 55.390625 247.453125 -68.28125 -83.34375 205.953125 -31.109375 -46.328125 183.90625 -56.390625 13.625 210.5 -79.75 13.53125 228.734375 -82.5 0 230.328125 -78.734375 -13.53125 228.734375 -82.5 -85.390625 223.84375 -48.484375 -80.8125 246.734375 -47.578125 -13.625 210.5 -79.75 0 212.28125 -78.453125 80.8125 246.734375 -47.578125 -84.359375 249.984375 32.34375 124.75951285594594 238.87228436964722 28.58185801297194 113.296875 241.09375 30.859375 132.26310043510796 257.5303844285444 16.663241934425876 122.40625 261.265625 18.703125 135.933971858181 263.8296501968932 -4.664046480155212 125.53125 267.4375 -5.109375 121.90625 261.515625 -30.84375 114.21875 270.921875 -5.953125 110.015625 265.390625 -31.546875 104.09375 273.203125 -6.65625 100.921875 269.8125 -31.78125 92.953125 278.890625 -6.875 88.65625 276.375 -29.5 68.046875 287.484375 -29.484375 69.84375 276.265625 -45.734375 47.21875 279.046875 -56.90625 67.640625 291.359375 -6.71875 87.734375 274.140625 19.671875 100.140625 266.46875 20.84375 110.34375 263.96875 20.328125 64.453125 250.140625 40.09375 84.359375 249.984375 32.34375 64.796875 269.765625 31.484375 66.921875 282.796875 18.078125 91.3125 242.375 -47.75 106.921875 237.96875 -44.265625 117.484375 235.796875 -42.6875 120.51776223735925 214.55005467845905 -37.08029423250015 132.41305520474978 233.02040616764776 -42.08902450056952 137.7607507794083 256.8478000382826 -29.203836925560797 94.734375 244.203125 32.59375 140.13666017764126 235.56127063794747 28.195682106162646 117.41666990896935 200.47042079458694 -24.391970008482385 121.0444100002686 200.62364806223147 10.702376293665143 135.62908105410872 218.8266135156078 26.70558687881306 -0.00748480767028404 226.20185037495116 69.93213621487325 19.47644072856456 230.2025267337397 75.30826200500418 24.02392839354111 231.81280959585197 60.91793215861954 33.867342045122086 237.1100740789243 62.63740797144014 35.77394330842438 240.11066059166848 52.309518192766234 41.99242962796873 243.98588079588137 53.93500206687878 37.633590922348006 244.06433689590727 42.66917185665343 47.74233145116884 253.65839696677494 46.310741383836366 45.96135857974552 254.93990015453767 39.24821743088524 48.960910626442015 264.4713029365943 39.061318158921516 37.41489779428597 255.5180573829818 30.029085443243996 41.63307624490051 266.81510463407335 30.654829235463765 30.571310316803444 261.26816749919954 20.888408031665577 30.633547380106062 269.3620455719074 18.27942403493138 17.133927901343046 269.8618029021882 9.841300855608111 16.945732771962266 282.23669201140126 11.966885099517762 -0.007201942535257324 282.1735665746984 8.059819407294142 -0.008512778391959396 300.47000781948475 17.107571508730206 -16.960517150118235 282.2350666012974 11.96525968941202 -14.383725463294372 300.82849819669127 21.185024613245467 -31.070279350280043 282.0308682128351 20.245823552566783 -24.352913617248813 303.2808247023345 27.872164311120716 -32.57142762483845 294.967768179219 31.26199682227306 -29.52557433140501 308.49879117205455 39.04404153255724 -33.80645127561674 299.04538080687325 40.715258125267276 -32.30686100164528 303.18586646636527 45.121778517467455 -34.18182877901799 300.7325661932716 46.902821030148644 -32.40167528747669 293.528084634852 76.98068604521735 -32.167053820722124 283.5278629317402 81.83959288597872 -43.04183583887951 284.058835049494 76.76097203521088 -37.63522776978997 271.21508656473304 82.13561548128777 -45.47878825960884 272.3243282452469 77.07279265801138 -41.07195099937148 260.6683179652122 76.4786951062479 -49.134105692097656 260.8245342751045 69.11894111048134 -45.821058135018 251.04352174605583 67.47800601296932 -53.02424832930978 261.4342343802497 58.44690883725403 -49.601860228538584 252.0907136101432 57.08724995538768 -52.47690745761442 262.669160693753 47.493869252633516 -47.75766832936389 253.6538188531552 46.306163270211336 -48.97658914848913 264.46660797321596 39.05662319553773 -45.97614120897414 254.93549282133432 39.243810097676864 -37.42885203371661 255.51446949616263 30.02549755642072 -37.64765890464916 244.0607280360545 42.66556299679653 -31.95977243600138 244.67079141950694 33.993989878602 -25.287981304543965 237.0769133301738 43.337695663951685 -22.8344136825452 244.0309319524331 27.15064662137446 -0.006213046190343663 235.39106273430718 34.2138267306636 -0.005848314658686282 242.3448858541975 19.651660085556312 25.52055666193465 335.0800853115794 27.98545452682279 -0.010703756932112634 333.2350125118864 30.046642209407857 18.034834158027937 349.9384662749949 41.235808041796254 -0.012598834471786386 356.07796244961327 46.73523726302713 15.142871341940427 373.2037301750686 45.8774097752677 -0.013603334949680487 375.6872729842844 48.07992730126645 16.689509604945563 383.8915799639596 40.127996284385624 -0.013864037570933406 386.6250366327812 42.58045163974588 15.283544964346287 386.7669357701743 31.299941714143277 -0.0135577083683072 389.2817203398404 33.53370399681181 -0.012380262484998478 385.7358528509372 12.517909013728003 -15.310204965346625 386.7654691558963 31.298475099863534 -17.605585670744478 379.73526638113884 7.157402980302872 -28.278307765926204 379.64015309334343 24.922511853041424 -36.94921423864666 368.96831933680346 15.390334567244771 -40.35560202624902 364.4521767456892 22.780579788544767 -43.68247837072595 350.70260675273744 10.482886119456614 -39.60439753625457 343.1086440241361 18.998342566581492 -39.99494694729895 356.39058763594386 4.139585556183836 -24.901146090637017 365.2511618464843 -5.7811411474244725 -0.010475495402670114 373.2215327645562 -14.701440902289253 17.581914248391598 379.73695321226967 7.159089811435652 28.252942104160084 379.6428631088991 24.925221868600214 30.862090167089196 376.1113419466566 33.190802656427294 27.98726174067335 366.15777352502727 39.565187682470246 36.56634623986795 355.5805122105882 30.127591827433893 39.58310228176569 343.11244014321744 19.002138685667163 29.394708918043452 305.89052392134727 74.85924097929913 31.83273622329769 302.8128955581007 66.93733528699093 32.3483245637222 293.5311886438246 76.98379005419348 38.22363761727271 296.87569368804316 67.10923200866682 43.02066396334141 284.0629607448176 76.76509773053918 47.44285502248336 286.047958958683 68.18727985538753 45.458711531408916 272.32868764008765 77.07715205285719 50.2871735691861 272.673022654076 69.70240000102444 49.11589408211533 260.82924421922115 69.12365105460343 53.49074121588961 273.8768015845235 59.265111253420734 53.00700142702122 261.4393173447496 58.45199180175982 52.25679164583957 275.0647248107754 49.20260902943441 52.46059230123011 262.6741912256689 47.49889978455525 49.16332177049205 276.986823786242 41.43692786951176 41.42919769247176 279.40869505308615 33.78042321455521 -25.13545196382866 317.78019395149 40.24782193709255 -21.401990039467396 325.3579481344452 51.71711421346247 -29.323674738308767 317.37300087936416 55.73197668465509 -22.48059140026493 325.06053080888216 61.951423274694484 -27.402331527406943 316.0599982501005 68.13825586858422 -19.934200256171366 324.06012106249386 73.04524740385473 -20.027965937434804 313.715854975307 83.71662202267113 -11.34089817220218 322.6850191720009 83.76434343427695 -11.26278888301793 318.6848154332066 88.0922804160651 -0.0129192514922844 322.26352093056687 87.23361625407222 -0.012768652521591303 311.43502741162365 94.9205971538241 11.237211065275122 318.68589404636316 88.09335902922281 11.143570448435652 312.4200735529717 92.07742916204228 13.643634854981533 312.81090154506353 90.34319273785728 -31.77651508456808 311.3416287999927 55.82531995739509 -29.417790946800334 305.8877045464021 74.85642160435074 -31.932888630163383 302.8098387384538 66.93427846734045 -38.323237206815946 296.8720241562004 67.1055624768198 -47.463394759413866 286.043409308466 68.18273020516527 -50.30657619964075 272.66820035442225 69.6975777013651 -53.509258538215114 273.8716721797348 59.259981848626204 -52.27449332036119 275.7940887521314 49.19763317720744 -120.52261305697074 214.53852352504344 -37.0925051450343 -100.84375 219.90625 -42.53125 -117.484375 235.796875 -42.6875 -106.921875 237.96875 -44.265625 -121.90625 260.625 -30.84375 -110.015625 263.171875 -31.65625 -114.21875 270.921875 -5.953125 -104.09375 273.203125 -6.65625 -100.140625 266.46875 20.84375 -92.953125 278.890625 -6.875 -87.734375 274.140625 19.671875 -94.734375 244.203125 32.59375 -110.34375 263.96875 20.328125 -125.53125 267.4375 -5.109375 -135.9457206550984 263.81663953207146 -4.666453220567581 -137.7729620921992 256.83461509995345 -29.21406269647632 -146.72697247710605 259.8478494626591 -4.432841788878954 -151.14802531556631 251.03752202070163 -27.168218706169842 -11.214753729833543 329.4052418334404 53.17092158275249 -11.293333374341746 329.63916963660665 62.42092905186432 -11.356314973729605 327.8729753454634 74.23334138739921 -0.012150817682792706 331.2334694264698 62.234046258713164 -0.012655633731899929 328.9203536939249 75.07768537173379 11.331184974132555 327.87406294706284 74.23442898899992 11.315351775731793 322.68610527552653 83.76542953780384 19.909549652264246 324.0620311066251 73.0471574479882 20.003283970569917 313.7177740078813 83.7185410552476 27.378918346701 316.06262437352177 68.14088199200853 -151.11809506510437 205.03375754556737 12.092996780613124 -141.77433323645195 203.90879978390262 11.81197089410304 -149.78864899018495 206.49045619113735 -25.156816513833416 -139.52305185328862 204.17788758336562 -24.266048508938646 -137.22580581206583 216.257070946697 -35.26480881100697 -117.41366578206697 200.4591872091483 -24.406244529626985 -104.1875 200.21875 -25.34375 -91.453125 202.21875 -27.84375 -36.94692892088239 343.7975230595168 -7.110872079517101 -17.602956544067254 350.76775691230773 -18.718985674673142 -0.008662782263478434 344.7844822736043 -24.07780412792858 17.58454337506882 350.76944374343856 -18.717298843540362 15.289061636046428 326.00391468695443 -23.01547116560133 28.25716443662601 333.12923074950726 -16.639507918779234 30.866701250754716 325.3166431199452 -12.20225735826928 40.3343943350726 336.95722312706346 -1.7949954333121072 36.5686090865248 330.6440796966706 7.86077141568711 -24.0385714960071 231.81050555830382 60.91562812106873 -19.492309181881872 230.2006586356756 75.30639390693794 -33.88265779918254 237.1068262548642 62.63416014737632 -29.758179118102028 238.13780208236176 72.47815730693642 -40.44559223384202 243.45013130611005 65.35289965461124 -33.89902508636163 243.0282420596507 72.19694326135443 -38.836941553973936 250.51232266817794 73.4001903516063 -34.79014071193183 249.9811670432743 75.47848388013651 -35.46267487802514 260.15283827363385 79.05706428635749 18.037529200169022 320.23661251983714 14.718759183557497 -0.008786975311863544 314.0797610699828 9.217598938015838 15.148334082910958 313.01880787297137 -7.891100391367871 -0.007690421537177365 310.5338126812148 -10.110696048945979 -0.007342904604472962 314.7843639890443 -21.61049228447732 -16.71071654712097 317.51782065786585 -19.158036929117046 -15.304688293646484 326.0024480726764 -23.016937779881072 -28.27408543346028 333.12652073395157 -16.642217934338024 31.676609769611144 311.34467063890145 55.82836179630726 29.301325126965907 317.37581126586633 55.734787071160504 30.161319575969227 311.4699388101674 48.71892014835978 25.114547920692484 317.7826028542062 40.25023083981148 29.505675532936063 308.50162103351647 39.04687139402244 24.334603499537995 302.9237837021851 27.87448108229911 33.22544722395463 294.97092237366485 31.265151016722495 31.05472050695133 282.03384638360603 20.248801723341174 -12.995088425971637 324.9371075856635 38.54562200159622 -15.525665031121518 316.8591474060664 32.57636341924802 -0.01023483282123397 322.46934034504017 31.030501120711772 -0.009695521287990897 315.7664333406364 26.48330479432467 15.505584897565983 316.8606349933781 32.57785100656138 14.36627447063564 300.8298764246134 21.186402841169233 48.30282846082147 288.54871851080395 53.20306593275953 44.865509712673145 291.6582590566512 46.31242521881939 33.70917356922651 299.04861739537967 40.718494713777375 12.973661514349926 324.93835248501495 38.546866900949105 -0.01074192560521025 326.62528246655853 37.45257534977293 -8.198648620942835 328.06205213606916 44.4991267496312 -0.007585620931889948 323.48766350301025 -25.250700062549612 16.69553337610857 317.5194220987885 -19.156435488192585 27.991443625074115 320.08162168873656 -1.5932711328091909 -113.296875 241.09375 30.859375 -122.40625 260.390625 18.703125 -132.2745931139949 257.5177256474742 16.661198390621465 -144.02460058142768 253.2676675173061 17.066623436673698 21.37925986221759 325.3599989975164 51.71916507653598 8.176351341425997 328.0628371267553 44.49991174031821 -0.01131867146102285 329.9061129782373 46.20273262741665 -0.011705910223575897 331.046405387283 53.14028729116842 -25.541943220719304 335.07763745894374 27.983006674184278 -18.058915759025496 349.936735999723 41.2340777665224 -36.58990359201266 355.5770052197558 30.124084836597444 -28.0127381306338 366.1550889767267 39.56250313416657 -30.88790969100395 376.1083817527715 33.18784246253887 -16.71674031828398 383.889978523037 40.12639484346116 -14.490496719380618 253.79759212945487 13.901514785608159 -30.5849395426542 261.2652357687172 20.88547630117992 -17.14732201987567 269.86015951519835 9.839657468616405 -30.444577479531116 269.3591175866096 18.276496049630303 -26.21496182069016 308.3095533159264 78.6066912490222 -30.26055528517607 311.4670422844201 48.71602362260913 -18.05622071688441 320.23488224456526 14.717028908283643 -15.164165847428292 313.01735474135774 -7.8925535229831425 -28.008556246233034 320.078937140436 -1.5959556811128692 -30.883298607338432 325.31368292606015 -12.20521755215771 -40.353105479500535 336.95335510043833 -1.798863459941626 -0.005935992517770482 252.07963986267382 11.745876753723124 -0.006520291940860074 269.189250781292 6.824821960455111 14.478242727027178 254.01773084339115 13.902913986565533 31.946477417136524 244.67385498048617 33.99705343958471 25.274518579259034 237.07933721362826 43.34011954740891 22.82183621253278 244.03312063829648 27.15283530724035 45.803941654419816 251.04791409852086 67.48239836543941 40.42940758030023 243.4540083211781 65.35677666968374 33.88222475787118 243.03149138178463 72.2001925834921 29.741820745161824 238.14065441493113 72.4810096395091 22.3354539246322 236.70261360467765 76.35558567571015 11.976079718553875 232.10814752542407 80.93299383686174 -0.00847200162465933 228.51347395443503 88.21349703032466 -105.296875 200.40625 8.859375 -121.05553843639936 200.61206501803161 10.703015919561162 -110.5 212.859375 26.71875 -135.634261696203 218.81363205487932 26.704243178695048 -140.14996627679153 235.54785877774475 28.174437204100144 -156.3686764854032 231.5947971814959 27.235981950257546 -159.10267651705252 248.73650525902002 15.893778279645906 -166.24331969407677 249.33019714757194 16.37795650471928 41.05304881189816 260.6722549032334 76.4826320442736 38.819308267565276 250.51604538164167 73.40391306507429 30.74148067479048 242.84371273434323 74.87190803248899 -36.728811624354584 299.6541595502213 50.23077224593609 -43.71261508376665 291.6540127663845 46.308178928547754 -49.180428003505504 276.9821093479038 41.43221343116819 -88.65625 276.375 -29.5 -69.84375 276.265625 -45.734375 -48.32217131712591 288.5440864665263 53.198433888476615 -40.088516171188054 298.3723574942163 58.386799763228595 49.58563954351995 252.09546849647472 57.092004841724666 32.14544603148217 283.53094596767914 81.84267592192121 37.61477205727901 271.21869392651195 82.13922284307083 29.176791936430774 277.87437838062425 85.498512445142 31.14583706961449 271.0619413138734 86.15453024219062 27.270449824460204 275.53033250662673 89.76393369729847 22.456908496464802 325.06268503904744 61.953577504862274 11.269166573807677 329.6402512459108 62.42201066116971 11.191496218674953 329.4063159523754 53.17199570168872 -0.00701294730635011 228.4368044031074 57.85411835490855 -35.7885565271188 240.10723000260128 52.30608760369513 -42.00757017899199 243.98185397343047 53.930975244423266 -124.77498558879212 238.86034643196143 28.565926060815062 -33.80687356014938 265.96524761865794 82.60429731785156 -30.776037788083674 271.05897288058225 86.15156180889612 -29.198207929418416 277.8715799787127 85.49571404322724 -27.104550050581334 275.52772585816524 89.76132704883396 36.63056320705922 299.6576762785336 50.23428897425243 39.98960864478548 298.37619630840175 58.39063857741842 33.78655703966635 303.0480713119201 52.18744018605582 -15.169628588398822 373.202277043455 45.87595664365242 -91.3125 242.375 -47.75 -100.921875 268.578125 -32.265625 24.880103794961357 365.25354827809304 -5.778754715812999 36.9257855915822 368.9718607833339 15.393876013779312 39.97380286892594 356.3944212068709 4.143419127115261 40.33189778832411 364.45604477231427 22.784447815174286 -36.587640745355806 330.64057270583817 7.857264424850665 -132.50684008931066 233.00773474987372 -42.106785154535785 -151.72566840038735 230.66373163853265 -39.79519270810802 33.56812628501704 265.96847746583205 82.60752716502942 35.44357495902616 260.1562374031506 79.06046341587817 34.77235912820751 249.98450175561646 75.48181859248248 -41.445802117074315 279.4047221612931 33.77645032275758 -41.648173563711964 266.8111122673205 30.650836868706342 -22.352045972672048 236.70047135910295 76.353443430133 -11.992670226363863 232.10699850279764 80.931844814234 -0.008075021611883391 226.45127209015817 81.9946481717432 43.661271428550556 350.70679386908796 10.48707323581196 32.551974555579406 306.0166969618457 53.54689832602927 17.15937294382789 313.2955814085096 87.4996344978427 -30.41649667945403 307.77966663934217 45.965839365847955 -11.16892950028829 312.4190039282582 92.07635953732753 26.191288058875745 308.3120655857367 78.6092035188354 -30.758519183877198 242.84076452504883 74.8689598231912 36.92807090934646 343.8010645060473 -7.10733063298256 30.317878180973114 307.78257814582776 45.968750872336905 32.19311263257937 303.73583348949035 45.12489675814494 34.08379606410169 300.7358387355499 46.90609357243067 -33.18219280643366 303.0448609397058 52.184229813837746 -32.651150294578166 306.0135712308026 53.543772594982606 -231.51144752664985 235.35208707618165 -46.101793232134156 -213.22555172118848 224.2286675176876 -46.43490078532003 -217.25679507648886 244.24439220422767 -47.542499935160336 -196.41306980304915 221.02550708288874 -45.77836056621564 -197.94435210174717 242.4473869729273 -45.85448606920609 -180.5625 230.6875 -42.03125 -194.24171841750234 257.7117595453416 -32.72789092129851 -178.421875 249.90625 -30.328125 -165.46875 259.8125 -4.21875 -170.546875 249.796875 -30.015625 -159.078125 249.703125 -29.09375 -159.453125 230.046875 -38.90625 -160.921875 206.5625 -25.734375 -161.234375 201.828125 -4.25 -163.40625 205.046875 14.453125 -166.0625 229.203125 28.46875 -179.28125 231.625 34 -182.125 254.796875 19.921875 -204.22851099845073 243.09577963300114 35.989103255840284 -207.80614328860406 260.20655393026396 21.334366628615186 -232.90625 259.359375 20.375 -212.46149005741995 269.6934006422106 -4.524264319674649 -233.828125 269.546875 -5.171875 -216.10105401455766 261.1180951589283 -33.99396597305152 -237.09375 261.390625 -32.328125 -239.30838835548147 245.05513190914814 -44.69535508031592 -240.54557813603503 237.03568914897812 34.89796665026023 -265.37405139667777 254.12896634900864 43.913528991412825 -251.20178201785595 253.64514559500662 32.83588430474862 -263.2639953855929 259.989276629506 24.476384870487248 -268.482447935952 266.5053088275526 15.80463682915096 -273.7008933047456 268.6307160306506 7.132678299956965 -272.88799683050667 270.9437574336193 -4.1328069506191225 -291.9974141812812 276.8186820079739 -3.2113292429065847 -272.05946875541105 268.88179811808385 -15.382876384870642 -182.46875 201.390625 19.8125 -188.11761776967103 196.6934482449778 -4.608523548476086 -203.35295971032423 201.03458310928747 22.4069765188001 -205.82073572073338 196.80281379371596 -4.812267037696135 -210.296875 198.625 20.046875 -214.203125 197.859375 -4.984375 -218.16975529757917 198.9430019757471 13.490685427521985 -223.65347076594722 201.64701389675923 -5.196879805789054 -174.375 209.171875 -29.1875 -194.1478622407305 205.0711888723282 -33.295434699950704 -207.36660495419676 205.71181474210402 -33.53021792743191 -214.609375 208.109375 -31.609375 -286.5900957962764 269.8513670750686 -32.96147119439826 -268.79349276295466 266.75727237299395 -25.164112215698626 -265.52750956337565 260.22649663297324 -34.94555928345143 -252.68336745509254 253.66453223637006 -45.67979254498745 -259.96432136388586 251.50866510045526 -53.914529598223226 -203.38476886145327 223.48629823825434 37.1122531071331 -234.140625 246.328125 31.28125 -229.17064921209578 224.1449584047644 37.49150280937569 -220.46728827172106 210.22338528342084 31.49114461590971 -187.33648150026784 265.47469620906037 -4.570651137584306 -262.6682480169573 256.6169652595944 -31.58625573276681 -266.9501649002739 263.16294785829336 -13.117344015707696 -171.84375 230.109375 -39.65625 -264.4508641220036 261.64638012295325 6.632672112500589 -285.51410569329596 269.73911292121034 27.13231176001377 -222.74626104056344 213.25771097108898 -32.74316600159173 -260.9357994195201 254.6143643353609 22.72620991082301 -255.26160171967268 250.2112479707211 -42.445674693170446 0 105.84375 -24.6875 3.484375 100.671875 -10.78125 7.953125 104.125 -29.953125 12 100.359375 -18.53125 22 100.640625 -28.8125 13.09375 88.703125 -20.171875 33.859375 91.796875 -28.296875 33 75.09375 -25.390625 51.375 91.4375 -19.640625 48 76.484375 -18.25 60.328125 75.34375 -7.3125 49.51997242592363 69.68775233458021 -20.37320535195874 68.7542362276301 59.780452792376664 -8.145374005245298 59.09898830284495 58.40505398681738 -27.673847378174973 72.734375 48.75 -9.0625 64 47.328125 -30.75 66.36577876853438 35.099908795813235 -28.66021433643925 52.585126499344845 35.89675910624926 -41.92646175563017 10.4375 87.140625 19.515625 5.78125 85.9375 -8.046875 13.828125 74.71875 17.5 13.15625 67.671875 8.640625 27.234375 65.953125 25.359375 30.7215912941718 59.941740052481435 20.78999496873215 42.859375 67.265625 25.609375 42.784100973381626 59.708018886062376 20.82238491257369 53.4375 74.296875 7.859375 61.753475282936016 58.21254302851702 9.29559785151385 62.8125 90.34375 -5.03125 52.578125 81.5 17.4375 44.734375 74.890625 27.0625 43.46875 83.5 25.546875 24.71875 81.5 25.671875 32.09375 89.796875 28.546875 9.563458696759957 99.4714697134049 20.530459157695343 65.53125 48.734375 9.359375 39.640625 48.734375 21.265625 11.1875 48.765625 10.0625 12.409619252432007 60.27304616057121 9.444538305009548 5.84375 48.8125 -8.03125 8.160445879504268 60.02897047619605 -7.555129705652417 33.442439408237014 67.66223170051083 -30.697277598771336 35.537108291337134 57.281864041203875 -39.484821352910565 36.71875 45.578125 -45.625 14.270801877290612 58.57743858193554 -26.567036523065838 11.25 47.375 -28.890625 4.973952510063066 35.51765954096767 -4.022512135108239 75.78653473025885 37.0837114779646 -7.300292588577038 67.2702768462049 36.598272066167596 6.386775934704838 54.98852579253998 36.64405944054597 16.792439414885862 38.941476312398194 36.596238398556835 20.47916789838913 24.691653858527925 36.56448130907599 16.806608287087023 35.671875 100.140625 -29.859375 56.328125 102.390625 -19.125 64.53125 104.515625 -6.25 52.938329324666846 102.1766662717722 20.526059321065087 16.3125 69.796875 -18.390625 10.890625 68.078125 -5.640625 18.020135579627837 67.0749647343818 -21.16533366810796 25.21875 72.703125 26.96875 32.56292442269146 101.10475080114028 30.043301858034607 50.65625 91.109375 19.546875 12.567030633610862 36.626779836207575 8.88415504879373 36.33538269165737 36.6306464954984 -48.00533053531884 23.63201205139301 36.00476187112508 -42.25596947702138 10.928227215511493 34.95656778548465 -27.444128663547005 69.25759023679382 22.63188616753598 -40.941923467844134 48.94558611036168 25.194031147809184 -53.849024344120146 29.847291193587555 30.09505564840765 36.056545323748345 81.00629666781848 26.38133556339116 -17.706805476619184 67.50400623200676 31.112999688992602 25.339649214745748 51.53479563746657 30.15860280222917 35.90133798349322 11.722826025333848 29.360311398847045 25.633766260142252 0.19272577311736308 28.32960899994964 2.6800390872108415 83.22383551444825 29.349122992893456 4.590318152396318 -1.1656215882025849 26.98675714447515 -17.41384044999822 9.616823046641635 26.33218729154649 -41.67898001831271 27.9299491741386 25.30239195125276 -53.70940155583569 144.01181631346682 253.2814523459412 17.07360976655763 146.73022891312272 259.86189372635 -4.414069905586152 165.453125 259.8125 -4.21875 151.13500702639675 251.05215446729966 -28.880257473669154 159.078125 249.703125 -29.09375 151.6533169108709 230.67824724396488 -39.770680962759364 159.453125 230.046875 -38.890625 160.921875 206.5625 -25.71875 171.828125 230.109375 -39.65625 180.5625 230.6875 -42.03125 178.421875 249.90625 -30.328125 193.33144429581898 257.7282564088635 -32.72829931551075 186.39913657833182 265.49052760116024 -4.560999149963127 259.70303489828717 251.53116443433223 -53.93613775654017 239.04683691912575 245.07565080710918 -44.71894367455103 231.25095983022078 235.3874834799663 -46.12612857146145 216.9902562277822 244.26315776191802 -47.556747944405494 212.95486646624522 224.2470451417569 -46.43955899742355 195.5139163041049 221.04221336990275 -45.78288040672904 193.23011560364085 205.08767734933843 -33.31204632484718 174.359375 209.171875 -29.1875 161.21875 201.828125 -4.25 149.79468780573066 206.50479418320995 -25.14037453599991 137.21858301394343 216.27032825805966 -36.55393618564221 217.9070449759408 198.97711911522268 13.465070823884128 210.03125 198.625 20 220.20177205027156 210.2420975683406 31.465749408631215 203.04288225642952 201.05201109606216 22.396944080882772 203.07171992165468 223.50372912400715 37.10259591630266 181.546875 201.390625 19.796875 178.34375 231.625 34 163.390625 205.046875 14.453125 166.046875 229.203125 28.46875 151.1006686044383 205.04822187176893 12.099930131439384 156.3600706115749 231.6097652402609 27.250641391201135 203.90406854518608 243.11329150014592 35.968284018232275 181.1875 254.796875 19.90625 207.4962005862674 260.22440838957056 21.332633629895092 212.1645807334849 269.7117032672643 -4.532546077551401 215.83830341643485 261.1367509631435 -34.01419803749224 233.5625 269.546875 -5.203125 236.828125 261.390625 -32.375 268.5279877338136 266.7806180166802 -25.1848740642053 265.2635685267547 260.24952921986085 -34.96663418875708 286.3250415371183 269.87641902038337 -32.98052674127452 228.90322286111513 224.16450504786127 37.46694196027523 233.859375 246.328125 31.234375 232.625 259.359375 20.328125 250.93197344848338 253.6668043967706 32.81343561431771 262.97875398950015 260.0120897044146 24.47071673185496 265.10313422158725 254.1519838884052 43.892439038616025 159.07999928709302 248.75173452707415 15.904707372050435 166.23414249341155 249.34611235051585 16.38919202310923 252.40545983942138 253.68633197593255 -45.70209976800725 222.48661245228482 213.2766420377395 -32.76834242713926 214.34375 208.109375 -31.640625 207.09081642946697 205.72963007554432 -33.534936120794654 205.53225343450362 196.82048055515278 -4.824948905514698 187.18710800560467 196.70935597150682 -4.610301001764545 139.5097211886736 204.19124076937757 -24.263708342120253 141.77376427830384 203.92236920747555 11.824640964039109 197.02791744156687 242.46423777406568 -45.85086683983922 213.9375 197.859375 -5.015625 254.99934009316118 250.23329637649124 -42.467733779594745 262.4043300547832 256.6397229619131 -31.5919797736015 170.546875 249.796875 -30.015625 291.7287772941287 276.8442027807897 -2.1986165256279895 273.43211210035224 268.6545320227758 7.112386799889749 272.6200724919935 270.9831205289526 -4.153175598393252 271.7928212679605 268.90545608904404 -15.387700157062863 285.22767561159 269.7640599558893 27.11315183211405 268.21303911762743 266.52862446213817 15.783844971543584 264.182800576847 261.6693092869754 6.611493784329342 266.6838485525986 263.186115981806 -13.122657635348075 260.6668661747612 254.63695569575702 22.72031952806551 240.27716441920091 237.05632633567734 34.874496344763386 223.39229431723345 201.66603187046417 -5.221969324282022 -9.953337703609007 110.405772822156 34.03077282725431 -0.00021796974049979683 109.53124995741358 35.015624962638135 0.0006426736740947213 106.87499999561928 19.71874998021491 9.952912250644708 110.40672709518472 34.031727100284144 12.547426262336659 108.60997646987354 19.891226456660235 17.51534631801681 113.39146462932051 32.422714636000286 29.4375 118.234375 28.421875 28.92127570400448 122.37638642122288 30.12638643558751 40.35876219505533 128.26755972236634 24.517559737054768 39.46772972102044 133.61126701386868 27.67376703832394 51.796465906811505 130.68998302993725 17.846233039742884 46.296875 143.71875 27.234375 57.171875 141.390625 13.109375 54.84375 155.40625 21.015625 58.21875 152.046875 8.125 -3.484375 100.671875 -10.78125 -7.953125 104.125 -29.953125 0 114.3125 -33.828125 -22.828125 111.90625 -36.984375 -16.71875 124.78125 -38.3125 -31.203125 125.890625 -38.328125 -15.03125 140.515625 -35.171875 -28.296875 140 -35.328125 -21.75 155.359375 -46.5 -35.046875 150.875 -39.375 -36.890625 168.875 -47.734375 -52.171875 145.09375 -24.265625 -53.3125 156.234375 -26.265625 -57.0625 151.390625 -6.4375 22.828125 111.90625 -36.984375 16.71875 124.78125 -38.3125 31.203125 125.890625 -38.328125 15.03125 140.515625 -35.171875 28.296875 140 -35.328125 21.75 155.359375 -46.5 35.046875 150.875 -39.375 36.890625 168.875 -47.734375 52.171875 145.09375 -24.265625 53.3125 156.234375 -26.265625 57.0625 151.390625 -6.4375 43.171875 112.5 -33.578125 58.34375 114.234375 -20.46875 63.75 116.890625 -3.875 53 118.28125 20.453125 60.234998809326235 128.54976255692785 -1.5596124580243433 43.859375 126.546875 -34 54.921875 128.140625 -20.875 42.5 138.40625 -30 51.5 135.265625 -20.03125 60.46875 141.59375 -2.34375 0 103.671875 -11.890625 -60.46875 141.59375 -2.34375 -60.23375091382614 128.54398748231915 -1.5653875326396793 -51.5 135.265625 -20.03125 -53.890625 128.140625 -20.875 -42.5 138.40625 -30 -44.921875 126.546875 -34 -28.922474163065576 122.3736134865664 30.12361350092785 -40.35998761944599 128.26369019766744 24.51369021235142 -39.469770097574354 133.607482879378 27.669982903828913 -50.844158857311456 130.6850626064477 17.84131261624767 -46.296875 143.71875 27.234375 -57.171875 141.390625 13.109375 -54.84375 155.40625 21.015625 -58.21875 152.046875 8.125 19.359375 173.859375 -58.03125 0 155.203125 -46.53125 0 141.671875 -32.90625 -19.359375 173.859375 -58.03125 0 174.109375 -62.3125 0 124.65625 -35.9375 -43.171875 112.5 -33.578125 -58.34375 114.234375 -20.46875 -56.328125 102.390625 -19.125 -64.53125 104.515625 -6.25 -17.515903601478342 113.38978528855881 32.421035295236656 -12.54632367999573 108.6087735165893 19.8900235033746 -63.75 116.890625 -3.875 -35.671875 100.140625 -29.859375 -22 100.640625 -28.8125 -52.3125 154.03125 31.515625 52.3125 154.03125 31.515625 -53 118.28125 20.453125 -52.93667063108219 102.17355672314307 20.52317031514086 -62.8125 90.34375 -5.03125 -50.65625 91.109375 19.546875 -52.578125 81.5 17.4375 -43.46875 83.5 25.546875 -44.734375 74.890625 27.0625 -24.71875 81.5 25.671875 -25.21875 72.703125 26.96875 -13.828125 74.71875 17.5 -51.375 91.4375 -19.640625 -33.859375 91.796875 -28.296875 -13.09375 88.703125 -20.171875 -12 100.359375 -18.53125 -5.78125 85.9375 -8.046875 -29.4375 118.234375 28.421875 -9.561541470802462 99.47251945134789 20.53198797072143 -32.562075675372355 101.10450732139816 30.04246897473324 -32.09375 89.796875 28.546875 -10.4375 87.140625 19.515625 -60.328125 75.34375 -7.3125 -48 76.484375 -18.25 -33 75.09375 -25.390625 -13.15625 67.671875 8.640625 -10.890625 68.078125 -5.640625 -53.4375 74.296875 7.859375 -16.3125 69.796875 -18.390625 -8.152053287824698 60.02825511101341 -7.551705832685544 -14.26044651112847 58.57610001811203 -26.57982335206413 -18.011113542385736 67.0733040846134 -21.162855079727926 -35.52538999934145 57.2784865988998 -39.49964706039172 -33.43255964289495 67.65909245187373 -30.696277609261678 -59.08851063036645 58.39945490095397 -27.67530722589446 -49.51127655131049 69.68307156797363 -20.373746880420338 -68.74576191036935 59.773890445113324 -8.163384617689406 -61.74652363806678 58.20668927010276 9.293883331243226 -42.77839803480485 59.70398378927587 20.822489053932895 -42.859375 67.265625 25.609375 -30.715907769456003 59.938861468690476 20.791255623088247 -27.234375 65.953125 25.359375 -12.402879895363222 60.271923319307206 9.447554701894612 -11.1875 48.765625 10.0625 -39.640625 48.734375 21.265625 -12.557969260883699 36.62556173057375 8.883900565446048 -24.683345980238034 36.56210069815128 16.80519129844713 -38.933523460872294 36.59249154430056 20.47638466641611 -54.98022390697629 36.63877406446788 16.78811766108926 -65.53125 48.734375 9.359375 -67.2609727968646 36.59180920406037 6.381276694877719 -72.734375 48.75 -9.0625 -75.77596487367141 37.07643216562086 -7.306608278641603 -66.35297087870045 35.093532821988035 -28.665626687984222 -36.32086709360625 36.627149819571486 -48.007863588962216 -23.617987792256383 36.00248312922071 -42.25728459664082 -36.71875 45.578125 -45.625 -11.25 47.375 -28.890625 -5.84375 48.8125 -8.03125 -64 47.328125 -30.75 -52.57112321123096 35.89170443354075 -41.93055280605693 -10.915522686523664 34.95550697760282 -27.444225849142512 -4.963547419333682 35.51716949921446 -4.022038554574453 -0.18227417825483955 28.32957736878795 2.6809710783366603 1.1781284541772896 26.986855845736528 -17.412778126449172 -83.21366405529797 29.341130597407357 4.5832893791885905 -11.714673873038732 29.359174189199962 25.633592672781397 -51.527704077920866 30.153648500467185 35.89734730401308 -67.49599340998553 31.106514355777932 25.334127503811178 -80.99370291212547 26.3735558943887 -17.713621523343022 -29.840208621479384 30.09218067311957 36.0546339707445 -48.92941361694708 25.18932552630271 -53.85276634334446 -69.24240939715517 22.6252330500525 -40.94761296304769 -27.913800649761612 25.29970123904559 -53.71112864575843 -9.601926861425998 26.331252321866216 -41.678951365706475 -44 156.765625 54.6875 -53.953125 162.203125 38.453125 -53.140625 158.125 34.984375 21.234375 194.609375 -72.0625 0 195.28125 -74.59375 53.140625 158.125 34.984375 53.953125 162.203125 38.453125 43.703125 146.875 48.5 -21.234375 194.609375 -72.0625 44 156.765625 54.6875 -43.703125 146.875 48.5</float_array>
                    <technique_common>
                        <accessor count="925" source="#pointarray0" stride="3">
                            <param name="X" type="float"/>
                            <param name="Y" type="float"/>
                            <param name="Z" type="float"/>
                        </accessor>
                    </technique_common>
                </source>
                <source id="uvs0">
                    <float_array id="uvarray0" count="1380">0.9049072265625 0.99505615234375 0.8841552734375 0.96270751953125 0.93365478515625 0.970458984375 0.93408203125 0.95849609375 0.9879150390625 0.97698974609375 0.98822021484375 0.94342041015625 0.93798828125 0.91973876953125 0.8853759765625 0.91015625 0.92059326171875 0.8939208984375 0.87567138671875 0.88861083984375 0.92486572265625 0.8721923828125 0.8780517578125 0.87158203125 0.90631103515625 0.8521728515625 0.891357421875 0.81915283203125 0.955078125 0.837646484375 0.95013427734375 0.81024169921875 0.98870849609375 0.8299560546875 0.98870849609375 0.79931640625 0.9500732421875 0.81024169921875 0.98870849609375 0.76422119140625 0.93182373046875 0.77093505859375 0.98870849609375 0.73590087890625 0.92034912109375 0.72900390625 0.92059326171875 0.66900634765625 0.01470947265625 0.51751708984375 0.01409912109375 0.56219482421875 0.0362548828125 0.5540771484375 0.01971435546875 0.6220703125 0.05364990234375 0.582763671875 0.058837890625 0.62689208984375 0.0821533203125 0.5804443359375 0.0816650390625 0.61688232421875 0.09442138671875 0.5909423828125 0.09698486328125 0.65093994140625 0.106689453125 0.60137939453125 0.11993408203125 0.6258544921875 0.988525390625 0.90899658203125 0.9881591796875 0.89251708984375 0.96234130859375 0.8714599609375 0.988525390625 0.8812255859375 0.95928955078125 0.8563232421875 0.988525390625 0.8577880859375 0.00347900390625 0.44140625 0.00958251953125 0.47686767578125 0.01837158203125 0.46728515625 0.02880859375 0.50262451171875 0.0577392578125 0.54608154296875 0.0679931640625 0.5455322265625 0.07818603515625 0.5450439453125 0.02716064453125 0.4576416015625 0.04290771484375 0.48773193359375 0.05352783203125 0.582763671875 0.05877685546875 0.626953125 0.03564453125 0.65093994140625 0.0775146484375 0.65093994140625 0.053466796875 0.47967529296875 0.06451416015625 0.52423095703125 0.0811767578125 0.62109375 0.89141845703125 0.81915283203125 0.90625 0.85223388671875 0.87786865234375 0.87158203125 0.9248046875 0.87225341796875 0.87567138671875 0.88873291015625 0.920654296875 0.89410400390625 0.88555908203125 0.9102783203125 0.93817138671875 0.9200439453125 0.95501708984375 0.837646484375 0.9622802734375 0.87152099609375 0.56451416015625 0.5311279296875 0.55224609375 0.51287841796875 0.59906005859375 0.50775146484375 0.5294189453125 0.48046875 0.5438232421875 0.4488525390625 0.48931884765625 0.44818115234375 0.49713134765625 0.433837890625 0.436279296875 0.44512939453125 0.84979248046875 0.52374267578125 0.761962890625 0.5028076171875 0.7913818359375 0.599853515625 0.70294189453125 0.58404541015625 0.73211669921875 0.65216064453125 0.67523193359375 0.59161376953125 0.65972900390625 0.6488037109375 0.63983154296875 0.60382080078125 0.597900390625 0.558349609375 0.6646728515625 0.5509033203125 0.6744384765625 0.5299072265625 0.61175537109375 0.47564697265625 0.679931640625 0.4716796875 0.62969970703125 0.45086669921875 0.56939697265625 0.42901611328125 0.50738525390625 0.41961669921875 0.4815673828125 0.4625244140625 0.8646240234375 0.99169921875 0.84381103515625 0.96600341796875 0.82598876953125 0.9486083984375 0.8802490234375 0.9461669921875 0.82159423828125 0.93328857421875 0.5673828125 0.5621337890625 0.0712890625 0.50238037109375 0.826171875 0.94854736328125 0.81878662109375 0.990966796875 0.78717041015625 0.95660400390625 0.8800048828125 0.946044921875 0.11895751953125 0.65093994140625 0.1331787109375 0.63720703125 0.13714599609375 0.65093994140625 0.15533447265625 0.65093994140625 0.09014892578125 0.55670166015625 0.61181640625 0.47564697265625 0.6297607421875 0.450927734375 0.56939697265625 0.4290771484375 0.7236328125 0.95648193359375 0.72845458984375 0.94097900390625 0.6876220703125 0.95050048828125 0.68463134765625 0.93231201171875 0.58673095703125 0.9427490234375 0.9886474609375 0.69024658203125 0.92059326171875 0.73052978515625 0.93182373046875 0.77105712890625 0.98736572265625 0.99127197265625 0.68463134765625 0.932373046875 0.75799560546875 0.97772216796875 0.74993896484375 0.94586181640625 0.7498779296875 0.94580078125 0.62579345703125 0.5618896484375 0.5977783203125 0.97125244140625 0.68780517578125 0.9881591796875 0.86444091796875 0.73284912109375 0.82421875 0.77911376953125 0.8232421875 0.8182373046875 0.82244873046875 0.86212158203125 0.82427978515625 0.8970947265625 0.7913818359375 0.59991455078125 0.8682861328125 0.581298828125 0.8189697265625 0.63043212890625 0.88616943359375 0.62591552734375 0.8389892578125 0.6739501953125 0.86822509765625 0.58123779296875 0.8189697265625 0.63031005859375 0.8861083984375 0.6258544921875 0.83892822265625 0.67388916015625 0.9566650390625 0.5850830078125 0.958984375 0.62396240234375 0.9886474609375 0.6241455078125 0.732177734375 0.65234375 0.7625732421875 0.71295166015625 0.9566650390625 0.58514404296875 0.9886474609375 0.58380126953125 0.762451171875 0.71258544921875 0.7418212890625 0.9140625 0.53375244140625 0.90228271484375 0.57623291015625 0.90704345703125 0.52459716796875 0.86505126953125 0.574462890625 0.86285400390625 0.51953125 0.81317138671875 0.571044921875 0.8135986328125 0.58160400390625 0.75445556640625 0.631103515625 0.8118896484375 0.63427734375 0.7550048828125 0.68011474609375 0.80865478515625 0.68353271484375 0.75506591796875 0.739990234375 0.8109130859375 0.756103515625 0.765380859375 0.82373046875 0.77899169921875 0.8143310546875 0.7451171875 0.86431884765625 0.73272705078125 0.82293701171875 0.81817626953125 0.74017333984375 0.86181640625 0.6820068359375 0.8662109375 0.63592529296875 0.8631591796875 0.8211669921875 0.93310546875 0.74176025390625 0.9139404296875 0.82415771484375 0.89678955078125 0.82135009765625 0.8629150390625 0.70123291015625 0.70654296875 0.64453125 0.6995849609375 0.591064453125 0.69964599609375 0.60302734375 0.654052734375 0.5384521484375 0.7005615234375 0.52337646484375 0.75994873046875 0.68157958984375 0.91412353515625 0.48345947265625 0.9005126953125 0.593994140625 0.60699462890625 0.57421875 0.56463623046875 0.55767822265625 0.97210693359375 0.48699951171875 0.93121337890625 0.23028564453125 0.1898193359375 0.17498779296875 0.21795654296875 0.22894287109375 0.233154296875 0.218994140625 0.250732421875 0.25457763671875 0.2615966796875 0.2457275390625 0.27276611328125 0.28118896484375 0.274658203125 0.264404296875 0.2933349609375 0.2822265625 0.296630859375 0.2802734375 0.31182861328125 0.31304931640625 0.29656982421875 0.3072509765625 0.3160400390625 0.34515380859375 0.30584716796875 0.3494873046875 0.32037353515625 0.390625 0.3197021484375 0.38836669921875 0.34552001953125 0.4366455078125 0.3441162109375 0.42706298828125 0.39764404296875 0.388427734375 0.3455810546875 0.38067626953125 0.39453125 0.3450927734375 0.344482421875 0.3438720703125 0.39788818359375 0.318115234375 0.37408447265625 0.30596923828125 0.41162109375 0.2913818359375 0.384033203125 0.27911376953125 0.39483642578125 0.2718505859375 0.38775634765625 0.15753173828125 0.37158203125 0.1512451171875 0.34564208984375 0.18194580078125 0.34429931640625 0.15948486328125 0.31646728515625 0.18414306640625 0.31890869140625 0.1785888671875 0.2939453125 0.206298828125 0.30010986328125 0.20880126953125 0.281494140625 0.234619140625 0.30438232421875 0.23712158203125 0.2890625 0.2601318359375 0.30828857421875 0.2801513671875 0.311767578125 0.2822265625 0.29669189453125 0.2811279296875 0.274658203125 0.3116455078125 0.27545166015625 0.2943115234375 0.25347900390625 0.34521484375 0.2713623046875 0.38861083984375 0.22760009765625 0.4197998046875 0.25274658203125 0.3419189453125 0.1396484375 0.41558837890625 0.09039306640625 0.3419189453125 0.04180908203125 0.3419189453125 0.1395263671875 0.27337646484375 0.09033203125 0.27337646484375 0.15460205078125 0.2462158203125 0.09033203125 0.2462158203125 0.15460205078125 0.21905517578125 0.09033203125 0.21905517578125 0.15460205078125 0.1505126953125 0.1395263671875 0.21905517578125 0.08990478515625 0.1505126953125 0.04180908203125 0.21905517578125 0.02764892578125 0.2462158203125 0.1546630859375 0.27337646484375 0.1546630859375 0.21905517578125 0.1546630859375 0.1505126953125 0.1396484375 0.07684326171875 0.09039306640625 0.2462158203125 0.02764892578125 0.27337646484375 0.02764892578125 0.27337646484375 0.0899658203125 0.27337646484375 0.15423583984375 0.16278076171875 0.4017333984375 0.1953125 0.39501953125 0.201416015625 0.3748779296875 0.1820068359375 0.34429931640625 0.2073974609375 0.3465576171875 0.1842041015625 0.31890869140625 0.20611572265625 0.32122802734375 0.2325439453125 0.32421875 0.23468017578125 0.30438232421875 0.255615234375 0.3272705078125 0.26019287109375 0.30828857421875 0.27490234375 0.331298828125 0.30072021484375 0.3389892578125 0.31964111328125 0.44635009765625 0.260009765625 0.494140625 0.23919677734375 0.4443359375 0.2049560546875 0.47314453125 0.18878173828125 0.43829345703125 0.16534423828125 0.461669921875 0.1519775390625 0.43316650390625 0.12017822265625 0.45989990234375 0.120849609375 0.44537353515625 0.07647705078125 0.4600830078125 0.0726318359375 0.42596435546875 0.11395263671875 0.443115234375 0.11492919921875 0.428466796875 0.12420654296875 0.42913818359375 0.239990234375 0.42120361328125 0.195556640625 0.3948974609375 0.20147705078125 0.374755859375 0.2060546875 0.32122802734375 0.23248291015625 0.32427978515625 0.2554931640625 0.32830810546875 0.60302734375 0.65411376953125 0.65972900390625 0.64886474609375 0.59100341796875 0.69970703125 0.6444091796875 0.6998291015625 0.58087158203125 0.75457763671875 0.6331787109375 0.7569580078125 0.6309814453125 0.81170654296875 0.6805419921875 0.808349609375 0.6822509765625 0.86614990234375 0.740478515625 0.81072998046875 0.7406005859375 0.86187744140625 0.68157958984375 0.9141845703125 0.635986328125 0.8631591796875 0.571044921875 0.81353759765625 0.51947021484375 0.81317138671875 0.52313232421875 0.75994873046875 0.46868896484375 0.813720703125 0.47369384765625 0.75396728515625 0.202880859375 0.5283203125 0.16485595703125 0.50244140625 0.13629150390625 0.47772216796875 0.1097412109375 0.51934814453125 0.089111328125 0.48992919921875 0.13433837890625 0.47705078125 0.120849609375 0.4598388671875 0.163818359375 0.4613037109375 0.4930419921875 0.56744384765625 0.54193115234375 0.56463623046875 0.48870849609375 0.64019775390625 0.542724609375 0.62457275390625 0.54229736328125 0.65826416015625 0.639892578125 0.60382080078125 0.21905517578125 0.15484619140625 0.21905517578125 0.0904541015625 0.1505126953125 0.1397705078125 0.1505126953125 0.139404296875 0.21905517578125 0.09014892578125 0.22894287109375 0.23309326171875 0.21893310546875 0.250732421875 0.1802978515625 0.2413330078125 0.2119140625 0.2650146484375 0.18231201171875 0.25286865234375 0.18328857421875 0.27252197265625 0.16680908203125 0.26318359375 0.15869140625 0.285888671875 0.3419189453125 0.139404296875 0.27337646484375 0.09014892578125 0.27337646484375 0.1544189453125 0.2462158203125 0.1544189453125 0.2462158203125 0.09002685546875 0.21905517578125 0.09002685546875 0.2391357421875 0.44427490234375 0.2655029296875 0.4249267578125 0.3060302734375 0.41143798828125 0.3438720703125 0.39691162109375 0.3182373046875 0.37396240234375 0.3450927734375 0.3443603515625 0.31549072265625 0.48162841796875 0.35284423828125 0.47998046875 0.358642578125 0.44635009765625 0.4091796875 0.48309326171875 0.41314697265625 0.4471435546875 0.38067626953125 0.39447021484375 0.24664306640625 0.351806640625 0.2650146484375 0.35986328125 0.2913818359375 0.38360595703125 0.3955078125 0.5133056640625 0.34716796875 0.50799560546875 0.30908203125 0.5150146484375 0.21905517578125 0.1544189453125 0.2462158203125 0.09014892578125 0.57623291015625 0.9071044921875 0.47576904296875 0.8634033203125 0.37091064453125 0.53826904296875 0.3233642578125 0.54547119140625 0.2462158203125 0.08990478515625 0.3907470703125 0.28814697265625 0.34515380859375 0.305908203125 0.390625 0.31976318359375 0.149658203125 0.40899658203125 0.27337646484375 0.09002685546875 0.2462158203125 0.0904541015625 0.4346923828125 0.27716064453125 0.43853759765625 0.31256103515625 0.31170654296875 0.27545166015625 0.29437255859375 0.25347900390625 0.2088623046875 0.281494140625 0.153564453125 0.22747802734375 0.1373291015625 0.213623046875 0.1082763671875 0.19830322265625 0.43890380859375 0.907958984375 0.425048828125 0.8575439453125 0.38751220703125 0.8516845703125 0.17864990234375 0.2939453125 0.1634521484375 0.24395751953125 0.25927734375 0.38348388671875 0.26629638671875 0.36114501953125 0.27484130859375 0.33135986328125 0.75701904296875 0.765380859375 0.81475830078125 0.7452392578125 0.246826171875 0.35186767578125 0.23101806640625 0.37689208984375 0.23712158203125 0.28900146484375 0.15960693359375 0.31646728515625 0.13336181640625 0.3311767578125 0.13067626953125 0.31298828125 0.11181640625 0.3232421875 0.2047119140625 0.47308349609375 0.16412353515625 0.50225830078125 0.26971435546875 0.19091796875 0.25457763671875 0.26153564453125 0.1473388671875 0.30316162109375 0.23095703125 0.37713623046875 0.2515869140625 0.39056396484375 0.27337646484375 0.08990478515625 0.701171875 0.70684814453125 0.1505126953125 0.13934326171875 0.21905517578125 0.0899658203125 0.21905517578125 0.15423583984375 0.2462158203125 0.0899658203125 0.3419189453125 0.1397705078125 0.27337646484375 0.0904541015625 0.27337646484375 0.15484619140625 0.2462158203125 0.15484619140625 0.5384521484375 0.70062255859375 0.4805908203125 0.6973876953125 0.30059814453125 0.3389892578125 0.30718994140625 0.31610107421875 0.1519775390625 0.1939697265625 0.143798828125 0.54620361328125 0.2462158203125 0.15423583984375 0.24505615234375 0.40234375 0.1334228515625 0.431396484375 0.4913330078125 0.97003173828125 0.439453125 0.97003173828125 0.27911376953125 0.40667724609375 0.12652587890625 0.43011474609375 0.1505126953125 0.13983154296875 0.21905517578125 0.09051513671875 0.21905517578125 0.1549072265625 0.2462158203125 0.1549072265625 0.2462158203125 0.09051513671875 0.27337646484375 0.1549072265625 0.27337646484375 0.09051513671875 0.3419189453125 0.13983154296875 0.14080810546875 0.68695068359375 0.2135009765625 0.6767578125 0.196533203125 0.70660400390625 0.2862548828125 0.681640625 0.27642822265625 0.7142333984375 0.372802734375 0.69873046875 0.2921142578125 0.749267578125 0.36956787109375 0.7496337890625 0.40533447265625 0.8082275390625 0.40496826171875 0.7510986328125 0.43316650390625 0.7520751953125 0.43572998046875 0.69818115234375 0.42047119140625 0.64678955078125 0.4190673828125 0.60272216796875 0.4134521484375 0.56884765625 0.39691162109375 0.9140625 0.340576171875 0.922119140625 0.3311767578125 0.86846923828125 0.2364501953125 0.9306640625 0.22412109375 0.87005615234375 0.12884521484375 0.87481689453125 0.2177734375 0.81085205078125 0.14178466796875 0.80975341796875 0.20361328125 0.7427978515625 0.13330078125 0.74444580078125 0.117431640625 0.70416259765625 0.1041259765625 0.93768310546875 0.01544189453125 0.9259033203125 0.0826416015625 0.913818359375 0.0562744140625 0.87835693359375 0.0433349609375 0.8529052734375 0.02239990234375 0.8275146484375 0.03131103515625 0.8067626953125 0.0064697265625 0.80169677734375 0.03216552734375 0.78607177734375 0.3472900390625 0.55523681640625 0.32208251953125 0.60357666015625 0.23699951171875 0.55303955078125 0.24029541015625 0.60919189453125 0.2066650390625 0.5662841796875 0.20697021484375 0.6148681640625 0.1763916015625 0.57958984375 0.1737060546875 0.62060546875 0.38824462890625 0.65264892578125 0.296875 0.65533447265625 0.23541259765625 0.65472412109375 0.20208740234375 0.654052734375 0.0152587890625 0.760498046875 0.03826904296875 0.771484375 0.061279296875 0.75042724609375 0.074951171875 0.7222900390625 0.03619384765625 0.7071533203125 0.2264404296875 0.9908447265625 0.23431396484375 0.95501708984375 0.3472900390625 0.9908447265625 0.4044189453125 0.97003173828125 0.146240234375 0.9119873046875 0.1356201171875 0.95611572265625 0.16357421875 0.9715576171875 0.3114013671875 0.80926513671875 0.02008056640625 0.18841552734375 0.03582763671875 0.2183837890625 0.0552978515625 0.2225341796875 0.01348876953125 0.23455810546875 0.0552978515625 0.2501220703125 0.02386474609375 0.25030517578125 0.0115966796875 0.26544189453125 0.40972900390625 0.697998046875 0.0511474609375 0.282958984375 0.031982421875 0.28167724609375 0.01190185546875 0.29876708984375 0.16876220703125 0.65338134765625 0.00677490234375 0.8515625 0.051025390625 0.3131103515625 0.02606201171875 0.31475830078125 0.0640869140625 0.357421875 0.0174560546875 0.33148193359375 0.0892333984375 0.16290283203125 0.07232666015625 0.1885986328125 0.17169189453125 0.9908447265625 0.1990966796875 0.9908447265625 0.98565673828125 0.27423095703125 0.9669189453125 0.22314453125 0.9521484375 0.2735595703125 0.93475341796875 0.2357177734375 0.8980712890625 0.2479248046875 0.91796875 0.19622802734375 0.84942626953125 0.2154541015625 0.846435546875 0.15411376953125 0.77490234375 0.2115478515625 0.78131103515625 0.1595458984375 0.71405029296875 0.1513671875 0.78143310546875 0.13677978515625 0.7042236328125 0.09625244140625 0.7720947265625 0.09185791015625 0.699951171875 0.0667724609375 0.7703857421875 0.06402587890625 0.76690673828125 0.039306640625 0.8089599609375 0.039306640625 0.46661376953125 0.19354248046875 0.506103515625 0.1785888671875 0.46661376953125 0.1669921875 0.51348876953125 0.14886474609375 0.49969482421875 0.12628173828125 0.54705810546875 0.131103515625 0.5506591796875 0.1094970703125 0.5831298828125 0.13531494140625 0.5850830078125 0.10968017578125 0.6492919921875 0.14984130859375 0.6422119140625 0.09619140625 0.70587158203125 0.20489501953125 0.6231689453125 0.17431640625 0.587646484375 0.15576171875 0.58746337890625 0.17840576171875 0.541015625 0.16937255859375 0.55682373046875 0.1942138671875 0.4954833984375 0.20489501953125 0.63641357421875 0.06976318359375 0.5679931640625 0.0762939453125 0.50604248046875 0.072021484375 0.503173828125 0.10467529296875 0.4658203125 0.067138671875 0.46514892578125 0.10302734375 0.844482421875 0.12298583984375 0.8408203125 0.08599853515625 0.84088134765625 0.0572509765625 0.8958740234375 0.095947265625 0.8970947265625 0.06658935546875 0.9522705078125 0.0667724609375 0.93853759765625 0.039306640625 0.6903076171875 0.039306640625 0.6282958984375 0.039306640625 0.5870361328125 0.039306640625 0.56060791015625 0.039306640625 0.53436279296875 0.039306640625 0.84539794921875 0.245361328125 0.75933837890625 0.2484130859375 0.7093505859375 0.2509765625 0.61578369140625 0.2366943359375 0.95770263671875 0.16766357421875 0.91021728515625 0.1375732421875 0.95587158203125 0.13616943359375 0.89617919921875 0.12835693359375 0.54364013671875 0.14776611328125 0.55340576171875 0.2239990234375 0.61456298828125 0.203125 0.46539306640625 0.127685546875 0.47686767578125 0.039306640625 0.508056640625 0.039306640625 0.9559326171875 0.10870361328125 0.84356689453125 0.039306640625 0.870361328125 0.039306640625 0.897216796875 0.039306640625 0.7928466796875 0.0113525390625 0.82623291015625 0.0113525390625 0.54827880859375 0.0113525390625 0.7318115234375 0.0113525390625 0.6070556640625 0.00982666015625 0.5733642578125 0.0113525390625 0.52362060546875 0.0113525390625 0.49249267578125 0.02496337890625 0.656982421875 0.0106201171875 0.91839599609375 0.0113525390625 0.88348388671875 0.0113525390625 0.8577880859375 0.0113525390625 0.47576904296875 0.86346435546875 0.4686279296875 0.813720703125 0.40533447265625 0.80828857421875 0.4736328125 0.75384521484375 0.43316650390625 0.75213623046875 0.47064208984375 0.266845703125 0.4434814453125 0.26495361328125 0.4443359375 0.2222900390625 0.48284912109375 0.22442626953125 0.4954833984375 0.27154541015625 0.53759765625 0.27264404296875 0.53515625 0.28802490234375 0.5692138671875 0.30804443359375 0.55914306640625 0.3245849609375 0.6085205078125 0.3221435546875 0.552734375 0.35455322265625 0.62408447265625 0.358154296875 0.5826416015625 0.3907470703125 0.63970947265625 0.39385986328125 0.986328125 0.31109619140625 0.89892578125 0.29180908203125 0.9251708984375 0.3326416015625 0.87042236328125 0.33233642578125 0.92828369140625 0.38751220703125 0.87945556640625 0.3876953125 0.9130859375 0.43145751953125 0.85772705078125 0.41851806640625 0.8642578125 0.47198486328125 0.7706298828125 0.39556884765625 0.769775390625 0.42919921875 0.6983642578125 0.4013671875 0.89886474609375 0.2918701171875 0.92510986328125 0.3326416015625 0.87042236328125 0.3323974609375 0.92816162109375 0.38751220703125 0.8795166015625 0.38775634765625 0.9129638671875 0.4315185546875 0.85772705078125 0.4185791015625 0.86419677734375 0.4720458984375 0.7706298828125 0.39569091796875 0.7696533203125 0.42919921875 0.82470703125 0.2884521484375 0.7552490234375 0.2864990234375 0.69970703125 0.28802490234375 0.61187744140625 0.2835693359375 0.6866455078125 0.32379150390625 0.82098388671875 0.33038330078125 0.759033203125 0.3316650390625 0.8226318359375 0.38134765625 0.76068115234375 0.3607177734375 0.68511962890625 0.36676025390625 0.445068359375 0.18408203125 0.68499755859375 0.36676025390625 0.68646240234375 0.3236083984375 0.7606201171875 0.36083984375 0.76080322265625 0.332763671875 0.82269287109375 0.38134765625 0.81787109375 0.33001708984375 0.5693359375 0.3079833984375 0.6065673828125 0.3216552734375 0.62396240234375 0.3583984375 0.5826416015625 0.39080810546875 0.6396484375 0.3939208984375 0.92950439453125 0.48370361328125 0.98724365234375 0.41802978515625 0.98724365234375 0.37176513671875 0.9886474609375 0.4757080078125 0.9866943359375 0.33953857421875 0.75537109375 0.28643798828125 0.75946044921875 0.24835205078125 0.7093505859375 0.25091552734375 0.6995849609375 0.287841796875 0.84539794921875 0.24530029296875 0.898193359375 0.2479248046875 0.98504638671875 0.240966796875 0.54583740234375 0.3798828125 0.61181640625 0.28314208984375 0.61578369140625 0.2364501953125 0.6146240234375 0.20294189453125 0.62322998046875 0.17425537109375 0.77496337890625 0.2115478515625 0.84954833984375 0.2154541015625 0.53759765625 0.2725830078125 0.55340576171875 0.22393798828125 0.556884765625 0.1942138671875 0.450927734375 0.39404296875 0.517578125 0.40545654296875 0.53167724609375 0.39263916015625 0.933349609375 0.54888916015625 0.9886474609375 0.54803466796875 0.4742431640625 0.357177734375</float_array>
                    <technique_common>
                        <accessor count="690" source="#uvarray0" stride="2">
                            <param name="S" type="float"/>
                            <param name="T" type="float"/>
                        </accessor>
                    </technique_common>
                </source>
                <vertices id="vertices0">
                    <input semantic="POSITION" source="#points0"/>
                </vertices>
                <polylist count="1641" material="Material1">
                    <input offset="0" semantic="VERTEX" source="#vertices0"/>
                    <input offset="1" semantic="TEXCOORD" source="#uvs0" set="0"/>
                    <vcount>3 3 3 3 3 3 3 3 3 3 3 3 3 3 3 3 3 3 3 3 3 3 3 3 3 3 3 3 3 3 3 3 3 3 3 3 3 3 3 3 3 3 3 3 3 3 3 3 3 3 3 3 3 3 3 3 3 3 3 3 3 3 3 3 3 3 3 3 3 3 3 3 3 3 3 3 3 3 3 3 3 3 3 3 3 3 3 3 3 3 3 3 3 3 3 3 3 3 3 3 3 3 3 3 3 3 3 3 3 3 3 3 3 3 3 3 3 3 3 3 3 3 3 3 3 3 3 3 3 3 3 3 3 3 3 3 3 3 3 3 3 3 3 3 3 3 3 3 3 3 3 3 3 3 3 3 3 3 3 3 3 3 3 3 3 3 3 3 3 3 3 3 3 3 3 3 3 3 3 3 3 3 3 3 3 3 3 3 3 3 3 3 3 3 3 3 3 3 3 3 3 3 3 3 3 3 3 3 3 3 3 3 3 3 3 3 3 3 3 3 3 3 3 3 3 3 3 3 3 3 3 3 3 3 3 3 3 3 3 3 3 3 3 3 3 3 3 3 3 3 3 3 3 3 3 3 3 3 3 3 3 3 3 3 3 3 3 3 3 3 3 3 3 3 3 3 3 3 3 3 3 3 3 3 3 3 3 3 3 3 3 3 3 3 3 3 3 3 3 3 3 3 3 3 3 3 3 3 3 3 3 3 3 3 3 3 3 3 3 3 3 3 3 3 3 3 3 3 3 3 3 3 3 3 3 3 3 3 3 3 3 3 3 3 3 3 3 3 3 3 3 3 3 3 3 3 3 3 3 3 3 3 3 3 3 3 3 3 3 3 3 3 3 3 3 3 3 3 3 3 3 3 3 3 3 3 3 3 3 3 3 3 3 3 3 3 3 3 3 3 3 3 3 3 3 3 3 3 3 3 3 3 3 3 3 3 3 3 3 3 3 3 3 3 3 3 3 3 3 3 3 3 3 3 3 3 3 3 3 3 3 3 3 3 3 3 3 3 3 3 3 3 3 3 3 3 3 3 3 3 3 3 3 3 3 3 3 3 3 3 3 3 3 3 3 3 3 3 3 3 3 3 3 3 3 3 3 3 3 3 3 3 3 3 3 3 3 3 3 3 3 3 3 3 3 3 3 3 3 3 3 3 3 3 3 3 3 3 3 3 3 3 3 3 3 3 3 3 3 3 3 3 3 3 3 3 3 3 3 3 3 3 3 3 3 3 3 3 3 3 3 3 3 3 3 3 3 3 3 3 3 3 3 3 3 3 3 3 3 3 3 3 3 3 3 3 3 3 3 3 3 3 3 3 3 3 3 3 3 3 3 3 3 3 3 3 3 3 3 3 3 3 3 3 3 3 3 3 3 3 3 3 3 3 3 3 3 3 3 3 3 3 3 3 3 3 3 3 3 3 3 3 3 3 3 3 3 3 3 3 3 3 3 3 3 3 3 3 3 3 3 3 3 3 3 3 3 3 3 3 3 3 3 3 3 3 3 3 3 3 3 3 3 3 3 3 3 3 3 3 3 3 3 3 3 3 3 3 3 3 3 3 3 3 3 3 3 3 3 3 3 3 3 3 3 3 3 3 3 3 3 3 3 3 3 3 3 3 3 3 3 3 3 3 3 3 3 3 3 3 3 3 3 3 3 3 3 3 3 3 3 3 3 3 3 3 3 3 3 3 3 3 3 3 3 3 3 3 3 3 3 3 3 3 3 3 3 3 3 3 3 3 3 3 3 3 3 3 3 3 3 3 3 3 3 3 3 3 3 3 3 3 3 3 3 3 3 3 3 3 3 3 3 3 3 3 3 3 3 3 3 3 3 3 3 3 3 3 3 3 3 3 3 3 3 3 3 3 3 3 3 3 3 3 3 3 3 3 3 3 3 3 3 3 3 3 3 3 3 3 3 3 3 3 3 3 3 3 3 3 3 3 3 3 3 3 3 3 3 3 3 3 3 3 3 3 3 3 3 3 3 3 3 3 3 3 3 3 3 3 3 3 3 3 3 3 3 3 3 3 3 3 3 3 3 3 3 3 3 3 3 3 3 3 3 3 3 3 3 3 3 3 3 3 3 3 3 3 3 3 3 3 3 3 3 3 3 3 3 3 3 3 3 3 3 3 3 3 3 3 3 3 3 3 3 3 3 3 3 3 3 3 3 3 3 3 3 3 3 3 3 3 3 3 3 3 3 3 3 3 3 3 3 3 3 3 3 3 3 3 3 3 3 3 3 3 3 3 3 3 3 3 3 3 3 3 3 3 3 3 3 3 3 3 3 3 3 3 3 3 3 3 3 3 3 3 3 3 3 3 3 3 3 3 3 3 3 3 3 3 3 3 3 3 3 3 3 3 3 3 3 3 3 3 3 3 3 3 3 3 3 3 3 3 3 3 3 3 3 3 3 3 3 3 3 3 3 3 3 3 3 3 3 3 3 3 3 3 3 3 3 3 3 3 3 3 3 3 3 3 3 3 3 3 3 3 3 3 3 3 3 3 3 3 3 3 3 3 3 3 3 3 3 3 3 3 3 3 3 3 3 3 3 3 3 3 3 3 3 3 3 3 3 3 3 3 3 3 3 3 3 3 3 3 3 3 3 3 3 3 3 3 3 3 3 3 3 3 3 3 3 3 3 3 3 3 3 3 3 3 3 3 3 3 3 3 3 3 3 3 3 3 3 3 3 3 3 3 3 3 3 3 3 3 3 3 3 3 3 3 3 3 3 3 3 3 3 3 3 3 3 3 3 3 3 3 3 3 3 3 3 3 3 3 3 3 3 3 3 3 3 3 3 3 3 3 3 3 3 3 3 3 3 3 3 3 3 3 3 3 3 3 3 3 3 3 3 3 3 3 3 3 3 3 3 3 3 3 3 3 3 3 3 3 3 3 3 3 3 3 3 3 3 3 3 3 3 3 3 3 3 3 3 3 3 3 3 3 3 3 3 3 3 3 3 3 3 3 3 3 3 3 3 3 3 3 3 3 3 3 3 3 3 3 3 3 3 3 3 3 3 3 3 3 3 3 3 3 3 3 3 3 3 3 3 3 3 3 3 3 3 3 3 3 3 3 3 3 3 3 3 3 3 3 3 3 3 3 3 3 3 3 3 3 3 3 3 3 3 3 3 3 3 3 3 3 3 3 3 3 3 3 3 3 3 3 3 3 3 3 3 3 3 3 3 3 3 3 3 3 3 3 3 3 3 3 3 3 3 3 3 3 3 3 3 3 3 3 3 3 3 3 3 3 3 3 3 3 3 3 3 3 3 3 3 3 3 3 3 3 3 3 3 3 3 3 3 3 3 3 3 3 3 3 3 3 3 3 3 3 3 3 3 3 3 3 3 3 3 3 3 3 3 3 3 3 3 3 3 3 3 3 3 3 3 3 3 3 3 3 3 3 3 3 3 3 3 3 3 3 3 3 3 3 3 3 3 3 3 3 3 3 3 3 3 3 3 3 3 3 3 3 3 3 3 3 3 3 3 3 3 3 3 3 3 3 3 3 3 3 3 3 3 3 3 3 3 3 3 3 3 3 3 3 3 3 3 3 3 3 3 3 3 3 3 3 3 3 3 3 3 3 3 3 3 3 3 3 3 3 3 3 3 3 3 3 3 3 3 3 3 3 3 3 3 3 3 3 3 3 3 3 3 3 3 3 3 3 3 3 3 3 3 3 3 3 3 3 3 3 3</vcount>
                    <p>2 2 1 1 0 0 3 3 1 1 2 2 4 4 3 3 2 2 5 5 3 3 4 4 6 3 5 5 4 4 7 6 5 5 6 3 8 7 7 6 6 3 9 8 7 6 8 7 10 9 9 8 8 7 11 10 9 8 10 9 12 11 11 10 10 9 13 12 11 10 12 11 14 13 13 12 12 11 15 14 13 12 14 13 16 15 15 14 14 13 17 16 15 14 16 15 18 17 17 16 16 15 19 18 17 16 18 17 20 19 19 18 18 17 21 20 19 18 20 19 22 21 21 20 20 19 23 22 21 20 22 21 24 23 23 22 22 21 27 26 26 25 25 24 28 27 26 25 27 26 29 28 28 27 27 26 30 29 28 27 29 28 31 30 30 29 29 28 32 31 30 29 31 30 33 32 32 31 31 30 34 33 32 31 33 32 35 34 34 33 33 32 36 35 34 33 35 34 9 8 5 5 7 6 37 36 5 5 9 8 11 10 37 36 9 8 38 37 37 36 11 10 39 38 38 37 11 10 40 39 38 37 39 38 41 40 40 39 39 38 42 41 40 39 41 40 15 14 42 41 41 40 17 16 42 41 15 14 45 44 44 43 43 42 25 24 44 43 45 44 46 45 25 24 45 44 27 26 25 24 46 45 47 46 27 26 46 45 29 28 27 26 47 46 48 47 29 28 47 46 31 30 29 28 48 47 49 48 31 30 48 47 52 45 51 50 50 49 53 46 51 50 52 45 54 26 53 46 52 45 55 51 53 46 54 26 56 27 55 51 54 26 57 52 55 51 56 27 58 53 57 52 56 27 59 54 57 52 58 53 53 46 61 56 60 55 62 47 61 56 53 46 55 51 62 47 53 46 63 30 62 47 55 51 57 52 63 30 55 51 64 57 63 30 57 52 59 54 64 57 57 52 34 33 64 57 59 54 67 60 66 59 65 58 68 61 66 59 67 60 69 62 68 61 67 60 70 63 68 61 69 62 71 64 70 63 69 62 72 65 70 63 71 64 3 3 72 65 71 64 5 5 72 65 3 3 65 58 19 18 21 20 73 66 19 18 65 58 66 59 73 66 65 58 74 40 73 66 66 59 75 67 74 40 66 59 40 39 74 40 75 67 38 37 40 39 75 67 78 70 77 69 76 68 79 71 77 69 78 70 80 72 79 71 78 70 81 73 79 71 80 72 82 74 81 73 80 72 83 75 81 73 82 74 86 78 85 77 84 76 87 79 85 77 86 78 88 80 87 79 86 78 89 81 87 79 88 80 90 82 89 81 88 80 91 83 89 81 90 82 94 43 93 44 92 42 52 45 93 44 94 43 95 24 52 45 94 43 54 26 52 45 95 24 96 25 54 26 95 24 56 27 54 26 96 25 99 70 98 85 97 84 100 86 98 85 99 70 101 87 100 86 99 70 102 88 100 86 101 87 103 89 102 88 101 87 106 72 105 91 104 90 107 74 105 91 106 72 108 73 107 74 106 72 109 75 107 74 108 73 110 92 109 75 108 73 1 1 112 94 111 93 113 95 112 94 1 1 114 96 113 95 1 1 115 97 113 95 114 96 71 64 115 97 114 96 116 49 45 44 43 42 46 45 45 44 116 49 117 50 46 45 116 49 47 46 46 45 117 50 73 66 17 16 19 18 42 41 17 16 73 66 74 40 42 41 73 66 40 39 42 41 74 40 30 29 58 53 28 27 59 54 58 53 30 29 32 31 59 54 30 29 34 33 59 54 32 31 119 84 76 68 118 98 78 70 76 68 119 84 120 85 78 70 119 84 121 86 78 70 120 85 48 47 122 99 49 48 123 56 122 99 48 47 47 46 123 56 48 47 124 55 123 56 47 46 127 94 126 1 125 93 128 100 126 1 127 94 129 101 128 100 127 94 130 102 128 100 129 101 126 1 132 2 131 0 6 3 132 2 126 1 133 103 6 3 126 1 8 7 6 3 133 103 135 105 134 104 36 35 136 106 134 104 135 105 137 107 136 106 135 105 138 105 136 106 137 107 140 34 34 33 139 35 141 32 34 33 140 34 142 108 141 32 140 34 63 30 141 32 142 108 101 87 104 90 103 89 106 72 104 90 101 87 99 70 106 72 101 87 143 71 106 72 99 70 145 88 121 86 144 77 146 109 121 86 145 88 147 110 146 109 145 88 148 111 146 109 147 110 150 68 97 84 149 98 99 70 97 84 150 68 151 69 99 70 150 68 143 71 99 70 151 69 97 114 152 113 149 112 153 115 152 113 97 114 154 116 153 115 97 114 22 21 155 117 24 23 156 23 155 117 22 21 157 118 156 23 22 21 68 61 75 67 66 59 38 37 75 67 68 61 37 36 38 37 68 61 13 12 39 38 11 10 41 40 39 38 13 12 15 14 41 40 13 12 158 119 16 15 14 13 20 19 16 15 158 119 22 21 20 19 158 119 4 4 132 2 6 3 159 120 132 2 4 4 2 2 159 120 4 4 80 72 160 91 82 74 148 111 160 91 80 72 146 109 148 111 80 72 134 104 34 33 36 35 139 35 34 33 134 104 138 105 139 35 134 104 33 32 161 108 35 34 31 30 161 108 33 32 64 57 141 32 63 30 34 33 141 32 64 57 61 56 162 99 60 55 62 47 162 99 61 56 93 44 50 49 92 42 52 45 50 49 93 44 163 48 62 47 63 30 162 99 62 47 163 48 164 113 119 114 118 112 165 121 119 114 164 113 168 123 167 122 166 102 164 113 167 122 168 123 3 3 114 96 1 1 71 64 114 96 3 3 170 122 169 124 130 102 152 113 169 124 170 122 5 5 70 63 72 65 37 36 70 63 5 5 171 101 113 95 166 102 112 94 113 95 171 101 78 70 146 109 80 72 121 86 146 109 78 70 81 73 172 92 79 71 83 75 172 92 81 73 173 125 89 81 91 83 98 85 89 81 173 125 143 71 108 73 106 72 110 92 108 73 143 71 97 114 173 126 154 116 98 127 173 126 97 114 87 79 98 85 100 86 89 81 98 85 87 79 85 77 100 86 102 88 87 79 100 86 85 77 136 106 138 105 134 104 124 55 122 99 123 56 70 63 37 36 68 61 20 19 18 17 16 15 22 21 158 119 157 118 175 129 21 20 174 128 65 58 21 20 175 129 176 130 65 58 175 129 67 60 65 58 176 130 177 131 67 60 176 130 69 62 67 60 177 131 178 132 69 62 177 131 71 64 69 62 178 132 115 97 71 64 178 132 181 135 180 134 179 133 182 136 180 134 181 135 183 137 182 136 181 135 24 23 182 136 183 137 174 128 24 23 183 137 23 22 24 23 174 128 21 20 23 22 174 128 184 138 86 78 84 76 185 139 86 78 184 138 186 140 185 139 184 138 187 141 185 139 186 140 156 23 187 141 186 140 188 79 121 86 120 85 144 77 121 86 188 79 179 133 144 77 188 79 189 76 144 77 179 133 180 134 189 76 179 133 190 142 186 140 184 138 191 143 186 140 190 142 192 144 191 143 190 142 155 117 191 143 192 144 193 143 155 117 192 144 194 145 179 133 188 79 181 135 179 133 194 145 195 146 181 135 194 145 183 137 181 135 195 146 182 136 196 147 180 134 193 143 196 147 182 136 24 23 193 143 182 136 155 117 193 143 24 23 192 144 196 147 193 143 197 148 196 147 192 144 190 142 197 148 192 144 198 149 185 139 187 141 88 80 185 139 198 149 156 23 191 143 155 117 186 140 191 143 156 23 88 80 86 78 185 139 178 132 199 150 115 97 202 153 201 152 200 151 203 154 201 152 202 153 204 155 203 154 202 153 205 156 203 154 204 155 206 157 205 156 204 155 207 158 205 156 206 157 208 159 207 158 206 157 209 160 207 158 208 159 210 161 209 160 208 159 211 162 209 160 210 161 212 163 211 162 210 161 213 164 211 162 212 163 214 165 213 164 212 163 215 166 213 164 214 165 187 141 215 166 214 165 156 23 215 166 187 141 216 167 213 164 14 13 211 162 213 164 216 167 217 168 211 162 216 167 209 160 211 162 217 168 218 169 209 160 217 168 207 158 209 160 218 169 219 170 207 158 218 169 205 156 207 158 219 170 203 154 205 156 219 170 128 100 133 103 126 1 220 171 133 103 128 100 221 172 220 171 128 100 222 173 220 171 221 172 217 168 222 173 221 172 223 174 222 173 217 168 216 167 223 174 217 168 12 11 223 174 216 167 14 13 12 11 216 167 210 161 198 149 212 163 224 175 198 149 210 161 225 176 224 175 210 161 90 82 224 175 225 176 226 177 90 82 225 176 227 178 90 82 226 177 228 179 227 178 226 177 10 9 223 174 12 11 222 173 223 174 10 9 8 7 222 173 10 9 220 171 222 173 8 7 133 103 220 171 8 7 226 177 229 180 228 179 206 157 229 180 226 177 225 176 206 157 226 177 208 159 206 157 225 176 210 161 208 159 225 176 152 113 221 172 169 124 230 181 221 172 152 113 153 115 230 181 152 113 201 152 230 181 153 115 230 181 219 170 218 169 203 154 219 170 230 181 201 152 203 154 230 181 154 116 201 152 153 115 200 151 201 152 154 116 231 182 200 151 154 116 221 172 218 169 217 168 230 181 218 169 221 172 130 102 221 172 128 100 169 124 221 172 130 102 224 175 88 80 198 149 90 82 88 80 224 175 214 165 198 149 187 141 212 163 198 149 214 165 158 119 213 164 215 166 14 13 213 164 158 119 157 118 215 166 156 23 158 119 215 166 157 118 91 83 227 178 232 183 90 82 227 178 91 83 173 125 232 183 233 184 91 83 232 183 173 125 233 185 154 116 173 126 234 186 154 116 233 185 204 155 229 180 206 157 154 116 234 186 231 182 237 189 236 188 235 187 238 190 236 188 237 189 239 191 238 190 237 189 240 192 238 190 239 191 241 193 240 192 239 191 242 194 240 192 241 193 243 195 242 194 241 193 244 196 242 194 243 195 245 197 244 196 243 195 246 198 244 196 245 197 247 199 246 198 245 197 248 200 246 198 247 199 249 201 248 200 247 199 250 202 248 200 249 201 251 203 250 202 249 201 252 204 250 202 251 203 253 205 252 204 251 203 254 206 252 204 253 205 255 207 254 206 253 205 256 208 254 206 255 207 257 209 256 208 255 207 258 210 256 208 257 209 259 211 258 210 257 209 260 212 258 210 259 211 261 213 260 212 259 211 264 216 263 215 262 214 265 217 263 215 264 216 266 218 265 217 264 216 267 219 265 217 266 218 268 220 267 219 266 218 269 221 267 219 268 220 270 222 269 221 268 220 271 223 269 221 270 222 272 224 271 223 270 222 273 194 271 223 272 224 274 225 273 194 272 224 275 226 273 194 274 225 276 197 275 226 274 225 277 227 275 226 276 197 278 228 277 227 276 197 279 229 277 227 278 228 280 230 279 229 278 228 281 231 279 229 280 230 282 232 281 231 280 230 285 235 284 234 283 233 286 236 284 234 285 235 287 237 286 236 285 235 288 238 286 236 287 237 289 239 288 238 287 237 290 240 288 238 289 239 291 241 290 240 289 239 292 242 290 240 291 241 293 243 292 242 291 241 294 244 292 242 293 243 295 245 294 244 293 243 296 246 294 244 295 245 297 241 296 246 295 245 298 239 296 246 297 241 299 247 298 239 297 241 300 248 298 239 299 247 297 241 301 249 299 247 302 250 301 249 297 241 295 245 302 250 297 241 303 251 302 250 295 245 293 243 303 251 295 245 304 245 303 251 293 243 291 241 304 245 293 243 305 246 304 245 291 241 289 239 305 246 291 241 306 252 305 246 289 239 287 237 306 252 289 239 307 253 306 252 287 237 285 235 307 253 287 237 308 254 307 253 285 235 283 233 308 254 285 235 309 255 308 254 283 233 312 214 311 257 310 256 313 258 311 257 312 214 314 259 313 258 312 214 315 260 313 258 314 259 316 261 315 260 314 259 317 262 315 260 316 261 318 220 317 262 316 261 319 263 317 262 318 220 320 264 319 263 318 220 321 265 319 263 320 264 322 266 321 265 320 264 323 267 321 265 322 266 244 196 323 267 322 266 324 268 323 267 244 196 327 271 326 270 325 269 328 272 326 270 327 271 329 273 328 272 327 271 330 274 328 272 329 273 331 275 330 274 329 273 332 276 330 274 331 275 333 277 332 276 331 275 334 278 332 276 333 277 335 279 334 278 333 277 336 280 334 278 335 279 337 281 336 280 335 279 338 282 336 280 337 281 341 284 340 256 339 283 262 214 340 256 341 284 342 285 262 214 341 284 264 216 262 214 342 285 343 260 264 216 342 285 266 218 264 216 343 260 344 286 266 218 343 260 268 220 266 218 344 286 345 287 268 220 344 286 270 222 268 220 345 287 346 288 270 222 345 287 349 291 348 290 347 289 350 292 348 290 349 291 351 293 350 292 349 291 352 294 350 292 351 293 353 295 352 294 351 293 354 296 352 294 353 295 355 297 354 296 353 295 356 298 354 296 355 297 357 299 356 298 355 297 176 130 356 298 357 299 177 131 176 130 357 299 199 150 164 113 168 123 358 300 164 113 199 150 355 297 358 300 199 150 359 301 358 300 355 297 353 295 359 301 355 297 360 302 359 301 353 295 351 293 360 302 353 295 361 303 360 302 351 293 362 304 361 303 351 293 363 305 361 303 362 304 364 306 363 305 362 304 328 272 365 307 326 270 366 308 365 307 328 272 367 309 366 308 328 272 368 310 366 308 367 309 369 311 368 310 367 309 370 312 368 310 369 311 371 313 370 312 369 311 372 314 370 312 371 313 373 275 372 314 371 313 374 273 372 314 373 275 377 317 376 316 375 315 378 318 376 316 377 317 379 319 378 318 377 317 380 183 378 318 379 319 347 289 380 183 379 319 381 320 380 183 347 289 348 290 381 320 347 289 382 81 381 320 348 290 194 145 382 81 348 290 188 79 382 81 194 145 302 323 383 322 301 321 384 245 383 322 302 323 303 251 384 245 302 323 385 324 384 245 303 251 386 245 385 324 303 251 387 325 385 324 386 245 388 246 387 325 386 245 389 252 387 325 388 246 390 239 389 252 388 246 391 237 389 252 390 239 393 188 392 326 235 187 394 327 392 326 393 188 395 328 394 327 393 188 396 329 394 327 395 328 397 330 396 329 395 328 269 221 396 329 397 330 398 331 269 221 397 330 267 219 269 221 398 331 399 332 267 219 398 331 400 333 267 219 399 332 402 334 401 235 284 234 403 335 401 235 402 334 404 336 403 335 402 334 405 337 403 335 404 336 406 338 405 337 404 336 407 339 405 337 406 338 408 246 407 339 406 338 384 245 407 339 408 246 383 322 384 245 408 246 411 341 410 340 409 283 412 269 410 340 411 341 413 342 412 269 411 341 414 343 412 269 413 342 415 344 414 343 413 342 416 345 414 343 415 344 324 268 416 345 415 344 246 198 416 345 324 268 244 196 246 198 324 268 417 347 325 269 326 346 418 348 325 269 417 347 419 349 418 348 417 347 420 350 418 348 419 349 421 348 420 350 419 349 422 351 420 350 421 348 414 343 422 351 421 348 416 345 422 351 414 343 319 263 315 260 317 262 423 352 315 260 319 263 321 265 423 352 319 263 424 353 423 352 321 265 323 267 424 353 321 265 425 354 424 353 323 267 324 268 425 354 323 267 415 344 425 354 324 268 421 348 412 269 414 343 426 347 412 269 421 348 419 349 426 347 421 348 427 355 426 347 419 349 417 347 427 355 419 349 428 356 427 355 417 347 326 346 428 356 417 347 365 357 428 356 326 346 385 324 407 339 384 245 429 358 407 339 385 324 387 325 429 358 385 324 430 359 429 358 387 325 389 252 430 359 387 325 431 253 430 359 389 252 391 237 431 253 389 252 401 235 431 253 391 237 418 348 256 208 325 269 254 206 256 208 418 348 420 350 254 206 418 348 252 204 254 206 420 350 422 351 252 204 420 350 250 202 252 204 422 351 416 345 250 202 422 351 358 300 165 121 164 113 432 360 165 121 358 300 433 154 432 360 358 300 434 153 432 360 433 154 361 303 434 153 433 154 435 361 434 153 361 303 363 305 435 361 361 303 426 347 436 346 412 269 437 356 436 346 426 347 427 355 437 356 426 347 438 362 437 356 427 355 428 356 438 362 427 355 439 363 438 362 428 356 365 357 439 363 428 356 441 235 440 233 284 234 442 237 440 233 441 235 443 253 442 237 441 235 444 252 442 237 443 253 445 364 444 252 443 253 294 244 444 252 445 364 292 242 294 244 445 364 276 197 280 230 278 228 446 365 280 230 276 197 447 366 446 365 276 197 448 367 446 365 447 366 449 200 448 367 447 366 253 205 448 367 449 200 255 207 253 205 449 200 329 273 340 256 450 368 339 283 340 256 329 273 327 271 339 283 329 273 451 341 339 283 327 271 325 269 451 341 327 271 258 210 451 341 325 269 256 208 258 210 325 269 452 235 402 334 284 234 453 369 402 334 452 235 454 253 453 369 452 235 455 252 453 369 454 253 456 370 455 252 454 253 383 322 455 252 456 370 301 321 383 322 456 370 446 365 282 232 280 230 457 371 282 232 446 365 458 372 457 371 446 365 459 365 457 371 458 372 249 201 459 365 458 372 247 199 459 365 249 201 241 193 245 197 243 195 460 373 245 197 241 193 461 374 460 373 241 193 462 230 460 373 461 374 281 231 462 230 461 374 282 232 462 230 281 231 465 330 464 329 463 375 466 328 464 329 465 330 467 376 466 328 465 330 236 188 466 328 467 376 468 377 236 188 467 376 469 378 236 188 468 377 472 116 471 185 470 126 473 186 471 185 472 116 474 182 473 186 472 116 475 379 473 186 474 182 476 380 475 379 474 182 477 381 475 379 476 380 478 382 318 220 316 261 463 375 318 220 478 382 479 331 463 375 478 382 465 330 463 375 479 331 480 383 465 330 479 331 467 376 465 330 480 383 259 211 481 384 261 213 482 385 481 384 259 211 483 386 482 385 259 211 346 288 482 385 483 386 272 224 346 288 483 386 270 222 346 288 272 224 175 129 356 298 176 130 484 387 356 298 175 129 485 388 484 387 175 129 195 146 484 387 485 388 183 137 195 146 485 388 343 260 345 287 344 286 486 389 345 287 343 260 487 390 486 389 343 260 482 385 486 389 487 390 481 384 482 385 487 390 470 125 381 320 382 81 380 183 381 320 470 125 471 184 380 183 470 125 378 318 380 183 471 184 376 316 378 318 471 184 463 375 320 264 318 220 488 391 320 264 463 375 464 329 488 391 463 375 240 192 488 391 464 329 238 190 240 192 464 329 442 237 300 248 440 233 298 239 300 248 442 237 444 252 298 239 442 237 296 246 298 239 444 252 294 244 296 246 444 252 489 215 314 259 312 214 490 392 314 259 489 215 491 393 490 392 489 215 492 394 490 392 491 393 493 395 492 394 491 393 494 396 372 314 374 273 370 312 372 314 494 396 495 397 370 312 494 396 368 310 370 312 495 397 496 307 368 310 495 397 392 326 281 231 497 398 279 229 281 231 392 326 498 399 279 229 392 326 277 227 279 229 498 399 499 192 277 227 498 399 474 182 435 361 476 380 434 153 435 361 474 182 500 151 434 153 474 182 432 360 434 153 500 151 472 116 432 360 500 151 271 223 396 329 269 221 499 192 396 329 271 223 273 194 499 192 271 223 277 227 499 192 273 194 275 226 277 227 273 194 403 335 431 253 401 235 430 359 431 253 403 335 405 337 430 359 403 335 429 358 430 359 405 337 407 339 429 358 405 337 501 400 267 219 400 333 265 217 267 219 501 400 502 394 265 217 501 400 503 393 265 217 502 394 504 395 503 393 502 394 453 369 404 336 402 334 406 338 404 336 453 369 455 252 406 338 453 369 408 246 406 338 455 252 383 322 408 246 455 252 410 340 374 273 409 283 494 396 374 273 410 340 436 270 494 396 410 340 496 307 494 396 436 270 505 384 424 353 425 354 506 401 424 353 505 384 507 402 506 401 505 384 311 257 506 401 507 402 508 403 443 253 441 235 445 364 443 253 508 403 290 240 445 364 508 403 292 242 445 364 290 240 509 404 195 146 194 145 510 161 195 146 509 404 350 292 510 161 509 404 352 294 510 161 350 292 286 236 441 235 284 234 508 403 441 235 286 236 288 238 508 403 286 236 290 240 508 403 288 238 304 245 511 405 303 251 512 406 511 405 304 245 305 246 512 406 304 245 306 252 512 406 305 246 512 406 513 407 511 405 514 408 513 407 512 406 306 252 514 408 512 406 307 253 514 408 306 252 440 409 452 235 284 234 515 410 452 235 440 409 300 411 515 410 440 409 299 412 515 410 300 411 515 410 454 253 452 235 456 370 454 253 515 410 299 412 456 370 515 410 301 321 456 370 299 412 516 413 347 289 379 319 349 291 347 289 516 413 362 304 349 291 516 413 351 293 349 291 362 304 517 414 379 319 377 317 516 413 379 319 517 414 364 306 516 413 517 414 362 304 516 413 364 306 119 114 470 126 120 127 472 116 470 126 119 114 165 121 472 116 119 114 432 360 472 116 165 121 518 400 490 392 492 394 478 382 490 392 518 400 519 333 478 382 518 400 520 332 478 382 519 333 255 207 521 415 257 209 522 416 521 415 255 207 449 200 522 416 255 207 447 366 522 416 449 200 483 386 274 225 272 224 521 415 274 225 483 386 259 211 521 415 483 386 257 209 521 415 259 211 237 189 281 231 461 374 497 398 281 231 237 189 235 187 497 398 237 189 392 326 497 398 235 187 393 188 523 376 395 328 524 377 523 376 393 188 469 378 524 377 393 188 357 299 178 132 177 131 199 150 178 132 357 299 355 297 199 150 357 299 437 356 496 357 436 346 439 363 496 357 437 356 438 362 439 363 437 356 525 417 393 188 235 187 469 378 393 188 525 417 236 188 469 378 525 417 242 194 488 391 240 192 322 266 488 391 242 194 244 196 322 266 242 194 458 372 251 203 249 201 448 367 251 203 458 372 446 365 448 367 458 372 368 310 365 307 366 308 439 418 365 307 368 310 496 307 439 418 368 310 394 327 498 399 392 326 499 192 498 399 394 327 396 329 499 192 394 327 514 408 526 419 513 407 308 254 526 419 514 408 307 253 308 254 514 408 311 257 409 283 310 256 527 420 409 283 311 257 507 402 527 420 311 257 371 313 528 421 373 275 336 280 528 421 371 313 334 278 336 280 371 313 473 186 376 422 471 185 375 423 376 422 473 186 475 379 375 423 473 186 199 150 113 95 115 97 166 102 113 95 199 150 168 123 166 102 199 150 245 197 459 365 247 199 462 230 459 365 245 197 460 373 462 230 245 197 529 424 258 210 260 212 451 341 258 210 529 424 530 425 333 277 331 275 335 279 333 277 530 425 120 85 382 81 188 79 470 125 382 81 120 85 310 256 374 273 531 368 409 283 374 273 310 256 397 330 523 376 532 383 395 328 523 376 397 330 459 365 282 232 457 371 462 230 282 232 459 365 354 296 510 161 352 294 356 298 510 161 354 296 484 387 510 161 356 298 195 146 510 161 484 387 348 290 509 404 194 145 350 292 509 404 348 290 398 331 532 383 399 332 397 330 532 383 398 331 513 428 533 427 511 426 526 429 533 427 513 428 239 191 461 374 241 193 237 189 461 374 239 191 533 241 388 246 386 245 390 239 388 246 533 241 511 426 386 245 303 251 533 241 386 245 511 426 276 197 522 416 447 366 274 225 522 416 276 197 526 429 390 430 533 427 309 431 390 430 526 429 309 431 391 432 390 430 283 433 391 432 309 431 283 433 401 235 391 432 284 234 401 235 283 433 534 424 413 342 411 341 535 212 413 342 534 424 248 200 416 345 246 198 250 202 416 345 248 200 332 276 369 311 367 309 334 278 369 311 332 276 490 392 316 261 314 259 478 382 316 261 490 392 330 274 367 309 328 272 332 276 367 309 330 274 520 332 479 331 478 382 480 383 479 331 520 332 413 342 425 354 415 344 535 212 425 354 413 342 536 213 425 354 535 212 505 384 425 354 536 213 486 389 346 288 345 287 482 385 346 288 486 389 313 258 506 401 311 257 315 260 506 401 313 258 506 401 423 352 424 353 315 260 423 352 506 401 359 301 433 154 358 300 360 302 433 154 359 301 537 402 487 390 341 284 481 384 487 390 537 402 342 285 487 390 343 260 341 284 487 390 342 285 466 328 238 190 464 329 236 188 238 190 466 328 485 388 174 128 183 137 175 129 174 128 485 388 538 420 341 284 339 283 537 402 341 284 538 420 521 415 522 416 274 225 371 313 369 311 334 278 322 266 320 264 488 391 503 393 263 215 265 217 436 270 410 340 412 269 448 367 253 205 251 203 494 396 496 307 495 397 525 417 235 187 236 188 308 254 309 255 526 419 472 116 500 151 474 182 361 303 433 154 360 302 541 436 540 435 539 434 542 437 540 435 541 436 543 438 542 437 541 436 544 439 542 437 543 438 545 440 544 439 543 438 546 441 544 439 545 440 547 442 546 441 545 440 548 443 546 441 547 442 549 444 548 443 547 442 550 445 548 443 549 444 517 414 550 445 549 444 551 446 550 445 517 414 377 317 551 446 517 414 552 447 551 446 377 317 375 315 552 447 377 317 553 448 552 447 375 315 477 381 554 449 475 379 555 450 554 449 477 381 556 451 555 450 477 381 557 452 555 450 556 451 558 453 557 452 556 451 559 454 557 452 558 453 560 455 559 454 558 453 561 456 559 454 560 455 562 457 561 456 560 455 563 458 561 456 562 457 541 436 563 458 562 457 564 459 563 458 541 436 539 434 564 459 541 436 567 462 566 461 565 460 568 463 566 461 567 462 559 454 568 463 567 462 569 464 568 463 559 454 561 456 569 464 559 454 570 465 569 464 561 456 571 466 570 465 561 456 572 467 570 465 571 466 573 468 572 467 571 466 574 469 552 447 553 448 575 470 552 447 574 469 576 471 575 470 574 469 577 472 575 470 576 471 578 473 577 472 576 471 579 474 577 472 578 473 580 475 579 474 578 473 581 476 579 474 580 475 552 447 582 477 551 446 583 478 582 477 552 447 575 470 583 478 552 447 584 479 583 478 575 470 577 472 584 479 575 470 585 480 584 479 577 472 579 474 585 480 577 472 581 476 585 480 579 474 587 482 586 481 573 468 588 483 586 481 587 482 563 458 588 483 587 482 589 484 588 483 563 458 564 459 589 484 563 458 590 485 589 484 564 459 539 434 590 485 564 459 574 488 591 487 576 486 555 450 591 487 574 488 553 489 555 450 574 488 554 449 555 450 553 489 375 423 554 449 553 489 475 379 554 449 375 423 592 490 559 454 567 462 557 452 559 454 592 490 593 491 557 452 592 490 591 487 557 452 593 491 594 492 591 487 593 491 576 486 591 487 594 492 547 442 477 381 476 380 595 493 477 381 547 442 545 440 595 493 547 442 562 457 595 493 545 440 541 436 562 457 545 440 596 496 588 495 590 494 586 497 588 495 596 496 597 498 586 497 596 496 573 499 586 497 597 498 572 500 573 499 597 498 544 439 551 446 582 477 598 501 551 446 544 439 546 441 598 501 544 439 548 443 598 501 546 441 547 442 363 305 364 306 435 361 363 305 547 442 476 380 435 361 547 442 561 456 573 468 571 466 587 482 573 468 561 456 563 458 587 482 561 456 599 502 572 500 597 498 570 503 572 500 599 502 600 504 570 503 599 502 601 505 585 480 581 476 539 434 585 480 601 505 539 434 584 479 585 480 540 435 584 479 539 434 556 451 595 493 558 453 477 381 595 493 556 451 540 435 583 478 584 479 542 437 583 478 540 435 560 455 595 493 562 457 558 453 595 493 560 455 542 437 582 477 583 478 544 439 582 477 542 437 598 501 550 445 551 446 548 443 550 445 598 501 549 444 364 306 517 414 547 442 364 306 549 444 565 460 592 490 567 462 593 491 592 490 565 460 569 464 600 506 568 463 570 465 600 506 569 464 602 507 600 504 599 502 568 508 600 504 602 507 566 510 602 507 565 509 568 508 602 507 566 510 603 512 590 494 539 511 596 496 590 494 603 512 578 514 594 492 580 513 576 486 594 492 578 514 541 436 545 440 543 438 591 487 555 450 557 452 588 483 589 484 590 485 606 517 605 516 604 515 607 518 605 516 606 517 608 519 607 518 606 517 609 520 607 518 608 519 610 521 609 520 608 519 611 522 609 520 610 521 612 523 611 522 610 521 613 524 611 522 612 523 614 525 613 524 612 523 615 526 613 524 614 525 616 527 615 526 614 525 617 528 615 526 616 527 618 529 617 528 616 527 619 530 617 528 618 529 620 531 619 530 618 529 621 532 619 530 620 531 623 535 622 534 605 533 624 536 622 534 623 535 625 537 624 536 623 535 626 538 624 536 625 537 627 539 626 538 625 537 628 540 626 538 627 539 629 541 628 540 627 539 630 542 628 540 629 541 631 543 630 542 629 541 614 525 630 542 631 543 616 527 614 525 631 543 632 544 614 525 612 523 630 542 614 525 632 544 633 545 630 542 632 544 634 546 630 542 633 545 635 547 634 546 633 545 636 548 634 546 635 547 637 549 636 548 635 547 622 534 636 548 637 549 638 550 622 534 637 549 605 533 622 534 638 550 631 543 618 529 616 527 639 551 618 529 631 543 629 541 639 551 631 543 640 552 639 551 629 541 627 539 640 552 629 541 641 553 640 552 627 539 642 554 641 553 627 539 643 555 641 553 642 554 644 556 643 555 642 554 615 526 611 522 613 524 645 557 611 522 615 526 617 528 645 557 615 526 646 558 645 557 617 528 647 559 646 558 617 528 648 560 646 558 647 559 649 561 648 560 647 559 643 562 648 560 649 561 650 563 643 562 649 561 618 529 651 564 620 531 652 565 651 564 618 529 639 551 652 565 618 529 653 566 652 565 639 551 640 552 653 566 639 551 654 567 653 566 640 552 655 568 654 567 640 552 656 569 610 521 608 519 612 523 610 521 656 569 657 570 612 523 656 569 632 544 612 523 657 570 658 571 632 544 657 570 659 572 632 544 658 571 660 574 623 573 609 520 661 575 623 573 660 574 662 576 661 575 660 574 648 560 661 575 662 576 646 558 648 560 662 576 624 536 636 548 622 534 663 577 636 548 624 536 626 538 663 577 624 536 628 540 663 577 626 538 637 549 664 578 638 550 665 579 664 578 637 549 635 547 665 579 637 549 633 545 665 579 635 547 634 546 628 540 630 542 663 577 628 540 634 546 636 548 663 577 634 546 661 580 625 537 623 535 644 556 625 537 661 580 625 537 642 554 627 539 644 556 642 554 625 537 632 544 665 579 633 545 659 572 665 579 632 544 607 518 623 573 605 516 609 520 623 573 607 518 650 581 641 553 643 555 666 582 641 553 650 581 666 582 640 552 641 553 655 568 640 552 666 582 644 583 648 560 643 562 661 575 648 560 644 583 619 530 647 559 617 528 621 532 647 559 619 530 667 584 647 559 621 532 668 585 647 559 667 584 668 585 649 561 647 559 669 586 649 561 668 585 662 576 645 557 646 558 660 574 645 557 662 576 660 574 611 522 645 557 609 520 611 522 660 574 649 561 669 586 650 563 664 578 665 579 659 572 620 531 670 587 621 532 621 532 671 588 667 584 655 568 672 589 654 567 673 590 620 531 651 564 674 591 652 565 653 566 653 566 654 567 675 592 655 568 666 582 676 593 650 581 677 594 666 582 678 595 651 564 652 565 679 596 650 563 669 586 680 597 669 586 668 585 667 584 681 598 668 585 682 599 204 155 202 153 683 600 204 155 682 599 684 601 683 600 682 599 685 602 683 600 684 601 686 603 685 602 684 601 687 414 685 602 686 603 688 445 687 414 686 603 689 446 687 414 688 445 690 501 689 446 688 445 691 439 689 446 690 501 692 441 691 439 690 501 693 440 691 439 692 441 684 601 693 440 692 441 694 493 693 440 684 601 697 434 696 459 695 485 698 436 696 459 697 434 699 435 698 436 697 434 700 437 698 436 699 435 701 478 700 437 699 435 702 477 700 437 701 478 703 447 702 477 701 478 689 446 702 477 703 447 704 317 689 446 703 447 687 414 689 446 704 317 705 319 687 414 704 317 228 179 687 414 705 319 227 178 228 179 705 319 708 492 707 514 706 513 709 486 707 514 708 492 710 487 709 486 708 492 711 488 709 486 710 487 712 450 711 488 710 487 713 489 711 488 712 450 714 449 713 489 712 450 715 423 713 489 714 449 716 379 715 423 714 449 234 186 715 423 716 379 231 182 234 186 716 379 717 452 712 450 710 487 718 451 712 450 717 452 719 453 718 451 717 452 694 493 718 451 719 453 720 455 694 493 719 453 721 457 694 493 720 455 722 456 721 457 720 455 723 458 721 457 722 456 724 482 723 458 722 456 725 483 723 458 724 482 726 481 725 483 724 482 727 491 710 487 708 492 717 452 710 487 727 491 728 490 717 452 727 491 729 454 717 452 728 490 730 462 729 454 728 490 731 463 729 454 730 462 732 461 731 463 730 462 231 182 202 153 200 151 682 599 202 153 231 182 733 380 682 599 231 182 684 601 682 599 733 380 734 381 684 601 733 380 694 493 684 601 734 381 718 451 694 493 734 381 721 457 693 440 694 493 698 436 693 440 721 457 723 458 698 436 721 457 696 459 698 436 723 458 735 484 696 459 723 458 695 485 696 459 735 484 725 483 695 485 735 484 737 480 697 434 736 505 738 479 697 434 737 480 739 472 738 479 737 480 740 470 738 479 739 472 709 471 740 470 739 472 711 469 740 470 709 471 705 319 232 183 227 178 741 318 232 183 705 319 704 317 741 318 705 319 742 316 741 318 704 317 715 315 742 316 704 317 691 439 702 477 689 446 700 437 702 477 691 439 743 438 700 437 691 439 698 436 700 437 743 438 693 440 698 436 743 438 738 479 699 435 697 434 701 478 699 435 738 479 740 470 701 478 738 479 703 447 701 478 740 470 711 469 703 447 740 470 739 472 707 473 709 471 744 474 707 473 739 472 737 480 744 474 739 472 736 505 744 474 737 480 695 494 745 512 697 511 746 496 745 512 695 494 725 495 746 496 695 494 726 497 746 496 725 495 729 454 719 453 717 452 720 455 719 453 729 454 722 456 720 455 729 454 747 443 684 601 692 441 686 603 684 601 747 443 688 445 686 603 747 443 703 447 715 315 704 317 713 448 715 315 703 447 711 469 713 448 703 447 750 466 749 465 748 467 722 456 749 465 750 466 751 468 722 456 750 466 753 464 731 463 752 506 729 454 731 463 753 464 722 456 729 454 753 464 755 498 748 500 754 502 751 499 748 500 755 498 726 497 751 499 755 498 754 502 752 504 756 507 749 503 752 504 754 502 748 500 749 503 754 502 756 507 732 510 757 509 731 508 732 510 756 507 752 504 731 508 756 507 757 460 728 490 727 491 730 462 728 490 757 460 732 461 730 462 757 460 744 474 706 475 707 473 758 476 706 475 744 474 736 505 758 476 744 474 747 443 690 501 688 445 692 441 690 501 747 443 753 464 749 465 722 456 752 506 749 465 753 464 233 184 741 318 742 316 232 183 741 318 233 184 685 602 228 179 229 180 687 414 228 179 685 602 683 600 229 180 204 155 685 602 229 180 683 600 714 449 734 381 733 380 712 450 734 381 714 449 716 379 733 380 231 182 714 449 733 380 716 379 724 482 751 468 726 481 722 456 751 468 724 482 742 422 234 186 233 185 715 423 234 186 742 422 691 439 693 440 743 438 725 483 735 484 723 458 750 466 748 467 751 468 712 450 718 451 734 381 726 497 755 498 746 496 761 606 760 605 759 604 762 604 760 605 761 606 763 607 762 604 761 606 764 608 762 604 763 607 765 609 764 608 763 607 766 610 764 608 765 609 767 611 766 610 765 609 768 612 766 610 767 611 769 613 768 612 767 611 770 614 768 612 769 613 771 615 770 614 769 613 772 616 770 614 771 615 773 617 772 616 771 615 775 517 604 515 774 516 776 618 604 515 775 517 777 619 776 618 775 517 778 620 776 618 777 619 779 621 778 620 777 619 780 622 778 620 779 621 781 623 780 622 779 621 782 624 780 622 781 623 783 625 782 624 781 623 784 626 782 624 783 625 785 627 784 626 783 625 786 628 784 626 785 627 787 629 786 628 785 627 776 618 606 517 604 515 788 630 606 517 776 618 789 631 788 630 776 618 790 632 788 630 789 631 791 633 790 632 789 631 792 634 790 632 791 633 793 635 792 634 791 633 794 636 792 634 793 635 795 637 794 636 793 635 796 638 794 636 795 637 797 639 796 638 795 637 798 629 796 638 797 639 788 630 608 519 606 517 656 569 608 519 788 630 799 640 656 569 788 630 657 570 656 569 799 640 800 641 657 570 799 640 658 571 657 570 800 641 801 642 658 571 800 641 802 643 658 571 801 642 803 644 802 643 801 642 769 613 802 643 803 644 771 615 769 613 803 644 804 645 800 641 799 640 805 646 800 641 804 645 806 647 805 646 804 645 807 648 805 646 806 647 796 638 807 648 806 647 803 644 807 648 796 638 808 649 803 644 796 638 771 615 803 644 808 649 773 617 771 615 808 649 802 643 659 572 658 571 664 578 659 572 802 643 765 609 664 578 802 643 638 550 664 578 765 609 763 607 638 550 765 609 605 533 638 550 763 607 761 606 605 533 763 607 809 650 605 533 761 606 785 627 810 651 787 629 811 652 810 651 785 627 812 653 811 652 785 627 813 654 811 652 812 653 814 655 813 654 812 653 815 656 813 654 814 655 781 623 815 656 814 655 779 621 815 656 781 623 818 612 817 657 816 610 819 658 817 657 818 612 820 614 819 658 818 612 821 659 819 658 820 614 822 660 821 659 820 614 823 661 821 659 822 660 790 632 799 640 788 630 804 645 799 640 790 632 792 634 804 645 790 632 806 647 804 645 792 634 794 636 806 647 792 634 796 638 806 647 794 636 793 635 824 662 795 637 825 663 824 662 793 635 826 664 825 663 793 635 782 624 825 663 826 664 780 622 782 624 826 664 827 662 782 624 784 626 825 663 782 624 827 662 828 665 825 663 827 662 824 662 825 663 828 665 791 633 826 664 793 635 829 666 826 664 791 633 789 631 829 666 791 633 776 618 829 666 789 631 821 659 811 652 819 658 810 651 811 652 821 659 823 661 810 651 821 659 787 629 810 651 823 661 830 640 815 656 779 621 831 667 815 656 830 640 832 668 831 667 830 640 833 669 831 667 832 668 835 607 759 604 834 608 761 606 759 604 835 607 774 533 761 606 835 607 809 650 761 606 774 533 814 655 783 625 781 623 785 627 783 625 814 655 812 653 785 627 814 655 831 667 813 654 815 656 836 670 813 654 831 667 833 669 836 670 831 667 830 640 837 671 832 668 777 619 837 671 830 640 779 621 777 619 830 640 778 620 829 666 776 618 780 622 829 666 778 620 767 611 802 643 769 613 765 609 802 643 767 611 808 649 798 629 773 617 796 638 798 629 808 649 803 644 805 646 807 648 801 642 805 646 803 644 838 672 777 619 775 517 837 671 777 619 838 672 809 673 604 515 605 516 774 516 604 515 809 673 820 614 839 674 822 660 770 614 772 616 840 674 826 664 829 666 780 622 805 646 801 642 800 641 836 670 811 652 813 654 841 675 811 652 836 670 833 669 841 675 836 670 842 676 841 675 833 669 843 544 842 676 833 669 844 677 842 676 843 544 845 678 844 677 843 544 846 547 844 677 845 678 847 546 846 547 845 678 848 548 846 547 847 546 849 577 848 548 847 546 850 536 848 548 849 577 832 668 843 544 833 669 851 679 843 544 832 668 837 671 851 679 832 668 852 680 851 679 837 671 838 672 852 680 837 671 853 520 852 680 838 672 854 518 853 520 838 672 855 573 853 520 854 518 774 516 855 573 854 518 856 681 835 607 834 608 857 550 835 607 856 681 858 682 857 550 856 681 859 683 857 550 858 682 844 677 859 683 858 682 846 547 859 683 844 677 841 675 819 658 811 652 817 657 819 658 841 675 856 681 817 657 841 675 816 610 817 657 856 681 834 608 816 610 856 681 857 550 774 533 835 607 860 534 774 533 857 550 859 683 860 534 857 550 848 548 860 534 859 683 846 547 848 548 859 683 851 679 862 524 861 525 863 522 862 524 851 679 852 680 863 522 851 679 853 520 863 522 852 680 850 536 860 534 848 548 855 535 860 534 850 536 864 537 855 535 850 536 865 580 855 535 864 537 854 518 775 517 774 516 838 672 775 517 854 518 841 675 858 682 856 681 842 676 858 682 841 675 845 678 866 542 847 546 843 544 866 542 845 678 843 544 861 525 866 542 851 679 861 525 843 544 853 520 867 574 863 522 855 573 867 574 853 520 858 682 842 676 844 677 774 533 860 534 855 535 855 573 865 575 867 574 869 560 865 575 868 583 870 576 865 575 869 560 871 558 870 576 869 560 872 557 870 576 871 558 873 528 872 557 871 558 874 526 872 557 873 528 875 527 874 526 873 528 861 525 874 526 875 527 876 543 861 525 875 527 866 542 861 525 876 543 877 541 866 542 876 543 878 540 866 542 877 541 879 539 878 540 877 541 880 538 878 540 879 539 864 537 880 538 879 539 850 536 880 538 864 537 864 537 868 556 865 580 881 554 868 556 864 537 879 539 881 554 864 537 882 553 881 554 879 539 883 552 882 553 879 539 884 582 882 553 883 552 885 568 884 582 883 552 883 552 886 567 885 568 887 566 886 567 883 552 888 551 887 566 883 552 889 565 887 566 888 551 890 529 889 565 888 551 891 564 889 565 890 529 892 531 891 564 890 529 877 541 883 552 879 539 888 551 883 552 877 541 876 543 888 551 877 541 890 529 888 551 876 543 875 527 890 529 876 543 873 528 890 529 875 527 895 559 894 585 893 584 896 561 894 585 895 559 869 560 896 561 895 559 897 562 896 561 869 560 868 583 897 562 869 560 873 528 898 530 890 529 895 559 898 530 873 528 871 558 895 559 873 528 869 560 895 559 871 558 878 540 847 546 866 542 849 577 847 546 878 540 880 538 849 577 878 540 850 536 849 577 880 538 899 532 895 559 893 584 898 530 895 559 899 532 892 531 898 530 899 532 890 529 898 530 892 531 896 561 900 586 894 585 901 563 900 586 896 561 897 562 901 563 896 561 863 522 872 557 874 526 867 574 872 557 863 522 870 576 867 574 865 575 872 557 867 574 870 576 862 524 874 526 861 525 863 522 874 526 862 524 897 555 881 554 882 553 868 556 881 554 897 555 901 581 882 553 884 582 897 555 882 553 901 581 901 581 884 582 902 594 903 596 900 586 901 563 904 595 889 565 891 564 885 568 905 593 884 582 887 566 906 592 886 567 907 591 887 566 889 565 908 590 891 564 892 531 885 568 886 567 909 589 899 532 893 584 910 588 892 531 899 532 911 587 893 584 894 585 912 598 913 597 894 585 900 586 160 91 914 684 82 74 915 685 914 684 160 91 148 111 915 685 160 91 916 686 915 685 148 111 822 660 916 686 148 111 839 674 916 686 822 660 795 637 84 76 85 77 917 687 84 76 795 637 824 662 917 687 795 637 918 688 917 687 824 662 828 665 918 688 824 662 827 662 918 688 828 665 145 88 823 661 147 110 787 629 823 661 145 88 144 77 787 629 145 88 786 628 787 629 144 77 784 626 786 628 144 77 772 616 919 686 840 674 104 90 919 686 772 616 773 617 104 90 772 616 103 89 104 90 773 617 102 88 103 89 773 617 917 687 184 138 84 76 190 142 184 138 917 687 918 688 190 142 917 687 197 148 190 142 918 688 196 147 197 148 918 688 920 685 104 90 105 91 919 686 104 90 920 685 921 689 919 686 920 685 840 674 919 686 921 689 189 76 784 626 144 77 922 687 784 626 189 76 180 134 922 687 189 76 196 147 922 687 180 134 798 629 102 88 773 617 85 77 102 88 798 629 797 639 85 77 798 629 795 637 85 77 797 639 923 684 105 91 107 74 920 685 105 91 923 684 148 111 823 661 822 660 147 110 823 661 148 111 924 689 916 686 839 674 915 685 916 686 924 689 918 688 922 687 196 147 827 662 922 687 918 688 784 626 922 687 827 662</p>
                </polylist>
            </mesh>
        </geometry>
        <geometry id="mesh1">
            <mesh>
                <source id="points1">
                    <float_array id="pointarray1" count="1467">89.32225692817573 227.0214427989122 35.370662093089884 86.22909005778914 213.8178072633308 36.409995569037186 79.57206952242426 221.05937013480008 45.24157382310867 78.57229776117184 210.00726544300244 51.5325428917476 67.91528598352834 217.02816707505417 60.4019035125785 69.1968822630722 207.36385898001288 62.842840164588985 48.22770024964418 205.23442554564127 73.98312035695542 44.80639485605165 191.88329455588521 75.45202925624078 20.88421385546404 193.1026784107259 80.61470761747482 21.884636679474543 186.54216427246544 78.35511007119952 4.055936450927515 197.72750020081253 79.16825604672299 8.025095753074657 191.35119601071864 77.00665856232166 -0.005872147290746111 189.92508937080262 72.54774795434938 7.541120898362171 186.69465714577876 73.31609547030095 0 172.640625 77.390625 12.765625 171.484375 75.828125 13.984375 155.765625 74.78125 33.078125 155.8125 67.484375 31.828125 145.09375 63.578125 44 156.765625 54.6875 43.703125 146.875 48.5 53.953125 162.203125 38.453125 1.7688330581637601 7.139150956442592 65.9603489004578 6.440824170304282 1.107951896519097 69.56965872595184 -0.637059679488047 10.764566689057517 54.88228235079546 7.44143161256173 0.07730789650386782 57.92903225462925 0.6762005527984045 10.921647407441597 38.866727797070766 8.535730612273149 3.4530711914394203 43.10112151326308 3.458233302298225 0.07829368549386118 33.38196630662674 26.77073100172106 0.07940900135145057 33.42995886959632 3.7090691868461296 0.07914163535363627 15.944478331290261 27.053435561027914 0.08087718343585948 3.086222421993355 0.6467391809888465 7.938916629215981 4.538458311835306 28.06986798177813 0.08173337133723635 -13.757478851898767 -1.852680339784584 8.439401283927879 -8.071012535912411 8.570240266517448 3.034437430437208 -24.477022057359385 -10.851794961491395 0.08007950799247965 -18.1812196926924 -11.085488370037542 0.08074992870660935 -32.39998089557019 -18.72645639752474 0.6425675396320116 -25.806570224445778 -19.616863471231575 8.268108354732334 -37.97812236156377 -27.13313556870964 3.4543701656894825 -19.66621339377323 -31.85201217767256 11.860670345093425 -25.43166160781183 -29.79002974210735 11.860251608646251 -14.63468775975118 24.15904305548293 8.155483027396713 73.6020959401977 20.64285027160577 18.85838478717713 74.74306549455682 27.831576406935422 10.765817575246317 57.25864709059678 23.549787089944044 20.796803888397932 58.477672733380196 26.566689924117462 10.922752979427727 41.696093944739786 23.222512960077793 19.87571991217048 41.64948784909953 29.2852024599178 16.282277775427275 41.29023119775818 24.691653858527925 36.56448130907599 16.806608287087023 36.45685122538306 20.57947634852964 41.71265598988412 38.941476312398194 36.596238398556835 20.47916789838913 44.28516571621018 18.064295536504673 40.275410665738896 59.30112394506632 27.222037634015706 24.16719446286675 50.83216428977802 17.31469702621554 38.44756356263561 61.816593194402785 16.924633806486597 37.71369641135171 55.815635221900806 19.970409174370346 54.651054804450766 64.31594904700263 17.095992689172135 50.979449466178636 64.34691219836141 13.00176104468413 61.05737969342053 67.00394042333339 8.861843172839599 48.963558562706304 63.87852026091554 4.517314903342054 62.072575492934654 11.984375 131.375 58.453125 7.75 132.75 68.359375 8.46875 137.34375 63.6875 0 135.015625 70.34375 0 141.5625 65.296875 -7.625 132.984375 67.734375 -8.328125 136.796875 64.390625 -10.796875 127.609375 63.015625 -11.796875 130.921875 59.234375 -7.625 122.21875 58.296875 -8.328125 127.140625 54.53125 0 119.546875 56.765625 0 122.921875 51.046875 7.75 121.8125 58.765625 8.46875 125.40625 53.21875 10.96875 127.28125 63.5625 3.71875 128.515625 67.453125 0 129.59375 68.40625 -3.71875 128.515625 67.453125 -5.265625 125.890625 65.15625 -3.71875 123.265625 62.84375 0 122.171875 61.890625 3.71875 123.265625 62.84375 5.265625 125.890625 65.15625 58.61771894566225 239.4099318217365 52.45568607415659 65.04002404001027 226.695585222796 56.19852078400512 47.539552589117655 231.15996321009402 61.56782609392621 49.28977386812151 221.4470998550518 66.66486674716808 33.16451167454241 223.3109290987534 70.26965403344124 20.16490770716025 206.4237260870666 78.89494587862237 -0.006984907223013313 208.65243591211407 77.03270719875962 -0.006481394285359555 199.1060032667537 76.07579951136363 -4.069063530400531 197.72711070161714 79.16786654752714 -8.037404210012326 191.35042600077082 77.00588855237295 -21.896613219912357 186.54006547103177 78.35301126976344 -21.786649709454593 180.7365723565228 71.8801108264274 -39.78598809071196 176.0647853216423 62.74958857256138 -50.816857998973575 176.95584972185074 53.929236063743225 -42.625 167.78125 61.203125 -30.734375 169.140625 70.34375 -33.078125 155.8125 67.484375 -12.765625 171.484375 75.828125 -13.984375 155.765625 74.78125 0 156.140625 76.234375 13.84375 143.53125 70.171875 27.953125 132.0625 55.359375 39.640625 136.859375 41.796875 52.3125 154.03125 31.515625 46.296875 143.71875 27.234375 -52.765625 170.09375 46.8125 -44 156.765625 54.6875 -31.828125 144.40625 63.578125 -13.84375 143.53125 70.171875 0 143.453125 71.0625 12.390625 130.765625 61.578125 21.875 120.984375 43.296875 28.92127570400448 122.37638642122288 30.12638643558751 39.46772972102044 133.61126701386868 27.67376703832394 -66.35297087870045 35.093532821988035 -28.665626687984222 -65.64828788418191 18.984977343061786 -45.05699020071454 -52.57112321123096 35.89170443354075 -41.93055280605693 -48.71045387397158 20.142428814286887 -53.18112279729497 -36.32086709360625 36.627149819571486 -48.007863588962216 -26.601078924780843 20.143488701520525 -53.18006291006012 -23.617987792256383 36.00248312922071 -42.25728459664082 -2.9613864897420026 21.09686008996023 -34.678883968470444 -10.915522686523664 34.95550697760282 -27.444225849142512 -2.853135019582078 27.20540959741868 -17.3504608916001 -5.494544962474219 26.313830286758858 -0.08500521362075997 3.146686738933559 19.689533661507227 -6.116158573998012 -1.0568771588150667 18.126318310212454 4.602315006747791 1.8660696994354216 8.439565900437714 -8.069884297114841 -0.6345107683007151 7.938841553913306 4.539346858820051 -83.4645605125502 8.370466765112383 44.25414709588966 -79.8860347671006 0.07376630992490618 44.191420886885375 -81.26095840627059 8.871073507886024 33.80115170329811 -73.96380850347502 0.9963207032467096 35.941748984013344 -78.10403427218628 0.07460227110061624 28.535256313073113 -65.01023636621248 0.07527790469535489 27.535884008306045 -69.66511268766746 0.07642849125014095 -1.1205891388401081 -56.43073771808119 0.0770629255164863 -1.1199547045730296 -68.33630085679732 0.07717905916550194 -15.448650437775061 -52.66443113581969 0.07792509968066952 -15.338524154000574 -63.83538858391369 0.07830715249374975 -34.479684671408044 -49.80380680871316 0.07931162690280757 -41.400887020351234 -66.38219171181126 8.313026712920532 -44.213786999600956 -49.30372445759864 8.314187736547353 -51.35359328584302 -53.953125 162.203125 38.453125 -43.703125 146.875 48.5 -27.953125 132.0625 55.359375 -12.015625 130.765625 61.578125 0 131.703125 63.625 0 117.125 49.53125 9.952912250644708 110.40672709518472 34.031727100284144 17.51534631801681 113.39146462932051 32.422714636000286 -60.801975193429755 185.0323954274239 61.334477182835045 -41.396251062900966 184.00091395003346 73.33658925843919 -44.81860493798234 191.8789980801452 75.44773278049583 -20.89703604851903 193.10067548601725 80.61270469276387 -48.24104952866228 205.22980099173284 73.97849580304167 -20.17884220012632 206.42179207375406 78.8930118653076 -33.17923817299391 223.30774868801558 70.26647362269978 -16.101247272648745 223.67696076323244 72.69541514268165 -31.92946484131685 233.70890460490398 64.59370606680113 -23.461006284789676 246.06879178245592 58.31377070983333 -43.62089445409287 0.07502017448709353 54.302534378333064 -32.41778745586276 0.07553925620689483 54.67807143693941 -37.2610124068042 2.6384549968652493 41.162337108609734 -26.558309906030672 10.920192599643627 41.69449718724027 -26.760518827493474 0.07682914660753681 33.42834263713701 -18.964234822717188 3.4517736895444386 42.38200317795606 -8.526769300749734 3.4522395888533026 43.10125353296358 -20.824146836653043 0.07598567696527425 56.95987721708789 -7.433568305488215 0.07658115908580498 57.92926913949786 -20.34043545739715 1.1066446550256899 69.77244984422438 -6.434175752341838 1.1073210358260326 69.5699914875456 -13.434860352762717 7.54410941793725 77.41371450419068 -47.97903883542219 0.07604191983429587 28.63045045602995 -27.040314266893944 0.07827036336308879 3.0845792242051027 -28.05513184147574 0.07902917646558194 -13.759219424485988 -27.335056860348303 0.08038874198547319 -41.39980990526734 -8.554759646361804 3.0336028317034334 -24.47689303380654 2.74261115083054 6.409802063573608 -38.1949396566166 11.102011626739674 0.08179990684908489 -32.397967295139 11.14887235719125 8.441563656324405 -40.460064294750836 19.633136486334543 8.269976281185166 -37.975290812821285 10.866955036363052 0.08110701502749862 -18.179228563368653 18.742293564134844 0.6443500758766163 -25.803824065911623 27.14811435431336 3.4569586656537865 -19.662661271518434 31.866737723662247 11.863711263353935 -25.427657067260316 29.80372016870707 11.863094781161351 -14.630880964945266 -21.931302677494298 18.704058504390872 -7.962107931347013 -12.337244881888465 23.4394282401705 -19.117671038858106 -12.321929946795938 18.75139416198543 -7.961645026533489 2.8656149195097247 27.20569739920502 -17.351136712100956 -3.1345632943975996 19.68924620294345 -6.1174096548496575 5.505454964480815 26.314371263022224 -0.08542785964431854 1.068122788535484 18.126433833508543 4.601466907756462 9.254639302385645 24.438645407149167 18.805286981373303 1.6770401550612526 16.485301713578238 15.788917445610313 1.0826632376286083 17.56282295977057 27.788940638177582 -2.4950714821094357 8.312598267405178 28.897700676321367 46.44091014002865 17.09509683915553 51.79109256608058 47.45745869177098 9.298820363924932 40.322017510416046 45.67502073215254 19.766798798952664 54.63493394204888 36.3467084920628 22.21940695450469 56.08772936246672 27.784386785254668 19.765932162812007 54.82157629435023 28.846409692799767 14.624634504790464 69.9151307610289 24.456991368789346 9.125367120740322 50.24278166586965 26.409658736176944 6.624883220954445 62.289630421892994 -3.10131711693883 10.534541390180976 -38.60127204974389 3.4293208921458675 19.69093143074643 -34.991145024976284 12.601068545206088 18.753698830820596 -31.39700029078074 22.460445769766856 18.707296473221234 -31.396529895598064 12.35025510914354 23.440598064219245 -19.11553759252049 22.537818756778 22.144212937413428 -19.146361390443914 21.943697269443167 18.706148145770285 -7.959054667677668 19.17868351993959 5.79975810516936 -7.803555952061867 -75.77596487367141 37.07643216562086 -7.306608278641603 -67.2609727968646 36.59180920406037 6.381276694877719 -77.15137151349501 23.028411119645796 15.223902370145217 -59.292625734628956 27.21633878956095 24.162459240693025 -76.77691525526161 15.668157473277262 33.92669250766318 -69.02693999010499 15.668504276183626 34.4426890287881 -70.59007215463821 18.121039753825826 45.17710669922363 -65.24619482920694 16.480719617954392 44.16165922330657 -71.34045712528382 15.04234621635176 56.28629815964928 -64.66815968796233 11.542920747917236 50.97395022635181 -71.87130112156642 5.4797683359756775 57.37956427928913 36.63056320705922 299.6576762785336 50.23428897425243 38.505658321353636 300.6422834845372 47.26567605483027 34.08379606410169 300.7358387355499 46.90609357243067 39.47439032981725 303.5330755189069 44.75023607272927 32.19311263257937 303.73583348949035 45.12489675814494 40.474239008561156 308.04881361622716 43.391125485884004 30.317878180973114 307.78257814582776 45.968750872336905 38.489595848713826 312.845555274801 44.18813531069716 30.161319575969227 311.4699388101674 48.71892014835978 34.48927977301829 314.25136482594223 49.375510958647865 31.676609769611144 311.34467063890145 55.82836179630726 -48.69963291582812 9.121471939221237 58.05272462509118 -47.448791042360234 9.29425705943217 40.31841782820558 -3.6971807483676518 0.07877293758059523 15.945073255804287 2.1306910460233803 6.57911074109137 14.726914248730724 12.334320044307878 18.752562487960347 -7.9595130782696994 23.63201205139301 36.00476187112508 -42.25596947702138 10.928227215511493 34.95656778548465 -27.444128663547005 2.976113448847093 21.097158378263373 -34.67954930245448 -3.4144291398926168 19.690617006853742 -34.99242307115687 -12.586431444676872 18.75250503759061 -31.399157706299647 -22.445804174800706 18.70515739540548 -31.399632595703807 -11.132377639370524 8.440509183960472 -40.46208238940353 75.78653473025885 37.0837114779646 -7.300292588577038 66.36577876853438 35.099908795813235 -28.66021433643925 76.89778606234172 18.13160750522931 -27.48864794234041 65.66421176628457 18.99128590356473 -45.05164526249193 66.39905793527991 8.319405682893375 -44.208371651908344 48.727045854342585 20.147113462759748 -53.177401771104265 49.32127526798654 8.318929311825684 -51.34981533284677 26.617670905151847 20.14605357552611 -53.17846165833912 27.008775319262604 8.317859687112161 -51.35088495756151 3.1174328210039293 10.534853161148575 -38.60192390106346 54.98852579253998 36.64405944054597 16.792439414885862 67.2702768462049 36.598272066167596 6.386775934704838 77.16112808411549 23.035822262486434 15.230349890706833 76.50622256497918 18.130650191060695 -7.910541713255512 76.31920122215325 8.318149464969792 -8.082896096485644 75.71077296082494 8.319067080576986 -27.83292526353812 -46.84073352898908 7.652265003902414 69.44336832483751 -44.3411709966376 17.511795033572525 68.70958581472445 -45.668729010165606 19.762406274876327 54.63150504025506 -36.340791293129 22.215908780503938 56.085194810749506 -36.44939855930606 20.5759676880121 41.710110951650094 -27.778113039291878 19.76325493326928 54.819862687091955 -29.277297357734483 16.27945673079701 41.28837377541222 -23.21498688543879 19.87348012018566 41.648211679399665 31.722244884435096 1.1093346268496873 66.00837067586738 32.42596234735467 0.07866141367668433 54.68022997212524 37.27023737415051 2.6420415572218303 41.16496004668293 47.989710896267304 0.08065615883722899 28.634101072750642 56.44426197475626 0.08248762246060437 -1.1154936299102216 52.67931857432524 0.08298876083210871 -15.334424115130837 68.35119878131694 0.08374528836688455 -15.443047830853658 69.67863694434253 0.08312205672694972 -1.1148591956431426 82.05247894490834 3.442093270316633 19.682770036737143 82.64595251218874 14.31736665553926 14.573944841574008 81.2702911724525 8.878878644143555 33.80799321727706 -65.65172575427242 9.293574695923837 36.34879520932003 -61.80840647373023 16.918693772145502 37.708719999291326 -64.30905060963995 17.089812963018474 50.974233362305405 -55.809364473809254 19.96504440037937 54.64665365274115 -64.34058745813755 12.995578322382812 61.05216059339965 -56.13781152531821 16.0113920629519 65.31832339210176 -56.79360533379355 5.480061937870971 66.33341207933714 -46.05919968037357 12.215305073126046 58.95924951955621 -89.33399266125673 227.01287831083494 35.36209760500276 -79.5841801118209 221.05174044479173 45.233944133091576 -86.23965954586275 213.80953939387155 36.40172769956843 -78.58395187766949 209.99973162971912 51.52500907845564 -81.47349242274552 200.4258436146735 38.47689861738301 -67.34950677318211 196.45903696269028 63.60385426541086 -74.84815837626354 191.81758960712978 40.11722049273517 -64.03545161698004 182.45850356661342 45.163801382823685 -44.33583013766884 245.55637664597091 55.15073504693083 -47.554197192348674 231.15540457143402 61.56326745526098 -49.30397590530152 221.44237343212302 66.66014032423386 -67.92846370429096 217.02165494812186 60.39539138563872 -69.20936741885824 207.35722401102663 62.83620519559513 -1.6667097894885052 16.485127765402837 15.789707119722264 -9.245360607333739 24.43774489316698 18.805350089677617 -1.0735867096501277 17.562705938400683 27.789787239095087 -4.230528044185607 20.577632802853557 39.196030471550124 -0.6675493963475267 10.921569335991236 38.86761334790783 0.6441903653335446 10.764614455808754 54.88329373983427 -0.00767576653356543 237.58500047636122 62.511550817499604 -0.007396849843592764 222.19088492503226 72.08743071679807 13.44013953771019 7.545411415705473 77.41405287967285 4.689778492078695 17.826373768221814 74.6641262916097 13.14343823172161 23.843227214398496 57.4929449392552 2.9248919974828853 20.79592002986621 56.289184009679346 4.238221888586458 20.57805243513681 39.195486481546325 18.973265042333136 3.4536060054479094 42.3828718715741 20.83210301985127 0.07799626365434165 56.96092418149174 20.34706440133344 1.1086088014261009 69.77345036833947 56.957913347949535 1.8149966768905585 38.322114140774666 43.62910529763306 0.07921645089189155 54.30576703245514 42.70666030524635 1.1099016497327625 65.16514725075773 37.06529902063212 7.546703512030831 74.08706043113679 56.800144357392156 5.485521090513174 66.33790760969805 56.14343816888375 16.016788296493317 65.32275600336179 46.06580006014919 12.219735049048097 58.96271587319578 44.5979631183726 7.298466812720534 44.83740954955825 80.20700025152058 4.159060479585975 55.026466024856234 83.47293905604697 8.378483129779795 44.261199838278664 79.89521481794223 0.08143961568555369 44.19813057036727 73.97369110878577 1.0034262390263677 35.94789089751361 78.11471532104348 0.08210479644483826 28.54179521613838 65.02101328719843 0.08152504417131468 27.541167525501617 -66.99605922095701 8.855405777987471 48.95808479013431 -63.05817120712409 0.07431159626671047 49.64535258711118 -63.871479397737886 4.511177123255578 62.06740133512868 -57.1524597541439 0.4490741257473303 60.50502867499523 -47.12134610988648 3.605819981649006 60.19316086286954 -44.58953662890079 7.294177655738338 44.834084014858725 81.46400720280998 200.43365457161508 38.48470957433355 74.83934127974163 191.8247653807681 40.12439626638172 67.33799291729433 196.46549366089093 63.61031096361893 60.79177452713728 185.0382244326904 61.340306188108265 41.38499874686055 184.00488234760502 73.34055765601533 39.77651172644652 176.06859941760953 62.75340266853301 21.77585019043501 180.73866067143967 71.88219914134667 -76.88346353648963 18.12422182964373 -27.49506999564692 -26.9912245088747 8.315257361260876 -51.352523661128274 65.66077389619407 9.299883256426739 36.35414014754265 69.03555964484941 15.675136420633478 34.44835755095803 76.78558434407246 15.675532662346058 33.93310407445287 78.00378157479497 16.487577221402304 44.65195142461916 70.59742747313469 18.12782170565856 45.182925028776566 71.34704249904192 15.049200075728237 56.29218839674607 65.25380482312674 16.48698922853778 44.16696521160961 64.6755899670285 11.549134929768968 50.97920078592313 62.14505229097149 7.596411447703588 40.072639960667104 -22.524681187430485 22.14206636922853 -19.149471580918803 -19.165066439709165 5.797933622857585 -7.806344056663274 68.56706362894005 0.08087034637395618 44.74446251734707 74.16027957362816 1.1119038491035553 54.85415508576679 71.87869850031761 5.486673129862311 57.38550545089615 63.06682845526372 0.08037147651410237 49.65044884507798 -13.262009472282484 22.21767204489099 42.383176169764056 -13.137811660115783 23.841953680033058 57.49263502717581 -23.54396275406443 20.794532636862726 58.4763651041299 -20.63839958576033 18.85639217737399 74.74203650703893 -27.82467341739568 10.763135851482104 57.256928989117014 -24.153456785724746 8.153153350982166 73.60072988606804 -62.13619737565342 7.5904399538120515 40.06763208905626 -64.8396384245256 2.511625824698484 51.73913404184985 -68.55793600816881 0.07428314413894554 44.73883893739205 -74.15222003777086 1.1047803364379263 54.84799519538056 -80.19924933208594 4.151357212348756 55.01972637989773 36.33538269165737 36.6306464954984 -48.00533053531884 -2.7261388843678134 6.409553554929374 -38.19615178754865 -12.557969260883699 36.62556173057375 8.883900565446048 -24.683345980238034 36.56210069815128 16.80519129844713 -46.43408959877055 17.090630909461623 51.78759025866907 -50.824085428841094 17.309810137775827 38.44364029647783 -44.2773340324995 18.06003634099909 40.272115092515946 -38.933523460872294 36.59249154430056 20.47638466641611 -54.98022390697629 36.63877406446788 16.78811766108926 44.32041965859141 245.56062668142224 55.15498508238705 31.914285011964683 233.71196516973552 64.59676663163619 16.08625265338159 223.67850377927576 72.69695815872674 -26.402841094689343 6.622337821908644 62.28804864513179 -24.449258471053838 9.12300898092306 50.241387148337196 -31.715254922014022 1.1062798827022107 66.0062795540039 -42.699589450716665 1.1057937596838485 65.16200298299161 27.352442966209075 0.0830240254609862 -41.39813824407632 49.82119291457394 0.08410114054365181 -41.39706112899242 63.85211107488337 0.08444193643254039 -34.474513509749734 -21.875 120.984375 43.296875 -39.640625 136.859375 41.796875 -52.3125 154.03125 31.515625 30.734375 169.140625 70.34375 42.625 167.78125 61.203125 52.765625 170.09375 46.8125 38.7397172143105 306.75164648479284 47.750355162704324 35.95843277103657 305.7983080076207 49.42205113903957 36.73940186549668 311.97023542673867 49.1098844611846 32.551974555579406 306.0166969618457 53.54689832602927 -31.77651508456808 311.3416287999927 55.82531995739509 -34.58884506823419 314.24805333374445 49.372199466446254 -30.26055528517607 311.4670422844201 48.71602362260913 -38.58852897415397 312.8418602757031 44.18444031159503 -30.41649667945403 307.77966663934217 45.965839365847955 -40.557010805222006 308.04492911079 43.38724098044235 -32.30686100164528 303.18586646636527 45.121778517467455 -0.00021796974049979683 109.53124995741358 35.015624962638135 -9.953337703609007 110.405772822156 34.03077282725431 -17.515903601478342 113.38978528855881 32.421035295236656 -28.922474163065576 122.3736134865664 30.12361350092785 50.37943783856753 0.07987262317175237 47.36859063234544 47.128653625752854 3.610351826591369 60.196729085529576 -56.94833634251802 1.8095225435100701 38.31760362967547 76.6495785488071 235.82386854828394 43.32621895279527 48.70661681255787 9.126155089620283 58.056444153208055 44.34632875178484 17.516060221373422 68.71288738024272 -38.60371650144235 300.63858698736544 47.26197955765431 -38.822782607444154 306.7479282655506 47.74663694345782 -36.728811624354584 299.6541595502213 50.23077224593609 -36.05719206346529 305.79485569648295 49.418598827897924 -33.18219280643366 303.0448609397058 52.184229813837746 -32.651150294578166 306.0135712308026 53.543772594982606 79.44098048996392 12.815293981849607 54.60496928946737 -50.37056188213422 0.07502917887308058 47.36471081032872 64.84786122967526 2.5178564853623584 51.74440108023331 -76.49377703564754 18.12330196732084 -7.91692631471626 -76.30579837933527 8.310819218115938 -8.089262721060432 -82.63529706021461 14.309429688784803 14.566971497097994 -4.6852214386107285 17.825910691797546 74.66462683747241 -2.918857941321656 20.79562623578454 56.28985383788486 57.16003993539005 0.4545677340875329 60.509558661054236 -1.7624168859551066 7.138968019824205 65.96112958612676 13.269240418980392 22.218957563847127 42.38349806643409 12.567030633610862 36.626779836207575 8.88415504879373 -18.305058512134917 0.6421106042411964 -15.853425023322206 -28.841090126863346 14.621855406227382 69.91331528475017 -77.99621801893751 16.480085182574925 44.64542300807073 -79.43401909716154 12.807664120229973 54.598303050126546 18.31994145146368 0.643852692492402 -15.850719312781461 -39.469770097574354 133.607482879378 27.669982903828913 -46.296875 143.71875 27.234375 2.5049285541661463 8.312824304941984 28.898890336145964 -58.632280784887094 239.40431104873213 52.45006530114576 -65.05372566102302 226.68934874144816 56.19228430265009 23.445187515102834 246.06253706163596 59.49461502816809 -37.0597007612562 7.543136426633993 74.08445696802337 -82.041270630224 3.4342132303677033 19.675853619066682 -36.83872296541441 311.9667082119095 49.10635724635144 -39.572484488526186 303.52928614115785 44.74644669497584 -3.448016634064599 0.07794895690201997 33.38258520032204 -7.552629066951084 186.69393357611963 73.31537190064098 -4.963547419333682 35.51716949921446 -4.022038554574453 33.78655703966635 303.0480713119201 52.18744018605582 -75.69547664346437 8.31179525860236 -27.839233463233526 52.585126499344845 35.89675910624926 -41.92646175563017 5.849104963736668 319.6256997027423 34.6087706766137 8.286206470496941 323.78186728957843 38.76533676064021 5.849152095286211 331.70445089986345 21.54684971216715 8.286252103972656 335.8762427375908 25.719041545194674 5.848307239387565 327.9534261768614 42.921669894186124 5.848352872935097 340.0321758758369 29.89099892966778 -0.026858284233217115 329.6718113879484 44.65584564638088 -0.02681265075750139 341.76618683596087 31.60955043093535 -5.91731773357401 327.952862152065 42.921105869389066 -5.917272100026478 340.0316118510405 29.89043490487072 -8.35441849126146 323.7810695652648 38.764539036325644 -8.354372857785746 335.87544501327716 25.718243820880105 -5.916520009224906 319.6251356779459 34.608206651816644 -5.916472877675363 331.70388687506704 21.546285687370087 -0.025729485568215728 317.89112546685885 32.889655899585975 -0.02568310309149424 329.9855016639441 19.82773568417634 -2.119308991975767 6.578920657326421 14.725760542678046 -34.18182877901799 300.7325661932716 46.902821030148644 64.02704808872124 182.46464267316242 45.169940489379755 50.80814176748338 176.96072145794088 53.93410779983896 4.973952510063066 35.51765954096767 -4.022512135108239 46.84676620794292 7.656769883515864 69.4469095821686 -76.6629210988675 235.81651899808153 43.31886940258442</float_array>
                    <technique_common>
                        <accessor count="489" source="#pointarray1" stride="3">
                            <param name="X" type="float"/>
                            <param name="Y" type="float"/>
                            <param name="Z" type="float"/>
                        </accessor>
                    </technique_common>
                </source>
                <source id="uvs1">
                    <float_array id="uvarray1" count="822">0.53802490234375 1.606201171875 0.53619384765625 1.5364990234375 0.58685302734375 1.57574462890625 0.608642578125 1.52349853515625 0.67242431640625 1.55206298828125 0.673828125 1.5113525390625 0.7728271484375 1.500244140625 0.784912109375 1.44744873046875 0.8896484375 1.44647216796875 0.88250732421875 1.4176025390625 0.968994140625 1.46759033203125 0.94976806640625 1.434326171875 0.993896484375 1.41455078125 0.9544677734375 1.4052734375 0.993896484375 1.33978271484375 0.9306640625 1.33673095703125 0.9300537109375 1.26861572265625 0.83380126953125 1.267333984375 0.84527587890625 1.2197265625 0.7550048828125 1.26055908203125 0.767333984375 1.20184326171875 0.67767333984375 1.2711181640625 0.305908203125 1.55316162109375 0.32318115234375 1.54901123046875 0.305908203125 1.536376953125 0.32537841796875 1.539306640625 0.305908203125 1.52203369140625 0.326416015625 1.5233154296875 0.3204345703125 1.51043701171875 0.364990234375 1.51043701171875 0.31951904296875 1.4892578125 0.36627197265625 1.47076416015625 0.30908203125 1.472900390625 0.36944580078125 1.44720458984375 0.30712890625 1.45965576171875 0.330810546875 1.4317626953125 0.29339599609375 1.44000244140625 0.29571533203125 1.41949462890625 0.2818603515625 1.42742919921875 0.27484130859375 1.40380859375 0.26776123046875 1.43475341796875 0.25408935546875 1.4190673828125 0.25408935546875 1.44580078125 0.137939453125 1.5526123046875 0.1502685546875 1.54840087890625 0.13287353515625 1.5347900390625 0.145263671875 1.53466796875 0.132568359375 1.524169921875 0.13958740234375 1.5201416015625 0.1270751953125 1.52215576171875 0.14105224609375 1.479736328125 0.11212158203125 1.519775390625 0.11077880859375 1.48516845703125 0.0963134765625 1.52008056640625 0.07171630859375 1.49493408203125 0.0830078125 1.51934814453125 0.063232421875 1.5184326171875 0.07147216796875 1.53515625 0.06207275390625 1.53118896484375 0.06103515625 1.53961181640625 0.05218505859375 1.53009033203125 0.05218505859375 1.5418701171875 0.66790771484375 1.98577880859375 0.62860107421875 1.9566650390625 0.647216796875 1.9342041015625 0.59710693359375 1.9439697265625 0.59722900390625 1.91217041015625 0.5634765625 1.95404052734375 0.54730224609375 1.9342041015625 0.5467529296875 1.9862060546875 0.52655029296875 1.98577880859375 0.56744384765625 1.95428466796875 0.54730224609375 1.933837890625 0.5980224609375 1.94415283203125 0.59722900390625 1.91180419921875 0.62939453125 1.9571533203125 0.647216796875 1.933837890625 0.64776611328125 1.9862060546875 0.61309814453125 1.97271728515625 0.59698486328125 1.96685791015625 0.580810546875 1.97222900390625 0.572998046875 1.98638916015625 0.58184814453125 1.9725341796875 0.5977783203125 1.967041015625 0.61358642578125 1.972900390625 0.62152099609375 1.98638916015625 0.70526123046875 1.658935546875 0.6688232421875 1.60009765625 0.77386474609375 1.62054443359375 0.76580810546875 1.57171630859375 0.8406982421875 1.57733154296875 0.8973388671875 1.50433349609375 0.993896484375 1.530029296875 0.993896484375 1.468505859375 0.88250732421875 1.41766357421875 0.87945556640625 1.3795166015625 0.7725830078125 1.35662841796875 0.6966552734375 1.36260986328125 0.75421142578125 1.312744140625 0.83905029296875 1.32586669921875 0.83380126953125 1.26739501953125 0.93060302734375 1.3367919921875 0.93011474609375 1.2685546875 0.993896484375 1.27362060546875 0.931640625 1.21002197265625 0.8602294921875 1.15447998046875 0.77655029296875 1.1531982421875 0.68609619140625 1.220947265625 0.6942138671875 1.1683349609375 0.684326171875 1.3204345703125 0.84625244140625 1.217041015625 0.93170166015625 1.2100830078125 0.993896484375 1.19256591796875 0.9375 1.14190673828125 0.87518310546875 1.083251953125 0.8067626953125 1.05816650390625 0.73486328125 1.107421875 0.06964111328125 1.4306640625 0.0628662109375 1.40771484375 0.08966064453125 1.42822265625 0.09375 1.40411376953125 0.11328125 1.4273681640625 0.127197265625 1.4046630859375 0.1341552734375 1.4306640625 0.16473388671875 1.416748046875 0.14996337890625 1.4383544921875 0.16986083984375 1.44500732421875 0.1688232421875 1.46527099609375 0.18646240234375 1.46026611328125 0.18060302734375 1.4716796875 0.19195556640625 1.4700927734375 0.482421875 1.52923583984375 0.47308349609375 1.529052734375 0.482421875 1.5172119140625 0.463623046875 1.51849365234375 0.46588134765625 1.50885009765625 0.44366455078125 1.506591796875 0.453857421875 1.46844482421875 0.4271240234375 1.46636962890625 0.4527587890625 1.44586181640625 0.41986083984375 1.4454345703125 0.443603515625 1.4173583984375 0.41357421875 1.40728759765625 0.45562744140625 1.40130615234375 0.410888671875 1.3875732421875 0.8602294921875 1.15460205078125 0.93756103515625 1.14178466796875 0.993896484375 1.1199951171875 0.993896484375 1.058349609375 0.93951416015625 1.0125732421875 0.88800048828125 1.028564453125 0.69512939453125 1.4176025390625 0.791748046875 1.41375732421875 0.8896484375 1.4464111328125 0.8973388671875 1.5042724609375 0.8406982421875 1.5772705078125 0.9183349609375 1.57720947265625 0.84552001953125 1.62786865234375 0.88134765625 1.6697998046875 0.39569091796875 1.53363037109375 0.37969970703125 1.5362548828125 0.3865966796875 1.520751953125 0.3631591796875 1.52203369140625 0.34716796875 1.52191162109375 0.32635498046875 1.5233154296875 0.34588623046875 1.53717041015625 0.325439453125 1.53924560546875 0.3475341796875 1.54931640625 0.3331298828125 1.56622314453125 0.409423828125 1.50604248046875 0.3662109375 1.470703125 0.36944580078125 1.44708251953125 0.36846923828125 1.4068603515625 0.33074951171875 1.4317626953125 0.31231689453125 1.4090576171875 0.295654296875 1.41949462890625 0.30059814453125 1.40380859375 0.2933349609375 1.43994140625 0.2818603515625 1.4273681640625 0.21917724609375 1.45135498046875 0.19927978515625 1.43817138671875 0.2030029296875 1.45477294921875 0.169921875 1.44500732421875 0.1865234375 1.46026611328125 0.1688232421875 1.46533203125 0.1805419921875 1.47174072265625 0.1644287109375 1.48883056640625 0.17901611328125 1.4876708984375 0.1776123046875 1.50341796875 0.19085693359375 1.5064697265625 0.1866455078125 1.52264404296875 0.08099365234375 1.53436279296875 0.0880126953125 1.52264404296875 0.09954833984375 1.53125 0.11004638671875 1.53326416015625 0.1197509765625 1.5338134765625 0.1175537109375 1.548095703125 0.13287353515625 1.53240966796875 0.13287353515625 1.54656982421875 0.15972900390625 1.39739990234375 0.18072509765625 1.39471435546875 0.1785888671875 1.414794921875 0.20233154296875 1.40032958984375 0.19989013671875 1.41827392578125 0.220703125 1.41693115234375 0.1990966796875 1.43798828125 0.21820068359375 1.43609619140625 0.218994140625 1.45135498046875 0.244384765625 1.44732666015625 0.22442626953125 1.46875 0.0626220703125 1.453857421875 0.06298828125 1.46722412109375 0.03594970703125 1.4866943359375 0.0716552734375 1.494873046875 0.0343017578125 1.5142822265625 0.048583984375 1.5159912109375 0.04156494140625 1.5277099609375 0.04730224609375 1.52838134765625 0.03961181640625 1.5372314453125 0.05218505859375 1.53717041015625 0.0364990234375 1.5489501953125 0.63104248046875 1.00732421875 0.631103515625 1.03106689453125 0.66790771484375 1.0302734375 0.63134765625 1.05377197265625 0.685546875 1.0540771484375 0.61773681640625 1.0982666015625 0.69921875 1.1082763671875 0.61944580078125 1.1329345703125 0.68536376953125 1.1566162109375 0.62249755859375 1.167724609375 0.62640380859375 1.203369140625 0.410888671875 1.53399658203125 0.410888671875 1.52203369140625 0.30145263671875 1.48724365234375 0.202880859375 1.45477294921875 0.1646728515625 1.41680908203125 0.1785888671875 1.41497802734375 0.199951171875 1.41839599609375 0.2208251953125 1.4171142578125 0.228515625 1.39666748046875 0.03790283203125 1.43170166015625 0.06292724609375 1.40771484375 0.04931640625 1.39251708984375 0.0894775390625 1.38739013671875 0.12713623046875 1.40472412109375 0.13067626953125 1.38812255859375 0.084716796875 1.4788818359375 0.03076171875 1.45867919921875 0.013671875 1.46124267578125 0.01953125 1.42730712890625 0.0880126953125 1.54656982421875 0.0880126953125 1.53240966796875 0.1002197265625 1.5428466796875 0.09967041015625 1.5308837890625 0.11016845703125 1.53289794921875 0.1123046875 1.51947021484375 0.11981201171875 1.53363037109375 0.127197265625 1.52197265625 0.13958740234375 1.51995849609375 0.3631591796875 1.54833984375 0.378173828125 1.54425048828125 0.3631591796875 1.53399658203125 0.379638671875 1.53631591796875 0.3865966796875 1.52081298828125 0.40948486328125 1.506103515625 0.427001953125 1.46649169921875 0.41986083984375 1.445556640625 0.45269775390625 1.44598388671875 0.453857421875 1.46856689453125 0.47735595703125 1.461181640625 0.47222900390625 1.49798583984375 0.48687744140625 1.4912109375 0.05218505859375 1.52001953125 0.063232421875 1.518310546875 0.06219482421875 1.53094482421875 0.0716552734375 1.53472900390625 0.06121826171875 1.53912353515625 0.0706787109375 1.54345703125 0.07012939453125 1.5560302734375 0.08392333984375 1.54302978515625 0.54620361328125 1.47723388671875 0.6807861328125 1.46868896484375 0.5767822265625 1.42779541015625 0.64093017578125 1.37701416015625 0.79571533203125 1.67352294921875 0.76580810546875 1.5716552734375 0.19085693359375 1.48992919921875 0.17901611328125 1.487548828125 0.16436767578125 1.48870849609375 0.1776123046875 1.5032958984375 0.1702880859375 1.51739501953125 0.1866455078125 1.5347900390625 0.993896484375 1.6337890625 0.993896484375 1.58154296875 0.1588134765625 1.56182861328125 0.16668701171875 1.5498046875 0.15771484375 1.53375244140625 0.1712646484375 1.5338134765625 0.1702880859375 1.51751708984375 0.3458251953125 1.5372314453125 0.34747314453125 1.54931640625 0.4295654296875 1.5198974609375 0.3956298828125 1.53363037109375 0.39666748046875 1.54388427734375 0.38702392578125 1.562744140625 0.07000732421875 1.5447998046875 0.0880126953125 1.53009033203125 0.482421875 1.538818359375 0.4730224609375 1.52899169921875 0.463623046875 1.5185546875 0.44366455078125 1.50665283203125 0.44903564453125 1.5196533203125 0.44903564453125 1.5316162109375 0.4384765625 1.53289794921875 0.44903564453125 1.5435791015625 0.4339599609375 1.54437255859375 0.42999267578125 1.55792236328125 0.4210205078125 1.54364013671875 0.410888671875 1.54388427734375 0.410888671875 1.5316162109375 0.791748046875 1.4136962890625 0.87945556640625 1.37945556640625 0.04864501953125 1.51611328125 0.034423828125 1.51434326171875 0.012939453125 1.4923095703125 0.02081298828125 1.51593017578125 0.03314208984375 1.5264892578125 0.04168701171875 1.52783203125 0.0396728515625 1.537353515625 0.04736328125 1.52838134765625 0.05218505859375 1.5277099609375 0.24371337890625 1.41839599609375 0.2183837890625 1.4361572265625 0.46441650390625 1.53009033203125 0.47039794921875 1.54132080078125 0.46575927734375 1.55078125 0.15582275390625 1.51898193359375 0.15765380859375 1.5335693359375 0.14532470703125 1.53460693359375 0.15020751953125 1.5484619140625 0.44903564453125 1.5390625 0.44903564453125 1.52923583984375 0.45892333984375 1.5380859375 0.46441650390625 1.530029296875 0.4703369140625 1.54119873046875 0.152587890625 1.47314453125 0.0810546875 1.53424072265625 0.08319091796875 1.5191650390625 0.09637451171875 1.5198974609375 0.9183349609375 1.57733154296875 0.396728515625 1.54388427734375 0.410888671875 1.54833984375 0.36846923828125 1.40692138671875 0.41351318359375 1.40728759765625 0.44354248046875 1.4173583984375 0.47637939453125 1.420654296875 0.875244140625 1.08319091796875 0.77655029296875 1.15313720703125 0.8389892578125 1.32598876953125 0.4012451171875 1.19232177734375 0.35638427734375 1.17547607421875 0.3975830078125 1.27178955078125 0.35089111328125 1.25543212890625 0.36541748046875 1.32818603515625 0.30120849609375 1.25433349609375 0.29400634765625 1.328857421875 0.993896484375 1.00714111328125 0.42327880859375 1.53192138671875 0.4295654296875 1.51983642578125 0.60760498046875 1.6402587890625 0.3349609375 1.35430908203125 0.399658203125 1.34912109375 0.42041015625 1.2935791015625 0.1002197265625 1.54302978515625 0.39813232421875 1.27166748046875 0.3521728515625 1.25506591796875 0.31536865234375 1.220458984375 0.03057861328125 1.53485107421875 0.02081298828125 1.53717041015625 0.02081298828125 1.5277099609375 0.42327880859375 1.5318603515625 0.45892333984375 1.53814697265625 0.03082275390625 1.45867919921875 0.1666259765625 1.54986572265625 0.17120361328125 1.53375244140625 0.43402099609375 1.54443359375 0.1768798828125 1.560302734375 0.1866455078125 1.55133056640625 0.15576171875 1.5191650390625 0.2750244140625 1.45965576171875 0.28082275390625 1.44293212890625 0.11761474609375 1.54803466796875 0.0330810546875 1.52642822265625 0.03057861328125 1.53472900390625 0.32916259765625 1.40179443359375 0.3631591796875 1.3875732421875 0.12249755859375 1.556396484375 0.1087646484375 1.56048583984375 0.3631591796875 1.536376953125 0.3631591796875 1.55316162109375 0.47216796875 1.4979248046875 0.36566162109375 1.328125 0.41534423828125 1.2369384765625 0.95440673828125 1.4052734375 0.30145263671875 1.50628662109375 0.15533447265625 1.4617919921875 0.5797119140625 1.3572998046875 0.5797119140625 1.293701171875 0.4583740234375 1.3572998046875 0.4583740234375 1.293701171875</float_array>
                    <technique_common>
                        <accessor count="411" source="#uvarray1" stride="2">
                            <param name="S" type="float"/>
                            <param name="T" type="float"/>
                        </accessor>
                    </technique_common>
                </source>
                <vertices id="vertices1">
                    <input semantic="POSITION" source="#points1"/>
                </vertices>
                <polylist count="850" material="Material1">
                    <input offset="0" semantic="VERTEX" source="#vertices1"/>
                    <input offset="1" semantic="TEXCOORD" source="#uvs1" set="0"/>
                    <vcount>3 3 3 3 3 3 3 3 3 3 3 3 3 3 3 3 3 3 3 3 3 3 3 3 3 3 3 3 3 3 3 3 3 3 3 3 3 3 3 3 3 3 3 3 3 3 3 3 3 3 3 3 3 3 3 3 3 3 3 3 3 3 3 3 3 3 3 3 3 3 3 3 3 3 3 3 3 3 3 3 3 3 3 3 3 3 3 3 3 3 3 3 3 3 3 3 3 3 3 3 3 3 3 3 3 3 3 3 3 3 3 3 3 3 3 3 3 3 3 3 3 3 3 3 3 3 3 3 3 3 3 3 3 3 3 3 3 3 3 3 3 3 3 3 3 3 3 3 3 3 3 3 3 3 3 3 3 3 3 3 3 3 3 3 3 3 3 3 3 3 3 3 3 3 3 3 3 3 3 3 3 3 3 3 3 3 3 3 3 3 3 3 3 3 3 3 3 3 3 3 3 3 3 3 3 3 3 3 3 3 3 3 3 3 3 3 3 3 3 3 3 3 3 3 3 3 3 3 3 3 3 3 3 3 3 3 3 3 3 3 3 3 3 3 3 3 3 3 3 3 3 3 3 3 3 3 3 3 3 3 3 3 3 3 3 3 3 3 3 3 3 3 3 3 3 3 3 3 3 3 3 3 3 3 3 3 3 3 3 3 3 3 3 3 3 3 3 3 3 3 3 3 3 3 3 3 3 3 3 3 3 3 3 3 3 3 3 3 3 3 3 3 3 3 3 3 3 3 3 3 3 3 3 3 3 3 3 3 3 3 3 3 3 3 3 3 3 3 3 3 3 3 3 3 3 3 3 3 3 3 3 3 3 3 3 3 3 3 3 3 3 3 3 3 3 3 3 3 3 3 3 3 3 3 3 3 3 3 3 3 3 3 3 3 3 3 3 3 3 3 3 3 3 3 3 3 3 3 3 3 3 3 3 3 3 3 3 3 3 3 3 3 3 3 3 3 3 3 3 3 3 3 3 3 3 3 3 3 3 3 3 3 3 3 3 3 3 3 3 3 3 3 3 3 3 3 3 3 3 3 3 3 3 3 3 3 3 3 3 3 3 3 3 3 3 3 3 3 3 3 3 3 3 3 3 3 3 3 3 3 3 3 3 3 3 3 3 3 3 3 3 3 3 3 3 3 3 3 3 3 3 3 3 3 3 3 3 3 3 3 3 3 3 3 3 3 3 3 3 3 3 3 3 3 3 3 3 3 3 3 3 3 3 3 3 3 3 3 3 3 3 3 3 3 3 3 3 3 3 3 3 3 3 3 3 3 3 3 3 3 3 3 3 3 3 3 3 3 3 3 3 3 3 3 3 3 3 3 3 3 3 3 3 3 3 3 3 3 3 3 3 3 3 3 3 3 3 3 3 3 3 3 3 3 3 3 3 3 3 3 3 3 3 3 3 3 3 3 3 3 3 3 3 3 3 3 3 3 3 3 3 3 3 3 3 3 3 3 3 3 3 3 3 3 3 3 3 3 3 3 3 3 3 3 3 3 3 3 3 3 3 3 3 3 3 3 3 3 3 3 3 3 3 3 3 3 3 3 3 3 3 3 3 3 3 3 3 3 3 3 3 3 3 3 3 3 3 3 3 3 3 3 3 3 3 3 3 3 3 3 3 3 3 3 3 3 3 3 3 3 3 3 3 3 3 3 3 3 3 3 3 3 3 3 3 3 3 3 3 3 3 3 3 3 3 3 3 3 3 3 3 3 3 3 3 3 3 3 3 3 3 3 3 3 3 3 3 3 3 3 3 3 3 3 3 3 3 3 3 3 3 3 3 3 3 3 3 3 3 3 3 3 3 3 3 3 3 3 3 3 3 3 3 3 3 3 3 3 3 3 3 3 3 3 3 3 3 3 3 3 3 3 3 3 3 3 3 3 3 3 3 3 3 3 3 3 3 3 3 3</vcount>
                    <p>2 2 1 1 0 0 3 3 1 1 2 2 4 4 3 3 2 2 5 5 3 3 4 4 6 6 5 5 4 4 7 7 5 5 6 6 8 8 7 7 6 6 9 9 7 7 8 8 10 10 9 9 8 8 11 11 9 9 10 10 12 12 11 11 10 10 13 13 11 11 12 12 14 14 13 13 12 12 15 15 13 13 14 14 16 16 15 15 14 14 17 17 15 15 16 16 18 18 17 17 16 16 19 19 17 17 18 18 20 20 19 19 18 18 21 21 19 19 20 20 24 24 23 23 22 22 25 25 23 23 24 24 26 26 25 25 24 24 27 27 25 25 26 26 28 28 27 27 26 26 29 29 27 27 28 28 30 30 29 29 28 28 31 31 29 29 30 30 32 32 31 31 30 30 33 33 31 31 32 32 34 34 33 33 32 32 35 35 33 33 34 34 36 36 35 35 34 34 37 37 35 35 36 36 38 38 37 37 36 36 39 39 37 37 38 38 40 40 39 39 38 38 41 41 39 39 40 40 42 42 41 41 40 40 45 45 44 44 43 43 46 46 44 44 45 45 47 47 46 46 45 45 48 48 46 46 47 47 49 49 48 48 47 47 50 50 48 48 49 49 51 51 50 50 49 49 52 52 50 50 51 51 53 53 52 52 51 51 54 54 52 52 53 53 55 55 54 54 53 53 56 56 54 54 55 55 57 57 56 56 55 55 58 58 56 56 57 57 59 59 58 58 57 57 60 60 58 58 59 59 61 61 60 60 59 59 64 64 63 63 62 62 65 65 63 63 64 64 66 66 65 65 64 64 67 67 65 65 66 66 68 68 67 67 66 66 69 69 67 67 68 68 70 70 69 69 68 68 71 71 69 69 70 70 72 72 71 71 70 70 73 73 71 71 72 72 74 74 73 73 72 72 75 75 73 73 74 74 76 76 75 75 74 74 77 77 75 75 76 76 62 62 77 77 76 76 63 63 77 77 62 62 63 63 78 78 77 77 79 79 78 78 63 63 65 65 79 79 63 63 80 80 79 79 65 65 67 67 80 80 65 65 81 81 80 80 67 67 69 69 81 81 67 67 82 82 81 81 69 69 71 71 82 82 69 69 83 83 82 82 71 71 73 73 83 83 71 71 84 84 83 83 73 73 75 75 84 84 73 73 85 85 84 84 75 75 77 77 85 85 75 75 78 78 85 85 77 77 88 88 87 87 86 86 89 89 87 87 88 88 90 90 89 89 88 88 6 6 89 89 90 90 91 91 6 6 90 90 8 8 6 6 91 91 92 92 8 8 91 91 10 10 8 8 92 92 93 93 10 10 92 92 12 12 10 10 93 93 94 10 12 12 93 93 95 11 12 12 94 10 96 94 95 11 94 10 97 95 95 11 96 94 98 96 97 95 96 94 100 98 98 96 99 97 101 99 98 96 100 98 102 100 101 99 100 98 103 101 101 99 102 100 104 102 103 101 102 100 14 14 103 101 104 102 105 103 14 14 104 102 16 16 14 14 105 103 106 104 16 16 105 103 18 18 16 16 106 104 107 105 18 18 106 104 20 20 18 18 107 105 108 106 20 20 107 105 109 107 20 20 108 106 110 108 109 107 108 106 112 19 100 98 111 109 102 100 100 98 112 19 113 110 102 100 112 19 104 102 102 100 113 110 114 111 104 102 113 110 105 103 104 102 114 111 115 112 105 103 114 111 106 104 105 103 115 112 116 113 106 104 115 112 107 105 106 104 116 113 117 114 107 105 116 113 108 106 107 105 117 114 118 115 108 106 117 114 119 116 108 106 118 115 122 119 121 118 120 117 123 120 121 118 122 119 124 121 123 120 122 119 125 122 123 120 124 121 126 123 125 122 124 121 127 124 125 122 126 123 128 125 127 124 126 123 129 126 127 124 128 125 130 127 129 126 128 125 131 128 129 126 130 127 132 129 131 128 130 127 133 130 131 128 132 129 134 130 133 130 132 129 137 133 136 132 135 131 138 134 136 132 137 133 139 135 138 134 137 133 140 136 138 134 139 135 141 137 140 136 139 135 142 138 140 136 141 137 143 139 142 138 141 137 144 140 142 138 143 139 145 141 144 140 143 139 146 142 144 140 145 141 147 143 146 142 145 141 148 144 146 142 147 143 150 20 112 19 149 21 113 110 112 19 150 20 151 145 113 110 150 20 114 111 113 110 151 145 152 146 114 111 151 145 115 112 114 111 152 146 153 147 115 112 152 146 116 113 115 112 153 147 154 148 116 113 153 147 117 114 116 113 154 148 155 149 117 114 154 148 156 150 117 114 155 149 98 96 157 151 99 97 158 152 157 151 98 96 96 94 158 152 98 96 159 7 158 152 96 94 160 153 159 7 96 94 161 6 159 7 160 153 162 154 161 6 160 153 163 155 161 6 162 154 164 156 163 155 162 154 165 157 163 155 164 156 166 158 165 157 164 156 169 161 168 160 167 159 170 162 168 160 169 161 171 29 170 162 169 161 172 163 170 162 171 29 173 164 172 163 171 29 174 165 172 163 173 164 175 166 174 165 173 164 176 167 174 165 175 166 177 23 176 167 175 166 178 168 176 167 177 23 142 138 179 169 140 136 180 170 179 169 142 138 144 140 180 170 142 138 181 171 180 170 144 140 182 172 181 171 144 140 183 173 181 171 182 172 184 174 183 173 182 172 185 175 183 173 184 174 186 176 185 175 184 174 187 39 185 175 186 176 181 171 134 32 180 170 133 34 134 32 181 171 183 173 133 34 181 171 188 177 133 34 183 173 185 175 188 177 183 173 189 178 188 177 185 175 187 39 189 178 185 175 190 40 189 178 187 39 191 41 190 40 187 39 192 42 190 40 191 41 195 181 194 180 193 179 196 182 194 180 195 181 197 183 196 182 195 181 198 184 196 182 197 183 199 185 198 184 197 183 200 186 198 184 199 185 201 187 200 186 199 185 202 188 200 186 201 187 203 189 202 188 201 187 26 190 202 188 203 189 55 55 204 191 57 57 205 192 204 191 55 55 53 53 205 192 55 55 206 193 205 192 53 53 51 51 206 193 53 53 207 194 206 193 51 51 208 195 207 194 51 51 209 196 207 194 208 195 210 197 209 196 208 195 211 198 209 196 210 197 213 201 184 200 212 199 186 202 184 200 213 201 214 203 186 202 213 201 215 204 186 202 214 203 216 205 215 204 214 203 217 206 215 204 216 205 218 207 217 206 216 205 192 208 217 206 218 207 219 209 192 208 218 207 222 212 221 211 220 210 223 213 221 211 222 212 224 214 223 213 222 212 225 215 223 213 224 214 226 216 225 215 224 214 227 217 225 215 226 216 228 218 227 217 226 216 229 219 227 217 228 218 230 220 229 219 228 218 233 223 232 222 231 221 234 224 232 222 233 223 235 225 234 224 233 223 236 226 234 224 235 225 237 227 236 226 235 225 238 228 236 226 237 227 239 229 238 228 237 227 240 230 238 228 239 229 241 231 240 230 239 229 243 233 167 159 242 232 169 161 167 159 243 233 179 169 169 161 243 233 171 29 169 161 179 169 180 170 171 29 179 169 244 30 171 29 180 170 134 32 244 30 180 170 245 234 244 30 134 32 127 124 212 199 125 122 213 201 212 199 127 124 129 126 213 201 127 124 216 205 213 201 129 126 246 235 216 205 129 126 218 207 216 205 246 235 133 130 218 207 246 235 219 209 218 207 133 130 249 236 248 125 247 123 196 182 248 125 249 236 250 237 196 182 249 236 194 180 196 182 250 237 251 238 194 180 250 237 252 239 194 180 251 238 253 202 252 239 251 238 39 240 252 239 253 202 256 241 255 117 254 210 257 242 255 117 256 241 258 243 257 242 256 241 259 120 257 242 258 243 260 244 259 120 258 243 261 245 259 120 260 244 262 246 261 245 260 244 263 199 261 245 262 246 54 54 264 247 52 52 265 211 264 247 54 54 266 212 265 211 54 54 254 210 265 211 266 212 267 248 254 210 266 212 256 241 254 210 267 248 268 249 256 241 267 248 269 250 256 241 268 249 271 253 242 252 270 251 272 254 242 252 271 253 273 255 272 254 271 253 274 256 272 254 273 255 275 257 274 256 273 255 276 258 274 256 275 257 170 47 276 258 275 257 277 259 276 258 170 47 210 262 278 261 211 260 279 263 278 261 210 262 47 162 279 263 210 262 280 264 279 263 47 162 29 29 280 264 47 162 281 265 280 264 29 29 31 31 281 265 29 29 282 266 281 265 31 31 283 267 31 31 33 33 282 266 31 31 283 267 284 268 282 266 283 267 285 269 282 266 284 268 268 270 285 269 284 268 286 271 285 269 268 270 287 272 286 271 268 270 288 133 286 271 287 272 289 273 225 215 227 217 290 274 225 215 289 273 291 275 290 274 289 273 292 276 290 274 291 275 293 277 292 276 291 275 294 278 292 276 293 277 295 279 294 278 293 277 296 280 294 278 295 279 299 1 298 2 297 0 300 3 298 2 299 1 301 281 300 3 299 1 302 282 300 3 301 281 303 283 302 282 301 281 157 151 302 282 303 283 304 284 157 151 303 283 99 97 157 151 304 284 306 88 165 157 305 285 163 155 165 157 306 88 307 286 163 155 306 88 161 6 163 155 307 286 308 4 161 6 307 286 309 5 161 6 308 4 300 3 309 5 308 4 302 282 309 5 300 3 132 129 245 287 134 130 310 288 245 287 132 129 311 289 310 288 132 129 312 290 310 288 311 289 313 291 312 290 311 289 314 190 312 290 313 291 315 292 314 190 313 291 164 156 316 293 166 158 317 294 316 293 164 156 162 154 317 294 164 156 92 92 317 294 162 154 160 153 92 92 162 154 94 10 92 92 160 153 96 94 94 10 160 153 44 44 318 295 43 43 319 296 318 295 44 44 320 297 319 296 44 44 321 298 319 296 320 297 322 299 321 298 320 297 24 292 321 298 322 299 26 190 24 292 322 299 323 163 29 29 47 162 27 27 29 29 323 163 324 300 27 27 323 163 25 25 27 27 324 300 325 301 25 25 324 300 23 23 25 25 325 301 318 168 23 23 325 301 205 233 281 265 326 302 280 264 281 265 205 233 327 303 280 264 205 233 279 263 280 264 327 303 328 304 279 263 327 303 278 261 279 263 328 304 329 305 278 261 328 304 59 59 330 279 61 61 331 306 330 279 59 59 57 57 331 306 59 59 332 280 331 306 57 57 204 191 332 280 57 57 333 307 332 280 204 191 205 192 333 307 204 191 336 309 335 131 334 308 288 133 335 131 336 309 337 310 288 133 336 309 338 135 288 133 337 310 339 311 338 135 337 310 285 269 338 135 339 311 282 266 285 269 339 311 341 314 340 313 289 312 342 315 340 313 341 314 343 316 342 315 341 314 295 317 342 315 343 316 344 318 295 317 343 316 296 319 295 317 344 318 345 320 296 319 344 318 348 282 347 283 346 281 349 151 347 283 348 282 7 7 349 151 348 282 350 321 349 151 7 7 9 9 350 321 7 7 351 96 350 321 9 9 352 322 351 96 9 9 121 118 353 241 120 117 147 243 353 241 121 118 123 120 147 243 121 118 148 244 147 243 123 120 125 122 148 244 123 120 354 246 148 244 125 122 212 199 354 246 125 122 355 273 58 58 60 60 56 56 58 58 355 273 356 323 56 56 355 273 54 54 56 56 356 323 357 324 54 54 356 323 266 212 54 54 357 324 287 325 266 212 357 324 357 324 288 326 287 325 358 327 288 326 357 324 359 328 358 327 357 324 360 329 358 327 359 328 361 330 360 329 359 328 362 219 360 329 361 330 363 331 362 219 361 330 41 332 252 239 39 240 364 333 252 239 41 332 42 208 364 333 41 332 193 179 364 333 42 208 365 209 193 179 42 208 34 130 193 179 365 209 337 310 355 312 339 311 366 334 355 312 337 310 336 309 366 334 337 310 367 335 366 334 336 309 334 308 367 335 336 309 368 336 367 335 334 308 339 311 281 265 282 266 326 302 281 265 339 311 355 312 326 302 339 311 369 314 326 302 355 312 60 313 369 314 355 312 61 315 369 314 60 313 370 337 313 291 311 289 371 338 313 291 370 337 372 339 371 338 370 337 373 340 371 338 372 339 374 45 373 340 372 339 375 43 373 340 374 45 377 343 376 342 229 341 378 344 376 342 377 343 379 345 378 344 377 343 136 132 378 344 379 345 380 308 136 132 379 345 135 131 136 132 380 308 261 245 247 123 381 121 249 236 247 123 261 245 263 199 249 236 261 245 250 237 249 236 263 199 382 200 250 237 263 199 253 202 250 237 382 200 384 50 311 289 383 346 370 337 311 289 384 50 277 259 370 337 384 50 372 339 370 337 277 259 170 47 372 339 277 259 374 45 372 339 170 47 243 192 385 347 345 307 386 348 385 347 243 192 387 349 386 348 243 192 223 213 386 348 387 349 388 52 223 213 387 349 389 247 223 213 388 52 290 274 223 213 225 215 386 348 223 213 290 274 292 276 386 348 290 274 385 347 386 348 292 276 296 280 385 347 292 276 345 307 385 347 296 280 391 157 88 88 390 285 90 90 88 88 391 157 392 350 90 90 391 157 91 91 90 90 392 350 317 294 91 91 392 350 92 92 91 91 317 294 395 261 394 262 393 260 168 160 394 262 395 261 396 351 168 160 395 261 167 159 168 160 396 351 270 352 167 159 396 351 242 232 167 159 270 352 397 353 33 33 35 35 283 267 33 33 397 353 398 354 283 267 397 353 399 355 283 267 398 354 258 143 399 355 398 354 269 356 399 355 258 143 152 146 154 148 153 147 400 357 154 148 152 146 151 145 400 357 152 146 401 358 400 357 151 145 150 20 401 358 151 145 402 107 401 358 150 20 15 15 352 322 13 13 403 359 352 322 15 15 17 17 403 359 15 15 404 98 403 359 17 17 19 19 404 98 17 17 405 109 404 98 19 19 406 362 231 361 232 360 407 363 231 361 406 362 408 364 407 363 406 362 409 365 407 363 408 364 241 366 409 365 408 364 412 229 411 230 410 231 413 228 411 230 412 229 414 227 413 228 412 229 415 226 413 228 414 227 416 225 415 226 414 227 154 148 417 367 155 149 418 149 417 367 154 148 400 357 418 149 154 148 419 150 418 149 400 357 420 115 419 150 400 357 421 368 205 233 326 302 333 320 205 233 421 368 422 318 333 320 421 368 332 319 333 320 422 318 330 317 332 319 422 318 272 254 243 192 242 252 387 349 243 192 272 254 274 256 387 349 272 254 388 52 387 349 274 256 384 50 388 52 274 256 80 80 78 78 79 79 85 85 78 78 80 80 81 81 85 85 80 80 82 82 85 85 81 81 140 136 289 312 138 134 423 369 289 312 140 136 179 169 423 369 140 136 243 233 423 369 179 169 340 60 291 275 289 273 293 277 291 275 340 60 342 61 293 277 340 60 295 279 293 277 342 61 4 4 89 89 6 6 87 87 89 89 4 4 2 2 87 87 4 4 424 370 87 87 2 2 191 332 217 206 192 208 215 204 217 206 191 332 187 240 215 204 191 332 186 202 215 204 187 240 408 364 240 371 241 366 238 372 240 371 408 364 406 362 238 372 408 364 236 373 238 372 406 362 206 193 425 252 205 192 426 374 425 252 206 193 207 194 426 374 206 193 209 196 426 374 207 194 429 361 428 375 427 360 430 376 428 375 429 361 431 377 430 376 429 361 432 365 430 376 431 377 356 323 359 328 357 324 361 330 359 328 356 323 355 273 361 330 356 323 363 331 361 330 355 273 368 220 360 329 362 219 433 378 360 329 368 220 334 379 433 378 368 220 335 380 433 378 334 379 423 369 341 314 289 312 434 381 341 314 423 369 243 233 434 381 423 369 345 320 434 381 243 233 366 334 363 342 355 312 435 382 363 342 366 334 367 335 435 382 366 334 368 336 435 382 367 335 353 241 220 210 120 117 436 383 220 210 353 241 437 249 436 383 353 241 438 325 436 383 437 249 439 384 371 338 373 340 440 385 371 338 439 384 315 292 440 385 439 384 313 291 440 385 315 292 3 3 346 281 1 1 348 282 346 281 3 3 5 5 348 282 3 3 7 7 348 282 5 5 369 314 421 368 326 302 441 386 421 368 369 314 61 315 441 386 369 314 330 317 441 386 61 315 178 295 373 340 375 43 439 384 373 340 178 295 177 387 439 384 178 295 442 388 439 384 177 387 443 389 322 299 320 297 200 186 322 299 443 389 50 50 200 186 443 389 444 346 200 186 50 50 46 46 320 297 44 44 443 389 320 297 46 46 48 48 443 389 46 46 50 50 443 389 48 48 40 40 365 390 42 42 445 391 365 390 40 40 38 38 445 391 40 40 36 36 445 391 38 38 275 257 394 197 170 47 446 392 394 197 275 257 273 255 446 392 275 257 271 253 446 392 273 255 135 380 447 393 137 326 448 394 447 393 135 380 380 379 448 394 135 380 230 220 448 394 380 379 382 174 35 35 37 37 397 353 35 35 382 174 263 395 397 353 382 174 262 396 397 353 263 395 188 177 219 390 133 34 449 391 219 390 188 177 189 178 449 391 188 177 190 40 449 391 189 178 401 358 420 115 400 357 450 116 420 115 401 358 451 108 450 116 401 358 146 142 182 172 144 140 354 396 182 172 146 142 148 144 354 396 146 142 452 189 312 290 314 190 310 288 312 290 452 189 245 287 310 288 452 189 230 336 377 343 229 341 379 345 377 343 230 336 380 308 379 345 230 336 447 393 224 214 137 326 226 216 224 214 447 393 228 218 226 216 447 393 159 7 157 151 158 152 302 282 157 151 159 7 309 5 302 282 159 7 454 87 306 88 453 86 307 286 306 88 454 87 308 4 307 286 454 87 34 130 195 181 193 179 197 183 195 181 34 130 199 185 197 183 34 130 392 350 316 293 317 294 455 158 316 293 392 350 391 157 455 158 392 350 446 392 393 198 394 197 395 397 393 198 446 392 456 398 395 397 446 392 398 354 260 144 258 143 262 396 260 144 398 354 397 353 262 396 398 354 284 268 269 356 268 270 399 355 269 356 284 268 283 267 399 355 284 268 174 165 170 162 172 163 374 399 170 162 174 165 375 400 374 399 174 165 457 401 137 133 438 272 139 135 137 133 457 401 141 137 139 135 457 401 378 344 289 312 376 342 138 134 289 312 378 344 136 132 138 134 378 344 319 296 23 387 318 295 22 388 23 387 319 296 24 292 22 388 319 296 458 402 432 365 410 366 430 376 432 365 458 402 428 375 430 376 458 402 428 375 459 403 427 360 415 373 459 403 428 375 413 372 415 373 428 375 460 28 171 29 244 30 173 164 171 29 460 28 314 26 173 164 460 28 461 404 95 11 97 95 12 12 95 11 461 404 14 14 12 12 461 404 84 84 82 82 83 83 85 85 82 82 84 84 245 234 460 28 244 30 452 405 460 28 245 234 271 253 456 398 446 392 270 251 456 398 271 253 462 406 130 127 128 125 383 346 130 127 462 406 463 377 407 363 409 365 231 361 407 363 463 377 234 403 406 362 232 360 236 373 406 362 234 403 130 127 311 289 132 129 383 346 311 289 130 127 457 401 437 270 141 137 438 272 437 270 457 401 448 394 228 218 447 393 230 220 228 218 448 394 246 235 131 128 133 130 129 126 131 128 246 235 190 40 219 390 449 391 192 42 219 390 190 40 464 250 353 241 147 243 437 249 353 241 464 250 212 395 182 172 354 396 184 174 182 172 212 395 344 318 434 381 345 320 343 316 434 381 344 318 436 383 222 212 220 210 438 325 222 212 436 383 143 139 437 270 464 356 141 137 437 270 143 139 145 141 464 356 147 143 143 139 464 356 145 141 276 258 384 50 274 256 277 259 384 50 276 258 438 325 224 214 222 212 137 326 224 214 438 325 411 371 458 402 410 366 413 372 458 402 411 371 364 333 194 180 252 239 193 179 194 180 364 333 259 120 381 121 465 119 261 245 381 121 259 120 257 242 465 119 255 117 259 120 465 119 257 242 11 11 352 322 9 9 13 13 352 322 11 11 468 409 467 408 466 407 469 410 467 408 468 409 469 409 470 408 467 407 471 410 470 408 469 409 471 409 472 408 470 407 473 410 472 408 471 409 473 409 474 408 472 407 475 410 474 408 473 409 475 409 476 408 474 407 477 410 476 408 475 409 477 409 478 408 476 407 479 410 478 408 477 409 479 409 480 408 478 407 481 410 480 408 479 409 481 409 466 408 480 407 468 410 466 408 481 409 175 166 314 26 315 24 173 164 314 26 175 166 177 23 315 24 442 22 175 166 315 24 177 23 28 28 203 405 482 234 26 26 203 405 28 28 30 30 482 234 32 32 28 28 482 234 30 30 253 176 37 37 39 39 382 174 37 37 253 176 36 36 365 390 445 391 34 34 365 390 36 36 375 400 176 167 178 168 174 165 176 167 375 400 456 305 396 351 395 261 270 352 396 351 456 305 459 224 416 225 483 223 415 226 416 225 459 224 427 222 483 223 429 221 459 224 483 223 427 222 308 4 298 2 300 3 454 87 298 2 308 4 349 151 484 284 347 283 485 97 484 284 349 151 351 96 349 151 350 321 485 97 349 151 351 96 403 359 351 96 352 322 404 98 351 96 403 359 103 101 461 404 97 95 14 14 461 404 103 101 101 99 97 95 98 96 103 101 97 95 101 99 32 130 199 185 34 130 482 287 199 185 32 130 482 287 201 187 199 185 203 189 201 187 482 287 47 162 324 300 323 163 45 399 324 300 47 162 444 346 198 184 200 186 486 406 198 184 444 346 325 301 43 400 318 168 324 300 43 400 325 301 422 318 441 386 330 317 421 368 441 386 422 318 328 304 487 352 329 305 327 303 487 352 328 304 425 232 327 303 205 233 487 352 327 303 425 232 338 135 286 271 288 133 285 269 286 271 338 135 362 341 435 382 368 336 363 342 435 382 362 341 433 378 358 327 360 329 335 380 358 327 433 378 267 248 287 325 268 249 266 212 287 325 267 248 329 398 426 374 209 196 487 251 426 374 329 398 278 397 209 196 211 198 329 398 209 196 278 397 49 49 208 195 51 51 47 47 208 195 49 49 248 125 198 184 486 406 196 182 198 184 248 125 202 188 322 299 200 186 26 190 322 299 202 188 376 331 227 217 229 219 289 273 227 217 376 331 94 10 93 93 92 92 117 114 156 150 118 115 119 116 110 108 108 106 413 372 428 375 458 402 389 247 221 211 223 213 434 381 343 316 341 314 294 278 296 280 292 276 404 98 485 97 351 96 298 2 454 87 488 370 401 358 402 107 451 108 324 300 45 399 43 400 314 26 460 28 452 405 168 160 170 162 394 262 159 7 161 6 309 5 371 338 440 385 313 291 439 384 442 388 315 292 288 326 358 327 335 380 425 252 426 374 487 251 208 195 47 47 210 197 216 205 214 203 213 201 258 243 256 241 269 250 321 298 24 292 319 296 332 280 330 279 331 306 253 202 251 238 250 237</p>
                </polylist>
            </mesh>
        </geometry>
        <geometry id="mesh2">
            <mesh>
                <source id="points2">
                    <float_array id="pointarray2" count="525">290.23473910958336 200.49933203812378 18.235133289353392 299.09406415594907 200.85952923367557 18.501310157296782 300.1418306960516 193.8910644555944 14.610414292224878 306.2818477980796 199.5009552104674 15.923553750334658 309.04819664685533 197.67352907650812 6.783008043503174 305.7017616838285 220.71968132030344 15.283911002728466 308.124076208586 221.9391000206199 6.096615606117286 304.1532375833503 244.3606203455422 5.691200914649603 299.638431050189 242.3294429344838 -4.699793931209952 291.44919775103267 259.3598193508278 -2.574471625741479 291.7309995310345 255.76626517026827 -6.105876911979605 266.73072638088587 263.1861226466956 -13.169529806416351 290.887159226346 259.37575914070516 -10.24637979946962 291.16881341229373 260.71995737473003 -19.043173386783554 301.12347847458756 245.18970614762702 -20.30894223983659 288.48207085812385 258.2357448542406 -27.715329635774157 295.07736997710504 243.18959547465028 -29.88752799733563 286.4201771716467 253.42317185746106 -30.24693478643136 291.296096406295 244.07991205574342 -30.88771349075695 294.90576025151717 242.59599557721936 -33.356316821187356 287.7354966607995 224.01708391889463 -31.04514019162299 299.0482336408353 223.53392710750882 -34.21635571920747 291.53445044257705 202.97064252230868 -32.62404495470005 297.00295958042017 206.23683607934635 -33.73293338508477 298.1598903541474 204.20608383485012 -41.842335953825696 300.111051332122 225.31566301009454 -42.26308119027021 294.96869929439174 243.19014473454013 -41.55940956318791 289.86015580803326 240.19009919806481 -50.65361168213071 283.7804734792358 253.3924026081752 -45.465845594540994 277.0317018951692 244.72021811971865 -52.2791686141765 255.04621792144835 250.23330304138088 -42.51460595066302 300.7167785152933 242.72037553660164 -8.996585131277696 296.93535776467036 242.75113584354068 -6.21556183080448 292.26566772226187 220.047606636172 -6.966932058614766 304.64035790733743 221.31424656787146 -3.809874597948907 296.76773597121536 198.03240060809532 -6.858340832675719 305.18941582993375 198.64245993886624 -4.576553388817966 299.47110067229244 193.54813506034748 -3.827142676994999 302.90811860870014 191.96983288975056 6.626114087973077 284.7204895159702 188.1864830909232 14.671710235128332 273.0948771012655 193.01338739427962 17.28061512713861 240.32404224748805 237.05633300056695 34.82762417369512 260.7137440030483 254.63696236064663 22.673447356997233 278.5102718091517 246.0752227532911 41.79911084765966 291.1036585379596 251.56090669362356 39.25325875568464 298.5890147271804 238.74893233268654 43.00309623027081 294.8693764892653 255.5772610974053 31.441178517637486 302.93319690723285 240.79671333269098 32.644081514513026 301.16820796609284 241.53148224797584 20.95651020093232 305.4350508372989 221.51572826177446 32.03393312204426 302.99817041824747 221.2347197220704 22.205647572062382 305.9683673851418 199.07824025025545 32.82976461857011 303.45337714595854 199.65667574986463 21.40776555354297 298.1571477962192 193.65624026359836 20.079033288801252 256.75149220938926 207.63823209339654 -11.610295030830232 259.6265359183463 204.76332252755782 -7.844634358323965 258.9557601243666 196.0916082335679 -12.516965584221447 273.5656461376812 190.63985784474687 -12.469470344240248 274.23824036879074 189.42165133543307 -22.4851131902933 284.9092310201446 192.422179148462 -12.515575390571374 286.83183685428565 191.2509781768198 -22.79676555437543 302.08147272281536 194.81489288653677 -22.326924483786307 296.45662217785076 198.61164075832818 -30.733331907471147 304.87779947916886 200.36201121543615 -21.904614806221463 298.690647757351 202.5493685389966 -31.09238331986355 298.7198042358087 224.00243943357734 -29.903853063630237 220.24864893569855 210.24210348414363 31.43450223751654 228.95009974654207 224.16451096366427 37.435694789160536 234.10780639909584 204.33654466293717 44.26318045792486 242.37208751309987 216.91532272146426 46.88928220372294 250.23328702678063 195.27526773995456 50.45121912548237 256.7794334070819 201.52577383582877 52.76441380573144 256.2194874306099 179.33858874982252 45.09144130621338 266.40552367553244 190.55797592899387 51.826968857496716 273.1413734259608 179.9027344489264 44.029989467383295 277.28088217068284 190.10612676565353 46.59322843196958 280.7819727628228 184.74754682808543 36.89005777106848 278.99984714943724 191.99722610395793 40.077797802438575 273.9849742968728 192.20049116927504 27.296254896568964 270.2647549487305 204.30925495414726 32.734110936130655 261.8873992335009 222.51108193939564 43.34385307606244 270.1841339532359 225.98076215962794 40.250770059023 267.69903275508454 230.9646992458293 44.500859050677555 277.4650956732533 228.55953739422205 41.00133304719261 286.83947342209456 233.84157201122878 43.06465196080558 288.4192262990673 217.2792740158328 41.954578262509315 301.450219234245 220.32740107065746 41.45551072287124 285.0453095825142 206.43525469773317 40.938229788032665 306.34420662487963 224.83087028334438 -21.293978242070263 305.5937764246408 222.7521772193797 -10.919123150262031 304.76765963745675 201.67399152140604 -11.279558522481615 301.4870261630249 195.64247052445148 -12.07692064871866 276.0328970103069 188.6074974056581 15.54620618592371 275.37754631865806 185.49854223890839 5.499142562115718 259.8136549477993 194.66853179513097 14.233018038736963 256.6426323721736 191.74681632618226 4.670186589598703 255.1257614882946 204.35600272471547 5.623824563653894 259.221029023667 193.35677062670993 -2.345205659210711 256.5793249725521 204.46587123585118 -1.8135824787059684 295.15847962197955 224.73746748392352 -50.52903278771418 292.61340370492377 206.51854273174894 -51.88943481276936 290.66070941256396 201.76834520683434 -51.6085303752724 294.9571886534197 199.67452899246365 -41.78024646417763 281.55102813194986 198.2044766060467 -40.96862590703588 280.5346697471988 200.56334987260624 -32.49982412403217 275.11347061462294 198.5944784361314 -40.62524567061781 277.0034264225851 200.42238683500753 -32.39066896770567 262.0964415905727 207.10839884273346 -30.65687295784125 258.469128375162 201.52767674411444 16.389515750289604 259.0948879864154 191.88699234405334 18.857841328585103 283.98571900583227 188.56112772821086 20.640433875598585 282.87575124293096 186.96668290630447 32.952790493173495 299.4845420207612 192.40569125882064 34.14155347633972 296.2493787812696 196.0769101002212 41.46965928236237 272.34789146323186 192.37503860411232 -31.672585697066076 257.70673014255425 197.1548406374619 -30.25136503417375 256.190757112728 195.54492579386158 -21.97028366982617 254.51742809819672 209.7321752656843 -20.03220447923094 264.22967746227397 261.6693152027784 6.580246613214662 292.8074385203192 255.93691514241834 21.566071307042282 292.6672125136411 254.12458317861893 17.784725948156492 297.6057014489221 243.03125361910998 18.72199212312049 288.8734764726892 219.9679118691785 19.11098450295723 238.00261340500805 209.52812227224575 -33.14258585516289 254.68979100825155 216.56121532941484 -38.78186673929449 238.4553441851558 223.07574104533367 -47.76690908569336 257.1742048231957 225.23400458595412 -52.9688010774107 231.297837658508 235.38749014485592 -46.17300074252972 257.00135515344493 234.26514020714802 -50.921503535034525 247.70431538872967 193.40169891246546 15.622851594391838 253.37539146694223 192.21400983465102 30.716886909631132 239.85994244881667 189.16577270953718 32.55967521442256 249.15718728946214 183.40088607307672 35.43495986956549 247.46852846033715 189.10335835845143 45.73200638663057 277.81701061036233 200.95461455547166 -51.187469413555334 266.301168081875 201.531524695869 -48.485011648693146 258.48839459201884 203.20257127723693 -46.563527977060694 257.83167599458716 203.20213713437778 -38.797942603218495 254.7688035553867 206.8737025209464 -38.36045140449258 259.3145942595073 211.79551310453886 -28.078691107864465 295.24546508914773 260.2347599327126 6.1289244244783845 292.51082325943963 258.3435236793326 13.503668760952811 300.887248442243 241.8910884259797 15.581510471088189 282.285148403727 194.4540626756838 -30.890636378674785 275.83040944173786 197.31176130183363 -8.609638808695308 274.581090903747 187.13954832377203 -4.0164518543342655 284.2840591022861 188.84359075996733 -4.0782846533455075 286.7680304517301 186.59333575337251 6.124882386681147 277.4075332302919 187.0447209932611 24.014964238912395 280.3296830288395 181.99796183161794 27.343023630824483 274.1578706370696 175.84071896289555 35.92048104255854 268.0182705601146 172.8094775542331 23.669965201558618 263.73659722249226 172.3087002859576 31.466557847426287 263.5130878907819 212.9329400947787 46.890366994720594 268.01476098546 201.6838511564201 36.7338493105904 240.12705859354608 201.16788088553625 -10.89285839643944 222.53349028057195 213.27664870262907 -32.81521459820754 223.43917214552067 201.66603853535378 -5.268841495350302 256.205413427463 209.79522457412824 -28.172724622533313 264.54986259354763 216.34393160053438 -49.98440720263366 267.5804938424357 218.2969969340861 -42.78100567072588 276.3000444286555 216.23580028744513 -52.827453353183415 275.1742561053215 218.15708684181388 -42.76492914736549 276.2676151287704 228.93893650399303 -53.12372130300002 262.4512078830704 256.6397296268027 -31.638851944669774 285.49857543424093 254.98591906129894 -37.21566549888057 267.7831820097897 181.98145026866945 21.17039072669462 261.1108389511738 185.63697334191036 23.217038354619984 253.86046162937234 185.94851366713047 28.98224079754376 258.14270828878426 176.3239883610174 27.497662782392847 217.95392280422803 198.9771257801123 13.418198652815848 267.51391508039416 203.49576767889553 47.92140598731652 280.060275697374 214.35672957720118 39.48518373926608 256.11298896846534 206.79604424542214 -45.45412403636208 301.03006344720745 201.9054729314095 41.7358521945668</float_array>
                    <technique_common>
                        <accessor count="175" source="#pointarray2" stride="3">
                            <param name="X" type="float"/>
                            <param name="Y" type="float"/>
                            <param name="Z" type="float"/>
                        </accessor>
                    </technique_common>
                </source>
                <source id="uvs2">
                    <float_array id="uvarray2" count="416">0.19775390625 1.17047119140625 0.19775390625 1.185791015625 0.183349609375 1.17327880859375 0.183349609375 1.185791015625 0.165771484375 1.185791015625 0.183349609375 1.21600341796875 0.165771484375 1.21728515625 0.165771484375 1.24755859375 0.14599609375 1.24755859375 0.14599609375 1.27825927734375 0.132568359375 1.27825927734375 0.12445068359375 1.3260498046875 0.11962890625 1.27825927734375 0.09930419921875 1.276123046875 0.09930419921875 1.25164794921875 0.08172607421875 1.2799072265625 0.08172607421875 1.25 0.07000732421875 1.27825927734375 0.07000732421875 1.25927734375 0.061279296875 1.25 0.07000732421875 1.21600341796875 0.061279296875 1.2203369140625 0.0684814453125 1.181884765625 0.061279296875 1.190673828125 0.043701171875 1.190673828125 0.043701171875 1.22003173828125 0.043701171875 1.25 0.02313232421875 1.25 0.0306396484375 1.27825927734375 0.009033203125 1.28900146484375 0.03082275390625 1.33099365234375 0.11962890625 1.25 0.132568359375 1.244140625 0.13238525390625 1.21514892578125 0.14599609375 1.21600341796875 0.1329345703125 1.17718505859375 0.14599609375 1.185791015625 0.14599609375 1.17169189453125 0.165771484375 1.17364501953125 0.183349609375 1.14349365234375 0.19775390625 1.12884521484375 0.23297119140625 1.38043212890625 0.21240234375 1.33740234375 0.253173828125 1.3070068359375 0.24652099609375 1.27825927734375 0.249755859375 1.24755859375 0.232177734375 1.2734375 0.232177734375 1.24755859375 0.20977783203125 1.24755859375 0.23162841796875 1.21783447265625 0.20977783203125 1.21600341796875 0.232177734375 1.185791015625 0.20977783203125 1.185791015625 0.20977783203125 1.1722412109375 0.11962890625 1.0941162109375 0.1329345703125 1.10162353515625 0.11962890625 1.11181640625 0.11962890625 1.12786865234375 0.09930419921875 1.12786865234375 0.11962890625 1.1405029296875 0.09930419921875 1.143798828125 0.09930419921875 1.17340087890625 0.08172607421875 1.173583984375 0.09930419921875 1.188232421875 0.08172607421875 1.188232421875 0.08172607421875 1.21630859375 0.42742919921875 1.20135498046875 0.4412841796875 1.22454833984375 0.4595947265625 1.17901611328125 0.4774169921875 1.20501708984375 0.4786376953125 1.15045166015625 0.49481201171875 1.1583251953125 0.491455078125 1.11737060546875 0.50640869140625 1.1336669921875 0.51275634765625 1.1209716796875 0.52783203125 1.13653564453125 0.54022216796875 1.09832763671875 0.54473876953125 1.13763427734375 0.553955078125 1.1226806640625 0.53057861328125 1.17254638671875 0.51422119140625 1.219482421875 0.5321044921875 1.22235107421875 0.53143310546875 1.23779296875 0.55682373046875 1.22772216796875 0.5599365234375 1.272216796875 0.57989501953125 1.23187255859375 0.60333251953125 1.25201416015625 0.58160400390625 1.19873046875 0.60589599609375 1.205322265625 0.57110595703125 1.16949462890625 0.09930419921875 1.21759033203125 0.11962890625 1.21630859375 0.11962890625 1.188232421875 0.11962890625 1.173583984375 0.183349609375 1.12078857421875 0.165771484375 1.11865234375 0.183349609375 1.10699462890625 0.165771484375 1.1019287109375 0.165771484375 1.08843994140625 0.14599609375 1.10455322265625 0.14599609375 1.0927734375 0.02313232421875 1.21978759765625 0.02313232421875 1.190673828125 0.02313232421875 1.180908203125 0.043701171875 1.17474365234375 0.043701171875 1.15081787109375 0.06817626953125 1.1490478515625 0.043701171875 1.1348876953125 0.06829833984375 1.133056640625 0.068603515625 1.1083984375 0.19586181640625 1.10272216796875 0.208251953125 1.11102294921875 0.23199462890625 1.12615966796875 0.20977783203125 1.133544921875 0.232177734375 1.13812255859375 0.232177734375 1.17095947265625 0.249755859375 1.17169189453125 0.08172607421875 1.12799072265625 0.0816650390625 1.11212158203125 0.09930419921875 1.1102294921875 0.093017578125 1.09356689453125 0.17730712890625 1.32666015625 0.20654296875 1.27825927734375 0.19573974609375 1.27825927734375 0.198974609375 1.24334716796875 0.19805908203125 1.21697998046875 0.455810546875 1.01123046875 0.416748046875 1.03643798828125 0.45916748046875 1.0469970703125 0.4205322265625 1.06292724609375 0.5001220703125 1.0400390625 0.43536376953125 1.0859375 0.45355224609375 1.1444091796875 0.38995361328125 1.137451171875 0.1968994140625 1.0797119140625 0.2498779296875 1.10565185546875 0.2552490234375 1.06561279296875 0.29229736328125 1.11199951171875 0.285400390625 1.08929443359375 0.334716796875 1.13104248046875 0.30804443359375 1.0831298828125 0.02313232421875 1.15069580078125 0.02325439453125 1.1348876953125 0.02313232421875 1.12506103515625 0.043701171875 1.11895751953125 0.043701171875 1.11041259765625 0.07025146484375 1.0963134765625 0.165771484375 1.2745361328125 0.183349609375 1.27825927734375 0.183349609375 1.24755859375 0.08172607421875 1.13763427734375 0.1329345703125 1.13067626953125 0.14599609375 1.12078857421875 0.14599609375 1.14080810546875 0.165771484375 1.14532470703125 0.56097412109375 1.091552734375 0.54541015625 1.07012939453125 0.52630615234375 1.09014892578125 0.51361083984375 1.0611572265625 0.50982666015625 1.08282470703125 0.46539306640625 1.23614501953125 0.51318359375 1.18701171875 0.5294189453125 1.1632080078125 0.02313232421875 1.09356689453125 0.06829833984375 1.0618896484375 0.13092041015625 1.065673828125 0.0687255859375 1.017822265625 0.12939453125 1.02459716796875 0.08172607421875 1.09796142578125 0.3865966796875 1.0419921875 0.38714599609375 1.05047607421875 0.36541748046875 1.05084228515625 0.381591796875 1.057373046875 0.37677001953125 1.086669921875 0.07611083984375 1.32666015625 0.0614013671875 1.27825927734375 0.5216064453125 1.043701171875 0.55072021484375 1.0521240234375 0.52679443359375 1.0245361328125 0.55517578125 1.03082275390625 0.27679443359375 1.1143798828125 0.2823486328125 1.136474609375 0.2647705078125 1.12799072265625 0.25823974609375 1.14959716796875 0.28887939453125 1.04547119140625 0.250732421875 1.00653076171875 0.19769287109375 1.0198974609375 0.51605224609375 1.1666259765625 0.557861328125 1.19342041015625 0.59307861328125 1.1484375 0.249755859375 1.21600341796875 0.3988037109375 1.01715087890625 0.38970947265625 1.01458740234375 0.374267578125 1.0155029296875 0.02313232421875 1.11041259765625 0.35736083984375 1.020751953125 0.324462890625 1.0419921875 0.3292236328125 1.03009033203125 0.3387451171875 1.09112548828125 0.51361083984375 1.0106201171875 0.3570556640625 1.13653564453125 0.249755859375 1.135986328125 0.53125 1.00970458984375 0.56011962890625 1.01324462890625 0.26812744140625 1.16876220703125 0.29107666015625 1.15240478515625 0.60662841796875 1.16546630859375 0.249755859375 1.185791015625</float_array>
                    <technique_common>
                        <accessor count="208" source="#uvarray2" stride="2">
                            <param name="S" type="float"/>
                            <param name="T" type="float"/>
                        </accessor>
                    </technique_common>
                </source>
                <vertices id="vertices2">
                    <input semantic="POSITION" source="#points2"/>
                </vertices>
                <polylist count="336" material="Material1">
                    <input offset="0" semantic="VERTEX" source="#vertices2"/>
                    <input offset="1" semantic="TEXCOORD" source="#uvs2" set="0"/>
                    <vcount>3 3 3 3 3 3 3 3 3 3 3 3 3 3 3 3 3 3 3 3 3 3 3 3 3 3 3 3 3 3 3 3 3 3 3 3 3 3 3 3 3 3 3 3 3 3 3 3 3 3 3 3 3 3 3 3 3 3 3 3 3 3 3 3 3 3 3 3 3 3 3 3 3 3 3 3 3 3 3 3 3 3 3 3 3 3 3 3 3 3 3 3 3 3 3 3 3 3 3 3 3 3 3 3 3 3 3 3 3 3 3 3 3 3 3 3 3 3 3 3 3 3 3 3 3 3 3 3 3 3 3 3 3 3 3 3 3 3 3 3 3 3 3 3 3 3 3 3 3 3 3 3 3 3 3 3 3 3 3 3 3 3 3 3 3 3 3 3 3 3 3 3 3 3 3 3 3 3 3 3 3 3 3 3 3 3 3 3 3 3 3 3 3 3 3 3 3 3 3 3 3 3 3 3 3 3 3 3 3 3 3 3 3 3 3 3 3 3 3 3 3 3 3 3 3 3 3 3 3 3 3 3 3 3 3 3 3 3 3 3 3 3 3 3 3 3 3 3 3 3 3 3 3 3 3 3 3 3 3 3 3 3 3 3 3 3 3 3 3 3 3 3 3 3 3 3 3 3 3 3 3 3 3 3 3 3 3 3 3 3 3 3 3 3 3 3 3 3 3 3 3 3 3 3 3 3 3 3 3 3 3 3 3 3 3 3 3 3 3 3 3 3 3 3 3 3 3 3 3 3 3 3 3 3 3 3</vcount>
                    <p>2 2 1 1 0 0 3 3 1 1 2 2 4 4 3 3 2 2 5 5 3 3 4 4 6 6 5 5 4 4 7 7 5 5 6 6 8 8 7 7 6 6 9 9 7 7 8 8 10 10 9 9 8 8 11 11 9 9 10 10 12 12 11 11 10 10 13 13 11 11 12 12 14 14 13 13 12 12 15 15 13 13 14 14 16 16 15 15 14 14 17 17 15 15 16 16 18 18 17 17 16 16 19 19 17 17 18 18 20 20 19 19 18 18 21 21 19 19 20 20 22 22 21 21 20 20 23 23 21 21 22 22 24 24 23 23 22 22 21 21 23 23 24 24 25 25 21 21 24 24 26 26 21 21 25 25 27 27 26 26 25 25 28 28 26 26 27 27 29 29 28 28 27 27 30 30 28 28 29 29 10 10 31 31 12 12 32 32 31 31 10 10 8 8 32 32 10 10 33 33 32 32 8 8 34 34 33 33 8 8 35 35 33 33 34 34 36 36 35 35 34 34 37 37 35 35 36 36 4 4 37 37 36 36 38 38 37 37 4 4 2 2 38 38 4 4 39 39 38 38 2 2 0 0 39 39 2 2 40 40 39 39 0 0 43 43 42 42 41 41 44 44 42 42 43 43 45 45 44 44 43 43 46 46 44 44 45 45 47 47 46 46 45 45 48 48 46 46 47 47 49 49 48 48 47 47 50 50 48 48 49 49 51 51 50 50 49 49 52 52 50 50 51 51 53 53 52 52 51 51 1 1 52 52 53 53 0 0 1 1 53 53 56 56 55 55 54 54 57 57 55 55 56 56 58 58 57 57 56 56 59 59 57 57 58 58 60 60 59 59 58 58 61 61 59 59 60 60 62 62 61 61 60 60 63 63 61 61 62 62 64 64 63 63 62 62 65 65 63 63 64 64 22 22 65 65 64 64 20 20 65 65 22 22 68 68 67 67 66 66 69 69 67 67 68 68 70 70 69 69 68 68 71 71 69 69 70 70 72 72 71 71 70 70 73 73 71 71 72 72 74 74 73 73 72 72 75 75 73 73 74 74 76 76 75 75 74 74 77 77 75 75 76 76 78 78 77 77 76 76 81 81 80 80 79 79 82 82 80 80 81 81 83 83 82 82 81 81 43 84 82 82 83 83 84 85 43 84 83 83 45 86 43 84 84 85 85 87 45 86 84 85 86 88 45 86 85 87 87 89 86 88 85 87 16 16 20 20 18 18 65 65 20 20 16 16 88 90 65 65 16 16 63 63 65 65 88 90 89 91 63 63 88 90 90 92 63 63 89 91 35 35 90 92 89 91 91 93 90 92 35 35 92 94 39 39 40 40 93 95 39 39 92 94 94 96 93 95 92 94 95 97 93 95 94 96 96 98 95 97 94 96 97 99 95 97 96 98 98 100 97 99 96 98 55 55 97 99 98 100 24 24 100 102 99 101 101 103 100 102 24 24 102 104 101 103 24 24 103 105 101 103 102 104 104 106 103 105 102 104 105 107 103 105 104 106 106 108 105 107 104 106 107 109 105 107 106 108 40 40 109 111 108 110 78 112 109 111 40 40 110 113 78 112 40 40 111 114 78 112 110 113 53 53 111 114 110 113 112 115 111 114 53 53 51 51 112 115 53 53 113 116 112 115 51 51 114 117 106 108 104 106 115 118 106 108 114 117 58 58 115 118 114 117 116 119 115 118 58 58 56 56 116 119 58 58 117 120 116 119 56 56 54 54 117 120 56 56 46 46 42 42 44 44 118 121 42 42 46 46 119 122 118 121 46 46 120 123 118 121 119 122 48 48 120 123 119 122 121 124 120 123 48 48 122 125 121 124 48 48 125 128 124 127 123 126 126 129 124 127 125 128 127 130 126 129 125 128 128 131 126 129 127 130 30 132 128 131 127 130 29 133 128 131 30 132 130 135 129 134 108 110 131 136 129 134 130 135 132 137 131 136 130 135 133 138 131 136 132 137 72 139 133 138 132 137 70 140 133 138 72 139 105 107 135 142 134 141 136 143 135 142 105 107 137 144 136 143 105 107 138 145 136 143 137 144 107 109 138 145 137 144 139 146 138 145 107 109 118 121 9 9 11 11 140 147 9 9 118 121 141 148 140 147 118 121 142 149 140 147 141 148 120 123 142 149 141 148 121 124 142 149 120 123 62 62 22 22 64 64 104 106 22 22 62 62 143 150 104 106 62 62 114 117 104 106 143 150 58 58 114 117 143 150 146 153 145 152 144 151 93 95 145 152 146 153 147 154 93 95 146 153 39 39 93 95 147 154 38 38 39 39 147 154 76 76 148 155 78 78 149 156 148 155 76 76 150 157 149 156 76 76 151 158 149 156 150 157 152 159 151 158 150 157 69 69 41 160 67 67 80 80 41 160 69 69 153 161 80 80 69 69 79 79 80 80 153 161 154 162 79 79 153 161 117 120 124 163 139 146 123 164 124 163 117 120 155 165 123 164 117 120 156 166 123 164 155 165 157 167 156 166 155 165 107 109 117 120 139 146 158 168 117 120 107 109 106 108 158 168 107 109 115 118 158 168 106 108 160 170 159 169 124 127 161 171 159 169 160 170 162 172 161 171 160 170 163 173 161 171 162 172 5 5 1 1 3 3 122 125 1 1 5 5 142 149 122 125 5 5 121 124 122 125 142 149 164 174 28 28 30 30 165 175 28 28 164 174 17 17 165 175 164 174 19 19 165 175 17 17 59 59 35 35 144 151 91 93 35 35 59 59 61 61 91 93 59 59 63 63 91 93 61 61 166 176 149 156 151 158 148 177 149 156 166 176 167 178 148 177 166 176 78 179 148 177 167 178 89 91 33 33 35 35 31 31 33 33 89 91 14 14 31 31 89 91 12 12 31 31 14 14 97 99 93 95 95 97 145 152 93 95 97 99 55 55 145 152 97 99 144 151 145 152 55 55 168 180 132 137 130 135 169 181 132 137 168 180 167 182 169 181 168 180 166 183 169 181 167 182 68 184 133 138 70 140 131 136 133 138 68 184 66 185 131 136 68 184 170 186 131 136 66 185 155 165 170 186 157 167 129 134 170 186 155 165 96 98 129 134 155 165 108 110 129 134 96 98 71 71 153 161 69 69 171 187 153 161 71 71 75 75 171 187 71 71 77 77 171 187 75 75 154 162 172 188 79 79 87 89 172 188 154 162 77 77 87 89 154 162 113 189 87 89 77 77 126 129 160 170 124 127 162 172 160 170 126 129 163 173 162 172 126 129 86 190 47 47 45 45 49 49 47 47 86 190 51 51 49 49 86 190 164 174 15 15 17 17 13 13 15 15 164 174 11 11 13 13 164 174 50 50 122 125 48 48 1 1 122 125 50 50 52 52 1 1 50 50 74 74 150 157 76 76 152 159 150 157 74 74 72 72 152 159 74 74 159 169 173 191 124 127 136 192 173 191 159 169 135 193 136 192 159 169 155 165 98 100 96 98 55 55 98 100 155 165 54 54 55 55 155 165 37 37 147 154 146 153 38 38 147 154 37 37 117 120 115 118 116 119 158 168 115 118 117 120 103 105 134 141 101 103 105 107 134 141 103 105 102 104 22 22 104 106 24 24 22 22 102 104 35 35 146 153 144 151 37 37 146 153 35 35 124 163 138 145 139 146 173 194 138 145 124 163 40 40 94 96 92 94 108 110 94 96 40 40 135 193 161 171 134 195 159 169 161 171 135 193 101 197 161 171 100 196 134 195 161 171 101 197 99 198 161 171 163 173 100 196 161 171 99 198 0 0 110 113 40 40 53 53 110 113 0 0 156 199 125 128 123 126 127 130 125 128 156 199 128 131 163 173 126 129 29 133 163 173 128 131 27 200 163 173 29 133 99 198 163 173 27 200 111 114 77 201 78 112 112 115 77 201 111 114 109 111 130 135 108 110 78 112 130 135 109 111 130 203 167 178 168 202 78 179 167 178 130 203 154 162 171 187 77 77 153 161 171 187 154 162 151 204 169 181 166 183 152 205 169 181 151 204 169 181 72 139 132 137 152 205 72 139 169 181 174 206 87 89 113 189 86 88 87 89 174 206 57 57 144 151 55 55 59 59 144 151 57 57 60 60 143 150 62 62 58 58 143 150 60 60 83 83 79 79 172 188 81 81 79 79 83 83 41 160 82 82 43 84 80 80 82 82 41 160 85 87 172 188 87 89 84 85 172 188 85 87 165 175 26 26 28 28 19 19 26 26 165 175 140 147 7 7 9 9 142 149 7 7 140 147 174 207 51 51 86 190 113 116 51 51 174 207 6 6 34 34 8 8 4 4 34 34 6 6 88 90 14 14 89 91 16 16 14 14 88 90 25 25 99 101 27 27 24 24 99 101 25 25 120 123 141 148 118 121 84 85 83 83 172 188 77 201 112 115 113 116 71 71 73 73 75 75 136 143 138 145 173 194 105 107 107 109 137 144 5 5 7 7 142 149 119 122 46 46 48 48 31 31 32 32 33 33 21 21 26 26 19 19 4 4 36 36 34 34 117 120 54 54 155 165 94 96 108 110 96 98 170 186 129 134 131 136 63 63 90 92 91 93</p>
                </polylist>
            </mesh>
        </geometry>
        <geometry id="mesh3">
            <mesh>
                <source id="points3">
                    <float_array id="pointarray3" count="525">-240.5426240688784 237.03326023908676 34.896185651983636 -278.7303863844418 246.04848874769345 41.86401108182656 -260.9328459075053 254.61193467640152 22.7400539125186 -291.32405485893577 251.53296526184022 39.316951563664475 -295.0894082987218 255.54895938743215 31.488885298386837 -298.8085415762029 238.72027402018705 43.05044640849338 -303.151927417595 240.76763780336395 32.70664022494782 -301.66783203859484 220.2984677779543 41.51821166993008 -305.65187422793406 221.4864129543098 32.09625205434113 -306.18311583972854 199.04887390961568 32.892032517691824 -303.2140245852749 221.20563810118307 22.268200190936902 -303.66708597830296 199.6275505880908 21.47027463153091 -299.30760969259376 200.83082203638367 18.564237199767103 -298.37015398064875 193.6276229206345 20.142050185599732 -290.44822411783053 200.4714749958482 18.283284737800816 -284.19829064307794 188.53386911626288 20.70480950341452 -273.3075535782803 192.98717295556273 17.34603492818684 -274.19853309461695 192.17419134865688 27.36158931571583 -259.3076078163373 191.86212017636794 18.924603400666356 -253.58927970925654 192.18968597755017 30.78419729229755 -258.68253587310875 201.50286453924568 16.456337785187557 -287.9465122209634 223.98946586514052 -30.98112400561361 -295.11833544292364 242.56768998730692 -33.29298817133714 -291.50905058553724 244.0519525304116 -30.82403877632568 -286.63408863262225 253.3956797734075 -30.182792630721302 -295.29033465545984 243.16127341268793 -29.824215819535297 -288.6966864358931 258.2080550488183 -27.65138520143299 -301.3375526697151 245.16080510043446 -20.261834796307326 -291.3844980463229 260.69201067102273 -18.99511159976795 -291.1035589485408 259.3478386577573 -10.182666042654342 -266.9472113882591 263.16051819933404 -13.103500014012097 -291.9474501568687 255.73826378023512 -6.042244062249701 -291.6663309420939 259.3318456953469 -2.526436790499562 -299.85372758031707 242.3006842101784 -4.652544164793386 -304.36972562431055 244.33142795021084 5.753642759079895 -308.3384533809438 221.90952701547621 6.158676840734868 -305.9169028123755 220.6903405221211 15.346204444307649 -261.3233774767466 185.61190790013964 23.283607152615694 -277.6202830788146 187.01809306768016 24.079970553096103 -267.9951737685767 181.95574513070767 21.236319828498537 -280.54226806719623 181.9710537477844 27.40774978675524 -268.2296225890511 172.78374990741858 23.735871794509787 -274.3706877744044 175.81440260109648 35.98579892052446 -263.94864878967144 172.28338311842654 31.532874919661374 -273.355357538489 179.87651548960827 44.09540474783027 -256.4335193787739 179.31399220322535 45.15847899938319 -266.62127698848195 190.53240269607895 51.893029864347625 -256.9963282442109 201.5011234662029 52.83139767587243 -277.49609026795343 190.07951086511702 46.658246771197696 -267.7305343636773 203.47008813552924 47.987360683715934 -279.21461186516717 191.97044541594346 40.14265135418853 -292.4786112000394 220.01955415203054 -6.903350302993257 -296.9785790731294 198.00391658108188 -6.795190619926652 -305.806600162133 222.72284688556232 -10.856819244317881 -304.9784279177705 201.64474049149612 -11.2171753126299 -305.08742327449687 200.33274968054363 -21.842242101352376 -301.69713974254717 195.61353406232112 -12.014222871087066 -302.290524214642 194.78589948173163 -22.26428364882952 -285.11899394428576 192.3948321278515 -12.451288171418081 -287.04050174299925 191.22344687569606 -22.732662615735638 -274.44675986361085 189.39532747406923 -22.419802811892126 -282.4933444216599 194.42696731863623 -30.82609749595826 -272.55581327175304 192.34889601186325 -31.607094049549964 -280.74329723601915 200.53642232503586 -32.43511743183826 -304.8537254009802 221.28500761863253 -3.7474793074262056 -305.40053611523047 198.61316845547918 -4.51421063244343 -299.68180443401417 193.51939185025913 -3.7642516473211654 -309.26031311630976 197.64386757809748 6.844980784853695 -303.119673240408 191.94076010884854 6.688675546832881 -300.3543350631327 193.86225685178977 14.673240928182368 -284.93245296508604 188.1591540607405 14.73601544470941 -306.49501586618226 199.47155889011333 15.985791669742062 -297.1505499784608 242.7226355370093 -6.152427897573359 -300.93170110972017 242.69151269275704 -8.93381373536021 -306.556234946629 224.8014680388678 -21.23174624678539 -298.93092771380765 223.97376823521046 -29.840890022234802 -291.74329672373204 202.9426603412983 -32.56039289594733 -301.2459363443654 201.876580754317 41.78296850819614 -296.464667932296 196.04847555846135 41.532858980365056 -299.6987765628257 192.37694659075996 34.20444304804124 -283.089349933519 186.93953141423688 33.00164749182973 -255.25864765251603 250.20881906082977 -42.44745569144703 -262.66529450494255 256.614535600635 -31.572411731071206 -283.9929228750965 253.36516368035626 -45.401450282595974 -285.7119685956942 254.95851536224833 -37.151434958167414 -295.1805449646287 243.1618331452104 -41.496086912754954 -299.2588987277572 223.50522444238067 -34.15342414457339 -276.04101573486446 197.28528468847537 -8.544481182288752 -273.7752427033682 190.61359841788234 -12.404095531339731 -259.1658749666365 196.06674952988516 -12.450190048137529 -256.3999132131154 195.5203322355734 -21.90324298834739 -254.72812970252278 209.70774281565474 -19.980628438533536 -257.9152460642669 197.13010251237458 -30.20009466853447 -238.21203861678262 209.50527326975515 -33.08942636692474 -222.74330697340682 213.25528206119765 -32.744946999868326 -238.66466671701193 223.05284789237933 -47.69816799887876 -231.5084934850504 235.36528316627232 -46.10357348134364 -257.3832353698536 225.20931674393887 -52.90185467965912 -257.2114478655795 234.2404688864746 -50.8545406159411 -276.47698586340914 228.9124180320159 -53.05860553521238 -277.24266665332453 244.69362631318972 -52.21412618094077 -290.07084196837457 240.16227745474032 -50.58979918569195 -276.24498474856347 188.58100130743682 15.61134432746721 -260.0261974879545 194.64359147196348 14.284086206295857 -275.588372151803 185.47210978310036 5.548718597032363 -256.8539785191494 191.72217933858673 4.737183841770079 -259.43185633611216 193.33188720480055 -2.2940805903936488 -255.33840800839405 204.33151110739516 5.690967186100643 -256.7912689388938 204.44124028930335 -1.7465791854869037 -259.8379301378307 204.73839945075736 -7.777923195357872 -274.7911623096154 187.1131915166256 -3.951174421715754 -284.494287868643 188.8163036564613 -4.01393751708766 -286.979021694413 186.56581045827605 6.188991331348275 -220.4643342045645 210.22095637352948 31.48936361763312 -234.32415586172021 204.31406800080902 44.33233803556615 -229.16769514493916 224.14252949487303 37.4897218110991 -242.589894693833 216.89205363724585 46.95764735927301 -262.10540225863423 222.48594253065033 43.3947221580433 -267.9179577170208 230.93900184345614 44.56679588807008 -270.40217356415053 225.95482653633226 40.316468675492736 -277.68345442328354 228.532903680861 41.06633357359623 -264.44791005484694 261.6439512130619 6.630891114224008 -293.02655859338597 255.90881041897103 21.629600823357922 -292.8857962845352 254.09649192529136 17.848268934591914 -301.38588781871505 241.50257673941678 21.00361318309509 -297.82331144432584 243.00268892631686 18.785061670089817 -289.088912606008 219.9401844977316 19.1748913712737 -254.8993502559192 216.5367656595152 -38.71468216942697 -256.3209722362524 206.77145819951264 -45.38707584250463 -254.97747439925058 206.84924531817114 -38.29327436750073 -258.695926941535 203.1777575068314 -46.49670750769954 -258.0399528474086 203.17738629231053 -38.731059205518974 -275.32113034552555 198.56807070177348 -40.56001916521086 -262.30587290772274 207.0832398026052 -30.606023507243414 -277.2120503390887 200.3957986006958 -32.34124871129293 -300.3211157425925 225.28685847428204 -42.200251486320575 -295.36769557497314 224.7091385741832 -50.48135320673207 -298.36797120491553 204.17746646505122 -41.77931908386224 -292.8207424795872 206.49045792554193 -51.841511128253636 -290.86761970399385 201.74044763910223 -51.560419452281565 -256.41534112996504 209.77062957365126 -28.105685383243344 -259.52472273016707 211.770619996361 -28.01194997627568 -250.44936086450113 195.2512450327639 50.51883065805935 -263.7305131633827 212.90764409898378 46.95670523869184 -268.23013391722344 201.65812365333665 36.79975604727259 -295.16484101592863 199.64621870775676 -41.71692250912182 -297.2120126466566 206.20832958567496 -33.66980563899371 -296.66523120718006 198.58318741602565 -30.68577675905138 -298.8996004330553 202.52070024012212 -31.029417378975737 -295.4635165848586 260.20642225952906 6.1765952420173384 -301.10444799308164 241.86220912888317 15.644265413753736 -281.7586174894056 198.17745166312906 -40.904016610189366 -258.3547638002521 176.29920826609097 27.548891178192985 -249.3706829504934 183.3769666623985 35.50267469865503 -247.6835581183535 189.07960077731448 45.79988304526156 -240.07371524088506 189.14274467496287 32.62828141961699 -287.0585363088343 233.7984144794896 43.128752919744926 -280.2771273414217 214.32984711872624 39.54993552055548 -288.636594827725 217.2515901037691 42.01852859020902 -270.47999609311285 204.28331173532848 32.799801957077264 -285.26154100896713 206.40789432026634 41.002503650329615 -218.16680125597978 198.95619806583778 13.488905178312505 -247.91686983309992 193.37791959254906 15.675080765203152 -267.78983596831955 218.2713113562212 -42.71505700882513 -275.38358628864376 218.13067319946344 -42.699708549951076 -240.33781601937002 201.14482738529244 -10.824277656914528 -278.0238833719723 200.9279484013198 -51.13812707698281 -266.50835591953876 201.50596187884156 -48.41894022595478 -276.50822563310174 216.20927876327707 -52.76234063758672 -264.7583268552355 216.31853663175235 -49.91816793164963 -280.9957362014502 184.72059607274412 36.93911550645125 -254.07358283978786 185.92414333986116 29.049504710041692 -292.7294010762263 258.31544742038 13.567226741763232 -223.6505166987906 201.64458498686787 -5.198660804065644 -256.96280105300286 207.61358467046458 -11.543308213995296</float_array>
                    <technique_common>
                        <accessor count="175" source="#pointarray3" stride="3">
                            <param name="X" type="float"/>
                            <param name="Y" type="float"/>
                            <param name="Z" type="float"/>
                        </accessor>
                    </technique_common>
                </source>
                <source id="uvs3">
                    <float_array id="uvarray3" count="416">0.23297119140625 0.3804931640625 0.253173828125 0.30706787109375 0.21240234375 0.33746337890625 0.24652099609375 0.2783203125 0.232177734375 0.27349853515625 0.249755859375 0.24761962890625 0.232177734375 0.24761962890625 0.249755859375 0.216064453125 0.23162841796875 0.2178955078125 0.232177734375 0.18585205078125 0.20977783203125 0.216064453125 0.20977783203125 0.18585205078125 0.19775390625 0.18585205078125 0.20977783203125 0.17230224609375 0.19775390625 0.1705322265625 0.20977783203125 0.13360595703125 0.19775390625 0.12890625 0.23199462890625 0.126220703125 0.208251953125 0.111083984375 0.2498779296875 0.105712890625 0.19586181640625 0.102783203125 0.07000732421875 0.216064453125 0.061279296875 0.25006103515625 0.07000732421875 0.25933837890625 0.07000732421875 0.2783203125 0.08172607421875 0.25006103515625 0.08172607421875 0.27996826171875 0.09930419921875 0.251708984375 0.09930419921875 0.27618408203125 0.11962890625 0.2783203125 0.12445068359375 0.32611083984375 0.132568359375 0.2783203125 0.14599609375 0.2783203125 0.14599609375 0.24761962890625 0.165771484375 0.24761962890625 0.165771484375 0.21734619140625 0.183349609375 0.216064453125 0.52679443359375 0.02459716796875 0.55072021484375 0.05218505859375 0.5216064453125 0.04376220703125 0.54541015625 0.0701904296875 0.51361083984375 0.06121826171875 0.52630615234375 0.0902099609375 0.50982666015625 0.0828857421875 0.51275634765625 0.12103271484375 0.491455078125 0.117431640625 0.50640869140625 0.13372802734375 0.49481201171875 0.15838623046875 0.52783203125 0.1365966796875 0.51605224609375 0.16668701171875 0.54473876953125 0.1376953125 0.13238525390625 0.2152099609375 0.1329345703125 0.17724609375 0.11962890625 0.21636962890625 0.11962890625 0.18829345703125 0.09930419921875 0.18829345703125 0.11962890625 0.17364501953125 0.09930419921875 0.1734619140625 0.11962890625 0.14056396484375 0.09930419921875 0.14385986328125 0.09930419921875 0.1279296875 0.08172607421875 0.1376953125 0.08172607421875 0.1280517578125 0.06817626953125 0.14910888671875 0.14599609375 0.216064453125 0.14599609375 0.18585205078125 0.14599609375 0.1717529296875 0.165771484375 0.18585205078125 0.165771484375 0.1737060546875 0.183349609375 0.17333984375 0.183349609375 0.1435546875 0.183349609375 0.18585205078125 0.132568359375 0.24420166015625 0.11962890625 0.25006103515625 0.09930419921875 0.2176513671875 0.08172607421875 0.21636962890625 0.0684814453125 0.18194580078125 0.249755859375 0.18585205078125 0.249755859375 0.1717529296875 0.232177734375 0.1710205078125 0.249755859375 0.13604736328125 0.232177734375 0.13818359375 0.03082275390625 0.3310546875 0.07611083984375 0.32672119140625 0.0306396484375 0.2783203125 0.0614013671875 0.2783203125 0.043701171875 0.25006103515625 0.061279296875 0.22039794921875 0.1329345703125 0.1307373046875 0.11962890625 0.1279296875 0.11962890625 0.11187744140625 0.09930419921875 0.11029052734375 0.093017578125 0.0936279296875 0.0816650390625 0.1121826171875 0.455810546875 0.01129150390625 0.51361083984375 0.01068115234375 0.45916748046875 0.04705810546875 0.5001220703125 0.04010009765625 0.4205322265625 0.06298828125 0.43536376953125 0.08599853515625 0.37677001953125 0.08673095703125 0.38995361328125 0.13751220703125 0.3570556640625 0.1365966796875 0.183349609375 0.120849609375 0.183349609375 0.1070556640625 0.165771484375 0.11871337890625 0.165771484375 0.10198974609375 0.14599609375 0.1046142578125 0.165771484375 0.0885009765625 0.14599609375 0.09283447265625 0.1329345703125 0.1016845703125 0.14599609375 0.120849609375 0.14599609375 0.140869140625 0.165771484375 0.1453857421875 0.42742919921875 0.201416015625 0.4595947265625 0.1790771484375 0.4412841796875 0.224609375 0.4774169921875 0.205078125 0.46539306640625 0.2362060546875 0.51422119140625 0.21954345703125 0.53143310546875 0.23785400390625 0.5321044921875 0.222412109375 0.55682373046875 0.227783203125 0.17730712890625 0.32672119140625 0.20654296875 0.2783203125 0.19573974609375 0.2783203125 0.20977783203125 0.24761962890625 0.198974609375 0.243408203125 0.19805908203125 0.217041015625 0.02313232421875 0.0936279296875 0.02313232421875 0.1104736328125 0.043701171875 0.1104736328125 0.02313232421875 0.1251220703125 0.043701171875 0.1190185546875 0.043701171875 0.13494873046875 0.068603515625 0.10845947265625 0.06829833984375 0.13311767578125 0.02313232421875 0.25006103515625 0.043701171875 0.2200927734375 0.02313232421875 0.2198486328125 0.043701171875 0.19073486328125 0.02313232421875 0.19073486328125 0.02313232421875 0.18096923828125 0.08172607421875 0.0980224609375 0.07025146484375 0.09637451171875 0.4786376953125 0.1505126953125 0.51318359375 0.18707275390625 0.5294189453125 0.16326904296875 0.043701171875 0.1748046875 0.061279296875 0.19073486328125 0.08172607421875 0.17364501953125 0.08172607421875 0.18829345703125 0.165771484375 0.27459716796875 0.183349609375 0.24761962890625 0.043701171875 0.15087890625 0.26812744140625 0.1688232421875 0.29107666015625 0.1524658203125 0.2823486328125 0.13653564453125 0.334716796875 0.131103515625 0.29229736328125 0.112060546875 0.285400390625 0.08935546875 0.2552490234375 0.065673828125 0.5599365234375 0.27227783203125 0.57989501953125 0.23193359375 0.557861328125 0.1934814453125 0.58160400390625 0.19879150390625 0.53057861328125 0.172607421875 0.57110595703125 0.1695556640625 0.60589599609375 0.20538330078125 0.60333251953125 0.2520751953125 0.250732421875 0.006591796875 0.19769287109375 0.01995849609375 0.1968994140625 0.07977294921875 0.28887939453125 0.0455322265625 0.30804443359375 0.08319091796875 0.416748046875 0.0364990234375 0.38714599609375 0.050537109375 0.381591796875 0.05743408203125 0.13092041015625 0.06573486328125 0.35736083984375 0.02081298828125 0.374267578125 0.01556396484375 0.36541748046875 0.0509033203125 0.3865966796875 0.04205322265625 0.3387451171875 0.0911865234375 0.54022216796875 0.098388671875 0.553955078125 0.12274169921875 0.2647705078125 0.1280517578125 0.27679443359375 0.11444091796875 0.02313232421875 0.1507568359375 0.02325439453125 0.13494873046875 0.324462890625 0.04205322265625 0.3292236328125 0.0301513671875 0.183349609375 0.2783203125 0.53125 0.009765625 0.56011962890625 0.0133056640625 0.55517578125 0.0308837890625 0.12939453125 0.024658203125 0.0687255859375 0.01788330078125 0.56097412109375 0.09161376953125 0.59307861328125 0.14849853515625 0.60662841796875 0.16552734375 0.11962890625 0.09417724609375 0.25823974609375 0.149658203125 0.06829833984375 0.06195068359375 0.45355224609375 0.14447021484375 0.3988037109375 0.0172119140625 0.38970947265625 0.0146484375 0.009033203125 0.2890625</float_array>
                    <technique_common>
                        <accessor count="208" source="#uvarray3" stride="2">
                            <param name="S" type="float"/>
                            <param name="T" type="float"/>
                        </accessor>
                    </technique_common>
                </source>
                <vertices id="vertices3">
                    <input semantic="POSITION" source="#points3"/>
                </vertices>
                <polylist count="336" material="Material1">
                    <input offset="0" semantic="VERTEX" source="#vertices3"/>
                    <input offset="1" semantic="TEXCOORD" source="#uvs3" set="0"/>
                    <vcount>3 3 3 3 3 3 3 3 3 3 3 3 3 3 3 3 3 3 3 3 3 3 3 3 3 3 3 3 3 3 3 3 3 3 3 3 3 3 3 3 3 3 3 3 3 3 3 3 3 3 3 3 3 3 3 3 3 3 3 3 3 3 3 3 3 3 3 3 3 3 3 3 3 3 3 3 3 3 3 3 3 3 3 3 3 3 3 3 3 3 3 3 3 3 3 3 3 3 3 3 3 3 3 3 3 3 3 3 3 3 3 3 3 3 3 3 3 3 3 3 3 3 3 3 3 3 3 3 3 3 3 3 3 3 3 3 3 3 3 3 3 3 3 3 3 3 3 3 3 3 3 3 3 3 3 3 3 3 3 3 3 3 3 3 3 3 3 3 3 3 3 3 3 3 3 3 3 3 3 3 3 3 3 3 3 3 3 3 3 3 3 3 3 3 3 3 3 3 3 3 3 3 3 3 3 3 3 3 3 3 3 3 3 3 3 3 3 3 3 3 3 3 3 3 3 3 3 3 3 3 3 3 3 3 3 3 3 3 3 3 3 3 3 3 3 3 3 3 3 3 3 3 3 3 3 3 3 3 3 3 3 3 3 3 3 3 3 3 3 3 3 3 3 3 3 3 3 3 3 3 3 3 3 3 3 3 3 3 3 3 3 3 3 3 3 3 3 3 3 3 3 3 3 3 3 3 3 3 3 3 3 3 3 3 3 3 3 3 3 3 3 3 3 3 3 3 3 3 3 3 3 3 3 3 3 3</vcount>
                    <p>2 2 1 1 0 0 3 3 1 1 2 2 4 4 3 3 2 2 5 5 3 3 4 4 6 6 5 5 4 4 7 7 5 5 6 6 8 8 7 7 6 6 9 9 7 7 8 8 10 10 9 9 8 8 11 11 9 9 10 10 12 12 11 11 10 10 13 13 11 11 12 12 14 14 13 13 12 12 15 15 13 13 14 14 16 16 15 15 14 14 17 17 15 15 16 16 18 18 17 17 16 16 19 19 17 17 18 18 20 20 19 19 18 18 23 23 22 22 21 21 24 24 22 22 23 23 25 25 24 24 23 23 26 26 24 24 25 25 27 27 26 26 25 25 28 28 26 26 27 27 29 29 28 28 27 27 30 30 28 28 29 29 31 31 30 30 29 29 32 32 30 30 31 31 33 33 32 32 31 31 34 34 32 32 33 33 35 35 34 34 33 33 36 36 34 34 35 35 39 39 38 38 37 37 40 40 38 38 39 39 41 41 40 40 39 39 42 42 40 40 41 41 43 43 42 42 41 41 44 44 42 42 43 43 45 45 44 44 43 43 46 46 44 44 45 45 47 47 46 46 45 45 48 48 46 46 47 47 49 49 48 48 47 47 50 50 48 48 49 49 53 53 52 52 51 51 54 54 52 52 53 53 55 55 54 54 53 53 56 56 54 54 55 55 57 57 56 56 55 55 58 58 56 56 57 57 59 59 58 58 57 57 60 60 58 58 59 59 61 61 60 60 59 59 62 62 60 60 61 61 63 63 62 62 61 61 52 52 64 64 51 51 65 65 64 64 52 52 66 66 65 65 52 52 67 67 65 65 66 66 68 68 67 67 66 66 69 69 67 67 68 68 70 70 69 69 68 68 14 14 69 69 70 70 16 16 14 14 70 70 12 12 69 69 14 14 71 71 69 69 12 12 36 36 71 71 12 12 67 67 71 71 36 36 35 35 67 67 36 36 64 64 67 67 35 35 33 33 64 64 35 35 51 51 64 64 33 33 72 72 51 51 33 33 73 73 51 51 72 72 53 53 51 51 73 73 27 27 53 53 73 73 74 74 53 53 27 27 25 25 74 74 27 27 75 75 74 74 25 25 21 21 75 75 25 25 76 76 75 75 21 21 9 9 77 77 7 7 78 78 77 77 9 9 79 79 78 78 9 9 50 80 78 78 79 79 80 81 50 80 79 79 17 17 50 80 80 81 15 15 17 17 80 81 83 84 82 83 81 82 84 85 82 83 83 84 85 86 84 85 83 84 22 22 84 85 85 86 86 87 22 22 85 86 21 21 22 22 86 87 76 76 21 21 86 87 58 58 87 88 52 52 88 89 87 88 58 58 60 60 88 89 58 58 89 90 88 89 60 60 90 91 89 90 60 60 91 92 89 90 90 91 92 93 91 92 90 91 95 96 94 95 93 94 96 97 94 95 95 96 97 98 96 97 95 96 98 99 96 97 97 98 99 100 98 99 97 98 100 101 98 99 99 100 101 102 100 101 99 100 102 103 16 16 70 70 103 104 16 16 102 103 104 105 103 104 102 103 105 106 103 104 104 105 106 107 105 106 104 105 107 108 105 106 106 107 108 109 107 108 106 107 106 107 109 110 108 109 110 111 109 110 106 107 104 105 110 111 106 107 111 112 110 111 104 105 112 113 111 112 104 105 66 66 111 112 112 113 68 68 66 66 112 113 115 116 114 115 113 114 116 117 114 115 115 116 0 118 116 117 115 116 117 119 116 117 0 118 118 120 117 119 0 118 119 121 117 119 118 120 120 122 119 121 118 120 121 123 4 4 2 2 122 124 4 4 121 123 123 125 122 124 121 123 124 126 122 124 123 125 125 127 124 126 123 125 126 128 124 126 125 127 129 131 128 130 127 129 130 132 128 130 129 131 131 133 130 132 129 131 132 134 130 132 131 133 133 135 132 134 131 133 134 136 132 134 133 135 101 137 85 86 83 84 135 138 85 86 101 137 136 139 135 138 101 137 137 140 135 138 136 139 138 141 137 140 136 139 139 142 137 140 138 141 134 136 62 62 63 63 92 93 62 62 134 136 140 143 92 93 134 136 91 92 92 93 140 143 133 135 91 92 140 143 141 144 91 92 133 135 116 117 142 145 114 115 47 47 142 145 116 117 143 146 47 47 116 117 49 49 47 47 143 146 144 147 49 49 143 146 50 50 49 49 144 147 76 76 145 148 63 63 137 140 145 148 76 76 146 149 137 140 76 76 86 87 137 140 146 149 76 76 86 87 146 149 147 150 63 63 61 61 76 76 63 63 147 150 148 151 76 76 147 150 75 75 76 76 148 151 55 55 75 75 148 151 32 32 121 123 30 30 149 152 121 123 32 32 34 34 149 152 32 32 150 153 149 152 34 34 36 36 150 153 34 34 63 63 132 134 134 136 151 154 132 134 63 63 145 148 151 154 63 63 139 142 151 154 145 148 137 140 139 142 145 148 152 157 43 156 41 155 45 158 43 156 152 157 153 159 45 158 152 157 154 160 45 158 153 159 155 161 154 160 153 159 1 162 118 120 0 118 120 122 118 120 1 162 156 163 120 122 1 162 157 164 120 122 156 163 158 165 157 164 156 163 157 164 144 147 159 166 160 167 144 147 157 164 158 165 160 167 157 164 7 168 160 167 158 165 5 169 7 168 158 165 155 161 161 171 113 170 162 172 161 171 155 161 19 19 162 172 155 161 20 20 162 172 19 19 114 173 155 161 113 170 154 160 155 161 114 173 142 174 154 160 114 173 45 158 154 160 142 174 127 175 95 96 93 94 97 98 95 96 127 175 163 176 97 98 127 175 164 177 97 98 163 176 107 108 162 172 20 20 165 178 162 172 107 108 108 109 165 178 107 108 109 110 165 178 108 109 168 181 167 180 166 179 169 182 167 180 168 181 163 176 169 182 168 181 127 175 169 182 163 176 99 100 136 183 101 102 168 181 136 183 99 100 164 177 168 181 99 100 163 176 168 181 164 177 24 24 84 85 22 22 82 83 84 85 24 24 26 26 82 83 24 24 28 28 82 83 26 26 31 31 72 72 33 33 73 73 72 72 31 31 29 29 73 73 31 31 27 27 73 73 29 29 48 48 44 44 46 46 170 184 44 44 48 48 50 50 170 184 48 48 17 185 170 184 50 50 126 128 36 36 12 12 150 153 36 36 126 128 125 127 150 153 126 128 123 125 150 153 125 127 171 187 152 157 37 186 153 159 152 157 171 187 19 19 153 159 171 187 155 161 153 159 19 19 166 188 151 154 139 142 132 134 151 154 166 188 167 189 132 134 166 188 130 132 132 134 167 189 168 181 138 190 136 183 139 191 138 190 168 181 166 179 139 191 168 181 172 192 149 152 150 153 121 123 149 152 172 192 123 125 121 123 172 192 103 104 20 20 16 16 107 108 20 20 103 104 105 106 107 108 103 104 70 70 104 105 102 103 112 113 104 105 70 70 68 68 112 113 70 70 37 37 19 194 171 193 17 195 19 194 37 37 38 38 17 195 37 37 165 178 161 171 162 172 173 196 161 171 165 178 94 197 173 196 165 178 143 146 159 166 144 147 117 119 159 166 143 146 116 117 117 119 143 146 170 184 42 42 44 44 40 40 42 42 170 184 38 198 40 40 170 184 124 126 4 4 122 124 6 6 4 4 124 126 8 8 6 6 124 126 160 167 50 50 144 147 78 199 50 50 160 167 77 200 78 199 160 167 13 13 9 9 11 11 79 79 9 9 13 13 80 81 79 79 13 13 88 89 109 110 87 88 89 90 109 110 88 89 89 90 174 201 109 110 91 92 174 201 89 90 74 74 55 55 53 53 75 75 55 55 74 74 92 93 60 60 62 62 90 91 60 60 92 93 39 202 152 157 41 155 37 186 152 157 39 202 141 144 129 131 127 129 133 135 129 131 141 144 156 163 5 169 158 165 1 162 5 169 156 163 59 59 147 150 61 61 57 57 147 150 59 59 147 150 55 55 148 151 57 57 55 55 147 150 119 121 159 166 117 119 120 122 159 166 119 121 127 129 91 92 141 144 93 203 91 92 127 129 110 111 87 88 109 110 111 112 87 88 110 111 52 52 111 112 66 66 87 88 111 112 52 52 98 99 81 204 96 97 100 101 81 204 98 99 56 56 52 52 54 54 58 58 52 52 56 56 165 178 93 203 94 197 91 92 93 203 165 178 174 201 165 178 109 110 91 92 165 178 174 201 135 138 86 87 85 86 137 140 86 87 135 138 128 205 169 182 127 175 130 206 169 182 128 205 100 207 83 84 81 82 101 137 83 84 100 207 124 126 10 10 8 8 126 128 10 10 124 126 130 206 167 180 169 182 164 177 99 100 97 98 80 81 13 13 15 15 12 12 10 10 126 128 123 125 172 192 150 153 133 135 131 133 129 131 160 167 7 168 77 200 20 20 18 18 16 16 1 1 3 3 5 5 47 47 45 45 142 145 17 185 38 198 170 184 134 136 133 135 140 143 82 83 28 28 30 30 120 122 157 164 159 166 67 67 69 69 71 71 21 21 25 25 23 23 67 67 64 64 65 65</p>
                </polylist>
            </mesh>
        </geometry>
    </library_geometries>
    <library_controllers>
        <controller id="controller0">
            <skin source="#mesh0">
                <bind_shape_matrix>1 0 0 0 0 1 0 0 0 0 1 0 0 0 0 1</bind_shape_matrix>
                <source id="joints0">
                    <Name_array id="JointArr0" count="35">jointnode-1 jointnode0 jointnode1 jointnode2 jointnode3 jointnode4 jointnode5 jointnode6 jointnode7 jointnode8 jointnode9 jointnode10 jointnode11 jointnode12 jointnode13 jointnode14 jointnode15 jointnode16 jointnode17 jointnode18 jointnode19 jointnode20 jointnode21 jointnode22 jointnode23 jointnode24 jointnode25 jointnode26 jointnode27 jointnode28 jointnode29 jointnode30 jointnode31 jointnode32 jointnode33</Name_array>
                    <technique_common>
                        <accessor source="#JointArr0" count="35">
                            <param name="JOINT" type="Name" />
                        </accessor>
                    </technique_common>
                </source>
                <source id="matrices0">
                    <float_array id="MatArr0" count="560">1 0 0 0 0 1 0 0 0 0 1 0 0 0 0 1 1 0 0 0 0 1 0 0 0 0 1 0 0 0 0 1 1 0 0 0 0 1 0 -125.14652252197266 0 0 1 0 0 0 0 1 1 0 0 0 0 1 0 0 0 0 1 -100 0 0 0 1 1 0 0 -100 0 1 0 0 0 0 1 0 0 0 0 1 1 0 0 100 0 1 0 0 0 0 1 0 0 0 0 1 1 0 0 0 0 1 0 -93 0 0 1 0 0 0 0 1 0.00004793836256601856 -0.9999999988509567 -4.386559881474326e-18 137.49999984200656 0.00004793836251091911 2.2980866055094973e-9 -0.9999999988509567 2.499999681140483 0.9999999977019134 0.00004793836251091911 0.00004793836256601856 -0.006711370751666425 0 0 0 1 0.00004782332063778632 -0.9999971262495844 0.0023969158313184714 124.99964171829647 -0.0000480531290230205 0.0023969135332384717 0.9999971262440761 -0.29961511597924 -0.9999999977019134 -0.00004793836251091881 -0.00004793836256589609 37.00671137075166 0 0 0 1 0.00004782332063778632 -0.9999971262495844 0.0023969158313184714 67.49964171829649 -0.0000480531290230205 0.0023969135332384717 0.9999971262440761 -1.4008841227083664 -0.9999999977019134 -0.00004793836251091881 -0.00004793836256589609 37.00671137075167 0 0 0 1 0.00004793836256601826 -0.9999999988509566 -4.826125313346229e-18 22.49968605221886 -0.000047938362510796644 -2.298086605503612e-9 0.9999999988509567 0.008468729012002334 -0.9999999977019135 -0.00004793836251091881 -0.000047938362565896096 37.00671137075167 0 0 0 1 -0.00004793606436910788 -0.00004794066059752197 0.9999999977019134 -39.991171702366906 -0.00004794066059753787 0.9999999977018031 0.00004793836251092393 -7.501603172127032 -0.9999999977019135 -0.00004793836251091881 -0.0000479383625658961 35.13171232442598 0 0 0 1 0.000047818713241344304 -0.999996891845205 0.0024927922697969397 124.99961051507236 -0.00004805771394552241 0.002492789971717479 0.9999968918394764 -0.31159775878161794 -0.9999999977019135 -0.00004793836251091882 -0.00004793836256589611 -36.993288629248326 0 0 0 1 0.000047823320637786314 -0.9999971262495845 0.002396915831318472 67.4996982663124 -0.00004805312902302051 0.0023969135332384717 0.9999971262440762 -1.3894651377945462 -0.9999999977019134 -0.000047938362510918806 -0.0000479383625658961 -36.99328762924834 0 0 0 1 0.00004793836256601825 -0.9999999988509567 -4.392444444352028e-18 22.499672397940877 -0.00004793836251079665 -2.2980866059372924e-9 0.9999999988509568 0.00751876100357246 -0.9999999977019135 -0.000047938362510918806 -0.00004793836256589611 -36.99328662924834 0 0 0 1 -0.000047936064369107886 -0.00004794066059752241 0.9999999977019135 -39.9921216710288 -0.000047940660597537865 0.9999999977018033 0.0000479383625109235 -7.501589563388977 -0.9999999977019135 -0.000047938362510918806 -0.000047938362565896116 -35.11828758292266 0 0 0 1 -0.000058713617795048536 0.965915484345868 0.25885763201729006 -170.51237327745616 -0.00003389519569432086 -0.2588576342370475 0.9659154849407453 37.651065971063886 0.9999999977019135 0.00004793836251091912 0.000047938362566018563 -0.006710370751668949 0 0 0 1 -0.00006370548882742022 0.42257722554517396 0.9063269191589503 -129.44816341383935 0.000023190168153741 -0.9063269201300692 0.42257722762799177 229.209894998565 0.9999999977019134 0.00004793836251091912 0.000047938362566018563 -0.006711370751666424 0 0 0 1 -0.00004793606436923036 -0.000047940660597482686 0.9999999977019136 -34.81191714682002 0.00004794066059753818 -0.9999999977018035 -0.00004793836251077582 270.14270264601845 0.9999999977019134 0.00004793836251091912 0.00004793836256601857 -0.006711370751666424 0 0 0 1 -0.00004793606436923036 -0.000047940660597482686 0.9999999977019136 -34.81191714682002 0.00004794066059753818 -0.9999999977018035 -0.00004793836251077582 270.14270264601845 0.9999999977019134 0.00004793836251091912 0.00004793836256601857 -0.006711370751666424 0 0 0 1 -0.00006779508197298451 0.7070220298179067 0.7071915191488048 -257.6505723683458 8.125002052705607e-9 -0.7071915207736028 0.7070220314430941 187.92557142714367 0.9999999977019134 0.000047938362510919124 0.00004793836256601857 -0.006714370751772538 0 0 0 1 0.9999999937382356 0.00009424276915255065 0.00006034757352756114 -42.088198092327026 -0.00006033853753039688 -0.00009587990486030716 0.9999999935831527 -5.030414436130113 0.00009424855466745052 -0.9999999909626723 -0.00009587421778905237 232.32624308908066 0 0 0 1 0.9999904261750173 0.0000938282239882645 0.004374786231528593 -91.31202091131395 0.004374777196284624 0.00009628561718526283 -0.9999904259809506 -8.205960667471855 -0.00009424855466744996 0.9999999909626722 0.00009587421778892991 -233.1288890703924 0 0 0 1 0.9999857721696648 0.00009373586538076876 0.005333542146341052 -162.28766922620122 0.005333533111287301 0.00009637553234538999 -0.9999857719669354 -9.315062013702452 -0.00009424855466744996 0.9999999909626722 0.00009587421778892991 -233.12877007039577 0 0 0 1 0.9999999937382356 0.00009424276915255062 0.00006034757352756202 -237.22348335051322 -0.00009424566202846592 0.9999999944099547 0.000047935855420453135 -233.12910166890552 -0.00006034305558245018 -0.00004794154261732291 0.9999999970301623 7.057617663067584 0 0 0 1 0.9999999937382356 0.00009424276915255062 0.00006034757352756202 -237.22348335051322 -0.00009424566202846592 0.9999999944099547 0.000047935855420453135 -233.12910166890552 -0.00006034305558245018 -0.00004794154261732291 0.9999999970301623 7.057617663067584 0 0 0 1 -0.9999999993675048 -0.0000016339557591210803 -0.000035529151494309486 -41.640237556599395 -0.00003552899466944897 -0.00009587871553144504 0.9999999947724816 -5.0304209800884125 -0.000001637362239988157 0.9999999954023013 0.00009587865741798285 -232.32626751693024 0 0 0 1 -0.9999999993675048 -0.0000016339557591210805 -0.00003552915149430949 -91.53920529951932 0.00003552899466944897 0.0000958787155315675 -0.9999999947724816 -7.811917581923337 0.0000016373622399881615 -0.9999999954023013 -0.00009587865741810531 233.12891349824204 0 0 0 1 -0.9999999993675048 -0.0000016339557591210805 -0.00003552915149430949 -162.52370999922638 0.00003552899466944897 0.0000958787155315675 -0.9999999947724816 -8.620698609717222 0.0000016373622399881615 -0.9999999954023013 -0.00009587865741810531 233.1308134982741 0 0 0 1 -0.9999999993675048 -0.0000016339557591210803 -0.000035529151494309486 -237.41895078291776 -0.0000016356590362786915 0.9999999988495266 0.000047940294992532895 -233.13150534563925 0.00003552907312108933 0.000047940353075802494 -0.9999999982197041 -7.3548506250633725 0 0 0 1 -0.9999999993675048 -0.0000016339557591210803 -0.000035529151494309486 -237.41599678300915 -0.0000016356590362786915 0.9999999988495266 0.000047940294992532895 -233.12907634553724 0.00003552907312108933 0.000047940353075802494 -0.9999999982197041 -7.01288161184926 0 0 0 1 -0.00006497993935398544 0.47609605501609975 0.8793932807201308 -142.93448219390152 0.000019333408579237113 -0.8793932818142407 0.4760960570370218 173.42021039154895 0.9999999977019134 0.00004793836251091911 0.000047938362566018563 -0.006711370751666424 0 0 0 1 0.00004609846769127282 -0.9992902085644959 0.03767063766460643 171.2799142706723 0.00004971020501120493 -0.037670635368150955 -0.9992902084779256 69.1570749074872 0.9999999977019134 0.00004793836251091911 0.000047938362566018563 -0.006710370751668949 0 0 0 1 0.00005095541360545738 -0.9978817226805179 -0.06505432302090859 147.02613604652703 0.00004471821809996589 0.06505432531412722 -0.9978817228300183 55.23939033760153 0.9999999977019135 0.00004793836251091912 0.00004793836256601857 -0.00671037075166895 0 0 0 1 0.000048222476669046967 -0.999982331199505 -0.0059443219459814406 116.86617214785487 -0.0000476525544921875 -0.005944324244027465 0.9999823312131657 -61.46379175371459 -0.9999999977019137 -0.00004793836251091985 -0.00004793836256589611 0.006710370751661424 0 0 0 1</float_array>
                    <technique_common>
                        <accessor source="#MatArr0" count="35" stride="16">
                            <param type="float4x4" />
                        </accessor>
                    </technique_common>
                </source>
                <source id="weights0">
                    <float_array id="WeightArr0" count="16">1 0.75 0.25 0.5 0.15000000596046448 0.8500000238418579 0.4000000059604645 0.6000000238418579 0.21250000596046448 0.637499988079071 0.10000000149011612 0.8999999761581421 0.30000001192092896 0.699999988079071 0.20000000298023224 0.800000011920929</float_array>
                    <technique_common>
                        <accessor source="#WeightArr0" count="1">
                            <param type="float" />
                        </accessor>
                    </technique_common>
                </source>
                <joints>
                    <input semantic="JOINT" source="#joints0" />
                    <input semantic="INV_BIND_MATRIX" source="#matrices0" />
                </joints>
                <vertex_weights count="925">
                    <input semantic="JOINT" offset="0" source="#joints0" />
                    <input semantic="WEIGHT" offset="1" source="#weights0" />
                    <vcount>1 1 1 1 1 1 1 1 1 1 1 1 1 1 1 1 1 1 1 1 1 1 1 1 1 1 1 1 1 1 1 1 1 1 1 1 1 1 1 1 1 1 1 1 1 1 1 1 1 1 1 1 1 1 1 1 1 1 1 1 1 1 1 1 1 1 1 1 1 1 1 1 1 1 1 1 1 1 1 1 1 1 2 2 2 2 3 2 2 2 2 2 1 1 1 1 1 1 1 1 1 1 2 2 2 2 1 2 1 2 1 1 1 1 1 1 1 1 1 1 1 1 1 1 1 1 1 1 1 1 1 1 1 1 1 1 1 2 1 1 1 1 1 1 2 2 1 2 2 1 1 1 1 1 2 1 1 1 1 1 2 1 1 1 1 1 1 1 1 1 1 1 1 2 2 2 2 2 2 3 2 2 2 2 2 2 2 2 2 2 2 2 2 2 2 2 2 2 2 2 1 2 1 2 1 2 2 2 2 2 2 2 2 2 2 2 2 2 2 2 2 2 2 2 2 2 2 1 1 1 2 1 1 1 1 1 1 1 1 1 1 1 1 1 1 1 1 1 1 1 1 1 1 1 1 1 1 1 1 1 1 1 1 1 1 1 1 1 1 1 1 1 1 1 1 1 1 1 1 1 1 1 1 1 1 1 1 1 1 1 1 1 1 1 1 1 1 1 1 1 1 1 1 1 1 1 1 1 1 1 1 1 1 1 1 1 1 1 1 1 1 1 1 1 1 1 1 1 1 1 1 1 1 1 1 1 1 1 1 1 1 1 1 1 1 1 1 1 2 2 2 2 2 2 2 2 2 2 2 2 2 1 1 1 1 1 1 1 1 1 1 1 1 1 1 1 1 1 1 1 1 2 2 1 1 1 1 1 1 1 1 1 1 1 1 1 1 1 1 1 1 1 1 1 1 1 1 1 1 1 1 1 1 1 1 1 1 1 1 1 1 1 1 1 1 1 1 1 1 1 1 1 2 2 1 1 1 1 1 1 1 1 1 1 1 1 1 1 1 1 1 1 1 1 1 1 1 1 1 1 1 1 1 1 1 1 1 1 1 1 2 1 2 1 1 1 1 1 1 1 1 1 1 1 2 2 1 1 1 1 1 1 1 1 1 1 1 1 1 1 1 1 1 1 1 1 1 1 1 2 2 1 1 1 1 1 1 1 1 1 1 1 1 1 1 1 1 1 1 1 1 1 1 1 1 1 1 1 1 1 1 1 1 1 2 1 2 2 2 2 2 2 2 2 2 2 2 1 1 2 1 2 1 2 1 1 1 1 1 1 1 1 1 1 2 1 1 1 2 2 1 1 2 1 1 2 1 1 1 1 1 1 2 1 1 1 1 1 2 1 1 1 1 1 2 2 2 2 2 2 2 2 2 2 2 1 1 1 2 2 1 1 2 2 2 2 2 1 2 1 2 1 2 2 2 2 2 2 1 2 2 2 1 2 1 1 1 2 1 2 1 1 1 1 1 1 2 2 2 1 2 2 1 2 1 2 1 1 1 1 1 1 1 1 1 1 1 1 1 1 1 1 1 1 2 1 2 1 2 2 2 2 2 1 1 1 1 1 1 1 1 1 2 2 1 1 1 2 1 1 1 2 2 2 2 1 1 1 2 1 1 1 2 2 1 1 1 1 2 2 1 1 1 1 1 1 1 2 1 1 1 1 1 1 2 1 1 2 1 1 1 1 1 1 1 1 1 1 1 1 1 1 1 1 1 2 1 1 1 1 2 2 2 2 2 2 2 2 2 2 2 2 2 2 2 2 2 2 2 2 2 2 2 2 2 2 2 2 2 2 2 2 2 1 2 2 2 2 2 2 2 1 2 2 2 2 1 1 1 1 2 2 2 2 2 2 2 2 2 2 2 2 2 2 1 1 2 2 2 2 2 2 1 2 2 2 2 2 2 2 2 2 2 2 2 2 2 1 1 2 2 2 2 2 2 2 2 2 1 1 1 1 1 1 1 1 1 1 2 1 2 1 2 2 1 1 1 1 2 1 2 1 1 1 1 2 2 2 2 1 1 1 1 1 1 1 1 1 1 1 1 1 1 1 2 2 2 2 2 2 2 2 2 2 2</vcount>
                    <v>16 0 16 0 16 0 16 0 16 0 16 0 16 0 16 0 16 0 16 0 16 0 16 0 16 0 16 0 16 0 16 0 16 0 16 0 16 0 16 0 16 0 16 0 16 0 16 0 16 0 16 0 16 0 16 0 16 0 16 0 16 0 16 0 16 0 16 0 16 0 16 0 16 0 16 0 16 0 16 0 16 0 16 0 16 0 16 0 16 0 16 0 16 0 16 0 16 0 16 0 16 0 16 0 16 0 16 0 16 0 16 0 16 0 16 0 16 0 16 0 16 0 16 0 16 0 16 0 16 0 16 0 16 0 16 0 16 0 16 0 16 0 16 0 16 0 16 0 16 0 16 0 16 0 16 0 16 0 16 0 16 0 16 0 7 2 16 1 7 2 16 1 7 2 16 1 7 2 16 1 7 4 16 9 21 8 16 1 21 2 16 3 21 3 16 3 22 3 16 2 22 1 16 2 22 1 16 0 16 0 16 0 16 0 16 0 16 0 16 0 16 0 16 0 16 0 7 2 16 1 7 2 16 1 7 2 16 1 7 2 16 1 16 0 7 2 16 1 16 0 7 2 16 1 16 0 16 0 16 0 16 0 16 0 16 0 16 0 16 0 16 0 16 0 16 0 16 0 16 0 16 0 16 0 16 0 16 0 16 0 16 0 16 0 16 0 16 0 16 0 16 0 16 0 16 0 16 0 7 2 16 1 16 0 16 0 16 0 16 0 16 0 16 0 7 2 16 1 7 2 16 1 16 0 7 2 16 1 7 2 16 1 16 0 16 0 16 0 16 0 16 0 16 2 22 1 16 0 16 0 16 0 16 0 16 0 7 2 16 1 16 0 16 0 16 0 16 0 16 0 16 0 16 0 16 0 16 0 16 0 16 0 16 0 16 2 22 1 16 3 26 3 16 3 26 3 16 3 26 3 16 3 26 3 16 3 26 3 7 4 16 8 26 9 7 14 16 15 7 10 16 11 7 10 16 11 16 3 26 3 7 14 16 15 7 10 16 11 7 10 16 11 16 3 21 3 16 3 26 3 7 2 16 1 7 2 16 1 7 4 16 5 7 4 16 5 7 4 16 5 16 3 26 3 26 1 27 2 7 2 16 1 7 2 16 1 16 3 21 3 26 1 27 2 22 0 21 2 22 1 22 0 21 2 22 1 22 0 21 2 22 1 21 2 22 1 21 3 22 3 21 3 22 3 21 1 22 2 21 1 22 2 21 1 22 2 21 1 22 2 16 3 21 3 16 3 21 3 16 3 21 3 16 3 21 3 21 1 22 2 21 1 22 2 21 3 22 3 16 3 21 3 16 2 21 1 16 3 21 3 16 3 21 3 21 1 22 2 21 3 22 3 21 2 22 1 22 0 22 0 22 0 21 1 22 2 22 0 22 0 22 0 22 0 18 0 18 0 18 0 18 0 18 0 18 0 18 0 18 0 18 0 18 0 18 0 18 0 18 0 18 0 18 0 18 0 18 0 18 0 18 0 18 0 18 0 18 0 18 0 18 0 18 0 18 0 18 0 18 0 18 0 18 0 18 0 18 0 18 0 18 0 18 0 18 0 18 0 18 0 18 0 18 0 18 0 18 0 18 0 18 0 18 0 18 0 18 0 18 0 18 0 18 0 18 0 18 0 18 0 18 0 18 0 18 0 18 0 18 0 18 0 18 0 18 0 18 0 18 0 18 0 18 0 18 0 18 0 18 0 18 0 18 0 18 0 18 0 18 0 18 0 18 0 18 0 18 0 18 0 18 0 18 0 18 0 18 0 18 0 18 0 18 0 18 0 18 0 18 0 18 0 18 0 18 0 18 0 18 0 18 0 18 0 18 0 18 0 18 0 18 0 18 0 18 0 18 0 18 0 18 0 18 0 18 0 18 0 18 0 18 0 18 0 18 0 18 0 27 0 16 2 27 1 26 2 27 1 26 3 27 3 26 2 27 1 26 3 27 3 26 3 27 3 26 3 27 3 26 3 27 3 26 1 27 2 26 1 27 2 26 1 27 2 26 3 27 3 26 2 27 1 27 0 27 0 27 0 27 0 18 0 18 0 18 0 18 0 18 0 18 0 18 0 18 0 18 0 18 0 27 0 27 0 27 0 27 0 27 0 27 0 16 2 27 1 16 3 27 3 18 0 18 0 18 0 18 0 18 0 18 0 18 0 18 0 18 0 18 0 18 0 18 0 18 0 18 0 18 0 18 0 18 0 18 0 18 0 18 0 18 0 18 0 18 0 18 0 18 0 18 0 18 0 18 0 18 0 18 0 18 0 18 0 18 0 18 0 18 0 18 0 18 0 18 0 18 0 18 0 18 0 18 0 18 0 18 0 18 0 18 0 18 0 18 0 18 0 26 2 27 1 26 2 27 1 27 0 27 0 18 0 18 0 18 0 18 0 18 0 18 0 18 0 18 0 18 0 18 0 18 0 18 0 18 0 18 0 18 0 18 0 18 0 18 0 18 0 18 0 18 0 18 0 18 0 18 0 18 0 18 0 18 0 18 0 18 0 18 0 18 0 18 0 18 0 18 0 16 2 27 1 27 0 16 2 27 1 27 0 27 0 27 0 27 0 27 0 18 0 18 0 18 0 18 0 18 0 18 0 26 1 27 2 16 3 26 3 18 0 18 0 18 0 18 0 18 0 18 0 18 0 18 0 18 0 18 0 18 0 18 0 18 0 18 0 27 0 18 0 18 0 18 0 18 0 18 0 18 0 18 0 18 0 26 1 27 2 26 3 27 3 18 0 18 0 18 0 18 0 18 0 27 0 27 0 18 0 18 0 18 0 18 0 18 0 18 0 18 0 18 0 18 0 18 0 18 0 18 0 18 0 18 0 18 0 18 0 18 0 18 0 18 0 18 0 18 0 29 0 28 0 28 0 28 0 28 0 27 2 28 1 28 0 27 2 28 1 27 3 28 3 27 3 28 3 27 3 28 3 27 3 28 3 27 3 28 3 27 3 28 3 27 3 28 3 27 3 28 3 27 10 28 11 27 10 28 11 28 0 28 0 28 1 29 2 28 0 28 1 29 2 28 0 28 1 29 2 29 0 29 0 29 0 29 0 29 0 29 0 29 0 29 0 29 0 29 0 27 10 28 11 28 0 28 0 28 0 28 3 29 3 28 3 29 3 29 0 29 0 27 2 28 1 28 0 28 0 28 3 29 3 29 0 29 0 29 0 29 0 29 0 28 0 28 3 29 3 29 0 29 0 28 0 29 0 29 0 27 3 28 3 29 0 29 0 29 0 29 0 29 0 7 3 8 3 7 3 8 3 7 3 8 3 7 3 8 3 7 3 8 3 8 1 9 2 8 1 9 2 8 3 9 3 8 1 9 2 8 3 9 3 8 3 9 3 9 0 9 0 9 0 9 3 11 3 9 3 11 3 11 0 11 0 8 1 9 2 8 1 9 2 8 3 9 3 8 3 9 3 8 2 9 1 9 0 8 2 9 1 9 0 8 3 9 3 9 0 8 1 9 2 8 1 9 2 8 3 9 3 8 3 9 3 8 3 9 3 8 1 9 2 8 0 9 1 11 2 9 1 11 2 9 1 11 2 9 0 9 3 11 3 9 0 9 0 9 0 9 3 11 3 9 0 9 3 11 3 11 0 11 0 11 0 11 0 11 0 11 0 7 3 8 3 7 3 8 3 7 3 8 3 8 0 8 3 9 3 8 3 9 3 9 0 8 3 9 3 8 0 8 1 9 2 11 0 11 0 11 0 11 0 11 0 11 0 11 0 11 0 11 0 11 0 11 0 11 0 11 0 11 0 11 0 11 0 22 0 22 0 22 3 23 3 22 0 22 3 23 3 22 0 22 3 23 3 22 3 23 3 22 3 23 3 22 2 23 1 22 2 23 1 23 0 23 0 24 0 24 0 24 0 23 0 23 0 23 0 23 0 22 2 23 1 22 3 23 3 22 0 22 0 24 0 23 3 24 3 24 0 23 0 23 0 22 10 23 11 22 10 23 11 22 3 23 3 22 3 23 3 22 0 22 0 23 0 22 10 23 11 23 0 23 0 23 0 23 1 24 2 23 1 24 2 24 0 24 0 24 0 24 0 23 3 24 3 23 1 24 2 24 0 24 0 24 0 22 0 22 0 24 0 24 0 23 3 24 3 23 0 23 0 23 0 22 0 22 0 23 0 23 3 24 3 24 0 24 0 22 3 23 3 24 0 24 0 24 0 24 0 24 0 24 0 24 0 24 0 24 0 24 0 24 0 7 0 7 0 7 0 7 0 7 0 7 0 7 2 8 1 7 0 7 0 7 0 7 0 7 1 16 2 7 1 16 2 7 7 16 6 7 7 16 6 7 3 12 3 7 3 12 3 7 1 8 2 7 1 12 2 7 1 12 2 7 1 12 2 7 5 16 4 7 5 16 4 7 1 16 2 7 1 16 2 7 7 16 6 7 1 16 2 7 7 16 6 7 7 16 6 7 1 8 2 7 1 8 2 7 1 8 2 7 5 16 4 7 5 16 4 7 1 16 2 7 1 16 2 7 7 16 6 7 1 16 2 7 7 16 6 7 7 16 6 7 1 8 2 7 1 8 2 7 1 8 2 7 2 8 1 7 0 7 1 8 2 7 1 8 2 7 5 16 4 7 5 16 4 7 1 16 2 7 3 12 3 7 1 16 2 7 0 7 5 16 4 7 1 12 2 7 5 16 4 7 1 12 2 7 0 7 0 7 0 7 0 7 1 16 2 7 1 16 2 7 7 16 6 7 7 16 6 7 7 16 6 7 1 16 2 7 5 16 4 7 7 16 6 7 7 16 6 7 1 12 2 7 1 12 2 7 1 12 2 7 3 12 3 7 3 12 3 7 0 7 0 7 1 12 2 7 3 12 3 7 3 12 3 7 7 16 6 7 7 16 6 7 2 12 1 12 0 12 1 13 2 12 1 13 2 12 1 13 2 12 3 13 3 12 3 13 3 12 3 13 3 12 3 13 3 12 3 13 3 12 1 13 2 12 1 13 2 12 1 13 2 7 3 12 3 12 1 13 2 7 2 12 1 12 0 12 0 12 1 13 2 12 1 13 2 12 3 13 3 12 3 13 3 12 3 13 3 12 3 13 3 12 3 13 3 12 3 13 3 12 3 13 3 13 0 13 0 13 0 13 0 13 0 13 0 13 0 13 0 13 0 13 0 12 2 13 1 13 0 12 2 13 1 13 0 13 1 15 2 13 1 15 2 15 0 15 0 15 0 15 0 13 1 15 2 15 0 13 3 15 3 15 0 15 0 15 0 15 0 13 3 15 3 13 3 15 3 13 3 15 3 13 3 15 3 15 0 15 0 15 0 15 0 15 0 15 0 15 0 15 0 15 0 15 0 15 0 15 0 15 0 15 0 15 0 7 3 16 3 7 3 16 3 7 3 16 3 7 12 16 13 7 6 16 7 7 3 16 3 7 3 16 3 7 7 16 6 7 12 16 13 7 3 16 3 7 7 16 6</v>
                </vertex_weights>
            </skin>
        </controller>
        <controller id="controller1">
            <skin source="#mesh1">
                <bind_shape_matrix>1 0 0 0 0 1 0 0 0 0 1 0 0 0 0 1</bind_shape_matrix>
                <source id="joints1">
                    <Name_array id="JointArr1" count="35">jointnode-1 jointnode0 jointnode1 jointnode2 jointnode3 jointnode4 jointnode5 jointnode6 jointnode7 jointnode8 jointnode9 jointnode10 jointnode11 jointnode12 jointnode13 jointnode14 jointnode15 jointnode16 jointnode17 jointnode18 jointnode19 jointnode20 jointnode21 jointnode22 jointnode23 jointnode24 jointnode25 jointnode26 jointnode27 jointnode28 jointnode29 jointnode30 jointnode31 jointnode32 jointnode33</Name_array>
                    <technique_common>
                        <accessor source="#JointArr1" count="35">
                            <param name="JOINT" type="Name" />
                        </accessor>
                    </technique_common>
                </source>
                <source id="matrices1">
                    <float_array id="MatArr1" count="560">1 0 0 0 0 1 0 0 0 0 1 0 0 0 0 1 1 0 0 0 0 1 0 0 0 0 1 0 0 0 0 1 1 0 0 0 0 1 0 -125.14652252197266 0 0 1 0 0 0 0 1 1 0 0 0 0 1 0 0 0 0 1 -100 0 0 0 1 1 0 0 -100 0 1 0 0 0 0 1 0 0 0 0 1 1 0 0 100 0 1 0 0 0 0 1 0 0 0 0 1 1 0 0 0 0 1 0 -93 0 0 1 0 0 0 0 1 0.00004793836256601856 -0.9999999988509567 -4.386559881474326e-18 137.49999984200656 0.00004793836251091911 2.2980866055094973e-9 -0.9999999988509567 2.499999681140483 0.9999999977019134 0.00004793836251091911 0.00004793836256601856 -0.006711370751666425 0 0 0 1 0.00004782332063778632 -0.9999971262495844 0.0023969158313184714 124.99964171829647 -0.0000480531290230205 0.0023969135332384717 0.9999971262440761 -0.29961511597924 -0.9999999977019134 -0.00004793836251091881 -0.00004793836256589609 37.00671137075166 0 0 0 1 0.00004782332063778632 -0.9999971262495844 0.0023969158313184714 67.49964171829649 -0.0000480531290230205 0.0023969135332384717 0.9999971262440761 -1.4008841227083664 -0.9999999977019134 -0.00004793836251091881 -0.00004793836256589609 37.00671137075167 0 0 0 1 0.00004793836256601826 -0.9999999988509566 -4.826125313346229e-18 22.49968605221886 -0.000047938362510796644 -2.298086605503612e-9 0.9999999988509567 0.008468729012002334 -0.9999999977019135 -0.00004793836251091881 -0.000047938362565896096 37.00671137075167 0 0 0 1 -0.00004793606436910788 -0.00004794066059752197 0.9999999977019134 -39.991171702366906 -0.00004794066059753787 0.9999999977018031 0.00004793836251092393 -7.501603172127032 -0.9999999977019135 -0.00004793836251091881 -0.0000479383625658961 35.13171232442598 0 0 0 1 0.000047818713241344304 -0.999996891845205 0.0024927922697969397 124.99961051507236 -0.00004805771394552241 0.002492789971717479 0.9999968918394764 -0.31159775878161794 -0.9999999977019135 -0.00004793836251091882 -0.00004793836256589611 -36.993288629248326 0 0 0 1 0.000047823320637786314 -0.9999971262495845 0.002396915831318472 67.4996982663124 -0.00004805312902302051 0.0023969135332384717 0.9999971262440762 -1.3894651377945462 -0.9999999977019134 -0.000047938362510918806 -0.0000479383625658961 -36.99328762924834 0 0 0 1 0.00004793836256601825 -0.9999999988509567 -4.392444444352028e-18 22.499672397940877 -0.00004793836251079665 -2.2980866059372924e-9 0.9999999988509568 0.00751876100357246 -0.9999999977019135 -0.000047938362510918806 -0.00004793836256589611 -36.99328662924834 0 0 0 1 -0.000047936064369107886 -0.00004794066059752241 0.9999999977019135 -39.9921216710288 -0.000047940660597537865 0.9999999977018033 0.0000479383625109235 -7.501589563388977 -0.9999999977019135 -0.000047938362510918806 -0.000047938362565896116 -35.11828758292266 0 0 0 1 -0.000058713617795048536 0.965915484345868 0.25885763201729006 -170.51237327745616 -0.00003389519569432086 -0.2588576342370475 0.9659154849407453 37.651065971063886 0.9999999977019135 0.00004793836251091912 0.000047938362566018563 -0.006710370751668949 0 0 0 1 -0.00006370548882742022 0.42257722554517396 0.9063269191589503 -129.44816341383935 0.000023190168153741 -0.9063269201300692 0.42257722762799177 229.209894998565 0.9999999977019134 0.00004793836251091912 0.000047938362566018563 -0.006711370751666424 0 0 0 1 -0.00004793606436923036 -0.000047940660597482686 0.9999999977019136 -34.81191714682002 0.00004794066059753818 -0.9999999977018035 -0.00004793836251077582 270.14270264601845 0.9999999977019134 0.00004793836251091912 0.00004793836256601857 -0.006711370751666424 0 0 0 1 -0.00004793606436923036 -0.000047940660597482686 0.9999999977019136 -34.81191714682002 0.00004794066059753818 -0.9999999977018035 -0.00004793836251077582 270.14270264601845 0.9999999977019134 0.00004793836251091912 0.00004793836256601857 -0.006711370751666424 0 0 0 1 -0.00006779508197298451 0.7070220298179067 0.7071915191488048 -257.6505723683458 8.125002052705607e-9 -0.7071915207736028 0.7070220314430941 187.92557142714367 0.9999999977019134 0.000047938362510919124 0.00004793836256601857 -0.006714370751772538 0 0 0 1 0.9999999937382356 0.00009424276915255065 0.00006034757352756114 -42.088198092327026 -0.00006033853753039688 -0.00009587990486030716 0.9999999935831527 -5.030414436130113 0.00009424855466745052 -0.9999999909626723 -0.00009587421778905237 232.32624308908066 0 0 0 1 0.9999904261750173 0.0000938282239882645 0.004374786231528593 -91.31202091131395 0.004374777196284624 0.00009628561718526283 -0.9999904259809506 -8.205960667471855 -0.00009424855466744996 0.9999999909626722 0.00009587421778892991 -233.1288890703924 0 0 0 1 0.9999857721696648 0.00009373586538076876 0.005333542146341052 -162.28766922620122 0.005333533111287301 0.00009637553234538999 -0.9999857719669354 -9.315062013702452 -0.00009424855466744996 0.9999999909626722 0.00009587421778892991 -233.12877007039577 0 0 0 1 0.9999999937382356 0.00009424276915255062 0.00006034757352756202 -237.22348335051322 -0.00009424566202846592 0.9999999944099547 0.000047935855420453135 -233.12910166890552 -0.00006034305558245018 -0.00004794154261732291 0.9999999970301623 7.057617663067584 0 0 0 1 0.9999999937382356 0.00009424276915255062 0.00006034757352756202 -237.22348335051322 -0.00009424566202846592 0.9999999944099547 0.000047935855420453135 -233.12910166890552 -0.00006034305558245018 -0.00004794154261732291 0.9999999970301623 7.057617663067584 0 0 0 1 -0.9999999993675048 -0.0000016339557591210803 -0.000035529151494309486 -41.640237556599395 -0.00003552899466944897 -0.00009587871553144504 0.9999999947724816 -5.0304209800884125 -0.000001637362239988157 0.9999999954023013 0.00009587865741798285 -232.32626751693024 0 0 0 1 -0.9999999993675048 -0.0000016339557591210805 -0.00003552915149430949 -91.53920529951932 0.00003552899466944897 0.0000958787155315675 -0.9999999947724816 -7.811917581923337 0.0000016373622399881615 -0.9999999954023013 -0.00009587865741810531 233.12891349824204 0 0 0 1 -0.9999999993675048 -0.0000016339557591210805 -0.00003552915149430949 -162.52370999922638 0.00003552899466944897 0.0000958787155315675 -0.9999999947724816 -8.620698609717222 0.0000016373622399881615 -0.9999999954023013 -0.00009587865741810531 233.1308134982741 0 0 0 1 -0.9999999993675048 -0.0000016339557591210803 -0.000035529151494309486 -237.41895078291776 -0.0000016356590362786915 0.9999999988495266 0.000047940294992532895 -233.13150534563925 0.00003552907312108933 0.000047940353075802494 -0.9999999982197041 -7.3548506250633725 0 0 0 1 -0.9999999993675048 -0.0000016339557591210803 -0.000035529151494309486 -237.41599678300915 -0.0000016356590362786915 0.9999999988495266 0.000047940294992532895 -233.12907634553724 0.00003552907312108933 0.000047940353075802494 -0.9999999982197041 -7.01288161184926 0 0 0 1 -0.00006497993935398544 0.47609605501609975 0.8793932807201308 -142.93448219390152 0.000019333408579237113 -0.8793932818142407 0.4760960570370218 173.42021039154895 0.9999999977019134 0.00004793836251091911 0.000047938362566018563 -0.006711370751666424 0 0 0 1 0.00004609846769127282 -0.9992902085644959 0.03767063766460643 171.2799142706723 0.00004971020501120493 -0.037670635368150955 -0.9992902084779256 69.1570749074872 0.9999999977019134 0.00004793836251091911 0.000047938362566018563 -0.006710370751668949 0 0 0 1 0.00005095541360545738 -0.9978817226805179 -0.06505432302090859 147.02613604652703 0.00004471821809996589 0.06505432531412722 -0.9978817228300183 55.23939033760153 0.9999999977019135 0.00004793836251091912 0.00004793836256601857 -0.00671037075166895 0 0 0 1 0.000048222476669046967 -0.999982331199505 -0.0059443219459814406 116.86617214785487 -0.0000476525544921875 -0.005944324244027465 0.9999823312131657 -61.46379175371459 -0.9999999977019137 -0.00004793836251091985 -0.00004793836256589611 0.006710370751661424 0 0 0 1</float_array>
                    <technique_common>
                        <accessor source="#MatArr1" count="35" stride="16">
                            <param type="float4x4" />
                        </accessor>
                    </technique_common>
                </source>
                <source id="weights1">
                    <float_array id="WeightArr1" count="16">1 0.75 0.25 0.5 0.15000000596046448 0.8500000238418579 0.4000000059604645 0.6000000238418579 0.21250000596046448 0.637499988079071 0.10000000149011612 0.8999999761581421 0.30000001192092896 0.699999988079071 0.20000000298023224 0.800000011920929</float_array>
                    <technique_common>
                        <accessor source="#WeightArr1" count="1">
                            <param type="float" />
                        </accessor>
                    </technique_common>
                </source>
                <joints>
                    <input semantic="JOINT" source="#joints1" />
                    <input semantic="INV_BIND_MATRIX" source="#matrices1" />
                </joints>
                <vertex_weights count="489">
                    <input semantic="JOINT" offset="0" source="#joints1" />
                    <input semantic="WEIGHT" offset="1" source="#weights1" />
                    <vcount>1 1 1 1 1 1 1 1 1 1 1 1 1 1 2 2 2 2 2 2 2 2 1 1 1 1 1 1 1 1 1 1 1 1 1 1 1 1 1 1 1 1 1 1 1 1 1 1 1 1 1 1 1 1 1 1 1 1 1 1 1 1 2 2 2 2 2 2 2 2 2 2 2 2 2 2 2 2 2 2 2 2 2 2 2 2 1 1 1 1 1 1 1 1 1 1 1 1 1 1 2 2 2 2 2 2 2 2 2 2 2 2 2 2 2 2 2 2 1 1 1 1 1 1 1 1 1 1 1 1 1 1 1 1 1 1 1 1 1 1 1 1 1 1 1 1 1 1 1 2 2 2 2 2 2 1 1 1 1 1 1 1 1 1 1 1 1 1 1 1 1 1 1 1 1 1 1 1 1 1 1 1 1 1 1 1 1 1 1 1 1 1 1 1 1 1 1 1 1 1 1 1 1 1 1 1 1 1 1 1 1 1 1 1 1 1 1 1 1 1 1 1 1 1 1 1 1 1 1 1 1 1 1 1 1 1 1 1 1 1 1 1 1 1 1 1 1 1 1 1 1 1 1 1 1 1 1 1 1 1 1 1 1 1 1 1 1 1 1 1 1 1 1 1 1 1 1 1 1 1 1 1 1 1 1 1 1 1 1 1 1 1 1 1 1 1 1 1 1 1 1 1 1 1 1 1 1 1 1 1 1 1 1 1 1 1 1 1 1 1 1 1 1 1 1 1 1 1 1 1 1 1 1 1 1 1 1 1 1 1 1 1 1 1 1 1 1 1 1 1 1 1 1 1 1 1 1 1 1 1 1 1 1 1 1 1 1 1 1 1 1 1 1 1 1 1 1 1 1 1 1 1 1 1 1 1 1 1 1 1 1 1 1 1 1 1 1 1 1 1 2 2 2 2 2 2 1 1 1 1 1 1 1 1 1 1 1 1 1 1 1 1 1 1 1 1 1 1 1 1 1 1 1 1 1 1 1 1 1 1 1 1 1 1 1 1 1 1 1 1 1 2 1 1 1 1 1 1 1 1 1 1 1 1 1 1 1 1 1 1 1 1 1 1 1 1 1 1 1 1 1 1 1 1 1 1 1 1 1</vcount>
                    <v>16 0 16 0 16 0 16 0 16 0 16 0 16 0 16 0 16 0 16 0 16 0 16 0 16 0 16 0 7 2 16 1 7 2 16 1 7 3 16 3 7 3 16 3 7 7 16 6 7 3 16 3 7 7 16 6 7 3 16 3 11 0 11 0 11 0 11 0 11 0 11 0 11 0 11 0 11 0 11 0 11 0 11 0 11 0 11 0 11 0 11 0 11 0 11 0 11 0 11 0 11 0 11 0 11 0 11 0 11 0 11 0 11 0 11 0 11 0 11 0 11 0 11 0 11 0 11 0 11 0 11 0 11 0 11 0 11 0 11 0 7 1 16 2 7 1 16 2 7 1 16 2 7 1 16 2 7 1 16 2 7 1 16 2 7 1 16 2 7 1 16 2 7 1 16 2 7 1 16 2 7 1 16 2 7 1 16 2 7 1 16 2 7 1 16 2 7 1 16 2 7 1 16 2 7 1 16 2 7 1 16 2 7 1 16 2 7 1 16 2 7 1 16 2 7 1 16 2 7 1 16 2 7 1 16 2 16 0 16 0 16 0 16 0 16 0 16 0 16 0 16 0 16 0 16 0 16 0 16 0 16 0 16 0 7 2 16 1 7 2 16 1 7 3 16 3 7 2 16 1 7 3 16 3 7 3 16 3 7 7 16 6 7 1 16 2 7 1 16 2 7 7 16 6 7 1 16 2 7 2 16 1 7 3 16 3 7 7 16 6 7 7 16 6 7 7 16 6 7 1 16 2 7 1 16 2 7 0 7 0 15 0 15 0 15 0 15 0 15 0 15 0 15 0 15 0 15 0 15 0 15 0 15 0 15 0 15 0 15 0 15 0 15 0 15 0 15 0 15 0 15 0 15 0 15 0 15 0 15 0 15 0 15 0 15 0 15 0 7 3 16 3 7 7 16 6 7 1 16 2 7 1 16 2 7 1 16 2 7 1 16 2 7 0 7 0 16 0 16 0 16 0 16 0 16 0 16 0 16 0 16 0 16 0 16 0 15 0 15 0 15 0 15 0 15 0 15 0 15 0 15 0 15 0 15 0 15 0 15 0 15 0 15 0 15 0 15 0 15 0 15 0 15 0 15 0 15 0 15 0 15 0 15 0 15 0 15 0 11 0 11 0 11 0 11 0 11 0 11 0 11 0 11 0 11 0 11 0 11 0 11 0 11 0 11 0 11 0 11 0 11 0 11 0 11 0 15 0 15 0 15 0 15 0 15 0 15 0 15 0 15 0 15 0 15 0 15 0 15 0 15 0 15 0 15 0 15 0 15 0 15 0 15 0 18 0 18 0 18 0 18 0 18 0 18 0 18 0 18 0 18 0 18 0 18 0 15 0 15 0 15 0 15 0 15 0 11 0 11 0 11 0 11 0 11 0 11 0 11 0 11 0 11 0 11 0 11 0 11 0 11 0 11 0 11 0 11 0 11 0 11 0 11 0 11 0 11 0 11 0 11 0 15 0 15 0 15 0 15 0 15 0 15 0 15 0 15 0 11 0 11 0 11 0 11 0 11 0 11 0 11 0 11 0 11 0 11 0 11 0 15 0 15 0 15 0 15 0 15 0 15 0 15 0 15 0 16 0 16 0 16 0 16 0 16 0 16 0 16 0 16 0 16 0 16 0 16 0 16 0 16 0 15 0 15 0 15 0 15 0 15 0 15 0 16 0 16 0 11 0 11 0 11 0 11 0 11 0 11 0 11 0 11 0 11 0 11 0 11 0 11 0 11 0 11 0 11 0 11 0 11 0 11 0 11 0 11 0 11 0 11 0 15 0 15 0 15 0 15 0 15 0 15 0 16 0 16 0 16 0 16 0 16 0 16 0 16 0 15 0 15 0 11 0 11 0 11 0 11 0 11 0 11 0 11 0 11 0 11 0 11 0 11 0 11 0 11 0 11 0 11 0 15 0 15 0 15 0 15 0 15 0 15 0 15 0 15 0 15 0 15 0 15 0 11 0 11 0 15 0 15 0 15 0 15 0 15 0 15 0 15 0 16 0 16 0 16 0 15 0 15 0 15 0 15 0 11 0 11 0 11 0 7 1 16 2 7 1 16 2 7 7 16 6 7 2 16 1 7 2 16 1 7 2 16 1 18 0 18 0 18 0 18 0 18 0 18 0 18 0 18 0 18 0 18 0 18 0 7 0 7 0 7 0 7 0 11 0 11 0 15 0 16 0 11 0 11 0 18 0 18 0 18 0 18 0 18 0 18 0 11 0 15 0 11 0 15 0 15 0 15 0 15 0 15 0 11 0 15 0 11 0 11 0 11 0 15 0 15 0 15 0 15 0 7 0 7 1 16 2 15 0 16 0 16 0 16 0 15 0 15 0 18 0 18 0 15 0 16 0 15 0 18 0 15 0 11 0 18 0 18 0 18 0 18 0 18 0 18 0 18 0 18 0 18 0 18 0 18 0 18 0 18 0 18 0 18 0 18 0 11 0 18 0 16 0 16 0 11 0 11 0 16 0</v>
                </vertex_weights>
            </skin>
        </controller>
        <controller id="controller2">
            <skin source="#mesh2">
                <bind_shape_matrix>1 0 0 0 0 1 0 0 0 0 1 0 0 0 0 1</bind_shape_matrix>
                <source id="joints2">
                    <Name_array id="JointArr2" count="35">jointnode-1 jointnode0 jointnode1 jointnode2 jointnode3 jointnode4 jointnode5 jointnode6 jointnode7 jointnode8 jointnode9 jointnode10 jointnode11 jointnode12 jointnode13 jointnode14 jointnode15 jointnode16 jointnode17 jointnode18 jointnode19 jointnode20 jointnode21 jointnode22 jointnode23 jointnode24 jointnode25 jointnode26 jointnode27 jointnode28 jointnode29 jointnode30 jointnode31 jointnode32 jointnode33</Name_array>
                    <technique_common>
                        <accessor source="#JointArr2" count="35">
                            <param name="JOINT" type="Name" />
                        </accessor>
                    </technique_common>
                </source>
                <source id="matrices2">
                    <float_array id="MatArr2" count="560">1 0 0 0 0 1 0 0 0 0 1 0 0 0 0 1 1 0 0 0 0 1 0 0 0 0 1 0 0 0 0 1 1 0 0 0 0 1 0 -125.14652252197266 0 0 1 0 0 0 0 1 1 0 0 0 0 1 0 0 0 0 1 -100 0 0 0 1 1 0 0 -100 0 1 0 0 0 0 1 0 0 0 0 1 1 0 0 100 0 1 0 0 0 0 1 0 0 0 0 1 1 0 0 0 0 1 0 -93 0 0 1 0 0 0 0 1 0.00004793836256601856 -0.9999999988509567 -4.386559881474326e-18 137.49999984200656 0.00004793836251091911 2.2980866055094973e-9 -0.9999999988509567 2.499999681140483 0.9999999977019134 0.00004793836251091911 0.00004793836256601856 -0.006711370751666425 0 0 0 1 0.00004782332063778632 -0.9999971262495844 0.0023969158313184714 124.99964171829647 -0.0000480531290230205 0.0023969135332384717 0.9999971262440761 -0.29961511597924 -0.9999999977019134 -0.00004793836251091881 -0.00004793836256589609 37.00671137075166 0 0 0 1 0.00004782332063778632 -0.9999971262495844 0.0023969158313184714 67.49964171829649 -0.0000480531290230205 0.0023969135332384717 0.9999971262440761 -1.4008841227083664 -0.9999999977019134 -0.00004793836251091881 -0.00004793836256589609 37.00671137075167 0 0 0 1 0.00004793836256601826 -0.9999999988509566 -4.826125313346229e-18 22.49968605221886 -0.000047938362510796644 -2.298086605503612e-9 0.9999999988509567 0.008468729012002334 -0.9999999977019135 -0.00004793836251091881 -0.000047938362565896096 37.00671137075167 0 0 0 1 -0.00004793606436910788 -0.00004794066059752197 0.9999999977019134 -39.991171702366906 -0.00004794066059753787 0.9999999977018031 0.00004793836251092393 -7.501603172127032 -0.9999999977019135 -0.00004793836251091881 -0.0000479383625658961 35.13171232442598 0 0 0 1 0.000047818713241344304 -0.999996891845205 0.0024927922697969397 124.99961051507236 -0.00004805771394552241 0.002492789971717479 0.9999968918394764 -0.31159775878161794 -0.9999999977019135 -0.00004793836251091882 -0.00004793836256589611 -36.993288629248326 0 0 0 1 0.000047823320637786314 -0.9999971262495845 0.002396915831318472 67.4996982663124 -0.00004805312902302051 0.0023969135332384717 0.9999971262440762 -1.3894651377945462 -0.9999999977019134 -0.000047938362510918806 -0.0000479383625658961 -36.99328762924834 0 0 0 1 0.00004793836256601825 -0.9999999988509567 -4.392444444352028e-18 22.499672397940877 -0.00004793836251079665 -2.2980866059372924e-9 0.9999999988509568 0.00751876100357246 -0.9999999977019135 -0.000047938362510918806 -0.00004793836256589611 -36.99328662924834 0 0 0 1 -0.000047936064369107886 -0.00004794066059752241 0.9999999977019135 -39.9921216710288 -0.000047940660597537865 0.9999999977018033 0.0000479383625109235 -7.501589563388977 -0.9999999977019135 -0.000047938362510918806 -0.000047938362565896116 -35.11828758292266 0 0 0 1 -0.000058713617795048536 0.965915484345868 0.25885763201729006 -170.51237327745616 -0.00003389519569432086 -0.2588576342370475 0.9659154849407453 37.651065971063886 0.9999999977019135 0.00004793836251091912 0.000047938362566018563 -0.006710370751668949 0 0 0 1 -0.00006370548882742022 0.42257722554517396 0.9063269191589503 -129.44816341383935 0.000023190168153741 -0.9063269201300692 0.42257722762799177 229.209894998565 0.9999999977019134 0.00004793836251091912 0.000047938362566018563 -0.006711370751666424 0 0 0 1 -0.00004793606436923036 -0.000047940660597482686 0.9999999977019136 -34.81191714682002 0.00004794066059753818 -0.9999999977018035 -0.00004793836251077582 270.14270264601845 0.9999999977019134 0.00004793836251091912 0.00004793836256601857 -0.006711370751666424 0 0 0 1 -0.00004793606436923036 -0.000047940660597482686 0.9999999977019136 -34.81191714682002 0.00004794066059753818 -0.9999999977018035 -0.00004793836251077582 270.14270264601845 0.9999999977019134 0.00004793836251091912 0.00004793836256601857 -0.006711370751666424 0 0 0 1 -0.00006779508197298451 0.7070220298179067 0.7071915191488048 -257.6505723683458 8.125002052705607e-9 -0.7071915207736028 0.7070220314430941 187.92557142714367 0.9999999977019134 0.000047938362510919124 0.00004793836256601857 -0.006714370751772538 0 0 0 1 0.9999999937382356 0.00009424276915255065 0.00006034757352756114 -42.088198092327026 -0.00006033853753039688 -0.00009587990486030716 0.9999999935831527 -5.030414436130113 0.00009424855466745052 -0.9999999909626723 -0.00009587421778905237 232.32624308908066 0 0 0 1 0.9999904261750173 0.0000938282239882645 0.004374786231528593 -91.31202091131395 0.004374777196284624 0.00009628561718526283 -0.9999904259809506 -8.205960667471855 -0.00009424855466744996 0.9999999909626722 0.00009587421778892991 -233.1288890703924 0 0 0 1 0.9999857721696648 0.00009373586538076876 0.005333542146341052 -162.28766922620122 0.005333533111287301 0.00009637553234538999 -0.9999857719669354 -9.315062013702452 -0.00009424855466744996 0.9999999909626722 0.00009587421778892991 -233.12877007039577 0 0 0 1 0.9999999937382356 0.00009424276915255062 0.00006034757352756202 -237.22348335051322 -0.00009424566202846592 0.9999999944099547 0.000047935855420453135 -233.12910166890552 -0.00006034305558245018 -0.00004794154261732291 0.9999999970301623 7.057617663067584 0 0 0 1 0.9999999937382356 0.00009424276915255062 0.00006034757352756202 -237.22348335051322 -0.00009424566202846592 0.9999999944099547 0.000047935855420453135 -233.12910166890552 -0.00006034305558245018 -0.00004794154261732291 0.9999999970301623 7.057617663067584 0 0 0 1 -0.9999999993675048 -0.0000016339557591210803 -0.000035529151494309486 -41.640237556599395 -0.00003552899466944897 -0.00009587871553144504 0.9999999947724816 -5.0304209800884125 -0.000001637362239988157 0.9999999954023013 0.00009587865741798285 -232.32626751693024 0 0 0 1 -0.9999999993675048 -0.0000016339557591210805 -0.00003552915149430949 -91.53920529951932 0.00003552899466944897 0.0000958787155315675 -0.9999999947724816 -7.811917581923337 0.0000016373622399881615 -0.9999999954023013 -0.00009587865741810531 233.12891349824204 0 0 0 1 -0.9999999993675048 -0.0000016339557591210805 -0.00003552915149430949 -162.52370999922638 0.00003552899466944897 0.0000958787155315675 -0.9999999947724816 -8.620698609717222 0.0000016373622399881615 -0.9999999954023013 -0.00009587865741810531 233.1308134982741 0 0 0 1 -0.9999999993675048 -0.0000016339557591210803 -0.000035529151494309486 -237.41895078291776 -0.0000016356590362786915 0.9999999988495266 0.000047940294992532895 -233.13150534563925 0.00003552907312108933 0.000047940353075802494 -0.9999999982197041 -7.3548506250633725 0 0 0 1 -0.9999999993675048 -0.0000016339557591210803 -0.000035529151494309486 -237.41599678300915 -0.0000016356590362786915 0.9999999988495266 0.000047940294992532895 -233.12907634553724 0.00003552907312108933 0.000047940353075802494 -0.9999999982197041 -7.01288161184926 0 0 0 1 -0.00006497993935398544 0.47609605501609975 0.8793932807201308 -142.93448219390152 0.000019333408579237113 -0.8793932818142407 0.4760960570370218 173.42021039154895 0.9999999977019134 0.00004793836251091911 0.000047938362566018563 -0.006711370751666424 0 0 0 1 0.00004609846769127282 -0.9992902085644959 0.03767063766460643 171.2799142706723 0.00004971020501120493 -0.037670635368150955 -0.9992902084779256 69.1570749074872 0.9999999977019134 0.00004793836251091911 0.000047938362566018563 -0.006710370751668949 0 0 0 1 0.00005095541360545738 -0.9978817226805179 -0.06505432302090859 147.02613604652703 0.00004471821809996589 0.06505432531412722 -0.9978817228300183 55.23939033760153 0.9999999977019135 0.00004793836251091912 0.00004793836256601857 -0.00671037075166895 0 0 0 1 0.000048222476669046967 -0.999982331199505 -0.0059443219459814406 116.86617214785487 -0.0000476525544921875 -0.005944324244027465 0.9999823312131657 -61.46379175371459 -0.9999999977019137 -0.00004793836251091985 -0.00004793836256589611 0.006710370751661424 0 0 0 1</float_array>
                    <technique_common>
                        <accessor source="#MatArr2" count="35" stride="16">
                            <param type="float4x4" />
                        </accessor>
                    </technique_common>
                </source>
                <source id="weights2">
                    <float_array id="WeightArr2" count="16">1 0.75 0.25 0.5 0.15000000596046448 0.8500000238418579 0.4000000059604645 0.6000000238418579 0.21250000596046448 0.637499988079071 0.10000000149011612 0.8999999761581421 0.30000001192092896 0.699999988079071 0.20000000298023224 0.800000011920929</float_array>
                    <technique_common>
                        <accessor source="#WeightArr2" count="1">
                            <param type="float" />
                        </accessor>
                    </technique_common>
                </source>
                <joints>
                    <input semantic="JOINT" source="#joints2" />
                    <input semantic="INV_BIND_MATRIX" source="#matrices2" />
                </joints>
                <vertex_weights count="175">
                    <input semantic="JOINT" offset="0" source="#joints2" />
                    <input semantic="WEIGHT" offset="1" source="#weights2" />
                    <vcount>1 1 1 1 1 1 1 1 1 1 1 1 1 1 1 1 1 1 1 1 1 1 1 1 1 1 1 1 1 1 1 1 1 1 1 1 1 1 1 1 1 1 1 1 1 1 1 1 1 1 1 1 1 1 1 1 1 1 1 1 1 1 1 1 1 1 1 1 1 1 1 1 1 1 1 1 1 1 1 1 1 1 1 1 1 1 1 1 1 1 1 1 1 1 1 1 1 1 1 1 1 1 1 1 1 1 1 1 1 1 1 1 1 1 1 1 1 1 1 1 1 1 1 1 1 1 1 1 1 1 1 1 1 1 1 1 1 1 1 1 1 1 1 1 1 1 1 1 1 1 1 1 1 1 1 1 1 1 1 1 1 1 1 1 1 1 1 1 1 1 1 1 1 1 1</vcount>
                    <v>25 0 25 0 25 0 25 0 25 0 25 0 25 0 25 0 25 0 25 0 25 0 25 0 25 0 25 0 25 0 25 0 25 0 25 0 25 0 25 0 25 0 25 0 25 0 25 0 25 0 25 0 25 0 25 0 25 0 25 0 25 0 25 0 25 0 25 0 25 0 25 0 25 0 25 0 25 0 25 0 25 0 25 0 25 0 25 0 25 0 25 0 25 0 25 0 25 0 25 0 25 0 25 0 25 0 25 0 25 0 25 0 25 0 25 0 25 0 25 0 25 0 25 0 25 0 25 0 25 0 25 0 25 0 25 0 25 0 25 0 25 0 25 0 25 0 25 0 25 0 25 0 25 0 25 0 25 0 25 0 25 0 25 0 25 0 25 0 25 0 25 0 25 0 25 0 25 0 25 0 25 0 25 0 25 0 25 0 25 0 25 0 25 0 25 0 25 0 25 0 25 0 25 0 25 0 25 0 25 0 25 0 25 0 25 0 25 0 25 0 25 0 25 0 25 0 25 0 25 0 25 0 25 0 25 0 25 0 25 0 25 0 25 0 25 0 25 0 25 0 25 0 25 0 25 0 25 0 25 0 25 0 25 0 25 0 25 0 25 0 25 0 25 0 25 0 25 0 25 0 25 0 25 0 25 0 25 0 25 0 25 0 25 0 25 0 25 0 25 0 25 0 25 0 25 0 25 0 25 0 25 0 25 0 25 0 25 0 25 0 25 0 25 0 25 0 25 0 25 0 25 0 25 0 25 0 25 0 25 0 25 0 25 0 25 0 25 0 25 0</v>
                </vertex_weights>
            </skin>
        </controller>
        <controller id="controller3">
            <skin source="#mesh3">
                <bind_shape_matrix>1 0 0 0 0 1 0 0 0 0 1 0 0 0 0 1</bind_shape_matrix>
                <source id="joints3">
                    <Name_array id="JointArr3" count="35">jointnode-1 jointnode0 jointnode1 jointnode2 jointnode3 jointnode4 jointnode5 jointnode6 jointnode7 jointnode8 jointnode9 jointnode10 jointnode11 jointnode12 jointnode13 jointnode14 jointnode15 jointnode16 jointnode17 jointnode18 jointnode19 jointnode20 jointnode21 jointnode22 jointnode23 jointnode24 jointnode25 jointnode26 jointnode27 jointnode28 jointnode29 jointnode30 jointnode31 jointnode32 jointnode33</Name_array>
                    <technique_common>
                        <accessor source="#JointArr3" count="35">
                            <param name="JOINT" type="Name" />
                        </accessor>
                    </technique_common>
                </source>
                <source id="matrices3">
                    <float_array id="MatArr3" count="560">1 0 0 0 0 1 0 0 0 0 1 0 0 0 0 1 1 0 0 0 0 1 0 0 0 0 1 0 0 0 0 1 1 0 0 0 0 1 0 -125.14652252197266 0 0 1 0 0 0 0 1 1 0 0 0 0 1 0 0 0 0 1 -100 0 0 0 1 1 0 0 -100 0 1 0 0 0 0 1 0 0 0 0 1 1 0 0 100 0 1 0 0 0 0 1 0 0 0 0 1 1 0 0 0 0 1 0 -93 0 0 1 0 0 0 0 1 0.00004793836256601856 -0.9999999988509567 -4.386559881474326e-18 137.49999984200656 0.00004793836251091911 2.2980866055094973e-9 -0.9999999988509567 2.499999681140483 0.9999999977019134 0.00004793836251091911 0.00004793836256601856 -0.006711370751666425 0 0 0 1 0.00004782332063778632 -0.9999971262495844 0.0023969158313184714 124.99964171829647 -0.0000480531290230205 0.0023969135332384717 0.9999971262440761 -0.29961511597924 -0.9999999977019134 -0.00004793836251091881 -0.00004793836256589609 37.00671137075166 0 0 0 1 0.00004782332063778632 -0.9999971262495844 0.0023969158313184714 67.49964171829649 -0.0000480531290230205 0.0023969135332384717 0.9999971262440761 -1.4008841227083664 -0.9999999977019134 -0.00004793836251091881 -0.00004793836256589609 37.00671137075167 0 0 0 1 0.00004793836256601826 -0.9999999988509566 -4.826125313346229e-18 22.49968605221886 -0.000047938362510796644 -2.298086605503612e-9 0.9999999988509567 0.008468729012002334 -0.9999999977019135 -0.00004793836251091881 -0.000047938362565896096 37.00671137075167 0 0 0 1 -0.00004793606436910788 -0.00004794066059752197 0.9999999977019134 -39.991171702366906 -0.00004794066059753787 0.9999999977018031 0.00004793836251092393 -7.501603172127032 -0.9999999977019135 -0.00004793836251091881 -0.0000479383625658961 35.13171232442598 0 0 0 1 0.000047818713241344304 -0.999996891845205 0.0024927922697969397 124.99961051507236 -0.00004805771394552241 0.002492789971717479 0.9999968918394764 -0.31159775878161794 -0.9999999977019135 -0.00004793836251091882 -0.00004793836256589611 -36.993288629248326 0 0 0 1 0.000047823320637786314 -0.9999971262495845 0.002396915831318472 67.4996982663124 -0.00004805312902302051 0.0023969135332384717 0.9999971262440762 -1.3894651377945462 -0.9999999977019134 -0.000047938362510918806 -0.0000479383625658961 -36.99328762924834 0 0 0 1 0.00004793836256601825 -0.9999999988509567 -4.392444444352028e-18 22.499672397940877 -0.00004793836251079665 -2.2980866059372924e-9 0.9999999988509568 0.00751876100357246 -0.9999999977019135 -0.000047938362510918806 -0.00004793836256589611 -36.99328662924834 0 0 0 1 -0.000047936064369107886 -0.00004794066059752241 0.9999999977019135 -39.9921216710288 -0.000047940660597537865 0.9999999977018033 0.0000479383625109235 -7.501589563388977 -0.9999999977019135 -0.000047938362510918806 -0.000047938362565896116 -35.11828758292266 0 0 0 1 -0.000058713617795048536 0.965915484345868 0.25885763201729006 -170.51237327745616 -0.00003389519569432086 -0.2588576342370475 0.9659154849407453 37.651065971063886 0.9999999977019135 0.00004793836251091912 0.000047938362566018563 -0.006710370751668949 0 0 0 1 -0.00006370548882742022 0.42257722554517396 0.9063269191589503 -129.44816341383935 0.000023190168153741 -0.9063269201300692 0.42257722762799177 229.209894998565 0.9999999977019134 0.00004793836251091912 0.000047938362566018563 -0.006711370751666424 0 0 0 1 -0.00004793606436923036 -0.000047940660597482686 0.9999999977019136 -34.81191714682002 0.00004794066059753818 -0.9999999977018035 -0.00004793836251077582 270.14270264601845 0.9999999977019134 0.00004793836251091912 0.00004793836256601857 -0.006711370751666424 0 0 0 1 -0.00004793606436923036 -0.000047940660597482686 0.9999999977019136 -34.81191714682002 0.00004794066059753818 -0.9999999977018035 -0.00004793836251077582 270.14270264601845 0.9999999977019134 0.00004793836251091912 0.00004793836256601857 -0.006711370751666424 0 0 0 1 -0.00006779508197298451 0.7070220298179067 0.7071915191488048 -257.6505723683458 8.125002052705607e-9 -0.7071915207736028 0.7070220314430941 187.92557142714367 0.9999999977019134 0.000047938362510919124 0.00004793836256601857 -0.006714370751772538 0 0 0 1 0.9999999937382356 0.00009424276915255065 0.00006034757352756114 -42.088198092327026 -0.00006033853753039688 -0.00009587990486030716 0.9999999935831527 -5.030414436130113 0.00009424855466745052 -0.9999999909626723 -0.00009587421778905237 232.32624308908066 0 0 0 1 0.9999904261750173 0.0000938282239882645 0.004374786231528593 -91.31202091131395 0.004374777196284624 0.00009628561718526283 -0.9999904259809506 -8.205960667471855 -0.00009424855466744996 0.9999999909626722 0.00009587421778892991 -233.1288890703924 0 0 0 1 0.9999857721696648 0.00009373586538076876 0.005333542146341052 -162.28766922620122 0.005333533111287301 0.00009637553234538999 -0.9999857719669354 -9.315062013702452 -0.00009424855466744996 0.9999999909626722 0.00009587421778892991 -233.12877007039577 0 0 0 1 0.9999999937382356 0.00009424276915255062 0.00006034757352756202 -237.22348335051322 -0.00009424566202846592 0.9999999944099547 0.000047935855420453135 -233.12910166890552 -0.00006034305558245018 -0.00004794154261732291 0.9999999970301623 7.057617663067584 0 0 0 1 0.9999999937382356 0.00009424276915255062 0.00006034757352756202 -237.22348335051322 -0.00009424566202846592 0.9999999944099547 0.000047935855420453135 -233.12910166890552 -0.00006034305558245018 -0.00004794154261732291 0.9999999970301623 7.057617663067584 0 0 0 1 -0.9999999993675048 -0.0000016339557591210803 -0.000035529151494309486 -41.640237556599395 -0.00003552899466944897 -0.00009587871553144504 0.9999999947724816 -5.0304209800884125 -0.000001637362239988157 0.9999999954023013 0.00009587865741798285 -232.32626751693024 0 0 0 1 -0.9999999993675048 -0.0000016339557591210805 -0.00003552915149430949 -91.53920529951932 0.00003552899466944897 0.0000958787155315675 -0.9999999947724816 -7.811917581923337 0.0000016373622399881615 -0.9999999954023013 -0.00009587865741810531 233.12891349824204 0 0 0 1 -0.9999999993675048 -0.0000016339557591210805 -0.00003552915149430949 -162.52370999922638 0.00003552899466944897 0.0000958787155315675 -0.9999999947724816 -8.620698609717222 0.0000016373622399881615 -0.9999999954023013 -0.00009587865741810531 233.1308134982741 0 0 0 1 -0.9999999993675048 -0.0000016339557591210803 -0.000035529151494309486 -237.41895078291776 -0.0000016356590362786915 0.9999999988495266 0.000047940294992532895 -233.13150534563925 0.00003552907312108933 0.000047940353075802494 -0.9999999982197041 -7.3548506250633725 0 0 0 1 -0.9999999993675048 -0.0000016339557591210803 -0.000035529151494309486 -237.41599678300915 -0.0000016356590362786915 0.9999999988495266 0.000047940294992532895 -233.12907634553724 0.00003552907312108933 0.000047940353075802494 -0.9999999982197041 -7.01288161184926 0 0 0 1 -0.00006497993935398544 0.47609605501609975 0.8793932807201308 -142.93448219390152 0.000019333408579237113 -0.8793932818142407 0.4760960570370218 173.42021039154895 0.9999999977019134 0.00004793836251091911 0.000047938362566018563 -0.006711370751666424 0 0 0 1 0.00004609846769127282 -0.9992902085644959 0.03767063766460643 171.2799142706723 0.00004971020501120493 -0.037670635368150955 -0.9992902084779256 69.1570749074872 0.9999999977019134 0.00004793836251091911 0.000047938362566018563 -0.006710370751668949 0 0 0 1 0.00005095541360545738 -0.9978817226805179 -0.06505432302090859 147.02613604652703 0.00004471821809996589 0.06505432531412722 -0.9978817228300183 55.23939033760153 0.9999999977019135 0.00004793836251091912 0.00004793836256601857 -0.00671037075166895 0 0 0 1 0.000048222476669046967 -0.999982331199505 -0.0059443219459814406 116.86617214785487 -0.0000476525544921875 -0.005944324244027465 0.9999823312131657 -61.46379175371459 -0.9999999977019137 -0.00004793836251091985 -0.00004793836256589611 0.006710370751661424 0 0 0 1</float_array>
                    <technique_common>
                        <accessor source="#MatArr3" count="35" stride="16">
                            <param type="float4x4" />
                        </accessor>
                    </technique_common>
                </source>
                <source id="weights3">
                    <float_array id="WeightArr3" count="16">1 0.75 0.25 0.5 0.15000000596046448 0.8500000238418579 0.4000000059604645 0.6000000238418579 0.21250000596046448 0.637499988079071 0.10000000149011612 0.8999999761581421 0.30000001192092896 0.699999988079071 0.20000000298023224 0.800000011920929</float_array>
                    <technique_common>
                        <accessor source="#WeightArr3" count="1">
                            <param type="float" />
                        </accessor>
                    </technique_common>
                </source>
                <joints>
                    <input semantic="JOINT" source="#joints3" />
                    <input semantic="INV_BIND_MATRIX" source="#matrices3" />
                </joints>
                <vertex_weights count="175">
                    <input semantic="JOINT" offset="0" source="#joints3" />
                    <input semantic="WEIGHT" offset="1" source="#weights3" />
                    <vcount>1 1 1 1 1 1 1 1 1 1 1 1 1 1 1 1 1 1 1 1 1 1 1 1 1 1 1 1 1 1 1 1 1 1 1 1 1 1 1 1 1 1 1 1 1 1 1 1 1 1 1 1 1 1 1 1 1 1 1 1 1 1 1 1 1 1 1 1 1 1 1 1 1 1 1 1 1 1 1 1 1 1 1 1 1 1 1 1 1 1 1 1 1 1 1 1 1 1 1 1 1 1 1 1 1 1 1 1 1 1 1 1 1 1 1 1 1 1 1 1 1 1 1 1 1 1 1 1 1 1 1 1 1 1 1 1 1 1 1 1 1 1 1 1 1 1 1 1 1 1 1 1 1 1 1 1 1 1 1 1 1 1 1 1 1 1 1 1 1 1 1 1 1 1 1</vcount>
                    <v>30 0 30 0 30 0 30 0 30 0 30 0 30 0 30 0 30 0 30 0 30 0 30 0 30 0 30 0 30 0 30 0 30 0 30 0 30 0 30 0 30 0 30 0 30 0 30 0 30 0 30 0 30 0 30 0 30 0 30 0 30 0 30 0 30 0 30 0 30 0 30 0 30 0 30 0 30 0 30 0 30 0 30 0 30 0 30 0 30 0 30 0 30 0 30 0 30 0 30 0 30 0 30 0 30 0 30 0 30 0 30 0 30 0 30 0 30 0 30 0 30 0 30 0 30 0 30 0 30 0 30 0 30 0 30 0 30 0 30 0 30 0 30 0 30 0 30 0 30 0 30 0 30 0 30 0 30 0 30 0 30 0 30 0 30 0 30 0 30 0 30 0 30 0 30 0 30 0 30 0 30 0 30 0 30 0 30 0 30 0 30 0 30 0 30 0 30 0 30 0 30 0 30 0 30 0 30 0 30 0 30 0 30 0 30 0 30 0 30 0 30 0 30 0 30 0 30 0 30 0 30 0 30 0 30 0 30 0 30 0 30 0 30 0 30 0 30 0 30 0 30 0 30 0 30 0 30 0 30 0 30 0 30 0 30 0 30 0 30 0 30 0 30 0 30 0 30 0 30 0 30 0 30 0 30 0 30 0 30 0 30 0 30 0 30 0 30 0 30 0 30 0 30 0 30 0 30 0 30 0 30 0 30 0 30 0 30 0 30 0 30 0 30 0 30 0 30 0 30 0 30 0 30 0 30 0 30 0 30 0 30 0 30 0 30 0 30 0 30 0</v>
                </vertex_weights>
            </skin>
        </controller>
    </library_controllers>
    <library_visual_scenes>
        <visual_scene id="VisualSceneNode">
            <node id="node0" name="m0" type="NODE">
                <instance_controller url="#controller0">
                    <skeleton>#jointnode-1</skeleton>
                    <bind_material>
                        <technique_common>
                            <instance_material symbol="Material1" target="#mat0">
                                <bind_vertex_input semantic="UVSET0" input_semantic="TEXCOORD" input_set="0"></bind_vertex_input>
                            </instance_material>
                        </technique_common>
                    </bind_material>
                </instance_controller>
            </node>
            <node id="node1" name="m1" type="NODE">
                <instance_controller url="#controller1">
                    <skeleton>#jointnode-1</skeleton>
                    <bind_material>
                        <technique_common>
                            <instance_material symbol="Material1" target="#mat1">
                                <bind_vertex_input semantic="UVSET0" input_semantic="TEXCOORD" input_set="0"></bind_vertex_input>
                            </instance_material>
                        </technique_common>
                    </bind_material>
                </instance_controller>
            </node>
            <node id="node2" name="m2" type="NODE">
                <instance_controller url="#controller2">
                    <skeleton>#jointnode-1</skeleton>
                    <bind_material>
                        <technique_common>
                            <instance_material symbol="Material1" target="#mat2">
                                <bind_vertex_input semantic="UVSET0" input_semantic="TEXCOORD" input_set="0"></bind_vertex_input>
                            </instance_material>
                        </technique_common>
                    </bind_material>
                </instance_controller>
            </node>
            <node id="node3" name="m3" type="NODE">
                <instance_controller url="#controller3">
                    <skeleton>#jointnode-1</skeleton>
                    <bind_material>
                        <technique_common>
                            <instance_material symbol="Material1" target="#mat3">
                                <bind_vertex_input semantic="UVSET0" input_semantic="TEXCOORD" input_set="0"></bind_vertex_input>
                            </instance_material>
                        </technique_common>
                    </bind_material>
                </instance_controller>
            </node>
            <node id="jointnode-1" name="root" sid="jointnode-1" type="JOINT">
                <node id="jointnode0" name="world_root" sid="jointnode0" type="JOINT">
                    <node id="jointnode1" name="ColPos" sid="jointnode1" type="JOINT">
                        <translate>0 125.14652252197266 0</translate>
                    </node>
                    <node id="jointnode2" name="FaceVisiblity" sid="jointnode2" type="JOINT">
                        <translate>0 0 100</translate>
                    </node>
                    <node id="jointnode3" name="LHandVisiblity" sid="jointnode3" type="JOINT">
                        <translate>100 0 0</translate>
                    </node>
                    <node id="jointnode4" name="RHandVisiblity" sid="jointnode4" type="JOINT">
                        <translate>-100 0 0</translate>
                    </node>
                    <node id="jointnode5" name="RotCenter" sid="jointnode5" type="JOINT">
                        <translate>0 93 0</translate>
                    </node>
                    <node id="jointnode6" name="hip" sid="jointnode6" type="JOINT">
                        <translate>0 137.5 2.5</translate>
                        <rotate>0 0 1 -89.99725333414716</rotate>
                        <rotate>1 0 0 -89.99725333414716</rotate>
                        <node id="jointnode7" name="legL1" sid="jointnode7" type="JOINT">
                            <translate>12.499999046325684 2.4999990463256836 37</translate>
                            <rotate>0 0 1 -0.13733329264198738</rotate>
                            <rotate>1 0 0 180</rotate>
                            <node id="jointnode8" name="legL2" sid="jointnode8" type="JOINT">
                                <translate>57.5 1.101269006729126 0</translate>
                                <node id="jointnode9" name="footL" sid="jointnode9" type="JOINT">
                                    <translate>45 -1.3554229736328125 0</translate>
                                    <rotate>0 0 1 -0.13733329264198738</rotate>
                                    <node id="jointnode10" name="toeL" sid="jointnode10" type="JOINT">
                                        <translate>15 40 1.8749990463256836</translate>
                                        <rotate>0 0 1 89.99725333414716</rotate>
                                    </node>
                                </node>
                            </node>
                        </node>
                        <node id="jointnode11" name="legR1" sid="jointnode11" type="JOINT">
                            <translate>12.500000953674316 2.5000009536743164 -37</translate>
                            <rotate>0 0 1 -0.14282662434766685</rotate>
                            <rotate>1 0 0 180</rotate>
                            <node id="jointnode12" name="legR2" sid="jointnode12" type="JOINT">
                                <translate>57.50004577636719 1.0843390226364136 -9.999999974752427e-7</translate>
                                <rotate>0 0 1 -0.005493331705679495</rotate>
                                <node id="jointnode13" name="footR" sid="jointnode13" type="JOINT">
                                    <translate>45.00007247924805 -1.3430540561676025 -9.999999974752427e-7</translate>
                                    <rotate>0 0 1 -0.13733329264198738</rotate>
                                    <node id="jointnode14" name="toeR" sid="jointnode14" type="JOINT">
                                        <translate>15 40 -1.8749990463256836</translate>
                                        <rotate>0 0 1 89.99725333414716</rotate>
                                    </node>
                                </node>
                            </node>
                        </node>
                        <node id="jointnode15" name="spin" sid="jointnode15" type="JOINT">
                            <translate>-36.946807861328125 -5.270681858062744 -9.999999974752427e-7</translate>
                            <rotate>0 0 1 -164.9977111117893</rotate>
                            <node id="jointnode16" name="neck" sid="jointnode16" type="JOINT">
                                <translate>88.28052520751953 -10.517789840698242 9.999999974752427e-7</translate>
                                <rotate>0 0 1 50.00030518509476</rotate>
                                <node id="jointnode17" name="head" sid="jointnode17" type="JOINT">
                                    <translate>16.270000457763672 -0.9100000262260437 0</translate>
                                    <rotate>0 0 1 25.00015259254738</rotate>
                                    <node id="jointnode18" name="Face00" sid="jointnode18" type="JOINT">
                                    </node>
                                    <node id="jointnode19" name="hair1" sid="jointnode19" type="JOINT">
                                        <translate>14.51375961303711 -44.92366409301758 0.000003000000106112566</translate>
                                        <rotate>0 0 1 -44.99588000122074</rotate>
                                    </node>
                                </node>
                            </node>
                            <node id="jointnode20" name="shoulderL" sid="jointnode20" type="JOINT">
                                <translate>55.204620361328125 -17.607759475708008 42.0706672668457</translate>
                                <rotate>0 1 0 -89.99725333414716</rotate>
                                <rotate>1 0 0 -14.99679555650502</rotate>
                                <node id="jointnode21" name="armL1" sid="jointnode21" type="JOINT">
                                    <translate>49.25837707519531 -12.842338562011719 -0.8026459813117981</translate>
                                    <rotate>0 0 1 0.24719992675557725</rotate>
                                    <rotate>1 0 0 180</rotate>
                                    <node id="jointnode22" name="armL2" sid="jointnode22" type="JOINT">
                                        <translate>70.98450469970703 0.9535009860992432 -0.00011899999663000926</translate>
                                        <rotate>0 0 1 -0.054933317056794946</rotate>
                                        <node id="jointnode23" name="wristL" sid="jointnode23" type="JOINT">
                                            <translate>74.8952407836914 -0.9954410195350647 -0.000007000000096013537</translate>
                                            <rotate>0 0 1 0.3021332438123722</rotate>
                                            <rotate>1 0 0 89.99725333414716</rotate>
                                            <node id="jointnode24" name="LHand00" sid="jointnode24" type="JOINT">
                                            </node>
                                        </node>
                                    </node>
                                </node>
                            </node>
                            <node id="jointnode25" name="shoulderR" sid="jointnode25" type="JOINT">
                                <translate>55.20462417602539 -17.607759475708008 -41.63612747192383</translate>
                                <rotate>0 1 0 89.99725333414716</rotate>
                                <rotate>1 0 0 14.99679555650502</rotate>
                                <node id="jointnode26" name="armR1" sid="jointnode26" type="JOINT">
                                    <translate>49.89896774291992 -12.842338562011719 0.8026459813117981</translate>
                                    <rotate>1 0 0 180</rotate>
                                    <node id="jointnode27" name="armR2" sid="jointnode27" type="JOINT">
                                        <translate>70.98450469970703 0.8087810277938843 -0.0019000000320374966</translate>
                                        <node id="jointnode28" name="wristR" sid="jointnode28" type="JOINT">
                                            <translate>74.8952407836914 -1.2546720504760742 -0.0003389999910723418</translate>
                                            <rotate>1 0 0 -89.99725333414716</rotate>
                                            <node id="jointnode29" name="RHand00" sid="jointnode29" type="JOINT">
                                                <translate>-0.0029539999086409807 -0.002429000101983547 -0.34196901321411133</translate>
                                            </node>
                                        </node>
                                    </node>
                                </node>
                            </node>
                            <node id="jointnode30" name="tie1" sid="jointnode30" type="JOINT">
                                <translate>53.689998626708984 22.219539642333984 9.999999974752427e-7</translate>
                                <rotate>0 0 1 46.566972869045074</rotate>
                                <node id="jointnode31" name="tie2" sid="jointnode31" type="JOINT">
                                    <translate>-5.107291221618652 50.44388961791992 -9.999999974752427e-7</translate>
                                    <rotate>0 0 1 116.27185888241218</rotate>
                                    <node id="jointnode32" name="tie3" sid="jointnode32" type="JOINT">
                                        <translate>30.69717025756836 -0.8755390048027039 0</translate>
                                        <rotate>0 0 1 5.888851588488418</rotate>
                                        <node id="jointnode33" name="tie4" sid="jointnode33" type="JOINT">
                                            <translate>26.730558395385742 0.7924079895019531 0</translate>
                                            <rotate>0 0 1 -3.389385662404248</rotate>
                                            <rotate>1 0 0 180</rotate>
                                        </node>
                                    </node>
                                </node>
                            </node>
                        </node>
                    </node>
                </node>
            </node>
        </visual_scene>
    </library_visual_scenes>
    <scene>
        <instance_visual_scene url="#VisualSceneNode"></instance_visual_scene>
    </scene>
</COLLADA>
